{"type":"FeatureCollection","features":[{"type":"Feature","properties":{"id":"wat-b1","kind":"water","name":"Fossil Creek","acres":null,"editable":false,"source":"USGS 3DHP flowlines (Channel Line)"},"geometry":{"type":"LineString","coordinates":[[-111.847735,44.820962],[-111.847751,44.820417],[-111.84798,44.819295],[-111.847957,44.818586],[-111.847766,44.818204],[-111.848201,44.81727],[-111.848086,44.816468],[-111.848163,44.815137],[-111.848033,44.814729],[-111.847682,44.814584],[-111.847522,44.814401]]}},{"type":"Feature","properties":{"id":"wat-b2","kind":"water","name":"Brundage Creek","acres":null,"editable":false,"source":"USGS 3DHP flowlines (Channel Line)"},"geometry":{"type":"LineString","coordinates":[[-111.980914,44.683087],[-111.979968,44.683083],[-111.979724,44.683003],[-111.97951,44.682785],[-111.978907,44.682438],[-111.978793,44.682137],[-111.978175,44.681893],[-111.977946,44.681713],[-111.977564,44.681233],[-111.977229,44.681095],[-111.976656,44.68063],[-111.976313,44.680508],[-111.97597,44.680188],[-111.975115,44.679932],[-111.974924,44.679684],[-111.974573,44.679448],[-111.974367,44.678986],[-111.97362,44.678215],[-111.973589,44.677998],[-111.973192,44.677437],[-111.973154,44.677094],[-111.972803,44.676571],[-111.972628,44.676011],[-111.97259,44.675362],[-111.972628,44.674393],[-111.972765,44.67379],[-111.972315,44.672829],[-111.972048,44.672501],[-111.971964,44.671853]]}},{"type":"Feature","properties":{"id":"wat-b3","kind":"water","name":"Duff Creek","acres":null,"editable":false,"source":"USGS 3DHP flowlines (Channel Line)"},"geometry":{"type":"LineString","coordinates":[[-111.857859,44.61851],[-111.857569,44.619074],[-111.857515,44.619635],[-111.857035,44.621592]]}},{"type":"Feature","properties":{"id":"wat-b4","kind":"water","name":"Creek","acres":null,"editable":false,"source":"USGS 3DHP flowlines (Channel Line)"},"geometry":{"type":"LineString","coordinates":[[-111.664194,44.682394],[-111.664217,44.681986],[-111.663454,44.681231],[-111.663233,44.680758],[-111.663271,44.679651],[-111.663492,44.67919],[-111.66334,44.678953],[-111.662912,44.678625],[-111.662371,44.678404],[-111.661669,44.67824],[-111.660654,44.678038],[-111.659433,44.678095],[-111.658327,44.677889],[-111.657991,44.677717],[-111.657831,44.677591],[-111.657587,44.677115],[-111.657327,44.676413],[-111.657419,44.675795],[-111.657778,44.674814],[-111.657709,44.674341],[-111.657358,44.673613],[-111.657007,44.673304],[-111.65558,44.672629],[-111.655237,44.672541],[-111.654581,44.672579],[-111.653719,44.672316],[-111.653223,44.67203],[-111.653047,44.671721],[-111.653032,44.67153],[-111.653337,44.670756],[-111.654123,44.669603],[-111.654367,44.669077],[-111.65471,44.668661],[-111.655252,44.668341],[-111.655893,44.667818],[-111.65648,44.666449],[-111.65777,44.665113],[-111.658487,44.663984],[-111.658926,44.66379],[-111.659334,44.663446],[-111.659402,44.662924],[-111.660287,44.661909],[-111.661447,44.661035],[-111.662141,44.660776]]}},{"type":"Feature","properties":{"id":"wat-b5","kind":"water","name":"Odell Creek","acres":null,"editable":false,"source":"USGS 3DHP flowlines (Channel Line)"},"geometry":{"type":"LineString","coordinates":[[-111.815109,44.639156],[-111.815185,44.639289]]}},{"type":"Feature","properties":{"id":"wat-b6","kind":"water","name":"West Fork Madison River","acres":null,"editable":false,"source":"USGS 3DHP flowlines (Channel Line)"},"geometry":{"type":"LineString","coordinates":[[-111.876714,44.757277],[-111.875821,44.757033],[-111.874578,44.756415]]}},{"type":"Feature","properties":{"id":"wat-b7","kind":"water","name":"Creek","acres":null,"editable":false,"source":"USGS 3DHP flowlines (Channel Line)"},"geometry":{"type":"LineString","coordinates":[[-111.9242,44.797118],[-111.924246,44.797107]]}},{"type":"Feature","properties":{"id":"wat-b8","kind":"water","name":"Creek","acres":null,"editable":false,"source":"USGS 3DHP flowlines (Channel Line)"},"geometry":{"type":"LineString","coordinates":[[-111.876211,44.742396],[-111.87705,44.742957],[-111.877378,44.743479],[-111.87734,44.744128],[-111.87692,44.744864],[-111.877195,44.745566],[-111.877302,44.746539],[-111.877592,44.747042],[-111.877592,44.747199],[-111.87692,44.749255],[-111.876943,44.750037],[-111.876852,44.750251],[-111.87692,44.750434],[-111.87663,44.750903],[-111.876249,44.751059],[-111.876165,44.751189],[-111.876089,44.751338],[-111.876165,44.751601],[-111.876012,44.751956],[-111.875364,44.752543],[-111.875081,44.753127],[-111.875089,44.753528],[-111.874769,44.754062],[-111.874364,44.754485],[-111.874234,44.755401],[-111.873838,44.755733],[-111.873761,44.756267]]}},{"type":"Feature","properties":{"id":"wat-b9","kind":"water","name":"Creek","acres":null,"editable":false,"source":"USGS 3DHP flowlines (Channel Line)"},"geometry":{"type":"LineString","coordinates":[[-111.708128,44.770286],[-111.708227,44.769412],[-111.708044,44.769065],[-111.708097,44.768458],[-111.70786,44.768016],[-111.706937,44.767444],[-111.705312,44.76586],[-111.705175,44.765796],[-111.70461,44.765799],[-111.704297,44.765685],[-111.704213,44.765345],[-111.703283,44.764449],[-111.702894,44.763717]]}},{"type":"Feature","properties":{"id":"wat-b10","kind":"water","name":"Creek","acres":null,"editable":false,"source":"USGS 3DHP flowlines (Channel Line)"},"geometry":{"type":"LineString","coordinates":[[-111.880772,44.66506],[-111.88039,44.664862],[-111.880444,44.664458],[-111.880192,44.664274],[-111.879833,44.664217],[-111.879757,44.663859],[-111.879338,44.663641],[-111.879124,44.663119],[-111.878987,44.662997],[-111.879124,44.66281],[-111.879093,44.662573],[-111.879254,44.662497],[-111.879437,44.662516],[-111.879421,44.662276],[-111.879597,44.66218],[-111.879757,44.661745],[-111.880001,44.661532],[-111.87978,44.661341],[-111.87975,44.661154],[-111.879521,44.661001],[-111.879467,44.660792],[-111.879208,44.660513],[-111.879254,44.660433],[-111.879467,44.660402],[-111.879437,44.660261],[-111.879131,44.660177],[-111.879337,44.659903],[-111.879048,44.659693],[-111.879048,44.659563],[-111.879231,44.659445],[-111.879223,44.659365],[-111.87891,44.659205],[-111.878727,44.658674],[-111.878491,44.658648],[-111.878231,44.658808],[-111.878063,44.659041],[-111.87785,44.659014],[-111.877441,44.658872],[-111.877132,44.658392]]}},{"type":"Feature","properties":{"id":"wat-b11","kind":"water","name":"Snowshoe Creek","acres":null,"editable":false,"source":"USGS 3DHP flowlines (Channel Line)"},"geometry":{"type":"LineString","coordinates":[[-111.837306,44.72863],[-111.836558,44.727794],[-111.836093,44.726928],[-111.835307,44.726375],[-111.834323,44.726013],[-111.832881,44.7257],[-111.832637,44.725559],[-111.832232,44.725551],[-111.832179,44.725288],[-111.831652,44.724968],[-111.830996,44.724807],[-111.830569,44.724548],[-111.83021,44.72451],[-111.82976,44.724617],[-111.829249,44.724308],[-111.829142,44.724285],[-111.829035,44.724399],[-111.828776,44.72417],[-111.828661,44.724159],[-111.828082,44.724312],[-111.827769,44.724655],[-111.826868,44.724933],[-111.826449,44.724891],[-111.826105,44.72496],[-111.825121,44.724853],[-111.824335,44.725242],[-111.824328,44.725418],[-111.824099,44.725544],[-111.823946,44.725761],[-111.823755,44.72575],[-111.823687,44.726002],[-111.823412,44.726063],[-111.823382,44.726223],[-111.823137,44.726318],[-111.823092,44.726436],[-111.822756,44.726433],[-111.822649,44.726646],[-111.82226,44.726814],[-111.822168,44.726955],[-111.821612,44.727199],[-111.821276,44.727177],[-111.821192,44.727238]]}},{"type":"Feature","properties":{"id":"wat-b12","kind":"water","name":"Creek","acres":null,"editable":false,"source":"USGS 3DHP flowlines (Channel Line)"},"geometry":{"type":"LineString","coordinates":[[-111.861531,44.727221],[-111.860958,44.72705],[-111.859768,44.726844],[-111.858647,44.726363],[-111.858379,44.726031],[-111.857739,44.725955],[-111.856777,44.725425],[-111.856007,44.724814],[-111.855534,44.72462],[-111.854397,44.724589],[-111.853771,44.724422],[-111.853344,44.724177],[-111.85313,44.723907],[-111.852428,44.723357],[-111.850971,44.723205],[-111.850643,44.723083],[-111.850353,44.723071],[-111.849521,44.72322],[-111.848774,44.723178],[-111.847362,44.723773],[-111.844837,44.726001],[-111.843936,44.72652],[-111.842693,44.726993],[-111.841502,44.727683],[-111.840938,44.728168],[-111.840633,44.728328],[-111.840297,44.728359],[-111.839816,44.728042],[-111.839641,44.728023],[-111.837962,44.728508],[-111.837306,44.72863]]}},{"type":"Feature","properties":{"id":"wat-b13","kind":"water","name":"Horse Creek","acres":null,"editable":false,"source":"USGS 3DHP flowlines (Channel Line)"},"geometry":{"type":"LineString","coordinates":[[-111.657954,44.723784],[-111.657748,44.723338],[-111.657855,44.722575],[-111.657389,44.721156],[-111.657748,44.719519],[-111.65774,44.718806],[-111.658305,44.717936],[-111.658862,44.717543],[-111.658953,44.717295],[-111.659449,44.717086],[-111.659999,44.716571],[-111.660334,44.716437],[-111.660708,44.715773],[-111.66112,44.715605],[-111.661265,44.715159],[-111.660952,44.714579],[-111.661074,44.71419],[-111.660968,44.713919],[-111.661105,44.713671],[-111.660998,44.713149],[-111.661105,44.712493],[-111.660914,44.712325],[-111.660578,44.712317],[-111.660128,44.712115],[-111.659922,44.711894],[-111.65932,44.711566],[-111.659304,44.711398],[-111.658869,44.711115],[-111.658564,44.710665],[-111.658129,44.710494],[-111.657801,44.710086],[-111.657427,44.709201],[-111.65758,44.708205],[-111.657183,44.70761],[-111.657168,44.707358],[-111.656901,44.706851],[-111.656504,44.706709],[-111.655505,44.705985],[-111.655238,44.705557],[-111.654864,44.705359],[-111.654154,44.704627],[-111.654208,44.703909],[-111.654459,44.703028],[-111.654444,44.70254],[-111.654192,44.702239],[-111.654162,44.701743],[-111.653757,44.701312],[-111.653757,44.700976],[-111.654047,44.700694],[-111.65404,44.700068],[-111.654474,44.699595],[-111.654429,44.699523]]}},{"type":"Feature","properties":{"id":"wat-b14","kind":"water","name":"Creek","acres":null,"editable":false,"source":"USGS 3DHP flowlines (Channel Line)"},"geometry":{"type":"LineString","coordinates":[[-111.965693,44.745396],[-111.965853,44.744862],[-111.96609,44.744778],[-111.966196,44.744641],[-111.96596,44.744259],[-111.965937,44.743874],[-111.965639,44.743336],[-111.965929,44.742833],[-111.965708,44.742364],[-111.965899,44.742036],[-111.965296,44.741143],[-111.965357,44.740475],[-111.965166,44.740201],[-111.965243,44.740006],[-111.965082,44.739842]]}},{"type":"Feature","properties":{"id":"wat-b15","kind":"water","name":"Fish Creek","acres":null,"editable":false,"source":"USGS 3DHP flowlines (Channel Line)"},"geometry":{"type":"LineString","coordinates":[[-111.944558,44.748338],[-111.944734,44.748357],[-111.945031,44.748254],[-111.945184,44.747888],[-111.945588,44.747617],[-111.945665,44.747327],[-111.946145,44.747262],[-111.946878,44.746896],[-111.947664,44.746945],[-111.948877,44.746358],[-111.949449,44.745976],[-111.950014,44.745854],[-111.951318,44.744626],[-111.951723,44.744546],[-111.952707,44.744508],[-111.953065,44.744348]]}},{"type":"Feature","properties":{"id":"wat-b16","kind":"water","name":"Elk River","acres":null,"editable":false,"source":"USGS 3DHP flowlines (Channel Line)"},"geometry":{"type":"LineString","coordinates":[[-111.674061,44.801068],[-111.673123,44.800957]]}},{"type":"Feature","properties":{"id":"wat-b17","kind":"water","name":"West Fork Madison River","acres":null,"editable":false,"source":"USGS 3DHP flowlines (Channel Line)"},"geometry":{"type":"LineString","coordinates":[[-111.840358,44.757488],[-111.840091,44.757648],[-111.839774,44.758322],[-111.839273,44.758781],[-111.839009,44.758893],[-111.83768,44.759003],[-111.837207,44.759113],[-111.837016,44.759224],[-111.836673,44.759872],[-111.836437,44.760036],[-111.836116,44.760181],[-111.835239,44.760391],[-111.834941,44.760426],[-111.834087,44.760201],[-111.833026,44.760677],[-111.832522,44.760792],[-111.832011,44.760765],[-111.830798,44.760533],[-111.829257,44.761185],[-111.828647,44.761151],[-111.828029,44.760857],[-111.827052,44.760624],[-111.826136,44.760586],[-111.824671,44.760773],[-111.82326,44.761071],[-111.822581,44.761124],[-111.822222,44.761284]]}},{"type":"Feature","properties":{"id":"wat-b18","kind":"water","name":"Creek","acres":null,"editable":false,"source":"USGS 3DHP flowlines (Channel Line)"},"geometry":{"type":"LineString","coordinates":[[-111.814208,44.636295],[-111.814559,44.636344],[-111.814826,44.636539],[-111.815322,44.636653],[-111.815757,44.636626],[-111.816383,44.63634],[-111.816978,44.636264],[-111.819053,44.636676],[-111.819679,44.636737],[-111.82074,44.636348],[-111.822464,44.636199],[-111.823097,44.635821],[-111.823273,44.635829],[-111.823303,44.635913]]}},{"type":"Feature","properties":{"id":"wat-b19","kind":"water","name":"Duff Creek","acres":null,"editable":false,"source":"USGS 3DHP flowlines (Channel Line)"},"geometry":{"type":"LineString","coordinates":[[-111.858171,44.611449],[-111.858385,44.611906],[-111.858545,44.612021],[-111.858499,44.612147],[-111.858301,44.612253],[-111.85853,44.613215],[-111.85866,44.613409],[-111.858988,44.613489],[-111.858797,44.614336],[-111.858942,44.615176],[-111.858728,44.615645],[-111.858225,44.616152],[-111.858149,44.616358],[-111.858316,44.616823],[-111.858286,44.617205],[-111.857859,44.61851]]}},{"type":"Feature","properties":{"id":"wat-b20","kind":"water","name":"Creek","acres":null,"editable":false,"source":"USGS 3DHP flowlines (Channel Line)"},"geometry":{"type":"LineString","coordinates":[[-111.892674,44.639635],[-111.89275,44.639826],[-111.89256,44.640036],[-111.892621,44.640337],[-111.892041,44.640676],[-111.892354,44.640749],[-111.892308,44.640913],[-111.892461,44.641432]]}},{"type":"Feature","properties":{"id":"wat-b21","kind":"water","name":"Odell Creek","acres":null,"editable":false,"source":"USGS 3DHP flowlines (Channel Line)"},"geometry":{"type":"LineString","coordinates":[[-111.813995,44.627174],[-111.813865,44.627376],[-111.812987,44.627631],[-111.812423,44.627887],[-111.812339,44.627986],[-111.812354,44.628436],[-111.812118,44.62881],[-111.812713,44.629363],[-111.813377,44.629596],[-111.813873,44.630141],[-111.813712,44.630237],[-111.813087,44.630195],[-111.812919,44.630248],[-111.812812,44.631141],[-111.812156,44.631526],[-111.811835,44.631274],[-111.810996,44.631286],[-111.810622,44.631423],[-111.810523,44.631633],[-111.810027,44.631496],[-111.809646,44.631755],[-111.808959,44.631881],[-111.808822,44.632083],[-111.809005,44.632343],[-111.809012,44.632507],[-111.808677,44.632987],[-111.809066,44.633815],[-111.809302,44.633895],[-111.809508,44.633811],[-111.809722,44.633353],[-111.810256,44.633689],[-111.810928,44.633823],[-111.811118,44.633929],[-111.811492,44.634464],[-111.811889,44.634662],[-111.812194,44.635108],[-111.812919,44.635436],[-111.813163,44.635909],[-111.813499,44.636295],[-111.813453,44.636493],[-111.813217,44.636714],[-111.813079,44.637367],[-111.813537,44.637935],[-111.813583,44.638316]]}},{"type":"Feature","properties":{"id":"wat-b22","kind":"water","name":"Red Rock Creek","acres":null,"editable":false,"source":"USGS 3DHP flowlines (Channel Line)"},"geometry":{"type":"LineString","coordinates":[[-111.678552,44.619039],[-111.678567,44.618875],[-111.678857,44.618737],[-111.679048,44.618543],[-111.679482,44.618684],[-111.679856,44.61844],[-111.680337,44.618405],[-111.680512,44.618234],[-111.680833,44.618169],[-111.680627,44.617936],[-111.680726,44.617482],[-111.681359,44.617387],[-111.681413,44.617192],[-111.681283,44.617104],[-111.680802,44.617116],[-111.680627,44.617043],[-111.680596,44.616914],[-111.680787,44.61678],[-111.681168,44.6167],[-111.681626,44.616826],[-111.681962,44.616815],[-111.681992,44.616166],[-111.681336,44.615876],[-111.68139,44.615407],[-111.680886,44.6153],[-111.680833,44.61522],[-111.681649,44.614896],[-111.681847,44.614747],[-111.681733,44.614484],[-111.682008,44.614167],[-111.681786,44.614163],[-111.681367,44.614484],[-111.681161,44.614461],[-111.681207,44.613969],[-111.681527,44.613755],[-111.681542,44.613641],[-111.681443,44.613511],[-111.680932,44.613271],[-111.681191,44.613057],[-111.681573,44.612981],[-111.681908,44.613049],[-111.682427,44.6134],[-111.682809,44.613114],[-111.682969,44.613118],[-111.683167,44.613252],[-111.68335,44.613236],[-111.683473,44.613034],[-111.683427,44.612836],[-111.682977,44.612656],[-111.6829,44.612553],[-111.683022,44.612153],[-111.68258,44.612183]]}},{"type":"Feature","properties":{"id":"wat-b23","kind":"water","name":"Elk River","acres":null,"editable":false,"source":"USGS 3DHP flowlines (Channel Line)"},"geometry":{"type":"LineString","coordinates":[[-111.690183,44.807469],[-111.689283,44.807278],[-111.688146,44.80719],[-111.687642,44.806915],[-111.687452,44.806664]]}},{"type":"Feature","properties":{"id":"wat-b24","kind":"water","name":"Creek","acres":null,"editable":false,"source":"USGS 3DHP flowlines (Channel Line)"},"geometry":{"type":"LineString","coordinates":[[-111.794076,44.802912],[-111.794641,44.802969],[-111.796586,44.80274],[-111.79738,44.802568],[-111.798234,44.802195],[-111.798646,44.802324],[-111.799409,44.802271],[-111.800126,44.801897],[-111.800447,44.801516],[-111.801012,44.801245],[-111.802339,44.801031],[-111.804735,44.801325],[-111.806169,44.801378],[-111.806528,44.801309]]}},{"type":"Feature","properties":{"id":"wat-b25","kind":"water","name":"Creek","acres":null,"editable":false,"source":"USGS 3DHP flowlines (Channel Line)"},"geometry":{"type":"LineString","coordinates":[[-111.837306,44.785214],[-111.837436,44.78505],[-111.837703,44.783871],[-111.838863,44.781857],[-111.838679,44.780686],[-111.839023,44.779808],[-111.839923,44.778393],[-111.840572,44.777878],[-111.840701,44.777066],[-111.841411,44.776356],[-111.841297,44.775845],[-111.841403,44.775406],[-111.841663,44.775204],[-111.842807,44.775212]]}},{"type":"Feature","properties":{"id":"wat-b26","kind":"water","name":"Creek","acres":null,"editable":false,"source":"USGS 3DHP flowlines (Channel Line)"},"geometry":{"type":"LineString","coordinates":[[-111.821655,44.628119],[-111.82193,44.627997],[-111.821937,44.627925],[-111.821838,44.627238],[-111.821617,44.626933]]}},{"type":"Feature","properties":{"id":"wat-b27","kind":"water","name":"Creek","acres":null,"editable":false,"source":"USGS 3DHP flowlines (Channel Line)"},"geometry":{"type":"LineString","coordinates":[[-111.816012,44.748631],[-111.815836,44.748436],[-111.81576,44.748028],[-111.815508,44.747814],[-111.814951,44.747677],[-111.814722,44.747532],[-111.814242,44.747524],[-111.813631,44.747338],[-111.812479,44.747257],[-111.811739,44.746929],[-111.811602,44.746689],[-111.811129,44.746357],[-111.810938,44.745865],[-111.81064,44.745632],[-111.810442,44.744381],[-111.809725,44.743595],[-111.809381,44.743042],[-111.808725,44.742867],[-111.808397,44.742642],[-111.807848,44.7426],[-111.807504,44.742279],[-111.806596,44.742096],[-111.805589,44.741494],[-111.804819,44.741154],[-111.803514,44.741227],[-111.80253,44.741051],[-111.802041,44.740513],[-111.802011,44.740166],[-111.802125,44.739815],[-111.80301,44.739235],[-111.803216,44.738835],[-111.803239,44.738499],[-111.802957,44.737523],[-111.803125,44.736729],[-111.802934,44.735993],[-111.802819,44.734764],[-111.80298,44.734307],[-111.802964,44.734005],[-111.80346,44.733387],[-111.80375,44.732739],[-111.80375,44.732285],[-111.803857,44.732025],[-111.804536,44.731015],[-111.805314,44.7295],[-111.806695,44.727967]]}},{"type":"Feature","properties":{"id":"wat-b28","kind":"water","name":"Creek","acres":null,"editable":false,"source":"USGS 3DHP flowlines (Channel Line)"},"geometry":{"type":"LineString","coordinates":[[-111.85822,44.743411],[-111.857884,44.74409],[-111.857647,44.744334],[-111.857884,44.744743],[-111.857914,44.745742],[-111.857441,44.747226],[-111.857449,44.747768],[-111.856984,44.749763],[-111.856854,44.751487]]}},{"type":"Feature","properties":{"id":"wat-b29","kind":"water","name":"Freezeout Creek","acres":null,"editable":false,"source":"USGS 3DHP flowlines (Channel Line)"},"geometry":{"type":"LineString","coordinates":[[-111.689031,44.830662],[-111.688695,44.829835],[-111.688642,44.828664],[-111.688367,44.827939],[-111.688161,44.827744],[-111.687551,44.827443],[-111.686605,44.82729],[-111.686117,44.827088],[-111.685056,44.826237],[-111.683751,44.825516],[-111.683027,44.824708],[-111.682294,44.824326],[-111.681897,44.824269],[-111.681226,44.824395],[-111.679692,44.824132],[-111.679013,44.823968],[-111.678716,44.823823],[-111.67796,44.823304],[-111.677304,44.822724],[-111.676282,44.822335],[-111.676114,44.821923],[-111.675763,44.821454],[-111.675504,44.821274],[-111.675504,44.820992],[-111.675267,44.820771],[-111.675267,44.820111],[-111.674893,44.819829]]}},{"type":"Feature","properties":{"id":"wat-b30","kind":"water","name":"Creek","acres":null,"editable":false,"source":"USGS 3DHP flowlines (Channel Line)"},"geometry":{"type":"LineString","coordinates":[[-111.795256,44.638584],[-111.795538,44.63945],[-111.795378,44.639556],[-111.794813,44.639492]]}},{"type":"Feature","properties":{"id":"wat-b31","kind":"water","name":"Creek","acres":null,"editable":false,"source":"USGS 3DHP flowlines (Channel Line)"},"geometry":{"type":"LineString","coordinates":[[-111.82666,44.632655],[-111.82737,44.633285],[-111.827874,44.634105],[-111.828453,44.634211]]}},{"type":"Feature","properties":{"id":"wat-b32","kind":"water","name":"Tepee Creek","acres":null,"editable":false,"source":"USGS 3DHP flowlines (Channel Line)"},"geometry":{"type":"LineString","coordinates":[[-111.763046,44.802993],[-111.762665,44.802615],[-111.762505,44.802306],[-111.761543,44.799174],[-111.761543,44.79898],[-111.761825,44.798384],[-111.761948,44.796088],[-111.761658,44.795397],[-111.76091,44.794505],[-111.75972,44.793978],[-111.758499,44.792971],[-111.757698,44.792453],[-111.756843,44.791957],[-111.755996,44.79172],[-111.754875,44.791098],[-111.754539,44.790992]]}},{"type":"Feature","properties":{"id":"wat-b33","kind":"water","name":"West Fork Madison River","acres":null,"editable":false,"source":"USGS 3DHP flowlines (Channel Line)"},"geometry":{"type":"LineString","coordinates":[[-111.869214,44.754607],[-111.869023,44.754607],[-111.867497,44.754047],[-111.867261,44.753882]]}},{"type":"Feature","properties":{"id":"wat-b34","kind":"water","name":"Fossil Creek","acres":null,"editable":false,"source":"USGS 3DHP flowlines (Channel Line)"},"geometry":{"type":"LineString","coordinates":[[-111.850986,44.81038],[-111.851199,44.810269],[-111.851222,44.81017],[-111.851138,44.809861],[-111.851299,44.809487],[-111.851146,44.809342],[-111.851177,44.809075],[-111.851596,44.808614],[-111.852107,44.807416]]}},{"type":"Feature","properties":{"id":"wat-b35","kind":"water","name":"Creek","acres":null,"editable":false,"source":"USGS 3DHP flowlines (Channel Line)"},"geometry":{"type":"LineString","coordinates":[[-111.758133,44.808013],[-111.756202,44.808086],[-111.75605,44.808143],[-111.755172,44.809028]]}},{"type":"Feature","properties":{"id":"wat-b36","kind":"water","name":"Creek","acres":null,"editable":false,"source":"USGS 3DHP flowlines (Channel Line)"},"geometry":{"type":"LineString","coordinates":[[-111.922386,44.712675],[-111.922317,44.712167],[-111.92205,44.711881],[-111.920761,44.711446],[-111.919814,44.710992],[-111.919036,44.710455]]}},{"type":"Feature","properties":{"id":"wat-b37","kind":"water","name":"Fish Creek","acres":null,"editable":false,"source":"USGS 3DHP flowlines (Channel Line)"},"geometry":{"type":"LineString","coordinates":[[-111.941178,44.753137],[-111.940621,44.752553],[-111.940682,44.752015],[-111.940423,44.750901]]}},{"type":"Feature","properties":{"id":"wat-b38","kind":"water","name":"Metzel Creek","acres":null,"editable":false,"source":"USGS 3DHP flowlines (Channel Line)"},"geometry":{"type":"LineString","coordinates":[[-111.900475,44.730745],[-111.900946,44.73049],[-111.900923,44.729876],[-111.901465,44.7297],[-111.901671,44.729452],[-111.901976,44.729464],[-111.90219,44.729265],[-111.902121,44.729052],[-111.902411,44.728827],[-111.902045,44.728712],[-111.901999,44.728613],[-111.902144,44.728369],[-111.90251,44.72819],[-111.902846,44.72814],[-111.902754,44.727926],[-111.903235,44.727461],[-111.902983,44.727301],[-111.903205,44.726946],[-111.903105,44.726786],[-111.90322,44.726534],[-111.903685,44.726198],[-111.904006,44.726103],[-111.904326,44.725496],[-111.904586,44.725283],[-111.90457,44.725058],[-111.904875,44.725],[-111.905249,44.72471],[-111.905806,44.724516],[-111.90586,44.724379],[-111.905715,44.72423],[-111.905989,44.723963],[-111.906409,44.724039],[-111.906791,44.72394],[-111.906813,44.723631],[-111.90708,44.723555],[-111.907126,44.723333],[-111.907264,44.723249],[-111.907935,44.723146],[-111.908156,44.722956],[-111.908553,44.72312],[-111.908736,44.723097],[-111.90882,44.722902],[-111.909079,44.722685],[-111.909514,44.722544],[-111.909896,44.722586],[-111.910109,44.722311],[-111.910522,44.72238],[-111.910766,44.722269],[-111.911475,44.722257],[-111.911765,44.722383],[-111.912444,44.722372],[-111.91278,44.722467],[-111.912963,44.722441],[-111.91323,44.722246],[-111.913932,44.722315],[-111.914367,44.722235]]}},{"type":"Feature","properties":{"id":"wat-b39","kind":"water","name":"Tepee Creek","acres":null,"editable":false,"source":"USGS 3DHP flowlines (Channel Line)"},"geometry":{"type":"LineString","coordinates":[[-111.732251,44.70458],[-111.732533,44.704454],[-111.7328,44.704435],[-111.73277,44.704286],[-111.733006,44.704225],[-111.733044,44.704114],[-111.733777,44.704202],[-111.734204,44.703813],[-111.734502,44.70384],[-111.73438,44.703706],[-111.73454,44.703477],[-111.734975,44.703454],[-111.734883,44.703298],[-111.735242,44.703077],[-111.735257,44.702894],[-111.735516,44.702756],[-111.735471,44.702623],[-111.735791,44.702611],[-111.735593,44.70226],[-111.735944,44.702112],[-111.736165,44.701684],[-111.73647,44.701665],[-111.736493,44.70144],[-111.736821,44.70141],[-111.736874,44.701135],[-111.737065,44.700898],[-111.737447,44.700815],[-111.737134,44.7007],[-111.737111,44.700437],[-111.737157,44.700395],[-111.737447,44.700551],[-111.737744,44.700452],[-111.737821,44.700246],[-111.737935,44.700219],[-111.73792,44.700082],[-111.738095,44.699998],[-111.73792,44.699937],[-111.738057,44.699846],[-111.738271,44.699861],[-111.738446,44.700036],[-111.738461,44.699895],[-111.738561,44.699849],[-111.738492,44.699708],[-111.73895,44.699651],[-111.738751,44.699575],[-111.73895,44.699376],[-111.73895,44.699147],[-111.739232,44.6989],[-111.739766,44.698655],[-111.739812,44.698461],[-111.74001,44.698468],[-111.740041,44.698381],[-111.740445,44.69827],[-111.740392,44.697973],[-111.740666,44.697908],[-111.740682,44.69777],[-111.741132,44.697744],[-111.741094,44.697622],[-111.741422,44.697484],[-111.741284,44.697362],[-111.741345,44.697198],[-111.741551,44.697171],[-111.741605,44.697362],[-111.741811,44.697355],[-111.741887,44.697419],[-111.742284,44.697309],[-111.742284,44.697175],[-111.74249,44.697156],[-111.742581,44.697011],[-111.742757,44.696939],[-111.74268,44.696805],[-111.742742,44.696725],[-111.74487,44.695932],[-111.746297,44.695272],[-111.746915,44.695085],[-111.748143,44.694837],[-111.748815,44.694871],[-111.750371,44.694509],[-111.750966,44.694299],[-111.75224,44.693074],[-111.753034,44.692468],[-111.75327,44.691903],[-111.753766,44.691689],[-111.75398,44.691304]]}},{"type":"Feature","properties":{"id":"wat-b40","kind":"water","name":"Creek","acres":null,"editable":false,"source":"USGS 3DHP flowlines (Channel Line)"},"geometry":{"type":"LineString","coordinates":[[-111.944397,44.667115],[-111.945122,44.666825]]}},{"type":"Feature","properties":{"id":"wat-b41","kind":"water","name":"Creek","acres":null,"editable":false,"source":"USGS 3DHP flowlines (Channel Line)"},"geometry":{"type":"LineString","coordinates":[[-111.690816,44.746737],[-111.690976,44.747508],[-111.691296,44.747859],[-111.691342,44.748187],[-111.691556,44.748297],[-111.69196,44.749007],[-111.692281,44.749045],[-111.692647,44.749221],[-111.69299,44.749736],[-111.69299,44.749926],[-111.693166,44.750243],[-111.69344,44.750403],[-111.69357,44.750807],[-111.694012,44.751055],[-111.694035,44.751319],[-111.694196,44.751597]]}},{"type":"Feature","properties":{"id":"wat-b42","kind":"water","name":"Curry Creek","acres":null,"editable":false,"source":"USGS 3DHP flowlines (Channel Line)"},"geometry":{"type":"LineString","coordinates":[[-111.910688,44.626997],[-111.910879,44.627103],[-111.9111,44.627409],[-111.911619,44.62737],[-111.911794,44.627698],[-111.912245,44.627946],[-111.912489,44.628232]]}},{"type":"Feature","properties":{"id":"wat-b43","kind":"water","name":"Creek","acres":null,"editable":false,"source":"USGS 3DHP flowlines (Channel Line)"},"geometry":{"type":"LineString","coordinates":[[-111.882398,44.716345],[-111.882169,44.715907],[-111.881368,44.715437],[-111.880468,44.715285],[-111.879178,44.715312],[-111.878743,44.715148],[-111.878568,44.714846],[-111.878598,44.714533],[-111.879018,44.714148],[-111.87901,44.714022],[-111.878278,44.713172],[-111.87824,44.712779],[-111.878385,44.71213],[-111.878148,44.711089],[-111.877164,44.709925],[-111.876691,44.709551]]}},{"type":"Feature","properties":{"id":"wat-b44","kind":"water","name":"Creek","acres":null,"editable":false,"source":"USGS 3DHP flowlines (Channel Line)"},"geometry":{"type":"LineString","coordinates":[[-111.817924,44.640083],[-111.818367,44.640121],[-111.818436,44.639957],[-111.81926,44.639682],[-111.819717,44.639846],[-111.820084,44.640178],[-111.820656,44.640178],[-111.820946,44.640613],[-111.821487,44.64059],[-111.822029,44.640681],[-111.822449,44.640582]]}},{"type":"Feature","properties":{"id":"wat-b45","kind":"water","name":"Creek","acres":null,"editable":false,"source":"USGS 3DHP flowlines (Channel Line)"},"geometry":{"type":"LineString","coordinates":[[-111.673115,44.762279],[-111.67297,44.762191],[-111.672985,44.762069]]}},{"type":"Feature","properties":{"id":"wat-b46","kind":"water","name":"Sparrow Slough","acres":null,"editable":false,"source":"USGS 3DHP flowlines (Channel Line)"},"geometry":{"type":"LineString","coordinates":[[-111.79482,44.614158],[-111.794767,44.614784],[-111.794958,44.615157],[-111.794843,44.615363],[-111.794416,44.615726],[-111.794317,44.615966],[-111.793981,44.615974]]}},{"type":"Feature","properties":{"id":"wat-b47","kind":"water","name":"Murphy Creek","acres":null,"editable":false,"source":"USGS 3DHP flowlines (Channel Line)"},"geometry":{"type":"LineString","coordinates":[[-111.870671,44.73012],[-111.870511,44.729792],[-111.870587,44.729308],[-111.870229,44.728526],[-111.869855,44.728106],[-111.869923,44.727843],[-111.869801,44.727469],[-111.869969,44.727107],[-111.86971,44.726706],[-111.869664,44.726291],[-111.869084,44.72589],[-111.868809,44.72528],[-111.868687,44.724822],[-111.868802,44.724067],[-111.869054,44.723162],[-111.869374,44.722884],[-111.869519,44.72251],[-111.869855,44.722384],[-111.870404,44.722308],[-111.870709,44.721869],[-111.870694,44.721408],[-111.870534,44.720919],[-111.870671,44.720641],[-111.870434,44.719794],[-111.870663,44.71929],[-111.870724,44.718825],[-111.871251,44.718192],[-111.871258,44.717864],[-111.871449,44.717494],[-111.871999,44.71712],[-111.872205,44.716876],[-111.872121,44.716422],[-111.872494,44.713832],[-111.872517,44.712493],[-111.872853,44.712191],[-111.872807,44.711867],[-111.87299,44.711642],[-111.872723,44.711341],[-111.872754,44.711157],[-111.873082,44.710673],[-111.874028,44.70975],[-111.874554,44.709334],[-111.874921,44.709254],[-111.875154,44.708969]]}},{"type":"Feature","properties":{"id":"wat-b48","kind":"water","name":"Creek","acres":null,"editable":false,"source":"USGS 3DHP flowlines (Channel Line)"},"geometry":{"type":"LineString","coordinates":[[-111.804994,44.716881],[-111.803849,44.717018],[-111.800248,44.717144],[-111.798897,44.716835],[-111.795113,44.716168],[-111.794373,44.715977],[-111.79348,44.715592],[-111.793083,44.715145],[-111.793015,44.713372],[-111.79242,44.712326],[-111.792084,44.710598],[-111.791443,44.709797],[-111.789924,44.708599]]}},{"type":"Feature","properties":{"id":"wat-b49","kind":"water","name":"Creek","acres":null,"editable":false,"source":"USGS 3DHP flowlines (Channel Line)"},"geometry":{"type":"LineString","coordinates":[[-111.672319,44.650468],[-111.672319,44.650377]]}},{"type":"Feature","properties":{"id":"wat-b50","kind":"water","name":"Humphry Creek","acres":null,"editable":false,"source":"USGS 3DHP flowlines (Channel Line)"},"geometry":{"type":"LineString","coordinates":[[-111.862451,44.569494],[-111.861795,44.569349],[-111.860971,44.569708],[-111.859498,44.569937],[-111.858827,44.570215],[-111.85756,44.570955],[-111.856935,44.571173],[-111.855401,44.571363],[-111.854554,44.571383],[-111.854234,44.571322],[-111.85402,44.571096],[-111.853715,44.57099],[-111.852555,44.570986],[-111.851754,44.570803],[-111.850609,44.570898],[-111.849679,44.571154],[-111.849419,44.571314],[-111.849274,44.571768],[-111.849564,44.5726],[-111.850144,44.573389],[-111.850297,44.573748],[-111.850236,44.57456],[-111.850304,44.574808],[-111.85138,44.575049],[-111.851876,44.57588],[-111.851723,44.576388],[-111.851754,44.577761],[-111.851571,44.578211],[-111.850449,44.57921],[-111.849213,44.580519],[-111.848649,44.581003],[-111.84797,44.581396],[-111.847268,44.582361],[-111.846749,44.582857],[-111.846596,44.583132],[-111.84655,44.583586],[-111.846703,44.584681],[-111.846459,44.585985],[-111.8462,44.586607],[-111.846039,44.586893],[-111.845009,44.58763],[-111.844689,44.588442],[-111.84401,44.588633],[-111.843483,44.589262],[-111.84388,44.590945],[-111.844513,44.592688],[-111.844414,44.593161],[-111.84404,44.593729],[-111.843834,44.595168],[-111.843606,44.59595],[-111.843773,44.596949],[-111.844208,44.598109],[-111.844079,44.598593],[-111.843667,44.598929],[-111.843323,44.599036],[-111.843011,44.599009],[-111.842904,44.599062],[-111.8424,44.599387],[-111.84195,44.599936],[-111.841515,44.600153],[-111.840989,44.600249],[-111.840027,44.600142],[-111.839554,44.600268],[-111.839043,44.600581],[-111.838127,44.601496],[-111.837494,44.601859],[-111.836975,44.602038],[-111.836258,44.602679],[-111.834068,44.603716],[-111.833443,44.604098],[-111.832489,44.604945],[-111.832184,44.605498],[-111.832069,44.605929],[-111.832375,44.607009],[-111.832199,44.607287]]}},{"type":"Feature","properties":{"id":"wat-b51","kind":"water","name":"Creek","acres":null,"editable":false,"source":"USGS 3DHP flowlines (Channel Line)"},"geometry":{"type":"LineString","coordinates":[[-111.685246,44.764556],[-111.684186,44.764369],[-111.682354,44.764598],[-111.681546,44.764323],[-111.68108,44.764358],[-111.680516,44.764526],[-111.680195,44.764522],[-111.679646,44.764373],[-111.678616,44.764373],[-111.67693,44.76403],[-111.67622,44.76411],[-111.675091,44.763854],[-111.674389,44.763522]]}},{"type":"Feature","properties":{"id":"wat-b52","kind":"water","name":"Creek","acres":null,"editable":false,"source":"USGS 3DHP flowlines (Channel Line)"},"geometry":{"type":"LineString","coordinates":[[-111.978038,44.732617],[-111.978038,44.732819],[-111.97819,44.73301],[-111.978427,44.733681],[-111.978488,44.734452],[-111.978396,44.735329],[-111.97893,44.736031],[-111.979754,44.736302],[-111.980334,44.737141],[-111.980273,44.737465],[-111.980594,44.737934],[-111.980647,44.738152],[-111.980357,44.738663],[-111.980227,44.739414],[-111.980357,44.739544],[-111.981013,44.7398],[-111.981555,44.74065],[-111.981845,44.740757],[-111.982074,44.740952],[-111.982677,44.741955],[-111.983066,44.742039],[-111.98331,44.742489],[-111.983676,44.742649],[-111.983966,44.74308],[-111.984424,44.743435],[-111.984424,44.743653],[-111.984134,44.743969],[-111.984081,44.744148],[-111.983348,44.744599],[-111.983104,44.745602]]}},{"type":"Feature","properties":{"id":"wat-b53","kind":"water","name":"Creek","acres":null,"editable":false,"source":"USGS 3DHP flowlines (Channel Line)"},"geometry":{"type":"LineString","coordinates":[[-111.924551,44.796927],[-111.92478,44.796706]]}},{"type":"Feature","properties":{"id":"wat-b54","kind":"water","name":"West Fork Madison River","acres":null,"editable":false,"source":"USGS 3DHP flowlines (Channel Line)"},"geometry":{"type":"LineString","coordinates":[[-111.924864,44.796309],[-111.925505,44.796046],[-111.925704,44.795863],[-111.925704,44.795649],[-111.925955,44.795565],[-111.926634,44.795039],[-111.926871,44.794669],[-111.927787,44.794619],[-111.928885,44.794406],[-111.929953,44.793769],[-111.930434,44.792987],[-111.930732,44.792025],[-111.93035,44.790114],[-111.930686,44.789927],[-111.93077,44.78974]]}},{"type":"Feature","properties":{"id":"wat-b55","kind":"water","name":"Creek","acres":null,"editable":false,"source":"USGS 3DHP flowlines (Channel Line)"},"geometry":{"type":"LineString","coordinates":[[-111.711905,44.817127],[-111.711981,44.815579],[-111.712301,44.815315],[-111.712561,44.814888],[-111.713042,44.814556],[-111.713278,44.814114],[-111.713286,44.81382]]}},{"type":"Feature","properties":{"id":"wat-b56","kind":"water","name":"Creek","acres":null,"editable":false,"source":"USGS 3DHP flowlines (Channel Line)"},"geometry":{"type":"LineString","coordinates":[[-111.874578,44.756415],[-111.874128,44.756141]]}},{"type":"Feature","properties":{"id":"wat-b57","kind":"water","name":"Creek","acres":null,"editable":false,"source":"USGS 3DHP flowlines (Channel Line)"},"geometry":{"type":"LineString","coordinates":[[-111.722502,44.755976],[-111.722227,44.755675],[-111.721105,44.755373],[-111.719488,44.754382],[-111.719084,44.754214],[-111.718137,44.753924],[-111.717146,44.753985],[-111.715963,44.753657],[-111.715772,44.753378],[-111.715711,44.752905],[-111.715902,44.752631],[-111.715971,44.752154],[-111.716474,44.75115],[-111.716482,44.751063],[-111.716116,44.750857],[-111.716291,44.750372]]}},{"type":"Feature","properties":{"id":"wat-b58","kind":"water","name":"Creek","acres":null,"editable":false,"source":"USGS 3DHP flowlines (Channel Line)"},"geometry":{"type":"LineString","coordinates":[[-111.882459,44.777709],[-111.882871,44.776985],[-111.883245,44.776645],[-111.883428,44.775604],[-111.883359,44.775195],[-111.883039,44.774799],[-111.882871,44.77441],[-111.882772,44.773299],[-111.88284,44.772693],[-111.883138,44.772174],[-111.883321,44.771991],[-111.883748,44.771774],[-111.884183,44.7713],[-111.88455,44.771087],[-111.886098,44.770541],[-111.88664,44.770602],[-111.887205,44.770991],[-111.887754,44.771243]]}},{"type":"Feature","properties":{"id":"wat-b59","kind":"water","name":"Creek","acres":null,"editable":false,"source":"USGS 3DHP flowlines (Channel Line)"},"geometry":{"type":"LineString","coordinates":[[-111.83732,44.654433],[-111.837686,44.654422],[-111.837755,44.65417]]}},{"type":"Feature","properties":{"id":"wat-b60","kind":"water","name":"Creek","acres":null,"editable":false,"source":"USGS 3DHP flowlines (Channel Line)"},"geometry":{"type":"LineString","coordinates":[[-111.794516,44.63908],[-111.794523,44.63871],[-111.794798,44.637661],[-111.795172,44.637462],[-111.796202,44.637184],[-111.797705,44.637287],[-111.799887,44.637958],[-111.801795,44.638061],[-111.803222,44.63882],[-111.803649,44.638942],[-111.804656,44.638862]]}},{"type":"Feature","properties":{"id":"wat-b61","kind":"water","name":"West Fork Madison River","acres":null,"editable":false,"source":"USGS 3DHP flowlines (Channel Line)"},"geometry":{"type":"LineString","coordinates":[[-111.902768,44.806286],[-111.90418,44.806503],[-111.905172,44.807026],[-111.905408,44.80706],[-111.905889,44.807018],[-111.906759,44.806778],[-111.907674,44.806781],[-111.908002,44.806629],[-111.908552,44.805885],[-111.910398,44.805076],[-111.910543,44.804798],[-111.91094,44.804527],[-111.911039,44.803802],[-111.91139,44.803157],[-111.911718,44.802738],[-111.912382,44.802306],[-111.912473,44.801982],[-111.912886,44.80173],[-111.912939,44.801257],[-111.914305,44.800784],[-111.914579,44.800407],[-111.915213,44.799915],[-111.915281,44.799152],[-111.914968,44.798785],[-111.915091,44.798274],[-111.914701,44.797477],[-111.914923,44.797069],[-111.91519,44.796798],[-111.91503,44.79634]]}},{"type":"Feature","properties":{"id":"wat-b62","kind":"water","name":"West Fork Madison River","acres":null,"editable":false,"source":"USGS 3DHP flowlines (Channel Line)"},"geometry":{"type":"LineString","coordinates":[[-111.759757,44.741083],[-111.759559,44.740789],[-111.758948,44.740293],[-111.758292,44.740194],[-111.757827,44.740304],[-111.757712,44.740049],[-111.758048,44.7399],[-111.757949,44.73982],[-111.756904,44.739545],[-111.756194,44.73876]]}},{"type":"Feature","properties":{"id":"wat-b63","kind":"water","name":"Creek","acres":null,"editable":false,"source":"USGS 3DHP flowlines (Channel Line)"},"geometry":{"type":"LineString","coordinates":[[-111.88252,44.693899],[-111.883008,44.693652],[-111.883428,44.693251],[-111.884725,44.692816],[-111.88546,44.692423]]}},{"type":"Feature","properties":{"id":"wat-b64","kind":"water","name":"Metzel Creek","acres":null,"editable":false,"source":"USGS 3DHP flowlines (Channel Line)"},"geometry":{"type":"LineString","coordinates":[[-111.914367,44.722235],[-111.914596,44.722254],[-111.914825,44.722128],[-111.914985,44.722204],[-111.915527,44.721758],[-111.915595,44.721525],[-111.915481,44.721346],[-111.915893,44.720789],[-111.916084,44.720037],[-111.915824,44.719354],[-111.915771,44.718794],[-111.915031,44.718008],[-111.914519,44.717832],[-111.91442,44.717596],[-111.91468,44.717283],[-111.914497,44.717195],[-111.914497,44.717092],[-111.914191,44.717077],[-111.914085,44.716856],[-111.913779,44.716745],[-111.913383,44.716337],[-111.913291,44.716127],[-111.913131,44.716043],[-111.913131,44.715875],[-111.912955,44.715734]]}},{"type":"Feature","properties":{"id":"wat-b65","kind":"water","name":"Creek","acres":null,"editable":false,"source":"USGS 3DHP flowlines (Channel Line)"},"geometry":{"type":"LineString","coordinates":[[-111.798209,44.633701],[-111.798521,44.633701],[-111.798994,44.633945]]}},{"type":"Feature","properties":{"id":"wat-b66","kind":"water","name":"Creek","acres":null,"editable":false,"source":"USGS 3DHP flowlines (Channel Line)"},"geometry":{"type":"LineString","coordinates":[[-111.969606,44.77958],[-111.970369,44.779455],[-111.971635,44.779584],[-111.973665,44.779512],[-111.973993,44.779245],[-111.974336,44.778726],[-111.975068,44.778527],[-111.975313,44.778176],[-111.975526,44.778081],[-111.976213,44.778226],[-111.977258,44.77868],[-111.977663,44.778745],[-111.978937,44.777921],[-111.980486,44.77736]]}},{"type":"Feature","properties":{"id":"wat-b67","kind":"water","name":"Creek","acres":null,"editable":false,"source":"USGS 3DHP flowlines (Channel Line)"},"geometry":{"type":"LineString","coordinates":[[-111.964646,44.793707],[-111.965111,44.79294],[-111.965607,44.792413],[-111.965607,44.792162],[-111.965874,44.792059],[-111.966263,44.791738],[-111.966896,44.790903],[-111.967461,44.79035],[-111.968926,44.78956]]}},{"type":"Feature","properties":{"id":"wat-b68","kind":"water","name":"Creek","acres":null,"editable":false,"source":"USGS 3DHP flowlines (Channel Line)"},"geometry":{"type":"LineString","coordinates":[[-111.745452,44.803962],[-111.745277,44.804149],[-111.744552,44.804241],[-111.742942,44.804305],[-111.740653,44.804237],[-111.739829,44.804122],[-111.737632,44.804305],[-111.736304,44.804618],[-111.735572,44.804618],[-111.735022,44.804519],[-111.733687,44.803642],[-111.732108,44.802383],[-111.731612,44.80146],[-111.731223,44.801113],[-111.730193,44.800544],[-111.729743,44.800369],[-111.728865,44.80017],[-111.727362,44.800098],[-111.725867,44.799793],[-111.725264,44.799411],[-111.724936,44.798641],[-111.724608,44.79824],[-111.724059,44.797885],[-111.723326,44.797668],[-111.722418,44.797241],[-111.721243,44.797199],[-111.720053,44.796833],[-111.719527,44.796756],[-111.719092,44.79684],[-111.718771,44.797153],[-111.718306,44.797225],[-111.717962,44.797042],[-111.717848,44.796833]]}},{"type":"Feature","properties":{"id":"wat-b69","kind":"water","name":"Tepee Creek","acres":null,"editable":false,"source":"USGS 3DHP flowlines (Channel Line)"},"geometry":{"type":"LineString","coordinates":[[-111.740012,44.78575],[-111.739264,44.7853]]}},{"type":"Feature","properties":{"id":"wat-b70","kind":"water","name":"Creek","acres":null,"editable":false,"source":"USGS 3DHP flowlines (Channel Line)"},"geometry":{"type":"LineString","coordinates":[[-111.741515,44.763457],[-111.740393,44.762896],[-111.739157,44.762469],[-111.738692,44.762224],[-111.738364,44.761938],[-111.736952,44.761347],[-111.734496,44.760626],[-111.733748,44.760287],[-111.733221,44.759997],[-111.731207,44.758425],[-111.730925,44.758063]]}},{"type":"Feature","properties":{"id":"wat-b71","kind":"water","name":"Creek","acres":null,"editable":false,"source":"USGS 3DHP flowlines (Channel Line)"},"geometry":{"type":"LineString","coordinates":[[-111.955224,44.70287],[-111.954042,44.702531],[-111.953126,44.702573],[-111.952333,44.702409],[-111.951608,44.70194],[-111.950128,44.700459],[-111.948663,44.699941],[-111.948243,44.699857],[-111.947045,44.699258],[-111.946198,44.699094],[-111.945832,44.698831],[-111.944848,44.698575],[-111.943543,44.69798],[-111.942841,44.697896],[-111.942528,44.697972],[-111.942078,44.698228],[-111.941605,44.698327],[-111.940354,44.698125],[-111.939988,44.69766],[-111.940041,44.697038],[-111.940224,44.696515],[-111.940201,44.695348],[-111.939278,44.694623],[-111.938233,44.694322],[-111.938133,44.694184],[-111.938248,44.693856],[-111.938042,44.693673],[-111.937432,44.693456],[-111.936096,44.693216],[-111.93486,44.693227],[-111.934471,44.693334],[-111.933624,44.693349],[-111.932411,44.692914],[-111.931061,44.692594],[-111.930443,44.692365],[-111.929786,44.691907],[-111.929313,44.691759],[-111.928741,44.690954],[-111.92868,44.690675],[-111.928787,44.690332],[-111.928695,44.690153],[-111.928215,44.689454],[-111.927925,44.689222],[-111.927726,44.688741],[-111.927696,44.688333],[-111.927536,44.688058],[-111.92765,44.68773],[-111.927536,44.687425],[-111.92749,44.686742],[-111.927307,44.686475],[-111.927192,44.685781]]}},{"type":"Feature","properties":{"id":"wat-b72","kind":"water","name":"Creek","acres":null,"editable":false,"source":"USGS 3DHP flowlines (Channel Line)"},"geometry":{"type":"LineString","coordinates":[[-111.669139,44.70302],[-111.668658,44.702673],[-111.667414,44.702284],[-111.666758,44.701975],[-111.666583,44.701785],[-111.666453,44.70122],[-111.666178,44.700865],[-111.663798,44.699355],[-111.663294,44.699191],[-111.662081,44.698973],[-111.661089,44.69855],[-111.660593,44.698489],[-111.659769,44.698603],[-111.658472,44.699042],[-111.657244,44.699313],[-111.656702,44.699606],[-111.655581,44.699511],[-111.654429,44.699523]]}},{"type":"Feature","properties":{"id":"wat-b73","kind":"water","name":"Creek","acres":null,"editable":false,"source":"USGS 3DHP flowlines (Channel Line)"},"geometry":{"type":"LineString","coordinates":[[-111.815048,44.641013],[-111.8153,44.640495],[-111.815414,44.63996],[-111.815612,44.639732]]}},{"type":"Feature","properties":{"id":"wat-b74","kind":"water","name":"Creek","acres":null,"editable":false,"source":"USGS 3DHP flowlines (Channel Line)"},"geometry":{"type":"LineString","coordinates":[[-111.687481,44.736765],[-111.687992,44.737834],[-111.688237,44.738581],[-111.688175,44.738848],[-111.688382,44.739459],[-111.688336,44.740279],[-111.688549,44.741068],[-111.688,44.741866],[-111.68845,44.742552],[-111.688435,44.743159],[-111.688641,44.743594],[-111.688679,44.743914],[-111.689122,44.74441],[-111.689274,44.744986],[-111.689717,44.745337],[-111.689885,44.745623],[-111.690693,44.745917],[-111.6908,44.746154],[-111.690716,44.74634],[-111.690816,44.746737]]}},{"type":"Feature","properties":{"id":"wat-b75","kind":"water","name":"Creek","acres":null,"editable":false,"source":"USGS 3DHP flowlines (Channel Line)"},"geometry":{"type":"LineString","coordinates":[[-111.967752,44.772676],[-111.968492,44.772493],[-111.969568,44.771768],[-111.970048,44.771005],[-111.970178,44.770253],[-111.970476,44.769746],[-111.971422,44.768956],[-111.973406,44.76875],[-111.975756,44.767133],[-111.976297,44.766663],[-111.976847,44.765992],[-111.977297,44.764176],[-111.977526,44.763928],[-111.977762,44.763867],[-111.978289,44.764004],[-111.978464,44.763966],[-111.978953,44.763169],[-111.979159,44.763089]]}},{"type":"Feature","properties":{"id":"wat-b76","kind":"water","name":"Creek","acres":null,"editable":false,"source":"USGS 3DHP flowlines (Channel Line)"},"geometry":{"type":"LineString","coordinates":[[-111.754507,44.720418],[-111.754286,44.71972],[-111.753798,44.719011],[-111.752607,44.717832],[-111.751463,44.716939],[-111.751196,44.716428],[-111.750952,44.715165],[-111.750685,44.714677],[-111.749258,44.71351],[-111.748586,44.71232],[-111.74838,44.711484],[-111.748678,44.710721],[-111.748731,44.710103],[-111.748991,44.709916],[-111.749647,44.709657],[-111.749876,44.709497],[-111.749998,44.709264]]}},{"type":"Feature","properties":{"id":"wat-b77","kind":"water","name":"Creek","acres":null,"editable":false,"source":"USGS 3DHP flowlines (Channel Line)"},"geometry":{"type":"LineString","coordinates":[[-111.950194,44.818648],[-111.950743,44.819838],[-111.950789,44.820159],[-111.950514,44.820533],[-111.949789,44.820941],[-111.949339,44.821418],[-111.94921,44.823001]]}},{"type":"Feature","properties":{"id":"wat-b78","kind":"water","name":"Creek","acres":null,"editable":false,"source":"USGS 3DHP flowlines (Channel Line)"},"geometry":{"type":"LineString","coordinates":[[-111.806695,44.727967],[-111.806306,44.727703],[-111.805726,44.727463],[-111.805047,44.727371],[-111.803918,44.727059]]}},{"type":"Feature","properties":{"id":"wat-b79","kind":"water","name":"Creek","acres":null,"editable":false,"source":"USGS 3DHP flowlines (Channel Line)"},"geometry":{"type":"LineString","coordinates":[[-111.728335,44.644856],[-111.728038,44.644898],[-111.727748,44.644547]]}},{"type":"Feature","properties":{"id":"wat-b80","kind":"water","name":"Anderson Creek","acres":null,"editable":false,"source":"USGS 3DHP flowlines (Channel Line)"},"geometry":{"type":"LineString","coordinates":[[-111.946083,44.776007],[-111.945458,44.775881],[-111.944725,44.775549],[-111.943466,44.774523],[-111.942886,44.773775],[-111.942825,44.773069]]}},{"type":"Feature","properties":{"id":"wat-b81","kind":"water","name":"Cascade Creek","acres":null,"editable":false,"source":"USGS 3DHP flowlines (Channel Line)"},"geometry":{"type":"LineString","coordinates":[[-111.809511,44.81431],[-111.809641,44.813513],[-111.809381,44.812197],[-111.808275,44.811464],[-111.808061,44.810965],[-111.807504,44.810339],[-111.807115,44.809378],[-111.806596,44.809053],[-111.806307,44.808966],[-111.80591,44.808619],[-111.80591,44.808393],[-111.80652,44.807554],[-111.806551,44.806547],[-111.805978,44.805662],[-111.805559,44.805197]]}},{"type":"Feature","properties":{"id":"wat-b82","kind":"water","name":"Creek","acres":null,"editable":false,"source":"USGS 3DHP flowlines (Channel Line)"},"geometry":{"type":"LineString","coordinates":[[-111.886807,44.675036],[-111.886807,44.674544],[-111.886472,44.67396],[-111.886243,44.673769],[-111.886189,44.673548]]}},{"type":"Feature","properties":{"id":"wat-b83","kind":"water","name":"Creek","acres":null,"editable":false,"source":"USGS 3DHP flowlines (Channel Line)"},"geometry":{"type":"LineString","coordinates":[[-111.901105,44.627676],[-111.900693,44.627931],[-111.900693,44.628149],[-111.900884,44.628561],[-111.900678,44.629621],[-111.900807,44.630045],[-111.901334,44.630525],[-111.901433,44.630785],[-111.901212,44.631441],[-111.901334,44.632238],[-111.901059,44.632776],[-111.901082,44.633627],[-111.901395,44.634603],[-111.901181,44.634847],[-111.901204,44.634931],[-111.901609,44.635259],[-111.901654,44.635408],[-111.90154,44.636194],[-111.901624,44.636358]]}},{"type":"Feature","properties":{"id":"wat-b84","kind":"water","name":"Creek","acres":null,"editable":false,"source":"USGS 3DHP flowlines (Channel Line)"},"geometry":{"type":"LineString","coordinates":[[-111.900039,44.624921],[-111.900517,44.625528],[-111.900884,44.625803],[-111.900945,44.626051]]}},{"type":"Feature","properties":{"id":"wat-b85","kind":"water","name":"Creek","acres":null,"editable":false,"source":"USGS 3DHP flowlines (Channel Line)"},"geometry":{"type":"LineString","coordinates":[[-111.775357,44.638752],[-111.775861,44.63879],[-111.77657,44.639263],[-111.777364,44.639152],[-111.778943,44.639496],[-111.779287,44.639423],[-111.779935,44.639515],[-111.780202,44.639416],[-111.78066,44.638698],[-111.781545,44.638233]]}},{"type":"Feature","properties":{"id":"wat-b86","kind":"water","name":"Creek","acres":null,"editable":false,"source":"USGS 3DHP flowlines (Channel Line)"},"geometry":{"type":"LineString","coordinates":[[-111.939568,44.734559],[-111.940476,44.734475],[-111.941018,44.734246],[-111.942475,44.733983],[-111.942674,44.734037],[-111.943223,44.73401],[-111.943902,44.734193],[-111.944741,44.734021],[-111.945207,44.733846],[-111.945672,44.733419],[-111.946038,44.733243],[-111.946145,44.733033],[-111.946557,44.732896],[-111.946725,44.73261],[-111.947068,44.732404],[-111.947282,44.732156],[-111.947534,44.732091],[-111.948045,44.732102],[-111.948358,44.731946],[-111.948709,44.731919]]}},{"type":"Feature","properties":{"id":"wat-b87","kind":"water","name":"Creek","acres":null,"editable":false,"source":"USGS 3DHP flowlines (Channel Line)"},"geometry":{"type":"LineString","coordinates":[[-111.835353,44.774483],[-111.836513,44.773789],[-111.837787,44.773251],[-111.83784,44.772927],[-111.837627,44.772034],[-111.837627,44.771622],[-111.837741,44.77137],[-111.837917,44.771149],[-111.839038,44.770455],[-111.839191,44.77013],[-111.839847,44.769756],[-111.840953,44.769421],[-111.841457,44.769062],[-111.842517,44.769081],[-111.843792,44.76878],[-111.844387,44.768726],[-111.846248,44.768078],[-111.847271,44.768173]]}},{"type":"Feature","properties":{"id":"wat-b88","kind":"water","name":"Creek","acres":null,"editable":false,"source":"USGS 3DHP flowlines (Channel Line)"},"geometry":{"type":"LineString","coordinates":[[-111.83974,44.808473],[-111.840548,44.808686],[-111.84093,44.808702],[-111.84225,44.808587],[-111.842776,44.808385],[-111.842875,44.80845],[-111.842921,44.80877],[-111.843356,44.809148],[-111.843982,44.809171],[-111.844882,44.809339],[-111.845729,44.809312],[-111.846202,44.809121],[-111.846942,44.809098],[-111.847377,44.808965],[-111.848422,44.808957],[-111.8493,44.808637],[-111.849406,44.808198],[-111.850627,44.80713],[-111.8511,44.806401],[-111.851749,44.805875],[-111.852001,44.805775]]}},{"type":"Feature","properties":{"id":"wat-b89","kind":"water","name":"Creek","acres":null,"editable":false,"source":"USGS 3DHP flowlines (Channel Line)"},"geometry":{"type":"LineString","coordinates":[[-111.690106,44.79031],[-111.690106,44.790043],[-111.689893,44.789779],[-111.689481,44.788528],[-111.689092,44.78833],[-111.688977,44.788116],[-111.689015,44.787929],[-111.689321,44.78767],[-111.68942,44.787395],[-111.689282,44.786602],[-111.689481,44.786174],[-111.689542,44.785637],[-111.689221,44.785263],[-111.689206,44.785095],[-111.689473,44.78487]]}},{"type":"Feature","properties":{"id":"wat-b90","kind":"water","name":"Creek","acres":null,"editable":false,"source":"USGS 3DHP flowlines (Channel Line)"},"geometry":{"type":"LineString","coordinates":[[-111.877773,44.651674],[-111.877064,44.651564]]}},{"type":"Feature","properties":{"id":"wat-b91","kind":"water","name":"Creek","acres":null,"editable":false,"source":"USGS 3DHP flowlines (Channel Line)"},"geometry":{"type":"LineString","coordinates":[[-111.699567,44.764159],[-111.699323,44.763434],[-111.699231,44.761763],[-111.699071,44.760867],[-111.698705,44.760512],[-111.698293,44.759486],[-111.69785,44.759211],[-111.697782,44.759085],[-111.697843,44.75875],[-111.698392,44.758483],[-111.698651,44.758235],[-111.698682,44.757674],[-111.698247,44.757346],[-111.697751,44.757361],[-111.697263,44.757235],[-111.696546,44.756816],[-111.696164,44.756392],[-111.695821,44.756301]]}},{"type":"Feature","properties":{"id":"wat-b92","kind":"water","name":"Creek","acres":null,"editable":false,"source":"USGS 3DHP flowlines (Channel Line)"},"geometry":{"type":"LineString","coordinates":[[-111.961312,44.602116],[-111.961946,44.602173],[-111.962495,44.602605],[-111.962571,44.603116],[-111.962854,44.60323],[-111.963159,44.603776],[-111.963449,44.603993],[-111.963365,44.604584],[-111.963533,44.604764],[-111.963525,44.60497],[-111.963609,44.605042],[-111.963906,44.605061],[-111.963952,44.605237],[-111.964341,44.605378],[-111.964372,44.606049],[-111.964708,44.60624],[-111.964967,44.606583],[-111.964929,44.606732],[-111.964647,44.606892],[-111.964555,44.607327]]}},{"type":"Feature","properties":{"id":"wat-b93","kind":"water","name":"Fish Creek","acres":null,"editable":false,"source":"USGS 3DHP flowlines (Channel Line)"},"geometry":{"type":"LineString","coordinates":[[-111.958429,44.731671],[-111.958162,44.731152],[-111.957834,44.731122],[-111.957529,44.730805]]}},{"type":"Feature","properties":{"id":"wat-b94","kind":"water","name":"Red Rock Creek","acres":null,"editable":false,"source":"USGS 3DHP flowlines (Channel Line)"},"geometry":{"type":"LineString","coordinates":[[-111.65876,44.616605],[-111.658883,44.616689],[-111.658982,44.616666],[-111.658905,44.616201],[-111.659066,44.615918],[-111.659508,44.615777],[-111.65979,44.615804],[-111.659966,44.615899],[-111.660126,44.616468],[-111.660332,44.616567],[-111.660439,44.61654],[-111.661461,44.615442],[-111.661721,44.615396],[-111.661972,44.615506],[-111.662102,44.616018],[-111.662392,44.616342],[-111.662316,44.61646],[-111.661889,44.616624],[-111.662293,44.616712],[-111.663216,44.616708],[-111.663689,44.617021],[-111.663849,44.617021],[-111.664292,44.616765],[-111.664277,44.616628],[-111.66372,44.616365],[-111.663659,44.615934],[-111.663216,44.615663],[-111.663071,44.615331],[-111.663186,44.615026],[-111.663475,44.614663],[-111.66388,44.614587],[-111.664269,44.614762],[-111.66449,44.615171],[-111.664742,44.615304],[-111.664986,44.615647],[-111.665482,44.615747],[-111.665619,44.615857],[-111.665772,44.616159],[-111.665742,44.616437],[-111.666146,44.616582],[-111.666123,44.616769],[-111.666398,44.616998],[-111.666886,44.616784],[-111.667351,44.616773],[-111.66755,44.616868],[-111.66758,44.617055],[-111.667458,44.61717],[-111.666596,44.617284],[-111.66636,44.617452],[-111.666543,44.617601],[-111.667107,44.617551],[-111.66729,44.61765],[-111.667161,44.618074],[-111.667306,44.618173],[-111.667283,44.618364],[-111.667061,44.618413],[-111.666878,44.618245],[-111.66668,44.618234],[-111.666489,44.618447],[-111.666566,44.618623]]}},{"type":"Feature","properties":{"id":"wat-b95","kind":"water","name":"Creek","acres":null,"editable":false,"source":"USGS 3DHP flowlines (Channel Line)"},"geometry":{"type":"LineString","coordinates":[[-111.889249,44.67486],[-111.889104,44.674868],[-111.888928,44.674753],[-111.887982,44.673761],[-111.88802,44.67322],[-111.887837,44.672522],[-111.887372,44.672056],[-111.887341,44.671904],[-111.887532,44.671568],[-111.88802,44.671164],[-111.888158,44.670832],[-111.888364,44.67074],[-111.888684,44.670729],[-111.888822,44.670607],[-111.888867,44.670374],[-111.889012,44.670252],[-111.889005,44.670073],[-111.889218,44.669882],[-111.88934,44.669596],[-111.88931,44.668917],[-111.888524,44.66812],[-111.888318,44.66773],[-111.88786,44.667547],[-111.887753,44.667189],[-111.887448,44.667048],[-111.887242,44.66662],[-111.886678,44.666308],[-111.886601,44.665934],[-111.886334,44.665602],[-111.886311,44.665373],[-111.885922,44.664999],[-111.885937,44.664618],[-111.885327,44.664278],[-111.885853,44.663675],[-111.885777,44.663183],[-111.88622,44.663073],[-111.886418,44.662699],[-111.886922,44.662481],[-111.886922,44.662256],[-111.88712,44.661898],[-111.887051,44.660505],[-111.887311,44.660231],[-111.886998,44.659906],[-111.887074,44.659525],[-111.88683,44.65933],[-111.886372,44.659334],[-111.88638,44.659132],[-111.88612,44.658808],[-111.885678,44.658854],[-111.885174,44.658388],[-111.884579,44.65832],[-111.884213,44.658148],[-111.88406,44.658056],[-111.883908,44.65777],[-111.88329,44.657671],[-111.882809,44.65737],[-111.881993,44.657705],[-111.881848,44.657694],[-111.881733,44.657545],[-111.881298,44.657648],[-111.881161,44.657618],[-111.880993,44.657454],[-111.880757,44.657431],[-111.880657,44.657271],[-111.880352,44.657145],[-111.880291,44.656984],[-111.879543,44.656538],[-111.879139,44.656523]]}},{"type":"Feature","properties":{"id":"wat-b96","kind":"water","name":"Creek","acres":null,"editable":false,"source":"USGS 3DHP flowlines (Channel Line)"},"geometry":{"type":"LineString","coordinates":[[-111.927192,44.685781],[-111.92662,44.685628],[-111.925285,44.685563],[-111.924522,44.685163],[-111.924156,44.685079],[-111.923347,44.68511],[-111.922095,44.684873],[-111.921851,44.684972],[-111.921661,44.684957],[-111.919326,44.684152],[-111.918197,44.682874],[-111.917479,44.682558],[-111.917479,44.68223],[-111.917296,44.682149],[-111.917235,44.681982],[-111.916945,44.681982],[-111.916877,44.681848],[-111.91664,44.681791],[-111.916655,44.681638],[-111.916304,44.681444],[-111.916075,44.681032],[-111.915404,44.680612],[-111.915221,44.68057],[-111.915114,44.680402],[-111.91445,44.68012],[-111.914176,44.679792],[-111.91384,44.679662],[-111.913756,44.679224],[-111.913939,44.678812],[-111.91384,44.678388],[-111.91397,44.677934],[-111.913863,44.677595],[-111.914061,44.677332],[-111.914672,44.677358],[-111.914824,44.677267],[-111.915595,44.676553],[-111.916526,44.676481],[-111.917136,44.676164],[-111.917975,44.675256],[-111.918197,44.674764],[-111.918358,44.673897],[-111.918636,44.673377],[-111.91908,44.673055],[-111.920833,44.672575],[-111.921859,44.672217],[-111.923426,44.671844],[-111.925418,44.671571],[-111.927317,44.671006],[-111.927787,44.670958],[-111.929304,44.670173],[-111.929161,44.669685],[-111.929275,44.669435]]}},{"type":"Feature","properties":{"id":"wat-b97","kind":"water","name":"Creek","acres":null,"editable":false,"source":"USGS 3DHP flowlines (Channel Line)"},"geometry":{"type":"LineString","coordinates":[[-111.965174,44.760003],[-111.965822,44.759374],[-111.966478,44.758885],[-111.966989,44.75863],[-111.967913,44.758477],[-111.973276,44.757912],[-111.97391,44.757779],[-111.975245,44.757187],[-111.976344,44.756875],[-111.976847,44.756135],[-111.977015,44.754876],[-111.977244,44.754315],[-111.977679,44.753769],[-111.977763,44.753533]]}},{"type":"Feature","properties":{"id":"wat-b98","kind":"water","name":"Creek","acres":null,"editable":false,"source":"USGS 3DHP flowlines (Channel Line)"},"geometry":{"type":"LineString","coordinates":[[-111.822242,44.62596],[-111.822578,44.625857],[-111.822593,44.625758],[-111.822769,44.625663],[-111.822899,44.625438],[-111.822822,44.62514]]}},{"type":"Feature","properties":{"id":"wat-b99","kind":"water","name":"Creek","acres":null,"editable":false,"source":"USGS 3DHP flowlines (Channel Line)"},"geometry":{"type":"LineString","coordinates":[[-111.749342,44.618623],[-111.74911,44.618515],[-111.748568,44.617676],[-111.748194,44.617298],[-111.746958,44.616646],[-111.746119,44.616036],[-111.744975,44.615593],[-111.744753,44.615604],[-111.744578,44.615738]]}},{"type":"Feature","properties":{"id":"wat-b100","kind":"water","name":"Creek","acres":null,"editable":false,"source":"USGS 3DHP flowlines (Channel Line)"},"geometry":{"type":"LineString","coordinates":[[-111.758186,44.804851],[-111.756653,44.805221],[-111.756149,44.805549],[-111.756058,44.806155],[-111.755508,44.807193],[-111.755066,44.807513],[-111.754768,44.80799],[-111.754814,44.80865],[-111.755172,44.809028]]}},{"type":"Feature","properties":{"id":"wat-b101","kind":"water","name":"Metzel Creek","acres":null,"editable":false,"source":"USGS 3DHP flowlines (Channel Line)"},"geometry":{"type":"LineString","coordinates":[[-111.912955,44.715734],[-111.913146,44.715467],[-111.91307,44.715303],[-111.913253,44.715223],[-111.913276,44.715025],[-111.91307,44.714971],[-111.912963,44.714823],[-111.912459,44.714704],[-111.912253,44.714403],[-111.912475,44.714147],[-111.912772,44.714102],[-111.912742,44.713472],[-111.913039,44.71343],[-111.913085,44.713094],[-111.913466,44.7133],[-111.913596,44.713239],[-111.913596,44.712953],[-111.913886,44.712888],[-111.913741,44.712621],[-111.913825,44.712515],[-111.914054,44.71245],[-111.914191,44.712301],[-111.91458,44.712358],[-111.91442,44.711878],[-111.914672,44.711462],[-111.915343,44.711469],[-111.915755,44.710798],[-111.915954,44.71063],[-111.915946,44.71052],[-111.915816,44.71047],[-111.915916,44.71026],[-111.916122,44.710096],[-111.916381,44.710081],[-111.916846,44.709741],[-111.916877,44.709234],[-111.91719,44.709142],[-111.917106,44.708894],[-111.917297,44.708723],[-111.917426,44.708185],[-111.917625,44.707956]]}},{"type":"Feature","properties":{"id":"wat-b102","kind":"water","name":"Tepee Creek","acres":null,"editable":false,"source":"USGS 3DHP flowlines (Channel Line)"},"geometry":{"type":"LineString","coordinates":[[-111.75404,44.653927],[-111.754093,44.65358],[-111.753765,44.653168],[-111.753574,44.653031],[-111.752621,44.652703],[-111.752315,44.65234],[-111.752842,44.651329],[-111.753536,44.650772],[-111.753849,44.650261],[-111.753742,44.649784],[-111.753979,44.649434],[-111.754375,44.649094],[-111.754551,44.648545],[-111.754574,44.648312],[-111.754162,44.648159],[-111.754192,44.648041],[-111.754444,44.647896],[-111.75436,44.647614],[-111.754711,44.647248],[-111.754742,44.646801],[-111.755039,44.646572],[-111.754734,44.646363],[-111.754696,44.646073],[-111.754429,44.645962],[-111.754352,44.645779],[-111.754421,44.645432],[-111.754162,44.645287],[-111.754406,44.644898],[-111.754459,44.644627],[-111.75375,44.644093],[-111.753689,44.643925],[-111.753452,44.643742],[-111.753376,44.643399],[-111.753109,44.643177],[-111.753132,44.64304],[-111.753391,44.642777],[-111.753261,44.642594],[-111.753185,44.642006]]}},{"type":"Feature","properties":{"id":"wat-b103","kind":"water","name":"Creek","acres":null,"editable":false,"source":"USGS 3DHP flowlines (Channel Line)"},"geometry":{"type":"LineString","coordinates":[[-111.935835,44.815459],[-111.935866,44.815814],[-111.935599,44.816291],[-111.935583,44.817084],[-111.936033,44.817905],[-111.936819,44.818858],[-111.937849,44.820407]]}},{"type":"Feature","properties":{"id":"wat-b104","kind":"water","name":"Creek","acres":null,"editable":false,"source":"USGS 3DHP flowlines (Channel Line)"},"geometry":{"type":"LineString","coordinates":[[-111.812105,44.731445],[-111.811975,44.731426],[-111.811456,44.730801],[-111.811441,44.730408],[-111.811311,44.730236],[-111.810197,44.729756],[-111.806695,44.727967]]}},{"type":"Feature","properties":{"id":"wat-b105","kind":"water","name":"Creek","acres":null,"editable":false,"source":"USGS 3DHP flowlines (Channel Line)"},"geometry":{"type":"LineString","coordinates":[[-111.673207,44.783069],[-111.673565,44.782539],[-111.673993,44.781288],[-111.674252,44.780899],[-111.675114,44.780441],[-111.675473,44.779915],[-111.675274,44.7789],[-111.675106,44.778671],[-111.675106,44.777862],[-111.674351,44.776832],[-111.674481,44.776321],[-111.674374,44.775592]]}},{"type":"Feature","properties":{"id":"wat-b106","kind":"water","name":"Miner Creek","acres":null,"editable":false,"source":"USGS 3DHP flowlines (Channel Line)"},"geometry":{"type":"LineString","coordinates":[[-111.887754,44.771243],[-111.888128,44.771224],[-111.88915,44.770438],[-111.889982,44.769637],[-111.891081,44.769057],[-111.891989,44.768309],[-111.892256,44.76821],[-111.893499,44.768168],[-111.893728,44.768096],[-111.893881,44.767829],[-111.893888,44.767035],[-111.894026,44.766684],[-111.895392,44.764659],[-111.8963,44.76348],[-111.89675,44.763297],[-111.898383,44.763068],[-111.899664,44.762438],[-111.900053,44.762381]]}},{"type":"Feature","properties":{"id":"wat-b107","kind":"water","name":"Creek","acres":null,"editable":false,"source":"USGS 3DHP flowlines (Channel Line)"},"geometry":{"type":"LineString","coordinates":[[-111.81286,44.796331],[-111.812052,44.796003],[-111.808611,44.795114],[-111.807756,44.794271]]}},{"type":"Feature","properties":{"id":"wat-b108","kind":"water","name":"Creek","acres":null,"editable":false,"source":"USGS 3DHP flowlines (Channel Line)"},"geometry":{"type":"LineString","coordinates":[[-111.819488,44.628741],[-111.819839,44.628966]]}},{"type":"Feature","properties":{"id":"wat-b109","kind":"water","name":"Odell Creek","acres":null,"editable":false,"source":"USGS 3DHP flowlines (Channel Line)"},"geometry":{"type":"LineString","coordinates":[[-111.802992,44.609508],[-111.803122,44.609595],[-111.803206,44.609828],[-111.803457,44.609645],[-111.803587,44.609717],[-111.803633,44.609851],[-111.803488,44.610271],[-111.803923,44.610309],[-111.803808,44.610396],[-111.803328,44.610488],[-111.803526,44.610793],[-111.803778,44.610816],[-111.803938,44.611148],[-111.804281,44.611068],[-111.804526,44.611152],[-111.804541,44.611316],[-111.804312,44.611625],[-111.804312,44.611884],[-111.804472,44.612151],[-111.804373,44.612262],[-111.804442,44.612395],[-111.804991,44.612575],[-111.805022,44.612689],[-111.804938,44.612762],[-111.804495,44.612834],[-111.804701,44.613372],[-111.804838,44.613437],[-111.805075,44.613177],[-111.805548,44.613093],[-111.805495,44.612876],[-111.805708,44.612834],[-111.806052,44.6132],[-111.806036,44.613364],[-111.805792,44.613547],[-111.805762,44.61367],[-111.806166,44.613742],[-111.806372,44.614028],[-111.806166,44.614246],[-111.806128,44.614669],[-111.805891,44.614764],[-111.806006,44.61502],[-111.806342,44.615153],[-111.806403,44.615428],[-111.806235,44.615523],[-111.805708,44.615447],[-111.805312,44.615501],[-111.805281,44.615703],[-111.805823,44.615752],[-111.805823,44.61584],[-111.805632,44.615932],[-111.805281,44.615916],[-111.805044,44.616161],[-111.805281,44.616367],[-111.805579,44.616424],[-111.805601,44.616508],[-111.805327,44.616706],[-111.805243,44.616988],[-111.805167,44.616988],[-111.805113,44.616756],[-111.804938,44.616656],[-111.804488,44.616634],[-111.804205,44.616763],[-111.804213,44.617038],[-111.804251,44.617126],[-111.804518,44.617229],[-111.805037,44.617194],[-111.805281,44.617305],[-111.806097,44.617255],[-111.806097,44.616904],[-111.806418,44.616832],[-111.806654,44.617042],[-111.806647,44.617225],[-111.806471,44.617362],[-111.806464,44.617564],[-111.807044,44.617679],[-111.807005,44.618022],[-111.807227,44.618175],[-111.807478,44.618053],[-111.807562,44.617896],[-111.807349,44.61753],[-111.807456,44.617286],[-111.807776,44.61719],[-111.807974,44.61732],[-111.808219,44.618137],[-111.807768,44.618716],[-111.807433,44.618789],[-111.807028,44.619071],[-111.806502,44.619254],[-111.806311,44.619201],[-111.806303,44.618899],[-111.806052,44.618896],[-111.805632,44.619243],[-111.805602,44.61938],[-111.806082,44.619819],[-111.806609,44.619949],[-111.807074,44.619628],[-111.807395,44.619659],[-111.807532,44.619792],[-111.807547,44.620204],[-111.807807,44.620406],[-111.807082,44.620429],[-111.807036,44.620555],[-111.807768,44.62091],[-111.807501,44.620975],[-111.806777,44.620944],[-111.806708,44.621238],[-111.806822,44.621307],[-111.807784,44.621135],[-111.807997,44.621173]]}},{"type":"Feature","properties":{"id":"wat-b110","kind":"water","name":"Creek","acres":null,"editable":false,"source":"USGS 3DHP flowlines (Channel Line)"},"geometry":{"type":"LineString","coordinates":[[-111.699086,44.736124],[-111.699406,44.735785],[-111.699727,44.735655],[-111.700917,44.73548],[-111.701855,44.735228],[-111.703419,44.735522],[-111.703976,44.73543],[-111.705296,44.734862],[-111.705693,44.734606],[-111.706914,44.733618],[-111.707227,44.733069],[-111.707387,44.732981],[-111.70799,44.732912],[-111.709882,44.733103],[-111.71124,44.732733],[-111.711865,44.732256],[-111.712544,44.731867],[-111.712613,44.731203],[-111.712842,44.730578],[-111.71333,44.730387],[-111.713872,44.729914],[-111.714414,44.7297],[-111.714917,44.729643],[-111.715634,44.729719],[-111.717206,44.730265],[-111.717717,44.730341],[-111.717977,44.730089],[-111.718587,44.729826],[-111.718793,44.729528],[-111.719083,44.729303],[-111.720197,44.729074],[-111.720754,44.729124],[-111.721875,44.728479],[-111.723211,44.728331],[-111.723867,44.728128],[-111.724057,44.727934],[-111.724401,44.727087],[-111.724843,44.726641],[-111.725705,44.726415],[-111.726354,44.725809],[-111.726583,44.72571],[-111.727117,44.725637],[-111.727704,44.725321],[-111.727987,44.725252],[-111.728467,44.724916],[-111.729368,44.724489],[-111.729787,44.723814],[-111.729787,44.723371],[-111.73026,44.72207],[-111.730581,44.721769],[-111.730886,44.721666],[-111.731,44.721433],[-111.73129,44.721296],[-111.731656,44.720899],[-111.732236,44.720644],[-111.732168,44.720316],[-111.732236,44.720106],[-111.732557,44.719965],[-111.732763,44.719709],[-111.733007,44.719621],[-111.733053,44.719446],[-111.733938,44.718931],[-111.734685,44.718015],[-111.734662,44.717508],[-111.734845,44.716714],[-111.734525,44.716055],[-111.734502,44.715391],[-111.734823,44.714998],[-111.734815,44.714719],[-111.735425,44.71441],[-111.736486,44.713319],[-111.737073,44.712495],[-111.737287,44.711946],[-111.737203,44.71161],[-111.736127,44.710592],[-111.735906,44.71055],[-111.735685,44.710348],[-111.735517,44.710313],[-111.734883,44.709898],[-111.733991,44.709573],[-111.733487,44.708852],[-111.733136,44.708585],[-111.73277,44.708524],[-111.732404,44.708288],[-111.73206,44.707265],[-111.731641,44.706918],[-111.731404,44.706342],[-111.730786,44.705652],[-111.731221,44.705221],[-111.731793,44.704973],[-111.731984,44.704786],[-111.732144,44.704748],[-111.732251,44.70458]]}},{"type":"Feature","properties":{"id":"wat-b111","kind":"water","name":"Creek","acres":null,"editable":false,"source":"USGS 3DHP flowlines (Channel Line)"},"geometry":{"type":"LineString","coordinates":[[-111.89952,44.749922],[-111.900679,44.749109],[-111.901755,44.747526]]}},{"type":"Feature","properties":{"id":"wat-b112","kind":"water","name":"Creek","acres":null,"editable":false,"source":"USGS 3DHP flowlines (Channel Line)"},"geometry":{"type":"LineString","coordinates":[[-111.763858,44.597282],[-111.763644,44.597641],[-111.763019,44.597576],[-111.762805,44.597641],[-111.762759,44.597942],[-111.762568,44.598125],[-111.762248,44.598716],[-111.761989,44.60001],[-111.762042,44.600673],[-111.7615,44.600784],[-111.761103,44.601089],[-111.76092,44.601356],[-111.76089,44.601509],[-111.761195,44.602268],[-111.761203,44.602535],[-111.76102,44.602668],[-111.760432,44.602863],[-111.759959,44.603336],[-111.759601,44.60524],[-111.758471,44.606216],[-111.758021,44.606815],[-111.757434,44.607078],[-111.756968,44.607433],[-111.756694,44.608032],[-111.756594,44.608661],[-111.756442,44.608822],[-111.755938,44.609096],[-111.754824,44.609421],[-111.755061,44.609924],[-111.755282,44.61013],[-111.754908,44.610607],[-111.75487,44.610817],[-111.754931,44.610943],[-111.755282,44.611149],[-111.75545,44.611431],[-111.755359,44.612041],[-111.756091,44.612633],[-111.756213,44.613006],[-111.756465,44.613232],[-111.757495,44.613636],[-111.75825,44.614094],[-111.758884,44.614807],[-111.759349,44.615848]]}},{"type":"Feature","properties":{"id":"wat-b113","kind":"water","name":"Creek","acres":null,"editable":false,"source":"USGS 3DHP flowlines (Channel Line)"},"geometry":{"type":"LineString","coordinates":[[-111.871572,44.748637],[-111.871633,44.749637],[-111.871518,44.749923],[-111.871511,44.750472],[-111.871702,44.751037],[-111.871694,44.751353],[-111.871473,44.751933],[-111.871732,44.752509],[-111.871961,44.753516],[-111.871251,44.75534],[-111.870832,44.75542]]}},{"type":"Feature","properties":{"id":"wat-b114","kind":"water","name":"Creek","acres":null,"editable":false,"source":"USGS 3DHP flowlines (Channel Line)"},"geometry":{"type":"LineString","coordinates":[[-111.676144,44.817917],[-111.675656,44.818112],[-111.675557,44.818223],[-111.675603,44.818452],[-111.67542,44.818703],[-111.67484,44.818802],[-111.674435,44.818967],[-111.674084,44.819356]]}},{"type":"Feature","properties":{"id":"wat-b115","kind":"water","name":"West Fork Madison River","acres":null,"editable":false,"source":"USGS 3DHP flowlines (Channel Line)"},"geometry":{"type":"LineString","coordinates":[[-111.68108,44.757632],[-111.680333,44.757945],[-111.680111,44.758262],[-111.679715,44.758311],[-111.679554,44.758662],[-111.679097,44.75862],[-111.679142,44.758849],[-111.678982,44.758971],[-111.678486,44.758895],[-111.678006,44.759101],[-111.677761,44.759128],[-111.677586,44.758922],[-111.678082,44.758636],[-111.678044,44.758514],[-111.677616,44.758487],[-111.677326,44.758628],[-111.676884,44.758521],[-111.67635,44.758521],[-111.676342,44.758727],[-111.676754,44.759002],[-111.676686,44.759269],[-111.675984,44.759238],[-111.675953,44.759574],[-111.674923,44.760242],[-111.674679,44.760516],[-111.673939,44.760707],[-111.673969,44.760856],[-111.67429,44.76078],[-111.674565,44.760894],[-111.674694,44.761115],[-111.674595,44.76118],[-111.674275,44.761108],[-111.674175,44.761401],[-111.673649,44.761543],[-111.673496,44.761482],[-111.673474,44.761264],[-111.673016,44.761382],[-111.672993,44.761482],[-111.673374,44.761653],[-111.67326,44.761768],[-111.6731,44.761768],[-111.672985,44.762069]]}},{"type":"Feature","properties":{"id":"wat-b116","kind":"water","name":"Creek","acres":null,"editable":false,"source":"USGS 3DHP flowlines (Channel Line)"},"geometry":{"type":"LineString","coordinates":[[-111.767559,44.605564],[-111.767375,44.606647]]}},{"type":"Feature","properties":{"id":"wat-b117","kind":"water","name":"Creek","acres":null,"editable":false,"source":"USGS 3DHP flowlines (Channel Line)"},"geometry":{"type":"LineString","coordinates":[[-111.800772,44.63306],[-111.801123,44.633243],[-111.801558,44.633186]]}},{"type":"Feature","properties":{"id":"wat-b118","kind":"water","name":"Nye Creek","acres":null,"editable":false,"source":"USGS 3DHP flowlines (Channel Line)"},"geometry":{"type":"LineString","coordinates":[[-111.775211,44.60044],[-111.775059,44.60078],[-111.775089,44.600917],[-111.775524,44.600978],[-111.775722,44.60131],[-111.775646,44.601516],[-111.775394,44.601577],[-111.775326,44.601665],[-111.775585,44.601951],[-111.77541,44.602111],[-111.774982,44.602195],[-111.774853,44.602554],[-111.774303,44.602653],[-111.774105,44.603103],[-111.773899,44.603237],[-111.77409,44.603687],[-111.773853,44.604213],[-111.774189,44.604602],[-111.774265,44.604972],[-111.774166,44.60543],[-111.774105,44.605514],[-111.773319,44.605777],[-111.773426,44.606071],[-111.773342,44.606357],[-111.773182,44.60651],[-111.772472,44.606861],[-111.772304,44.607318],[-111.772404,44.607704],[-111.772236,44.608276],[-111.77206,44.608463],[-111.77177,44.608532],[-111.771656,44.608703],[-111.771915,44.609207],[-111.771931,44.609436]]}},{"type":"Feature","properties":{"id":"wat-b119","kind":"water","name":"Creek","acres":null,"editable":false,"source":"USGS 3DHP flowlines (Channel Line)"},"geometry":{"type":"LineString","coordinates":[[-111.871471,44.808674],[-111.872608,44.808552],[-111.873074,44.80859],[-111.8736,44.808514],[-111.874912,44.808518],[-111.87582,44.808121],[-111.876202,44.808033],[-111.878964,44.807602],[-111.880131,44.807236],[-111.880528,44.807018],[-111.881077,44.806442],[-111.882557,44.806015],[-111.883069,44.805756],[-111.883618,44.805306],[-111.884595,44.804958],[-111.886677,44.804729],[-111.887204,44.804729],[-111.887898,44.804886],[-111.88828,44.804886]]}},{"type":"Feature","properties":{"id":"wat-b120","kind":"water","name":"Creek","acres":null,"editable":false,"source":"USGS 3DHP flowlines (Channel Line)"},"geometry":{"type":"LineString","coordinates":[[-111.789964,44.789835],[-111.790574,44.789579],[-111.792161,44.78813],[-111.792855,44.787782],[-111.794419,44.787325],[-111.794969,44.787069],[-111.797075,44.785638],[-111.7977,44.785024],[-111.798189,44.784727],[-111.798959,44.783952],[-111.800531,44.782884],[-111.801034,44.782358],[-111.801431,44.781755],[-111.80166,44.78108]]}},{"type":"Feature","properties":{"id":"wat-b121","kind":"water","name":"Creek","acres":null,"editable":false,"source":"USGS 3DHP flowlines (Channel Line)"},"geometry":{"type":"LineString","coordinates":[[-111.758339,44.797576],[-111.757187,44.796584],[-111.75605,44.794925],[-111.754539,44.790992]]}},{"type":"Feature","properties":{"id":"wat-b122","kind":"water","name":"Creek","acres":null,"editable":false,"source":"USGS 3DHP flowlines (Channel Line)"},"geometry":{"type":"LineString","coordinates":[[-111.912489,44.788218],[-111.912665,44.788321],[-111.913779,44.788405],[-111.914549,44.788146],[-111.915205,44.788108],[-111.916396,44.788745],[-111.916983,44.788611],[-111.918059,44.788619],[-111.918501,44.788718],[-111.918852,44.788356],[-111.919264,44.788241],[-111.92002,44.787513],[-111.920516,44.787238],[-111.9206,44.787024],[-111.921126,44.786906],[-111.921996,44.786849],[-111.923323,44.785632],[-111.924155,44.785258],[-111.925139,44.785193],[-111.925544,44.784693]]}},{"type":"Feature","properties":{"id":"wat-b123","kind":"water","name":"Murphy Creek","acres":null,"editable":false,"source":"USGS 3DHP flowlines (Channel Line)"},"geometry":{"type":"LineString","coordinates":[[-111.88252,44.693899],[-111.882344,44.692484],[-111.881978,44.691626],[-111.881943,44.690984]]}},{"type":"Feature","properties":{"id":"wat-b124","kind":"water","name":"Creek","acres":null,"editable":false,"source":"USGS 3DHP flowlines (Channel Line)"},"geometry":{"type":"LineString","coordinates":[[-111.857341,44.705569],[-111.856411,44.704825],[-111.855716,44.704585],[-111.853946,44.704757],[-111.852191,44.704673],[-111.850742,44.704818],[-111.849208,44.70478],[-111.848468,44.70449],[-111.847423,44.703841],[-111.846499,44.703517],[-111.844096,44.703471],[-111.843562,44.703693],[-111.84331,44.703723],[-111.842372,44.703513],[-111.841983,44.70351],[-111.84122,44.703571],[-111.840579,44.703708]]}},{"type":"Feature","properties":{"id":"wat-b125","kind":"water","name":"Creek","acres":null,"editable":false,"source":"USGS 3DHP flowlines (Channel Line)"},"geometry":{"type":"LineString","coordinates":[[-111.889928,44.675379],[-111.889478,44.67491],[-111.889249,44.67486]]}},{"type":"Feature","properties":{"id":"wat-b126","kind":"water","name":"Little Elk River","acres":null,"editable":false,"source":"USGS 3DHP flowlines (Channel Line)"},"geometry":{"type":"LineString","coordinates":[[-111.769333,44.819869],[-111.768647,44.820186],[-111.76838,44.82022],[-111.765007,44.820228]]}},{"type":"Feature","properties":{"id":"wat-b127","kind":"water","name":"Creek","acres":null,"editable":false,"source":"USGS 3DHP flowlines (Channel Line)"},"geometry":{"type":"LineString","coordinates":[[-111.945122,44.666825],[-111.944878,44.666631]]}},{"type":"Feature","properties":{"id":"wat-b128","kind":"water","name":"Odell Creek","acres":null,"editable":false,"source":"USGS 3DHP flowlines (Channel Line)"},"geometry":{"type":"LineString","coordinates":[[-111.793965,44.594867],[-111.793996,44.594989],[-111.793744,44.595115],[-111.79337,44.595199],[-111.79308,44.595065],[-111.792851,44.595237],[-111.792897,44.595653],[-111.792745,44.595817],[-111.792737,44.595988],[-111.79292,44.595966],[-111.793111,44.59576],[-111.793483,44.595726],[-111.793553,44.595859],[-111.793431,44.595992],[-111.793012,44.596027],[-111.79276,44.596454],[-111.792996,44.596545],[-111.793126,44.596358],[-111.793263,44.59632],[-111.793477,44.596713],[-111.79408,44.596732],[-111.794301,44.596622],[-111.794477,44.596774],[-111.794767,44.596774],[-111.794812,44.596965],[-111.795125,44.597034],[-111.79572,44.597362],[-111.795835,44.597289],[-111.795514,44.596953],[-111.795522,44.59682],[-111.79572,44.596732],[-111.796117,44.596717],[-111.796361,44.597114],[-111.796193,44.59748],[-111.796354,44.597625],[-111.795972,44.597934],[-111.79617,44.598037],[-111.79614,44.598312],[-111.796407,44.598376],[-111.79646,44.598052],[-111.796613,44.598048],[-111.796956,44.598216],[-111.797307,44.598163],[-111.797147,44.598586],[-111.796911,44.598819],[-111.797094,44.59904],[-111.797315,44.598964],[-111.797422,44.599002],[-111.797597,44.599219],[-111.797567,44.59938],[-111.797864,44.599403],[-111.797895,44.59954],[-111.797696,44.599628],[-111.797574,44.599887],[-111.797727,44.60004],[-111.797994,44.60012],[-111.798246,44.600097],[-111.798101,44.60031],[-111.798154,44.600463],[-111.798337,44.600482],[-111.798711,44.600318],[-111.799047,44.600486],[-111.799215,44.600486],[-111.799497,44.600345],[-111.799596,44.600169],[-111.799833,44.600139],[-111.800001,44.599944],[-111.800215,44.599916],[-111.800024,44.600406],[-111.800611,44.600623],[-111.800611,44.600955],[-111.800947,44.600894],[-111.801115,44.601012],[-111.801267,44.60073],[-111.801443,44.600722],[-111.801527,44.600978],[-111.801878,44.601066],[-111.801977,44.601356],[-111.802328,44.601474],[-111.802328,44.601619],[-111.802091,44.601714],[-111.802007,44.60184],[-111.801687,44.601623],[-111.801397,44.601863],[-111.801061,44.601974],[-111.801122,44.602172],[-111.80145,44.60221],[-111.801527,44.602313],[-111.801466,44.602561],[-111.801176,44.602679]]}},{"type":"Feature","properties":{"id":"wat-b129","kind":"water","name":"Creek","acres":null,"editable":false,"source":"USGS 3DHP flowlines (Channel Line)"},"geometry":{"type":"LineString","coordinates":[[-111.887174,44.683088],[-111.887158,44.682184],[-111.887334,44.681811],[-111.887334,44.680544],[-111.88728,44.68001],[-111.886952,44.679598],[-111.886952,44.679472],[-111.887395,44.678377],[-111.887441,44.676901],[-111.887273,44.676531],[-111.886762,44.67615],[-111.886952,44.675833],[-111.886807,44.675036]]}},{"type":"Feature","properties":{"id":"wat-b130","kind":"water","name":"Creek","acres":null,"editable":false,"source":"USGS 3DHP flowlines (Channel Line)"},"geometry":{"type":"LineString","coordinates":[[-111.943368,44.738702],[-111.944016,44.738069],[-111.943978,44.737493],[-111.944154,44.736726],[-111.944398,44.736001],[-111.944612,44.73581],[-111.944741,44.735509],[-111.945207,44.735063],[-111.945619,44.734941],[-111.946176,44.734887],[-111.946511,44.734696],[-111.947328,44.73372],[-111.947572,44.732694],[-111.948709,44.731919]]}},{"type":"Feature","properties":{"id":"wat-b131","kind":"water","name":"Creek","acres":null,"editable":false,"source":"USGS 3DHP flowlines (Channel Line)"},"geometry":{"type":"LineString","coordinates":[[-111.79223,44.796194],[-111.792565,44.795958],[-111.793275,44.795122],[-111.793824,44.79476],[-111.794595,44.79402],[-111.794885,44.793848],[-111.795045,44.793524]]}},{"type":"Feature","properties":{"id":"wat-b132","kind":"water","name":"Nye Creek","acres":null,"editable":false,"source":"USGS 3DHP flowlines (Channel Line)"},"geometry":{"type":"LineString","coordinates":[[-111.771931,44.609436],[-111.77158,44.610187],[-111.771641,44.610305],[-111.772259,44.610569],[-111.772564,44.611042],[-111.7729,44.612312],[-111.772831,44.612423],[-111.772312,44.612674],[-111.772366,44.612777],[-111.772785,44.612991],[-111.772236,44.613098],[-111.772182,44.613163],[-111.772274,44.613304],[-111.772526,44.613346],[-111.772846,44.613323],[-111.773029,44.613155],[-111.773266,44.613311],[-111.773045,44.613784],[-111.77277,44.613952],[-111.772205,44.61409],[-111.77187,44.614051],[-111.771671,44.614151],[-111.771229,44.614139],[-111.771229,44.614601],[-111.771465,44.614826],[-111.771389,44.61491],[-111.770756,44.614856],[-111.77084,44.615299]]}},{"type":"Feature","properties":{"id":"wat-b133","kind":"water","name":"Little Elk River","acres":null,"editable":false,"source":"USGS 3DHP flowlines (Channel Line)"},"geometry":{"type":"LineString","coordinates":[[-111.771958,44.820243],[-111.770684,44.820464],[-111.770165,44.819946],[-111.769913,44.819869],[-111.769333,44.819869]]}},{"type":"Feature","properties":{"id":"wat-b134","kind":"water","name":"Creek","acres":null,"editable":false,"source":"USGS 3DHP flowlines (Channel Line)"},"geometry":{"type":"LineString","coordinates":[[-111.856021,44.822881],[-111.855373,44.822568],[-111.855136,44.822538],[-111.854106,44.822114],[-111.853511,44.821416],[-111.852618,44.820829],[-111.852306,44.820131],[-111.852077,44.819879],[-111.85155,44.819589],[-111.851123,44.8192],[-111.850566,44.81899],[-111.850093,44.8187],[-111.849132,44.818338],[-111.849063,44.816575],[-111.849422,44.815442],[-111.849406,44.815305],[-111.849002,44.814904],[-111.849246,44.814038],[-111.849689,44.813436]]}},{"type":"Feature","properties":{"id":"wat-b135","kind":"water","name":"Creek","acres":null,"editable":false,"source":"USGS 3DHP flowlines (Channel Line)"},"geometry":{"type":"LineString","coordinates":[[-111.822967,44.626262],[-111.823059,44.627387],[-111.824547,44.629275],[-111.825043,44.629439],[-111.825707,44.629462],[-111.826035,44.629352],[-111.826813,44.628833]]}},{"type":"Feature","properties":{"id":"wat-b136","kind":"water","name":"Fish Creek","acres":null,"editable":false,"source":"USGS 3DHP flowlines (Channel Line)"},"geometry":{"type":"LineString","coordinates":[[-111.965082,44.739842],[-111.964914,44.739663],[-111.964937,44.739579],[-111.965128,44.739514],[-111.965128,44.739278],[-111.965395,44.739308],[-111.965334,44.739152],[-111.965769,44.73874],[-111.965555,44.738492],[-111.965708,44.738385],[-111.96567,44.738186],[-111.965807,44.738015],[-111.965647,44.73766],[-111.965723,44.736867],[-111.965235,44.736298],[-111.965235,44.735741],[-111.964823,44.734944],[-111.964342,44.734505],[-111.964075,44.734463],[-111.963747,44.734296],[-111.963595,44.734315],[-111.96316,44.734189],[-111.962893,44.734235],[-111.962473,44.734067],[-111.961977,44.733475],[-111.961779,44.733411],[-111.961733,44.733227],[-111.961542,44.733117],[-111.961397,44.732873],[-111.961153,44.732861],[-111.960413,44.732613],[-111.960054,44.732232],[-111.959719,44.732205],[-111.959513,44.732266],[-111.959223,44.732106],[-111.958933,44.73211],[-111.958925,44.731858],[-111.958765,44.731747],[-111.958772,44.731583],[-111.958429,44.731671]]}},{"type":"Feature","properties":{"id":"wat-b137","kind":"water","name":"Creek","acres":null,"editable":false,"source":"USGS 3DHP flowlines (Channel Line)"},"geometry":{"type":"LineString","coordinates":[[-111.892483,44.629717],[-111.892521,44.629907],[-111.8923,44.630045],[-111.89214,44.6304],[-111.891308,44.631296],[-111.891621,44.631609],[-111.891461,44.631956],[-111.89198,44.632433],[-111.892018,44.63339],[-111.892209,44.633829],[-111.892354,44.63394],[-111.892323,44.634298],[-111.892567,44.635065],[-111.892995,44.635412],[-111.893307,44.635504],[-111.893368,44.635862],[-111.893574,44.636164],[-111.893483,44.636438],[-111.893674,44.636808],[-111.893147,44.637384]]}},{"type":"Feature","properties":{"id":"wat-b138","kind":"water","name":"Creek","acres":null,"editable":false,"source":"USGS 3DHP flowlines (Channel Line)"},"geometry":{"type":"LineString","coordinates":[[-111.865513,44.816853],[-111.865581,44.817159],[-111.866626,44.81796],[-111.867962,44.818185],[-111.87006,44.817986],[-111.870273,44.817925],[-111.87067,44.81754],[-111.872318,44.815266],[-111.872852,44.81503],[-111.873386,44.814931],[-111.873859,44.814633]]}},{"type":"Feature","properties":{"id":"wat-b139","kind":"water","name":"West Fork Madison River","acres":null,"editable":false,"source":"USGS 3DHP flowlines (Channel Line)"},"geometry":{"type":"LineString","coordinates":[[-111.822222,44.761284],[-111.820651,44.761963],[-111.820345,44.762173],[-111.819651,44.762742],[-111.819041,44.763581],[-111.81872,44.763741],[-111.818102,44.763875],[-111.817522,44.764123],[-111.816729,44.764245],[-111.815897,44.764317],[-111.814409,44.764233],[-111.813921,44.764409]]}},{"type":"Feature","properties":{"id":"wat-b140","kind":"water","name":"Dirty Creek","acres":null,"editable":false,"source":"USGS 3DHP flowlines (Channel Line)"},"geometry":{"type":"LineString","coordinates":[[-111.745025,44.807823],[-111.744514,44.80762],[-111.742927,44.807529],[-111.741889,44.807216],[-111.740958,44.807102],[-111.740379,44.80693],[-111.739112,44.806888],[-111.738746,44.806701],[-111.738174,44.806564],[-111.735808,44.806484],[-111.734984,44.806549],[-111.733184,44.806842],[-111.732482,44.806785],[-111.731536,44.8069],[-111.730285,44.807617],[-111.729514,44.807785],[-111.729064,44.807785],[-111.728728,44.807903],[-111.728545,44.807834],[-111.728446,44.807617],[-111.728041,44.807335],[-111.727782,44.807319],[-111.727385,44.807171],[-111.726973,44.807254],[-111.726462,44.80698],[-111.725882,44.806842],[-111.725257,44.80677],[-111.724913,44.806816],[-111.724623,44.806999],[-111.724288,44.807079],[-111.723563,44.807041],[-111.720381,44.805797],[-111.719778,44.80537],[-111.718077,44.804832],[-111.716551,44.804653],[-111.714941,44.803962],[-111.714438,44.803966],[-111.713408,44.804279],[-111.711866,44.804512],[-111.711424,44.804756],[-111.710577,44.80484],[-111.709333,44.804813],[-111.708578,44.804916],[-111.706694,44.804569],[-111.706053,44.804298],[-111.705274,44.804149],[-111.703787,44.804138],[-111.70239,44.804325],[-111.701162,44.804253],[-111.700452,44.80431],[-111.699888,44.804497]]}},{"type":"Feature","properties":{"id":"wat-b141","kind":"water","name":"Creek","acres":null,"editable":false,"source":"USGS 3DHP flowlines (Channel Line)"},"geometry":{"type":"LineString","coordinates":[[-111.916739,44.692754],[-111.915893,44.692751],[-111.91426,44.692438],[-111.913779,44.692449],[-111.912276,44.692705],[-111.911826,44.692701],[-111.90808,44.691713],[-111.906386,44.691]]}},{"type":"Feature","properties":{"id":"wat-b142","kind":"water","name":"Creek","acres":null,"editable":false,"source":"USGS 3DHP flowlines (Channel Line)"},"geometry":{"type":"LineString","coordinates":[[-111.802878,44.632812],[-111.803115,44.632942],[-111.803527,44.632808],[-111.803832,44.632507],[-111.803984,44.632171]]}},{"type":"Feature","properties":{"id":"wat-b143","kind":"water","name":"Odell Creek","acres":null,"editable":false,"source":"USGS 3DHP flowlines (Channel Line)"},"geometry":{"type":"LineString","coordinates":[[-111.809867,44.621226],[-111.810149,44.621253],[-111.810393,44.621528],[-111.811019,44.621596],[-111.811133,44.621677],[-111.811072,44.622027],[-111.810645,44.622283],[-111.810546,44.622619],[-111.810805,44.622699],[-111.811294,44.622684],[-111.811545,44.622806],[-111.811553,44.623256],[-111.811065,44.623611],[-111.811263,44.623817],[-111.812026,44.623893],[-111.812697,44.624271],[-111.812827,44.624492],[-111.812469,44.624975],[-111.812507,44.625056],[-111.813163,44.625018],[-111.813346,44.625075],[-111.813254,44.625293],[-111.812896,44.625632],[-111.813003,44.626105],[-111.812873,44.626269],[-111.813087,44.626365],[-111.813445,44.626281],[-111.813598,44.626315],[-111.813758,44.626479],[-111.813743,44.626605],[-111.813262,44.626811],[-111.813262,44.626868],[-111.813728,44.626998],[-111.813995,44.627174]]}},{"type":"Feature","properties":{"id":"wat-b144","kind":"water","name":"Matsingale Creek","acres":null,"editable":false,"source":"USGS 3DHP flowlines (Channel Line)"},"geometry":{"type":"LineString","coordinates":[[-111.87849,44.611837],[-111.878352,44.612452],[-111.87833,44.613646],[-111.878269,44.613806],[-111.877826,44.614202],[-111.877483,44.61548],[-111.877246,44.615835],[-111.877277,44.616301],[-111.877178,44.616648],[-111.876086,44.618044],[-111.87617,44.618681],[-111.876781,44.620104],[-111.876773,44.620588],[-111.876666,44.620829],[-111.875636,44.621325],[-111.874896,44.622057],[-111.873653,44.622778],[-111.868716,44.624766],[-111.867785,44.625506],[-111.867419,44.625921],[-111.866008,44.627028],[-111.864512,44.628012],[-111.864047,44.628252],[-111.863322,44.628371],[-111.861842,44.62905]]}},{"type":"Feature","properties":{"id":"wat-b145","kind":"water","name":"Buford Creek","acres":null,"editable":false,"source":"USGS 3DHP flowlines (Channel Line)"},"geometry":{"type":"LineString","coordinates":[[-111.8699,44.803608],[-111.870701,44.803047],[-111.871098,44.802071],[-111.871723,44.80122],[-111.872273,44.8009],[-111.872914,44.800167],[-111.873127,44.800041],[-111.873547,44.79998],[-111.873577,44.799851],[-111.873371,44.798821],[-111.873234,44.798596],[-111.872631,44.798145],[-111.87077,44.797039],[-111.870533,44.796353],[-111.869084,44.795006],[-111.868511,44.793755]]}},{"type":"Feature","properties":{"id":"wat-b146","kind":"water","name":"Fossil Creek","acres":null,"editable":false,"source":"USGS 3DHP flowlines (Channel Line)"},"geometry":{"type":"LineString","coordinates":[[-111.852001,44.805775],[-111.852443,44.805009],[-111.852611,44.804189],[-111.852497,44.803963],[-111.852542,44.803773],[-111.852916,44.803132],[-111.853458,44.802727],[-111.853031,44.802418],[-111.853183,44.801976],[-111.853031,44.801457],[-111.852893,44.801278],[-111.852306,44.801015],[-111.852443,44.800481],[-111.851917,44.79976],[-111.851886,44.799428],[-111.852001,44.799],[-111.852306,44.798596],[-111.852253,44.798211],[-111.852527,44.797764],[-111.853069,44.797455],[-111.853168,44.797047],[-111.852962,44.796761],[-111.853428,44.7963],[-111.853443,44.795655],[-111.853618,44.794953]]}},{"type":"Feature","properties":{"id":"wat-b147","kind":"water","name":"Creek","acres":null,"editable":false,"source":"USGS 3DHP flowlines (Channel Line)"},"geometry":{"type":"LineString","coordinates":[[-111.711637,44.794067],[-111.710562,44.79338],[-111.710394,44.793079],[-111.710035,44.792942],[-111.709394,44.792915],[-111.708227,44.792938],[-111.707853,44.793033],[-111.707586,44.793243],[-111.707151,44.794178],[-111.706762,44.794399],[-111.705145,44.794952],[-111.704481,44.794902],[-111.703397,44.794571],[-111.703184,44.794788],[-111.702894,44.794853],[-111.702314,44.794803],[-111.70136,44.794544],[-111.700956,44.794281],[-111.700521,44.794201]]}},{"type":"Feature","properties":{"id":"wat-b148","kind":"water","name":"West Fork Madison River","acres":null,"editable":false,"source":"USGS 3DHP flowlines (Channel Line)"},"geometry":{"type":"LineString","coordinates":[[-111.702962,44.751746],[-111.701741,44.752177],[-111.700795,44.75236],[-111.700421,44.752265],[-111.7002,44.75244],[-111.70007,44.752448],[-111.700063,44.752234],[-111.699895,44.752211],[-111.69872,44.753035],[-111.698064,44.753249],[-111.69753,44.754061],[-111.696965,44.754203],[-111.696851,44.754306],[-111.696454,44.754214],[-111.695813,44.754435],[-111.69595,44.754615],[-111.696477,44.754702],[-111.696622,44.754824],[-111.696576,44.754916],[-111.696095,44.75508]]}},{"type":"Feature","properties":{"id":"wat-b149","kind":"water","name":"North Fork Tepee Creek","acres":null,"editable":false,"source":"USGS 3DHP flowlines (Channel Line)"},"geometry":{"type":"LineString","coordinates":[[-111.758575,44.802161],[-111.757873,44.802001],[-111.756836,44.801948],[-111.755439,44.80141],[-111.754745,44.801238],[-111.753776,44.80115],[-111.752433,44.80067],[-111.750816,44.800609],[-111.748374,44.800693],[-111.747596,44.800269],[-111.746749,44.799636],[-111.742667,44.798751],[-111.742316,44.798534],[-111.741149,44.79745],[-111.740546,44.797111],[-111.739783,44.796382],[-111.739058,44.795917],[-111.738898,44.795657],[-111.738395,44.795272],[-111.737578,44.794841],[-111.734702,44.793922],[-111.732886,44.792964],[-111.732306,44.792125],[-111.731719,44.790729],[-111.731322,44.790328],[-111.729025,44.789073],[-111.727553,44.788524],[-111.725867,44.788081],[-111.724814,44.787627],[-111.724043,44.786269],[-111.724005,44.785956],[-111.722212,44.78411],[-111.721998,44.783778],[-111.721953,44.783446],[-111.721441,44.782905],[-111.721266,44.782504],[-111.720381,44.781688],[-111.720183,44.781325],[-111.719725,44.78099],[-111.719488,44.780334],[-111.719267,44.780162],[-111.718931,44.780063],[-111.718695,44.779666],[-111.717657,44.778949],[-111.716421,44.778358],[-111.714941,44.777953],[-111.712896,44.777137],[-111.712591,44.776786],[-111.712271,44.776588]]}},{"type":"Feature","properties":{"id":"wat-b150","kind":"water","name":"Creek","acres":null,"editable":false,"source":"USGS 3DHP flowlines (Channel Line)"},"geometry":{"type":"LineString","coordinates":[[-111.704107,44.75315],[-111.703611,44.752783],[-111.703412,44.752184],[-111.703183,44.75183],[-111.702962,44.751746]]}},{"type":"Feature","properties":{"id":"wat-b151","kind":"water","name":"Brundage Creek","acres":null,"editable":false,"source":"USGS 3DHP flowlines (Channel Line)"},"geometry":{"type":"LineString","coordinates":[[-111.971964,44.671853],[-111.971758,44.670525],[-111.971415,44.670308],[-111.970926,44.669648],[-111.971163,44.669011],[-111.971132,44.668873]]}},{"type":"Feature","properties":{"id":"wat-b152","kind":"water","name":"Creek","acres":null,"editable":false,"source":"USGS 3DHP flowlines (Channel Line)"},"geometry":{"type":"LineString","coordinates":[[-111.961053,44.593121],[-111.961472,44.593617],[-111.961686,44.594109],[-111.961732,44.594613],[-111.961968,44.595036],[-111.961953,44.595112],[-111.961732,44.595196],[-111.961839,44.595498],[-111.961717,44.595547],[-111.961678,44.596097],[-111.961404,44.596169],[-111.961106,44.596959],[-111.961236,44.59742],[-111.961068,44.598096],[-111.961152,44.599713],[-111.961312,44.600121],[-111.961518,44.6003],[-111.961495,44.600392]]}},{"type":"Feature","properties":{"id":"wat-b153","kind":"water","name":"Creek","acres":null,"editable":false,"source":"USGS 3DHP flowlines (Channel Line)"},"geometry":{"type":"LineString","coordinates":[[-111.809867,44.621226],[-111.809829,44.620547],[-111.810042,44.620502],[-111.810614,44.62083],[-111.810973,44.620925],[-111.811294,44.621219],[-111.811599,44.621284],[-111.811782,44.621039],[-111.811622,44.620681],[-111.812049,44.620524],[-111.812392,44.619884],[-111.812324,44.619815],[-111.811965,44.619781],[-111.811911,44.619598],[-111.812018,44.619521],[-111.812423,44.619563],[-111.813048,44.620029],[-111.812972,44.620174],[-111.812552,44.620395],[-111.812476,44.620849],[-111.812713,44.620917],[-111.813529,44.620658],[-111.813529,44.620948],[-111.813262,44.621345],[-111.813285,44.621524],[-111.813758,44.621654],[-111.814704,44.621638],[-111.814597,44.622088],[-111.814742,44.622302],[-111.815223,44.62226],[-111.815406,44.622012],[-111.815383,44.621795],[-111.814864,44.621123],[-111.814902,44.620921],[-111.815055,44.620898],[-111.815589,44.621062],[-111.815749,44.621253],[-111.815826,44.621669],[-111.815978,44.621791],[-111.816154,44.621753],[-111.816695,44.621249],[-111.817039,44.621272],[-111.817153,44.621627],[-111.816428,44.622069],[-111.816352,44.622165],[-111.816406,44.622321],[-111.816634,44.62242],[-111.817474,44.622409],[-111.817764,44.622539],[-111.817619,44.622779],[-111.816696,44.623118],[-111.816543,44.623542],[-111.816673,44.623729],[-111.816863,44.623752],[-111.817733,44.623305],[-111.818023,44.62345],[-111.818229,44.623858],[-111.817832,44.624263],[-111.818069,44.624652],[-111.81752,44.624766],[-111.817738,44.624929],[-111.818573,44.625167],[-111.818679,44.625102],[-111.818748,44.624778],[-111.818847,44.624759],[-111.819595,44.625133],[-111.820533,44.624896],[-111.820999,44.62456],[-111.821396,44.624534],[-111.821853,44.624675],[-111.821953,44.625056],[-111.822059,44.625148],[-111.822822,44.62514]]}},{"type":"Feature","properties":{"id":"wat-b154","kind":"water","name":"Battle Creek","acres":null,"editable":false,"source":"USGS 3DHP flowlines (Channel Line)"},"geometry":{"type":"LineString","coordinates":[[-111.676568,44.610097],[-111.677178,44.610459],[-111.677888,44.610597],[-111.677926,44.61081],[-111.678086,44.610856],[-111.67849,44.610841],[-111.678872,44.610707],[-111.67907,44.61073],[-111.679642,44.611306],[-111.680306,44.611535],[-111.680253,44.611668],[-111.679772,44.611871],[-111.679887,44.611943],[-111.681168,44.611993],[-111.682259,44.612351],[-111.682443,44.612325],[-111.68258,44.612183]]}},{"type":"Feature","properties":{"id":"wat-b155","kind":"water","name":"Creek","acres":null,"editable":false,"source":"USGS 3DHP flowlines (Channel Line)"},"geometry":{"type":"LineString","coordinates":[[-111.816017,44.633788],[-111.816459,44.633697],[-111.816787,44.633926],[-111.816879,44.633769],[-111.816757,44.633575],[-111.816398,44.633414],[-111.816116,44.633151],[-111.815299,44.633109],[-111.814865,44.633193],[-111.814216,44.633533],[-111.813957,44.633544],[-111.813423,44.63317],[-111.813056,44.633071],[-111.812804,44.63309],[-111.812072,44.633273],[-111.812057,44.633437],[-111.812392,44.63367],[-111.812324,44.633735],[-111.812026,44.633716]]}},{"type":"Feature","properties":{"id":"wat-b156","kind":"water","name":"Creek","acres":null,"editable":false,"source":"USGS 3DHP flowlines (Channel Line)"},"geometry":{"type":"LineString","coordinates":[[-111.842029,44.81635],[-111.842509,44.816297],[-111.843142,44.815908],[-111.844623,44.815751],[-111.845096,44.815488],[-111.846049,44.815351],[-111.846408,44.815076],[-111.846538,44.814817],[-111.847133,44.814813],[-111.847522,44.814401]]}},{"type":"Feature","properties":{"id":"wat-b157","kind":"water","name":"Elk River","acres":null,"editable":false,"source":"USGS 3DHP flowlines (Channel Line)"},"geometry":{"type":"LineString","coordinates":[[-111.725478,44.82362],[-111.725478,44.823292],[-111.724807,44.822624],[-111.724326,44.822239],[-111.723204,44.821716],[-111.722586,44.82056],[-111.722129,44.820393],[-111.721434,44.820343],[-111.721205,44.820263],[-111.720976,44.820049],[-111.720534,44.81984],[-111.719801,44.819752],[-111.719512,44.81937],[-111.718482,44.819012],[-111.717444,44.818264],[-111.717078,44.817841],[-111.717116,44.817337],[-111.716383,44.81662],[-111.716223,44.81633],[-111.716177,44.815887],[-111.715918,44.815567],[-111.715842,44.814838],[-111.715552,44.814621],[-111.714918,44.814503],[-111.713934,44.814026],[-111.713286,44.81382]]}},{"type":"Feature","properties":{"id":"wat-b158","kind":"water","name":"Creek","acres":null,"editable":false,"source":"USGS 3DHP flowlines (Channel Line)"},"geometry":{"type":"LineString","coordinates":[[-111.77211,44.8026],[-111.771553,44.802142],[-111.770249,44.801306],[-111.769669,44.800738],[-111.768997,44.799506],[-111.768837,44.798663]]}},{"type":"Feature","properties":{"id":"wat-b159","kind":"water","name":"Creek","acres":null,"editable":false,"source":"USGS 3DHP flowlines (Channel Line)"},"geometry":{"type":"LineString","coordinates":[[-111.926422,44.74225],[-111.926567,44.741964],[-111.927048,44.741556],[-111.927193,44.741331],[-111.927216,44.740655],[-111.927101,44.739984],[-111.927406,44.739408],[-111.927277,44.739011],[-111.926453,44.738309],[-111.926331,44.738035],[-111.925407,44.737478],[-111.924751,44.736913],[-111.922142,44.735559],[-111.921905,44.735326],[-111.921707,44.734804]]}},{"type":"Feature","properties":{"id":"wat-b160","kind":"water","name":"Creek","acres":null,"editable":false,"source":"USGS 3DHP flowlines (Channel Line)"},"geometry":{"type":"LineString","coordinates":[[-111.885776,44.580343],[-111.885913,44.582781],[-111.885608,44.583837],[-111.885646,44.584387],[-111.886066,44.584722],[-111.886226,44.585054],[-111.886753,44.585481],[-111.887172,44.586195],[-111.887256,44.586534],[-111.886631,44.587183],[-111.886821,44.587846],[-111.886653,44.588552],[-111.886516,44.588739],[-111.885967,44.589079],[-111.885303,44.589998],[-111.885097,44.590544],[-111.88515,44.590921],[-111.885402,44.591444],[-111.886226,44.592191],[-111.885753,44.593622],[-111.885852,44.594064],[-111.886371,44.594961],[-111.886097,44.595392],[-111.886188,44.595735],[-111.885982,44.596147],[-111.885936,44.596521],[-111.885326,44.596834],[-111.885326,44.596998],[-111.886013,44.597364],[-111.887256,44.597734],[-111.887378,44.598089],[-111.887813,44.598318],[-111.887989,44.598589],[-111.888759,44.599184],[-111.889057,44.599649],[-111.889347,44.599802],[-111.890781,44.601114],[-111.890957,44.601648],[-111.891293,44.601904],[-111.891857,44.602144],[-111.892063,44.60243],[-111.891941,44.602796],[-111.892674,44.603822],[-111.893589,44.604192],[-111.893688,44.604353],[-111.893437,44.604627],[-111.893833,44.604822],[-111.893673,44.604994],[-111.893673,44.605146],[-111.893498,44.605283],[-111.892941,44.605432],[-111.892498,44.605489],[-111.891682,44.605318],[-111.891117,44.605398],[-111.89072,44.605875],[-111.890751,44.60626],[-111.890659,44.606546],[-111.890133,44.607141],[-111.88953,44.608156],[-111.887974,44.609751],[-111.887211,44.611181],[-111.886623,44.611921],[-111.885547,44.613012],[-111.88509,44.613371],[-111.883968,44.614015],[-111.883381,44.61516]]}},{"type":"Feature","properties":{"id":"wat-b161","kind":"water","name":"Cascade Creek","acres":null,"editable":false,"source":"USGS 3DHP flowlines (Channel Line)"},"geometry":{"type":"LineString","coordinates":[[-111.806261,44.791334],[-111.806314,44.790769],[-111.807504,44.788427],[-111.80752,44.788175]]}},{"type":"Feature","properties":{"id":"wat-b162","kind":"water","name":"Creek","acres":null,"editable":false,"source":"USGS 3DHP flowlines (Channel Line)"},"geometry":{"type":"LineString","coordinates":[[-111.676638,44.691744],[-111.676265,44.691523],[-111.674792,44.691256],[-111.674128,44.690931],[-111.673113,44.69021],[-111.672534,44.689543],[-111.672083,44.688696],[-111.671618,44.688139],[-111.670962,44.686804],[-111.669634,44.68585],[-111.6673,44.684694],[-111.665621,44.683218],[-111.664568,44.682753],[-111.664194,44.682394]]}},{"type":"Feature","properties":{"id":"wat-b163","kind":"water","name":"Creek","acres":null,"editable":false,"source":"USGS 3DHP flowlines (Channel Line)"},"geometry":{"type":"LineString","coordinates":[[-111.90026,44.757243],[-111.900763,44.756773],[-111.900923,44.756415],[-111.901953,44.756022],[-111.902472,44.755724],[-111.903457,44.754927],[-111.903861,44.754309],[-111.904906,44.753515],[-111.904723,44.753069],[-111.904571,44.751417]]}},{"type":"Feature","properties":{"id":"wat-b164","kind":"water","name":"Elk River","acres":null,"editable":false,"source":"USGS 3DHP flowlines (Channel Line)"},"geometry":{"type":"LineString","coordinates":[[-111.693845,44.807232],[-111.693471,44.807121],[-111.692251,44.80748],[-111.691472,44.807419],[-111.690183,44.807469]]}},{"type":"Feature","properties":{"id":"wat-b165","kind":"water","name":"Tepee Creek","acres":null,"editable":false,"source":"USGS 3DHP flowlines (Channel Line)"},"geometry":{"type":"LineString","coordinates":[[-111.712271,44.776588],[-111.711981,44.776649],[-111.711363,44.776511],[-111.710874,44.776187],[-111.710554,44.776126],[-111.709158,44.776145],[-111.708402,44.776427],[-111.708151,44.776454],[-111.707227,44.776397],[-111.706876,44.776614],[-111.706434,44.776645],[-111.706121,44.776786],[-111.705617,44.776786],[-111.704877,44.777076],[-111.703626,44.777698],[-111.703115,44.778144],[-111.702436,44.77806],[-111.701658,44.778159],[-111.701131,44.778148],[-111.700734,44.778243],[-111.700651,44.778446],[-111.70049,44.778461],[-111.699888,44.778301],[-111.698362,44.778163],[-111.697995,44.778053],[-111.69769,44.778076],[-111.697057,44.777919],[-111.695874,44.777782],[-111.694661,44.777408],[-111.69399,44.776973]]}},{"type":"Feature","properties":{"id":"wat-b166","kind":"water","name":"West Fork Madison River","acres":null,"editable":false,"source":"USGS 3DHP flowlines (Channel Line)"},"geometry":{"type":"LineString","coordinates":[[-111.900053,44.762381],[-111.900015,44.761973],[-111.899809,44.761611],[-111.898619,44.760764],[-111.89762,44.760668],[-111.896635,44.760878],[-111.895102,44.761027],[-111.894575,44.761302],[-111.894369,44.761317],[-111.893004,44.761038],[-111.89189,44.760493],[-111.890791,44.760249],[-111.88899,44.75883],[-111.888632,44.758109],[-111.888395,44.757838],[-111.888212,44.757758],[-111.88767,44.757807],[-111.887098,44.758204],[-111.886724,44.758357],[-111.88645,44.7587],[-111.886206,44.759311],[-111.886015,44.75944],[-111.885473,44.759589],[-111.884832,44.759375],[-111.88397,44.759574],[-111.883535,44.759566],[-111.883245,44.759463],[-111.882719,44.759051],[-111.88204,44.758975],[-111.881368,44.758567],[-111.881094,44.758563],[-111.880788,44.758689]]}},{"type":"Feature","properties":{"id":"wat-b167","kind":"water","name":"Creek","acres":null,"editable":false,"source":"USGS 3DHP flowlines (Channel Line)"},"geometry":{"type":"LineString","coordinates":[[-111.900892,44.794689],[-111.901052,44.794475],[-111.90151,44.794338],[-111.902135,44.794399],[-111.904455,44.79531],[-111.906194,44.795699],[-111.907629,44.796977],[-111.909559,44.797202]]}},{"type":"Feature","properties":{"id":"wat-b168","kind":"water","name":"Creek","acres":null,"editable":false,"source":"USGS 3DHP flowlines (Channel Line)"},"geometry":{"type":"LineString","coordinates":[[-111.766899,44.817184],[-111.766655,44.817947],[-111.766106,44.818732],[-111.765816,44.819473],[-111.765007,44.820228]]}},{"type":"Feature","properties":{"id":"wat-b169","kind":"water","name":"Creek","acres":null,"editable":false,"source":"USGS 3DHP flowlines (Channel Line)"},"geometry":{"type":"LineString","coordinates":[[-111.966608,44.681103],[-111.967546,44.680722]]}},{"type":"Feature","properties":{"id":"wat-b170","kind":"water","name":"Fish Creek","acres":null,"editable":false,"source":"USGS 3DHP flowlines (Channel Line)"},"geometry":{"type":"LineString","coordinates":[[-111.936493,44.715135],[-111.936448,44.714998],[-111.936554,44.714887],[-111.936577,44.714586],[-111.936318,44.713945],[-111.935921,44.713762],[-111.935875,44.713151],[-111.936234,44.713105],[-111.936463,44.712846],[-111.936478,44.712793],[-111.936272,44.712709],[-111.936318,44.712308],[-111.936776,44.712182],[-111.937043,44.711717],[-111.937027,44.711595],[-111.937355,44.711351],[-111.937546,44.71103],[-111.937424,44.710469],[-111.937546,44.710057],[-111.937523,44.709275],[-111.937722,44.707975],[-111.937302,44.707235],[-111.937386,44.70667]]}},{"type":"Feature","properties":{"id":"wat-b171","kind":"water","name":"Creek","acres":null,"editable":false,"source":"USGS 3DHP flowlines (Channel Line)"},"geometry":{"type":"LineString","coordinates":[[-111.901105,44.627676],[-111.90183,44.628004],[-111.902021,44.628179],[-111.902173,44.628534],[-111.902265,44.629358],[-111.902684,44.629633],[-111.902715,44.630033],[-111.902944,44.630308],[-111.90302,44.632063],[-111.903402,44.632993],[-111.903295,44.633268],[-111.903043,44.633543],[-111.903188,44.633955],[-111.903058,44.634214]]}},{"type":"Feature","properties":{"id":"wat-b172","kind":"water","name":"Shambow Creek","acres":null,"editable":false,"source":"USGS 3DHP flowlines (Channel Line)"},"geometry":{"type":"LineString","coordinates":[[-111.808401,44.603766],[-111.808058,44.60403],[-111.807532,44.604243],[-111.807356,44.604453],[-111.807142,44.605037],[-111.807043,44.605941],[-111.806532,44.606772],[-111.806471,44.607322]]}},{"type":"Feature","properties":{"id":"wat-b173","kind":"water","name":"Creek","acres":null,"editable":false,"source":"USGS 3DHP flowlines (Channel Line)"},"geometry":{"type":"LineString","coordinates":[[-111.98698,44.717663],[-111.986644,44.717827],[-111.986186,44.717663],[-111.985484,44.717663],[-111.985149,44.717751],[-111.985057,44.717861],[-111.984553,44.718083],[-111.983554,44.718148],[-111.983279,44.718083],[-111.982921,44.717755],[-111.981753,44.717728],[-111.980914,44.717808],[-111.979937,44.71748],[-111.979014,44.717469],[-111.97832,44.716866],[-111.978068,44.716317],[-111.97742,44.715889],[-111.977259,44.715641],[-111.976527,44.715207],[-111.975146,44.714737],[-111.974963,44.714455]]}},{"type":"Feature","properties":{"id":"wat-b174","kind":"water","name":"Creek","acres":null,"editable":false,"source":"USGS 3DHP flowlines (Channel Line)"},"geometry":{"type":"LineString","coordinates":[[-111.805521,44.750416],[-111.805315,44.751133],[-111.804949,44.751381],[-111.804651,44.751778],[-111.803781,44.751996],[-111.802217,44.751855],[-111.801645,44.751923],[-111.801324,44.751805],[-111.800531,44.751794],[-111.800294,44.751835],[-111.800004,44.752099],[-111.799684,44.752141],[-111.79928,44.751877],[-111.798761,44.751778],[-111.798074,44.751393],[-111.797326,44.751305],[-111.79712,44.751374],[-111.797044,44.751645],[-111.796396,44.752122],[-111.795655,44.75229],[-111.795228,44.752602],[-111.7949,44.752705],[-111.793618,44.752709],[-111.791108,44.752328],[-111.79049,44.752671],[-111.789834,44.752808]]}},{"type":"Feature","properties":{"id":"wat-b175","kind":"water","name":"Portal Creek","acres":null,"editable":false,"source":"USGS 3DHP flowlines (Channel Line)"},"geometry":{"type":"LineString","coordinates":[[-111.783875,44.792944],[-111.783456,44.792273],[-111.783326,44.791792],[-111.783173,44.791628],[-111.782624,44.791384],[-111.782174,44.790892],[-111.781548,44.790064],[-111.780594,44.788481],[-111.779427,44.786783],[-111.779366,44.786566],[-111.779458,44.785036],[-111.779748,44.784521],[-111.780663,44.783354],[-111.780266,44.781874],[-111.780045,44.781599],[-111.779854,44.780622],[-111.77945,44.779611],[-111.779564,44.779161],[-111.779534,44.777288],[-111.779084,44.774812],[-111.779076,44.773473],[-111.778985,44.773248],[-111.778046,44.772287],[-111.777573,44.771608],[-111.77752,44.771379],[-111.77755,44.770681],[-111.777764,44.770075],[-111.778054,44.769792],[-111.778687,44.76951],[-111.778908,44.769266],[-111.780556,44.766981],[-111.78064,44.766778],[-111.780655,44.765859],[-111.781258,44.765027],[-111.781464,44.764322],[-111.781296,44.762903],[-111.780915,44.761407],[-111.78093,44.760957],[-111.781189,44.760507],[-111.781197,44.760293],[-111.781159,44.760095],[-111.780579,44.759534],[-111.78064,44.759134],[-111.781701,44.758275],[-111.78196,44.757688],[-111.782937,44.757104],[-111.783196,44.756849],[-111.78328,44.756665],[-111.783196,44.755998],[-111.783364,44.755613]]}},{"type":"Feature","properties":{"id":"wat-b176","kind":"water","name":"Creek","acres":null,"editable":false,"source":"USGS 3DHP flowlines (Channel Line)"},"geometry":{"type":"LineString","coordinates":[[-111.888402,44.816559],[-111.891698,44.814446],[-111.89301,44.814056],[-111.893254,44.813847],[-111.893964,44.813667],[-111.894894,44.813103],[-111.897061,44.813366],[-111.898381,44.813076],[-111.898633,44.812782],[-111.898793,44.81237],[-111.899579,44.811691],[-111.899564,44.811046],[-111.899221,44.810409],[-111.89919,44.810146],[-111.899411,44.809772],[-111.899724,44.808651],[-111.900014,44.808151],[-111.900609,44.8078],[-111.900884,44.807277],[-111.901975,44.806823],[-111.902204,44.806606],[-111.902768,44.806286]]}},{"type":"Feature","properties":{"id":"wat-b177","kind":"water","name":"West Fork Madison River","acres":null,"editable":false,"source":"USGS 3DHP flowlines (Channel Line)"},"geometry":{"type":"LineString","coordinates":[[-111.85577,44.755756],[-111.85558,44.755847],[-111.854954,44.756549],[-111.854573,44.756797],[-111.853741,44.756946],[-111.852589,44.756893],[-111.852009,44.75719],[-111.851704,44.757217],[-111.851223,44.757179],[-111.850437,44.756919],[-111.850102,44.756923],[-111.849461,44.756691],[-111.848873,44.756572],[-111.848377,44.756313],[-111.847423,44.756046],[-111.845478,44.755134],[-111.845112,44.755031],[-111.8447,44.755146],[-111.844204,44.755603],[-111.843563,44.755935],[-111.842777,44.755958],[-111.842296,44.75605],[-111.840992,44.757129],[-111.840358,44.757488]]}},{"type":"Feature","properties":{"id":"wat-b178","kind":"water","name":"Lobo Creek","acres":null,"editable":false,"source":"USGS 3DHP flowlines (Channel Line)"},"geometry":{"type":"LineString","coordinates":[[-111.768349,44.787928],[-111.768334,44.787104],[-111.768623,44.786459],[-111.76854,44.786272],[-111.767975,44.785765],[-111.767693,44.785193],[-111.766846,44.782843],[-111.765823,44.781908],[-111.765083,44.781576],[-111.762733,44.780997],[-111.762329,44.780779],[-111.761925,44.780302],[-111.761718,44.779349],[-111.7612,44.778826],[-111.761039,44.778528],[-111.761352,44.777548],[-111.761329,44.77669],[-111.760734,44.776022],[-111.760589,44.775717],[-111.760246,44.774088],[-111.760192,44.773115],[-111.760666,44.770765],[-111.760536,44.770277],[-111.759109,44.768122],[-111.758674,44.767622],[-111.757919,44.767042],[-111.756317,44.766386],[-111.756072,44.766005]]}},{"type":"Feature","properties":{"id":"wat-b179","kind":"water","name":"Creek","acres":null,"editable":false,"source":"USGS 3DHP flowlines (Channel Line)"},"geometry":{"type":"LineString","coordinates":[[-111.910573,44.590059],[-111.911359,44.5906],[-111.911641,44.591009],[-111.912069,44.591974],[-111.912382,44.593076],[-111.912824,44.595434],[-111.912679,44.595834],[-111.911771,44.596994],[-111.911588,44.597589],[-111.911298,44.598085],[-111.911085,44.598951],[-111.9111,44.599683],[-111.910512,44.600645],[-111.910451,44.601076],[-111.90981,44.602983],[-111.909108,44.603773],[-111.909093,44.603956],[-111.908368,44.604536],[-111.906728,44.605119],[-111.904904,44.606103],[-111.902135,44.607412],[-111.901494,44.608335],[-111.901105,44.608686],[-111.900998,44.608965],[-111.90125,44.609468],[-111.901944,44.609972],[-111.903729,44.610361],[-111.904378,44.611127],[-111.905225,44.611707],[-111.905774,44.612268],[-111.90595,44.612802],[-111.906278,44.613233],[-111.907598,44.613832],[-111.907873,44.614236],[-111.908803,44.614831],[-111.909062,44.61526],[-111.90907,44.615495],[-111.908994,44.615648],[-111.908742,44.615781],[-111.908628,44.61606],[-111.908712,44.616422],[-111.908544,44.616888],[-111.908582,44.617044],[-111.909521,44.61754],[-111.910612,44.619256]]}},{"type":"Feature","properties":{"id":"wat-b180","kind":"water","name":"Creek","acres":null,"editable":false,"source":"USGS 3DHP flowlines (Channel Line)"},"geometry":{"type":"LineString","coordinates":[[-111.690013,44.703497],[-111.690334,44.703405],[-111.691791,44.703417],[-111.692432,44.70323],[-111.693065,44.702742],[-111.693073,44.70199],[-111.693264,44.701666],[-111.693782,44.701242],[-111.694271,44.70051],[-111.695316,44.700037],[-111.69614,44.6998],[-111.69688,44.699308],[-111.697719,44.699167],[-111.699146,44.699148],[-111.699505,44.699083],[-111.70013,44.698366],[-111.700321,44.697912],[-111.700885,44.697244],[-111.700992,44.696272],[-111.700885,44.695932],[-111.700382,44.695226],[-111.700038,44.694284],[-111.700122,44.693838],[-111.699893,44.693384],[-111.699855,44.692896],[-111.699489,44.692648],[-111.698795,44.691801],[-111.698505,44.691046],[-111.698093,44.69047],[-111.698139,44.690164],[-111.698512,44.689485],[-111.699153,44.688917],[-111.699222,44.688303],[-111.698963,44.687635],[-111.699245,44.687223],[-111.699161,44.686571],[-111.699344,44.686182],[-111.699298,44.685705],[-111.699359,44.685438],[-111.699779,44.684763],[-111.699748,44.684133],[-111.699954,44.683981],[-111.700244,44.683916],[-111.700443,44.683633],[-111.700824,44.683366],[-111.701045,44.682932],[-111.700832,44.682531],[-111.700855,44.682329],[-111.700038,44.68197],[-111.699023,44.680597],[-111.698955,44.680357]]}},{"type":"Feature","properties":{"id":"wat-b181","kind":"water","name":"Freezeout Creek","acres":null,"editable":false,"source":"USGS 3DHP flowlines (Channel Line)"},"geometry":{"type":"LineString","coordinates":[[-111.674084,44.819356],[-111.673024,44.819031],[-111.672391,44.819092],[-111.671406,44.818959],[-111.670872,44.819104],[-111.669881,44.818879],[-111.669636,44.818795],[-111.6694,44.818379],[-111.66898,44.818268],[-111.668675,44.81794],[-111.668416,44.817967],[-111.668316,44.818135],[-111.667706,44.818314],[-111.666806,44.818024],[-111.665486,44.817841],[-111.664624,44.81791],[-111.663983,44.818471],[-111.663235,44.818726],[-111.662449,44.818684],[-111.66177,44.818909],[-111.660786,44.818673],[-111.659855,44.819054],[-111.659466,44.819096]]}},{"type":"Feature","properties":{"id":"wat-b182","kind":"water","name":"Creek","acres":null,"editable":false,"source":"USGS 3DHP flowlines (Channel Line)"},"geometry":{"type":"LineString","coordinates":[[-111.859783,44.81162],[-111.858623,44.810952],[-111.856822,44.80975],[-111.855556,44.809163],[-111.855213,44.808621],[-111.854602,44.808408],[-111.85416,44.808392],[-111.853649,44.808183],[-111.853069,44.807557],[-111.852359,44.807519],[-111.852107,44.807416]]}},{"type":"Feature","properties":{"id":"wat-b183","kind":"water","name":"Creek","acres":null,"editable":false,"source":"USGS 3DHP flowlines (Channel Line)"},"geometry":{"type":"LineString","coordinates":[[-111.775456,44.635113],[-111.774831,44.635193],[-111.774632,44.635158]]}},{"type":"Feature","properties":{"id":"wat-b184","kind":"water","name":"Creek","acres":null,"editable":false,"source":"USGS 3DHP flowlines (Channel Line)"},"geometry":{"type":"LineString","coordinates":[[-111.974236,44.786886],[-111.976144,44.786161],[-111.976922,44.785775],[-111.977357,44.785455],[-111.978685,44.784921],[-111.979982,44.784002],[-111.980249,44.783746],[-111.980333,44.783513]]}},{"type":"Feature","properties":{"id":"wat-b185","kind":"water","name":"Creek","acres":null,"editable":false,"source":"USGS 3DHP flowlines (Channel Line)"},"geometry":{"type":"LineString","coordinates":[[-111.930244,44.637723],[-111.930045,44.637391]]}},{"type":"Feature","properties":{"id":"wat-b186","kind":"water","name":"Creek","acres":null,"editable":false,"source":"USGS 3DHP flowlines (Channel Line)"},"geometry":{"type":"LineString","coordinates":[[-111.901755,44.747526],[-111.901526,44.746222],[-111.901526,44.745661],[-111.901107,44.74444],[-111.900733,44.743807]]}},{"type":"Feature","properties":{"id":"wat-b187","kind":"water","name":"Creek","acres":null,"editable":false,"source":"USGS 3DHP flowlines (Channel Line)"},"geometry":{"type":"LineString","coordinates":[[-111.704007,44.754492],[-111.704244,44.753626],[-111.704107,44.75315]]}},{"type":"Feature","properties":{"id":"wat-b188","kind":"water","name":"Cascade Creek","acres":null,"editable":false,"source":"USGS 3DHP flowlines (Channel Line)"},"geometry":{"type":"LineString","coordinates":[[-111.805559,44.805197],[-111.80652,44.802847],[-111.806528,44.801309]]}},{"type":"Feature","properties":{"id":"wat-b189","kind":"water","name":"Creek","acres":null,"editable":false,"source":"USGS 3DHP flowlines (Channel Line)"},"geometry":{"type":"LineString","coordinates":[[-111.696523,44.809521],[-111.69547,44.809284],[-111.694402,44.808495],[-111.693807,44.8078],[-111.693845,44.807232]]}},{"type":"Feature","properties":{"id":"wat-b190","kind":"water","name":"Creek","acres":null,"editable":false,"source":"USGS 3DHP flowlines (Channel Line)"},"geometry":{"type":"LineString","coordinates":[[-111.876714,44.757277],[-111.876592,44.756965],[-111.876134,44.756789],[-111.875944,44.756633],[-111.875272,44.756495],[-111.874814,44.756206],[-111.874433,44.756114],[-111.874128,44.756141]]}},{"type":"Feature","properties":{"id":"wat-b191","kind":"water","name":"Creek","acres":null,"editable":false,"source":"USGS 3DHP flowlines (Channel Line)"},"geometry":{"type":"LineString","coordinates":[[-111.967546,44.680722],[-111.967539,44.679707],[-111.967058,44.678952],[-111.966524,44.67846],[-111.966448,44.677937],[-111.966135,44.677811],[-111.965967,44.677483],[-111.965776,44.677346]]}},{"type":"Feature","properties":{"id":"wat-b192","kind":"water","name":"Creek","acres":null,"editable":false,"source":"USGS 3DHP flowlines (Channel Line)"},"geometry":{"type":"LineString","coordinates":[[-111.753008,44.596637],[-111.752764,44.59695],[-111.752077,44.597145],[-111.751833,44.597061],[-111.751688,44.597152],[-111.751318,44.597796],[-111.751153,44.597766],[-111.751067,44.597902],[-111.751127,44.597978],[-111.751208,44.597941],[-111.751299,44.598171],[-111.750923,44.59826],[-111.75087,44.598169],[-111.750708,44.598168],[-111.750572,44.598238],[-111.750444,44.598079],[-111.750414,44.598152],[-111.750063,44.598182],[-111.74975,44.598022],[-111.749674,44.598289],[-111.74946,44.598251],[-111.749384,44.59843],[-111.749048,44.598598],[-111.749048,44.598724],[-111.74888,44.59885],[-111.748903,44.598995],[-111.748697,44.599018],[-111.748613,44.59927],[-111.748323,44.599285],[-111.74798,44.599048],[-111.747583,44.599071],[-111.747499,44.59927],[-111.747698,44.599399],[-111.747393,44.59946],[-111.747248,44.599766],[-111.746958,44.599617],[-111.746782,44.599762],[-111.746538,44.599804],[-111.746553,44.599926],[-111.746317,44.599899],[-111.746264,44.600067],[-111.746103,44.600101],[-111.746103,44.600216],[-111.74592,44.600296],[-111.745897,44.600391],[-111.745684,44.600368],[-111.745607,44.600513],[-111.74544,44.600494],[-111.745317,44.600647],[-111.745173,44.60062],[-111.74515,44.600746],[-111.744707,44.600864],[-111.744539,44.601082],[-111.74428,44.600971],[-111.744051,44.60112],[-111.743914,44.601005],[-111.74383,44.601253],[-111.74354,44.60136],[-111.743319,44.601936],[-111.743074,44.601887],[-111.742952,44.60202],[-111.742662,44.602035],[-111.742311,44.602169],[-111.742304,44.601959],[-111.742128,44.601971],[-111.741854,44.602123],[-111.741671,44.602001],[-111.741487,44.602161],[-111.741518,44.602257],[-111.740931,44.602291],[-111.740938,44.602406],[-111.741404,44.602554],[-111.741442,44.602692],[-111.740961,44.602753],[-111.740709,44.60313],[-111.740519,44.603142],[-111.739794,44.602753],[-111.739611,44.602318],[-111.739748,44.60202]]}},{"type":"Feature","properties":{"id":"wat-b193","kind":"water","name":"Winslow Creek","acres":null,"editable":false,"source":"USGS 3DHP flowlines (Channel Line)"},"geometry":{"type":"LineString","coordinates":[[-111.972917,44.598675],[-111.973543,44.598912],[-111.974298,44.599514],[-111.975313,44.599873],[-111.975527,44.60006],[-111.975557,44.600251],[-111.975313,44.600472],[-111.975199,44.600903],[-111.975435,44.601487],[-111.975252,44.601841],[-111.975313,44.602028],[-111.975527,44.602147],[-111.975679,44.602478],[-111.975336,44.602929],[-111.975466,44.603024],[-111.976038,44.603119],[-111.976038,44.60328],[-111.975702,44.603478],[-111.975718,44.603669],[-111.975893,44.604046],[-111.976473,44.604111],[-111.976564,44.604363]]}},{"type":"Feature","properties":{"id":"wat-b194","kind":"water","name":"Creek","acres":null,"editable":false,"source":"USGS 3DHP flowlines (Channel Line)"},"geometry":{"type":"LineString","coordinates":[[-111.945122,44.666825],[-111.945214,44.666741]]}},{"type":"Feature","properties":{"id":"wat-b195","kind":"water","name":"Fish Creek","acres":null,"editable":false,"source":"USGS 3DHP flowlines (Channel Line)"},"geometry":{"type":"LineString","coordinates":[[-111.953065,44.744348],[-111.953455,44.744248],[-111.954225,44.74421],[-111.955339,44.743909]]}},{"type":"Feature","properties":{"id":"wat-b196","kind":"water","name":"Creek","acres":null,"editable":false,"source":"USGS 3DHP flowlines (Channel Line)"},"geometry":{"type":"LineString","coordinates":[[-111.669041,44.787891],[-111.668736,44.787853],[-111.668423,44.787548],[-111.667866,44.787563],[-111.667553,44.787476],[-111.666104,44.786736],[-111.66444,44.786671],[-111.662922,44.78624],[-111.662449,44.786308],[-111.662014,44.786274],[-111.661915,44.786209],[-111.661854,44.785942],[-111.661594,44.785671],[-111.661503,44.785389],[-111.66103,44.785072],[-111.660679,44.784103],[-111.659664,44.783527],[-111.659473,44.783138],[-111.659244,44.783031],[-111.65871,44.78299],[-111.65823,44.78278],[-111.658062,44.78278],[-111.65778,44.782974],[-111.65723,44.783043],[-111.657062,44.783497],[-111.656536,44.783691],[-111.655369,44.783646],[-111.654972,44.783478],[-111.65356,44.783543],[-111.652752,44.783283],[-111.651844,44.7826],[-111.651432,44.782406],[-111.651043,44.782398],[-111.650455,44.782604],[-111.650219,44.782536],[-111.650196,44.78236],[-111.650379,44.782074],[-111.650371,44.781906]]}},{"type":"Feature","properties":{"id":"wat-b197","kind":"water","name":"Creek","acres":null,"editable":false,"source":"USGS 3DHP flowlines (Channel Line)"},"geometry":{"type":"LineString","coordinates":[[-111.773484,44.815459],[-111.773079,44.815684],[-111.772034,44.8166],[-111.772156,44.817687],[-111.77208,44.817866],[-111.77179,44.818042]]}},{"type":"Feature","properties":{"id":"wat-b198","kind":"water","name":"Creek","acres":null,"editable":false,"source":"USGS 3DHP flowlines (Channel Line)"},"geometry":{"type":"LineString","coordinates":[[-111.794061,44.818522],[-111.794587,44.818732],[-111.795205,44.819663],[-111.795961,44.820319],[-111.796418,44.820921],[-111.796869,44.821993],[-111.797349,44.823763],[-111.797601,44.824126],[-111.798166,44.82453],[-111.800111,44.825141],[-111.800531,44.825389],[-111.80047,44.825938],[-111.800348,44.826155],[-111.799554,44.826731],[-111.799661,44.827395],[-111.798799,44.828356],[-111.798051,44.830294],[-111.797525,44.830699],[-111.796899,44.831389],[-111.796785,44.832198]]}},{"type":"Feature","properties":{"id":"wat-b199","kind":"water","name":"Creek","acres":null,"editable":false,"source":"USGS 3DHP flowlines (Channel Line)"},"geometry":{"type":"LineString","coordinates":[[-111.879598,44.770877],[-111.87975,44.770602],[-111.879598,44.770313],[-111.879659,44.769958],[-111.879934,44.769118],[-111.87985,44.768558],[-111.88007,44.768238],[-111.880391,44.768066],[-111.880559,44.76776]]}},{"type":"Feature","properties":{"id":"wat-b200","kind":"water","name":"Creek","acres":null,"editable":false,"source":"USGS 3DHP flowlines (Channel Line)"},"geometry":{"type":"LineString","coordinates":[[-111.825226,44.632712],[-111.825797,44.632308]]}},{"type":"Feature","properties":{"id":"wat-b201","kind":"water","name":"Creek","acres":null,"editable":false,"source":"USGS 3DHP flowlines (Channel Line)"},"geometry":{"type":"LineString","coordinates":[[-111.893018,44.642076],[-111.893544,44.642267],[-111.893575,44.642706],[-111.893758,44.642969]]}},{"type":"Feature","properties":{"id":"wat-b202","kind":"water","name":"Snowshoe Creek","acres":null,"editable":false,"source":"USGS 3DHP flowlines (Channel Line)"},"geometry":{"type":"LineString","coordinates":[[-111.870351,44.73516],[-111.870252,44.735446],[-111.868894,44.735312],[-111.867513,44.734702],[-111.866582,44.734401],[-111.865918,44.733642],[-111.864857,44.733256],[-111.864552,44.733321],[-111.863514,44.733829],[-111.863118,44.734515],[-111.862889,44.734698],[-111.862439,44.734702],[-111.861874,44.734874],[-111.860264,44.73482],[-111.85957,44.734355],[-111.859204,44.733829],[-111.858464,44.733321],[-111.858143,44.73323],[-111.855427,44.733379],[-111.853977,44.733531],[-111.853443,44.733329],[-111.852871,44.733237],[-111.852611,44.7331],[-111.852093,44.732997],[-111.851681,44.732684],[-111.850742,44.732456],[-111.850071,44.732417],[-111.848591,44.732135],[-111.847332,44.732234],[-111.847011,44.732128],[-111.84682,44.731857],[-111.847026,44.73117],[-111.846889,44.730533],[-111.846523,44.730083],[-111.84608,44.729888],[-111.844097,44.730293],[-111.843517,44.73059],[-111.842288,44.730628],[-111.841747,44.730724],[-111.841129,44.730915],[-111.840717,44.731201],[-111.840022,44.731437],[-111.839381,44.73151],[-111.839046,44.731464],[-111.838412,44.731102],[-111.837932,44.731277],[-111.837657,44.731273],[-111.836482,44.730197]]}},{"type":"Feature","properties":{"id":"wat-b203","kind":"water","name":"Creek","acres":null,"editable":false,"source":"USGS 3DHP flowlines (Channel Line)"},"geometry":{"type":"LineString","coordinates":[[-111.680966,44.816086],[-111.68015,44.815594],[-111.679936,44.815144],[-111.680211,44.814583],[-111.680585,44.814179],[-111.680707,44.813427],[-111.680676,44.812905],[-111.680272,44.81221],[-111.68028,44.811123],[-111.678853,44.810124],[-111.67767,44.80967],[-111.677167,44.809388],[-111.676976,44.809193],[-111.677113,44.808632],[-111.677075,44.808281]]}},{"type":"Feature","properties":{"id":"wat-b204","kind":"water","name":"Creek","acres":null,"editable":false,"source":"USGS 3DHP flowlines (Channel Line)"},"geometry":{"type":"LineString","coordinates":[[-111.940856,44.785906],[-111.93943,44.786558],[-111.939224,44.78686],[-111.938705,44.788183],[-111.93843,44.788275],[-111.93814,44.788275],[-111.937431,44.788],[-111.937133,44.788012],[-111.936691,44.788611],[-111.935737,44.788817],[-111.93473,44.789294],[-111.933326,44.790339]]}},{"type":"Feature","properties":{"id":"wat-b205","kind":"water","name":"Creek","acres":null,"editable":false,"source":"USGS 3DHP flowlines (Channel Line)"},"geometry":{"type":"LineString","coordinates":[[-111.839412,44.787953],[-111.840076,44.78743],[-111.840831,44.787217],[-111.841556,44.786492],[-111.842372,44.786221],[-111.842639,44.78592],[-111.843547,44.783455],[-111.843868,44.782814],[-111.843898,44.781872],[-111.844303,44.780739],[-111.844272,44.779625],[-111.8427,44.778439],[-111.842471,44.778088],[-111.842586,44.777664],[-111.843166,44.777058],[-111.842456,44.775944],[-111.8428,44.775437],[-111.842807,44.775212]]}},{"type":"Feature","properties":{"id":"wat-b206","kind":"water","name":"Creek","acres":null,"editable":false,"source":"USGS 3DHP flowlines (Channel Line)"},"geometry":{"type":"LineString","coordinates":[[-111.953201,44.798208],[-111.95288,44.797507],[-111.952392,44.79698],[-111.950813,44.795901],[-111.950317,44.79574],[-111.94976,44.795817],[-111.94905,44.795756],[-111.94873,44.795649],[-111.948043,44.795752],[-111.947601,44.795714],[-111.947151,44.795416],[-111.94622,44.794512],[-111.945732,44.79423]]}},{"type":"Feature","properties":{"id":"wat-b207","kind":"water","name":"Creek","acres":null,"editable":false,"source":"USGS 3DHP flowlines (Channel Line)"},"geometry":{"type":"LineString","coordinates":[[-111.829966,44.817575],[-111.830058,44.818289],[-111.830302,44.818529],[-111.831461,44.819544],[-111.832469,44.819975],[-111.832476,44.82052],[-111.83272,44.820917],[-111.832446,44.821325],[-111.832598,44.82168],[-111.8324,44.822325],[-111.831912,44.823061],[-111.831088,44.823885],[-111.830996,44.824323],[-111.83108,44.824613],[-111.830462,44.825125],[-111.829577,44.825457],[-111.828692,44.826048],[-111.827982,44.826357],[-111.82609,44.826757],[-111.825747,44.826902],[-111.824541,44.827906]]}},{"type":"Feature","properties":{"id":"wat-b208","kind":"water","name":"Matsingale Creek","acres":null,"editable":false,"source":"USGS 3DHP flowlines (Channel Line)"},"geometry":{"type":"LineString","coordinates":[[-111.876925,44.5879],[-111.876666,44.588652],[-111.876826,44.589704],[-111.876902,44.59168],[-111.876109,44.594679],[-111.876201,44.59617],[-111.876132,44.597883],[-111.875949,44.599295],[-111.875453,44.600313],[-111.875606,44.600756],[-111.87556,44.6029],[-111.875819,44.603907],[-111.875842,44.604475],[-111.875743,44.60478],[-111.875896,44.605116],[-111.875896,44.606989],[-111.87633,44.607798],[-111.876712,44.608065],[-111.876987,44.608454],[-111.877116,44.608946],[-111.877536,44.609301],[-111.8782,44.610777],[-111.878322,44.611544],[-111.87849,44.611837]]}},{"type":"Feature","properties":{"id":"wat-b209","kind":"water","name":"Creek","acres":null,"editable":false,"source":"USGS 3DHP flowlines (Channel Line)"},"geometry":{"type":"LineString","coordinates":[[-111.68549,44.750483],[-111.68533,44.750666],[-111.685055,44.750804],[-111.685063,44.751349],[-111.684849,44.751567],[-111.683606,44.752181],[-111.682736,44.753085],[-111.682164,44.753535],[-111.681225,44.753596],[-111.680996,44.753711],[-111.680752,44.754016],[-111.680592,44.754977],[-111.680714,44.75558],[-111.681332,44.755858],[-111.681431,44.75608],[-111.681881,44.756465],[-111.681935,44.757037],[-111.682133,44.757388]]}},{"type":"Feature","properties":{"id":"wat-b210","kind":"water","name":"Moss Creek","acres":null,"editable":false,"source":"USGS 3DHP flowlines (Channel Line)"},"geometry":{"type":"LineString","coordinates":[[-111.702337,44.791221],[-111.701803,44.791744],[-111.701604,44.792122],[-111.701597,44.793098],[-111.701521,44.793213],[-111.701162,44.793384],[-111.700521,44.794201]]}},{"type":"Feature","properties":{"id":"wat-b211","kind":"water","name":"Creek","acres":null,"editable":false,"source":"USGS 3DHP flowlines (Channel Line)"},"geometry":{"type":"LineString","coordinates":[[-111.692143,44.750743],[-111.692487,44.75117],[-111.692822,44.751425],[-111.693654,44.751422],[-111.694196,44.751597]]}},{"type":"Feature","properties":{"id":"wat-b212","kind":"water","name":"Creek","acres":null,"editable":false,"source":"USGS 3DHP flowlines (Channel Line)"},"geometry":{"type":"LineString","coordinates":[[-111.69016,44.76863],[-111.69016,44.768501],[-111.6899,44.768295],[-111.689633,44.767883],[-111.689603,44.767162],[-111.689374,44.766647],[-111.688123,44.765494],[-111.687855,44.765285],[-111.687405,44.765086],[-111.685246,44.764556]]}},{"type":"Feature","properties":{"id":"wat-b213","kind":"water","name":"Creek","acres":null,"editable":false,"source":"USGS 3DHP flowlines (Channel Line)"},"geometry":{"type":"LineString","coordinates":[[-111.909972,44.699854],[-111.909659,44.699476],[-111.90927,44.699278],[-111.909079,44.699026],[-111.908423,44.698511],[-111.907866,44.698213],[-111.90734,44.698107],[-111.907095,44.697775],[-111.906874,44.697725],[-111.906645,44.697515],[-111.905943,44.697397],[-111.905173,44.696985],[-111.904234,44.696848],[-111.903822,44.696516],[-111.90296,44.696299],[-111.902769,44.696188],[-111.902281,44.696138],[-111.901999,44.695951],[-111.901579,44.695879],[-111.901564,44.695612],[-111.901373,44.695597],[-111.900999,44.695749],[-111.900869,44.695726],[-111.900656,44.695139],[-111.899343,44.694082],[-111.899069,44.694002],[-111.898748,44.693785],[-111.898641,44.69309],[-111.899084,44.692606],[-111.899015,44.692358],[-111.899244,44.691763],[-111.89916,44.69166],[-111.899191,44.691366],[-111.899855,44.690737],[-111.899961,44.690302],[-111.899961,44.689661],[-111.900175,44.689325],[-111.900122,44.688978],[-111.900518,44.688623],[-111.900518,44.688387],[-111.900755,44.688162],[-111.900663,44.687941],[-111.900694,44.687643],[-111.900442,44.687395],[-111.900732,44.686712],[-111.900541,44.686632],[-111.900412,44.686296],[-111.90016,44.68609],[-111.900205,44.685709],[-111.899855,44.685484],[-111.8999,44.685018],[-111.899473,44.684816],[-111.899435,44.684545],[-111.899099,44.684355],[-111.899061,44.683947],[-111.898115,44.683325],[-111.897703,44.683199],[-111.897665,44.682898],[-111.897268,44.682718],[-111.897123,44.682352],[-111.896711,44.682241],[-111.89652,44.68181],[-111.895483,44.681425],[-111.895414,44.6812],[-111.894788,44.680761],[-111.894704,44.680426],[-111.89475,44.680029],[-111.895185,44.679224],[-111.895544,44.679026]]}},{"type":"Feature","properties":{"id":"wat-b214","kind":"water","name":"Creek","acres":null,"editable":false,"source":"USGS 3DHP flowlines (Channel Line)"},"geometry":{"type":"LineString","coordinates":[[-111.861661,44.739833],[-111.859127,44.740386],[-111.857174,44.740428],[-111.856144,44.740203],[-111.855503,44.739932],[-111.855328,44.739932],[-111.852734,44.740665],[-111.851292,44.740714],[-111.850094,44.740547],[-111.848774,44.73991],[-111.848308,44.739864],[-111.847133,44.739379],[-111.84676,44.739143],[-111.846302,44.738475],[-111.845783,44.738132],[-111.844562,44.737636],[-111.843486,44.737323],[-111.842098,44.735755],[-111.841937,44.735424],[-111.841182,44.735023],[-111.840602,44.734573],[-111.840213,44.73439],[-111.838428,44.733848],[-111.837489,44.733715],[-111.835856,44.732975],[-111.835429,44.732528],[-111.835116,44.732448],[-111.83475,44.731941],[-111.834582,44.731502]]}},{"type":"Feature","properties":{"id":"wat-b215","kind":"water","name":"Winslow Creek","acres":null,"editable":false,"source":"USGS 3DHP flowlines (Channel Line)"},"geometry":{"type":"LineString","coordinates":[[-111.978289,44.612378],[-111.978235,44.612538],[-111.978518,44.612656],[-111.978976,44.61306],[-111.979235,44.613541],[-111.979143,44.613701],[-111.978792,44.613945],[-111.979082,44.614052],[-111.979037,44.614491],[-111.978403,44.614582],[-111.97819,44.614819],[-111.978258,44.615292],[-111.978487,44.615479],[-111.978449,44.615784],[-111.978281,44.616009]]}},{"type":"Feature","properties":{"id":"wat-b216","kind":"water","name":"Creek","acres":null,"editable":false,"source":"USGS 3DHP flowlines (Channel Line)"},"geometry":{"type":"LineString","coordinates":[[-111.806869,44.637107],[-111.806777,44.637519],[-111.807159,44.638435]]}},{"type":"Feature","properties":{"id":"wat-b217","kind":"water","name":"Creek","acres":null,"editable":false,"source":"USGS 3DHP flowlines (Channel Line)"},"geometry":{"type":"LineString","coordinates":[[-111.744222,44.69378],[-111.744496,44.693772]]}},{"type":"Feature","properties":{"id":"wat-b218","kind":"water","name":"Creek","acres":null,"editable":false,"source":"USGS 3DHP flowlines (Channel Line)"},"geometry":{"type":"LineString","coordinates":[[-111.921707,44.734804],[-111.921097,44.734575],[-111.919792,44.734453],[-111.91941,44.734289],[-111.919181,44.734392],[-111.918792,44.734228],[-111.917907,44.734262],[-111.9169,44.734503],[-111.916267,44.734888],[-111.915977,44.735216],[-111.915283,44.735586],[-111.914787,44.735754],[-111.914291,44.7358],[-111.914085,44.735754],[-111.91352,44.735243],[-111.912261,44.734472],[-111.911025,44.734182],[-111.909614,44.733667]]}},{"type":"Feature","properties":{"id":"wat-b219","kind":"water","name":"Creek","acres":null,"editable":false,"source":"USGS 3DHP flowlines (Channel Line)"},"geometry":{"type":"LineString","coordinates":[[-111.859127,44.817128],[-111.85786,44.816689],[-111.857013,44.816113],[-111.856082,44.81606],[-111.854892,44.815625],[-111.853282,44.815656],[-111.852931,44.815606],[-111.852687,44.815457],[-111.852382,44.814969],[-111.852153,44.814809],[-111.85007,44.81389],[-111.849689,44.813436]]}},{"type":"Feature","properties":{"id":"wat-b220","kind":"water","name":"Creek","acres":null,"editable":false,"source":"USGS 3DHP flowlines (Channel Line)"},"geometry":{"type":"LineString","coordinates":[[-111.733908,44.772994],[-111.732214,44.772566],[-111.731253,44.772063],[-111.729758,44.771914],[-111.728468,44.771903],[-111.727041,44.771601],[-111.726301,44.770957],[-111.726004,44.770861],[-111.723791,44.770686],[-111.723272,44.77048],[-111.722174,44.769778],[-111.721167,44.768603],[-111.720633,44.768241],[-111.719908,44.768134],[-111.719076,44.767832],[-111.718115,44.767638],[-111.717771,44.767424],[-111.717283,44.767283],[-111.714613,44.766856],[-111.713827,44.766658],[-111.7133,44.766207],[-111.711385,44.763987],[-111.711172,44.763324],[-111.710981,44.763049],[-111.710775,44.761233],[-111.710607,44.760955],[-111.710363,44.760794],[-111.709531,44.760558],[-111.7086,44.760695],[-111.708181,44.760665],[-111.707464,44.760298],[-111.706716,44.760035],[-111.706571,44.759886],[-111.706457,44.759635],[-111.706502,44.759268],[-111.706373,44.75899],[-111.706373,44.758612],[-111.706136,44.758135],[-111.706014,44.757418],[-111.704625,44.755583],[-111.704007,44.754492]]}},{"type":"Feature","properties":{"id":"wat-b221","kind":"water","name":"West Fork Madison River","acres":null,"editable":false,"source":"USGS 3DHP flowlines (Channel Line)"},"geometry":{"type":"LineString","coordinates":[[-111.696095,44.75508],[-111.696332,44.755324],[-111.696126,44.755564],[-111.695836,44.755641],[-111.6955,44.755568],[-111.69547,44.756034],[-111.69579,44.756205],[-111.695821,44.756301]]}},{"type":"Feature","properties":{"id":"wat-b222","kind":"water","name":"Creek","acres":null,"editable":false,"source":"USGS 3DHP flowlines (Channel Line)"},"geometry":{"type":"LineString","coordinates":[[-111.871022,44.755836],[-111.870832,44.75542]]}},{"type":"Feature","properties":{"id":"wat-b223","kind":"water","name":"Shambow Creek","acres":null,"editable":false,"source":"USGS 3DHP flowlines (Channel Line)"},"geometry":{"type":"LineString","coordinates":[[-111.804266,44.608672],[-111.803846,44.608878],[-111.803198,44.609031],[-111.802992,44.609508]]}},{"type":"Feature","properties":{"id":"wat-b224","kind":"water","name":"Creek","acres":null,"editable":false,"source":"USGS 3DHP flowlines (Channel Line)"},"geometry":{"type":"LineString","coordinates":[[-111.893147,44.637384],[-111.893017,44.637621],[-111.892712,44.637853],[-111.892598,44.638117],[-111.892644,44.638235],[-111.892369,44.638445],[-111.892514,44.639486],[-111.892674,44.639635]]}},{"type":"Feature","properties":{"id":"wat-b225","kind":"water","name":"Creek","acres":null,"editable":false,"source":"USGS 3DHP flowlines (Channel Line)"},"geometry":{"type":"LineString","coordinates":[[-111.977763,44.753533],[-111.978213,44.753357],[-111.978518,44.753132],[-111.978854,44.752533],[-111.979609,44.752297],[-111.980739,44.752274],[-111.981906,44.752587],[-111.982799,44.752476],[-111.983363,44.752152],[-111.984157,44.75195],[-111.985484,44.752163],[-111.986949,44.751976],[-111.987697,44.752125],[-111.988544,44.751904],[-111.988788,44.751564],[-111.98878,44.75034],[-111.98888,44.750115],[-111.989788,44.749329],[-111.990535,44.748993],[-111.99068,44.748859],[-111.990764,44.748444],[-111.99126,44.748188],[-111.991451,44.747841],[-111.991794,44.747696]]}},{"type":"Feature","properties":{"id":"wat-b226","kind":"water","name":"Battle Creek","acres":null,"editable":false,"source":"USGS 3DHP flowlines (Channel Line)"},"geometry":{"type":"LineString","coordinates":[[-111.675591,44.609635],[-111.675736,44.610001],[-111.675912,44.610021],[-111.67624,44.609876],[-111.676568,44.610097]]}},{"type":"Feature","properties":{"id":"wat-b227","kind":"water","name":"Creek","acres":null,"editable":false,"source":"USGS 3DHP flowlines (Channel Line)"},"geometry":{"type":"LineString","coordinates":[[-111.684331,44.819813],[-111.683934,44.819554],[-111.6834,44.819031],[-111.683225,44.818573],[-111.682462,44.817975],[-111.682157,44.817875],[-111.681813,44.817917],[-111.681501,44.817688],[-111.679791,44.816933],[-111.678151,44.816788],[-111.677594,44.816563],[-111.67661,44.815735],[-111.675275,44.81432],[-111.675237,44.814156],[-111.675603,44.813843],[-111.675961,44.813233],[-111.674657,44.812195],[-111.674382,44.811871],[-111.674351,44.811566],[-111.674611,44.810975],[-111.675687,44.809636],[-111.676022,44.808972],[-111.6769,44.808468],[-111.677075,44.808281]]}},{"type":"Feature","properties":{"id":"wat-b228","kind":"water","name":"Meridian Creek","acres":null,"editable":false,"source":"USGS 3DHP flowlines (Channel Line)"},"geometry":{"type":"LineString","coordinates":[[-111.661739,44.732345],[-111.661418,44.732947],[-111.661311,44.733382],[-111.661128,44.73355],[-111.657931,44.735217],[-111.657245,44.735721],[-111.656985,44.736125],[-111.656062,44.736583],[-111.654903,44.737315],[-111.654025,44.73754],[-111.653705,44.737575],[-111.653194,44.737502],[-111.652644,44.738086],[-111.651805,44.738357],[-111.651271,44.738689],[-111.650294,44.73981],[-111.649905,44.740138],[-111.648402,44.742481],[-111.647662,44.743274],[-111.647449,44.743625],[-111.647555,44.744125],[-111.647899,44.744914],[-111.647418,44.745597],[-111.64741,44.746032],[-111.647288,44.746307],[-111.646579,44.746971],[-111.646441,44.747215],[-111.646342,44.747619],[-111.646434,44.748016],[-111.647662,44.749111],[-111.648875,44.750495],[-111.649623,44.750732],[-111.650562,44.750793],[-111.650821,44.750968],[-111.651019,44.751624],[-111.65221,44.752971],[-111.652774,44.754241],[-111.653125,44.754688],[-111.653621,44.755954]]}},{"type":"Feature","properties":{"id":"wat-b229","kind":"water","name":"Creek","acres":null,"editable":false,"source":"USGS 3DHP flowlines (Channel Line)"},"geometry":{"type":"LineString","coordinates":[[-111.852716,44.600592],[-111.853341,44.601416],[-111.853891,44.601717],[-111.854425,44.602297],[-111.854295,44.603319],[-111.854646,44.604151],[-111.854661,44.604441],[-111.854105,44.604983],[-111.854036,44.605185],[-111.854097,44.605761],[-111.853921,44.606215],[-111.853937,44.606562],[-111.853769,44.606921],[-111.854387,44.608195],[-111.854517,44.60919],[-111.8547,44.609434],[-111.855119,44.609736],[-111.855577,44.61048],[-111.855585,44.611273],[-111.85544,44.612288],[-111.855585,44.613528],[-111.855531,44.614165],[-111.855387,44.6145],[-111.855425,44.615176],[-111.855295,44.615458],[-111.855448,44.616534],[-111.855066,44.617548]]}},{"type":"Feature","properties":{"id":"wat-b230","kind":"water","name":"Creek","acres":null,"editable":false,"source":"USGS 3DHP flowlines (Channel Line)"},"geometry":{"type":"LineString","coordinates":[[-111.799208,44.633998],[-111.799506,44.633975],[-111.799681,44.63385]]}},{"type":"Feature","properties":{"id":"wat-b231","kind":"water","name":"Creek","acres":null,"editable":false,"source":"USGS 3DHP flowlines (Channel Line)"},"geometry":{"type":"LineString","coordinates":[[-111.869214,44.754607],[-111.867978,44.753902],[-111.867261,44.753882]]}},{"type":"Feature","properties":{"id":"wat-b232","kind":"water","name":"West Fork Madison River","acres":null,"editable":false,"source":"USGS 3DHP flowlines (Channel Line)"},"geometry":{"type":"LineString","coordinates":[[-111.856854,44.751487],[-111.856434,44.751689],[-111.85587,44.752563],[-111.855862,44.753246],[-111.85619,44.75389],[-111.856282,44.754398],[-111.856244,44.754527],[-111.855961,44.75473],[-111.855244,44.755134],[-111.855343,44.755416],[-111.85577,44.755756]]}},{"type":"Feature","properties":{"id":"wat-b233","kind":"water","name":"Creek","acres":null,"editable":false,"source":"USGS 3DHP flowlines (Channel Line)"},"geometry":{"type":"LineString","coordinates":[[-111.738028,44.769122],[-111.737128,44.768855],[-111.736365,44.768401],[-111.735686,44.767401],[-111.735259,44.766394],[-111.734663,44.766047],[-111.733694,44.765646],[-111.730696,44.763659],[-111.730398,44.763163],[-111.730437,44.762663],[-111.730658,44.762061],[-111.731077,44.761507],[-111.731322,44.760565],[-111.731192,44.759932],[-111.731238,44.759356],[-111.730917,44.758875],[-111.730925,44.758063]]}},{"type":"Feature","properties":{"id":"wat-b234","kind":"water","name":"Creek","acres":null,"editable":false,"source":"USGS 3DHP flowlines (Channel Line)"},"geometry":{"type":"LineString","coordinates":[[-111.668603,44.649442],[-111.669771,44.649656],[-111.670557,44.649293],[-111.671579,44.64911],[-111.672449,44.648714],[-111.673349,44.648454],[-111.673853,44.648386],[-111.674341,44.648569],[-111.67505,44.648569],[-111.67605,44.648797],[-111.676637,44.648702],[-111.678018,44.648725],[-111.678826,44.648371],[-111.6802,44.647909],[-111.680597,44.647836],[-111.681963,44.647981],[-111.683161,44.647401],[-111.683954,44.647409],[-111.684244,44.647561],[-111.685053,44.64824],[-111.687708,44.649679],[-111.68812,44.649824],[-111.688997,44.649873],[-111.689577,44.65011],[-111.691111,44.651777],[-111.692881,44.652055],[-111.693598,44.651868],[-111.69504,44.652013],[-111.695574,44.651918],[-111.697039,44.651933],[-111.697398,44.651689],[-111.698008,44.651696],[-111.698618,44.651883],[-111.700472,44.652913],[-111.701388,44.653646],[-111.701861,44.65389],[-111.702242,44.654248],[-111.702761,44.654428],[-111.703234,44.654763],[-111.703723,44.654649],[-111.704157,44.654218],[-111.705218,44.654149],[-111.70576,44.65371],[-111.706271,44.653657],[-111.707118,44.653798]]}},{"type":"Feature","properties":{"id":"wat-b235","kind":"water","name":"Creek","acres":null,"editable":false,"source":"USGS 3DHP flowlines (Channel Line)"},"geometry":{"type":"LineString","coordinates":[[-111.66952,44.675451],[-111.668818,44.675127],[-111.666803,44.673933],[-111.665712,44.673189],[-111.664797,44.672838],[-111.663637,44.672529],[-111.663149,44.672049],[-111.662737,44.670977],[-111.661798,44.670427],[-111.661531,44.67016],[-111.661501,44.669859],[-111.661661,44.669405],[-111.662447,44.667944],[-111.662851,44.666933],[-111.663164,44.665312],[-111.663027,44.664511],[-111.662721,44.663725],[-111.662729,44.66358],[-111.663118,44.662981],[-111.663164,44.662718],[-111.662134,44.661466],[-111.66205,44.661054],[-111.662141,44.660776]]}},{"type":"Feature","properties":{"id":"wat-b236","kind":"water","name":"Metzel Creek","acres":null,"editable":false,"source":"USGS 3DHP flowlines (Channel Line)"},"geometry":{"type":"LineString","coordinates":[[-111.890622,44.690657],[-111.890775,44.690397],[-111.890912,44.689573]]}},{"type":"Feature","properties":{"id":"wat-b237","kind":"water","name":"Creek","acres":null,"editable":false,"source":"USGS 3DHP flowlines (Channel Line)"},"geometry":{"type":"LineString","coordinates":[[-111.671665,44.744597],[-111.672169,44.745566],[-111.672443,44.745681],[-111.67355,44.745837],[-111.673809,44.745959],[-111.674076,44.746219],[-111.674244,44.746699],[-111.674183,44.747584],[-111.67429,44.748168],[-111.6749,44.74858],[-111.676006,44.750079],[-111.676899,44.75199],[-111.677349,44.752555],[-111.677426,44.753448],[-111.678265,44.754523],[-111.678807,44.754676],[-111.679539,44.755267],[-111.680462,44.755641],[-111.680622,44.756381],[-111.680981,44.756869],[-111.68108,44.757632]]}},{"type":"Feature","properties":{"id":"wat-b238","kind":"water","name":"Creek","acres":null,"editable":false,"source":"USGS 3DHP flowlines (Channel Line)"},"geometry":{"type":"LineString","coordinates":[[-111.780778,44.804484],[-111.781884,44.804076],[-111.783005,44.803763],[-111.783685,44.803366],[-111.784486,44.803076],[-111.785661,44.802122],[-111.786706,44.801558],[-111.788331,44.80105],[-111.788934,44.801028],[-111.791314,44.801497],[-111.793191,44.802321],[-111.793489,44.80263],[-111.794076,44.802912]]}},{"type":"Feature","properties":{"id":"wat-b239","kind":"water","name":"Lobo Creek","acres":null,"editable":false,"source":"USGS 3DHP flowlines (Channel Line)"},"geometry":{"type":"LineString","coordinates":[[-111.772629,44.790213],[-111.77195,44.789759],[-111.770264,44.788874],[-111.768494,44.788168],[-111.768349,44.787928]]}},{"type":"Feature","properties":{"id":"wat-b240","kind":"water","name":"West Fork Madison River","acres":null,"editable":false,"source":"USGS 3DHP flowlines (Channel Line)"},"geometry":{"type":"LineString","coordinates":[[-111.672985,44.762069],[-111.672634,44.761852],[-111.67236,44.761894],[-111.672276,44.762092],[-111.672482,44.762267],[-111.67252,44.762492],[-111.672436,44.762557],[-111.672024,44.762534],[-111.672115,44.762843],[-111.671879,44.762958],[-111.67149,44.762912],[-111.671192,44.763339],[-111.671085,44.763007],[-111.67075,44.762988],[-111.67059,44.763057],[-111.670544,44.763248],[-111.670269,44.76316],[-111.67017,44.763194],[-111.6702,44.763477],[-111.669903,44.763358],[-111.66975,44.7634],[-111.669666,44.763854],[-111.669201,44.764133],[-111.668964,44.764694],[-111.668819,44.764743]]}},{"type":"Feature","properties":{"id":"wat-b241","kind":"water","name":"Creek","acres":null,"editable":false,"source":"USGS 3DHP flowlines (Channel Line)"},"geometry":{"type":"LineString","coordinates":[[-111.873761,44.756267],[-111.873342,44.75627],[-111.872983,44.756362]]}},{"type":"Feature","properties":{"id":"wat-b242","kind":"water","name":"Creek","acres":null,"editable":false,"source":"USGS 3DHP flowlines (Channel Line)"},"geometry":{"type":"LineString","coordinates":[[-111.797395,44.745534],[-111.796807,44.74593],[-111.796197,44.746548],[-111.795068,44.747079],[-111.794648,44.747178],[-111.794084,44.747719],[-111.793946,44.747777],[-111.793336,44.747784],[-111.793,44.748036],[-111.792581,44.748185],[-111.79255,44.748917],[-111.792451,44.749173],[-111.791955,44.749478],[-111.791459,44.750089],[-111.790734,44.750485],[-111.78991,44.752011],[-111.789834,44.752808]]}},{"type":"Feature","properties":{"id":"wat-b243","kind":"water","name":"Creek","acres":null,"editable":false,"source":"USGS 3DHP flowlines (Channel Line)"},"geometry":{"type":"LineString","coordinates":[[-111.716627,44.760253],[-111.716528,44.759707],[-111.715963,44.759432],[-111.715788,44.759192],[-111.715643,44.758166],[-111.715872,44.757609],[-111.715856,44.757433],[-111.715597,44.757235],[-111.715002,44.756472],[-111.714101,44.755129],[-111.713644,44.754237],[-111.713262,44.753806],[-111.71272,44.753554],[-111.711027,44.753401],[-111.710592,44.753275],[-111.708364,44.753417],[-111.707937,44.753344],[-111.707265,44.753069],[-111.706922,44.753073],[-111.704824,44.753527],[-111.704557,44.753466],[-111.704107,44.75315]]}},{"type":"Feature","properties":{"id":"wat-b244","kind":"water","name":"Metzel Creek","acres":null,"editable":false,"source":"USGS 3DHP flowlines (Channel Line)"},"geometry":{"type":"LineString","coordinates":[[-111.890912,44.689573],[-111.890828,44.688776],[-111.891118,44.688536],[-111.891172,44.687712],[-111.891279,44.68762],[-111.891652,44.687594],[-111.891965,44.687101],[-111.892194,44.686964],[-111.892141,44.68614],[-111.892301,44.685827],[-111.892064,44.685515],[-111.892225,44.685373],[-111.892194,44.685164],[-111.892393,44.685087],[-111.892515,44.684668],[-111.892728,44.684462],[-111.892698,44.684324],[-111.892469,44.684141],[-111.892515,44.683165],[-111.892423,44.682787],[-111.89298,44.681494],[-111.892904,44.681284],[-111.893163,44.681192],[-111.893255,44.681078],[-111.893255,44.680765],[-111.893529,44.680452],[-111.893651,44.680437],[-111.893804,44.68059],[-111.893964,44.680613],[-111.89417,44.680395],[-111.894468,44.680338],[-111.894491,44.680101],[-111.89491,44.679365],[-111.894254,44.679178],[-111.894292,44.679037],[-111.894819,44.67898],[-111.895544,44.679026]]}},{"type":"Feature","properties":{"id":"wat-b245","kind":"water","name":"Winslow Creek","acres":null,"editable":false,"source":"USGS 3DHP flowlines (Channel Line)"},"geometry":{"type":"LineString","coordinates":[[-111.979357,44.610604],[-111.978899,44.610844],[-111.979243,44.611206],[-111.979258,44.611344],[-111.978396,44.611622]]}},{"type":"Feature","properties":{"id":"wat-b246","kind":"water","name":"Creek","acres":null,"editable":false,"source":"USGS 3DHP flowlines (Channel Line)"},"geometry":{"type":"LineString","coordinates":[[-111.949968,44.740766],[-111.951608,44.740617],[-111.952829,44.740289],[-111.953409,44.739934],[-111.954546,44.73948],[-111.955408,44.738915],[-111.956293,44.738519],[-111.957109,44.737923],[-111.957239,44.737569],[-111.957193,44.736691],[-111.957445,44.736234],[-111.957117,44.734399],[-111.957826,44.73351],[-111.957865,44.733136],[-111.958399,44.731953],[-111.958429,44.731671]]}},{"type":"Feature","properties":{"id":"wat-b247","kind":"water","name":"Humphry Creek","acres":null,"editable":false,"source":"USGS 3DHP flowlines (Channel Line)"},"geometry":{"type":"LineString","coordinates":[[-111.829697,44.613608],[-111.82885,44.615203],[-111.828583,44.616095],[-111.828598,44.616931]]}},{"type":"Feature","properties":{"id":"wat-b248","kind":"water","name":"Creek","acres":null,"editable":false,"source":"USGS 3DHP flowlines (Channel Line)"},"geometry":{"type":"LineString","coordinates":[[-111.964166,44.681203],[-111.964395,44.680737],[-111.964723,44.680462],[-111.964853,44.680077],[-111.965692,44.67891],[-111.965929,44.678349],[-111.965944,44.678139],[-111.965608,44.677281]]}},{"type":"Feature","properties":{"id":"wat-b249","kind":"water","name":"Creek","acres":null,"editable":false,"source":"USGS 3DHP flowlines (Channel Line)"},"geometry":{"type":"LineString","coordinates":[[-111.795457,44.792902],[-111.796441,44.79194],[-111.79741,44.791208],[-111.797654,44.791033],[-111.79815,44.790926],[-111.79947,44.790983],[-111.800081,44.791292],[-111.801179,44.79167],[-111.802377,44.791956],[-111.803117,44.791952],[-111.804994,44.791486],[-111.806261,44.791334]]}},{"type":"Feature","properties":{"id":"wat-b250","kind":"water","name":"Buford Creek","acres":null,"editable":false,"source":"USGS 3DHP flowlines (Channel Line)"},"geometry":{"type":"LineString","coordinates":[[-111.868511,44.793755],[-111.868862,44.792614],[-111.868847,44.7901],[-111.868344,44.788124],[-111.868397,44.787731],[-111.868878,44.786602],[-111.86903,44.785767],[-111.869214,44.785557],[-111.870038,44.785023],[-111.870213,44.784653],[-111.870221,44.784168],[-111.870442,44.783325],[-111.870724,44.782738]]}},{"type":"Feature","properties":{"id":"wat-b251","kind":"water","name":"Long Creek","acres":null,"editable":false,"source":"USGS 3DHP flowlines (Channel Line)"},"geometry":{"type":"LineString","coordinates":[[-111.969193,44.798239],[-111.969597,44.797808],[-111.969902,44.797273],[-111.969986,44.797025],[-111.969933,44.796427],[-111.970055,44.796003],[-111.970864,44.794794],[-111.973412,44.793687],[-111.974045,44.793272],[-111.974564,44.792806],[-111.975342,44.792589],[-111.975411,44.79247],[-111.975358,44.792158],[-111.975922,44.791879],[-111.976311,44.791547],[-111.977021,44.791494]]}},{"type":"Feature","properties":{"id":"wat-b252","kind":"water","name":"Metzel Creek","acres":null,"editable":false,"source":"USGS 3DHP flowlines (Channel Line)"},"geometry":{"type":"LineString","coordinates":[[-111.909445,44.7003],[-111.90911,44.700052],[-111.909026,44.699877],[-111.908629,44.699846],[-111.908476,44.699739],[-111.908194,44.699743],[-111.908125,44.69956],[-111.907866,44.699442],[-111.907004,44.699373],[-111.906203,44.699133],[-111.905653,44.699125],[-111.904982,44.698988]]}},{"type":"Feature","properties":{"id":"wat-b253","kind":"water","name":"Creek","acres":null,"editable":false,"source":"USGS 3DHP flowlines (Channel Line)"},"geometry":{"type":"LineString","coordinates":[[-111.917312,44.761606],[-111.91603,44.760046],[-111.914634,44.759298],[-111.914207,44.758955],[-111.914085,44.758799],[-111.913932,44.758188],[-111.913482,44.757898],[-111.913421,44.757288],[-111.913162,44.756689],[-111.912811,44.756216],[-111.912002,44.75593],[-111.911613,44.755385],[-111.911407,44.75524],[-111.911102,44.755156],[-111.908897,44.754068],[-111.907706,44.753729],[-111.907035,44.753416],[-111.904571,44.751417]]}},{"type":"Feature","properties":{"id":"wat-b254","kind":"water","name":"Fish Creek","acres":null,"editable":false,"source":"USGS 3DHP flowlines (Channel Line)"},"geometry":{"type":"LineString","coordinates":[[-111.961229,44.744591],[-111.961939,44.743848],[-111.962656,44.743901],[-111.963289,44.743764],[-111.963244,44.743298],[-111.963396,44.743008],[-111.963312,44.742707],[-111.963503,44.74202],[-111.963472,44.741818],[-111.963778,44.741391],[-111.963793,44.74109],[-111.964029,44.741032],[-111.964014,44.740678],[-111.964213,44.740475],[-111.964144,44.740281],[-111.964296,44.740201],[-111.964663,44.740285],[-111.96477,44.74017],[-111.964716,44.739953],[-111.965082,44.739842]]}},{"type":"Feature","properties":{"id":"wat-b255","kind":"water","name":"West Fork Madison River","acres":null,"editable":false,"source":"USGS 3DHP flowlines (Channel Line)"},"geometry":{"type":"LineString","coordinates":[[-111.79947,44.761022],[-111.798601,44.761163],[-111.797639,44.761624],[-111.796716,44.761674],[-111.795594,44.761262],[-111.793306,44.760819],[-111.792558,44.760579],[-111.791764,44.76043],[-111.791085,44.760102],[-111.790345,44.759664],[-111.790147,44.759385],[-111.789857,44.758065],[-111.789559,44.757386],[-111.789124,44.757096],[-111.789025,44.756944],[-111.788896,44.756631],[-111.788819,44.755578],[-111.788468,44.754949],[-111.78801,44.754739],[-111.786851,44.754617]]}},{"type":"Feature","properties":{"id":"wat-b256","kind":"water","name":"Creek","acres":null,"editable":false,"source":"USGS 3DHP flowlines (Channel Line)"},"geometry":{"type":"LineString","coordinates":[[-111.751167,44.812801],[-111.750633,44.81361],[-111.750114,44.814109],[-111.749862,44.814552],[-111.749694,44.815948],[-111.749954,44.81707],[-111.750259,44.817634],[-111.749557,44.818885],[-111.74971,44.8195],[-111.749679,44.819915],[-111.749138,44.821785],[-111.748565,44.822693]]}},{"type":"Feature","properties":{"id":"wat-b257","kind":"water","name":"Anderson Creek","acres":null,"editable":false,"source":"USGS 3DHP flowlines (Channel Line)"},"geometry":{"type":"LineString","coordinates":[[-111.931755,44.772142],[-111.931381,44.772322],[-111.929962,44.772432],[-111.92868,44.772936],[-111.927787,44.77376],[-111.927055,44.774039],[-111.926597,44.774431],[-111.925376,44.774859],[-111.925033,44.774874],[-111.924667,44.774718],[-111.924255,44.774721],[-111.923713,44.77516],[-111.922782,44.775244],[-111.922202,44.775435],[-111.921172,44.775973],[-111.920402,44.776541],[-111.920119,44.77664],[-111.919906,44.776923]]}},{"type":"Feature","properties":{"id":"wat-b258","kind":"water","name":"West Fork Madison River","acres":null,"editable":false,"source":"USGS 3DHP flowlines (Channel Line)"},"geometry":{"type":"LineString","coordinates":[[-111.868969,44.822511],[-111.869831,44.821103],[-111.870861,44.820309],[-111.872242,44.818742],[-111.872883,44.818307],[-111.87344,44.816254],[-111.873837,44.815194],[-111.873859,44.814633]]}},{"type":"Feature","properties":{"id":"wat-b259","kind":"water","name":"Creek","acres":null,"editable":false,"source":"USGS 3DHP flowlines (Channel Line)"},"geometry":{"type":"LineString","coordinates":[[-111.766174,44.764005],[-111.766655,44.763025],[-111.768043,44.762247],[-111.770226,44.761297],[-111.770546,44.761232],[-111.771339,44.761262],[-111.772499,44.761194],[-111.773827,44.76066],[-111.774826,44.759935],[-111.77623,44.759786],[-111.776459,44.759687],[-111.777504,44.758699],[-111.778946,44.757993],[-111.780198,44.75673],[-111.781739,44.756063],[-111.783364,44.755613]]}},{"type":"Feature","properties":{"id":"wat-b260","kind":"water","name":"Creek","acres":null,"editable":false,"source":"USGS 3DHP flowlines (Channel Line)"},"geometry":{"type":"LineString","coordinates":[[-111.759349,44.615848],[-111.759319,44.615982],[-111.759555,44.616348],[-111.759563,44.616562],[-111.759479,44.617088],[-111.759303,44.61729],[-111.758823,44.617313],[-111.758289,44.617454],[-111.757259,44.6175],[-111.757022,44.617802],[-111.756534,44.617905],[-111.755404,44.618404],[-111.755145,44.61842],[-111.754825,44.618229],[-111.75394,44.61834],[-111.753848,44.618492],[-111.753879,44.618717],[-111.753779,44.618755],[-111.753428,44.618713],[-111.75262,44.61837],[-111.752162,44.618305],[-111.751658,44.618118],[-111.75162,44.61771],[-111.75149,44.617661],[-111.751322,44.61776],[-111.7512,44.617977],[-111.751475,44.618362],[-111.751452,44.618462],[-111.751124,44.618565],[-111.750674,44.6185]]}},{"type":"Feature","properties":{"id":"wat-b261","kind":"water","name":"Creek","acres":null,"editable":false,"source":"USGS 3DHP flowlines (Channel Line)"},"geometry":{"type":"LineString","coordinates":[[-111.834582,44.731502],[-111.834857,44.731262],[-111.835536,44.731063],[-111.835956,44.730835],[-111.836268,44.730499],[-111.836307,44.73032],[-111.836482,44.730197]]}},{"type":"Feature","properties":{"id":"wat-b262","kind":"water","name":"Creek","acres":null,"editable":false,"source":"USGS 3DHP flowlines (Channel Line)"},"geometry":{"type":"LineString","coordinates":[[-111.739268,44.637223],[-111.739375,44.637341],[-111.740085,44.637486],[-111.74071,44.637322],[-111.740985,44.637371]]}},{"type":"Feature","properties":{"id":"wat-b263","kind":"water","name":"Snowshoe Creek","acres":null,"editable":false,"source":"USGS 3DHP flowlines (Channel Line)"},"geometry":{"type":"LineString","coordinates":[[-111.803918,44.727059],[-111.80343,44.727116],[-111.803117,44.726921],[-111.802239,44.726902],[-111.801736,44.72704],[-111.800645,44.727173],[-111.800271,44.727043],[-111.798615,44.727185],[-111.797875,44.726986],[-111.796593,44.726841],[-111.795975,44.726674],[-111.795327,44.726349],[-111.794808,44.726414],[-111.793877,44.726288],[-111.793557,44.726403],[-111.793328,44.726281],[-111.793114,44.726365],[-111.792778,44.726376],[-111.79274,44.726216],[-111.792244,44.7263],[-111.791871,44.726265],[-111.791733,44.726368],[-111.790993,44.726265],[-111.790856,44.726403],[-111.79039,44.726403],[-111.790253,44.726254],[-111.790146,44.726246],[-111.790016,44.726395],[-111.789574,44.726418],[-111.78917,44.726643],[-111.788834,44.726555],[-111.788559,44.726586],[-111.788437,44.726712],[-111.788239,44.726658],[-111.787834,44.726739],[-111.787529,44.726563],[-111.787506,44.726712],[-111.787033,44.726754],[-111.786858,44.726689],[-111.786659,44.726823],[-111.78624,44.726807]]}},{"type":"Feature","properties":{"id":"wat-b264","kind":"water","name":"West Fork Madison River","acres":null,"editable":false,"source":"USGS 3DHP flowlines (Channel Line)"},"geometry":{"type":"LineString","coordinates":[[-111.867261,44.753882],[-111.866719,44.753673],[-111.865788,44.753673],[-111.864697,44.753806],[-111.863934,44.753997],[-111.86366,44.753917],[-111.863553,44.753749],[-111.862973,44.753642],[-111.862035,44.751678],[-111.861539,44.750991],[-111.861233,44.751041],[-111.860364,44.751655],[-111.859738,44.75164],[-111.858784,44.751876],[-111.857831,44.751876],[-111.857434,44.751643],[-111.856854,44.751487]]}},{"type":"Feature","properties":{"id":"wat-b265","kind":"water","name":"Creek","acres":null,"editable":false,"source":"USGS 3DHP flowlines (Channel Line)"},"geometry":{"type":"LineString","coordinates":[[-111.771248,44.797038],[-111.769524,44.796122],[-111.76841,44.795386],[-111.767647,44.795039]]}},{"type":"Feature","properties":{"id":"wat-b266","kind":"water","name":"Cascade Creek","acres":null,"editable":false,"source":"USGS 3DHP flowlines (Channel Line)"},"geometry":{"type":"LineString","coordinates":[[-111.80752,44.788175],[-111.807176,44.787801],[-111.807329,44.787389],[-111.807039,44.787019],[-111.807054,44.786508],[-111.806726,44.785821],[-111.806085,44.785371],[-111.805795,44.784696],[-111.805399,44.784269],[-111.804765,44.783883],[-111.804498,44.78338],[-111.803346,44.783105],[-111.803026,44.782483],[-111.802515,44.782033],[-111.802438,44.781625],[-111.802301,44.78145],[-111.802171,44.781312],[-111.801836,44.781213],[-111.80166,44.78108]]}},{"type":"Feature","properties":{"id":"wat-b267","kind":"water","name":"Elk River","acres":null,"editable":false,"source":"USGS 3DHP flowlines (Channel Line)"},"geometry":{"type":"LineString","coordinates":[[-111.687452,44.806664],[-111.68707,44.8064],[-111.685834,44.806275],[-111.685323,44.806027],[-111.68517,44.805912],[-111.685002,44.805481],[-111.684712,44.805306],[-111.683721,44.80502],[-111.683011,44.804939],[-111.682164,44.804665],[-111.681775,44.804371],[-111.681676,44.804009],[-111.681035,44.803692],[-111.680997,44.803097],[-111.680417,44.802788],[-111.679761,44.802746],[-111.67944,44.802483],[-111.678006,44.802406],[-111.675496,44.801453],[-111.674061,44.801068]]}},{"type":"Feature","properties":{"id":"wat-b268","kind":"water","name":"Creek","acres":null,"editable":false,"source":"USGS 3DHP flowlines (Channel Line)"},"geometry":{"type":"LineString","coordinates":[[-111.870832,44.75542],[-111.869748,44.754783],[-111.869382,44.754699]]}},{"type":"Feature","properties":{"id":"wat-b269","kind":"water","name":"Creek","acres":null,"editable":false,"source":"USGS 3DHP flowlines (Channel Line)"},"geometry":{"type":"LineString","coordinates":[[-111.670902,44.73836],[-111.670673,44.738891],[-111.670536,44.73899],[-111.670093,44.739203],[-111.66978,44.739142],[-111.669552,44.739184],[-111.669315,44.739364],[-111.669216,44.739718],[-111.668766,44.740268],[-111.668743,44.740432],[-111.668941,44.740893],[-111.668903,44.74105],[-111.668461,44.741439],[-111.66827,44.742545],[-111.667896,44.743262],[-111.667446,44.743854],[-111.667125,44.743915],[-111.666355,44.743754],[-111.665775,44.743823],[-111.665226,44.7438],[-111.663593,44.743457],[-111.662975,44.743693],[-111.662532,44.743762],[-111.662204,44.74393],[-111.661128,44.743934],[-111.659854,44.744041],[-111.658695,44.744708]]}},{"type":"Feature","properties":{"id":"wat-b270","kind":"water","name":"Creek","acres":null,"editable":false,"source":"USGS 3DHP flowlines (Channel Line)"},"geometry":{"type":"LineString","coordinates":[[-111.677075,44.808281],[-111.677205,44.807442],[-111.67722,44.805729],[-111.677571,44.805214],[-111.677586,44.804924],[-111.677327,44.804676],[-111.676656,44.804291],[-111.6759,44.803978],[-111.675832,44.803597],[-111.675496,44.802845],[-111.67513,44.802571],[-111.674893,44.801945],[-111.674389,44.801544],[-111.674061,44.801068]]}},{"type":"Feature","properties":{"id":"wat-b271","kind":"water","name":"West Fork Madison River","acres":null,"editable":false,"source":"USGS 3DHP flowlines (Channel Line)"},"geometry":{"type":"LineString","coordinates":[[-111.738386,44.742781],[-111.738005,44.742517],[-111.737387,44.742525],[-111.736838,44.742391],[-111.736242,44.742693],[-111.736181,44.742819],[-111.736471,44.742861],[-111.735998,44.743082],[-111.735853,44.743078],[-111.735182,44.74267],[-111.734984,44.742701],[-111.734877,44.7428],[-111.735083,44.743208],[-111.735228,44.743296],[-111.735434,44.743025],[-111.735655,44.743341],[-111.735548,44.743399],[-111.735258,44.74336],[-111.735045,44.743521],[-111.735083,44.743605],[-111.735228,44.743658],[-111.735472,44.743616],[-111.735525,44.743692],[-111.735258,44.743956],[-111.734938,44.74402],[-111.735067,44.744245],[-111.734976,44.744356],[-111.734396,44.744593],[-111.734167,44.745081],[-111.734358,44.745108],[-111.734358,44.745195],[-111.734038,44.745409],[-111.733801,44.745733],[-111.733236,44.745642],[-111.732924,44.745344],[-111.732588,44.745367],[-111.732153,44.745279],[-111.732016,44.745481],[-111.731825,44.745569],[-111.731718,44.745543],[-111.731802,44.745283],[-111.731566,44.74518],[-111.731398,44.745264],[-111.731108,44.745676],[-111.730711,44.745855],[-111.730597,44.746008],[-111.730574,44.746466],[-111.730421,44.746515],[-111.730154,44.746466],[-111.730185,44.746729],[-111.729826,44.746729],[-111.729681,44.746489],[-111.729261,44.74684],[-111.728781,44.746843],[-111.728537,44.746466],[-111.728453,44.746893],[-111.728056,44.746969],[-111.727896,44.746676],[-111.727713,44.746576],[-111.727728,44.746481],[-111.728094,44.746428],[-111.728216,44.746309],[-111.727644,44.746069],[-111.727186,44.746149],[-111.726988,44.746348],[-111.726576,44.746504],[-111.726606,44.746706],[-111.727011,44.746779]]}},{"type":"Feature","properties":{"id":"wat-b272","kind":"water","name":"Creek","acres":null,"editable":false,"source":"USGS 3DHP flowlines (Channel Line)"},"geometry":{"type":"LineString","coordinates":[[-111.818629,44.794153],[-111.817751,44.794633],[-111.817026,44.794904],[-111.816576,44.794946],[-111.815226,44.79482],[-111.814455,44.794855],[-111.813829,44.794767],[-111.813028,44.794565],[-111.812326,44.794267],[-111.811739,44.793832],[-111.811418,44.793386],[-111.810846,44.790899],[-111.810396,44.790235],[-111.808351,44.788438],[-111.808084,44.788293],[-111.80752,44.788175]]}},{"type":"Feature","properties":{"id":"wat-b273","kind":"water","name":"Creek","acres":null,"editable":false,"source":"USGS 3DHP flowlines (Channel Line)"},"geometry":{"type":"LineString","coordinates":[[-111.693097,44.766086],[-111.692731,44.766135],[-111.692243,44.765807],[-111.691884,44.765674],[-111.691296,44.765655],[-111.690282,44.765384],[-111.68932,44.765006],[-111.688603,44.764533],[-111.68694,44.764281],[-111.68591,44.764251],[-111.685246,44.764556]]}},{"type":"Feature","properties":{"id":"wat-b274","kind":"water","name":"Creek","acres":null,"editable":false,"source":"USGS 3DHP flowlines (Channel Line)"},"geometry":{"type":"LineString","coordinates":[[-111.893758,44.642969],[-111.894154,44.642996],[-111.894421,44.643335],[-111.894689,44.643492]]}},{"type":"Feature","properties":{"id":"wat-b275","kind":"water","name":"Creek","acres":null,"editable":false,"source":"USGS 3DHP flowlines (Channel Line)"},"geometry":{"type":"LineString","coordinates":[[-111.899306,44.710978],[-111.898596,44.709986],[-111.898436,44.709444],[-111.898886,44.708967],[-111.899992,44.708376],[-111.900999,44.707376],[-111.901419,44.707148],[-111.90161,44.706896],[-111.902159,44.706705],[-111.902472,44.706221],[-111.902563,44.70569],[-111.903319,44.704786],[-111.903555,44.704351],[-111.903906,44.702597],[-111.904585,44.701376],[-111.904669,44.700956],[-111.905005,44.700739],[-111.905203,44.700449],[-111.905356,44.699602],[-111.904982,44.698988]]}},{"type":"Feature","properties":{"id":"wat-b276","kind":"water","name":"Shambow Creek","acres":null,"editable":false,"source":"USGS 3DHP flowlines (Channel Line)"},"geometry":{"type":"LineString","coordinates":[[-111.816603,44.594603],[-111.816573,44.596648],[-111.816008,44.597499],[-111.815253,44.598132],[-111.814658,44.599486],[-111.812788,44.600234],[-111.812186,44.600585],[-111.810912,44.601005],[-111.810675,44.601314],[-111.810286,44.601493],[-111.810088,44.601706],[-111.809523,44.601912],[-111.809035,44.602378],[-111.808798,44.60311],[-111.808401,44.603766]]}},{"type":"Feature","properties":{"id":"wat-b277","kind":"water","name":"Creek","acres":null,"editable":false,"source":"USGS 3DHP flowlines (Channel Line)"},"geometry":{"type":"LineString","coordinates":[[-111.802657,44.635013],[-111.803199,44.634986],[-111.804099,44.634796],[-111.805167,44.634788],[-111.805648,44.634628],[-111.806105,44.634353],[-111.806746,44.6342]]}},{"type":"Feature","properties":{"id":"wat-b278","kind":"water","name":"Fish Creek","acres":null,"editable":false,"source":"USGS 3DHP flowlines (Channel Line)"},"geometry":{"type":"LineString","coordinates":[[-111.955339,44.743909],[-111.956079,44.743634],[-111.956735,44.743646],[-111.957468,44.743829],[-111.958818,44.744508],[-111.959597,44.744717],[-111.960245,44.744756],[-111.960939,44.744687],[-111.961229,44.744591]]}},{"type":"Feature","properties":{"id":"wat-b279","kind":"water","name":"West Fork Madison River","acres":null,"editable":false,"source":"USGS 3DHP flowlines (Channel Line)"},"geometry":{"type":"LineString","coordinates":[[-111.907515,44.771456],[-111.907324,44.771079],[-111.906096,44.770167],[-111.905562,44.769553]]}},{"type":"Feature","properties":{"id":"wat-b280","kind":"water","name":"Creek","acres":null,"editable":false,"source":"USGS 3DHP flowlines (Channel Line)"},"geometry":{"type":"LineString","coordinates":[[-111.820132,44.798219],[-111.819582,44.798417],[-111.819109,44.798433],[-111.818125,44.798074],[-111.817087,44.797861],[-111.815989,44.797136],[-111.815477,44.796995],[-111.814829,44.796403],[-111.813341,44.796445],[-111.81286,44.796331]]}},{"type":"Feature","properties":{"id":"wat-b281","kind":"water","name":"Creek","acres":null,"editable":false,"source":"USGS 3DHP flowlines (Channel Line)"},"geometry":{"type":"LineString","coordinates":[[-111.834842,44.78811],[-111.836513,44.787747],[-111.838519,44.788033],[-111.839046,44.788048],[-111.839412,44.787953]]}},{"type":"Feature","properties":{"id":"wat-b282","kind":"water","name":"Creek","acres":null,"editable":false,"source":"USGS 3DHP flowlines (Channel Line)"},"geometry":{"type":"LineString","coordinates":[[-111.778419,44.720723],[-111.779029,44.720498],[-111.779289,44.720235],[-111.779373,44.719308],[-111.780036,44.718579],[-111.780189,44.718167],[-111.780708,44.715714],[-111.780609,44.714875],[-111.780708,44.71375],[-111.780517,44.712536],[-111.779792,44.710526],[-111.778747,44.709569],[-111.777198,44.708741],[-111.776893,44.708073],[-111.776534,44.707593],[-111.775702,44.707272],[-111.775084,44.706818],[-111.774917,44.706475],[-111.774169,44.7062],[-111.772422,44.705857],[-111.771918,44.705399],[-111.770903,44.704823],[-111.770918,44.704449],[-111.770491,44.703786],[-111.770415,44.703034],[-111.770072,44.702649],[-111.769843,44.702142],[-111.769202,44.701504],[-111.768957,44.700204]]}},{"type":"Feature","properties":{"id":"wat-b283","kind":"water","name":"Snowshoe Creek","acres":null,"editable":false,"source":"USGS 3DHP flowlines (Channel Line)"},"geometry":{"type":"LineString","coordinates":[[-111.768957,44.700204],[-111.768584,44.700116],[-111.768462,44.700593],[-111.768088,44.700669],[-111.767752,44.700646],[-111.767584,44.700921],[-111.767248,44.700997],[-111.766966,44.70126],[-111.766272,44.701394],[-111.766157,44.701573],[-111.765768,44.701577],[-111.765738,44.701089],[-111.765433,44.701024],[-111.765326,44.700925],[-111.765158,44.700986],[-111.764547,44.700852],[-111.764578,44.701096],[-111.764357,44.701131],[-111.764113,44.701287],[-111.763907,44.70118],[-111.763365,44.701299],[-111.762716,44.701089],[-111.762251,44.701192],[-111.762197,44.701363],[-111.762083,44.701386],[-111.761801,44.701157],[-111.761297,44.701127],[-111.761465,44.700818],[-111.761167,44.700784],[-111.761206,44.700417],[-111.760717,44.700158],[-111.760671,44.699864],[-111.760916,44.699815],[-111.761007,44.6997],[-111.761282,44.699593],[-111.761328,44.699391],[-111.761015,44.699197],[-111.760961,44.699021],[-111.760656,44.69885],[-111.760656,44.698796],[-111.760908,44.698758],[-111.760908,44.698594],[-111.760031,44.698045],[-111.760031,44.697923],[-111.760313,44.697907],[-111.760374,44.697846],[-111.760122,44.697614],[-111.760214,44.69745],[-111.760084,44.697236],[-111.760252,44.697144],[-111.760252,44.696751],[-111.760473,44.696496],[-111.760191,44.696317],[-111.759741,44.696355],[-111.759535,44.696256],[-111.759741,44.696019],[-111.760107,44.695802],[-111.759947,44.695573],[-111.759496,44.695477],[-111.759397,44.695378],[-111.759466,44.695191],[-111.759206,44.694932],[-111.759466,44.694829],[-111.758993,44.694482],[-111.758436,44.693501],[-111.757986,44.692986],[-111.757337,44.692708],[-111.757101,44.692452],[-111.756574,44.692254],[-111.756177,44.691888],[-111.755903,44.69209],[-111.755513,44.691712],[-111.754995,44.691617],[-111.754926,44.691522],[-111.755117,44.691289],[-111.754911,44.691243],[-111.754606,44.691449],[-111.754384,44.691304],[-111.75398,44.691304]]}},{"type":"Feature","properties":{"id":"wat-b284","kind":"water","name":"West Fork Madison River","acres":null,"editable":false,"source":"USGS 3DHP flowlines (Channel Line)"},"geometry":{"type":"LineString","coordinates":[[-111.915182,44.796023],[-111.915411,44.795878],[-111.915854,44.795806],[-111.915945,44.796084],[-111.916395,44.796176],[-111.916769,44.796889],[-111.917456,44.797153],[-111.918699,44.797454],[-111.919134,44.797332],[-111.919554,44.79737],[-111.919699,44.797061],[-111.920119,44.796916],[-111.920889,44.79637],[-111.921255,44.79647],[-111.921866,44.796412],[-111.922156,44.796477],[-111.922316,44.796573],[-111.922591,44.797061]]}},{"type":"Feature","properties":{"id":"wat-b285","kind":"water","name":"Creek","acres":null,"editable":false,"source":"USGS 3DHP flowlines (Channel Line)"},"geometry":{"type":"LineString","coordinates":[[-111.952591,44.790335],[-111.95198,44.790793],[-111.951057,44.79167],[-111.949775,44.792341],[-111.949501,44.79265],[-111.948516,44.793341],[-111.948303,44.793738],[-111.94799,44.793974],[-111.947624,44.794062],[-111.945732,44.79423]]}},{"type":"Feature","properties":{"id":"wat-b286","kind":"water","name":"Cascade Creek","acres":null,"editable":false,"source":"USGS 3DHP flowlines (Channel Line)"},"geometry":{"type":"LineString","coordinates":[[-111.80166,44.78108],[-111.801164,44.78034],[-111.800577,44.779786],[-111.800325,44.779298],[-111.800157,44.778875],[-111.800088,44.777318],[-111.799844,44.776716],[-111.799905,44.776464],[-111.800477,44.775808],[-111.800508,44.77387],[-111.801431,44.772641],[-111.801431,44.772462],[-111.801324,44.771882],[-111.801141,44.768579],[-111.800737,44.768056],[-111.801012,44.767098],[-111.800714,44.766503],[-111.800569,44.765252],[-111.800737,44.763783],[-111.799989,44.762032],[-111.799974,44.761308],[-111.79947,44.761022]]}},{"type":"Feature","properties":{"id":"wat-b287","kind":"water","name":"West Fork Madison River","acres":null,"editable":false,"source":"USGS 3DHP flowlines (Channel Line)"},"geometry":{"type":"LineString","coordinates":[[-111.872983,44.756362],[-111.872373,44.756362],[-111.871022,44.755836]]}},{"type":"Feature","properties":{"id":"wat-b288","kind":"water","name":"Creek","acres":null,"editable":false,"source":"USGS 3DHP flowlines (Channel Line)"},"geometry":{"type":"LineString","coordinates":[[-111.760382,44.730912],[-111.760009,44.731408],[-111.760337,44.732438],[-111.760344,44.732755],[-111.760222,44.733049],[-111.759185,44.734365],[-111.758506,44.734834],[-111.758239,44.735158],[-111.757567,44.7353],[-111.757102,44.735605],[-111.756873,44.735887],[-111.756835,44.736272],[-111.757018,44.736528],[-111.756972,44.736768],[-111.757102,44.736963],[-111.757033,44.737241],[-111.757308,44.737665],[-111.757369,44.738077],[-111.757209,44.738313],[-111.756194,44.73876]]}},{"type":"Feature","properties":{"id":"wat-b289","kind":"water","name":"Fossil Creek","acres":null,"editable":false,"source":"USGS 3DHP flowlines (Channel Line)"},"geometry":{"type":"LineString","coordinates":[[-111.847271,44.768173],[-111.847294,44.767181],[-111.847461,44.766067],[-111.84766,44.765518],[-111.848217,44.765159],[-111.847957,44.764431],[-111.848263,44.763641],[-111.848179,44.763477],[-111.847606,44.763214],[-111.847477,44.762901],[-111.847843,44.762195],[-111.848293,44.761848],[-111.848293,44.76178],[-111.847622,44.761398],[-111.847538,44.761261],[-111.847767,44.761043],[-111.847713,44.760364],[-111.847919,44.759708],[-111.84795,44.758766],[-111.847622,44.758564],[-111.846897,44.758442],[-111.846088,44.758529],[-111.84576,44.758495],[-111.844982,44.757877],[-111.844097,44.757839],[-111.843593,44.757896],[-111.843258,44.757637],[-111.842746,44.75745],[-111.841327,44.757274],[-111.840778,44.757473],[-111.840358,44.757488]]}},{"type":"Feature","properties":{"id":"wat-b290","kind":"water","name":"Creek","acres":null,"editable":false,"source":"USGS 3DHP flowlines (Channel Line)"},"geometry":{"type":"LineString","coordinates":[[-111.840579,44.703708],[-111.84006,44.703685],[-111.839236,44.703475],[-111.838381,44.703533],[-111.837725,44.703384],[-111.836626,44.703384],[-111.836237,44.703243],[-111.836047,44.702941],[-111.835657,44.701793],[-111.83523,44.701255],[-111.835177,44.700549],[-111.834688,44.69963],[-111.834658,44.697559],[-111.834167,44.694866]]}},{"type":"Feature","properties":{"id":"wat-b291","kind":"water","name":"Creek","acres":null,"editable":false,"source":"USGS 3DHP flowlines (Channel Line)"},"geometry":{"type":"LineString","coordinates":[[-111.694196,44.751597],[-111.69444,44.751841],[-111.694806,44.752513],[-111.694836,44.753096],[-111.694676,44.753859],[-111.69476,44.754302],[-111.69521,44.754576],[-111.695584,44.755053],[-111.69576,44.755137],[-111.696095,44.75508]]}},{"type":"Feature","properties":{"id":"wat-b292","kind":"water","name":"Creek","acres":null,"editable":false,"source":"USGS 3DHP flowlines (Channel Line)"},"geometry":{"type":"LineString","coordinates":[[-111.878193,44.65222],[-111.878078,44.652025]]}},{"type":"Feature","properties":{"id":"wat-b293","kind":"water","name":"Fish Creek","acres":null,"editable":false,"source":"USGS 3DHP flowlines (Channel Line)"},"geometry":{"type":"LineString","coordinates":[[-111.941185,44.762769],[-111.941132,44.761995],[-111.940857,44.761297],[-111.940728,44.759679],[-111.941102,44.758756],[-111.940781,44.758356],[-111.940858,44.757715],[-111.940705,44.757455],[-111.940728,44.757253],[-111.940346,44.756536],[-111.941323,44.755899],[-111.941521,44.755494],[-111.941514,44.755281],[-111.941117,44.754545],[-111.941361,44.753782],[-111.941338,44.753354],[-111.941178,44.753137]]}},{"type":"Feature","properties":{"id":"wat-b294","kind":"water","name":"Creek","acres":null,"editable":false,"source":"USGS 3DHP flowlines (Channel Line)"},"geometry":{"type":"LineString","coordinates":[[-111.876691,44.709551],[-111.875154,44.708969]]}},{"type":"Feature","properties":{"id":"wat-b295","kind":"water","name":"Creek","acres":null,"editable":false,"source":"USGS 3DHP flowlines (Channel Line)"},"geometry":{"type":"LineString","coordinates":[[-111.837335,44.647147],[-111.83706,44.647048]]}},{"type":"Feature","properties":{"id":"wat-b296","kind":"water","name":"Creek","acres":null,"editable":false,"source":"USGS 3DHP flowlines (Channel Line)"},"geometry":{"type":"LineString","coordinates":[[-111.909614,44.733667],[-111.9094,44.733507],[-111.907065,44.733328],[-111.906707,44.733221],[-111.906409,44.733282],[-111.905372,44.733244],[-111.904937,44.733065],[-111.904563,44.73303],[-111.903907,44.732672],[-111.903167,44.732443],[-111.902693,44.732004],[-111.902289,44.731943],[-111.901862,44.731669],[-111.900984,44.731569],[-111.900725,44.731371]]}},{"type":"Feature","properties":{"id":"wat-b297","kind":"water","name":"Nye Creek","acres":null,"editable":false,"source":"USGS 3DHP flowlines (Channel Line)"},"geometry":{"type":"LineString","coordinates":[[-111.770832,44.619213],[-111.770725,44.61943],[-111.770306,44.619545],[-111.770145,44.619705],[-111.769863,44.619777],[-111.769726,44.619953],[-111.769344,44.620186],[-111.769329,44.6203],[-111.769726,44.620559],[-111.769672,44.620727],[-111.768749,44.620884],[-111.768452,44.621113],[-111.76862,44.621357],[-111.769306,44.621761],[-111.769329,44.622143],[-111.769833,44.622188],[-111.769856,44.622398],[-111.770046,44.622593],[-111.769634,44.622722],[-111.769573,44.622856],[-111.769863,44.62294],[-111.770245,44.622791],[-111.77058,44.622856],[-111.770626,44.623001],[-111.770382,44.623085],[-111.770306,44.62326],[-111.770359,44.62344],[-111.771145,44.623554],[-111.77126,44.623184],[-111.771656,44.623245],[-111.771549,44.623707],[-111.771366,44.623817],[-111.771412,44.623951],[-111.771626,44.624065],[-111.772,44.623592],[-111.77245,44.623752],[-111.772236,44.624489],[-111.772,44.624599],[-111.771382,44.624676],[-111.77142,44.624786],[-111.771724,44.624957],[-111.771092,44.625477],[-111.771115,44.625576],[-111.771412,44.625622],[-111.771672,44.625557],[-111.77216,44.625263],[-111.772274,44.625267],[-111.772396,44.625389],[-111.77232,44.625606],[-111.772091,44.625828],[-111.771786,44.625931],[-111.771527,44.626255],[-111.771725,44.626343],[-111.771962,44.626251],[-111.772366,44.626236],[-111.772404,44.62661],[-111.772213,44.626709],[-111.771664,44.626728],[-111.771595,44.626831],[-111.771756,44.627067],[-111.771283,44.627052],[-111.771244,44.627201],[-111.771374,44.627353],[-111.771313,44.627689],[-111.771931,44.627922],[-111.771794,44.62838],[-111.772,44.628338],[-111.772419,44.628044],[-111.772847,44.62817],[-111.772992,44.628818],[-111.773717,44.629467],[-111.77364,44.629894],[-111.774006,44.630337],[-111.774075,44.630642],[-111.774495,44.630874],[-111.77493,44.630806],[-111.775197,44.631023],[-111.775563,44.631111],[-111.775746,44.631386],[-111.776013,44.631496],[-111.77612,44.631996],[-111.77628,44.632049],[-111.776524,44.631946],[-111.77686,44.632023],[-111.776814,44.632248],[-111.777371,44.632477],[-111.777036,44.632683],[-111.776662,44.632587],[-111.776456,44.632927],[-111.776173,44.633121],[-111.77551,44.633842],[-111.775327,44.63464],[-111.77403,44.634983]]}},{"type":"Feature","properties":{"id":"wat-b298","kind":"water","name":"Creek","acres":null,"editable":false,"source":"USGS 3DHP flowlines (Channel Line)"},"geometry":{"type":"LineString","coordinates":[[-111.717822,44.657514],[-111.717609,44.658223],[-111.717822,44.658666],[-111.718455,44.659028],[-111.721111,44.660142],[-111.722148,44.660802],[-111.726711,44.660981],[-111.729206,44.661187],[-111.731029,44.661492],[-111.73257,44.661435],[-111.737316,44.661549]]}},{"type":"Feature","properties":{"id":"wat-b299","kind":"water","name":"Creek","acres":null,"editable":false,"source":"USGS 3DHP flowlines (Channel Line)"},"geometry":{"type":"LineString","coordinates":[[-111.900868,44.817646],[-111.901692,44.817043],[-111.902394,44.815948],[-111.902921,44.815605],[-111.903974,44.815254],[-111.904531,44.814564],[-111.905019,44.814312],[-111.905683,44.813156],[-111.906255,44.812618],[-111.906492,44.812164],[-111.907049,44.811695],[-111.907178,44.81163],[-111.907628,44.811638],[-111.907995,44.811454],[-111.908254,44.810836],[-111.909124,44.810375],[-111.910429,44.809875],[-111.912313,44.809349],[-111.912885,44.808986],[-111.913549,44.809043],[-111.914655,44.809566],[-111.914884,44.809852],[-111.915525,44.809974],[-111.916074,44.80997],[-111.916624,44.810314],[-111.916959,44.810428],[-111.917623,44.810493],[-111.917783,44.810684],[-111.917829,44.811],[-111.918203,44.811702],[-111.918424,44.811862],[-111.918951,44.811798],[-111.919683,44.812324],[-111.919904,44.812591],[-111.920095,44.813899]]}},{"type":"Feature","properties":{"id":"wat-b300","kind":"water","name":"West Fork Madison River","acres":null,"editable":false,"source":"USGS 3DHP flowlines (Channel Line)"},"geometry":{"type":"LineString","coordinates":[[-111.716291,44.750372],[-111.716482,44.750136],[-111.716245,44.749979],[-111.715658,44.750124],[-111.715406,44.750315],[-111.715093,44.750178],[-111.715032,44.749926],[-111.714887,44.749808],[-111.714002,44.749823],[-111.713636,44.750044],[-111.713331,44.750086],[-111.712844,44.749926],[-111.712285,44.74959],[-111.711271,44.749743],[-111.710554,44.749483],[-111.70992,44.749789],[-111.709806,44.749785],[-111.709531,44.749514],[-111.709028,44.749766],[-111.708516,44.749655],[-111.70799,44.749747],[-111.707998,44.749926],[-111.708227,44.750105],[-111.708013,44.750346],[-111.70757,44.750388],[-111.707235,44.750636],[-111.707067,44.75067],[-111.706884,44.750609],[-111.706876,44.750475],[-111.707212,44.750372],[-111.707227,44.750262],[-111.706716,44.750166],[-111.706317,44.749926],[-111.7058,44.749899],[-111.705144,44.750117],[-111.7049,44.7503],[-111.705007,44.750357],[-111.705457,44.750334],[-111.705571,44.750418],[-111.705587,44.750578],[-111.70535,44.751021],[-111.70519,44.751086],[-111.705037,44.750861],[-111.704747,44.750861],[-111.704847,44.751235],[-111.704793,44.751326],[-111.704641,44.751349],[-111.70448,44.751261],[-111.704351,44.750948],[-111.704206,44.75096],[-111.70403,44.751067],[-111.704175,44.751299],[-111.704122,44.751421],[-111.703962,44.75149],[-111.703611,44.751437],[-111.703603,44.751208],[-111.703191,44.751204],[-111.70284,44.751345],[-111.703107,44.751486],[-111.703084,44.751658],[-111.702962,44.751746]]}},{"type":"Feature","properties":{"id":"wat-b301","kind":"water","name":"West Fork Madison River","acres":null,"editable":false,"source":"USGS 3DHP flowlines (Channel Line)"},"geometry":{"type":"LineString","coordinates":[[-111.873859,44.814633],[-111.87392,44.814442],[-111.87434,44.814065],[-111.8745,44.813538],[-111.874844,44.813263],[-111.875218,44.81321],[-111.875561,44.813061],[-111.876187,44.813107],[-111.876812,44.813042],[-111.877224,44.81321],[-111.877857,44.813168],[-111.878803,44.812409],[-111.87917,44.811806],[-111.880581,44.810658],[-111.881092,44.810349],[-111.882084,44.809914],[-111.882458,44.809849],[-111.882893,44.809609],[-111.8839,44.809334],[-111.884793,44.809292],[-111.885212,44.809124],[-111.88551,44.808518],[-111.885502,44.808003],[-111.885632,44.807728],[-111.886227,44.807427],[-111.886563,44.807053],[-111.886914,44.8069],[-111.88715,44.806637],[-111.887234,44.806248],[-111.88757,44.806053],[-111.88828,44.804886]]}},{"type":"Feature","properties":{"id":"wat-b302","kind":"water","name":"Anderson Creek","acres":null,"editable":false,"source":"USGS 3DHP flowlines (Channel Line)"},"geometry":{"type":"LineString","coordinates":[[-111.942825,44.773069],[-111.942413,44.772772],[-111.940971,44.772348],[-111.940445,44.772306],[-111.939087,44.772482],[-111.938194,44.772241],[-111.937935,44.772131],[-111.937523,44.771459],[-111.936905,44.7712],[-111.935577,44.771295],[-111.933876,44.771776],[-111.932953,44.771696],[-111.932251,44.771853],[-111.931755,44.772142]]}},{"type":"Feature","properties":{"id":"wat-b303","kind":"water","name":"Creek","acres":null,"editable":false,"source":"USGS 3DHP flowlines (Channel Line)"},"geometry":{"type":"LineString","coordinates":[[-111.941804,44.729428],[-111.942452,44.729058],[-111.942582,44.728879],[-111.942742,44.728604],[-111.942735,44.728303],[-111.942933,44.727769],[-111.943421,44.727426],[-111.943711,44.727052],[-111.944238,44.726953],[-111.945497,44.725629],[-111.945886,44.725328],[-111.945947,44.724996],[-111.946198,44.724858],[-111.946694,44.724748],[-111.946992,44.724168],[-111.947602,44.723786],[-111.947969,44.723428],[-111.948274,44.723317]]}},{"type":"Feature","properties":{"id":"wat-b304","kind":"water","name":"Creek","acres":null,"editable":false,"source":"USGS 3DHP flowlines (Channel Line)"},"geometry":{"type":"LineString","coordinates":[[-111.741099,44.637169],[-111.740985,44.637371]]}},{"type":"Feature","properties":{"id":"wat-b305","kind":"water","name":"Creek","acres":null,"editable":false,"source":"USGS 3DHP flowlines (Channel Line)"},"geometry":{"type":"LineString","coordinates":[[-111.855066,44.617548],[-111.854837,44.61854],[-111.853937,44.620577],[-111.85222,44.622595]]}},{"type":"Feature","properties":{"id":"wat-b306","kind":"water","name":"Creek","acres":null,"editable":false,"source":"USGS 3DHP flowlines (Channel Line)"},"geometry":{"type":"LineString","coordinates":[[-111.836525,44.584311],[-111.835617,44.584971],[-111.833397,44.586882],[-111.832588,44.587389],[-111.832283,44.587874],[-111.832115,44.588751],[-111.831878,44.589278],[-111.83107,44.590174],[-111.829483,44.591532],[-111.828849,44.592497],[-111.828742,44.592963],[-111.828826,44.59355],[-111.828536,44.594683],[-111.827308,44.596346],[-111.827339,44.597315],[-111.827156,44.597548],[-111.827079,44.597949],[-111.82666,44.598727],[-111.826705,44.598963],[-111.827117,44.599646],[-111.828598,44.600318],[-111.829025,44.60139],[-111.828697,44.602507],[-111.82856,44.603682],[-111.828025,44.604624],[-111.827545,44.605948]]}},{"type":"Feature","properties":{"id":"wat-b307","kind":"water","name":"West Fork Madison River","acres":null,"editable":false,"source":"USGS 3DHP flowlines (Channel Line)"},"geometry":{"type":"LineString","coordinates":[[-111.874578,44.756415],[-111.873739,44.756526],[-111.872983,44.756362]]}},{"type":"Feature","properties":{"id":"wat-b308","kind":"water","name":"Elk River","acres":null,"editable":false,"source":"USGS 3DHP flowlines (Channel Line)"},"geometry":{"type":"LineString","coordinates":[[-111.713286,44.81382],[-111.711485,44.812695],[-111.710081,44.812218],[-111.709501,44.811794],[-111.708998,44.811665],[-111.708532,44.811665],[-111.707945,44.811844],[-111.707212,44.811691],[-111.706831,44.811401],[-111.706671,44.810993],[-111.706503,44.810898],[-111.705931,44.810699],[-111.705366,44.810379],[-111.705038,44.810585],[-111.704771,44.810616],[-111.704512,44.810402],[-111.704481,44.810108],[-111.704298,44.809986],[-111.703848,44.809837],[-111.702688,44.809238],[-111.701757,44.808971],[-111.700811,44.808582],[-111.700544,44.808537],[-111.699461,44.80862],[-111.698995,44.808533],[-111.698873,44.808445]]}},{"type":"Feature","properties":{"id":"wat-b309","kind":"water","name":"Creek","acres":null,"editable":false,"source":"USGS 3DHP flowlines (Channel Line)"},"geometry":{"type":"LineString","coordinates":[[-111.952934,44.803793],[-111.952964,44.803339],[-111.952163,44.802088],[-111.952171,44.801611],[-111.951866,44.801363],[-111.951805,44.801211],[-111.952125,44.800535],[-111.952094,44.800108],[-111.952743,44.799559],[-111.95317,44.798521],[-111.953201,44.798208]]}},{"type":"Feature","properties":{"id":"wat-b310","kind":"water","name":"Creek","acres":null,"editable":false,"source":"USGS 3DHP flowlines (Channel Line)"},"geometry":{"type":"LineString","coordinates":[[-111.648988,44.650484],[-111.649186,44.65056],[-111.649476,44.650492],[-111.650216,44.650038],[-111.650758,44.649893],[-111.652307,44.649984],[-111.655198,44.650789],[-111.655656,44.651029],[-111.655847,44.651399],[-111.656381,44.651628],[-111.659112,44.652147],[-111.661493,44.652261],[-111.662874,44.651808],[-111.663301,44.65188],[-111.663537,44.651689],[-111.663888,44.651598],[-111.664239,44.651327],[-111.664583,44.651216],[-111.664987,44.650915],[-111.665147,44.650678],[-111.665757,44.649061],[-111.666131,44.648889],[-111.66678,44.649015]]}},{"type":"Feature","properties":{"id":"wat-b311","kind":"water","name":"West Fork Madison River","acres":null,"editable":false,"source":"USGS 3DHP flowlines (Channel Line)"},"geometry":{"type":"LineString","coordinates":[[-111.922591,44.797061],[-111.923216,44.796931],[-111.923415,44.796763],[-111.923903,44.796813],[-111.924056,44.796702],[-111.924109,44.796481]]}},{"type":"Feature","properties":{"id":"wat-b312","kind":"water","name":"Creek","acres":null,"editable":false,"source":"USGS 3DHP flowlines (Channel Line)"},"geometry":{"type":"LineString","coordinates":[[-111.883381,44.61516],[-111.88364,44.615538],[-111.883632,44.615885],[-111.883457,44.616209],[-111.883587,44.616754],[-111.883877,44.616796],[-111.884777,44.617151],[-111.88686,44.616861],[-111.887234,44.616903],[-111.887577,44.617056]]}},{"type":"Feature","properties":{"id":"wat-b313","kind":"water","name":"Creek","acres":null,"editable":false,"source":"USGS 3DHP flowlines (Channel Line)"},"geometry":{"type":"LineString","coordinates":[[-111.781036,44.730447],[-111.781174,44.730672],[-111.781174,44.731259],[-111.781487,44.731618],[-111.782249,44.73148],[-111.784157,44.731805],[-111.784676,44.731812],[-111.785683,44.731591],[-111.786423,44.731274],[-111.78727,44.730504],[-111.787453,44.729787],[-111.78801,44.729222],[-111.788094,44.729005],[-111.787956,44.728642],[-111.787689,44.728371],[-111.786743,44.727784],[-111.786415,44.727418],[-111.78624,44.726807]]}},{"type":"Feature","properties":{"id":"wat-b314","kind":"water","name":"Creek","acres":null,"editable":false,"source":"USGS 3DHP flowlines (Channel Line)"},"geometry":{"type":"LineString","coordinates":[[-111.880284,44.671549],[-111.881039,44.670824],[-111.881184,44.67055],[-111.881489,44.670328],[-111.881611,44.669665],[-111.881543,44.669317],[-111.882359,44.66894],[-111.882718,44.668661],[-111.882809,44.668432]]}},{"type":"Feature","properties":{"id":"wat-b315","kind":"water","name":"Creek","acres":null,"editable":false,"source":"USGS 3DHP flowlines (Channel Line)"},"geometry":{"type":"LineString","coordinates":[[-111.791853,44.639969],[-111.791967,44.640075]]}},{"type":"Feature","properties":{"id":"wat-b316","kind":"water","name":"Fossil Creek","acres":null,"editable":false,"source":"USGS 3DHP flowlines (Channel Line)"},"geometry":{"type":"LineString","coordinates":[[-111.847522,44.814401],[-111.84743,44.814202],[-111.847682,44.813703],[-111.848018,44.813466],[-111.848033,44.813314],[-111.847842,44.812989],[-111.848216,44.812848],[-111.848628,44.812387],[-111.849483,44.81199],[-111.849643,44.811746],[-111.850368,44.811238],[-111.850566,44.810567],[-111.850986,44.81038]]}},{"type":"Feature","properties":{"id":"wat-b317","kind":"water","name":"Creek","acres":null,"editable":false,"source":"USGS 3DHP flowlines (Channel Line)"},"geometry":{"type":"LineString","coordinates":[[-111.877392,44.795761],[-111.878262,44.795147],[-111.87856,44.794536],[-111.879002,44.792652],[-111.878979,44.791916],[-111.878743,44.791294],[-111.87917,44.790424],[-111.879124,44.790016],[-111.879437,44.78939],[-111.879437,44.788872],[-111.879971,44.788215],[-111.880109,44.787395],[-111.879842,44.787059],[-111.879178,44.78675],[-111.877827,44.786541],[-111.876538,44.786075],[-111.875958,44.78606],[-111.875508,44.785873],[-111.87418,44.784954],[-111.873662,44.784817],[-111.873204,44.784786],[-111.872998,44.784683],[-111.872639,44.784008],[-111.871518,44.783329],[-111.870724,44.782738]]}},{"type":"Feature","properties":{"id":"wat-b318","kind":"water","name":"Creek","acres":null,"editable":false,"source":"USGS 3DHP flowlines (Channel Line)"},"geometry":{"type":"LineString","coordinates":[[-111.749068,44.776248],[-111.749908,44.775237],[-111.750106,44.774554],[-111.750198,44.773749],[-111.750167,44.773249],[-111.749526,44.771162],[-111.749557,44.770216],[-111.749076,44.768591],[-111.749038,44.768118],[-111.749175,44.767817],[-111.749679,44.767454],[-111.749885,44.767412],[-111.751212,44.767313],[-111.752822,44.766878],[-111.753562,44.76692],[-111.754539,44.766813],[-111.754913,44.766691],[-111.756072,44.766005]]}},{"type":"Feature","properties":{"id":"wat-b319","kind":"water","name":"Buford Creek","acres":null,"editable":false,"source":"USGS 3DHP flowlines (Channel Line)"},"geometry":{"type":"LineString","coordinates":[[-111.869153,44.763633],[-111.869504,44.763145],[-111.869672,44.762325],[-111.869458,44.762161],[-111.868924,44.762065],[-111.869054,44.761081],[-111.868771,44.760394],[-111.868833,44.759639],[-111.868741,44.759414],[-111.868092,44.758746],[-111.867345,44.75835],[-111.866254,44.757179],[-111.86575,44.757041],[-111.864247,44.756351],[-111.863629,44.756263],[-111.863248,44.756118],[-111.862958,44.755592],[-111.861371,44.754913],[-111.861142,44.754691],[-111.8606,44.754657],[-111.859898,44.754443],[-111.859639,44.754516],[-111.859234,44.754989],[-111.857708,44.754985],[-111.857319,44.755069],[-111.856709,44.755306],[-111.856167,44.755634],[-111.85577,44.755756]]}},{"type":"Feature","properties":{"id":"wat-b320","kind":"water","name":"Creek","acres":null,"editable":false,"source":"USGS 3DHP flowlines (Channel Line)"},"geometry":{"type":"LineString","coordinates":[[-111.679889,44.714091],[-111.680553,44.713759],[-111.681606,44.713499],[-111.68288,44.7129],[-111.683521,44.712351],[-111.684665,44.711661],[-111.685512,44.71126],[-111.686809,44.710295],[-111.687694,44.710028],[-111.68806,44.710032],[-111.688526,44.709913],[-111.688999,44.709707],[-111.689289,44.709479],[-111.689609,44.708975],[-111.690479,44.708166],[-111.690876,44.707937],[-111.69218,44.707785],[-111.69289,44.707293],[-111.693103,44.707235],[-111.693882,44.707243],[-111.694469,44.707487],[-111.695019,44.707567],[-111.695141,44.707529],[-111.695591,44.707155],[-111.695812,44.706564],[-111.695995,44.7064],[-111.69643,44.706266],[-111.696895,44.705999],[-111.699032,44.705389],[-111.699901,44.705309],[-111.700146,44.705225],[-111.700504,44.705225],[-111.700855,44.70532],[-111.701313,44.705095],[-111.701504,44.704744],[-111.701954,44.704473],[-111.702343,44.703958],[-111.703159,44.703344],[-111.703754,44.703295],[-111.704143,44.703058],[-111.704685,44.702921],[-111.705364,44.702947],[-111.705921,44.702867],[-111.706341,44.702719],[-111.706615,44.702417],[-111.706989,44.702196],[-111.708271,44.702097],[-111.709286,44.701643],[-111.71069,44.701204],[-111.71172,44.701204],[-111.71204,44.701051],[-111.712376,44.700636],[-111.71291,44.700342],[-111.713795,44.700018],[-111.714069,44.699834],[-111.714916,44.699773],[-111.715946,44.698957],[-111.716999,44.698572],[-111.717282,44.698591],[-111.71777,44.698404],[-111.718159,44.698125],[-111.718456,44.698129],[-111.71986,44.698465],[-111.720516,44.698949],[-111.721234,44.699297],[-111.721806,44.699682],[-111.722256,44.70004],[-111.722546,44.700471],[-111.722889,44.700746],[-111.724026,44.701166],[-111.725003,44.7012],[-111.726269,44.700654],[-111.72765,44.700662]]}},{"type":"Feature","properties":{"id":"wat-b321","kind":"water","name":"Creek","acres":null,"editable":false,"source":"USGS 3DHP flowlines (Channel Line)"},"geometry":{"type":"LineString","coordinates":[[-111.772556,44.593837],[-111.772281,44.594398],[-111.771465,44.595233],[-111.771381,44.595512],[-111.771472,44.596137],[-111.771366,44.596366],[-111.770999,44.596729],[-111.770885,44.597408],[-111.769908,44.597999],[-111.769885,44.598213],[-111.768543,44.600017],[-111.768298,44.600971],[-111.768344,44.601684],[-111.768611,44.602821],[-111.768062,44.604583],[-111.767559,44.605564]]}},{"type":"Feature","properties":{"id":"wat-b322","kind":"water","name":"Creek","acres":null,"editable":false,"source":"USGS 3DHP flowlines (Channel Line)"},"geometry":{"type":"LineString","coordinates":[[-111.684384,44.785999],[-111.683896,44.786129],[-111.68327,44.786098],[-111.682706,44.785934],[-111.682347,44.785965],[-111.681447,44.786228],[-111.680653,44.786751],[-111.680173,44.786972],[-111.67944,44.786804],[-111.678624,44.786491],[-111.677815,44.786362],[-111.67693,44.78651],[-111.676724,44.786629],[-111.675709,44.786556],[-111.67474,44.786705],[-111.674,44.786507],[-111.673336,44.786507],[-111.671872,44.786877],[-111.670376,44.787758],[-111.669041,44.787891]]}},{"type":"Feature","properties":{"id":"wat-b323","kind":"water","name":"Creek","acres":null,"editable":false,"source":"USGS 3DHP flowlines (Channel Line)"},"geometry":{"type":"LineString","coordinates":[[-111.750098,44.783408],[-111.749389,44.783652],[-111.748893,44.783717],[-111.747245,44.784621],[-111.745658,44.785067],[-111.743873,44.785281],[-111.742629,44.785643],[-111.741042,44.785891],[-111.740012,44.78575]]}},{"type":"Feature","properties":{"id":"wat-b324","kind":"water","name":"Creek","acres":null,"editable":false,"source":"USGS 3DHP flowlines (Channel Line)"},"geometry":{"type":"LineString","coordinates":[[-111.88546,44.692423],[-111.887258,44.6915],[-111.888341,44.691229],[-111.888921,44.690993],[-111.889585,44.691076],[-111.889928,44.691012],[-111.890622,44.690657]]}},{"type":"Feature","properties":{"id":"wat-b325","kind":"water","name":"Creek","acres":null,"editable":false,"source":"USGS 3DHP flowlines (Channel Line)"},"geometry":{"type":"LineString","coordinates":[[-111.919036,44.710455],[-111.918472,44.710066],[-111.918456,44.709966],[-111.917953,44.709631],[-111.917732,44.709364],[-111.917892,44.708814],[-111.918052,44.708608],[-111.917625,44.707956]]}},{"type":"Feature","properties":{"id":"wat-b326","kind":"water","name":"Creek","acres":null,"editable":false,"source":"USGS 3DHP flowlines (Channel Line)"},"geometry":{"type":"LineString","coordinates":[[-111.755888,44.703561],[-111.756101,44.703401]]}},{"type":"Feature","properties":{"id":"wat-b327","kind":"water","name":"Elk River","acres":null,"editable":false,"source":"USGS 3DHP flowlines (Channel Line)"},"geometry":{"type":"LineString","coordinates":[[-111.673123,44.800957],[-111.672314,44.800881],[-111.671811,44.80069],[-111.669217,44.800736],[-111.66779,44.800423],[-111.667393,44.800499],[-111.666676,44.800835],[-111.666226,44.800949],[-111.665921,44.800957],[-111.665425,44.800797],[-111.664799,44.800232],[-111.663334,44.799855],[-111.663151,44.799736],[-111.66296,44.799324],[-111.662792,44.799183],[-111.662525,44.799073],[-111.661656,44.799019],[-111.661129,44.798874],[-111.660915,44.798672],[-111.660839,44.79826],[-111.660709,44.7981],[-111.659641,44.797684],[-111.659199,44.797039],[-111.65897,44.795883],[-111.658566,44.795666],[-111.658535,44.795006],[-111.658329,44.794617]]}},{"type":"Feature","properties":{"id":"wat-b328","kind":"water","name":"Fox Creek","acres":null,"editable":false,"source":"USGS 3DHP flowlines (Channel Line)"},"geometry":{"type":"LineString","coordinates":[[-111.880879,44.802177],[-111.881054,44.802006],[-111.881283,44.801437],[-111.882313,44.800327],[-111.882954,44.798939],[-111.883405,44.79652],[-111.883801,44.795837],[-111.883931,44.795231],[-111.883809,44.794189],[-111.884183,44.793449],[-111.88461,44.792904],[-111.886823,44.792106],[-111.887204,44.791145],[-111.888074,44.790691],[-111.888074,44.79063]]}},{"type":"Feature","properties":{"id":"wat-b329","kind":"water","name":"Creek","acres":null,"editable":false,"source":"USGS 3DHP flowlines (Channel Line)"},"geometry":{"type":"LineString","coordinates":[[-111.963456,44.610966],[-111.963266,44.611546]]}},{"type":"Feature","properties":{"id":"wat-b330","kind":"water","name":"Creek","acres":null,"editable":false,"source":"USGS 3DHP flowlines (Channel Line)"},"geometry":{"type":"LineString","coordinates":[[-111.747616,44.684773],[-111.74783,44.684758]]}},{"type":"Feature","properties":{"id":"wat-b331","kind":"water","name":"Creek","acres":null,"editable":false,"source":"USGS 3DHP flowlines (Channel Line)"},"geometry":{"type":"LineString","coordinates":[[-111.903341,44.779494],[-111.903639,44.778945],[-111.903769,44.778132],[-111.904043,44.7778],[-111.904364,44.77764],[-111.904433,44.77735],[-111.904509,44.776625],[-111.904333,44.776286],[-111.904501,44.775885],[-111.904135,44.774798],[-111.904089,44.774398],[-111.904173,44.774165],[-111.904433,44.773856],[-111.905539,44.773429],[-111.907301,44.771937],[-111.907515,44.771456]]}},{"type":"Feature","properties":{"id":"wat-b332","kind":"water","name":"West Fork Madison River","acres":null,"editable":false,"source":"USGS 3DHP flowlines (Channel Line)"},"geometry":{"type":"LineString","coordinates":[[-111.786851,44.754617],[-111.786614,44.754746],[-111.786423,44.754697],[-111.786317,44.753858],[-111.786149,44.753766],[-111.784997,44.753533],[-111.78444,44.753182],[-111.784035,44.753079]]}},{"type":"Feature","properties":{"id":"wat-b333","kind":"water","name":"Creek","acres":null,"editable":false,"source":"USGS 3DHP flowlines (Channel Line)"},"geometry":{"type":"LineString","coordinates":[[-111.892178,44.628565],[-111.892148,44.628824],[-111.892354,44.629015],[-111.892354,44.62937]]}},{"type":"Feature","properties":{"id":"wat-b334","kind":"water","name":"Tepee Creek","acres":null,"editable":false,"source":"USGS 3DHP flowlines (Channel Line)"},"geometry":{"type":"LineString","coordinates":[[-111.679043,44.727652],[-111.681042,44.727709],[-111.683689,44.728468],[-111.684002,44.72864],[-111.684269,44.728995],[-111.685253,44.729483],[-111.685535,44.729929],[-111.686245,44.729979],[-111.68697,44.729941],[-111.687176,44.729868],[-111.68858,44.728816],[-111.689274,44.728442],[-111.690586,44.728037],[-111.691883,44.727782],[-111.6936,44.72753],[-111.695004,44.727213],[-111.695469,44.72729],[-111.696156,44.727679],[-111.697003,44.727778],[-111.697514,44.727679],[-111.697995,44.72769],[-111.698613,44.727492],[-111.69981,44.727415],[-111.701046,44.72703],[-111.701657,44.726713],[-111.702122,44.726248],[-111.702771,44.726046],[-111.703305,44.725939],[-111.70422,44.726111],[-111.70451,44.726038],[-111.705334,44.725374],[-111.706341,44.725203],[-111.707005,44.725187],[-111.707966,44.724985],[-111.708707,44.72439],[-111.709561,44.724184],[-111.71024,44.72426],[-111.71243,44.723585],[-111.712842,44.723261],[-111.71291,44.72304],[-111.713261,44.722597],[-111.713765,44.722166],[-111.714017,44.7218],[-111.713956,44.72117],[-111.713422,44.720396],[-111.713566,44.719934],[-111.713475,44.719747],[-111.713696,44.719606],[-111.713841,44.719026],[-111.714017,44.718931],[-111.714451,44.718977],[-111.714932,44.718908],[-111.71613,44.718408],[-111.716321,44.718225],[-111.716565,44.717493],[-111.71687,44.717203]]}},{"type":"Feature","properties":{"id":"wat-b335","kind":"water","name":"Fox Creek","acres":null,"editable":false,"source":"USGS 3DHP flowlines (Channel Line)"},"geometry":{"type":"LineString","coordinates":[[-111.90032,44.790324],[-111.900701,44.790439],[-111.900945,44.790645],[-111.901449,44.790805],[-111.901693,44.790992],[-111.902158,44.790908],[-111.902624,44.790954],[-111.903532,44.79119],[-111.904142,44.791244],[-111.907034,44.792098],[-111.907759,44.79248],[-111.908163,44.792571],[-111.908499,44.793368],[-111.909155,44.794006],[-111.910833,44.794192],[-111.911322,44.794482],[-111.911993,44.795192],[-111.912275,44.795367],[-111.913092,44.795585],[-111.913725,44.795661],[-111.91429,44.795886],[-111.915182,44.796023]]}},{"type":"Feature","properties":{"id":"wat-b336","kind":"water","name":"West Fork Madison River","acres":null,"editable":false,"source":"USGS 3DHP flowlines (Channel Line)"},"geometry":{"type":"LineString","coordinates":[[-111.784035,44.753079],[-111.782914,44.752881],[-111.78135,44.752347],[-111.780373,44.752133],[-111.77874,44.752263],[-111.777764,44.752462],[-111.777138,44.752393],[-111.775589,44.751069],[-111.774117,44.750573],[-111.772903,44.749925],[-111.772415,44.749223],[-111.771759,44.749185],[-111.771019,44.749498],[-111.770729,44.749528],[-111.769943,44.749383],[-111.769623,44.749063],[-111.769577,44.748708],[-111.77018,44.747854],[-111.77018,44.747571],[-111.77005,44.747522],[-111.769027,44.747621],[-111.768303,44.747419],[-111.767692,44.747094],[-111.766456,44.746244],[-111.766403,44.746129],[-111.766533,44.745687],[-111.765846,44.74566],[-111.765823,44.745489],[-111.766037,44.745256],[-111.765907,44.745107],[-111.765335,44.745073],[-111.765014,44.744935],[-111.764709,44.744958]]}},{"type":"Feature","properties":{"id":"wat-b337","kind":"water","name":"Creek","acres":null,"editable":false,"source":"USGS 3DHP flowlines (Channel Line)"},"geometry":{"type":"LineString","coordinates":[[-111.775963,44.801592],[-111.775414,44.801016],[-111.775223,44.799963],[-111.774628,44.79951],[-111.773857,44.799075],[-111.772705,44.798575],[-111.771973,44.797694],[-111.771248,44.797038]]}},{"type":"Feature","properties":{"id":"wat-b338","kind":"water","name":"Creek","acres":null,"editable":false,"source":"USGS 3DHP flowlines (Channel Line)"},"geometry":{"type":"LineString","coordinates":[[-111.965776,44.677346],[-111.965608,44.677281]]}},{"type":"Feature","properties":{"id":"wat-b339","kind":"water","name":"Fish Creek","acres":null,"editable":false,"source":"USGS 3DHP flowlines (Channel Line)"},"geometry":{"type":"LineString","coordinates":[[-111.953744,44.727723],[-111.953569,44.727723],[-111.953393,44.727597],[-111.953355,44.727155],[-111.952959,44.727185],[-111.952173,44.72701],[-111.951959,44.726773],[-111.951654,44.726735],[-111.951562,44.726636],[-111.951578,44.726327],[-111.951486,44.726254],[-111.951188,44.726239],[-111.950967,44.726079],[-111.950982,44.725884],[-111.951188,44.725812],[-111.951318,44.725652],[-111.950525,44.725209],[-111.950387,44.724923],[-111.949945,44.724633]]}},{"type":"Feature","properties":{"id":"wat-b340","kind":"water","name":"Tepee Creek","acres":null,"editable":false,"source":"USGS 3DHP flowlines (Channel Line)"},"geometry":{"type":"LineString","coordinates":[[-111.754539,44.790992],[-111.754074,44.790892],[-111.752845,44.790332],[-111.751228,44.790156],[-111.75045,44.790206],[-111.749473,44.790118],[-111.747672,44.789706],[-111.745864,44.789111],[-111.745322,44.788863],[-111.744613,44.788264],[-111.743972,44.787944],[-111.743545,44.787593],[-111.743178,44.787146],[-111.742812,44.786982],[-111.742187,44.786906],[-111.741813,44.786673],[-111.741477,44.786593],[-111.741393,44.786399],[-111.740722,44.78609],[-111.740172,44.785941],[-111.740012,44.78575]]}},{"type":"Feature","properties":{"id":"wat-b341","kind":"water","name":"Red Rock River","acres":null,"editable":false,"source":"USGS 3DHP flowlines (Channel Line)"},"geometry":{"type":"LineString","coordinates":[[-111.890393,44.646067],[-111.890492,44.646021]]}},{"type":"Feature","properties":{"id":"wat-b342","kind":"water","name":"Creek","acres":null,"editable":false,"source":"USGS 3DHP flowlines (Channel Line)"},"geometry":{"type":"LineString","coordinates":[[-111.662141,44.660776],[-111.662447,44.659876],[-111.662897,44.659475],[-111.663492,44.659372],[-111.664652,44.659448],[-111.665224,44.659204],[-111.665849,44.659158],[-111.66707,44.658373],[-111.667947,44.658079],[-111.668924,44.65748],[-111.669527,44.656847],[-111.669611,44.656606],[-111.669489,44.656343],[-111.668924,44.655878],[-111.668924,44.655706],[-111.669122,44.655534],[-111.669267,44.655046],[-111.670633,44.653692],[-111.670984,44.653005],[-111.670984,44.652574],[-111.671243,44.652135],[-111.671167,44.651758],[-111.671434,44.651445],[-111.672113,44.651098],[-111.672311,44.650819],[-111.672319,44.650468]]}},{"type":"Feature","properties":{"id":"wat-b343","kind":"water","name":"Creek","acres":null,"editable":false,"source":"USGS 3DHP flowlines (Channel Line)"},"geometry":{"type":"LineString","coordinates":[[-111.968355,44.72609],[-111.96757,44.726693],[-111.967295,44.727288],[-111.967394,44.727448],[-111.967379,44.727696],[-111.966837,44.728055],[-111.966814,44.72823],[-111.9667,44.728318],[-111.966112,44.728646],[-111.965067,44.729428],[-111.964144,44.729634],[-111.963579,44.730019],[-111.962709,44.730309],[-111.962069,44.730405],[-111.961557,44.730569],[-111.960977,44.7305],[-111.960359,44.730237],[-111.959673,44.730202],[-111.959184,44.730046],[-111.958338,44.730237],[-111.957903,44.730477],[-111.957742,44.730725],[-111.957529,44.730805]]}},{"type":"Feature","properties":{"id":"wat-b344","kind":"water","name":"Creek","acres":null,"editable":false,"source":"USGS 3DHP flowlines (Channel Line)"},"geometry":{"type":"LineString","coordinates":[[-111.932373,44.729803],[-111.932221,44.729364],[-111.932251,44.728814],[-111.932022,44.728238],[-111.932175,44.727762],[-111.932076,44.727403],[-111.931236,44.726446],[-111.930031,44.725648],[-111.929947,44.725351],[-111.929543,44.72495],[-111.929772,44.724374]]}},{"type":"Feature","properties":{"id":"wat-b345","kind":"water","name":"Creek","acres":null,"editable":false,"source":"USGS 3DHP flowlines (Channel Line)"},"geometry":{"type":"LineString","coordinates":[[-111.963304,44.75443],[-111.964037,44.754071],[-111.964945,44.753453],[-111.965609,44.75343],[-111.965998,44.753541],[-111.966334,44.753773],[-111.966547,44.753758],[-111.967058,44.753449],[-111.967646,44.752888],[-111.967837,44.752804],[-111.970477,44.752793],[-111.971163,44.753152],[-111.97227,44.753518],[-111.972918,44.753365],[-111.974467,44.753254],[-111.974993,44.753026],[-111.975978,44.753048],[-111.977229,44.753582],[-111.977763,44.753533]]}},{"type":"Feature","properties":{"id":"wat-b346","kind":"water","name":"Creek","acres":null,"editable":false,"source":"USGS 3DHP flowlines (Channel Line)"},"geometry":{"type":"LineString","coordinates":[[-111.805228,44.644142],[-111.805099,44.644077]]}},{"type":"Feature","properties":{"id":"wat-b347","kind":"water","name":"Creek","acres":null,"editable":false,"source":"USGS 3DHP flowlines (Channel Line)"},"geometry":{"type":"LineString","coordinates":[[-111.954408,44.749741],[-111.954698,44.749658],[-111.955385,44.749219],[-111.956308,44.749001],[-111.957399,44.748437],[-111.957636,44.74809],[-111.958368,44.747613],[-111.959078,44.747475],[-111.959383,44.747285],[-111.960672,44.747185],[-111.961023,44.747002],[-111.961283,44.746674],[-111.961535,44.745824],[-111.961397,44.744908],[-111.961229,44.744591]]}},{"type":"Feature","properties":{"id":"wat-b348","kind":"water","name":"Creek","acres":null,"editable":false,"source":"USGS 3DHP flowlines (Channel Line)"},"geometry":{"type":"LineString","coordinates":[[-111.717425,44.656438],[-111.717685,44.656911]]}},{"type":"Feature","properties":{"id":"wat-b349","kind":"water","name":"Snowshoe Creek","acres":null,"editable":false,"source":"USGS 3DHP flowlines (Channel Line)"},"geometry":{"type":"LineString","coordinates":[[-111.78624,44.726807],[-111.785957,44.726857],[-111.785606,44.726597],[-111.78553,44.726407],[-111.785217,44.726384],[-111.784706,44.726124],[-111.784599,44.725968],[-111.784164,44.725831],[-111.783913,44.725564],[-111.783874,44.72506],[-111.784973,44.723702],[-111.786064,44.723241],[-111.786407,44.722989],[-111.786743,44.722237],[-111.787239,44.721863],[-111.787239,44.721226],[-111.787506,44.720971],[-111.78833,44.720517],[-111.788384,44.720067],[-111.78875,44.719853],[-111.78891,44.719468],[-111.78933,44.719189],[-111.78949,44.718945],[-111.789513,44.71859],[-111.789749,44.71835],[-111.789864,44.718079],[-111.79023,44.71769],[-111.790688,44.717446],[-111.790749,44.717339],[-111.790939,44.716355],[-111.79081,44.716042],[-111.790817,44.715748],[-111.790298,44.715207],[-111.790199,44.714837],[-111.789948,44.714554],[-111.789757,44.713871],[-111.789543,44.713627],[-111.789658,44.713154],[-111.789627,44.712777],[-111.789177,44.711701],[-111.7892,44.711487],[-111.789619,44.711087],[-111.789673,44.710408],[-111.790016,44.710019],[-111.789688,44.708695],[-111.789924,44.708599]]}},{"type":"Feature","properties":{"id":"wat-b350","kind":"water","name":"Creek","acres":null,"editable":false,"source":"USGS 3DHP flowlines (Channel Line)"},"geometry":{"type":"LineString","coordinates":[[-111.897383,44.729922],[-111.900475,44.730745]]}},{"type":"Feature","properties":{"id":"wat-b351","kind":"water","name":"West Fork Madison River","acres":null,"editable":false,"source":"USGS 3DHP flowlines (Channel Line)"},"geometry":{"type":"LineString","coordinates":[[-111.905562,44.769553],[-111.90499,44.768881],[-111.904456,44.768633],[-111.904105,44.768324],[-111.9037,44.768157],[-111.903456,44.767893],[-111.903151,44.767722],[-111.902022,44.767325],[-111.901053,44.767321],[-111.900809,44.76702],[-111.899824,44.76639],[-111.899542,44.765734],[-111.899283,44.765525],[-111.899466,44.764666],[-111.90016,44.763686],[-111.900206,44.763243],[-111.899901,44.762885],[-111.900053,44.762381]]}},{"type":"Feature","properties":{"id":"wat-b352","kind":"water","name":"Winslow Creek","acres":null,"editable":false,"source":"USGS 3DHP flowlines (Channel Line)"},"geometry":{"type":"LineString","coordinates":[[-111.977358,44.605038],[-111.97761,44.605339],[-111.977549,44.605565],[-111.977976,44.60553],[-111.977755,44.605732],[-111.977518,44.605771],[-111.97761,44.606076],[-111.977884,44.606045],[-111.978243,44.605885],[-111.978373,44.606011],[-111.978777,44.605965],[-111.978747,44.60611],[-111.978388,44.606274],[-111.978449,44.60635],[-111.978899,44.60635],[-111.978617,44.606762],[-111.978739,44.606823],[-111.979296,44.606781]]}},{"type":"Feature","properties":{"id":"wat-b353","kind":"water","name":"Creek","acres":null,"editable":false,"source":"USGS 3DHP flowlines (Channel Line)"},"geometry":{"type":"LineString","coordinates":[[-111.832522,44.805795],[-111.831538,44.804879],[-111.831286,44.80446],[-111.831027,44.802858],[-111.830172,44.801786],[-111.829669,44.801603],[-111.828448,44.801492],[-111.825999,44.800626],[-111.823061,44.799714],[-111.821711,44.798707],[-111.820612,44.798223],[-111.820376,44.798158],[-111.820132,44.798219]]}},{"type":"Feature","properties":{"id":"wat-b354","kind":"water","name":"Creek","acres":null,"editable":false,"source":"USGS 3DHP flowlines (Channel Line)"},"geometry":{"type":"LineString","coordinates":[[-111.946601,44.806773],[-111.945006,44.806811],[-111.94329,44.807196],[-111.942,44.807162],[-111.94113,44.807269],[-111.940032,44.807174],[-111.93962,44.807227],[-111.939086,44.80741],[-111.938475,44.807162],[-111.937972,44.807059],[-111.937155,44.806598],[-111.93698,44.806403],[-111.936591,44.805709],[-111.935965,44.803832],[-111.936026,44.803565],[-111.936606,44.802649],[-111.936629,44.802287],[-111.93682,44.801928],[-111.936866,44.801623],[-111.93666,44.80112],[-111.93666,44.800845],[-111.937301,44.800074],[-111.937652,44.799441],[-111.937659,44.79748],[-111.937163,44.79698],[-111.937232,44.795054]]}},{"type":"Feature","properties":{"id":"wat-b355","kind":"water","name":"West Fork Madison River","acres":null,"editable":false,"source":"USGS 3DHP flowlines (Channel Line)"},"geometry":{"type":"LineString","coordinates":[[-111.93077,44.78974],[-111.930266,44.789061],[-111.929603,44.788748],[-111.929343,44.788279],[-111.929046,44.788176],[-111.928679,44.787764],[-111.928153,44.787661],[-111.928176,44.787299],[-111.927726,44.787055],[-111.927314,44.787051],[-111.92723,44.786994],[-111.927146,44.786795],[-111.926162,44.785838],[-111.926116,44.785445],[-111.925544,44.784693]]}},{"type":"Feature","properties":{"id":"wat-b356","kind":"water","name":"Creek","acres":null,"editable":false,"source":"USGS 3DHP flowlines (Channel Line)"},"geometry":{"type":"LineString","coordinates":[[-111.825442,44.786542],[-111.824877,44.786309],[-111.824175,44.785714],[-111.824488,44.784951],[-111.824496,44.784715],[-111.823328,44.782628],[-111.823222,44.781972],[-111.822382,44.780385],[-111.822222,44.779759],[-111.822207,44.776589],[-111.8221,44.77583],[-111.82194,44.775536],[-111.819971,44.773228],[-111.819132,44.771844],[-111.818041,44.771149],[-111.817576,44.77073],[-111.815935,44.767148],[-111.815859,44.766358],[-111.815539,44.766026],[-111.814692,44.76558],[-111.813921,44.764409]]}},{"type":"Feature","properties":{"id":"wat-b357","kind":"water","name":"Creek","acres":null,"editable":false,"source":"USGS 3DHP flowlines (Channel Line)"},"geometry":{"type":"LineString","coordinates":[[-111.781747,44.819308],[-111.781388,44.819442],[-111.780976,44.819724],[-111.780038,44.820567],[-111.779374,44.820769],[-111.778466,44.821284],[-111.77768,44.821883],[-111.77726,44.822482],[-111.776864,44.822799],[-111.776505,44.823234],[-111.776047,44.823306],[-111.775994,44.823428],[-111.775666,44.82355],[-111.775399,44.824237],[-111.774857,44.825076],[-111.773835,44.826053],[-111.77369,44.826938],[-111.773278,44.827754],[-111.772599,44.828609],[-111.771805,44.829181],[-111.771546,44.829818],[-111.770813,44.830703],[-111.770874,44.830932],[-111.772324,44.832126],[-111.773118,44.832515],[-111.774117,44.833267],[-111.774979,44.833572]]}},{"type":"Feature","properties":{"id":"wat-b358","kind":"water","name":"Creek","acres":null,"editable":false,"source":"USGS 3DHP flowlines (Channel Line)"},"geometry":{"type":"LineString","coordinates":[[-111.894689,44.643492],[-111.895062,44.643831],[-111.895207,44.64438]]}},{"type":"Feature","properties":{"id":"wat-b359","kind":"water","name":"Creek","acres":null,"editable":false,"source":"USGS 3DHP flowlines (Channel Line)"},"geometry":{"type":"LineString","coordinates":[[-111.741664,44.634167],[-111.741748,44.633908],[-111.741939,44.633801]]}},{"type":"Feature","properties":{"id":"wat-b360","kind":"water","name":"Creek","acres":null,"editable":false,"source":"USGS 3DHP flowlines (Channel Line)"},"geometry":{"type":"LineString","coordinates":[[-111.95555,44.808134],[-111.95491,44.808192],[-111.95423,44.808516],[-111.95452,44.80897],[-111.954475,44.809508],[-111.954223,44.809992],[-111.953834,44.810145],[-111.953704,44.810278],[-111.953635,44.810668],[-111.953277,44.811198],[-111.952666,44.81161],[-111.952186,44.811827],[-111.951865,44.812121],[-111.951217,44.812243],[-111.95098,44.812369],[-111.950675,44.812972],[-111.950232,44.81317],[-111.94937,44.813365],[-111.948943,44.813704],[-111.94908,44.813994],[-111.950522,44.814875],[-111.950621,44.815009],[-111.950682,44.815551]]}},{"type":"Feature","properties":{"id":"wat-b361","kind":"water","name":"Creek","acres":null,"editable":false,"source":"USGS 3DHP flowlines (Channel Line)"},"geometry":{"type":"LineString","coordinates":[[-111.702474,44.764884],[-111.702512,44.764499],[-111.70239,44.764396],[-111.702352,44.764193],[-111.702466,44.764018],[-111.702894,44.763717]]}},{"type":"Feature","properties":{"id":"wat-b362","kind":"water","name":"West Fork Madison River","acres":null,"editable":false,"source":"USGS 3DHP flowlines (Channel Line)"},"geometry":{"type":"LineString","coordinates":[[-111.727011,44.746779],[-111.726622,44.746958],[-111.726065,44.747378],[-111.725141,44.747553],[-111.724943,44.747728],[-111.725302,44.747854],[-111.725317,44.747923],[-111.724691,44.748129],[-111.724485,44.748324],[-111.724104,44.748465],[-111.723921,44.748655],[-111.723326,44.748808],[-111.723051,44.748957],[-111.722593,44.748965],[-111.722395,44.749262],[-111.721952,44.749354],[-111.721494,44.749617],[-111.721464,44.749739],[-111.721174,44.749884],[-111.721075,44.750185],[-111.720732,44.750353],[-111.720381,44.750342],[-111.719991,44.75022],[-111.719831,44.750223],[-111.719595,44.750387],[-111.719206,44.750483],[-111.71861,44.750487],[-111.717725,44.750365],[-111.717474,44.750452],[-111.717001,44.750475],[-111.716291,44.750372]]}},{"type":"Feature","properties":{"id":"wat-b363","kind":"water","name":"Creek","acres":null,"editable":false,"source":"USGS 3DHP flowlines (Channel Line)"},"geometry":{"type":"LineString","coordinates":[[-111.933326,44.790339],[-111.932586,44.790205],[-111.931472,44.789847],[-111.93077,44.78974]]}},{"type":"Feature","properties":{"id":"wat-b364","kind":"water","name":"Creek","acres":null,"editable":false,"source":"USGS 3DHP flowlines (Channel Line)"},"geometry":{"type":"LineString","coordinates":[[-111.749342,44.618623],[-111.748912,44.618862],[-111.748324,44.619534],[-111.748118,44.619621]]}},{"type":"Feature","properties":{"id":"wat-b365","kind":"water","name":"West Fork Madison River","acres":null,"editable":false,"source":"USGS 3DHP flowlines (Channel Line)"},"geometry":{"type":"LineString","coordinates":[[-111.88828,44.804886],[-111.88857,44.804687],[-111.889584,44.804436],[-111.890523,44.804356],[-111.891324,44.804577],[-111.891667,44.804878],[-111.891873,44.804958],[-111.893048,44.805111],[-111.894704,44.805034],[-111.895261,44.804939],[-111.89581,44.804523],[-111.896665,44.804313],[-111.897039,44.80405],[-111.897374,44.804008],[-111.898053,44.804165],[-111.898694,44.804416],[-111.899259,44.804645],[-111.899831,44.804996],[-111.900838,44.80521],[-111.901258,44.805679],[-111.90186,44.806045],[-111.902768,44.806286]]}},{"type":"Feature","properties":{"id":"wat-b366","kind":"water","name":"Creek","acres":null,"editable":false,"source":"USGS 3DHP flowlines (Channel Line)"},"geometry":{"type":"LineString","coordinates":[[-111.929772,44.724374],[-111.930031,44.723852],[-111.930016,44.723752],[-111.929787,44.723604],[-111.929672,44.723066],[-111.930107,44.722043],[-111.930061,44.721685],[-111.930306,44.721311],[-111.93029,44.720952],[-111.930557,44.720624],[-111.93074,44.720037],[-111.930664,44.719419],[-111.930435,44.719026],[-111.930534,44.718786],[-111.930977,44.718496],[-111.931587,44.718389],[-111.932381,44.718416],[-111.932816,44.718568],[-111.933342,44.718637],[-111.933853,44.718541],[-111.934342,44.718141],[-111.934807,44.718004],[-111.935051,44.717607],[-111.935418,44.717439],[-111.935555,44.717134],[-111.935791,44.716943],[-111.935707,44.716287],[-111.936165,44.715425],[-111.936493,44.715135]]}},{"type":"Feature","properties":{"id":"wat-b367","kind":"water","name":"Creek","acres":null,"editable":false,"source":"USGS 3DHP flowlines (Channel Line)"},"geometry":{"type":"LineString","coordinates":[[-111.955842,44.769216],[-111.955842,44.767675],[-111.955552,44.767217],[-111.955567,44.767061],[-111.956605,44.76587],[-111.956712,44.765798],[-111.956948,44.76579],[-111.958322,44.765836],[-111.960199,44.764894],[-111.960496,44.764562],[-111.960512,44.76426],[-111.960313,44.763967],[-111.960412,44.763616],[-111.960199,44.763013],[-111.960489,44.761819],[-111.960466,44.761594],[-111.960092,44.760831],[-111.960107,44.760652],[-111.960748,44.760221],[-111.961595,44.759973],[-111.962473,44.759519],[-111.962755,44.759271],[-111.962984,44.758737],[-111.963007,44.757882],[-111.962763,44.757035],[-111.962839,44.755429],[-111.963022,44.754865],[-111.963304,44.75443]]}},{"type":"Feature","properties":{"id":"wat-b368","kind":"water","name":"Duff Creek","acres":null,"editable":false,"source":"USGS 3DHP flowlines (Channel Line)"},"geometry":{"type":"LineString","coordinates":[[-111.862795,44.584051],[-111.862711,44.585497],[-111.862772,44.585959],[-111.863687,44.586512],[-111.863855,44.587328],[-111.863939,44.588755],[-111.863664,44.589201],[-111.863115,44.589491],[-111.861765,44.589968],[-111.860735,44.590212],[-111.85959,44.590277],[-111.85901,44.59038],[-111.858201,44.590727],[-111.857301,44.590853],[-111.856744,44.591013],[-111.855066,44.592032],[-111.854394,44.592081],[-111.854135,44.592165],[-111.853341,44.593157],[-111.852624,44.593645],[-111.852334,44.593985],[-111.852365,44.59461],[-111.852075,44.594935],[-111.852159,44.595408],[-111.852449,44.596098],[-111.85328,44.596789],[-111.853486,44.597113],[-111.853799,44.598295],[-111.854745,44.599558],[-111.855638,44.600394]]}},{"type":"Feature","properties":{"id":"wat-b369","kind":"water","name":"Metzel Creek","acres":null,"editable":false,"source":"USGS 3DHP flowlines (Channel Line)"},"geometry":{"type":"LineString","coordinates":[[-111.910415,44.745668],[-111.910224,44.745604],[-111.909881,44.745203],[-111.909225,44.745028],[-111.908416,44.74497],[-111.9076,44.744669],[-111.906386,44.744741],[-111.905082,44.744505],[-111.904349,44.744604],[-111.90351,44.744257],[-111.900733,44.743807]]}},{"type":"Feature","properties":{"id":"wat-b370","kind":"water","name":"Creek","acres":null,"editable":false,"source":"USGS 3DHP flowlines (Channel Line)"},"geometry":{"type":"LineString","coordinates":[[-111.789834,44.752808],[-111.789803,44.752915],[-111.789529,44.753076],[-111.789544,44.753316],[-111.78917,44.753747],[-111.788079,44.754567],[-111.787804,44.754617],[-111.787156,44.754529],[-111.786851,44.754617]]}},{"type":"Feature","properties":{"id":"wat-b371","kind":"water","name":"Creek","acres":null,"editable":false,"source":"USGS 3DHP flowlines (Channel Line)"},"geometry":{"type":"LineString","coordinates":[[-111.877064,44.651564],[-111.876659,44.651392],[-111.876301,44.651346]]}},{"type":"Feature","properties":{"id":"wat-b372","kind":"water","name":"Creek","acres":null,"editable":false,"source":"USGS 3DHP flowlines (Channel Line)"},"geometry":{"type":"LineString","coordinates":[[-111.941812,44.744035],[-111.942628,44.744119],[-111.943215,44.744065],[-111.943444,44.744146],[-111.943978,44.744119],[-111.944352,44.744336],[-111.944818,44.744439],[-111.945985,44.744531],[-111.946359,44.744722],[-111.946992,44.744805],[-111.948228,44.744752],[-111.949243,44.744485],[-111.951639,44.744157],[-111.951982,44.743981],[-111.952554,44.743993],[-111.953065,44.744348]]}},{"type":"Feature","properties":{"id":"wat-b373","kind":"water","name":"Fish Creek","acres":null,"editable":false,"source":"USGS 3DHP flowlines (Channel Line)"},"geometry":{"type":"LineString","coordinates":[[-111.947747,44.722688],[-111.947633,44.722577],[-111.947244,44.722512],[-111.947167,44.722329],[-111.947198,44.722085],[-111.947358,44.721883],[-111.947198,44.721646],[-111.947343,44.720838],[-111.947167,44.720685],[-111.947015,44.72033],[-111.946664,44.720109],[-111.946664,44.719834],[-111.946267,44.719506],[-111.946015,44.719167],[-111.945527,44.719083],[-111.945374,44.71914],[-111.945062,44.71903],[-111.944878,44.718793],[-111.944108,44.718427],[-111.943742,44.718133],[-111.943291,44.718053],[-111.943185,44.717973],[-111.943032,44.717969],[-111.942948,44.718152],[-111.942712,44.718106],[-111.942475,44.718164],[-111.941743,44.717931],[-111.941521,44.717942],[-111.941338,44.718042],[-111.940941,44.717694],[-111.940217,44.717481],[-111.940087,44.717302],[-111.939667,44.717263],[-111.939477,44.71697],[-111.938973,44.71692],[-111.938607,44.716607],[-111.938553,44.716394],[-111.938012,44.715875],[-111.937638,44.71589],[-111.937302,44.715493],[-111.937012,44.715379],[-111.936982,44.715272],[-111.936493,44.715135]]}},{"type":"Feature","properties":{"id":"wat-b374","kind":"water","name":"Creek","acres":null,"editable":false,"source":"USGS 3DHP flowlines (Channel Line)"},"geometry":{"type":"LineString","coordinates":[[-111.678552,44.619039],[-111.678826,44.619233],[-111.679353,44.619329],[-111.679597,44.619199],[-111.679719,44.618825],[-111.679933,44.618783],[-111.680139,44.619069],[-111.680222,44.61902],[-111.6802,44.61881],[-111.680299,44.618779],[-111.680543,44.618913],[-111.680512,44.619454],[-111.68068,44.6195],[-111.680947,44.619393],[-111.681207,44.619103],[-111.681443,44.619012],[-111.681497,44.619161],[-111.681169,44.61976],[-111.681161,44.62008],[-111.681443,44.620049],[-111.681863,44.619874],[-111.682099,44.620378],[-111.682359,44.620275],[-111.682366,44.619924],[-111.682481,44.619809],[-111.682641,44.61984],[-111.682893,44.620271],[-111.683076,44.620362],[-111.683343,44.620267],[-111.683511,44.619977],[-111.683953,44.619927],[-111.684083,44.619832],[-111.683892,44.619573],[-111.683923,44.619485],[-111.68451,44.619664],[-111.684579,44.619546],[-111.684518,44.619061],[-111.684709,44.618993],[-111.685029,44.619164],[-111.685189,44.619149],[-111.685052,44.618573],[-111.685296,44.618256],[-111.685647,44.618333],[-111.685777,44.618291],[-111.685708,44.61797],[-111.686013,44.617844],[-111.68596,44.617535],[-111.68628,44.617543],[-111.686593,44.617326],[-111.686967,44.617513],[-111.687158,44.617242],[-111.687738,44.617246],[-111.68789,44.617185],[-111.687913,44.61704],[-111.687768,44.616868],[-111.687997,44.616597],[-111.687577,44.616361],[-111.687646,44.616082],[-111.687806,44.615853],[-111.688348,44.615781],[-111.688417,44.615632],[-111.688836,44.615441],[-111.68879,44.615342],[-111.6886,44.615338],[-111.68818,44.615567],[-111.687966,44.615594],[-111.68805,44.615311],[-111.687547,44.615357],[-111.687417,44.615308],[-111.687333,44.61501],[-111.68683,44.614869],[-111.686936,44.614655],[-111.68641,44.614564],[-111.68641,44.614446],[-111.686692,44.614293],[-111.68728,44.614159],[-111.687371,44.614022],[-111.687669,44.613969],[-111.68786,44.613778],[-111.688127,44.613671],[-111.688897,44.613797],[-111.68937,44.613747],[-111.689683,44.613335],[-111.690072,44.613164],[-111.689897,44.612427],[-111.690049,44.61218],[-111.690293,44.612206],[-111.690408,44.612469],[-111.690896,44.612553],[-111.691033,44.612569],[-111.691346,44.612443],[-111.691796,44.612477],[-111.692536,44.612138],[-111.693528,44.612096],[-111.6941,44.611611],[-111.694436,44.611478],[-111.694589,44.611565],[-111.69436,44.612004],[-111.694467,44.612157],[-111.694917,44.612241],[-111.695497,44.612076],[-111.69584,44.612439],[-111.696443,44.612466],[-111.696862,44.612668],[-111.697831,44.612359],[-111.69893,44.612599],[-111.699418,44.612595],[-111.699701,44.612504]]}},{"type":"Feature","properties":{"id":"wat-b375","kind":"water","name":"Creek","acres":null,"editable":false,"source":"USGS 3DHP flowlines (Channel Line)"},"geometry":{"type":"LineString","coordinates":[[-111.796263,44.638885],[-111.795576,44.638488]]}},{"type":"Feature","properties":{"id":"wat-b376","kind":"water","name":"Creek","acres":null,"editable":false,"source":"USGS 3DHP flowlines (Channel Line)"},"geometry":{"type":"LineString","coordinates":[[-111.774064,44.815722],[-111.773903,44.815719],[-111.773797,44.81549],[-111.773667,44.815539],[-111.773484,44.815459]]}},{"type":"Feature","properties":{"id":"wat-b377","kind":"water","name":"Creek","acres":null,"editable":false,"source":"USGS 3DHP flowlines (Channel Line)"},"geometry":{"type":"LineString","coordinates":[[-111.896879,44.783885],[-111.897421,44.784145],[-111.898802,44.785346],[-111.898618,44.785724],[-111.898824,44.786136],[-111.89887,44.787509],[-111.898939,44.787654],[-111.899374,44.787982],[-111.899564,44.788318],[-111.899473,44.788734],[-111.899549,44.788913],[-111.900366,44.789356],[-111.90016,44.790057],[-111.90032,44.790324]]}},{"type":"Feature","properties":{"id":"wat-b378","kind":"water","name":"Creek","acres":null,"editable":false,"source":"USGS 3DHP flowlines (Channel Line)"},"geometry":{"type":"LineString","coordinates":[[-111.967775,44.681172],[-111.967546,44.680722]]}},{"type":"Feature","properties":{"id":"wat-b379","kind":"water","name":"Metzel Creek","acres":null,"editable":false,"source":"USGS 3DHP flowlines (Channel Line)"},"geometry":{"type":"LineString","coordinates":[[-111.926987,44.756353],[-111.926941,44.755953],[-111.927223,44.755533],[-111.927643,44.755197],[-111.927773,44.754823],[-111.927788,44.754541],[-111.927597,44.75382],[-111.927963,44.751833],[-111.928826,44.750726],[-111.928994,44.750288],[-111.928948,44.749753],[-111.928551,44.748823],[-111.928444,44.748216],[-111.928162,44.747903],[-111.926888,44.747274],[-111.926506,44.747247],[-111.92543,44.747438],[-111.924538,44.747694],[-111.923241,44.747823],[-111.922234,44.747766],[-111.921448,44.747961],[-111.920883,44.747846],[-111.920463,44.747617],[-111.919807,44.747438],[-111.919243,44.74748],[-111.9188,44.747411],[-111.91851,44.747247],[-111.917495,44.746961],[-111.915626,44.746824],[-111.914573,44.746179],[-111.913627,44.746],[-111.913055,44.745809],[-111.911125,44.745577],[-111.910415,44.745668]]}},{"type":"Feature","properties":{"id":"wat-b380","kind":"water","name":"Creek","acres":null,"editable":false,"source":"USGS 3DHP flowlines (Channel Line)"},"geometry":{"type":"LineString","coordinates":[[-111.92359,44.58859],[-111.923872,44.58867],[-111.924956,44.588689],[-111.927191,44.588628],[-111.928404,44.588792],[-111.92871,44.589013],[-111.929022,44.589105],[-111.93109,44.589223],[-111.932166,44.59007],[-111.933684,44.590619],[-111.935126,44.590951],[-111.93595,44.591329],[-111.936607,44.591348],[-111.937217,44.591271],[-111.937804,44.591523],[-111.938636,44.591683],[-111.938941,44.591905],[-111.939216,44.591935],[-111.940536,44.592412],[-111.942451,44.593759],[-111.94255,44.594483],[-111.943222,44.595471],[-111.943657,44.597115],[-111.944397,44.597783],[-111.945007,44.598843],[-111.945442,44.599954],[-111.946381,44.601014],[-111.946892,44.601354],[-111.947205,44.601781],[-111.948372,44.602521],[-111.949257,44.603745],[-111.949333,44.604596],[-111.949143,44.605306],[-111.947411,44.608956],[-111.947121,44.609887],[-111.947243,44.611256],[-111.94696,44.611844],[-111.945671,44.613221],[-111.945343,44.613851],[-111.944633,44.614461],[-111.943023,44.615205],[-111.941734,44.615548],[-111.94136,44.615731],[-111.940773,44.616128],[-111.94017,44.61696],[-111.938926,44.618016],[-111.938217,44.618802],[-111.938186,44.618955],[-111.937782,44.619035],[-111.937606,44.619199],[-111.937026,44.619474],[-111.93621,44.619653],[-111.936157,44.619832],[-111.93589,44.620099],[-111.936134,44.620645],[-111.935996,44.621251]]}},{"type":"Feature","properties":{"id":"wat-b381","kind":"water","name":"Fox Creek","acres":null,"editable":false,"source":"USGS 3DHP flowlines (Channel Line)"},"geometry":{"type":"LineString","coordinates":[[-111.888074,44.79063],[-111.888265,44.790657],[-111.888524,44.790584],[-111.889058,44.790229],[-111.889585,44.79005],[-111.890249,44.789691],[-111.890828,44.789577],[-111.891965,44.789493],[-111.892118,44.789363],[-111.893964,44.789867],[-111.894514,44.789897],[-111.894819,44.789821],[-111.894994,44.789974],[-111.895299,44.789913],[-111.895635,44.790191],[-111.896734,44.790595],[-111.896879,44.790298],[-111.897352,44.790008],[-111.897802,44.790077],[-111.898214,44.790309],[-111.898542,44.789966],[-111.90032,44.790324]]}},{"type":"Feature","properties":{"id":"wat-b382","kind":"water","name":"Creek","acres":null,"editable":false,"source":"USGS 3DHP flowlines (Channel Line)"},"geometry":{"type":"LineString","coordinates":[[-111.840007,44.817773],[-111.841639,44.81685],[-111.842029,44.81635]]}},{"type":"Feature","properties":{"id":"wat-b383","kind":"water","name":"Creek","acres":null,"editable":false,"source":"USGS 3DHP flowlines (Channel Line)"},"geometry":{"type":"LineString","coordinates":[[-111.874128,44.756141],[-111.873761,44.756267]]}},{"type":"Feature","properties":{"id":"wat-b384","kind":"water","name":"Creek","acres":null,"editable":false,"source":"USGS 3DHP flowlines (Channel Line)"},"geometry":{"type":"LineString","coordinates":[[-111.886189,44.673548],[-111.886128,44.672918],[-111.885854,44.672251],[-111.88535,44.671942],[-111.884457,44.671728],[-111.884457,44.671641],[-111.884824,44.671293],[-111.884618,44.671103],[-111.884602,44.670954],[-111.884824,44.670469],[-111.884762,44.670279],[-111.883793,44.669588],[-111.883404,44.669169],[-111.883244,44.668677],[-111.882809,44.668432]]}},{"type":"Feature","properties":{"id":"wat-b385","kind":"water","name":"Creek","acres":null,"editable":false,"source":"USGS 3DHP flowlines (Channel Line)"},"geometry":{"type":"LineString","coordinates":[[-111.880559,44.76776],[-111.880422,44.767207],[-111.880895,44.766688],[-111.880964,44.766372],[-111.88046,44.765998],[-111.880468,44.765353],[-111.880681,44.764251],[-111.880338,44.7639],[-111.880269,44.763446],[-111.880041,44.763099],[-111.879995,44.762752],[-111.880208,44.761298],[-111.88133,44.759471],[-111.881223,44.759025],[-111.880788,44.758689]]}},{"type":"Feature","properties":{"id":"wat-b386","kind":"water","name":"Creek","acres":null,"editable":false,"source":"USGS 3DHP flowlines (Channel Line)"},"geometry":{"type":"LineString","coordinates":[[-111.668125,44.73413],[-111.667705,44.735003],[-111.667324,44.735331],[-111.667179,44.735595],[-111.667209,44.73664],[-111.6664,44.737487],[-111.666339,44.738276],[-111.665905,44.739242],[-111.665393,44.739791],[-111.664081,44.740424],[-111.663013,44.74113],[-111.662158,44.741431],[-111.661205,44.741557],[-111.659152,44.741229]]}},{"type":"Feature","properties":{"id":"wat-b387","kind":"water","name":"Battle Creek","acres":null,"editable":false,"source":"USGS 3DHP flowlines (Channel Line)"},"geometry":{"type":"LineString","coordinates":[[-111.664002,44.60756],[-111.66433,44.60724],[-111.664711,44.607278],[-111.664986,44.607102],[-111.665779,44.606999],[-111.665902,44.60716],[-111.666138,44.607224],[-111.666146,44.607595],[-111.666565,44.607923],[-111.66655,44.608216],[-111.666741,44.608365],[-111.66684,44.60859],[-111.667046,44.608674],[-111.667122,44.608842],[-111.667412,44.608926],[-111.667572,44.609071],[-111.66774,44.609071],[-111.667916,44.609342],[-111.668801,44.609612],[-111.669022,44.610108],[-111.66935,44.610143],[-111.66961,44.610383],[-111.669899,44.610421],[-111.670487,44.610875],[-111.671387,44.611085],[-111.671502,44.610993],[-111.671517,44.610665],[-111.671876,44.610715],[-111.672226,44.610616],[-111.672379,44.61089],[-111.673157,44.611169],[-111.673226,44.611035],[-111.673012,44.610486],[-111.673333,44.610272],[-111.673226,44.60999],[-111.673638,44.609799],[-111.673432,44.609376],[-111.674042,44.609132],[-111.674653,44.609162],[-111.674737,44.609002],[-111.674965,44.608987],[-111.675118,44.60909],[-111.675149,44.609502],[-111.675591,44.609635]]}},{"type":"Feature","properties":{"id":"wat-b388","kind":"water","name":"Fish Creek","acres":null,"editable":false,"source":"USGS 3DHP flowlines (Channel Line)"},"geometry":{"type":"LineString","coordinates":[[-111.949945,44.724633],[-111.949792,44.724416],[-111.949372,44.724347],[-111.949212,44.724278],[-111.949022,44.72403],[-111.948617,44.723939],[-111.948403,44.723702],[-111.948419,44.723416],[-111.948274,44.723317]]}},{"type":"Feature","properties":{"id":"wat-b389","kind":"water","name":"Creek","acres":null,"editable":false,"source":"USGS 3DHP flowlines (Channel Line)"},"geometry":{"type":"LineString","coordinates":[[-111.697721,44.824089],[-111.69782,44.823536],[-111.697767,44.823079],[-111.697561,44.82267],[-111.697454,44.821736],[-111.697721,44.82098],[-111.697752,44.820187],[-111.696928,44.819432],[-111.696523,44.819187],[-111.696386,44.818863],[-111.695844,44.818306],[-111.694761,44.817635],[-111.694616,44.817051],[-111.694303,44.816494],[-111.694112,44.815895],[-111.693876,44.815533],[-111.693311,44.814995],[-111.692884,44.814934],[-111.691862,44.815052],[-111.690755,44.814965],[-111.690366,44.814793],[-111.690107,44.814568],[-111.689367,44.813755],[-111.689313,44.813591],[-111.689473,44.812916],[-111.689885,44.81239],[-111.690137,44.811661],[-111.69045,44.811203],[-111.690412,44.810726],[-111.69003,44.809571],[-111.68987,44.808712],[-111.690183,44.807469]]}},{"type":"Feature","properties":{"id":"wat-b390","kind":"water","name":"Freezeout Creek","acres":null,"editable":false,"source":"USGS 3DHP flowlines (Channel Line)"},"geometry":{"type":"LineString","coordinates":[[-111.674893,44.819829],[-111.674466,44.819688],[-111.674084,44.819356]]}},{"type":"Feature","properties":{"id":"wat-b391","kind":"water","name":"Creek","acres":null,"editable":false,"source":"USGS 3DHP flowlines (Channel Line)"},"geometry":{"type":"LineString","coordinates":[[-111.966141,44.789728],[-111.967278,44.789663],[-111.967957,44.78951],[-111.968926,44.78956]]}},{"type":"Feature","properties":{"id":"wat-b392","kind":"water","name":"Creek","acres":null,"editable":false,"source":"USGS 3DHP flowlines (Channel Line)"},"geometry":{"type":"LineString","coordinates":[[-111.888433,44.683149],[-111.888562,44.68247],[-111.888448,44.681349],[-111.888822,44.681017],[-111.888982,44.68067],[-111.889249,44.680571],[-111.889333,44.680266],[-111.889592,44.680002],[-111.889714,44.679602],[-111.889623,44.679072],[-111.890103,44.678545],[-111.890248,44.678171],[-111.890233,44.677675],[-111.890004,44.677324],[-111.890195,44.676924],[-111.890218,44.676622],[-111.889875,44.676043],[-111.889928,44.675379]]}},{"type":"Feature","properties":{"id":"wat-b393","kind":"water","name":"Snowshoe Creek","acres":null,"editable":false,"source":"USGS 3DHP flowlines (Channel Line)"},"geometry":{"type":"LineString","coordinates":[[-111.836482,44.730197],[-111.836497,44.730033],[-111.836848,44.729755],[-111.83694,44.729324],[-111.837222,44.729007],[-111.837306,44.72863]]}},{"type":"Feature","properties":{"id":"wat-b394","kind":"water","name":"Odell Creek","acres":null,"editable":false,"source":"USGS 3DHP flowlines (Channel Line)"},"geometry":{"type":"LineString","coordinates":[[-111.807372,44.621589],[-111.807158,44.62173],[-111.807112,44.621955],[-111.807234,44.622073],[-111.807578,44.622119],[-111.807875,44.622031],[-111.808478,44.621688],[-111.808608,44.621318],[-111.808737,44.621223],[-111.808974,44.621196],[-111.809195,44.621379],[-111.809508,44.621429],[-111.809668,44.62141],[-111.809867,44.621226]]}},{"type":"Feature","properties":{"id":"wat-b395","kind":"water","name":"Creek","acres":null,"editable":false,"source":"USGS 3DHP flowlines (Channel Line)"},"geometry":{"type":"LineString","coordinates":[[-111.825197,44.817545],[-111.826815,44.818872],[-111.82712,44.819311],[-111.827166,44.819555],[-111.826975,44.81986],[-111.827051,44.82015],[-111.827517,44.821028],[-111.828005,44.821562]]}},{"type":"Feature","properties":{"id":"wat-b396","kind":"water","name":"West Fork Madison River","acres":null,"editable":false,"source":"USGS 3DHP flowlines (Channel Line)"},"geometry":{"type":"LineString","coordinates":[[-111.869382,44.754699],[-111.869214,44.754607]]}},{"type":"Feature","properties":{"id":"wat-b397","kind":"water","name":"Duff Creek","acres":null,"editable":false,"source":"USGS 3DHP flowlines (Channel Line)"},"geometry":{"type":"LineString","coordinates":[[-111.856546,44.622156],[-111.853601,44.623663]]}},{"type":"Feature","properties":{"id":"wat-b398","kind":"water","name":"Fish Creek","acres":null,"editable":false,"source":"USGS 3DHP flowlines (Channel Line)"},"geometry":{"type":"LineString","coordinates":[[-111.937386,44.70667],[-111.937111,44.705575],[-111.936302,44.705007],[-111.936302,44.704732],[-111.935578,44.704599],[-111.934998,44.704076],[-111.934593,44.70408],[-111.934097,44.703531],[-111.932976,44.703286],[-111.932266,44.702901],[-111.931343,44.702821],[-111.930786,44.702501],[-111.930015,44.702379],[-111.929207,44.702382],[-111.929046,44.702199],[-111.927467,44.702161],[-111.927192,44.702371],[-111.926017,44.702615],[-111.925697,44.70281],[-111.925476,44.702817],[-111.925293,44.703054],[-111.924865,44.70297],[-111.924575,44.703176],[-111.923843,44.703413],[-111.923721,44.703546],[-111.92311,44.703603],[-111.922904,44.703386],[-111.9225,44.70355],[-111.922141,44.703592],[-111.92163,44.703439],[-111.921501,44.703302],[-111.920944,44.703466],[-111.920417,44.703439],[-111.920303,44.703371],[-111.919906,44.703401],[-111.919151,44.702943],[-111.918212,44.702589],[-111.91664,44.702367],[-111.914794,44.701879],[-111.913917,44.701906],[-111.91294,44.701547],[-111.912696,44.701368],[-111.912116,44.701261],[-111.911673,44.700983],[-111.911299,44.70104],[-111.911231,44.700865],[-111.910735,44.700701],[-111.91059,44.700464],[-111.910193,44.700411],[-111.91001,44.700243],[-111.909842,44.7003],[-111.909659,44.700178],[-111.909445,44.7003]]}},{"type":"Feature","properties":{"id":"wat-b399","kind":"water","name":"Creek","acres":null,"editable":false,"source":"USGS 3DHP flowlines (Channel Line)"},"geometry":{"type":"LineString","coordinates":[[-111.956872,44.710622],[-111.955575,44.710488],[-111.954889,44.710515],[-111.953729,44.710431],[-111.952302,44.71013],[-111.950128,44.710137],[-111.949594,44.710065],[-111.949426,44.710027],[-111.948342,44.709352],[-111.947648,44.708718],[-111.946595,44.708226],[-111.945153,44.708036],[-111.944642,44.708024],[-111.944192,44.708108],[-111.943383,44.708043],[-111.942368,44.707769],[-111.941613,44.707795],[-111.940804,44.707578],[-111.939988,44.707833],[-111.937943,44.707685],[-111.937867,44.707628],[-111.937821,44.707067],[-111.937386,44.70667]]}},{"type":"Feature","properties":{"id":"wat-b400","kind":"water","name":"Snowshoe Creek","acres":null,"editable":false,"source":"USGS 3DHP flowlines (Channel Line)"},"geometry":{"type":"LineString","coordinates":[[-111.821039,44.727577],[-111.821001,44.727833],[-111.820826,44.728016],[-111.820765,44.728252],[-111.819941,44.729191],[-111.819811,44.729233],[-111.819277,44.729057],[-111.818857,44.729092],[-111.818178,44.72897],[-111.818117,44.729004],[-111.818216,44.729195],[-111.81801,44.729229],[-111.817751,44.728966],[-111.817499,44.728912],[-111.817224,44.728954],[-111.81595,44.728298],[-111.815721,44.728363],[-111.814874,44.728188],[-111.814546,44.728237],[-111.814386,44.728024],[-111.813745,44.72784],[-111.812708,44.727329],[-111.812479,44.727322],[-111.812418,44.727154],[-111.812021,44.727154],[-111.811624,44.727017],[-111.811235,44.727104],[-111.810915,44.727039],[-111.810571,44.727181],[-111.810586,44.727039],[-111.81048,44.727001],[-111.810297,44.727051],[-111.810174,44.726902],[-111.809801,44.726982],[-111.809755,44.726799],[-111.809175,44.726711],[-111.809129,44.72657],[-111.808961,44.726479],[-111.80861,44.726475],[-111.808275,44.726372],[-111.807237,44.726341],[-111.807008,44.726437],[-111.805917,44.726582],[-111.805055,44.726589],[-111.804147,44.726849],[-111.803918,44.727059]]}},{"type":"Feature","properties":{"id":"wat-b401","kind":"water","name":"Creek","acres":null,"editable":false,"source":"USGS 3DHP flowlines (Channel Line)"},"geometry":{"type":"LineString","coordinates":[[-111.676595,44.822018],[-111.676366,44.821435],[-111.676587,44.821355],[-111.676602,44.821278],[-111.676343,44.821084],[-111.676267,44.820878],[-111.676534,44.820523],[-111.67619,44.820389],[-111.676137,44.820202],[-111.675923,44.820073],[-111.675603,44.820054],[-111.675603,44.819905],[-111.675496,44.819852],[-111.674893,44.819829]]}},{"type":"Feature","properties":{"id":"wat-b402","kind":"water","name":"Creek","acres":null,"editable":false,"source":"USGS 3DHP flowlines (Channel Line)"},"geometry":{"type":"LineString","coordinates":[[-111.816721,44.754872],[-111.817522,44.755623],[-111.818552,44.755692],[-111.819338,44.756028],[-111.819476,44.756157],[-111.819872,44.757233],[-111.819849,44.758034],[-111.819499,44.758412],[-111.819605,44.758561],[-111.819796,44.758618]]}},{"type":"Feature","properties":{"id":"wat-b403","kind":"water","name":"Creek","acres":null,"editable":false,"source":"USGS 3DHP flowlines (Channel Line)"},"geometry":{"type":"LineString","coordinates":[[-111.667019,44.780498],[-111.66618,44.780365],[-111.664616,44.780369],[-111.664219,44.780445],[-111.662769,44.78112],[-111.661655,44.78146],[-111.661129,44.781448],[-111.660442,44.781269],[-111.658474,44.781002],[-111.656925,44.780052],[-111.65543,44.779686],[-111.654628,44.77927],[-111.653789,44.779076],[-111.65324,44.778801]]}},{"type":"Feature","properties":{"id":"wat-b404","kind":"water","name":"Creek","acres":null,"editable":false,"source":"USGS 3DHP flowlines (Channel Line)"},"geometry":{"type":"LineString","coordinates":[[-111.968926,44.78956],[-111.969803,44.789411],[-111.970826,44.788965],[-111.971734,44.788721],[-111.972436,44.788339],[-111.972482,44.788011],[-111.972985,44.787553]]}},{"type":"Feature","properties":{"id":"wat-b405","kind":"water","name":"Creek","acres":null,"editable":false,"source":"USGS 3DHP flowlines (Channel Line)"},"geometry":{"type":"LineString","coordinates":[[-111.892461,44.641432],[-111.89314,44.641691],[-111.893964,44.64179],[-111.893918,44.641996],[-111.894208,44.642286],[-111.894139,44.642595],[-111.894612,44.643137],[-111.894689,44.643492]]}},{"type":"Feature","properties":{"id":"wat-b406","kind":"water","name":"Creek","acres":null,"editable":false,"source":"USGS 3DHP flowlines (Channel Line)"},"geometry":{"type":"LineString","coordinates":[[-111.983386,44.69347],[-111.98273,44.69347],[-111.981005,44.693287],[-111.980349,44.693375],[-111.979403,44.693238],[-111.976794,44.692639],[-111.975543,44.692227],[-111.974253,44.691567],[-111.972407,44.690266],[-111.971827,44.689774],[-111.971438,44.689225],[-111.971735,44.688862],[-111.972018,44.688168],[-111.972018,44.687867],[-111.972239,44.687428],[-111.972155,44.687138],[-111.971529,44.686192]]}},{"type":"Feature","properties":{"id":"wat-b407","kind":"water","name":"Fossil Creek","acres":null,"editable":false,"source":"USGS 3DHP flowlines (Channel Line)"},"geometry":{"type":"LineString","coordinates":[[-111.853618,44.794953],[-111.85384,44.794358],[-111.853779,44.79321],[-111.854419,44.792351],[-111.854969,44.791077],[-111.855556,44.790234],[-111.855167,44.789646],[-111.855091,44.78928],[-111.855099,44.789143],[-111.855327,44.788868],[-111.855602,44.787941],[-111.855411,44.787037],[-111.8549,44.785717],[-111.854542,44.784409],[-111.853687,44.783749],[-111.853603,44.783585],[-111.853077,44.782253],[-111.853069,44.781429],[-111.852909,44.78088],[-111.852604,44.780373],[-111.852329,44.779621],[-111.85133,44.777928],[-111.851017,44.777138],[-111.849918,44.775745],[-111.849613,44.775055],[-111.848919,44.774952],[-111.848697,44.77478],[-111.848583,44.774555],[-111.848293,44.774376],[-111.847759,44.774201],[-111.847591,44.774021],[-111.847751,44.773491],[-111.847492,44.773071],[-111.847851,44.772652],[-111.847851,44.772347],[-111.847439,44.771721],[-111.847446,44.771027],[-111.846859,44.770401],[-111.846866,44.769909],[-111.84711,44.769287]]}},{"type":"Feature","properties":{"id":"wat-b408","kind":"water","name":"Creek","acres":null,"editable":false,"source":"USGS 3DHP flowlines (Channel Line)"},"geometry":{"type":"LineString","coordinates":[[-111.910734,44.797324],[-111.911283,44.797435],[-111.91155,44.797637],[-111.912435,44.79761],[-111.913351,44.79695],[-111.91503,44.79634]]}},{"type":"Feature","properties":{"id":"wat-b409","kind":"water","name":"Lobo Creek","acres":null,"editable":false,"source":"USGS 3DHP flowlines (Channel Line)"},"geometry":{"type":"LineString","coordinates":[[-111.756072,44.766005],[-111.756103,44.764689],[-111.756385,44.763777],[-111.756072,44.762964],[-111.754073,44.7614],[-111.753692,44.760645],[-111.752677,44.760096],[-111.752029,44.759375],[-111.750358,44.758062],[-111.749984,44.757895],[-111.749503,44.757959],[-111.748069,44.757807],[-111.747756,44.757677],[-111.747649,44.757517],[-111.747649,44.756338],[-111.747939,44.755506],[-111.747962,44.755087],[-111.747664,44.754293],[-111.746909,44.753221],[-111.746825,44.752794],[-111.747046,44.751963],[-111.747557,44.751558],[-111.747588,44.750475],[-111.747405,44.749689],[-111.746886,44.748354],[-111.746146,44.747785],[-111.745207,44.747305],[-111.744673,44.746794],[-111.744452,44.746702],[-111.743353,44.746546],[-111.742537,44.746191],[-111.741545,44.745149],[-111.741232,44.744989],[-111.740607,44.744867],[-111.740294,44.744478],[-111.739264,44.743849],[-111.739004,44.743559],[-111.738394,44.743116],[-111.738318,44.742933],[-111.738386,44.742781]]}},{"type":"Feature","properties":{"id":"wat-b410","kind":"water","name":"Creek","acres":null,"editable":false,"source":"USGS 3DHP flowlines (Channel Line)"},"geometry":{"type":"LineString","coordinates":[[-111.912329,44.644594],[-111.912779,44.643999],[-111.912809,44.64364]]}},{"type":"Feature","properties":{"id":"wat-b411","kind":"water","name":"Creek","acres":null,"editable":false,"source":"USGS 3DHP flowlines (Channel Line)"},"geometry":{"type":"LineString","coordinates":[[-111.777649,44.810569],[-111.777466,44.810862],[-111.77636,44.811789],[-111.775887,44.812629],[-111.775704,44.8128],[-111.773865,44.814044]]}},{"type":"Feature","properties":{"id":"wat-b412","kind":"water","name":"Tepee Creek","acres":null,"editable":false,"source":"USGS 3DHP flowlines (Channel Line)"},"geometry":{"type":"LineString","coordinates":[[-111.674374,44.775592],[-111.673436,44.77557],[-111.672932,44.775783],[-111.67265,44.77581],[-111.672505,44.776008],[-111.67149,44.775833],[-111.671139,44.775661],[-111.670841,44.775345],[-111.670902,44.774963],[-111.670696,44.774742],[-111.670544,44.774654],[-111.670407,44.774707],[-111.670223,44.77454],[-111.67004,44.774562],[-111.67001,44.77441],[-111.669819,44.774383],[-111.66972,44.774192],[-111.669193,44.773937],[-111.669033,44.773914],[-111.668789,44.774032],[-111.668209,44.773895],[-111.668285,44.773708],[-111.667919,44.773662],[-111.667629,44.773464],[-111.666805,44.773525],[-111.666569,44.773605],[-111.66634,44.773369],[-111.665936,44.773357],[-111.665699,44.773052],[-111.665264,44.772934],[-111.665035,44.772792],[-111.66412,44.772602],[-111.663631,44.772354],[-111.663395,44.772407],[-111.663181,44.772617],[-111.662571,44.772621],[-111.662426,44.772484],[-111.662151,44.772434],[-111.662052,44.772194],[-111.661793,44.771999],[-111.660564,44.771778],[-111.660366,44.77166],[-111.659962,44.771629],[-111.659519,44.771454],[-111.659084,44.771412],[-111.658725,44.771183],[-111.65823,44.771187],[-111.657955,44.770912],[-111.657543,44.770881],[-111.656345,44.770466],[-111.655635,44.770019],[-111.655491,44.76968]]}},{"type":"Feature","properties":{"id":"wat-b413","kind":"water","name":"Creek","acres":null,"editable":false,"source":"USGS 3DHP flowlines (Channel Line)"},"geometry":{"type":"LineString","coordinates":[[-111.784455,44.814166],[-111.783837,44.814406],[-111.782731,44.81465],[-111.782334,44.814856],[-111.781304,44.81647],[-111.781037,44.817221],[-111.781106,44.818034],[-111.781754,44.81861],[-111.78164,44.818866],[-111.781724,44.819087]]}},{"type":"Feature","properties":{"id":"wat-b414","kind":"water","name":"Creek","acres":null,"editable":false,"source":"USGS 3DHP flowlines (Channel Line)"},"geometry":{"type":"LineString","coordinates":[[-111.896557,44.607179],[-111.896687,44.607763],[-111.897282,44.608316],[-111.897282,44.60893],[-111.898068,44.609895],[-111.89832,44.611505],[-111.898213,44.612093],[-111.897877,44.612714],[-111.898167,44.612955],[-111.898732,44.613237],[-111.898854,44.613451],[-111.898618,44.615839],[-111.898854,44.61672],[-111.898618,44.617227],[-111.89848,44.618242],[-111.897954,44.618372],[-111.898,44.61873],[-111.897908,44.618997],[-111.898038,44.61944],[-111.897877,44.619592],[-111.897694,44.6201],[-111.897855,44.620657],[-111.897801,44.621763],[-111.898648,44.62282],[-111.898808,44.623281],[-111.899335,44.62404],[-111.899861,44.624483],[-111.900039,44.624921]]}},{"type":"Feature","properties":{"id":"wat-b415","kind":"water","name":"Creek","acres":null,"editable":false,"source":"USGS 3DHP flowlines (Channel Line)"},"geometry":{"type":"LineString","coordinates":[[-111.963204,44.787672],[-111.963486,44.787286],[-111.965485,44.786077],[-111.965783,44.786119],[-111.966958,44.786531],[-111.967415,44.786542],[-111.968171,44.786455],[-111.969094,44.78613],[-111.971238,44.786069],[-111.972108,44.785802],[-111.974092,44.78557],[-111.974908,44.785573],[-111.975572,44.785364],[-111.975724,44.784894],[-111.976464,44.784364],[-111.978044,44.784044],[-111.978494,44.783879],[-111.979287,44.78378],[-111.979875,44.783807],[-111.980333,44.783513]]}},{"type":"Feature","properties":{"id":"wat-b416","kind":"water","name":"Creek","acres":null,"editable":false,"source":"USGS 3DHP flowlines (Channel Line)"},"geometry":{"type":"LineString","coordinates":[[-111.926412,44.816673],[-111.927084,44.816768],[-111.927679,44.817108],[-111.928625,44.818057],[-111.929365,44.818256],[-111.930433,44.818317],[-111.931662,44.818939],[-111.932325,44.819179],[-111.933714,44.820087]]}},{"type":"Feature","properties":{"id":"wat-b417","kind":"water","name":"Creek","acres":null,"editable":false,"source":"USGS 3DHP flowlines (Channel Line)"},"geometry":{"type":"LineString","coordinates":[[-111.949875,44.774046],[-111.947884,44.773508],[-111.946534,44.772825],[-111.945465,44.772634],[-111.943421,44.773172],[-111.942825,44.773069]]}},{"type":"Feature","properties":{"id":"wat-b418","kind":"water","name":"West Fork Madison River","acres":null,"editable":false,"source":"USGS 3DHP flowlines (Channel Line)"},"geometry":{"type":"LineString","coordinates":[[-111.91503,44.79634],[-111.915182,44.796023]]}},{"type":"Feature","properties":{"id":"wat-b419","kind":"water","name":"Creek","acres":null,"editable":false,"source":"USGS 3DHP flowlines (Channel Line)"},"geometry":{"type":"LineString","coordinates":[[-111.700178,44.788166],[-111.699407,44.787967],[-111.698705,44.787944],[-111.697347,44.787582],[-111.696836,44.787517],[-111.696134,44.787551],[-111.695363,44.787292],[-111.694906,44.787292],[-111.6946,44.787212],[-111.694036,44.787017],[-111.693525,44.786583],[-111.693143,44.786514],[-111.692815,44.786178],[-111.692243,44.786106],[-111.691632,44.786148],[-111.690076,44.785358],[-111.689801,44.785308],[-111.689611,44.785156],[-111.689473,44.78487]]}},{"type":"Feature","properties":{"id":"wat-b420","kind":"water","name":"Creek","acres":null,"editable":false,"source":"USGS 3DHP flowlines (Channel Line)"},"geometry":{"type":"LineString","coordinates":[[-111.897375,44.777198],[-111.898535,44.776725],[-111.899069,44.776195],[-111.899885,44.775824],[-111.90029,44.775523],[-111.900496,44.775233],[-111.900595,44.774543],[-111.90074,44.774218],[-111.902624,44.772879],[-111.903349,44.771929],[-111.904456,44.771056],[-111.904776,44.770888],[-111.905562,44.769553]]}},{"type":"Feature","properties":{"id":"wat-b421","kind":"water","name":"Creek","acres":null,"editable":false,"source":"USGS 3DHP flowlines (Channel Line)"},"geometry":{"type":"LineString","coordinates":[[-111.955057,44.719251],[-111.954378,44.719556],[-111.954133,44.719884],[-111.954057,44.720448],[-111.953866,44.720887],[-111.953119,44.721574],[-111.951883,44.722039],[-111.951509,44.722085],[-111.950868,44.721959],[-111.950189,44.721974],[-111.949578,44.722154],[-111.948846,44.722249],[-111.948388,44.722375],[-111.947747,44.722688]]}},{"type":"Feature","properties":{"id":"wat-b422","kind":"water","name":"Creek","acres":null,"editable":false,"source":"USGS 3DHP flowlines (Channel Line)"},"geometry":{"type":"LineString","coordinates":[[-111.832919,44.752159],[-111.83411,44.751083],[-111.834628,44.750328],[-111.834796,44.74963],[-111.835742,44.747932],[-111.83562,44.747558],[-111.835613,44.745743],[-111.835971,44.744987],[-111.836261,44.744678],[-111.836482,44.743698],[-111.836223,44.743358],[-111.836398,44.742904],[-111.836299,44.741981],[-111.835956,44.741317],[-111.835719,44.741108],[-111.835086,44.740982],[-111.83488,44.740753],[-111.834842,44.740223],[-111.834476,44.739917],[-111.834201,44.739429],[-111.833446,44.738998],[-111.833117,44.738651],[-111.833133,44.738277],[-111.832995,44.738094],[-111.832942,44.737705],[-111.832263,44.737076],[-111.831828,44.736873],[-111.831828,44.736557],[-111.831637,44.736294],[-111.831546,44.735958],[-111.831897,44.735653],[-111.832011,44.73518],[-111.83369,44.734428],[-111.833842,44.734165],[-111.834376,44.73365],[-111.833896,44.733001],[-111.834002,44.732677],[-111.834292,44.732265],[-111.834147,44.731956],[-111.83433,44.731815],[-111.834422,44.731575],[-111.834582,44.731502]]}},{"type":"Feature","properties":{"id":"wat-b423","kind":"water","name":"Creek","acres":null,"editable":false,"source":"USGS 3DHP flowlines (Channel Line)"},"geometry":{"type":"LineString","coordinates":[[-111.698955,44.680357],[-111.699145,44.680101],[-111.699115,44.679773],[-111.699382,44.679369],[-111.69939,44.67885],[-111.699824,44.678247],[-111.700038,44.677782],[-111.7,44.677114],[-111.700091,44.67682],[-111.700725,44.676206],[-111.701343,44.675439],[-111.70193,44.674245]]}},{"type":"Feature","properties":{"id":"wat-b424","kind":"water","name":"Creek","acres":null,"editable":false,"source":"USGS 3DHP flowlines (Channel Line)"},"geometry":{"type":"LineString","coordinates":[[-111.963037,44.662602],[-111.962427,44.66219]]}},{"type":"Feature","properties":{"id":"wat-b425","kind":"water","name":"Creek","acres":null,"editable":false,"source":"USGS 3DHP flowlines (Channel Line)"},"geometry":{"type":"LineString","coordinates":[[-111.975459,44.740284],[-111.975604,44.740586],[-111.976229,44.741207],[-111.976748,44.742424],[-111.976985,44.74255],[-111.97726,44.742852],[-111.977198,44.744122],[-111.977313,44.744454],[-111.977549,44.74469],[-111.978099,44.744973],[-111.97861,44.745072],[-111.978793,44.744988],[-111.979243,44.745018],[-111.979587,44.744908],[-111.980044,44.744934],[-111.980548,44.744713],[-111.98096,44.744686],[-111.981151,44.744751],[-111.981654,44.745175],[-111.983104,44.745602]]}},{"type":"Feature","properties":{"id":"wat-b426","kind":"water","name":"Anderson Creek","acres":null,"editable":false,"source":"USGS 3DHP flowlines (Channel Line)"},"geometry":{"type":"LineString","coordinates":[[-111.949791,44.776815],[-111.949013,44.776705],[-111.948571,44.776266],[-111.947067,44.775987],[-111.946732,44.775957],[-111.946045,44.776048],[-111.946083,44.776007]]}},{"type":"Feature","properties":{"id":"wat-b427","kind":"water","name":"Fossil Creek","acres":null,"editable":false,"source":"USGS 3DHP flowlines (Channel Line)"},"geometry":{"type":"LineString","coordinates":[[-111.84711,44.769287],[-111.847271,44.768173]]}},{"type":"Feature","properties":{"id":"wat-b428","kind":"water","name":"Creek","acres":null,"editable":false,"source":"USGS 3DHP flowlines (Channel Line)"},"geometry":{"type":"LineString","coordinates":[[-111.710913,44.7877],[-111.710363,44.787666],[-111.710028,44.78757],[-111.709356,44.787574],[-111.708814,44.787364],[-111.708631,44.787387],[-111.708547,44.78749],[-111.708303,44.787452],[-111.707891,44.786945],[-111.707075,44.78646],[-111.706686,44.78638],[-111.706251,44.786167],[-111.705167,44.78551],[-111.704816,44.785388],[-111.704481,44.785388],[-111.704076,44.785228],[-111.703558,44.784809],[-111.703641,44.784065],[-111.703535,44.783794],[-111.703268,44.783462],[-111.702512,44.783035],[-111.701704,44.783023],[-111.699033,44.783584],[-111.698423,44.783515],[-111.697095,44.783042],[-111.696622,44.782478],[-111.696416,44.782005],[-111.69547,44.781475],[-111.695081,44.781005],[-111.695234,44.780765],[-111.695966,44.7802],[-111.696073,44.77983],[-111.695821,44.779563],[-111.695493,44.779392],[-111.69415,44.778922],[-111.693723,44.778472],[-111.6937,44.778056],[-111.694051,44.777408],[-111.69399,44.776973]]}},{"type":"Feature","properties":{"id":"wat-b429","kind":"water","name":"Creek","acres":null,"editable":false,"source":"USGS 3DHP flowlines (Channel Line)"},"geometry":{"type":"LineString","coordinates":[[-111.730925,44.758063],[-111.730993,44.756724],[-111.731192,44.755545],[-111.731001,44.753855],[-111.731428,44.752955],[-111.731627,44.751955],[-111.731528,44.751639],[-111.731306,44.751127],[-111.730787,44.750589],[-111.729612,44.750101],[-111.728888,44.74967],[-111.728354,44.749193],[-111.728071,44.748823],[-111.727964,44.748285],[-111.727697,44.747923],[-111.727781,44.747606],[-111.727613,44.746965],[-111.727011,44.746779]]}},{"type":"Feature","properties":{"id":"wat-b430","kind":"water","name":"Creek","acres":null,"editable":false,"source":"USGS 3DHP flowlines (Channel Line)"},"geometry":{"type":"LineString","coordinates":[[-111.900945,44.626051],[-111.900914,44.626177],[-111.900579,44.626478],[-111.900579,44.626589],[-111.900945,44.626989],[-111.901105,44.627676]]}},{"type":"Feature","properties":{"id":"wat-b431","kind":"water","name":"Creek","acres":null,"editable":false,"source":"USGS 3DHP flowlines (Channel Line)"},"geometry":{"type":"LineString","coordinates":[[-111.815727,44.631889],[-111.816726,44.63298],[-111.817016,44.633174],[-111.817726,44.633441],[-111.818573,44.633994],[-111.819069,44.634097],[-111.820198,44.633933],[-111.820663,44.634051],[-111.820907,44.634303]]}},{"type":"Feature","properties":{"id":"wat-b432","kind":"water","name":"Creek","acres":null,"editable":false,"source":"USGS 3DHP flowlines (Channel Line)"},"geometry":{"type":"LineString","coordinates":[[-111.909208,44.816917],[-111.9092,44.815868],[-111.909391,44.815269],[-111.911229,44.814056],[-111.912252,44.813755],[-111.912809,44.813407],[-111.913885,44.813327],[-111.915632,44.813526],[-111.915945,44.813369],[-111.91638,44.813278],[-111.917753,44.813228],[-111.919019,44.813743],[-111.920095,44.813899]]}},{"type":"Feature","properties":{"id":"wat-b433","kind":"water","name":"Creek","acres":null,"editable":false,"source":"USGS 3DHP flowlines (Channel Line)"},"geometry":{"type":"LineString","coordinates":[[-111.922591,44.797061],[-111.922682,44.797259],[-111.922812,44.797309],[-111.923819,44.79729]]}},{"type":"Feature","properties":{"id":"wat-b434","kind":"water","name":"Creek","acres":null,"editable":false,"source":"USGS 3DHP flowlines (Channel Line)"},"geometry":{"type":"LineString","coordinates":[[-111.963021,44.610249],[-111.963342,44.610459],[-111.963395,44.610711]]}},{"type":"Feature","properties":{"id":"wat-b435","kind":"water","name":"Creek","acres":null,"editable":false,"source":"USGS 3DHP flowlines (Channel Line)"},"geometry":{"type":"LineString","coordinates":[[-111.887577,44.617056],[-111.887989,44.617288],[-111.889004,44.618547],[-111.889721,44.619253],[-111.890698,44.620508],[-111.891331,44.620767],[-111.891598,44.621023],[-111.892117,44.622663]]}},{"type":"Feature","properties":{"id":"wat-b436","kind":"water","name":"Humphry Creek","acres":null,"editable":false,"source":"USGS 3DHP flowlines (Channel Line)"},"geometry":{"type":"LineString","coordinates":[[-111.832199,44.607287],[-111.831848,44.60776],[-111.831528,44.609641],[-111.831268,44.610369],[-111.830467,44.612338],[-111.829697,44.613608]]}},{"type":"Feature","properties":{"id":"wat-b437","kind":"water","name":"Creek","acres":null,"editable":false,"source":"USGS 3DHP flowlines (Channel Line)"},"geometry":{"type":"LineString","coordinates":[[-111.742358,44.633637],[-111.742412,44.633442]]}},{"type":"Feature","properties":{"id":"wat-b438","kind":"water","name":"Creek","acres":null,"editable":false,"source":"USGS 3DHP flowlines (Channel Line)"},"geometry":{"type":"LineString","coordinates":[[-111.734618,44.815067],[-111.734832,44.816276],[-111.735496,44.817699],[-111.736007,44.818535],[-111.736114,44.819023],[-111.736098,44.819565],[-111.735892,44.819912],[-111.735114,44.820503],[-111.733092,44.821426]]}},{"type":"Feature","properties":{"id":"wat-b439","kind":"water","name":"Creek","acres":null,"editable":false,"source":"USGS 3DHP flowlines (Channel Line)"},"geometry":{"type":"LineString","coordinates":[[-111.823845,44.636054],[-111.82399,44.636043],[-111.824173,44.63586]]}},{"type":"Feature","properties":{"id":"wat-b440","kind":"water","name":"Creek","acres":null,"editable":false,"source":"USGS 3DHP flowlines (Channel Line)"},"geometry":{"type":"LineString","coordinates":[[-111.950682,44.815551],[-111.950316,44.81623],[-111.95037,44.816848],[-111.950514,44.817195],[-111.950255,44.81766],[-111.950194,44.818648]]}},{"type":"Feature","properties":{"id":"wat-b441","kind":"water","name":"Creek","acres":null,"editable":false,"source":"USGS 3DHP flowlines (Channel Line)"},"geometry":{"type":"LineString","coordinates":[[-111.751129,44.811035],[-111.751167,44.812801]]}},{"type":"Feature","properties":{"id":"wat-b442","kind":"water","name":"Creek","acres":null,"editable":false,"source":"USGS 3DHP flowlines (Channel Line)"},"geometry":{"type":"LineString","coordinates":[[-111.837725,44.712654],[-111.836856,44.712341],[-111.83536,44.712181],[-111.835085,44.711872],[-111.834689,44.711696],[-111.833651,44.711784],[-111.832522,44.711528],[-111.832125,44.711513],[-111.831377,44.71162],[-111.830302,44.711917],[-111.829516,44.712238],[-111.828425,44.712814],[-111.827105,44.712898],[-111.825777,44.712692],[-111.825319,44.71249],[-111.824495,44.712333],[-111.823381,44.711704],[-111.822435,44.711353],[-111.822237,44.71112],[-111.821451,44.710769],[-111.820978,44.710056],[-111.820818,44.708553],[-111.820627,44.708187],[-111.820558,44.707702],[-111.820291,44.707504],[-111.819154,44.707348],[-111.816964,44.70552],[-111.815408,44.703678],[-111.814988,44.7029],[-111.81492,44.702289],[-111.81463,44.701984],[-111.814439,44.701523],[-111.814744,44.700748],[-111.815858,44.699646],[-111.81627,44.699402],[-111.81878,44.698497],[-111.820321,44.697544]]}},{"type":"Feature","properties":{"id":"wat-b443","kind":"water","name":"Creek","acres":null,"editable":false,"source":"USGS 3DHP flowlines (Channel Line)"},"geometry":{"type":"LineString","coordinates":[[-111.749973,44.641751],[-111.750369,44.641667],[-111.750995,44.641777]]}},{"type":"Feature","properties":{"id":"wat-b444","kind":"water","name":"Creek","acres":null,"editable":false,"source":"USGS 3DHP flowlines (Channel Line)"},"geometry":{"type":"LineString","coordinates":[[-111.688121,44.699083],[-111.687434,44.699068],[-111.686969,44.698862],[-111.685992,44.697851],[-111.684505,44.696741],[-111.683925,44.696138],[-111.682818,44.695456],[-111.682475,44.69488],[-111.682315,44.694265],[-111.681941,44.693865],[-111.681781,44.693415],[-111.681704,44.692934],[-111.681849,44.692495],[-111.681811,44.691778],[-111.682208,44.691076],[-111.682658,44.690565],[-111.683375,44.690207],[-111.683955,44.689653],[-111.683848,44.689257],[-111.684085,44.688738],[-111.683879,44.687971],[-111.684283,44.686697],[-111.684718,44.686033],[-111.685664,44.685484],[-111.685962,44.684419],[-111.686274,44.684023],[-111.686671,44.683817],[-111.686854,44.683752],[-111.687678,44.683798],[-111.6888,44.683992],[-111.689654,44.684309],[-111.690509,44.684286],[-111.690608,44.684206],[-111.690608,44.683943],[-111.691005,44.683557],[-111.690944,44.683439],[-111.691134,44.683241],[-111.691112,44.682813],[-111.691249,44.682512],[-111.691585,44.682157],[-111.692035,44.681963],[-111.692813,44.681852],[-111.693118,44.681669],[-111.693385,44.681642],[-111.694339,44.681074],[-111.695079,44.680765],[-111.695872,44.680772],[-111.696498,44.680956],[-111.696948,44.680956],[-111.697375,44.68086],[-111.697925,44.68091],[-111.698558,44.680788],[-111.698955,44.680357]]}},{"type":"Feature","properties":{"id":"wat-b445","kind":"water","name":"Creek","acres":null,"editable":false,"source":"USGS 3DHP flowlines (Channel Line)"},"geometry":{"type":"LineString","coordinates":[[-111.970947,44.807875],[-111.97129,44.808249],[-111.971992,44.808565],[-111.972343,44.808989],[-111.972336,44.809279],[-111.972091,44.809584],[-111.972114,44.809824],[-111.972351,44.810167],[-111.972786,44.81053],[-111.972587,44.811079],[-111.972824,44.811407],[-111.972831,44.811556],[-111.97216,44.812933],[-111.97219,44.81312],[-111.972511,44.813521],[-111.972396,44.814135],[-111.972442,44.814463],[-111.972793,44.814688],[-111.973617,44.814985],[-111.975021,44.815668],[-111.975647,44.816054],[-111.976844,44.817034],[-111.977737,44.818171],[-111.977737,44.819723],[-111.978416,44.820013],[-111.980056,44.820326],[-111.981193,44.82083],[-111.981666,44.821245],[-111.982063,44.821749],[-111.983444,44.822352],[-111.983711,44.822588],[-111.98384,44.822912],[-111.98365,44.823301],[-111.983566,44.823847],[-111.983222,44.824263],[-111.982612,44.824602],[-111.981971,44.825274],[-111.98188,44.825514],[-111.982002,44.825888]]}},{"type":"Feature","properties":{"id":"wat-b446","kind":"water","name":"Creek","acres":null,"editable":false,"source":"USGS 3DHP flowlines (Channel Line)"},"geometry":{"type":"LineString","coordinates":[[-111.819796,44.758618],[-111.82207,44.7608],[-111.822222,44.761284]]}},{"type":"Feature","properties":{"id":"wat-b447","kind":"water","name":"West Fork Madison River","acres":null,"editable":false,"source":"USGS 3DHP flowlines (Channel Line)"},"geometry":{"type":"LineString","coordinates":[[-111.764709,44.744958],[-111.764709,44.744653],[-111.764312,44.744638],[-111.764503,44.74442],[-111.764472,44.744272],[-111.763709,44.743978],[-111.763305,44.744134],[-111.763053,44.743947],[-111.762687,44.743299],[-111.762267,44.743055],[-111.762229,44.74283],[-111.761886,44.742761],[-111.761817,44.74267],[-111.762084,44.742528],[-111.762145,44.74238],[-111.761626,44.74228],[-111.761558,44.741868],[-111.761108,44.741434],[-111.760558,44.74122],[-111.760062,44.741476],[-111.759963,44.741456],[-111.759803,44.741353],[-111.759757,44.741083]]}},{"type":"Feature","properties":{"id":"wat-b448","kind":"water","name":"Creek","acres":null,"editable":false,"source":"USGS 3DHP flowlines (Channel Line)"},"geometry":{"type":"LineString","coordinates":[[-111.770699,44.816287],[-111.77108,44.816653],[-111.771569,44.816894],[-111.771759,44.817115],[-111.771996,44.817714],[-111.77179,44.818042]]}},{"type":"Feature","properties":{"id":"wat-b449","kind":"water","name":"Creek","acres":null,"editable":false,"source":"USGS 3DHP flowlines (Channel Line)"},"geometry":{"type":"LineString","coordinates":[[-111.967874,44.764214],[-111.968286,44.764317],[-111.970156,44.764527],[-111.971544,44.764455],[-111.972124,44.764348],[-111.972956,44.763947],[-111.973513,44.763001],[-111.973887,44.762666],[-111.974253,44.762452],[-111.974665,44.76233],[-111.976023,44.762402],[-111.976755,44.762662],[-111.977076,44.762555],[-111.977999,44.762513],[-111.978854,44.763016],[-111.979159,44.763089]]}},{"type":"Feature","properties":{"id":"wat-b450","kind":"water","name":"Battle Creek","acres":null,"editable":false,"source":"USGS 3DHP flowlines (Channel Line)"},"geometry":{"type":"LineString","coordinates":[[-111.652016,44.605893],[-111.65226,44.606008],[-111.652847,44.606614],[-111.652992,44.606927],[-111.653221,44.607099],[-111.653549,44.607919],[-111.654335,44.608865],[-111.655602,44.609285],[-111.6568,44.609296],[-111.657097,44.609365],[-111.657097,44.609483],[-111.657341,44.609494],[-111.657326,44.609674],[-111.657608,44.609815],[-111.657723,44.609994],[-111.658417,44.609891],[-111.658768,44.610082],[-111.659096,44.610082],[-111.659836,44.610437],[-111.660736,44.610688],[-111.661103,44.610662],[-111.661286,44.60988],[-111.66153,44.609632],[-111.661942,44.609746],[-111.662232,44.610013],[-111.662438,44.60983],[-111.662842,44.609914],[-111.662972,44.609803],[-111.662873,44.609464],[-111.66317,44.609353],[-111.663163,44.609113],[-111.66333,44.608926],[-111.663269,44.608647],[-111.663552,44.608438],[-111.663536,44.608102],[-111.663719,44.607999],[-111.664002,44.60756]]}},{"type":"Feature","properties":{"id":"wat-b451","kind":"water","name":"West Fork Madison River","acres":null,"editable":false,"source":"USGS 3DHP flowlines (Channel Line)"},"geometry":{"type":"LineString","coordinates":[[-111.695821,44.756301],[-111.695775,44.756491],[-111.695401,44.75653],[-111.695134,44.756476],[-111.69489,44.756659],[-111.694333,44.756369],[-111.693967,44.756415],[-111.693951,44.756079],[-111.693524,44.756244],[-111.69344,44.756213],[-111.693494,44.755984],[-111.693227,44.75587],[-111.69344,44.755603],[-111.693303,44.755492],[-111.692464,44.755893],[-111.692036,44.756354],[-111.691884,44.756327],[-111.691716,44.75603],[-111.690854,44.756316],[-111.690572,44.756125],[-111.690427,44.75611],[-111.689923,44.756301],[-111.689717,44.756072],[-111.689366,44.756152],[-111.689343,44.756446],[-111.689244,44.756556],[-111.688931,44.756633],[-111.688832,44.756572],[-111.688756,44.756202],[-111.688191,44.756152],[-111.68797,44.756209],[-111.687901,44.756419],[-111.687604,44.756255],[-111.687375,44.756267],[-111.687466,44.756427],[-111.687787,44.756606],[-111.687627,44.756862],[-111.687314,44.756885],[-111.687146,44.756793],[-111.687001,44.756534],[-111.686856,44.756518],[-111.6862,44.756957],[-111.686001,44.756755],[-111.685734,44.75664],[-111.68562,44.756698],[-111.685765,44.757029],[-111.68565,44.757152],[-111.684933,44.757487],[-111.684865,44.757422],[-111.684933,44.757228],[-111.68462,44.757297],[-111.684491,44.75756],[-111.684216,44.757655],[-111.684086,44.757621],[-111.684163,44.75711],[-111.683964,44.756789],[-111.68388,44.756785],[-111.68327,44.757369],[-111.682972,44.757331],[-111.682652,44.757083],[-111.682484,44.757293],[-111.682133,44.757388]]}},{"type":"Feature","properties":{"id":"wat-b452","kind":"water","name":"West Fork Madison River","acres":null,"editable":false,"source":"USGS 3DHP flowlines (Channel Line)"},"geometry":{"type":"LineString","coordinates":[[-111.682133,44.757388],[-111.681775,44.757533],[-111.68108,44.757632]]}},{"type":"Feature","properties":{"id":"wat-b453","kind":"water","name":"Creek","acres":null,"editable":false,"source":"USGS 3DHP flowlines (Channel Line)"},"geometry":{"type":"LineString","coordinates":[[-111.670926,44.79105],[-111.67059,44.790241],[-111.670094,44.789783],[-111.670063,44.788883],[-111.669552,44.788319],[-111.66927,44.788219],[-111.669041,44.787891]]}},{"type":"Feature","properties":{"id":"wat-b454","kind":"water","name":"Creek","acres":null,"editable":false,"source":"USGS 3DHP flowlines (Channel Line)"},"geometry":{"type":"LineString","coordinates":[[-111.887577,44.625288],[-111.8876,44.626562],[-111.887638,44.626821],[-111.88789,44.627272],[-111.88789,44.627767],[-111.887799,44.628591],[-111.887493,44.629141],[-111.887501,44.629549],[-111.888272,44.630667],[-111.888371,44.631075],[-111.888218,44.632135],[-111.88847,44.632391],[-111.888508,44.632681],[-111.888852,44.632959],[-111.888432,44.633917],[-111.88834,44.634577],[-111.888493,44.634863],[-111.888531,44.635794],[-111.888119,44.636808],[-111.887852,44.636999],[-111.887707,44.637552],[-111.887898,44.638319],[-111.889012,44.639227],[-111.889332,44.639925],[-111.889241,44.64028],[-111.889431,44.640501],[-111.889744,44.640573],[-111.890034,44.640886],[-111.889958,44.641172],[-111.890263,44.641424],[-111.890309,44.641722],[-111.890507,44.641981],[-111.890309,44.642271],[-111.890309,44.642519],[-111.890622,44.642805],[-111.890813,44.643152],[-111.891293,44.643408],[-111.891377,44.643572],[-111.891499,44.643972],[-111.891308,44.644316],[-111.890797,44.644709],[-111.890774,44.644854],[-111.890927,44.645098],[-111.890927,44.645452],[-111.891225,44.645449],[-111.891331,44.645574]]}},{"type":"Feature","properties":{"id":"wat-b455","kind":"water","name":"Tepee Creek","acres":null,"editable":false,"source":"USGS 3DHP flowlines (Channel Line)"},"geometry":{"type":"LineString","coordinates":[[-111.69399,44.776973],[-111.693151,44.776943],[-111.692533,44.776767],[-111.692044,44.776542],[-111.690213,44.775386],[-111.688733,44.774917],[-111.687825,44.774734],[-111.686734,44.774825],[-111.686482,44.774707],[-111.685841,44.774665],[-111.685277,44.775039]]}},{"type":"Feature","properties":{"id":"wat-b456","kind":"water","name":"Creek","acres":null,"editable":false,"source":"USGS 3DHP flowlines (Channel Line)"},"geometry":{"type":"LineString","coordinates":[[-111.689473,44.78487],[-111.689527,44.784641],[-111.689893,44.784195],[-111.690244,44.783302],[-111.690076,44.7826],[-111.690137,44.782245],[-111.690282,44.782093],[-111.690175,44.781089],[-111.69122,44.780826],[-111.691381,44.780727],[-111.691381,44.78054],[-111.690396,44.779289],[-111.690053,44.779026],[-111.689931,44.778614],[-111.68942,44.777904],[-111.688725,44.777206],[-111.687711,44.776466],[-111.687466,44.776019],[-111.686772,44.775295],[-111.68636,44.775115],[-111.685864,44.775028],[-111.685277,44.775039]]}},{"type":"Feature","properties":{"id":"wat-b457","kind":"water","name":"Creek","acres":null,"editable":false,"source":"USGS 3DHP flowlines (Channel Line)"},"geometry":{"type":"LineString","coordinates":[[-111.903319,44.720156],[-111.903853,44.719912],[-111.905181,44.719553],[-111.906386,44.718553],[-111.907439,44.717878],[-111.909362,44.718054],[-111.910254,44.7176],[-111.910781,44.717211],[-111.911277,44.716593],[-111.911475,44.716135],[-111.911567,44.716085],[-111.912192,44.716104],[-111.912696,44.715933],[-111.912955,44.715734]]}},{"type":"Feature","properties":{"id":"wat-b458","kind":"water","name":"Creek","acres":null,"editable":false,"source":"USGS 3DHP flowlines (Channel Line)"},"geometry":{"type":"LineString","coordinates":[[-111.93724,44.794814],[-111.937331,44.794135],[-111.937926,44.793711],[-111.937965,44.793589]]}},{"type":"Feature","properties":{"id":"wat-b459","kind":"water","name":"Creek","acres":null,"editable":false,"source":"USGS 3DHP flowlines (Channel Line)"},"geometry":{"type":"LineString","coordinates":[[-111.768837,44.798663],[-111.768387,44.797759],[-111.768265,44.797038],[-111.76796,44.796626],[-111.767647,44.795039]]}},{"type":"Feature","properties":{"id":"wat-b460","kind":"water","name":"Creek","acres":null,"editable":false,"source":"USGS 3DHP flowlines (Channel Line)"},"geometry":{"type":"LineString","coordinates":[[-111.675189,44.710497],[-111.675128,44.71002],[-111.674922,44.709669],[-111.674663,44.708815],[-111.674258,44.708105],[-111.673839,44.706755],[-111.673839,44.706377],[-111.674174,44.705794],[-111.675174,44.705019],[-111.675639,44.704798],[-111.676669,44.704523],[-111.67702,44.704222],[-111.677775,44.703238],[-111.677959,44.702296],[-111.67792,44.702063],[-111.677653,44.701822],[-111.676265,44.701399],[-111.675479,44.700873],[-111.674281,44.700449],[-111.674029,44.700243],[-111.673915,44.699988],[-111.673144,44.699103],[-111.672679,44.698046],[-111.672808,44.697726],[-111.673144,44.697386],[-111.673205,44.697195],[-111.673411,44.697069],[-111.673579,44.696768],[-111.673625,44.696394],[-111.673404,44.695704],[-111.672969,44.695032],[-111.672373,44.694506],[-111.671137,44.69396],[-111.670878,44.693712],[-111.670825,44.69348],[-111.670642,44.693327],[-111.670535,44.692713],[-111.670313,44.692396],[-111.669367,44.691466],[-111.668711,44.691023],[-111.668383,44.690146],[-111.667872,44.689585],[-111.667368,44.689326],[-111.66659,44.68846],[-111.664858,44.686938],[-111.664667,44.686476],[-111.664232,44.686041],[-111.663851,44.685023],[-111.663668,44.68342],[-111.664194,44.682394]]}},{"type":"Feature","properties":{"id":"wat-b461","kind":"water","name":"Shambow Creek","acres":null,"editable":false,"source":"USGS 3DHP flowlines (Channel Line)"},"geometry":{"type":"LineString","coordinates":[[-111.806471,44.607322],[-111.805678,44.608367],[-111.804945,44.608604],[-111.804266,44.608672]]}},{"type":"Feature","properties":{"id":"wat-b462","kind":"water","name":"Creek","acres":null,"editable":false,"source":"USGS 3DHP flowlines (Channel Line)"},"geometry":{"type":"LineString","coordinates":[[-111.750674,44.6185],[-111.749342,44.618623]]}},{"type":"Feature","properties":{"id":"wat-b463","kind":"water","name":"West Fork Madison River","acres":null,"editable":false,"source":"USGS 3DHP flowlines (Channel Line)"},"geometry":{"type":"LineString","coordinates":[[-111.813921,44.764409],[-111.813395,44.764435],[-111.812601,44.763951],[-111.812212,44.763905],[-111.811426,44.76389],[-111.810091,44.76402],[-111.807451,44.76402],[-111.804407,44.763745],[-111.802911,44.763066],[-111.80224,44.76228],[-111.801431,44.761788],[-111.801111,44.761479],[-111.800951,44.761109],[-111.800485,44.760842],[-111.800294,44.760777],[-111.79947,44.761022]]}},{"type":"Feature","properties":{"id":"wat-b464","kind":"water","name":"Creek","acres":null,"editable":false,"source":"USGS 3DHP flowlines (Channel Line)"},"geometry":{"type":"LineString","coordinates":[[-111.945457,44.782427],[-111.944252,44.782637],[-111.943107,44.783304],[-111.942383,44.783354],[-111.942077,44.78348],[-111.941543,44.784418],[-111.941391,44.785113],[-111.940856,44.785906]]}},{"type":"Feature","properties":{"id":"wat-b465","kind":"water","name":"Curry Creek","acres":null,"editable":false,"source":"USGS 3DHP flowlines (Channel Line)"},"geometry":{"type":"LineString","coordinates":[[-111.900273,44.598524],[-111.901463,44.600183],[-111.901608,44.600847],[-111.902142,44.602087],[-111.902119,44.60246],[-111.901814,44.603075],[-111.900738,44.604192],[-111.899434,44.605272],[-111.898274,44.606649],[-111.898297,44.606809],[-111.898617,44.607191],[-111.898595,44.607576],[-111.898938,44.608328],[-111.899968,44.609415],[-111.900311,44.610395],[-111.900838,44.613153],[-111.901181,44.614008],[-111.901074,44.614431],[-111.900807,44.614626],[-111.900784,44.615064],[-111.900494,44.615495],[-111.900342,44.617056],[-111.900128,44.617738],[-111.900151,44.618299],[-111.900334,44.618967],[-111.899968,44.619302],[-111.899899,44.619493],[-111.900952,44.620691],[-111.901151,44.621515],[-111.90154,44.621763],[-111.902684,44.622064],[-111.902928,44.622278],[-111.903478,44.622533],[-111.904165,44.62322],[-111.904248,44.623491],[-111.90466,44.623827],[-111.904775,44.624021],[-111.90537,44.624376],[-111.905492,44.624548],[-111.906728,44.625433],[-111.907148,44.625944],[-111.907575,44.626173],[-111.908033,44.626749],[-111.908163,44.626821],[-111.908544,44.626764],[-111.909643,44.626997],[-111.910185,44.626913],[-111.910688,44.626997]]}},{"type":"Feature","properties":{"id":"wat-b466","kind":"water","name":"Murphy Creek","acres":null,"editable":false,"source":"USGS 3DHP flowlines (Channel Line)"},"geometry":{"type":"LineString","coordinates":[[-111.881943,44.690984],[-111.882481,44.689844],[-111.88313,44.688956],[-111.883649,44.687685],[-111.884168,44.68696],[-111.884358,44.686449],[-111.884419,44.686037],[-111.883809,44.685354],[-111.883664,44.684519]]}},{"type":"Feature","properties":{"id":"wat-b467","kind":"water","name":"Creek","acres":null,"editable":false,"source":"USGS 3DHP flowlines (Channel Line)"},"geometry":{"type":"LineString","coordinates":[[-111.922416,44.713403],[-111.921997,44.712995],[-111.922027,44.712877],[-111.922386,44.712675]]}},{"type":"Feature","properties":{"id":"wat-b468","kind":"water","name":"Creek","acres":null,"editable":false,"source":"USGS 3DHP flowlines (Channel Line)"},"geometry":{"type":"LineString","coordinates":[[-111.892461,44.641432],[-111.89243,44.641653],[-111.892911,44.641821],[-111.893018,44.642076]]}},{"type":"Feature","properties":{"id":"wat-b469","kind":"water","name":"Creek","acres":null,"editable":false,"source":"USGS 3DHP flowlines (Channel Line)"},"geometry":{"type":"LineString","coordinates":[[-111.920095,44.813899],[-111.920858,44.814693],[-111.922659,44.814964],[-111.92365,44.816047],[-111.925245,44.816272],[-111.925779,44.816581],[-111.926061,44.816631]]}},{"type":"Feature","properties":{"id":"wat-b470","kind":"water","name":"Creek","acres":null,"editable":false,"source":"USGS 3DHP flowlines (Channel Line)"},"geometry":{"type":"LineString","coordinates":[[-111.660389,44.81376],[-111.65926,44.813927],[-111.658756,44.813901],[-111.658276,44.81376],[-111.65704,44.813794],[-111.656323,44.813718],[-111.656033,44.813542],[-111.655399,44.812772],[-111.652973,44.811784],[-111.652546,44.811177],[-111.651874,44.810876],[-111.65105,44.810849],[-111.650165,44.810498],[-111.649769,44.810441],[-111.649189,44.810117]]}},{"type":"Feature","properties":{"id":"wat-b471","kind":"water","name":"Creek","acres":null,"editable":false,"source":"USGS 3DHP flowlines (Channel Line)"},"geometry":{"type":"LineString","coordinates":[[-111.862079,44.803406],[-111.861988,44.801999],[-111.861729,44.800499],[-111.861469,44.800061],[-111.861347,44.799611],[-111.861507,44.799145],[-111.861828,44.798886],[-111.862247,44.798718],[-111.863232,44.797818],[-111.863422,44.797516],[-111.86507,44.796768],[-111.866016,44.795834],[-111.866711,44.795334],[-111.867047,44.79472],[-111.868267,44.794018],[-111.868511,44.793755]]}},{"type":"Feature","properties":{"id":"wat-b472","kind":"water","name":"Metzel Creek","acres":null,"editable":false,"source":"USGS 3DHP flowlines (Channel Line)"},"geometry":{"type":"LineString","coordinates":[[-111.901182,44.697493],[-111.900129,44.696535],[-111.899504,44.696589],[-111.899321,44.696508],[-111.898931,44.696516],[-111.898725,44.696352],[-111.898489,44.696329],[-111.898275,44.696165],[-111.898199,44.695799],[-111.897955,44.695692],[-111.897505,44.695665],[-111.896398,44.695028],[-111.896108,44.695002],[-111.895941,44.694662],[-111.895254,44.694502],[-111.894949,44.694155],[-111.894415,44.693991],[-111.893545,44.693468],[-111.89327,44.693441],[-111.89314,44.693266],[-111.892812,44.693071],[-111.892148,44.692865],[-111.892034,44.692663],[-111.891614,44.692415],[-111.89092,44.692221],[-111.890851,44.692137],[-111.890912,44.691946],[-111.890722,44.691511],[-111.89076,44.691412],[-111.890928,44.691359],[-111.890844,44.69116],[-111.890958,44.690989],[-111.890813,44.690836],[-111.890874,44.690714],[-111.890622,44.690657]]}},{"type":"Feature","properties":{"id":"wat-b473","kind":"water","name":"Odell Creek","acres":null,"editable":false,"source":"USGS 3DHP flowlines (Channel Line)"},"geometry":{"type":"LineString","coordinates":[[-111.807997,44.621173],[-111.808036,44.621432],[-111.807372,44.621589]]}},{"type":"Feature","properties":{"id":"wat-b474","kind":"water","name":"Metzel Creek","acres":null,"editable":false,"source":"USGS 3DHP flowlines (Channel Line)"},"geometry":{"type":"LineString","coordinates":[[-111.917625,44.707956],[-111.917716,44.70775],[-111.917655,44.707258],[-111.917793,44.707132],[-111.917793,44.706575],[-111.917945,44.706297],[-111.917945,44.705976],[-111.917815,44.705839],[-111.917892,44.705637],[-111.917762,44.705419],[-111.917609,44.70537],[-111.917663,44.705198],[-111.917434,44.705061],[-111.917495,44.704816],[-111.917297,44.70461],[-111.916793,44.704363],[-111.916816,44.703924],[-111.916595,44.703745],[-111.915984,44.703634],[-111.915847,44.703481],[-111.915526,44.703344],[-111.91487,44.703371],[-111.914336,44.703123],[-111.913917,44.703203],[-111.912993,44.702795],[-111.912413,44.702684],[-111.911673,44.702219],[-111.911246,44.702078],[-111.910773,44.701685],[-111.910346,44.701551],[-111.909995,44.701078],[-111.909941,44.700731],[-111.90956,44.700487],[-111.909445,44.7003]]}},{"type":"Feature","properties":{"id":"wat-b475","kind":"water","name":"Duff Creek","acres":null,"editable":false,"source":"USGS 3DHP flowlines (Channel Line)"},"geometry":{"type":"LineString","coordinates":[[-111.855844,44.600935],[-111.856325,44.602534],[-111.856691,44.60306],[-111.85705,44.604685],[-111.857759,44.605551],[-111.857881,44.606215],[-111.858209,44.606516],[-111.85837,44.607188],[-111.858431,44.609293],[-111.85792,44.610346],[-111.858042,44.611101]]}},{"type":"Feature","properties":{"id":"wat-b476","kind":"water","name":"Creek","acres":null,"editable":false,"source":"USGS 3DHP flowlines (Channel Line)"},"geometry":{"type":"LineString","coordinates":[[-111.882504,44.668001],[-111.88168,44.667639],[-111.881894,44.667441],[-111.881848,44.667349],[-111.88168,44.667238],[-111.881367,44.667219],[-111.881283,44.667116],[-111.881054,44.666426],[-111.881169,44.666159],[-111.881359,44.666018],[-111.881222,44.665861],[-111.881222,44.665602],[-111.880902,44.665522],[-111.880993,44.665201]]}},{"type":"Feature","properties":{"id":"wat-b477","kind":"water","name":"Creek","acres":null,"editable":false,"source":"USGS 3DHP flowlines (Channel Line)"},"geometry":{"type":"LineString","coordinates":[[-111.854419,44.712024],[-111.852733,44.711944],[-111.851917,44.711783],[-111.851238,44.71149],[-111.850681,44.710982],[-111.850192,44.710288],[-111.849002,44.709254],[-111.847926,44.708491],[-111.846652,44.70787],[-111.845187,44.707469],[-111.8446,44.707103],[-111.843921,44.706954],[-111.843058,44.706397],[-111.842563,44.705901],[-111.842433,44.705177],[-111.842158,44.704837],[-111.840579,44.703708]]}},{"type":"Feature","properties":{"id":"wat-b478","kind":"water","name":"Tepee Creek","acres":null,"editable":false,"source":"USGS 3DHP flowlines (Channel Line)"},"geometry":{"type":"LineString","coordinates":[[-111.71687,44.717203],[-111.717572,44.716577],[-111.718335,44.716165],[-111.719266,44.715425],[-111.719662,44.714597],[-111.719861,44.713182],[-111.720044,44.712492],[-111.720212,44.712293],[-111.721036,44.711942],[-111.721936,44.711809],[-111.722287,44.711649],[-111.722752,44.711111],[-111.723271,44.710771],[-111.723469,44.710478],[-111.723866,44.710272],[-111.724766,44.70957],[-111.725957,44.708398],[-111.72601,44.708082],[-111.726231,44.707815],[-111.726262,44.70733],[-111.726506,44.707029],[-111.726582,44.70648],[-111.727101,44.706239],[-111.727856,44.70564],[-111.728566,44.705438],[-111.728841,44.705286],[-111.729207,44.70524],[-111.730023,44.704973],[-111.730222,44.704824],[-111.730641,44.704893],[-111.730931,44.704778],[-111.731175,44.704893],[-111.731496,44.704633],[-111.732251,44.70458]]}},{"type":"Feature","properties":{"id":"wat-b479","kind":"water","name":"Red Rock Creek","acres":null,"editable":false,"source":"USGS 3DHP flowlines (Channel Line)"},"geometry":{"type":"LineString","coordinates":[[-111.666566,44.618623],[-111.666726,44.618722],[-111.667443,44.618844],[-111.667626,44.619172],[-111.668099,44.619161],[-111.668389,44.619298],[-111.668542,44.619203],[-111.668893,44.619233],[-111.668938,44.619149],[-111.668816,44.618932],[-111.669221,44.618806],[-111.669862,44.618425],[-111.669869,44.618028],[-111.670151,44.618062],[-111.670373,44.618447],[-111.670502,44.618314],[-111.670418,44.618035],[-111.670693,44.61789],[-111.670869,44.618108],[-111.670738,44.618527],[-111.670769,44.618798],[-111.671021,44.618753],[-111.671036,44.618528],[-111.671136,44.618489],[-111.671403,44.618547],[-111.671326,44.618924],[-111.671418,44.618962],[-111.671616,44.618863],[-111.671677,44.618524],[-111.672051,44.618554],[-111.672303,44.618489],[-111.672311,44.618726],[-111.672761,44.618547],[-111.672791,44.618608],[-111.672517,44.618886],[-111.672501,44.619214],[-111.673013,44.619157],[-111.672929,44.619405],[-111.673501,44.619378],[-111.6736,44.61958],[-111.673882,44.619706],[-111.674142,44.620111],[-111.674302,44.62008],[-111.674386,44.619966],[-111.674241,44.619729],[-111.674256,44.619508],[-111.6745,44.619439],[-111.674622,44.61958],[-111.674622,44.619981],[-111.675073,44.620141],[-111.675317,44.620477],[-111.675446,44.620504],[-111.676133,44.620347],[-111.676171,44.620004],[-111.676301,44.619863],[-111.676766,44.619893],[-111.676972,44.619763],[-111.677293,44.619882],[-111.677476,44.619351],[-111.677773,44.619081],[-111.67804,44.619016],[-111.678552,44.619039]]}},{"type":"Feature","properties":{"id":"wat-b480","kind":"water","name":"Snowshoe Creek","acres":null,"editable":false,"source":"USGS 3DHP flowlines (Channel Line)"},"geometry":{"type":"LineString","coordinates":[[-111.789924,44.708599],[-111.789627,44.708355],[-111.789413,44.708012],[-111.789116,44.707871],[-111.788833,44.707505],[-111.788299,44.707291],[-111.788299,44.706707],[-111.788124,44.706467],[-111.788078,44.706181],[-111.787689,44.705899],[-111.787834,44.70549],[-111.78759,44.705326],[-111.787544,44.70514],[-111.787345,44.705048],[-111.786964,44.705159],[-111.787109,44.704895],[-111.786995,44.704762],[-111.786796,44.703846],[-111.786979,44.703652],[-111.786819,44.70348],[-111.786529,44.703511],[-111.786445,44.703427],[-111.786628,44.703297],[-111.786689,44.703106],[-111.786499,44.703003],[-111.786079,44.702439],[-111.785369,44.702061],[-111.78553,44.701863],[-111.785484,44.701786],[-111.785117,44.70171],[-111.784942,44.701432],[-111.784133,44.701519],[-111.783942,44.701329],[-111.784049,44.70113],[-111.783622,44.701008],[-111.783523,44.700852],[-111.783172,44.70084],[-111.783035,44.70047],[-111.782539,44.700348],[-111.782165,44.700669],[-111.781753,44.700612],[-111.781188,44.70065],[-111.781303,44.700318],[-111.780273,44.699963],[-111.780074,44.700066],[-111.779914,44.699742],[-111.779532,44.699807],[-111.779334,44.699662],[-111.778968,44.699643],[-111.779029,44.699799],[-111.778907,44.699845],[-111.778472,44.699723],[-111.778289,44.69991],[-111.777587,44.700108],[-111.777327,44.700059],[-111.776831,44.699772],[-111.775801,44.699933],[-111.774863,44.699818],[-111.774504,44.699677],[-111.773627,44.699086],[-111.772864,44.698762],[-111.772383,44.698662],[-111.771391,44.69875],[-111.771147,44.699074],[-111.770018,44.69954],[-111.769843,44.699879],[-111.769652,44.69994],[-111.769095,44.699883],[-111.769072,44.700131],[-111.768957,44.700204]]}},{"type":"Feature","properties":{"id":"wat-b481","kind":"water","name":"Long Creek","acres":null,"editable":false,"source":"USGS 3DHP flowlines (Channel Line)"},"geometry":{"type":"LineString","coordinates":[[-111.977021,44.791494],[-111.978593,44.790807],[-111.979058,44.790368],[-111.979257,44.789995],[-111.979173,44.788778],[-111.979295,44.788453],[-111.979882,44.787774],[-111.980142,44.787244],[-111.980699,44.786477],[-111.981302,44.78592],[-111.981645,44.785402],[-111.981729,44.784734],[-111.981637,44.783853],[-111.981477,44.783437],[-111.981477,44.782983],[-111.981592,44.782453],[-111.982149,44.782079],[-111.982255,44.781915],[-111.982019,44.780591]]}},{"type":"Feature","properties":{"id":"wat-b482","kind":"water","name":"Creek","acres":null,"editable":false,"source":"USGS 3DHP flowlines (Channel Line)"},"geometry":{"type":"LineString","coordinates":[[-111.689901,44.810467],[-111.689847,44.810295],[-111.689512,44.810009],[-111.687795,44.808876],[-111.687001,44.808171],[-111.686834,44.807553],[-111.686826,44.807125],[-111.68707,44.806816],[-111.687452,44.806664]]}},{"type":"Feature","properties":{"id":"wat-b483","kind":"water","name":"Cascade Creek","acres":null,"editable":false,"source":"USGS 3DHP flowlines (Channel Line)"},"geometry":{"type":"LineString","coordinates":[[-111.807756,44.794271],[-111.806871,44.792898],[-111.806749,44.792387],[-111.806329,44.791723],[-111.806261,44.791334]]}},{"type":"Feature","properties":{"id":"wat-b484","kind":"water","name":"West Fork Madison River","acres":null,"editable":false,"source":"USGS 3DHP flowlines (Channel Line)"},"geometry":{"type":"LineString","coordinates":[[-111.92092,44.779891],[-111.920386,44.7797],[-111.920112,44.779456],[-111.919967,44.778769],[-111.919494,44.777762]]}},{"type":"Feature","properties":{"id":"wat-b485","kind":"water","name":"Murphy Creek","acres":null,"editable":false,"source":"USGS 3DHP flowlines (Channel Line)"},"geometry":{"type":"LineString","coordinates":[[-111.875154,44.708969],[-111.875264,44.708647],[-111.874791,44.707808],[-111.874791,44.707507],[-111.875027,44.706725],[-111.875348,44.706221],[-111.876279,44.705721],[-111.877568,44.704508],[-111.877599,44.70397],[-111.877827,44.703562],[-111.878102,44.70246],[-111.878064,44.702059],[-111.878171,44.701601],[-111.878102,44.701136],[-111.878262,44.699717],[-111.879178,44.699469],[-111.879834,44.698798],[-111.88062,44.698306],[-111.880849,44.698065],[-111.881444,44.69776],[-111.881635,44.696722],[-111.882054,44.696429],[-111.882039,44.695971],[-111.882169,44.695517],[-111.882131,44.694887],[-111.882489,44.69435],[-111.88252,44.693899]]}},{"type":"Feature","properties":{"id":"wat-b486","kind":"water","name":"Creek","acres":null,"editable":false,"source":"USGS 3DHP flowlines (Channel Line)"},"geometry":{"type":"LineString","coordinates":[[-111.876163,44.652708],[-111.876293,44.652506],[-111.876758,44.652315],[-111.876797,44.651903],[-111.877033,44.651716],[-111.877064,44.651564]]}},{"type":"Feature","properties":{"id":"wat-b487","kind":"water","name":"Creek","acres":null,"editable":false,"source":"USGS 3DHP flowlines (Channel Line)"},"geometry":{"type":"LineString","coordinates":[[-111.82119,44.628753],[-111.821274,44.628615],[-111.821144,44.628428],[-111.821289,44.628333]]}},{"type":"Feature","properties":{"id":"wat-b488","kind":"water","name":"Creek","acres":null,"editable":false,"source":"USGS 3DHP flowlines (Channel Line)"},"geometry":{"type":"LineString","coordinates":[[-111.70193,44.674245],[-111.701999,44.674127]]}},{"type":"Feature","properties":{"id":"wat-b489","kind":"water","name":"Metzel Creek","acres":null,"editable":false,"source":"USGS 3DHP flowlines (Channel Line)"},"geometry":{"type":"LineString","coordinates":[[-111.904982,44.698988],[-111.903975,44.698439],[-111.90338,44.698221],[-111.902716,44.698114],[-111.901983,44.697702],[-111.901182,44.697493]]}},{"type":"Feature","properties":{"id":"wat-b490","kind":"water","name":"Duff Creek","acres":null,"editable":false,"source":"USGS 3DHP flowlines (Channel Line)"},"geometry":{"type":"LineString","coordinates":[[-111.857035,44.621592],[-111.856546,44.622156]]}},{"type":"Feature","properties":{"id":"wat-b491","kind":"water","name":"West Fork Madison River","acres":null,"editable":false,"source":"USGS 3DHP flowlines (Channel Line)"},"geometry":{"type":"LineString","coordinates":[[-111.925544,44.784693],[-111.925567,44.784319],[-111.925406,44.78419],[-111.924834,44.784178],[-111.924689,44.784106],[-111.924376,44.783801],[-111.924331,44.783396],[-111.924109,44.783118],[-111.923186,44.78303],[-111.922973,44.78295],[-111.922896,44.78274],[-111.923003,44.78205],[-111.922919,44.781592],[-111.922324,44.781325],[-111.921714,44.78089],[-111.92118,44.780028],[-111.92092,44.779891]]}},{"type":"Feature","properties":{"id":"wat-b492","kind":"water","name":"Creek","acres":null,"editable":false,"source":"USGS 3DHP flowlines (Channel Line)"},"geometry":{"type":"LineString","coordinates":[[-112.006207,44.681488],[-112.003216,44.680695],[-112.001789,44.680553],[-111.997638,44.679611],[-111.995945,44.679173],[-111.993824,44.678478],[-111.993335,44.678257],[-111.99274,44.677773],[-111.992137,44.677025],[-111.991275,44.676285],[-111.99055,44.675926],[-111.98978,44.67569],[-111.989459,44.675324],[-111.98862,44.674969],[-111.987804,44.674816],[-111.987079,44.674885],[-111.98627,44.674778],[-111.984683,44.674256],[-111.981524,44.673889],[-111.980029,44.673855],[-111.978678,44.673718],[-111.978168,44.673543],[-111.976847,44.673329],[-111.971964,44.671853]]}},{"type":"Feature","properties":{"id":"wat-b493","kind":"water","name":"Creek","acres":null,"editable":false,"source":"USGS 3DHP flowlines (Channel Line)"},"geometry":{"type":"LineString","coordinates":[[-111.923034,44.727621],[-111.92279,44.727377],[-111.921661,44.727049],[-111.919807,44.726873],[-111.918701,44.726614],[-111.917961,44.72632],[-111.917732,44.726083],[-111.91719,44.72579],[-111.916053,44.724897],[-111.915183,44.724321],[-111.914756,44.72413],[-111.914314,44.723539],[-111.914153,44.722963],[-111.914153,44.722532],[-111.914367,44.722235]]}},{"type":"Feature","properties":{"id":"wat-b494","kind":"water","name":"Creek","acres":null,"editable":false,"source":"USGS 3DHP flowlines (Channel Line)"},"geometry":{"type":"LineString","coordinates":[[-111.852128,44.599844],[-111.852571,44.600455]]}},{"type":"Feature","properties":{"id":"wat-b495","kind":"water","name":"Creek","acres":null,"editable":false,"source":"USGS 3DHP flowlines (Channel Line)"},"geometry":{"type":"LineString","coordinates":[[-111.7401,44.636322],[-111.740474,44.636242]]}},{"type":"Feature","properties":{"id":"wat-b496","kind":"water","name":"Sparrow Slough","acres":null,"editable":false,"source":"USGS 3DHP flowlines (Channel Line)"},"geometry":{"type":"LineString","coordinates":[[-111.778287,44.637394],[-111.778096,44.637348],[-111.77786,44.637398]]}},{"type":"Feature","properties":{"id":"wat-b497","kind":"water","name":"Creek","acres":null,"editable":false,"source":"USGS 3DHP flowlines (Channel Line)"},"geometry":{"type":"LineString","coordinates":[[-111.767375,44.606647],[-111.766956,44.607528],[-111.766513,44.608055],[-111.765918,44.608432],[-111.76546,44.608848],[-111.765109,44.609714],[-111.764705,44.610206],[-111.764163,44.610664],[-111.764102,44.610931],[-111.7644,44.611572],[-111.763912,44.611812],[-111.763515,44.612346],[-111.763118,44.612526],[-111.762966,44.612835],[-111.762981,44.613178],[-111.762569,44.613498],[-111.762431,44.613739],[-111.76189,44.614097],[-111.761852,44.614548],[-111.761585,44.614673],[-111.761249,44.615101],[-111.760638,44.615307],[-111.760532,44.615566],[-111.759715,44.615551],[-111.759349,44.615848]]}},{"type":"Feature","properties":{"id":"wat-b498","kind":"water","name":"Creek","acres":null,"editable":false,"source":"USGS 3DHP flowlines (Channel Line)"},"geometry":{"type":"LineString","coordinates":[[-111.711552,44.695074],[-111.712719,44.693441],[-111.713032,44.693189],[-111.713451,44.693006],[-111.714085,44.692804],[-111.71468,44.692503],[-111.71545,44.692407],[-111.716076,44.692155],[-111.716656,44.692049],[-111.719296,44.691049],[-111.720074,44.690965],[-111.720501,44.69079],[-111.721356,44.690603],[-111.722256,44.69053],[-111.723499,44.690568],[-111.72424,44.690721],[-111.725445,44.691419],[-111.72707,44.691999],[-111.728466,44.693227],[-111.729321,44.693715],[-111.732632,44.694585],[-111.732861,44.694757],[-111.733204,44.695306],[-111.733403,44.695421],[-111.735486,44.695333],[-111.737317,44.695054],[-111.738484,44.695138],[-111.739186,44.695115],[-111.741574,44.694596],[-111.742802,44.694032],[-111.744222,44.69378]]}},{"type":"Feature","properties":{"id":"wat-b499","kind":"water","name":"Creek","acres":null,"editable":false,"source":"USGS 3DHP flowlines (Channel Line)"},"geometry":{"type":"LineString","coordinates":[[-111.979159,44.763089],[-111.980006,44.763135],[-111.980647,44.763272],[-111.982394,44.763249],[-111.9826,44.763318],[-111.983744,44.763119]]}},{"type":"Feature","properties":{"id":"wat-b500","kind":"water","name":"Creek","acres":null,"editable":false,"source":"USGS 3DHP flowlines (Channel Line)"},"geometry":{"type":"LineString","coordinates":[[-111.729342,44.644101],[-111.729213,44.643998],[-111.729274,44.643727],[-111.729068,44.643338]]}},{"type":"Feature","properties":{"id":"wat-b501","kind":"water","name":"Winslow Creek","acres":null,"editable":false,"source":"USGS 3DHP flowlines (Channel Line)"},"geometry":{"type":"LineString","coordinates":[[-111.978281,44.616009],[-111.978296,44.616234],[-111.97864,44.61694],[-111.979136,44.616902],[-111.979563,44.617234],[-111.979838,44.617298],[-111.979899,44.61752],[-111.980013,44.617546],[-111.980166,44.617825],[-111.980112,44.618077],[-111.980425,44.618218],[-111.980799,44.618561],[-111.980929,44.618904]]}},{"type":"Feature","properties":{"id":"wat-b502","kind":"water","name":"Moss Creek","acres":null,"editable":false,"source":"USGS 3DHP flowlines (Channel Line)"},"geometry":{"type":"LineString","coordinates":[[-111.700521,44.794201],[-111.699537,44.794288],[-111.698835,44.794544],[-111.69769,44.794792],[-111.696683,44.795128],[-111.696371,44.795143],[-111.695501,44.79496],[-111.693937,44.79404],[-111.693647,44.793968],[-111.692434,44.793888],[-111.691167,44.794109],[-111.688977,44.795555],[-111.687123,44.796352],[-111.685956,44.79657],[-111.685491,44.796734],[-111.684224,44.797886],[-111.683812,44.798088],[-111.682927,44.798401],[-111.682424,44.798447],[-111.6815,44.798336],[-111.680837,44.798164],[-111.680341,44.79821],[-111.679295,44.798683],[-111.678487,44.798763],[-111.677693,44.799358],[-111.677167,44.799561],[-111.676671,44.799889],[-111.676381,44.799976],[-111.675755,44.799923],[-111.675366,44.800087],[-111.674794,44.800068],[-111.674084,44.800175],[-111.673337,44.800694],[-111.673123,44.800957]]}},{"type":"Feature","properties":{"id":"wat-b503","kind":"water","name":"Creek","acres":null,"editable":false,"source":"USGS 3DHP flowlines (Channel Line)"},"geometry":{"type":"LineString","coordinates":[[-111.767647,44.795039],[-111.767616,44.794638],[-111.767845,44.793982],[-111.76767,44.79304],[-111.767273,44.792319],[-111.766907,44.790896],[-111.767304,44.790297],[-111.768005,44.789637],[-111.768173,44.789191],[-111.768349,44.787928]]}},{"type":"Feature","properties":{"id":"wat-b504","kind":"water","name":"West Fork Madison River","acres":null,"editable":false,"source":"USGS 3DHP flowlines (Channel Line)"},"geometry":{"type":"LineString","coordinates":[[-111.880788,44.758689],[-111.880369,44.758475],[-111.880231,44.758098],[-111.879819,44.757708],[-111.879179,44.757747],[-111.878599,44.757541],[-111.877813,44.757663],[-111.877454,44.757483],[-111.876714,44.757277]]}},{"type":"Feature","properties":{"id":"wat-b505","kind":"water","name":"Creek","acres":null,"editable":false,"source":"USGS 3DHP flowlines (Channel Line)"},"geometry":{"type":"LineString","coordinates":[[-111.892354,44.62937],[-111.892483,44.629717]]}},{"type":"Feature","properties":{"id":"wat-b506","kind":"water","name":"Creek","acres":null,"editable":false,"source":"USGS 3DHP flowlines (Channel Line)"},"geometry":{"type":"LineString","coordinates":[[-111.952096,44.758138],[-111.953767,44.757482],[-111.955072,44.757421],[-111.955675,44.757093],[-111.956636,44.756219],[-111.957666,44.756032],[-111.959039,44.755387],[-111.960542,44.755013],[-111.961389,44.754395],[-111.962854,44.754479],[-111.963304,44.75443]]}},{"type":"Feature","properties":{"id":"wat-b507","kind":"water","name":"Lobo Creek","acres":null,"editable":false,"source":"USGS 3DHP flowlines (Channel Line)"},"geometry":{"type":"LineString","coordinates":[[-111.781518,44.797465],[-111.780648,44.79677],[-111.779549,44.796385],[-111.778817,44.795866],[-111.777184,44.79505],[-111.776444,44.794432],[-111.775338,44.794104],[-111.774788,44.793887],[-111.774331,44.793604],[-111.774086,44.793391],[-111.773407,44.792334],[-111.77311,44.790995],[-111.772629,44.790213]]}},{"type":"Feature","properties":{"id":"wat-b508","kind":"water","name":"Creek","acres":null,"editable":false,"source":"USGS 3DHP flowlines (Channel Line)"},"geometry":{"type":"LineString","coordinates":[[-111.78333,44.638427],[-111.783681,44.638767],[-111.783865,44.63874],[-111.784086,44.638553],[-111.784566,44.638668],[-111.78465,44.638477],[-111.784811,44.638443]]}},{"type":"Feature","properties":{"id":"wat-b509","kind":"water","name":"Odell Creek","acres":null,"editable":false,"source":"USGS 3DHP flowlines (Channel Line)"},"geometry":{"type":"LineString","coordinates":[[-111.801176,44.602679],[-111.801031,44.602729],[-111.800985,44.603023],[-111.800634,44.603107],[-111.800176,44.603343],[-111.800016,44.603332],[-111.799993,44.603137],[-111.799856,44.603084],[-111.79968,44.603442],[-111.800062,44.603992],[-111.800245,44.604018],[-111.80042,44.603927],[-111.800634,44.604072],[-111.800657,44.604179],[-111.800405,44.604236],[-111.80042,44.60435],[-111.800817,44.604346],[-111.801161,44.604602],[-111.801031,44.604915],[-111.800604,44.604911],[-111.800527,44.604987],[-111.800573,44.605056],[-111.801222,44.60525],[-111.801267,44.605346],[-111.801107,44.605414],[-111.800901,44.605216],[-111.800672,44.605292],[-111.80071,44.605472],[-111.800962,44.60554],[-111.801046,44.60564],[-111.801031,44.605758],[-111.800848,44.605876],[-111.800978,44.606067],[-111.800894,44.606155],[-111.800611,44.6062],[-111.800543,44.606403],[-111.800634,44.606799],[-111.800421,44.606815],[-111.800291,44.606967],[-111.800642,44.607215],[-111.801321,44.606975],[-111.801626,44.6072],[-111.801802,44.606818],[-111.802046,44.606734],[-111.802252,44.606784],[-111.802244,44.60702],[-111.802481,44.607204],[-111.802168,44.607398],[-111.802397,44.607753],[-111.802587,44.607871],[-111.802336,44.608161],[-111.802458,44.608455],[-111.802328,44.608462],[-111.801977,44.608298],[-111.801718,44.608478],[-111.801367,44.608283],[-111.801161,44.608607],[-111.801512,44.608867],[-111.801718,44.60921],[-111.801557,44.609431],[-111.801611,44.609531],[-111.802008,44.609546],[-111.801992,44.609138],[-111.802153,44.608966],[-111.802328,44.609061],[-111.802481,44.609374],[-111.802244,44.609637],[-111.802992,44.609508]]}},{"type":"Feature","properties":{"id":"wat-b510","kind":"water","name":"Creek","acres":null,"editable":false,"source":"USGS 3DHP flowlines (Channel Line)"},"geometry":{"type":"LineString","coordinates":[[-111.840922,44.799474],[-111.841548,44.79926],[-111.841739,44.799123],[-111.842563,44.798089],[-111.842631,44.797807],[-111.843051,44.797509],[-111.843227,44.796677],[-111.84341,44.796513],[-111.843806,44.796517],[-111.844257,44.796654],[-111.844753,44.796704],[-111.845493,44.796201],[-111.845989,44.796139],[-111.8465,44.795979],[-111.847812,44.795823],[-111.848163,44.795865],[-111.848903,44.795705],[-111.85017,44.79567],[-111.852489,44.795216],[-111.852932,44.795044],[-111.853618,44.794953]]}},{"type":"Feature","properties":{"id":"wat-b511","kind":"water","name":"Creek","acres":null,"editable":false,"source":"USGS 3DHP flowlines (Channel Line)"},"geometry":{"type":"LineString","coordinates":[[-111.945732,44.79423],[-111.94461,44.793967],[-111.943977,44.794226],[-111.943237,44.794142],[-111.942634,44.794447],[-111.94184,44.794596],[-111.940757,44.794939],[-111.93933,44.795008],[-111.93875,44.794566],[-111.938323,44.794474],[-111.938171,44.793696],[-111.937965,44.793589]]}},{"type":"Feature","properties":{"id":"wat-b512","kind":"water","name":"Miner Creek","acres":null,"editable":false,"source":"USGS 3DHP flowlines (Channel Line)"},"geometry":{"type":"LineString","coordinates":[[-111.889219,44.779365],[-111.889059,44.778438],[-111.888822,44.777869],[-111.889013,44.776965],[-111.888975,44.776294],[-111.889051,44.776073],[-111.889463,44.775802],[-111.889623,44.775325],[-111.890005,44.774989],[-111.890165,44.774058],[-111.889875,44.773254],[-111.889173,44.772784],[-111.888052,44.771739],[-111.887815,44.771483],[-111.887754,44.771243]]}},{"type":"Feature","properties":{"id":"wat-b513","kind":"water","name":"Buford Creek","acres":null,"editable":false,"source":"USGS 3DHP flowlines (Channel Line)"},"geometry":{"type":"LineString","coordinates":[[-111.870724,44.782738],[-111.870129,44.782161],[-111.869992,44.781769],[-111.869549,44.781231],[-111.869404,44.78075],[-111.86945,44.780346],[-111.869359,44.779865],[-111.870099,44.779304],[-111.870274,44.77893],[-111.870564,44.778698],[-111.871319,44.778179],[-111.871594,44.778103],[-111.871602,44.777935],[-111.871915,44.777664],[-111.871938,44.777465],[-111.871739,44.777221],[-111.871831,44.77697],[-111.871327,44.776607],[-111.87222,44.775829],[-111.872067,44.775566],[-111.872258,44.775272],[-111.872517,44.775085],[-111.872418,44.77489],[-111.872098,44.77473],[-111.872189,44.774299],[-111.872594,44.774196],[-111.872517,44.773975],[-111.872823,44.773719],[-111.872289,44.773288],[-111.872258,44.773208],[-111.872548,44.77301],[-111.872517,44.772918],[-111.871938,44.772426],[-111.871518,44.771911],[-111.871442,44.771526],[-111.871037,44.771255],[-111.870725,44.770709],[-111.87003,44.770107],[-111.870145,44.769607],[-111.869855,44.768871],[-111.869954,44.768482],[-111.86984,44.768016],[-111.869428,44.767639],[-111.868817,44.767303],[-111.868588,44.76699],[-111.868665,44.766643],[-111.869,44.766323],[-111.868871,44.765754],[-111.869168,44.765499],[-111.869481,44.76501],[-111.869618,44.764301],[-111.869504,44.764083]]}},{"type":"Feature","properties":{"id":"wat-b514","kind":"water","name":"Creek","acres":null,"editable":false,"source":"USGS 3DHP flowlines (Channel Line)"},"geometry":{"type":"LineString","coordinates":[[-111.740985,44.637371],[-111.741618,44.63852],[-111.742,44.638955],[-111.74248,44.63913],[-111.743129,44.639222],[-111.744273,44.640179],[-111.744975,44.640435],[-111.745525,44.640458],[-111.746166,44.640591],[-111.747264,44.640572],[-111.748485,44.640774],[-111.749973,44.641751]]}},{"type":"Feature","properties":{"id":"wat-b515","kind":"water","name":"Creek","acres":null,"editable":false,"source":"USGS 3DHP flowlines (Channel Line)"},"geometry":{"type":"LineString","coordinates":[[-111.965776,44.677346],[-111.964243,44.66998],[-111.964342,44.669514],[-111.963739,44.666825],[-111.963548,44.666562]]}},{"type":"Feature","properties":{"id":"wat-b516","kind":"water","name":"Creek","acres":null,"editable":false,"source":"USGS 3DHP flowlines (Channel Line)"},"geometry":{"type":"LineString","coordinates":[[-111.948419,44.755021],[-111.948182,44.754247],[-111.948152,44.753446],[-111.948549,44.75205],[-111.949037,44.751275],[-111.949182,44.749703],[-111.949548,44.748975],[-111.949747,44.748807],[-111.950326,44.748647],[-111.950769,44.747968],[-111.950937,44.747849],[-111.952432,44.747273],[-111.952913,44.746983],[-111.953188,44.746709],[-111.953767,44.746541],[-111.953989,44.746121],[-111.954759,44.745374],[-111.954706,44.744607],[-111.954897,44.744279],[-111.955148,44.744141],[-111.955339,44.743909]]}},{"type":"Feature","properties":{"id":"wat-b517","kind":"water","name":"Elk River","acres":null,"editable":false,"source":"USGS 3DHP flowlines (Channel Line)"},"geometry":{"type":"LineString","coordinates":[[-111.698873,44.808445],[-111.698476,44.808193],[-111.697897,44.807999],[-111.695577,44.807556],[-111.694387,44.807411],[-111.693845,44.807232]]}},{"type":"Feature","properties":{"id":"wat-b518","kind":"water","name":"Creek","acres":null,"editable":false,"source":"USGS 3DHP flowlines (Channel Line)"},"geometry":{"type":"LineString","coordinates":[[-111.922416,44.713403],[-111.920165,44.71335],[-111.91957,44.712911]]}},{"type":"Feature","properties":{"id":"wat-b519","kind":"water","name":"Creek","acres":null,"editable":false,"source":"USGS 3DHP flowlines (Channel Line)"},"geometry":{"type":"LineString","coordinates":[[-111.904571,44.751417],[-111.903373,44.750574],[-111.903167,44.749922],[-111.902701,44.748984],[-111.901755,44.747526]]}},{"type":"Feature","properties":{"id":"wat-b520","kind":"water","name":"Creek","acres":null,"editable":false,"source":"USGS 3DHP flowlines (Channel Line)"},"geometry":{"type":"LineString","coordinates":[[-111.882427,44.649126],[-111.882458,44.64884]]}},{"type":"Feature","properties":{"id":"wat-b521","kind":"water","name":"Metzel Creek","acres":null,"editable":false,"source":"USGS 3DHP flowlines (Channel Line)"},"geometry":{"type":"LineString","coordinates":[[-111.895544,44.679026],[-111.895734,44.67901],[-111.895811,44.67893],[-111.89533,44.678633],[-111.895223,44.678347],[-111.894933,44.678236],[-111.894788,44.678019],[-111.894964,44.677881],[-111.895269,44.677847],[-111.895269,44.677702],[-111.894895,44.677683],[-111.894338,44.67745],[-111.894971,44.677145],[-111.894994,44.677],[-111.894422,44.67663],[-111.893728,44.676748],[-111.893865,44.676355],[-111.89414,44.676252],[-111.894239,44.67613],[-111.894155,44.676043],[-111.893674,44.676081],[-111.893522,44.675909],[-111.893674,44.675634],[-111.893819,44.675566],[-111.894414,44.675776],[-111.894521,44.675714],[-111.894559,44.675558],[-111.894353,44.675451],[-111.894292,44.675257],[-111.894521,44.675264],[-111.895055,44.675493],[-111.894864,44.675035],[-111.894864,44.674784],[-111.894643,44.674578],[-111.895093,44.6742],[-111.89507,44.674032],[-111.895414,44.674105],[-111.895948,44.674543],[-111.896108,44.674463],[-111.896131,44.674364],[-111.895879,44.673975],[-111.895902,44.673838],[-111.896345,44.673784],[-111.89649,44.67351],[-111.896612,44.673525],[-111.896673,44.673666],[-111.897138,44.673845],[-111.897283,44.673857],[-111.897428,44.673658],[-111.897344,44.673368],[-111.896993,44.67333],[-111.896413,44.672911],[-111.896398,44.672632],[-111.896688,44.672464],[-111.896734,44.672285],[-111.896284,44.672197],[-111.895894,44.672247],[-111.895971,44.671896],[-111.896352,44.671678],[-111.896345,44.671228],[-111.895879,44.671183],[-111.89581,44.67087],[-111.896039,44.670664],[-111.895688,44.670492],[-111.895643,44.670393],[-111.895933,44.670057],[-111.895879,44.66984],[-111.896085,44.669783],[-111.896558,44.66984],[-111.896619,44.66979],[-111.896635,44.669706],[-111.896413,44.669516],[-111.896474,44.669321],[-111.896688,44.669287],[-111.896963,44.669054],[-111.897191,44.6691],[-111.897329,44.669218],[-111.897573,44.6691],[-111.89752,44.668722],[-111.897581,44.668604],[-111.897901,44.668451],[-111.898008,44.668222],[-111.897405,44.667475],[-111.898145,44.66752],[-111.898145,44.667345],[-111.897901,44.667124],[-111.89816,44.666975],[-111.898283,44.666757],[-111.898595,44.666674],[-111.898679,44.666483],[-111.898458,44.666471],[-111.898374,44.666395],[-111.898412,44.666319],[-111.898778,44.666193],[-111.898618,44.666017],[-111.898061,44.666098],[-111.897741,44.666071],[-111.897565,44.665861],[-111.896825,44.665708],[-111.896642,44.665785],[-111.896398,44.665712],[-111.896215,44.665853],[-111.896062,44.665865],[-111.895818,44.665506],[-111.895795,44.665247],[-111.896062,44.665159],[-111.89623,44.664991],[-111.896642,44.664911],[-111.896673,44.664808],[-111.896535,44.664698],[-111.896161,44.664564],[-111.895925,44.664671],[-111.895688,44.664659],[-111.895154,44.66493],[-111.894994,44.664762],[-111.895261,44.664499],[-111.89507,44.664492],[-111.894651,44.664629],[-111.894605,44.664518],[-111.894704,44.664305],[-111.894628,44.664068],[-111.894124,44.664141],[-111.894071,44.664347],[-111.893995,44.664358],[-111.893819,44.664118],[-111.893499,44.663954],[-111.893659,44.663507],[-111.894078,44.663423],[-111.894162,44.663595],[-111.894658,44.663652],[-111.894933,44.663904],[-111.895078,44.663885],[-111.895101,44.663649],[-111.895284,44.663507],[-111.895231,44.66342],[-111.89459,44.663229],[-111.894582,44.663069],[-111.893865,44.66324],[-111.893743,44.663053],[-111.893788,44.662909],[-111.893361,44.662851],[-111.89375,44.66255],[-111.894582,44.662744],[-111.894864,44.662668],[-111.895223,44.662352],[-111.895208,44.661928],[-111.895498,44.661863],[-111.895818,44.66152],[-111.895314,44.66123],[-111.894498,44.661337],[-111.894269,44.661215],[-111.894025,44.6612],[-111.893964,44.660871],[-111.89343,44.66049],[-111.893682,44.660227],[-111.893651,44.659906],[-111.893994,44.659849],[-111.894033,44.659784],[-111.894025,44.659616],[-111.893834,44.659475],[-111.893994,44.6593],[-111.894101,44.658575],[-111.894338,44.658445],[-111.894628,44.65848],[-111.894735,44.658323],[-111.894582,44.657999],[-111.894422,44.657885],[-111.894384,44.657667],[-111.894109,44.65737],[-111.89404,44.657103],[-111.89372,44.656942],[-111.893674,44.656828],[-111.894124,44.656553],[-111.894582,44.656496],[-111.894765,44.656389],[-111.894704,44.656134],[-111.894452,44.655813],[-111.894315,44.655683],[-111.893888,44.655558],[-111.89401,44.655268],[-111.894467,44.655241],[-111.894544,44.65513],[-111.894483,44.654962],[-111.894231,44.654837],[-111.893949,44.654821],[-111.89401,44.654631],[-111.894254,44.654562],[-111.894361,44.65444],[-111.893903,44.654241],[-111.893872,44.654165],[-111.894048,44.654001],[-111.894284,44.653963],[-111.894582,44.654062],[-111.894734,44.654222],[-111.894994,44.654253],[-111.895093,44.654234],[-111.895169,44.654013],[-111.894948,44.653459],[-111.894589,44.653219],[-111.894162,44.653234],[-111.893888,44.653414],[-111.893743,44.653414],[-111.893743,44.65296],[-111.893369,44.652662],[-111.893598,44.652315],[-111.893071,44.652235],[-111.89301,44.652082],[-111.89317,44.651758],[-111.893285,44.651705],[-111.893598,44.651651],[-111.893994,44.651728],[-111.894574,44.651461],[-111.895444,44.651403],[-111.895688,44.651266],[-111.895803,44.651064],[-111.895635,44.650816],[-111.89565,44.650606],[-111.895948,44.650209],[-111.896558,44.649877],[-111.896428,44.649557],[-111.896543,44.649267],[-111.896505,44.649088],[-111.89684,44.648973],[-111.896993,44.648752],[-111.896924,44.648649],[-111.896428,44.64858],[-111.896428,44.648401],[-111.896794,44.648088],[-111.896413,44.647688],[-111.895528,44.647199],[-111.895398,44.646879],[-111.89504,44.646833],[-111.894788,44.646719],[-111.894704,44.646597],[-111.894742,44.646376],[-111.894353,44.64612],[-111.894048,44.64596],[-111.893391,44.645792],[-111.893514,44.645605]]}},{"type":"Feature","properties":{"id":"wat-b522","kind":"water","name":"Creek","acres":null,"editable":false,"source":"USGS 3DHP flowlines (Channel Line)"},"geometry":{"type":"LineString","coordinates":[[-111.924942,44.715204],[-111.923721,44.714452],[-111.923286,44.713995],[-111.922416,44.713403]]}},{"type":"Feature","properties":{"id":"wat-b523","kind":"water","name":"Elk Creek","acres":null,"editable":false,"source":"USGS 3DHP flowlines (Channel Line)"},"geometry":{"type":"LineString","coordinates":[[-111.655847,44.648245],[-111.656167,44.648496],[-111.656648,44.648565],[-111.656732,44.648687],[-111.656663,44.648969],[-111.656877,44.64921],[-111.657052,44.649278],[-111.657151,44.649164],[-111.657006,44.648802],[-111.658052,44.64847],[-111.658097,44.648542],[-111.657823,44.649107],[-111.657502,44.649198],[-111.657952,44.64945],[-111.658616,44.649328],[-111.658754,44.649164],[-111.658593,44.648901],[-111.659013,44.648729],[-111.658967,44.648512],[-111.659127,44.64837],[-111.65912,44.648134],[-111.659433,44.647932],[-111.659547,44.647741],[-111.659669,44.647756],[-111.660241,44.648191],[-111.660379,44.648195],[-111.660493,44.648058],[-111.66047,44.647752],[-111.660203,44.647814],[-111.66002,44.647756],[-111.660226,44.647184],[-111.659349,44.647276],[-111.659707,44.647024],[-111.659722,44.646925],[-111.659631,44.646825],[-111.659516,44.646829],[-111.659349,44.646578],[-111.659478,44.646429],[-111.659242,44.646185],[-111.659516,44.646188],[-111.65941,44.64596],[-111.659593,44.645925],[-111.659936,44.64615],[-111.660218,44.646131],[-111.66047,44.646024],[-111.660508,44.645883],[-111.660783,44.645822],[-111.660791,44.645486],[-111.660928,44.645338],[-111.661264,44.645433],[-111.661622,44.645437],[-111.661729,44.645578],[-111.661958,44.645635],[-111.662133,44.645345],[-111.662683,44.645246],[-111.662797,44.645097],[-111.663049,44.645074],[-111.662927,44.644895],[-111.663263,44.644674],[-111.663186,44.644441],[-111.663423,44.644395],[-111.6634,44.64417],[-111.663629,44.644132],[-111.663743,44.643983],[-111.664117,44.643873],[-111.664323,44.643671],[-111.664323,44.643518],[-111.664407,44.643488],[-111.664308,44.643179],[-111.66472,44.643396],[-111.665033,44.643209],[-111.665063,44.643018],[-111.665422,44.643228],[-111.665322,44.642854],[-111.665742,44.642831],[-111.665567,44.642637],[-111.665872,44.642667],[-111.665979,44.642606],[-111.665986,44.642225],[-111.6662,44.642141],[-111.66633,44.641969],[-111.666818,44.641973],[-111.666879,44.641893],[-111.666772,44.641778],[-111.66694,44.641572],[-111.66736,44.641588],[-111.667321,44.641351],[-111.667993,44.640661],[-111.668252,44.640588],[-111.668336,44.640626],[-111.668229,44.640813],[-111.668382,44.640886],[-111.668924,44.640703],[-111.668962,44.640546],[-111.668786,44.640237],[-111.66932,44.640424],[-111.669358,44.6401],[-111.669976,44.639898],[-111.669816,44.639722],[-111.670022,44.63952],[-111.670152,44.63957],[-111.670091,44.639772],[-111.670404,44.639532],[-111.6708,44.639505],[-111.670549,44.639665],[-111.670572,44.63978],[-111.670717,44.639837],[-111.671006,44.639692],[-111.671212,44.639825],[-111.670648,44.64005],[-111.670602,44.64015],[-111.671121,44.640108],[-111.671273,44.639982],[-111.671617,44.640413],[-111.672067,44.640352],[-111.672349,44.640497],[-111.672029,44.640619],[-111.672036,44.640821],[-111.67267,44.640916],[-111.673219,44.641164],[-111.673471,44.640813],[-111.673868,44.640558],[-111.673967,44.64092],[-111.674097,44.640954],[-111.674379,44.640619],[-111.674798,44.640668],[-111.674814,44.640485],[-111.675363,44.640783],[-111.675638,44.640653],[-111.67579,44.641004],[-111.675989,44.641088],[-111.676103,44.640882],[-111.67605,44.640619],[-111.676446,44.640802],[-111.676401,44.640569],[-111.676713,44.640462],[-111.676782,44.640333],[-111.677179,44.640291],[-111.676881,44.640027],[-111.677133,44.639963],[-111.67727,44.639726],[-111.67737,44.639818],[-111.677431,44.640226],[-111.677583,44.640203],[-111.677927,44.639955],[-111.678171,44.639943],[-111.678194,44.640031],[-111.677881,44.640169],[-111.678293,44.640241],[-111.678499,44.64042],[-111.678667,44.640207],[-111.678934,44.640355],[-111.678934,44.640096],[-111.679246,44.640214],[-111.679163,44.640359],[-111.679391,44.640447],[-111.679468,44.640382],[-111.679437,44.640184],[-111.679681,44.640195],[-111.679849,44.640432],[-111.679987,44.640271],[-111.680177,44.640397],[-111.680467,44.640157],[-111.680681,44.640119],[-111.680818,44.640165],[-111.680727,44.640447],[-111.680833,44.640477],[-111.681062,44.640348],[-111.681162,44.640073],[-111.681413,44.640264],[-111.681802,44.640321],[-111.681879,44.640661],[-111.682092,44.640828],[-111.68226,44.640569],[-111.682474,44.640512],[-111.682634,44.640573],[-111.682672,44.640916],[-111.682802,44.640878],[-111.682962,44.640603],[-111.683267,44.640847],[-111.683473,44.640748],[-111.683634,44.641107],[-111.684213,44.640989],[-111.684404,44.641355],[-111.684717,44.641576],[-111.684923,44.641496],[-111.685007,44.641282],[-111.685243,44.641237],[-111.685381,44.641023],[-111.685434,44.641221],[-111.685854,44.641381],[-111.685938,44.641134],[-111.68651,44.641191],[-111.687013,44.641069],[-111.686998,44.641282],[-111.687448,44.641252],[-111.687807,44.64142],[-111.687593,44.641042],[-111.68815,44.641004],[-111.68812,44.640706],[-111.688349,44.640584],[-111.688692,44.640687],[-111.688677,44.640901],[-111.688822,44.641008],[-111.689249,44.641072],[-111.689333,44.641336],[-111.689844,44.641019],[-111.690042,44.641122],[-111.690218,44.641107],[-111.690279,44.641042],[-111.690172,44.640897],[-111.690721,44.640165],[-111.691172,44.640031],[-111.691349,44.640049],[-111.691248,44.640519],[-111.6914,44.640554],[-111.69169,44.640351],[-111.691812,44.640443],[-111.691744,44.640786],[-111.692194,44.64076],[-111.692438,44.64029],[-111.692957,44.640416],[-111.693033,44.640344],[-111.692903,44.64021],[-111.692438,44.640134],[-111.692827,44.639779],[-111.692804,44.639279],[-111.692362,44.639073],[-111.692163,44.638753],[-111.692194,44.6387],[-111.692469,44.638814],[-111.692682,44.638803],[-111.692903,44.639112],[-111.6933,44.639104],[-111.693384,44.639032],[-111.693224,44.638753],[-111.693453,44.63849],[-111.693613,44.638505],[-111.693834,44.638688],[-111.694063,44.63902],[-111.694063,44.639287],[-111.693758,44.63955],[-111.693842,44.639733],[-111.694094,44.639733],[-111.694437,44.639585],[-111.694254,44.639306],[-111.694467,44.639276],[-111.694704,44.63934],[-111.694681,44.639066],[-111.69536,44.639203],[-111.695559,44.639447],[-111.695711,44.639012],[-111.696108,44.639272],[-111.696138,44.639436],[-111.696009,44.639653],[-111.696123,44.639779],[-111.696344,44.63973],[-111.696733,44.639451],[-111.69652,44.639234],[-111.696573,44.639188],[-111.696848,44.639298],[-111.697214,44.639321],[-111.697329,44.63981],[-111.697588,44.639459],[-111.697817,44.639848],[-111.697931,44.639844],[-111.698084,44.639642],[-111.69832,44.639985],[-111.698633,44.640054],[-111.698908,44.639722],[-111.699297,44.639642],[-111.699663,44.639405],[-111.69993,44.639024],[-111.700357,44.638741],[-111.700594,44.638207],[-111.70109,44.638123],[-111.701372,44.637956],[-111.701624,44.637967],[-111.702097,44.637742],[-111.702478,44.637891],[-111.702684,44.637841],[-111.702768,44.637605],[-111.702929,44.637486],[-111.702852,44.637174],[-111.703318,44.637052],[-111.703447,44.636872],[-111.70376,44.63699],[-111.704508,44.636552],[-111.704981,44.636525],[-111.704798,44.63622],[-111.705004,44.635888],[-111.705401,44.635724],[-111.705492,44.635548],[-111.705782,44.635495],[-111.706164,44.635327],[-111.706301,44.635163],[-111.706598,44.635075],[-111.706881,44.634789],[-111.707049,44.634351],[-111.707438,44.634404],[-111.707674,44.634217],[-111.708147,44.634213],[-111.708162,44.633687],[-111.707857,44.633485],[-111.708017,44.632954],[-111.707804,44.632562],[-111.708017,44.632325],[-111.707552,44.631936],[-111.707964,44.631619],[-111.707903,44.631337],[-111.708139,44.631223],[-111.708574,44.630811],[-111.709284,44.630574],[-111.709421,44.630849],[-111.709803,44.630868],[-111.710207,44.630994],[-111.71036,44.630948],[-111.710528,44.631184],[-111.710802,44.631287],[-111.710978,44.631337],[-111.712008,44.631268],[-111.712519,44.631352],[-111.712877,44.631432],[-111.713221,44.631737]]}},{"type":"Feature","properties":{"id":"wat-b524","kind":"water","name":"Creek","acres":null,"editable":false,"source":"USGS 3DHP flowlines (Channel Line)"},"geometry":{"type":"LineString","coordinates":[[-111.893018,44.642076],[-111.893178,44.642874],[-111.893308,44.642954],[-111.893758,44.642969]]}},{"type":"Feature","properties":{"id":"wat-b525","kind":"water","name":"Creek","acres":null,"editable":false,"source":"USGS 3DHP flowlines (Channel Line)"},"geometry":{"type":"LineString","coordinates":[[-111.773315,44.73628],[-111.772514,44.736333],[-111.772026,44.736249],[-111.771392,44.736249],[-111.769226,44.736512],[-111.766219,44.736585],[-111.765228,44.736768],[-111.764632,44.737062],[-111.764259,44.737371],[-111.763908,44.737832],[-111.763679,44.738527],[-111.763457,44.738759],[-111.763076,44.738973],[-111.762763,44.740453],[-111.762634,44.740743],[-111.762374,44.740991],[-111.761962,44.741105],[-111.761527,44.741113],[-111.760627,44.740907],[-111.759978,44.741132],[-111.759757,44.741083]]}},{"type":"Feature","properties":{"id":"wat-b526","kind":"water","name":"Creek","acres":null,"editable":false,"source":"USGS 3DHP flowlines (Channel Line)"},"geometry":{"type":"LineString","coordinates":[[-111.717306,44.796237],[-111.716948,44.796588],[-111.716551,44.796733],[-111.716086,44.796787],[-111.714773,44.796608],[-111.713827,44.796627],[-111.713194,44.796444],[-111.712835,44.796524],[-111.712133,44.796478],[-111.711477,44.796802],[-111.710478,44.796913],[-111.708944,44.79729],[-111.708135,44.79729],[-111.707502,44.797386],[-111.706961,44.797611],[-111.705831,44.798176],[-111.703916,44.799606],[-111.703695,44.799976],[-111.703558,44.800857],[-111.703153,44.801307],[-111.700918,44.802872],[-111.700307,44.803394],[-111.699934,44.804153],[-111.699888,44.804497]]}},{"type":"Feature","properties":{"id":"wat-b527","kind":"water","name":"Creek","acres":null,"editable":false,"source":"USGS 3DHP flowlines (Channel Line)"},"geometry":{"type":"LineString","coordinates":[[-111.839129,44.813867],[-111.839061,44.814382],[-111.839221,44.814798],[-111.840342,44.815454],[-111.841098,44.816175],[-111.842029,44.81635]]}},{"type":"Feature","properties":{"id":"wat-b528","kind":"water","name":"Creek","acres":null,"editable":false,"source":"USGS 3DHP flowlines (Channel Line)"},"geometry":{"type":"LineString","coordinates":[[-111.928841,44.761869],[-111.929214,44.762174],[-111.92971,44.762918],[-111.930557,44.763441],[-111.930954,44.764265],[-111.931076,44.76499],[-111.931435,44.765394],[-111.931953,44.76626],[-111.932732,44.766973],[-111.933121,44.767736],[-111.93309,44.769197],[-111.931617,44.771036],[-111.931564,44.771421],[-111.931755,44.772142]]}},{"type":"Feature","properties":{"id":"wat-b529","kind":"water","name":"Nye Creek","acres":null,"editable":false,"source":"USGS 3DHP flowlines (Channel Line)"},"geometry":{"type":"LineString","coordinates":[[-111.77084,44.615299],[-111.770679,44.615455],[-111.770695,44.615631],[-111.771084,44.615818],[-111.771244,44.616066],[-111.77216,44.616153],[-111.772076,44.616535],[-111.77216,44.61671],[-111.771916,44.617489],[-111.771526,44.617595],[-111.771595,44.617756],[-111.771504,44.617828],[-111.771076,44.617878],[-111.77113,44.617969],[-111.771549,44.618068],[-111.771542,44.618194],[-111.77132,44.618381],[-111.771496,44.618591],[-111.771465,44.618728],[-111.771565,44.618858],[-111.771465,44.6189],[-111.770939,44.618755],[-111.770802,44.619014],[-111.770832,44.619213]]}},{"type":"Feature","properties":{"id":"wat-b530","kind":"water","name":"Creek","acres":null,"editable":false,"source":"USGS 3DHP flowlines (Channel Line)"},"geometry":{"type":"LineString","coordinates":[[-111.794931,44.811167],[-111.795541,44.811076],[-111.796624,44.811228],[-111.797326,44.811213],[-111.79844,44.810724],[-111.799371,44.810427],[-111.800149,44.809984],[-111.800371,44.809984],[-111.800798,44.810164],[-111.801034,44.81016],[-111.801485,44.810011],[-111.802598,44.809202],[-111.802858,44.808909],[-111.803705,44.806974],[-111.804521,44.805933],[-111.805559,44.805197]]}},{"type":"Feature","properties":{"id":"wat-b531","kind":"water","name":"Creek","acres":null,"editable":false,"source":"USGS 3DHP flowlines (Channel Line)"},"geometry":{"type":"LineString","coordinates":[[-111.912535,44.781607],[-111.91313,44.781245],[-111.914534,44.780768],[-111.915976,44.779879],[-111.917006,44.779364],[-111.91735,44.779109],[-111.9178,44.778594],[-111.919494,44.777762]]}},{"type":"Feature","properties":{"id":"wat-b532","kind":"water","name":"Creek","acres":null,"editable":false,"source":"USGS 3DHP flowlines (Channel Line)"},"geometry":{"type":"LineString","coordinates":[[-111.813995,44.627174],[-111.814559,44.628005],[-111.814674,44.628341],[-111.814147,44.629367],[-111.814338,44.629462],[-111.814956,44.62952],[-111.815017,44.630225],[-111.815483,44.631129],[-111.816108,44.631179],[-111.817413,44.631671],[-111.817863,44.631602],[-111.818489,44.631892],[-111.818992,44.632445],[-111.820427,44.632831],[-111.821319,44.632785],[-111.822014,44.632884],[-111.823379,44.632369],[-111.824776,44.632022],[-111.825157,44.632045],[-111.825797,44.632308]]}},{"type":"Feature","properties":{"id":"wat-b533","kind":"water","name":"Creek","acres":null,"editable":false,"source":"USGS 3DHP flowlines (Channel Line)"},"geometry":{"type":"LineString","coordinates":[[-111.963548,44.666562],[-111.963502,44.666371],[-111.963625,44.666306],[-111.963708,44.666085],[-111.963632,44.665848],[-111.963777,44.665436],[-111.963579,44.664971],[-111.963609,44.664506],[-111.963464,44.664246],[-111.963449,44.663464],[-111.963548,44.663369],[-111.963762,44.663342],[-111.963838,44.663232],[-111.963693,44.663026],[-111.963037,44.662602]]}},{"type":"Feature","properties":{"id":"wat-b534","kind":"water","name":"Creek","acres":null,"editable":false,"source":"USGS 3DHP flowlines (Channel Line)"},"geometry":{"type":"LineString","coordinates":[[-111.849689,44.813436],[-111.850482,44.812337],[-111.85049,44.812123],[-111.850986,44.810872],[-111.850986,44.81038]]}},{"type":"Feature","properties":{"id":"wat-b535","kind":"water","name":"Creek","acres":null,"editable":false,"source":"USGS 3DHP flowlines (Channel Line)"},"geometry":{"type":"LineString","coordinates":[[-111.702894,44.763717],[-111.702977,44.76332],[-111.703557,44.762351],[-111.703283,44.761542],[-111.702985,44.761115],[-111.702756,44.760958],[-111.702703,44.760699],[-111.702955,44.76036],[-111.70329,44.760154],[-111.703672,44.759738],[-111.703481,44.759486],[-111.703565,44.758837],[-111.703725,44.758494],[-111.70448,44.758319],[-111.704503,44.758185],[-111.704343,44.757907],[-111.703626,44.757659],[-111.70329,44.757258],[-111.702962,44.756736],[-111.702947,44.756411],[-111.702642,44.755934],[-111.702771,44.75569],[-111.703267,44.755595],[-111.703847,44.755026],[-111.703901,44.75463],[-111.704007,44.754492]]}},{"type":"Feature","properties":{"id":"wat-b536","kind":"water","name":"Creek","acres":null,"editable":false,"source":"USGS 3DHP flowlines (Channel Line)"},"geometry":{"type":"LineString","coordinates":[[-111.773865,44.814044],[-111.773865,44.814231],[-111.773575,44.814403],[-111.77372,44.815158],[-111.773484,44.815459]]}},{"type":"Feature","properties":{"id":"wat-b537","kind":"water","name":"Creek","acres":null,"editable":false,"source":"USGS 3DHP flowlines (Channel Line)"},"geometry":{"type":"LineString","coordinates":[[-111.893147,44.637384],[-111.893384,44.637796],[-111.89333,44.638086],[-111.893468,44.638582],[-111.893132,44.638979],[-111.893124,44.639444],[-111.892674,44.639635]]}},{"type":"Feature","properties":{"id":"wat-b538","kind":"water","name":"Winslow Creek","acres":null,"editable":false,"source":"USGS 3DHP flowlines (Channel Line)"},"geometry":{"type":"LineString","coordinates":[[-111.978274,44.612126],[-111.978373,44.612275],[-111.978289,44.612378]]}},{"type":"Feature","properties":{"id":"wat-b539","kind":"water","name":"Creek","acres":null,"editable":false,"source":"USGS 3DHP flowlines (Channel Line)"},"geometry":{"type":"LineString","coordinates":[[-111.965608,44.677281],[-111.965097,44.675263],[-111.964693,44.674492],[-111.964655,44.674039],[-111.964456,44.673791],[-111.964037,44.672822],[-111.963472,44.670666],[-111.963312,44.669255],[-111.963548,44.666562]]}},{"type":"Feature","properties":{"id":"wat-b540","kind":"water","name":"Creek","acres":null,"editable":false,"source":"USGS 3DHP flowlines (Channel Line)"},"geometry":{"type":"LineString","coordinates":[[-111.966652,44.801756],[-111.966247,44.801737],[-111.965271,44.801512],[-111.964622,44.801497],[-111.963287,44.801016],[-111.962044,44.800676],[-111.960655,44.799994],[-111.959343,44.799563],[-111.958763,44.798987],[-111.958183,44.798681],[-111.956176,44.798498],[-111.955436,44.798544],[-111.954765,44.798487],[-111.954315,44.79862],[-111.954147,44.798559],[-111.954116,44.798311],[-111.953201,44.798208]]}},{"type":"Feature","properties":{"id":"wat-b541","kind":"water","name":"Creek","acres":null,"editable":false,"source":"USGS 3DHP flowlines (Channel Line)"},"geometry":{"type":"LineString","coordinates":[[-111.757407,44.754324],[-111.757606,44.752966],[-111.757926,44.752046],[-111.758422,44.751398],[-111.759559,44.750631],[-111.760284,44.749929],[-111.760192,44.749338],[-111.760482,44.748628],[-111.760673,44.74838],[-111.761474,44.747755],[-111.761939,44.747529],[-111.762229,44.74719],[-111.762214,44.746576],[-111.762367,44.745943],[-111.763275,44.745332],[-111.764289,44.745119],[-111.764709,44.744958]]}},{"type":"Feature","properties":{"id":"wat-b542","kind":"water","name":"Portal Creek","acres":null,"editable":false,"source":"USGS 3DHP flowlines (Channel Line)"},"geometry":{"type":"LineString","coordinates":[[-111.783364,44.755613],[-111.78402,44.755212],[-111.784516,44.754735],[-111.784501,44.754609],[-111.783997,44.754006],[-111.784035,44.753079]]}},{"type":"Feature","properties":{"id":"wat-b543","kind":"water","name":"Creek","acres":null,"editable":false,"source":"USGS 3DHP flowlines (Channel Line)"},"geometry":{"type":"LineString","coordinates":[[-111.77179,44.818042],[-111.770539,44.819255],[-111.769333,44.819869]]}},{"type":"Feature","properties":{"id":"wat-b544","kind":"water","name":"Creek","acres":null,"editable":false,"source":"USGS 3DHP flowlines (Channel Line)"},"geometry":{"type":"LineString","coordinates":[[-111.964303,44.607812],[-111.963678,44.607808],[-111.963617,44.607922],[-111.963754,44.608109],[-111.963449,44.608342]]}},{"type":"Feature","properties":{"id":"wat-b545","kind":"water","name":"Creek","acres":null,"editable":false,"source":"USGS 3DHP flowlines (Channel Line)"},"geometry":{"type":"LineString","coordinates":[[-111.963266,44.611546],[-111.963212,44.611619]]}},{"type":"Feature","properties":{"id":"wat-b546","kind":"water","name":"Tepee Creek","acres":null,"editable":false,"source":"USGS 3DHP flowlines (Channel Line)"},"geometry":{"type":"LineString","coordinates":[[-111.75327,44.678902],[-111.75314,44.678475],[-111.752797,44.678307],[-111.752774,44.678227],[-111.753247,44.67788],[-111.75311,44.677586],[-111.753163,44.677304],[-111.752515,44.677506],[-111.75237,44.677094],[-111.752843,44.676823],[-111.752835,44.676572],[-111.7524,44.676301],[-111.751835,44.676652],[-111.751706,44.676602],[-111.751576,44.676392],[-111.751256,44.676167],[-111.751317,44.675786],[-111.751652,44.67569],[-111.751706,44.675565],[-111.751095,44.67524],[-111.751065,44.674897],[-111.751561,44.674321],[-111.751767,44.673787],[-111.752347,44.673367],[-111.75211,44.673028],[-111.752102,44.672772],[-111.752224,44.672528],[-111.752873,44.67215],[-111.75298,44.671879],[-111.753193,44.67167],[-111.75298,44.671364],[-111.753346,44.670865],[-111.75327,44.670315],[-111.753056,44.670151],[-111.752606,44.670136],[-111.75253,44.670033],[-111.752644,44.669881],[-111.753491,44.669606],[-111.75372,44.669449],[-111.75375,44.669358],[-111.753346,44.668919],[-111.7533,44.668709],[-111.753491,44.668572],[-111.754406,44.668671],[-111.754925,44.668614],[-111.755002,44.668519],[-111.754681,44.668217],[-111.754643,44.667966],[-111.754261,44.667596],[-111.754246,44.667283],[-111.754094,44.667077],[-111.754116,44.666581],[-111.753399,44.666623],[-111.753186,44.666546],[-111.752606,44.66655],[-111.75256,44.666493],[-111.752865,44.666287],[-111.752911,44.666039],[-111.753086,44.665944],[-111.753346,44.665917],[-111.753636,44.666142],[-111.753933,44.666077],[-111.753926,44.66589],[-111.753361,44.665265],[-111.75359,44.66499],[-111.754071,44.664975],[-111.754231,44.664891],[-111.754231,44.664536],[-111.754391,44.664231],[-111.754719,44.664094],[-111.754826,44.66391],[-111.754299,44.663708],[-111.753849,44.663304],[-111.753475,44.663243],[-111.753384,44.663075],[-111.753071,44.66288],[-111.753041,44.662701],[-111.753643,44.662461],[-111.753674,44.662259],[-111.753109,44.66216],[-111.752659,44.662217],[-111.752583,44.661812],[-111.753056,44.661583],[-111.752834,44.661225],[-111.7533,44.661049],[-111.753414,44.660935],[-111.753315,44.660832],[-111.752636,44.660801],[-111.752575,44.660649],[-111.753552,44.660256],[-111.754162,44.660244],[-111.754276,44.660016],[-111.754566,44.659867],[-111.755215,44.660214],[-111.75536,44.660191],[-111.755329,44.659993],[-111.754719,44.659508],[-111.754421,44.659089],[-111.753971,44.658967],[-111.753979,44.658875],[-111.754482,44.658616],[-111.754666,44.658654],[-111.75491,44.658837],[-111.755253,44.658787],[-111.755123,44.658432],[-111.7552,44.658249],[-111.755322,44.658116],[-111.755619,44.658028],[-111.755306,44.657647],[-111.75462,44.657509],[-111.754513,44.656861],[-111.75417,44.656445],[-111.753834,44.656548],[-111.753452,44.656792],[-111.753262,44.656777],[-111.753445,44.656514],[-111.75301,44.656559],[-111.752743,44.656491],[-111.752819,44.656357],[-111.753086,44.656243],[-111.75288,44.655983],[-111.752781,44.655953],[-111.752522,44.656155],[-111.752323,44.65609]]}},{"type":"Feature","properties":{"id":"wat-b547","kind":"water","name":"Creek","acres":null,"editable":false,"source":"USGS 3DHP flowlines (Channel Line)"},"geometry":{"type":"LineString","coordinates":[[-111.882955,44.730078],[-111.883428,44.73009],[-111.88471,44.73057],[-111.886358,44.730936],[-111.88867,44.731066],[-111.89044,44.731051],[-111.892904,44.730612],[-111.8944,44.730612],[-111.894652,44.730532],[-111.895033,44.730238],[-111.895819,44.729994],[-111.89646,44.729895],[-111.897383,44.729922]]}},{"type":"Feature","properties":{"id":"wat-b548","kind":"water","name":"Creek","acres":null,"editable":false,"source":"USGS 3DHP flowlines (Channel Line)"},"geometry":{"type":"LineString","coordinates":[[-111.781094,44.621952],[-111.781056,44.62178],[-111.781224,44.621566],[-111.781194,44.621467],[-111.78085,44.621337],[-111.78069,44.621154],[-111.780347,44.621242],[-111.780171,44.62149],[-111.779897,44.621486],[-111.779996,44.621013],[-111.779629,44.620823],[-111.779591,44.620689],[-111.77982,44.620452],[-111.779896,44.61988],[-111.780057,44.619693],[-111.780026,44.619468],[-111.779736,44.619178],[-111.779874,44.619079],[-111.78024,44.619163],[-111.780354,44.619129],[-111.780507,44.618694],[-111.780316,44.618576],[-111.780865,44.617736],[-111.78053,44.61758],[-111.780636,44.617057]]}},{"type":"Feature","properties":{"id":"wat-b549","kind":"water","name":"Creek","acres":null,"editable":false,"source":"USGS 3DHP flowlines (Channel Line)"},"geometry":{"type":"LineString","coordinates":[[-111.910582,44.644895],[-111.910795,44.644769]]}},{"type":"Feature","properties":{"id":"wat-b550","kind":"water","name":"Creek","acres":null,"editable":false,"source":"USGS 3DHP flowlines (Channel Line)"},"geometry":{"type":"LineString","coordinates":[[-111.762412,44.722734],[-111.762206,44.722169],[-111.762229,44.721612],[-111.762068,44.721151],[-111.761328,44.720491],[-111.761542,44.719461],[-111.761198,44.718434],[-111.760832,44.717897],[-111.760962,44.717694],[-111.760962,44.717332],[-111.760542,44.716657],[-111.759924,44.715936],[-111.758574,44.715085],[-111.758116,44.715058],[-111.757353,44.714757],[-111.755713,44.714345],[-111.755522,44.714078],[-111.755438,44.713556],[-111.754484,44.712896],[-111.753691,44.711511],[-111.753423,44.711244],[-111.752195,44.710847],[-111.751073,44.709745],[-111.750303,44.70934],[-111.749998,44.709264]]}},{"type":"Feature","properties":{"id":"wat-b551","kind":"water","name":"Creek","acres":null,"editable":false,"source":"USGS 3DHP flowlines (Channel Line)"},"geometry":{"type":"LineString","coordinates":[[-111.900945,44.626051],[-111.901578,44.626341],[-111.902074,44.626737],[-111.903043,44.626928],[-111.903524,44.627256],[-111.903539,44.627863],[-111.903653,44.628107],[-111.904088,44.628618],[-111.904615,44.62882],[-111.904752,44.628946],[-111.904752,44.629606],[-111.904882,44.629907],[-111.905172,44.630075],[-111.905775,44.630235],[-111.90582,44.630716],[-111.906354,44.631155],[-111.906438,44.631609],[-111.906995,44.632085],[-111.906884,44.632759]]}},{"type":"Feature","properties":{"id":"wat-b552","kind":"water","name":"Fish Creek","acres":null,"editable":false,"source":"USGS 3DHP flowlines (Channel Line)"},"geometry":{"type":"LineString","coordinates":[[-111.948274,44.723317],[-111.948228,44.7231],[-111.947747,44.722688]]}},{"type":"Feature","properties":{"id":"wat-b553","kind":"water","name":"Creek","acres":null,"editable":false,"source":"USGS 3DHP flowlines (Channel Line)"},"geometry":{"type":"LineString","coordinates":[[-111.94715,44.816882],[-111.948515,44.816821],[-111.950194,44.818648]]}},{"type":"Feature","properties":{"id":"wat-b554","kind":"water","name":"West Fork Madison River","acres":null,"editable":false,"source":"USGS 3DHP flowlines (Channel Line)"},"geometry":{"type":"LineString","coordinates":[[-111.668819,44.764743],[-111.668461,44.76461],[-111.668331,44.764865],[-111.667683,44.765251],[-111.667789,44.765697],[-111.667561,44.765716],[-111.667301,44.765579],[-111.667004,44.76575],[-111.666981,44.765544],[-111.666569,44.765369],[-111.666264,44.765377],[-111.665501,44.765697],[-111.665203,44.766067],[-111.664486,44.766204],[-111.664242,44.766494],[-111.664013,44.766582],[-111.663891,44.766193],[-111.663166,44.765792],[-111.662929,44.765918],[-111.662685,44.766262],[-111.661419,44.766338],[-111.66103,44.766471],[-111.661236,44.766937],[-111.66119,44.767036],[-111.66074,44.766994],[-111.660602,44.766693],[-111.660389,44.766643],[-111.660114,44.7667],[-111.659496,44.767242],[-111.659549,44.767295],[-111.659969,44.767273],[-111.660129,44.767353],[-111.659984,44.767738],[-111.659809,44.767749],[-111.659481,44.767612],[-111.659145,44.767616]]}},{"type":"Feature","properties":{"id":"wat-b555","kind":"water","name":"Creek","acres":null,"editable":false,"source":"USGS 3DHP flowlines (Channel Line)"},"geometry":{"type":"LineString","coordinates":[[-111.947969,44.728684],[-111.948335,44.728318],[-111.948678,44.7273],[-111.949128,44.726857],[-111.949022,44.725976],[-111.949601,44.725228],[-111.949632,44.724961],[-111.949945,44.724633]]}},{"type":"Feature","properties":{"id":"wat-b556","kind":"water","name":"Metzel Creek","acres":null,"editable":false,"source":"USGS 3DHP flowlines (Channel Line)"},"geometry":{"type":"LineString","coordinates":[[-111.900733,44.743807],[-111.900122,44.742697],[-111.899932,44.742014],[-111.89997,44.741656],[-111.900313,44.740854],[-111.900336,44.740488],[-111.900542,44.740271],[-111.900931,44.740187],[-111.901396,44.739969],[-111.901816,44.739702],[-111.902335,44.7395],[-111.903106,44.739008],[-111.90335,44.73876],[-111.903395,44.738581],[-111.90364,44.73839],[-111.903792,44.737578],[-111.904006,44.737265],[-111.903716,44.736826],[-111.90335,44.73659],[-111.903312,44.736414],[-111.903044,44.736231],[-111.903044,44.735903],[-111.902922,44.735727],[-111.90293,44.73551],[-111.902739,44.735289],[-111.902739,44.735079],[-111.90203,44.734301],[-111.901694,44.733736],[-111.901633,44.733435],[-111.901251,44.732905],[-111.901251,44.732721],[-111.900809,44.732409],[-111.900611,44.731653],[-111.900725,44.731371]]}},{"type":"Feature","properties":{"id":"wat-b557","kind":"water","name":"Tepee Creek","acres":null,"editable":false,"source":"USGS 3DHP flowlines (Channel Line)"},"geometry":{"type":"LineString","coordinates":[[-111.739264,44.7853],[-111.738822,44.785121],[-111.738135,44.785136],[-111.737967,44.784881],[-111.737952,44.784602],[-111.737708,44.784285],[-111.737578,44.783915],[-111.737418,44.783793],[-111.737273,44.783343],[-111.735526,44.782527],[-111.734084,44.781245],[-111.733046,44.780883],[-111.732268,44.780784],[-111.731535,44.780833],[-111.729872,44.780768],[-111.728674,44.780868],[-111.726614,44.779696],[-111.726202,44.779563],[-111.725188,44.778483],[-111.724211,44.778262],[-111.723654,44.777884],[-111.723433,44.777366],[-111.723028,44.776778],[-111.722258,44.776191],[-111.721571,44.775805],[-111.719946,44.775531],[-111.718374,44.775802],[-111.716787,44.775664],[-111.715917,44.775786],[-111.714987,44.776153],[-111.713827,44.776488],[-111.713194,44.77658],[-111.712408,44.776507],[-111.712271,44.776588]]}},{"type":"Feature","properties":{"id":"wat-b558","kind":"water","name":"Creek","acres":null,"editable":false,"source":"USGS 3DHP flowlines (Channel Line)"},"geometry":{"type":"LineString","coordinates":[[-111.787209,44.80852],[-111.78769,44.806696],[-111.789498,44.804892],[-111.790544,44.804243],[-111.792184,44.803801],[-111.793595,44.802965],[-111.794076,44.802912]]}},{"type":"Feature","properties":{"id":"wat-b559","kind":"water","name":"Fish Creek","acres":null,"editable":false,"source":"USGS 3DHP flowlines (Channel Line)"},"geometry":{"type":"LineString","coordinates":[[-111.957529,44.730805],[-111.957369,44.730775],[-111.957269,44.730584],[-111.957063,44.730573],[-111.956972,44.730447],[-111.956873,44.73042],[-111.956583,44.730531],[-111.956293,44.729928],[-111.956133,44.729844],[-111.956133,44.729707],[-111.955934,44.729585],[-111.955515,44.728982],[-111.955293,44.728822],[-111.955087,44.728036],[-111.954744,44.728024],[-111.954729,44.72775],[-111.954492,44.727761],[-111.954294,44.727487],[-111.954172,44.72746],[-111.953744,44.727723]]}},{"type":"Feature","properties":{"id":"wat-b560","kind":"water","name":"Creek","acres":null,"editable":false,"source":"USGS 3DHP flowlines (Channel Line)"},"geometry":{"type":"LineString","coordinates":[[-111.749545,44.642079],[-111.749973,44.641751]]}},{"type":"Feature","properties":{"id":"wat-b561","kind":"water","name":"Creek","acres":null,"editable":false,"source":"USGS 3DHP flowlines (Channel Line)"},"geometry":{"type":"LineString","coordinates":[[-111.962892,44.609692],[-111.962907,44.609826]]}},{"type":"Feature","properties":{"id":"wat-b562","kind":"water","name":"Creek","acres":null,"editable":false,"source":"USGS 3DHP flowlines (Channel Line)"},"geometry":{"type":"LineString","coordinates":[[-111.974963,44.714455],[-111.974856,44.714135],[-111.973925,44.713395],[-111.973658,44.712296],[-111.973513,44.712079],[-111.973498,44.711472],[-111.973643,44.710946],[-111.973498,44.710652],[-111.973483,44.710133],[-111.973093,44.709729],[-111.972704,44.709046],[-111.972453,44.708855],[-111.972308,44.708359],[-111.971979,44.707798],[-111.972086,44.707497],[-111.972018,44.70728],[-111.972117,44.707169],[-111.971918,44.706879],[-111.971903,44.706128],[-111.971506,44.70451],[-111.970873,44.703915],[-111.970392,44.703751],[-111.968859,44.703824],[-111.967829,44.703549],[-111.967524,44.703427],[-111.967394,44.70329],[-111.967104,44.703293],[-111.966784,44.703194],[-111.966639,44.702992],[-111.966394,44.702939],[-111.965486,44.702305],[-111.965448,44.702069],[-111.965273,44.70184],[-111.965319,44.701577],[-111.965235,44.701081],[-111.965105,44.700917],[-111.965059,44.699914],[-111.964952,44.699723],[-111.965166,44.698559],[-111.964823,44.696759],[-111.964937,44.696362],[-111.965708,44.695088],[-111.965876,44.694401],[-111.966059,44.694165],[-111.966257,44.693562],[-111.966829,44.692452],[-111.967028,44.691971],[-111.966959,44.691723],[-111.967569,44.691025],[-111.967463,44.690789],[-111.967485,44.690499],[-111.967302,44.690381],[-111.967333,44.690087],[-111.966516,44.688622],[-111.966577,44.688363],[-111.966326,44.687554],[-111.966364,44.686768],[-111.966463,44.686513],[-111.96641,44.685895],[-111.966143,44.685635],[-111.966326,44.68517]]}},{"type":"Feature","properties":{"id":"wat-b563","kind":"water","name":"Creek","acres":null,"editable":false,"source":"USGS 3DHP flowlines (Channel Line)"},"geometry":{"type":"LineString","coordinates":[[-111.749998,44.709264],[-111.750066,44.708322],[-111.750402,44.707738],[-111.750829,44.707474],[-111.751287,44.707338],[-111.751737,44.707009],[-111.752393,44.70617],[-111.753202,44.705434],[-111.754858,44.70445],[-111.755888,44.703561]]}},{"type":"Feature","properties":{"id":"wat-b564","kind":"water","name":"West Fork Madison River","acres":null,"editable":false,"source":"USGS 3DHP flowlines (Channel Line)"},"geometry":{"type":"LineString","coordinates":[[-111.919494,44.777762],[-111.919104,44.777293],[-111.918525,44.777094],[-111.918197,44.776766],[-111.916762,44.77574],[-111.915175,44.775378],[-111.91484,44.77524],[-111.913146,44.773753],[-111.911429,44.772913],[-111.910712,44.772807],[-111.910216,44.77246],[-111.909285,44.77212],[-111.908385,44.772101],[-111.907515,44.771456]]}},{"type":"Feature","properties":{"id":"wat-b565","kind":"water","name":"Creek","acres":null,"editable":false,"source":"USGS 3DHP flowlines (Channel Line)"},"geometry":{"type":"LineString","coordinates":[[-111.755172,44.809028],[-111.755493,44.809856],[-111.755493,44.810115],[-111.75515,44.810779],[-111.754463,44.811324],[-111.752968,44.811462],[-111.752319,44.811622],[-111.751869,44.812393],[-111.751167,44.812801]]}},{"type":"Feature","properties":{"id":"wat-b566","kind":"water","name":"Creek","acres":null,"editable":false,"source":"USGS 3DHP flowlines (Channel Line)"},"geometry":{"type":"LineString","coordinates":[[-111.892117,44.622663],[-111.892399,44.623705],[-111.892308,44.624086],[-111.892392,44.624456],[-111.892201,44.624853],[-111.892514,44.625467],[-111.892727,44.625669],[-111.892697,44.626081],[-111.892193,44.626436],[-111.892148,44.626547],[-111.892209,44.626875],[-111.89201,44.627439],[-111.892178,44.628565]]}},{"type":"Feature","properties":{"id":"wat-b567","kind":"water","name":"Metzel Creek","acres":null,"editable":false,"source":"USGS 3DHP flowlines (Channel Line)"},"geometry":{"type":"LineString","coordinates":[[-111.900725,44.731371],[-111.900496,44.731066],[-111.900549,44.730906],[-111.900475,44.730745]]}},{"type":"Feature","properties":{"id":"wat-b568","kind":"water","name":"Creek","acres":null,"editable":false,"source":"USGS 3DHP flowlines (Channel Line)"},"geometry":{"type":"LineString","coordinates":[[-111.669842,44.796463],[-111.669552,44.796467],[-111.668606,44.796818],[-111.667813,44.796963],[-111.6675,44.796921],[-111.667065,44.796589],[-111.666065,44.796192],[-111.665249,44.796051],[-111.664295,44.795403],[-111.663242,44.794846],[-111.662876,44.7948],[-111.662594,44.794586],[-111.662335,44.794022],[-111.661816,44.79377],[-111.66119,44.793774],[-111.66042,44.794075],[-111.659901,44.794159],[-111.659313,44.794483],[-111.65881,44.794644],[-111.658329,44.794617]]}},{"type":"Feature","properties":{"id":"wat-b569","kind":"water","name":"Creek","acres":null,"editable":false,"source":"USGS 3DHP flowlines (Channel Line)"},"geometry":{"type":"LineString","coordinates":[[-111.909796,44.797275],[-111.909925,44.797263]]}},{"type":"Feature","properties":{"id":"wat-b570","kind":"water","name":"Fossil Creek","acres":null,"editable":false,"source":"USGS 3DHP flowlines (Channel Line)"},"geometry":{"type":"LineString","coordinates":[[-111.852107,44.807416],[-111.852298,44.806542],[-111.852001,44.805775]]}},{"type":"Feature","properties":{"id":"wat-b571","kind":"water","name":"Creek","acres":null,"editable":false,"source":"USGS 3DHP flowlines (Channel Line)"},"geometry":{"type":"LineString","coordinates":[[-111.827509,44.809583],[-111.82738,44.80932],[-111.827242,44.809282],[-111.826281,44.80937],[-111.825732,44.809545],[-111.824412,44.80977],[-111.823366,44.810171],[-111.822169,44.81043],[-111.821795,44.810388],[-111.820536,44.810003],[-111.819819,44.809656],[-111.819346,44.809034],[-111.818972,44.808756],[-111.818789,44.808119],[-111.81753,44.806684],[-111.81695,44.805864],[-111.816889,44.805589],[-111.816462,44.805315],[-111.816217,44.80475],[-111.816126,44.804166],[-111.815508,44.80295],[-111.815577,44.802518],[-111.815989,44.802106],[-111.815935,44.80163],[-111.81621,44.800428],[-111.816187,44.800039],[-111.815355,44.798173],[-111.814981,44.7978],[-111.813829,44.797296],[-111.813509,44.797071],[-111.81286,44.796331]]}},{"type":"Feature","properties":{"id":"wat-b572","kind":"water","name":"Creek","acres":null,"editable":false,"source":"USGS 3DHP flowlines (Channel Line)"},"geometry":{"type":"LineString","coordinates":[[-111.883694,44.648733],[-111.883534,44.648615]]}},{"type":"Feature","properties":{"id":"wat-b573","kind":"water","name":"Creek","acres":null,"editable":false,"source":"USGS 3DHP flowlines (Channel Line)"},"geometry":{"type":"LineString","coordinates":[[-111.822822,44.62514],[-111.823799,44.624846],[-111.824135,44.62551],[-111.824066,44.625636],[-111.823677,44.62585],[-111.823646,44.626086],[-111.823746,44.626319],[-111.824203,44.626807],[-111.824448,44.626998],[-111.824898,44.627173],[-111.825775,44.62715],[-111.826347,44.627292]]}},{"type":"Feature","properties":{"id":"wat-b574","kind":"water","name":"Creek","acres":null,"editable":false,"source":"USGS 3DHP flowlines (Channel Line)"},"geometry":{"type":"LineString","coordinates":[[-111.91957,44.712911],[-111.919105,44.7124],[-111.919334,44.711626],[-111.919036,44.710455]]}},{"type":"Feature","properties":{"id":"wat-b575","kind":"water","name":"Creek","acres":null,"editable":false,"source":"USGS 3DHP flowlines (Channel Line)"},"geometry":{"type":"LineString","coordinates":[[-111.963227,44.608628],[-111.963327,44.608727],[-111.963166,44.609059],[-111.962815,44.609212],[-111.962892,44.609692]]}},{"type":"Feature","properties":{"id":"wat-b576","kind":"water","name":"Creek","acres":null,"editable":false,"source":"USGS 3DHP flowlines (Channel Line)"},"geometry":{"type":"LineString","coordinates":[[-111.873287,44.653307],[-111.87331,44.653193]]}},{"type":"Feature","properties":{"id":"wat-b577","kind":"water","name":"Creek","acres":null,"editable":false,"source":"USGS 3DHP flowlines (Channel Line)"},"geometry":{"type":"LineString","coordinates":[[-111.906386,44.691],[-111.906164,44.690904]]}},{"type":"Feature","properties":{"id":"wat-b578","kind":"water","name":"Creek","acres":null,"editable":false,"source":"USGS 3DHP flowlines (Channel Line)"},"geometry":{"type":"LineString","coordinates":[[-111.882298,44.649302],[-111.882397,44.649263]]}},{"type":"Feature","properties":{"id":"wat-b579","kind":"water","name":"Tepee Creek","acres":null,"editable":false,"source":"USGS 3DHP flowlines (Channel Line)"},"geometry":{"type":"LineString","coordinates":[[-111.75398,44.691304],[-111.754003,44.691033],[-111.75443,44.690476],[-111.754346,44.690064],[-111.754705,44.689839],[-111.754621,44.689462],[-111.754735,44.689065],[-111.754636,44.688756],[-111.754934,44.688405],[-111.754872,44.688325],[-111.75459,44.688298],[-111.754613,44.688191],[-111.754857,44.688035],[-111.755536,44.687882],[-111.756757,44.687032],[-111.756116,44.686692],[-111.756253,44.686318],[-111.7562,44.686242],[-111.755574,44.685952],[-111.755551,44.685674],[-111.755887,44.685468],[-111.75578,44.685323],[-111.755193,44.68472],[-111.754911,44.684674],[-111.754643,44.684502],[-111.754666,44.684396],[-111.755071,44.684125],[-111.754987,44.683972],[-111.754697,44.683949],[-111.754704,44.683602],[-111.754903,44.683541],[-111.754865,44.683461],[-111.754224,44.682992],[-111.753591,44.683377],[-111.753293,44.683419],[-111.753011,44.68335],[-111.75298,44.683141],[-111.753156,44.683041],[-111.753186,44.682889],[-111.75311,44.68274],[-111.75285,44.682717],[-111.753011,44.682137],[-111.753514,44.681687],[-111.753705,44.681683],[-111.754094,44.681851],[-111.754201,44.681771],[-111.754094,44.681409],[-111.75385,44.681332],[-111.753682,44.681134],[-111.753644,44.681008],[-111.753827,44.680718],[-111.753682,44.680547],[-111.753575,44.680165],[-111.753613,44.68002],[-111.753941,44.679963],[-111.753926,44.679608],[-111.754247,44.679505],[-111.754186,44.67936],[-111.753835,44.679345],[-111.753796,44.679276],[-111.75414,44.678891],[-111.753705,44.678883],[-111.753552,44.679208],[-111.7534,44.679292],[-111.75327,44.679116],[-111.75327,44.678902]]}},{"type":"Feature","properties":{"id":"wat-b580","kind":"water","name":"Creek","acres":null,"editable":false,"source":"USGS 3DHP flowlines (Channel Line)"},"geometry":{"type":"LineString","coordinates":[[-111.821533,44.629027],[-111.821159,44.629012]]}},{"type":"Feature","properties":{"id":"wat-b581","kind":"water","name":"Creek","acres":null,"editable":false,"source":"USGS 3DHP flowlines (Channel Line)"},"geometry":{"type":"LineString","coordinates":[[-111.957597,44.615811],[-111.956925,44.615449],[-111.956338,44.615456],[-111.956032,44.61554],[-111.955102,44.616097],[-111.954552,44.616315],[-111.954201,44.6167],[-111.954117,44.617154],[-111.953782,44.617223],[-111.953568,44.617394],[-111.952713,44.617741],[-111.952614,44.618028],[-111.952088,44.61834],[-111.951851,44.61863],[-111.952012,44.618882],[-111.951691,44.619172],[-111.951607,44.619729],[-111.951477,44.619916],[-111.951554,44.620095],[-111.951401,44.62032],[-111.951432,44.620633],[-111.951783,44.62085],[-111.951584,44.62122],[-111.951348,44.621442],[-111.951081,44.621461],[-111.950982,44.621652],[-111.950608,44.621583],[-111.950417,44.621652],[-111.950096,44.622006],[-111.948967,44.622529],[-111.948891,44.622758],[-111.948731,44.622895],[-111.948525,44.623006],[-111.948204,44.623032],[-111.948128,44.623185],[-111.947647,44.623349],[-111.947251,44.624043],[-111.946198,44.624951],[-111.946167,44.62507],[-111.94577,44.625184],[-111.94548,44.625447],[-111.945168,44.625524],[-111.945076,44.625688],[-111.944717,44.625787],[-111.944801,44.626454],[-111.944351,44.626767],[-111.944153,44.627374],[-111.943985,44.627454],[-111.943687,44.627877],[-111.943474,44.627931],[-111.94326,44.628243],[-111.943046,44.628274],[-111.942528,44.628163],[-111.941971,44.628144],[-111.941383,44.627801],[-111.940323,44.627908],[-111.940231,44.627736],[-111.940475,44.627465],[-111.940521,44.627286],[-111.940231,44.627038],[-111.94017,44.626725],[-111.93988,44.626485],[-111.939544,44.626012]]}},{"type":"Feature","properties":{"id":"wat-b582","kind":"water","name":"Tepee Creek","acres":null,"editable":false,"source":"USGS 3DHP flowlines (Channel Line)"},"geometry":{"type":"LineString","coordinates":[[-111.685277,44.775039],[-111.684987,44.775192],[-111.684506,44.775302],[-111.683545,44.775318],[-111.682789,44.775238],[-111.682316,44.775104],[-111.681332,44.7751],[-111.680401,44.774978],[-111.679814,44.77515],[-111.679539,44.775138],[-111.67912,44.774993],[-111.678906,44.77502],[-111.678326,44.77486],[-111.677571,44.774875],[-111.676434,44.77523],[-111.676159,44.775402],[-111.675625,44.775432],[-111.674832,44.775619],[-111.674374,44.775592]]}},{"type":"Feature","properties":{"id":"wat-b583","kind":"water","name":"Creek","acres":null,"editable":false,"source":"USGS 3DHP flowlines (Channel Line)"},"geometry":{"type":"LineString","coordinates":[[-111.917555,44.645864],[-111.917769,44.645803]]}},{"type":"Feature","properties":{"id":"wat-b584","kind":"water","name":"Nye Creek","acres":null,"editable":false,"source":"USGS 3DHP flowlines (Channel Line)"},"geometry":{"type":"LineString","coordinates":[[-111.774906,44.599929],[-111.775211,44.60044]]}},{"type":"Feature","properties":{"id":"wat-b585","kind":"water","name":"Humphry Creek","acres":null,"editable":false,"source":"USGS 3DHP flowlines (Channel Line)"},"geometry":{"type":"LineString","coordinates":[[-111.828598,44.616931],[-111.828705,44.617598]]}},{"type":"Feature","properties":{"id":"wat-b586","kind":"water","name":"Creek","acres":null,"editable":false,"source":"USGS 3DHP flowlines (Channel Line)"},"geometry":{"type":"LineString","coordinates":[[-111.82666,44.632655],[-111.829087,44.631946],[-111.829308,44.631648],[-111.829064,44.631308]]}},{"type":"Feature","properties":{"id":"wat-b587","kind":"water","name":"Creek","acres":null,"editable":false,"source":"USGS 3DHP flowlines (Channel Line)"},"geometry":{"type":"LineString","coordinates":[[-111.824595,44.740189],[-111.824282,44.739422],[-111.824732,44.738712],[-111.824595,44.738216],[-111.823512,44.737469],[-111.822245,44.737301],[-111.82197,44.737072],[-111.821215,44.735794],[-111.821139,44.735241],[-111.820421,44.733829],[-111.819712,44.733227],[-111.819269,44.733063],[-111.817911,44.732784],[-111.816927,44.732376],[-111.816248,44.732346],[-111.815325,44.732185],[-111.814699,44.731934],[-111.813867,44.731964],[-111.81344,44.731907],[-111.812509,44.731472]]}},{"type":"Feature","properties":{"id":"wat-b588","kind":"water","name":"Creek","acres":null,"editable":false,"source":"USGS 3DHP flowlines (Channel Line)"},"geometry":{"type":"LineString","coordinates":[[-111.967727,44.818213],[-111.967834,44.818388],[-111.968291,44.818648],[-111.969581,44.819018],[-111.970657,44.819743],[-111.972305,44.819697],[-111.973174,44.819899],[-111.973777,44.820151],[-111.974113,44.820547],[-111.974136,44.82165],[-111.974395,44.822386],[-111.97512,44.822562],[-111.976302,44.822554],[-111.977546,44.822901],[-111.978195,44.82363],[-111.979423,44.82424],[-111.98014,44.824763],[-111.9803,44.825163],[-111.980506,44.825384],[-111.981376,44.825808],[-111.982002,44.825888]]}},{"type":"Feature","properties":{"id":"wat-b589","kind":"water","name":"West Fork Madison River","acres":null,"editable":false,"source":"USGS 3DHP flowlines (Channel Line)"},"geometry":{"type":"LineString","coordinates":[[-111.871022,44.755836],[-111.87071,44.755694],[-111.869382,44.754699]]}},{"type":"Feature","properties":{"id":"wat-b590","kind":"water","name":"Creek","acres":null,"editable":false,"source":"USGS 3DHP flowlines (Channel Line)"},"geometry":{"type":"LineString","coordinates":[[-111.883535,44.739928],[-111.884115,44.739878],[-111.886244,44.739912],[-111.887991,44.739592],[-111.889601,44.739455],[-111.890463,44.739256],[-111.89131,44.739279],[-111.892599,44.739142],[-111.89308,44.738959],[-111.894942,44.737837],[-111.895544,44.737726],[-111.896765,44.737715],[-111.897826,44.737566],[-111.898726,44.737749],[-111.899466,44.73757],[-111.900221,44.737185],[-111.900595,44.736513],[-111.900901,44.736223]]}},{"type":"Feature","properties":{"id":"wat-b591","kind":"water","name":"Creek","acres":null,"editable":false,"source":"USGS 3DHP flowlines (Channel Line)"},"geometry":{"type":"LineString","coordinates":[[-111.924544,44.637433],[-111.924666,44.637506],[-111.924674,44.637685]]}},{"type":"Feature","properties":{"id":"wat-b592","kind":"water","name":"Creek","acres":null,"editable":false,"source":"USGS 3DHP flowlines (Channel Line)"},"geometry":{"type":"LineString","coordinates":[[-111.907042,44.677885],[-111.9075,44.677759],[-111.908156,44.677416],[-111.90843,44.676817],[-111.908446,44.676443],[-111.908942,44.676084],[-111.909025,44.675581],[-111.909735,44.674741],[-111.90975,44.673902],[-111.90988,44.673658],[-111.909949,44.673105],[-111.910521,44.672258],[-111.911002,44.671312],[-111.912009,44.67106],[-111.912115,44.670915],[-111.912535,44.670679],[-111.912825,44.670648],[-111.91313,44.670751],[-111.913382,44.67053],[-111.91371,44.670393],[-111.914092,44.669981],[-111.914664,44.669817],[-111.914946,44.669622],[-111.914969,44.669023],[-111.91458,44.668565],[-111.914092,44.668253],[-111.913603,44.667661],[-111.913825,44.667387],[-111.914206,44.667276],[-111.91458,44.667276],[-111.915053,44.666868],[-111.91532,44.666547],[-111.915335,44.666082],[-111.915709,44.665369],[-111.915511,44.665121],[-111.914679,44.664754],[-111.914656,44.664564],[-111.91442,44.66427],[-111.914374,44.663831],[-111.914099,44.663614],[-111.914122,44.663354],[-111.913809,44.663026],[-111.913512,44.661882],[-111.913779,44.661436],[-111.913626,44.660966],[-111.913061,44.660612],[-111.912939,44.660375],[-111.913412,44.659837],[-111.914061,44.65962],[-111.914046,44.659444],[-111.913702,44.659181],[-111.913596,44.65896],[-111.91374,44.658266],[-111.913603,44.658071],[-111.913626,44.657617],[-111.913733,44.657415],[-111.913962,44.657331],[-111.914305,44.656957],[-111.914389,44.656728],[-111.914351,44.656354],[-111.914496,44.656244],[-111.914503,44.655942],[-111.914915,44.655489],[-111.914839,44.655077],[-111.914954,44.654859],[-111.914549,44.654024],[-111.914625,44.653284],[-111.914366,44.652845],[-111.914442,44.652132],[-111.914175,44.651308],[-111.914572,44.651037],[-111.914549,44.650922],[-111.914114,44.650358],[-111.913832,44.65014],[-111.913519,44.649171],[-111.913573,44.648492],[-111.913771,44.648275],[-111.913824,44.647974],[-111.91371,44.647615],[-111.914244,44.647161],[-111.914259,44.646944],[-111.914389,44.646806],[-111.914709,44.646795],[-111.915045,44.646558],[-111.915129,44.64623],[-111.915343,44.646146],[-111.915999,44.646165],[-111.91651,44.646314],[-111.916716,44.646066],[-111.91709,44.646062],[-111.917303,44.645891],[-111.917555,44.645864]]}},{"type":"Feature","properties":{"id":"wat-b593","kind":"water","name":"Creek","acres":null,"editable":false,"source":"USGS 3DHP flowlines (Channel Line)"},"geometry":{"type":"LineString","coordinates":[[-111.910215,44.797218],[-111.910444,44.797237]]}},{"type":"Feature","properties":{"id":"wat-b594","kind":"water","name":"Creek","acres":null,"editable":false,"source":"USGS 3DHP flowlines (Channel Line)"},"geometry":{"type":"LineString","coordinates":[[-111.825797,44.632308],[-111.82666,44.632655]]}},{"type":"Feature","properties":{"id":"wat-b595","kind":"water","name":"Creek","acres":null,"editable":false,"source":"USGS 3DHP flowlines (Channel Line)"},"geometry":{"type":"LineString","coordinates":[[-111.87849,44.611837],[-111.879321,44.612371],[-111.880588,44.612902],[-111.881809,44.614328],[-111.882358,44.614706],[-111.883381,44.61516]]}},{"type":"Feature","properties":{"id":"wat-b596","kind":"water","name":"Creek","acres":null,"editable":false,"source":"USGS 3DHP flowlines (Channel Line)"},"geometry":{"type":"LineString","coordinates":[[-111.794638,44.634662],[-111.794783,44.634815],[-111.795218,44.634964],[-111.795447,44.635154],[-111.795958,44.635276],[-111.795958,44.635398],[-111.795698,44.635414]]}},{"type":"Feature","properties":{"id":"wat-b597","kind":"water","name":"Creek","acres":null,"editable":false,"source":"USGS 3DHP flowlines (Channel Line)"},"geometry":{"type":"LineString","coordinates":[[-111.676175,44.831731],[-111.676007,44.831654],[-111.675801,44.831666],[-111.67529,44.831441],[-111.675412,44.831265],[-111.674916,44.830796],[-111.674497,44.829339],[-111.673963,44.828984],[-111.67365,44.828347],[-111.673207,44.82816],[-111.673116,44.827824],[-111.673344,44.826779],[-111.67323,44.826516],[-111.673383,44.826249],[-111.672215,44.825692],[-111.672635,44.825177],[-111.672582,44.824979],[-111.67104,44.824582],[-111.67043,44.824326],[-111.669812,44.823914],[-111.669774,44.82269],[-111.66953,44.8219],[-111.669652,44.821595],[-111.66956,44.821412],[-111.669057,44.821164],[-111.667309,44.82084],[-111.665104,44.820679],[-111.66441,44.820798],[-111.663334,44.820512],[-111.662266,44.820504],[-111.660969,44.819901],[-111.660435,44.82002],[-111.659855,44.819852],[-111.65971,44.819615],[-111.659733,44.81947],[-111.659466,44.819096]]}},{"type":"Feature","properties":{"id":"wat-b598","kind":"water","name":"Sparrow Slough","acres":null,"editable":false,"source":"USGS 3DHP flowlines (Channel Line)"},"geometry":{"type":"LineString","coordinates":[[-111.791097,44.620181],[-111.790967,44.620368],[-111.790487,44.620357],[-111.790456,44.620574],[-111.790113,44.620754],[-111.790281,44.621131],[-111.789701,44.621005],[-111.789541,44.62107],[-111.789571,44.621299],[-111.7898,44.621616],[-111.78951,44.621734],[-111.789693,44.621993],[-111.7898,44.62202],[-111.790372,44.621822],[-111.790487,44.621841],[-111.790105,44.622528],[-111.790273,44.622684],[-111.789991,44.62281],[-111.789922,44.622959],[-111.789991,44.623115],[-111.790586,44.623187],[-111.790777,44.623279],[-111.790647,44.623531],[-111.790205,44.623809],[-111.789938,44.624111],[-111.78996,44.624259],[-111.79025,44.624473],[-111.790395,44.624801],[-111.790144,44.624904],[-111.789426,44.624694],[-111.789037,44.624809],[-111.788671,44.625465],[-111.789068,44.625976],[-111.788961,44.626544],[-111.788511,44.626579],[-111.788343,44.626678],[-111.788267,44.627029],[-111.788412,44.627319],[-111.788305,44.627559],[-111.787931,44.627597],[-111.787725,44.627895],[-111.787336,44.627967],[-111.786977,44.628196],[-111.786848,44.628219],[-111.786466,44.628093],[-111.786291,44.628131],[-111.786191,44.628425],[-111.785863,44.628856],[-111.786268,44.629203],[-111.786275,44.629608],[-111.785497,44.629871],[-111.785444,44.629974],[-111.785528,44.630165],[-111.785077,44.630462],[-111.785207,44.630912],[-111.785131,44.631034],[-111.784871,44.631137],[-111.784391,44.631141],[-111.783895,44.631374],[-111.783712,44.631752],[-111.783231,44.631805],[-111.783063,44.631942],[-111.783277,44.632217],[-111.783193,44.632278],[-111.782895,44.632267],[-111.782552,44.632061],[-111.782377,44.632095],[-111.782087,44.632515],[-111.78185,44.632591],[-111.781163,44.632507],[-111.780706,44.632713],[-111.780416,44.632957],[-111.780316,44.63332],[-111.78069,44.633701],[-111.780675,44.633957],[-111.780957,44.634094],[-111.780973,44.634239],[-111.780622,44.634605],[-111.780164,44.634903],[-111.780362,44.635128],[-111.780385,44.635357],[-111.780606,44.635479],[-111.780637,44.635864],[-111.780271,44.635978],[-111.780111,44.63639],[-111.780347,44.63678],[-111.779752,44.637092]]}},{"type":"Feature","properties":{"id":"wat-b599","kind":"water","name":"Creek","acres":null,"editable":false,"source":"USGS 3DHP flowlines (Channel Line)"},"geometry":{"type":"LineString","coordinates":[[-111.820968,44.629333],[-111.821159,44.629012]]}},{"type":"Feature","properties":{"id":"wat-b600","kind":"water","name":"Creek","acres":null,"editable":false,"source":"USGS 3DHP flowlines (Channel Line)"},"geometry":{"type":"LineString","coordinates":[[-111.675014,44.723425],[-111.675449,44.723322],[-111.675609,44.723147],[-111.676113,44.722968],[-111.676715,44.722907],[-111.677562,44.723071],[-111.678791,44.722773],[-111.679821,44.722659],[-111.680225,44.722533],[-111.680973,44.721735],[-111.681835,44.721148],[-111.682109,44.720816],[-111.683078,44.720515],[-111.684185,44.720461],[-111.68494,44.720629],[-111.685299,44.720515],[-111.68594,44.720473],[-111.68687,44.720759],[-111.68726,44.720805],[-111.687679,44.720694],[-111.687969,44.720877],[-111.688221,44.720724],[-111.688793,44.720663],[-111.689632,44.720377],[-111.69083,44.720187],[-111.691715,44.720186],[-111.692074,44.71987],[-111.692455,44.720217],[-111.693432,44.720141],[-111.693645,44.720228],[-111.694279,44.720267],[-111.694401,44.720103],[-111.694782,44.720125],[-111.695095,44.719965],[-111.69508,44.719736],[-111.69524,44.719675],[-111.695339,44.719526],[-111.695973,44.719286],[-111.696362,44.71884],[-111.696529,44.718878],[-111.696766,44.718813],[-111.697544,44.719069],[-111.69788,44.719313],[-111.698246,44.719301],[-111.698345,44.719443],[-111.69891,44.719439],[-111.699192,44.719549],[-111.699726,44.719786],[-111.700489,44.720278],[-111.700695,44.720347],[-111.701016,44.720316],[-111.701573,44.720213],[-111.702046,44.719889],[-111.702725,44.719675],[-111.70303,44.719404],[-111.703213,44.718836],[-111.703739,44.718168],[-111.70448,44.717764],[-111.70464,44.717737],[-111.705151,44.717932],[-111.705639,44.717985],[-111.707806,44.718668],[-111.708096,44.718657],[-111.708271,44.718534],[-111.708714,44.718447],[-111.709469,44.718027],[-111.710011,44.717615],[-111.710904,44.717394],[-111.710942,44.717245],[-111.711613,44.716574],[-111.712117,44.716246],[-111.71246,44.716249],[-111.71288,44.71636],[-111.713711,44.716749],[-111.714825,44.717142],[-111.715611,44.717131],[-111.716504,44.717256],[-111.71687,44.717203]]}},{"type":"Feature","properties":{"id":"wat-b601","kind":"water","name":"Cascade Creek","acres":null,"editable":false,"source":"USGS 3DHP flowlines (Channel Line)"},"geometry":{"type":"LineString","coordinates":[[-111.806528,44.801309],[-111.80678,44.80089],[-111.807581,44.799963],[-111.807916,44.798284],[-111.808077,44.79492],[-111.807756,44.794271]]}},{"type":"Feature","properties":{"id":"wat-b602","kind":"water","name":"Creek","acres":null,"editable":false,"source":"USGS 3DHP flowlines (Channel Line)"},"geometry":{"type":"LineString","coordinates":[[-111.937965,44.793589],[-111.937644,44.79333],[-111.937507,44.79307],[-111.93695,44.793036],[-111.935752,44.792181],[-111.935454,44.7918],[-111.933921,44.790652],[-111.933326,44.790339]]}},{"type":"Feature","properties":{"id":"wat-b603","kind":"water","name":"Creek","acres":null,"editable":false,"source":"USGS 3DHP flowlines (Channel Line)"},"geometry":{"type":"LineString","coordinates":[[-111.958411,44.816393],[-111.958426,44.817278],[-111.95819,44.819956],[-111.958297,44.820681],[-111.958571,44.821555],[-111.958464,44.822535],[-111.958106,44.823523],[-111.957373,44.824515],[-111.956816,44.824996],[-111.956725,44.825465]]}},{"type":"Feature","properties":{"id":"wat-b604","kind":"water","name":"Dirty Creek","acres":null,"editable":false,"source":"USGS 3DHP flowlines (Channel Line)"},"geometry":{"type":"LineString","coordinates":[[-111.699888,44.804497],[-111.699346,44.80481],[-111.698866,44.805351],[-111.698904,44.806061],[-111.699224,44.806458],[-111.699621,44.806694],[-111.699773,44.806988],[-111.699484,44.808014],[-111.698873,44.808445]]}},{"type":"Feature","properties":{"id":"wat-b605","kind":"water","name":"West Fork Madison River","acres":null,"editable":false,"source":"USGS 3DHP flowlines (Channel Line)"},"geometry":{"type":"LineString","coordinates":[[-111.756194,44.73876],[-111.755675,44.738534],[-111.755553,44.738645],[-111.755683,44.73887],[-111.755599,44.738996],[-111.755072,44.738977],[-111.754492,44.738382],[-111.754172,44.738298],[-111.754058,44.738096],[-111.753722,44.738222],[-111.753554,44.738206],[-111.753432,44.738172],[-111.753363,44.738004],[-111.752913,44.737958],[-111.752646,44.737604],[-111.751998,44.737642],[-111.751128,44.737283],[-111.751013,44.737486],[-111.751318,44.737707],[-111.751227,44.737875],[-111.750937,44.738111],[-111.750693,44.737985],[-111.750647,44.737806],[-111.750456,44.738039],[-111.750548,44.73831],[-111.750433,44.738451],[-111.750128,44.738561],[-111.749777,44.7385],[-111.749335,44.738283],[-111.749258,44.738546],[-111.748862,44.738706],[-111.748747,44.738725],[-111.748412,44.73858],[-111.748152,44.738722],[-111.747733,44.738611],[-111.747252,44.738687],[-111.747145,44.738481],[-111.747603,44.738409],[-111.747382,44.738176],[-111.746703,44.737943],[-111.746336,44.738008],[-111.745947,44.737978],[-111.745245,44.738115],[-111.744788,44.738607],[-111.744612,44.73855],[-111.744665,44.738252],[-111.744536,44.738195],[-111.743803,44.738531],[-111.743773,44.738756],[-111.743414,44.739027],[-111.742872,44.739118],[-111.742842,44.739183],[-111.743574,44.73921],[-111.743658,44.739366],[-111.742987,44.739614],[-111.742743,44.739816],[-111.742102,44.739889],[-111.741911,44.740183],[-111.741606,44.740228],[-111.741316,44.740396],[-111.740881,44.740301],[-111.740736,44.740351],[-111.740538,44.740682],[-111.740767,44.740843],[-111.740515,44.741007],[-111.740294,44.741331],[-111.739752,44.741419],[-111.739714,44.741529],[-111.739973,44.741831],[-111.739928,44.741941],[-111.739615,44.742082],[-111.738852,44.742216],[-111.738608,44.7428],[-111.738386,44.742781]]}},{"type":"Feature","properties":{"id":"wat-b606","kind":"water","name":"Creek","acres":null,"editable":false,"source":"USGS 3DHP flowlines (Channel Line)"},"geometry":{"type":"LineString","coordinates":[[-111.877132,44.658392],[-111.87727,44.657551],[-111.876905,44.656602],[-111.87682,44.655781],[-111.878007,44.654513]]}},{"type":"Feature","properties":{"id":"wat-b607","kind":"water","name":"Creek","acres":null,"editable":false,"source":"USGS 3DHP flowlines (Channel Line)"},"geometry":{"type":"LineString","coordinates":[[-111.946046,44.687882],[-111.945588,44.68768],[-111.945283,44.687413],[-111.944428,44.687306],[-111.944283,44.687158],[-111.943451,44.68702],[-111.942994,44.686746],[-111.942467,44.686555],[-111.941857,44.686444],[-111.941017,44.686463],[-111.938301,44.686116],[-111.937012,44.686418],[-111.936073,44.686406],[-111.935013,44.686956],[-111.933571,44.686956],[-111.932884,44.686818],[-111.932381,44.686807],[-111.932091,44.686696],[-111.930847,44.686586],[-111.929863,44.68625],[-111.929626,44.686204],[-111.929367,44.686258],[-111.928512,44.68612],[-111.927192,44.685781]]}},{"type":"Feature","properties":{"id":"wat-b608","kind":"water","name":"Creek","acres":null,"editable":false,"source":"USGS 3DHP flowlines (Channel Line)"},"geometry":{"type":"LineString","coordinates":[[-111.723339,44.688577],[-111.723629,44.688321],[-111.724255,44.688066],[-111.724972,44.688226],[-111.725933,44.688276],[-111.726383,44.688371],[-111.726841,44.688676],[-111.727459,44.68937],[-111.728756,44.689931],[-111.729306,44.690023],[-111.730114,44.690034],[-111.730595,44.690187],[-111.730786,44.690366],[-111.731266,44.690572],[-111.731724,44.691125],[-111.732747,44.691705],[-111.733136,44.691777],[-111.73412,44.691678],[-111.73515,44.692205],[-111.735554,44.692247],[-111.736104,44.691716],[-111.737622,44.690664],[-111.738507,44.689855],[-111.739552,44.688092],[-111.740002,44.687661],[-111.740864,44.687043],[-111.742673,44.686227],[-111.743504,44.685464],[-111.744374,44.684945],[-111.744786,44.684861],[-111.746319,44.684884],[-111.747616,44.684773]]}},{"type":"Feature","properties":{"id":"wat-b609","kind":"water","name":"Creek","acres":null,"editable":false,"source":"USGS 3DHP flowlines (Channel Line)"},"geometry":{"type":"LineString","coordinates":[[-111.931298,44.73932],[-111.931092,44.739103],[-111.931015,44.738359],[-111.930611,44.73763],[-111.929848,44.736917],[-111.929497,44.736341],[-111.928223,44.735364],[-111.927307,44.735124],[-111.926277,44.735136],[-111.925896,44.734903],[-111.925644,44.73488],[-111.925255,44.734716],[-111.924721,44.734766],[-111.924293,44.734621],[-111.922767,44.735006],[-111.922424,44.734998],[-111.921707,44.734804]]}},{"type":"Feature","properties":{"id":"wat-b610","kind":"water","name":"Creek","acres":null,"editable":false,"source":"USGS 3DHP flowlines (Channel Line)"},"geometry":{"type":"LineString","coordinates":[[-111.948709,44.731919],[-111.949533,44.731835],[-111.950189,44.731427],[-111.950395,44.731149],[-111.950685,44.730988],[-111.952379,44.730615],[-111.953126,44.730092],[-111.953645,44.729569],[-111.953859,44.728803],[-111.953897,44.728627],[-111.953783,44.72831],[-111.953836,44.727872],[-111.953744,44.727723]]}},{"type":"Feature","properties":{"id":"wat-b611","kind":"water","name":"Creek","acres":null,"editable":false,"source":"USGS 3DHP flowlines (Channel Line)"},"geometry":{"type":"LineString","coordinates":[[-111.747253,44.795753],[-111.747169,44.795127],[-111.746986,44.794688],[-111.745658,44.792972],[-111.744765,44.792201],[-111.743758,44.79161],[-111.743125,44.791392],[-111.742759,44.791152],[-111.741622,44.790095],[-111.741118,44.789451],[-111.740607,44.78902],[-111.739737,44.788073],[-111.739615,44.787906],[-111.739562,44.787436],[-111.739737,44.786841],[-111.739264,44.7853]]}},{"type":"Feature","properties":{"id":"wat-b612","kind":"water","name":"Creek","acres":null,"editable":false,"source":"USGS 3DHP flowlines (Channel Line)"},"geometry":{"type":"LineString","coordinates":[[-111.842807,44.775212],[-111.843738,44.774784],[-111.844043,44.774468],[-111.844066,44.774079],[-111.843853,44.7734],[-111.843936,44.772465],[-111.844097,44.772061],[-111.844066,44.771557],[-111.844547,44.770512],[-111.845203,44.770226],[-111.845401,44.769981],[-111.846233,44.769936],[-111.846576,44.769554],[-111.84711,44.769287]]}},{"type":"Feature","properties":{"id":"wat-b613","kind":"water","name":"Creek","acres":null,"editable":false,"source":"USGS 3DHP flowlines (Channel Line)"},"geometry":{"type":"LineString","coordinates":[[-111.679394,44.771064],[-111.679165,44.77082],[-111.678845,44.770656],[-111.678364,44.77053],[-111.677121,44.770385],[-111.676556,44.770095],[-111.675526,44.768733],[-111.674992,44.768443],[-111.674435,44.76794],[-111.673504,44.767482],[-111.67326,44.767143],[-111.673435,44.766326],[-111.673359,44.766014],[-111.673153,44.765727],[-111.67255,44.765346],[-111.671932,44.764816],[-111.671742,44.764488],[-111.670773,44.764133],[-111.670414,44.764469],[-111.669903,44.764564],[-111.669872,44.765071],[-111.669552,44.76519],[-111.669201,44.76509],[-111.668819,44.764743]]}}]}