{"type":"FeatureCollection","features":[{"type":"Feature","properties":{"id":"excl-a-1","kind":"exclusion","name":"Creek exclusion zone","acres":5.8,"editable":true,"source":"MAP mesic valley bottoms + 10-yr NDVI persistence + IrrMapper + NWI (V3 rule) + collar shape rules (4 Sep 2026)","strm_type":"Intermittent","veg_pct":39.7,"pts":7,"enforce":"ok"},"geometry":{"type":"Polygon","coordinates":[[[-108.520165,42.529135],[-108.520139,42.529075],[-108.522986,42.528176],[-108.526387,42.526428],[-108.526517,42.5265],[-108.526526,42.526651],[-108.523641,42.528532],[-108.520165,42.529135]]]}},{"type":"Feature","properties":{"id":"excl-a-2","kind":"exclusion","name":"Creek exclusion zone","acres":9.7,"editable":true,"source":"MAP mesic valley bottoms + 10-yr NDVI persistence + IrrMapper + NWI (V3 rule) + collar shape rules (4 Sep 2026)","strm_type":"Intermittent","veg_pct":52.7,"pts":9,"enforce":"ok"},"geometry":{"type":"Polygon","coordinates":[[[-108.522063,42.534293],[-108.520243,42.534332],[-108.520079,42.534176],[-108.520142,42.534015],[-108.523506,42.534004],[-108.526303,42.535385],[-108.53043,42.535686],[-108.530428,42.535735],[-108.526242,42.53585],[-108.522063,42.534293]]]}},{"type":"Feature","properties":{"id":"excl-a-3","kind":"exclusion","name":"Creek exclusion zone","acres":16.7,"editable":true,"source":"MAP mesic valley bottoms + 10-yr NDVI persistence + IrrMapper + NWI (V3 rule) + collar shape rules (4 Sep 2026)","strm_type":"Perennial","veg_pct":79.5,"pts":15,"enforce":"ok"},"geometry":{"type":"Polygon","coordinates":[[[-108.601908,42.564853],[-108.602089,42.564879],[-108.602084,42.565877],[-108.602525,42.566238],[-108.605501,42.564994],[-108.608484,42.56257],[-108.612243,42.560886],[-108.612387,42.561076],[-108.611679,42.561324],[-108.608567,42.562939],[-108.606075,42.565159],[-108.601519,42.567114],[-108.598334,42.569475],[-108.597934,42.5692],[-108.60043,42.567569],[-108.601908,42.564853]]]}},{"type":"Feature","properties":{"id":"excl-a-4","kind":"exclusion","name":"Creek exclusion zone","acres":16.4,"editable":true,"source":"MAP mesic valley bottoms + 10-yr NDVI persistence + IrrMapper + NWI (V3 rule) + collar shape rules (4 Sep 2026)","strm_type":"Perennial","veg_pct":79.5,"pts":13,"enforce":"ok"},"geometry":{"type":"Polygon","coordinates":[[[-108.592661,42.573789],[-108.593765,42.571922],[-108.597934,42.5692],[-108.598334,42.569475],[-108.594576,42.572262],[-108.593652,42.574139],[-108.591717,42.575717],[-108.591325,42.575847],[-108.590912,42.575659],[-108.590881,42.575216],[-108.59076,42.575221],[-108.590755,42.575199],[-108.591094,42.575122],[-108.592661,42.573789]]]}},{"type":"Feature","properties":{"id":"excl-a-5","kind":"exclusion","name":"Creek exclusion zone","acres":5.4,"editable":true,"source":"MAP mesic valley bottoms + 10-yr NDVI persistence + IrrMapper + NWI (V3 rule) + collar shape rules (4 Sep 2026)","strm_type":"Intermittent","veg_pct":48.5,"pts":12,"enforce":"ok"},"geometry":{"type":"Polygon","coordinates":[[[-108.592098,42.580994],[-108.595696,42.579686],[-108.595826,42.579806],[-108.59533,42.580256],[-108.593235,42.580949],[-108.592063,42.581784],[-108.592056,42.58179],[-108.588485,42.580815],[-108.591606,42.58166],[-108.591684,42.581558],[-108.590406,42.580799],[-108.590457,42.580752],[-108.592098,42.580994]]]}},{"type":"Feature","properties":{"id":"excl-a-6","kind":"exclusion","name":"Creek exclusion zone","acres":18.7,"editable":true,"source":"MAP mesic valley bottoms + 10-yr NDVI persistence + IrrMapper + NWI (V3 rule) + collar shape rules (4 Sep 2026)","strm_type":"Perennial","veg_pct":80.6,"pts":27,"enforce":"ok"},"geometry":{"type":"Polygon","coordinates":[[[-108.588485,42.580815],[-108.586891,42.579601],[-108.586727,42.579653],[-108.586268,42.578575],[-108.586044,42.578544],[-108.585963,42.578381],[-108.586209,42.578157],[-108.586439,42.577116],[-108.58885,42.575633],[-108.589933,42.575386],[-108.590423,42.57564],[-108.590451,42.576064],[-108.590573,42.576059],[-108.590583,42.576092],[-108.589517,42.576444],[-108.586997,42.57826],[-108.58713,42.579192],[-108.589569,42.580621],[-108.589874,42.580666],[-108.589882,42.58072],[-108.58977,42.580756],[-108.58998,42.58111],[-108.590426,42.580966],[-108.590355,42.580846],[-108.590406,42.580799],[-108.591684,42.581558],[-108.591606,42.58166],[-108.588485,42.580815]]]}},{"type":"Feature","properties":{"id":"excl-a-7","kind":"exclusion","name":"Creek exclusion zone","acres":0.2,"editable":true,"source":"MAP mesic valley bottoms + 10-yr NDVI persistence + IrrMapper + NWI (V3 rule) + collar shape rules (4 Sep 2026)","strm_type":"Perennial","veg_pct":93.1,"pts":8,"enforce":"ok"},"geometry":{"type":"Polygon","coordinates":[[[-108.590676,42.575545],[-108.590766,42.575565],[-108.590831,42.575616],[-108.590826,42.575751],[-108.590665,42.575815],[-108.590575,42.575795],[-108.59051,42.575744],[-108.590515,42.575609],[-108.590676,42.575545]]]}},{"type":"Feature","properties":{"id":"excl-a-8","kind":"exclusion","name":"Creek exclusion zone","acres":0.2,"editable":true,"source":"MAP mesic valley bottoms + 10-yr NDVI persistence + IrrMapper + NWI (V3 rule) + collar shape rules (4 Sep 2026)","strm_type":"Intermittent","veg_pct":61.9,"pts":8,"enforce":"ok"},"geometry":{"type":"Polygon","coordinates":[[[-108.59011,42.580738],[-108.590201,42.580758],[-108.590266,42.580809],[-108.590261,42.580944],[-108.5901,42.581008],[-108.590009,42.580988],[-108.589944,42.580937],[-108.58995,42.580802],[-108.59011,42.580738]]]}},{"type":"Feature","properties":{"id":"excl-a-9","kind":"exclusion","name":"Creek exclusion zone","acres":0.4,"editable":true,"source":"MAP mesic valley bottoms + 10-yr NDVI persistence + IrrMapper + NWI (V3 rule) + collar shape rules (4 Sep 2026)","strm_type":"Other","veg_pct":59.6,"pts":7,"enforce":"ok"},"geometry":{"type":"Polygon","coordinates":[[[-108.646226,42.556131],[-108.646266,42.556824],[-108.646226,42.55684],[-108.64609,42.556769],[-108.645739,42.556588],[-108.646072,42.556453],[-108.646054,42.556137],[-108.646226,42.556131]]]}},{"type":"Feature","properties":{"id":"excl-a-10","kind":"exclusion","name":"Creek exclusion zone","acres":18.8,"editable":true,"source":"MAP mesic valley bottoms + 10-yr NDVI persistence + IrrMapper + NWI (V3 rule) + collar shape rules (4 Sep 2026)","strm_type":"Perennial","veg_pct":95.3,"pts":22,"enforce":"ok"},"geometry":{"type":"Polygon","coordinates":[[[-108.623194,42.55553],[-108.62578,42.553691],[-108.632201,42.552485],[-108.635878,42.553255],[-108.643455,42.553688],[-108.644211,42.553969],[-108.644759,42.555207],[-108.645881,42.556142],[-108.645967,42.556139],[-108.646007,42.556461],[-108.645739,42.556588],[-108.644949,42.556179],[-108.644114,42.554691],[-108.642832,42.553956],[-108.637641,42.553775],[-108.631862,42.552734],[-108.626241,42.553776],[-108.622821,42.556005],[-108.620687,42.55702],[-108.619481,42.557333],[-108.619384,42.55713],[-108.620578,42.556842],[-108.623194,42.55553]]]}},{"type":"Feature","properties":{"id":"excl-a-11","kind":"exclusion","name":"Creek exclusion zone","acres":10.0,"editable":true,"source":"MAP mesic valley bottoms + 10-yr NDVI persistence + IrrMapper + NWI (V3 rule) + collar shape rules (4 Sep 2026)","strm_type":"Perennial","veg_pct":97.9,"pts":17,"enforce":"ok"},"geometry":{"type":"Polygon","coordinates":[[[-108.615977,42.559515],[-108.614717,42.560062],[-108.614721,42.560422],[-108.615606,42.560792],[-108.619044,42.560168],[-108.622041,42.560506],[-108.622037,42.560534],[-108.619693,42.560406],[-108.615494,42.560999],[-108.613567,42.560663],[-108.612387,42.561076],[-108.612243,42.560886],[-108.615709,42.559333],[-108.617929,42.557482],[-108.619384,42.55713],[-108.619481,42.557333],[-108.618275,42.557646],[-108.615977,42.559515]]]}},{"type":"Feature","properties":{"id":"excl-a-12","kind":"exclusion","name":"Creek exclusion zone","acres":0.1,"editable":true,"source":"MAP mesic valley bottoms + 10-yr NDVI persistence + IrrMapper + NWI (V3 rule) + collar shape rules (4 Sep 2026)","strm_type":"Other","veg_pct":55.7,"pts":7,"enforce":"narrow"},"geometry":{"type":"Polygon","coordinates":[[[-108.646226,42.556131],[-108.646398,42.556126],[-108.646399,42.556133],[-108.646278,42.556145],[-108.646373,42.556681],[-108.64632,42.556707],[-108.646258,42.556681],[-108.646226,42.556131]]]}},{"type":"Feature","properties":{"id":"excl-a-13","kind":"exclusion","name":"Creek exclusion zone","acres":2.2,"editable":true,"source":"MAP mesic valley bottoms + 10-yr NDVI persistence + IrrMapper + NWI (V3 rule) + collar shape rules (4 Sep 2026)","strm_type":"Intermittent","veg_pct":64.0,"pts":10,"enforce":"ok"},"geometry":{"type":"Polygon","coordinates":[[[-108.648273,42.5584],[-108.647104,42.557295],[-108.646913,42.557196],[-108.646949,42.557137],[-108.647546,42.557242],[-108.64832,42.557504],[-108.648673,42.5578],[-108.648764,42.55774],[-108.648831,42.557769],[-108.648672,42.558332],[-108.648273,42.5584]]]}},{"type":"Feature","properties":{"id":"excl-a-14","kind":"exclusion","name":"Creek exclusion zone","acres":2.8,"editable":true,"source":"MAP mesic valley bottoms + 10-yr NDVI persistence + IrrMapper + NWI (V3 rule) + collar shape rules (4 Sep 2026)","strm_type":"Intermittent","veg_pct":64.0,"pts":8,"enforce":"ok"},"geometry":{"type":"Polygon","coordinates":[[[-108.649056,42.556967],[-108.648964,42.557296],[-108.648767,42.557334],[-108.648616,42.557208],[-108.647706,42.5569],[-108.646878,42.556754],[-108.646764,42.556114],[-108.647263,42.556099],[-108.649056,42.556967]]]}},{"type":"Feature","properties":{"id":"excl-a-15","kind":"exclusion","name":"Creek exclusion zone","acres":4.8,"editable":true,"source":"MAP mesic valley bottoms + 10-yr NDVI persistence + IrrMapper + NWI (V3 rule) + collar shape rules (4 Sep 2026)","strm_type":"Intermittent","veg_pct":44.2,"pts":6,"enforce":"ok"},"geometry":{"type":"Polygon","coordinates":[[[-108.570137,42.585149],[-108.571233,42.586256],[-108.570899,42.586436],[-108.56828,42.583675],[-108.568916,42.583294],[-108.569949,42.584236],[-108.570137,42.585149]]]}},{"type":"Feature","properties":{"id":"excl-a-16","kind":"exclusion","name":"Creek exclusion zone","acres":1.1,"editable":true,"source":"MAP mesic valley bottoms + 10-yr NDVI persistence + IrrMapper + NWI (V3 rule) + collar shape rules (4 Sep 2026)","strm_type":"Intermittent","veg_pct":37.6,"pts":7,"enforce":"ok"},"geometry":{"type":"Polygon","coordinates":[[[-108.56828,42.583675],[-108.568108,42.583494],[-108.567883,42.583017],[-108.567994,42.58293],[-108.568162,42.582965],[-108.568399,42.582823],[-108.568916,42.583294],[-108.56828,42.583675]]]}},{"type":"Feature","properties":{"id":"excl-a-17","kind":"exclusion","name":"Creek exclusion zone","acres":0.3,"editable":true,"source":"MAP mesic valley bottoms + 10-yr NDVI persistence + IrrMapper + NWI (V3 rule) + collar shape rules (4 Sep 2026)","strm_type":"Intermittent","veg_pct":42.7,"pts":7,"enforce":"ok"},"geometry":{"type":"Polygon","coordinates":[[[-108.568162,42.582965],[-108.567825,42.582894],[-108.56775,42.582734],[-108.567834,42.582668],[-108.567961,42.582695],[-108.568141,42.582588],[-108.568399,42.582823],[-108.568162,42.582965]]]}},{"type":"Feature","properties":{"id":"excl-a-18","kind":"exclusion","name":"Creek exclusion zone","acres":28.9,"editable":true,"source":"MAP mesic valley bottoms + 10-yr NDVI persistence + IrrMapper + NWI (V3 rule) + collar shape rules (4 Sep 2026)","strm_type":"Perennial","veg_pct":72.0,"pts":27,"enforce":"ok"},"geometry":{"type":"Polygon","coordinates":[[[-108.563413,42.57609],[-108.564221,42.576095],[-108.56513,42.576642],[-108.565418,42.577573],[-108.567077,42.578404],[-108.56869,42.580493],[-108.569902,42.580289],[-108.569994,42.580586],[-108.570052,42.580623],[-108.569696,42.581076],[-108.569923,42.581478],[-108.570158,42.581523],[-108.569941,42.582141],[-108.569389,42.58232],[-108.568167,42.58184],[-108.568025,42.582096],[-108.567208,42.581849],[-108.56715,42.581921],[-108.566075,42.581273],[-108.566069,42.580171],[-108.566661,42.579225],[-108.564328,42.577314],[-108.563197,42.576945],[-108.562815,42.577004],[-108.562499,42.576779],[-108.562534,42.576628],[-108.562151,42.576381],[-108.563413,42.57609]]]}},{"type":"Feature","properties":{"id":"excl-a-19","kind":"exclusion","name":"Creek exclusion zone","acres":14.1,"editable":true,"source":"MAP mesic valley bottoms + 10-yr NDVI persistence + IrrMapper + NWI (V3 rule) + collar shape rules (4 Sep 2026)","strm_type":"Perennial","veg_pct":63.1,"pts":15,"enforce":"ok"},"geometry":{"type":"Polygon","coordinates":[[[-108.560199,42.577406],[-108.557703,42.578898],[-108.557526,42.579599],[-108.555228,42.58035],[-108.554248,42.580133],[-108.553006,42.58024],[-108.552996,42.579965],[-108.553357,42.579974],[-108.558431,42.57825],[-108.559775,42.576928],[-108.562151,42.576381],[-108.562534,42.576628],[-108.562499,42.576779],[-108.562657,42.576891],[-108.5626,42.577037],[-108.560199,42.577406]]]}},{"type":"Feature","properties":{"id":"excl-a-20","kind":"exclusion","name":"Creek exclusion zone","acres":0.6,"editable":true,"source":"MAP mesic valley bottoms + 10-yr NDVI persistence + IrrMapper + NWI (V3 rule) + collar shape rules (4 Sep 2026)","strm_type":"Intermittent","veg_pct":46.1,"pts":8,"enforce":"ok"},"geometry":{"type":"Polygon","coordinates":[[[-108.567947,42.582411],[-108.567778,42.582539],[-108.567656,42.582515],[-108.567452,42.582104],[-108.56715,42.581921],[-108.567208,42.581849],[-108.568025,42.582096],[-108.567883,42.582352],[-108.567947,42.582411]]]}},{"type":"Feature","properties":{"id":"excl-a-21","kind":"exclusion","name":"Creek exclusion zone","acres":0.9,"editable":true,"source":"MAP mesic valley bottoms + 10-yr NDVI persistence + IrrMapper + NWI (V3 rule) + collar shape rules (4 Sep 2026)","strm_type":"Perennial","veg_pct":64.0,"pts":8,"enforce":"ok"},"geometry":{"type":"Polygon","coordinates":[[[-108.570393,42.581568],[-108.570454,42.581751],[-108.570253,42.581884],[-108.57035,42.582369],[-108.569991,42.582556],[-108.569389,42.58232],[-108.569941,42.582141],[-108.570158,42.581523],[-108.570393,42.581568]]]}},{"type":"Feature","properties":{"id":"excl-a-22","kind":"exclusion","name":"Creek exclusion zone","acres":0.1,"editable":true,"source":"MAP mesic valley bottoms + 10-yr NDVI persistence + IrrMapper + NWI (V3 rule) + collar shape rules (4 Sep 2026)","strm_type":"Intermittent","veg_pct":59.7,"pts":5,"enforce":"narrow"},"geometry":{"type":"Polygon","coordinates":[[[-108.571262,42.586423],[-108.57097,42.586511],[-108.570899,42.586436],[-108.571233,42.586256],[-108.571301,42.586324],[-108.571262,42.586423]]]}},{"type":"Feature","properties":{"id":"excl-a-23","kind":"exclusion","name":"Creek exclusion zone","acres":0.7,"editable":true,"source":"MAP mesic valley bottoms + 10-yr NDVI persistence + IrrMapper + NWI (V3 rule) + collar shape rules (4 Sep 2026)","strm_type":"Intermittent","veg_pct":59.7,"pts":6,"enforce":"ok"},"geometry":{"type":"Polygon","coordinates":[[[-108.571368,42.586392],[-108.571887,42.586916],[-108.571527,42.587098],[-108.571232,42.586787],[-108.57097,42.586511],[-108.571368,42.586392]]]}},{"type":"Feature","properties":{"id":"excl-a-24","kind":"exclusion","name":"Creek exclusion zone","acres":1.1,"editable":true,"source":"MAP mesic valley bottoms + 10-yr NDVI persistence + IrrMapper + NWI (V3 rule) + collar shape rules (4 Sep 2026)","strm_type":"Perennial","veg_pct":52.6,"pts":10,"enforce":"ok"},"geometry":{"type":"Polygon","coordinates":[[[-108.576765,42.580734],[-108.575447,42.581644],[-108.575215,42.58146],[-108.576278,42.580727],[-108.576212,42.5806],[-108.57633,42.580477],[-108.576542,42.58048],[-108.576567,42.580527],[-108.5765,42.580574],[-108.576699,42.580608],[-108.576765,42.580734]]]}},{"type":"Feature","properties":{"id":"excl-a-25","kind":"exclusion","name":"Creek exclusion zone","acres":0.4,"editable":true,"source":"MAP mesic valley bottoms + 10-yr NDVI persistence + IrrMapper + NWI (V3 rule) + collar shape rules (4 Sep 2026)","strm_type":"Perennial","veg_pct":58.9,"pts":5,"enforce":"narrow"},"geometry":{"type":"Polygon","coordinates":[[[-108.575215,42.58146],[-108.575099,42.581369],[-108.576145,42.580647],[-108.576245,42.580664],[-108.576278,42.580727],[-108.575215,42.58146]]]}},{"type":"Feature","properties":{"id":"excl-a-26","kind":"exclusion","name":"Creek exclusion zone","acres":0.3,"editable":true,"source":"MAP mesic valley bottoms + 10-yr NDVI persistence + IrrMapper + NWI (V3 rule) + collar shape rules (4 Sep 2026)","strm_type":"Perennial","veg_pct":60.7,"pts":5,"enforce":"narrow"},"geometry":{"type":"Polygon","coordinates":[[[-108.575099,42.581369],[-108.575041,42.581323],[-108.576113,42.580584],[-108.57617,42.580606],[-108.576178,42.58066],[-108.575099,42.581369]]]}},{"type":"Feature","properties":{"id":"excl-a-27","kind":"exclusion","name":"Creek exclusion zone","acres":28.1,"editable":true,"source":"MAP mesic valley bottoms + 10-yr NDVI persistence + IrrMapper + NWI (V3 rule) + collar shape rules (4 Sep 2026)","strm_type":"Perennial","veg_pct":67.7,"pts":30,"enforce":"ok"},"geometry":{"type":"Polygon","coordinates":[[[-108.571892,42.583303],[-108.570185,42.582633],[-108.570171,42.582463],[-108.57035,42.582369],[-108.570253,42.581884],[-108.570654,42.581618],[-108.571179,42.581718],[-108.573955,42.580443],[-108.576147,42.580474],[-108.57616,42.580573],[-108.576137,42.580588],[-108.576113,42.580584],[-108.575041,42.581323],[-108.574984,42.581277],[-108.574453,42.581614],[-108.573427,42.581326],[-108.572237,42.581712],[-108.572696,42.582478],[-108.574356,42.582484],[-108.574669,42.58306],[-108.576585,42.583661],[-108.576338,42.584385],[-108.577332,42.584989],[-108.577956,42.584856],[-108.57935,42.586865],[-108.579259,42.586955],[-108.579091,42.586933],[-108.578778,42.587143],[-108.57498,42.583895],[-108.572815,42.582954],[-108.571892,42.583303]]]}},{"type":"Feature","properties":{"id":"excl-a-28","kind":"exclusion","name":"Creek exclusion zone","acres":18.5,"editable":true,"source":"MAP mesic valley bottoms + 10-yr NDVI persistence + IrrMapper + NWI (V3 rule) + collar shape rules (4 Sep 2026)","strm_type":"Perennial","veg_pct":60.1,"pts":26,"enforce":"ok"},"geometry":{"type":"Polygon","coordinates":[[[-108.580538,42.587313],[-108.580416,42.587726],[-108.581153,42.588315],[-108.581627,42.588241],[-108.581961,42.58851],[-108.581773,42.588971],[-108.5836,42.590806],[-108.585318,42.591397],[-108.586816,42.591284],[-108.587555,42.591722],[-108.587351,42.59237],[-108.585273,42.592172],[-108.58412,42.591461],[-108.583029,42.591328],[-108.582653,42.59167],[-108.583128,42.592494],[-108.582932,42.592671],[-108.582537,42.592672],[-108.581993,42.592191],[-108.582,42.591658],[-108.582834,42.591073],[-108.581967,42.589869],[-108.578778,42.587143],[-108.579091,42.586933],[-108.579428,42.586978],[-108.579556,42.587163],[-108.580538,42.587313]]]}},{"type":"Feature","properties":{"id":"excl-a-29","kind":"exclusion","name":"Creek exclusion zone","acres":41.6,"editable":true,"source":"MAP mesic valley bottoms + 10-yr NDVI persistence + IrrMapper + NWI (V3 rule) + collar shape rules (4 Sep 2026)","strm_type":"Perennial","veg_pct":67.2,"pts":30,"enforce":"ok"},"geometry":{"type":"Polygon","coordinates":[[[-108.582042,42.579924],[-108.582279,42.579053],[-108.583507,42.577854],[-108.583265,42.575988],[-108.583756,42.57391],[-108.584098,42.573835],[-108.584355,42.574086],[-108.583598,42.575804],[-108.584575,42.578119],[-108.584228,42.578825],[-108.584511,42.579043],[-108.585515,42.57879],[-108.585819,42.578512],[-108.586268,42.578575],[-108.586727,42.579653],[-108.584227,42.580439],[-108.582682,42.580488],[-108.582158,42.580901],[-108.579757,42.580828],[-108.579679,42.581547],[-108.57917,42.58181],[-108.578033,42.581579],[-108.577482,42.58218],[-108.57591,42.58201],[-108.575447,42.581644],[-108.576765,42.580734],[-108.576699,42.580607],[-108.576817,42.580484],[-108.577329,42.580491],[-108.580054,42.579704],[-108.582042,42.579924]]]}},{"type":"Feature","properties":{"id":"excl-a-30","kind":"exclusion","name":"Creek exclusion zone","acres":3.9,"editable":true,"source":"MAP mesic valley bottoms + 10-yr NDVI persistence + IrrMapper + NWI (V3 rule) + collar shape rules (4 Sep 2026)","strm_type":"Perennial","veg_pct":88.4,"pts":7,"enforce":"ok"},"geometry":{"type":"Polygon","coordinates":[[[-108.552996,42.579965],[-108.553006,42.58024],[-108.549644,42.580531],[-108.549529,42.580617],[-108.54932,42.580605],[-108.549077,42.580352],[-108.549955,42.579892],[-108.552996,42.579965]]]}},{"type":"Feature","properties":{"id":"excl-a-31","kind":"exclusion","name":"Creek exclusion zone","acres":0.3,"editable":true,"source":"MAP mesic valley bottoms + 10-yr NDVI persistence + IrrMapper + NWI (V3 rule) + collar shape rules (4 Sep 2026)","strm_type":"Perennial","veg_pct":74.5,"pts":7,"enforce":"narrow"},"geometry":{"type":"Polygon","coordinates":[[[-108.548857,42.580809],[-108.54905,42.58082],[-108.549108,42.580934],[-108.549042,42.580984],[-108.548674,42.580962],[-108.548419,42.580697],[-108.548639,42.580582],[-108.548857,42.580809]]]}},{"type":"Feature","properties":{"id":"excl-a-32","kind":"exclusion","name":"Creek exclusion zone","acres":0.2,"editable":true,"source":"MAP mesic valley bottoms + 10-yr NDVI persistence + IrrMapper + NWI (V3 rule) + collar shape rules (4 Sep 2026)","strm_type":"Intermittent","veg_pct":41.6,"pts":5,"enforce":"narrow"},"geometry":{"type":"Polygon","coordinates":[[[-108.535067,42.575389],[-108.53512,42.575658],[-108.534961,42.575675],[-108.534811,42.575573],[-108.534825,42.575382],[-108.535067,42.575389]]]}},{"type":"Feature","properties":{"id":"excl-a-33","kind":"exclusion","name":"Creek exclusion zone","acres":13.3,"editable":true,"source":"MAP mesic valley bottoms + 10-yr NDVI persistence + IrrMapper + NWI (V3 rule) + collar shape rules (4 Sep 2026)","strm_type":"Perennial","veg_pct":73.4,"pts":22,"enforce":"ok"},"geometry":{"type":"Polygon","coordinates":[[[-108.53606,42.581619],[-108.531771,42.584497],[-108.531556,42.584374],[-108.534864,42.581834],[-108.538751,42.580652],[-108.539012,42.579938],[-108.538438,42.577446],[-108.536233,42.576279],[-108.53478,42.576],[-108.534805,42.575649],[-108.53512,42.575658],[-108.535174,42.575926],[-108.536712,42.576186],[-108.538565,42.577206],[-108.539549,42.580592],[-108.540469,42.58046],[-108.541031,42.580681],[-108.541024,42.580789],[-108.540869,42.580839],[-108.540835,42.580928],[-108.540672,42.580977],[-108.540547,42.580921],[-108.53606,42.581619]]]}},{"type":"Feature","properties":{"id":"excl-a-34","kind":"exclusion","name":"Creek exclusion zone","acres":10.4,"editable":true,"source":"MAP mesic valley bottoms + 10-yr NDVI persistence + IrrMapper + NWI (V3 rule) + collar shape rules (4 Sep 2026)","strm_type":"Perennial","veg_pct":66.1,"pts":16,"enforce":"ok"},"geometry":{"type":"Polygon","coordinates":[[[-108.546016,42.580754],[-108.546327,42.58103],[-108.544918,42.581896],[-108.544949,42.582163],[-108.545318,42.582333],[-108.547337,42.581753],[-108.548036,42.581014],[-108.548476,42.581013],[-108.548721,42.581226],[-108.547914,42.581833],[-108.545871,42.582667],[-108.544671,42.58275],[-108.540797,42.581032],[-108.540869,42.580839],[-108.54118,42.58074],[-108.544278,42.58196],[-108.546016,42.580754]]]}},{"type":"Feature","properties":{"id":"excl-a-35","kind":"exclusion","name":"Creek exclusion zone","acres":17.8,"editable":true,"source":"MAP mesic valley bottoms + 10-yr NDVI persistence + IrrMapper + NWI (V3 rule) + collar shape rules (4 Sep 2026)","strm_type":"Perennial","veg_pct":74.9,"pts":24,"enforce":"ok"},"geometry":{"type":"Polygon","coordinates":[[[-108.533198,42.588638],[-108.531726,42.58873],[-108.530232,42.5884],[-108.528689,42.587279],[-108.52471,42.58726],[-108.522385,42.588241],[-108.520596,42.590075],[-108.519315,42.590418],[-108.519275,42.590356],[-108.520327,42.589891],[-108.521719,42.58813],[-108.523373,42.587647],[-108.524418,42.586738],[-108.526903,42.586894],[-108.528723,42.586549],[-108.531556,42.584374],[-108.531771,42.584497],[-108.530349,42.585451],[-108.529167,42.586874],[-108.530589,42.588222],[-108.53213,42.588489],[-108.534593,42.587759],[-108.536161,42.586845],[-108.536154,42.587179],[-108.533198,42.588638]]]}},{"type":"Feature","properties":{"id":"excl-a-36","kind":"exclusion","name":"Creek exclusion zone","acres":3.0,"editable":true,"source":"MAP mesic valley bottoms + 10-yr NDVI persistence + IrrMapper + NWI (V3 rule) + collar shape rules (4 Sep 2026)","strm_type":"Intermittent","veg_pct":26.1,"pts":9,"enforce":"ok"},"geometry":{"type":"Polygon","coordinates":[[[-108.538016,42.586372],[-108.539414,42.586841],[-108.53944,42.587014],[-108.539236,42.587146],[-108.537032,42.586746],[-108.536342,42.587086],[-108.536157,42.587012],[-108.536161,42.586845],[-108.536817,42.586462],[-108.538016,42.586372]]]}},{"type":"Feature","properties":{"id":"excl-a-37","kind":"exclusion","name":"Creek exclusion zone","acres":0.2,"editable":true,"source":"MAP mesic valley bottoms + 10-yr NDVI persistence + IrrMapper + NWI (V3 rule) + collar shape rules (4 Sep 2026)","strm_type":"Intermittent","veg_pct":31.4,"pts":5,"enforce":"narrow"},"geometry":{"type":"Polygon","coordinates":[[[-108.53496,42.574851],[-108.535067,42.575389],[-108.534945,42.575402],[-108.534829,42.575324],[-108.534863,42.574854],[-108.53496,42.574851]]]}},{"type":"Feature","properties":{"id":"excl-a-38","kind":"exclusion","name":"Creek exclusion zone","acres":0.2,"editable":true,"source":"MAP mesic valley bottoms + 10-yr NDVI persistence + IrrMapper + NWI (V3 rule) + collar shape rules (4 Sep 2026)","strm_type":"Perennial","veg_pct":63.6,"pts":9,"enforce":"narrow"},"geometry":{"type":"Polygon","coordinates":[[[-108.548677,42.581223],[-108.548476,42.581013],[-108.548036,42.581014],[-108.547616,42.581458],[-108.54761,42.581455],[-108.5482,42.580812],[-108.548309,42.580754],[-108.548724,42.581186],[-108.548711,42.581215],[-108.548677,42.581223]]]}},{"type":"Feature","properties":{"id":"excl-a-39","kind":"exclusion","name":"Creek exclusion zone","acres":0.2,"editable":true,"source":"MAP mesic valley bottoms + 10-yr NDVI persistence + IrrMapper + NWI (V3 rule) + collar shape rules (4 Sep 2026)","strm_type":"Perennial","veg_pct":63.6,"pts":5,"enforce":"narrow"},"geometry":{"type":"Polygon","coordinates":[[[-108.54884,42.581136],[-108.548792,42.581172],[-108.548705,42.581166],[-108.548309,42.580754],[-108.548419,42.580697],[-108.54884,42.581136]]]}},{"type":"Feature","properties":{"id":"excl-a-40","kind":"exclusion","name":"Creek exclusion zone","acres":0.5,"editable":true,"source":"MAP mesic valley bottoms + 10-yr NDVI persistence + IrrMapper + NWI (V3 rule) + collar shape rules (4 Sep 2026)","strm_type":"Perennial","veg_pct":83.1,"pts":7,"enforce":"ok"},"geometry":{"type":"Polygon","coordinates":[[[-108.54932,42.580605],[-108.549425,42.580611],[-108.549456,42.580672],[-108.549244,42.580832],[-108.548857,42.580809],[-108.548639,42.580582],[-108.549077,42.580352],[-108.54932,42.580605]]]}},{"type":"Feature","properties":{"id":"excl-a-41","kind":"exclusion","name":"Creek exclusion zone","acres":2.2,"editable":true,"source":"MAP mesic valley bottoms + 10-yr NDVI persistence + IrrMapper + NWI (V3 rule) + collar shape rules (4 Sep 2026)","strm_type":"Perennial","veg_pct":45.8,"pts":5,"enforce":"ok"},"geometry":{"type":"Polygon","coordinates":[[[-108.548149,42.579468],[-108.547735,42.580164],[-108.546327,42.58103],[-108.546016,42.580754],[-108.54799,42.579385],[-108.548149,42.579468]]]}},{"type":"Feature","properties":{"id":"excl-a-42","kind":"exclusion","name":"Creek exclusion zone","acres":7.3,"editable":true,"source":"MAP mesic valley bottoms + 10-yr NDVI persistence + IrrMapper + NWI (V3 rule) + collar shape rules (4 Sep 2026)","strm_type":"Intermittent","veg_pct":48.4,"pts":14,"enforce":"ok"},"geometry":{"type":"Polygon","coordinates":[[[-108.583935,42.593847],[-108.583175,42.59399],[-108.582905,42.59489],[-108.581231,42.595893],[-108.581153,42.596472],[-108.582447,42.598029],[-108.580506,42.59965],[-108.580449,42.599617],[-108.58196,42.597903],[-108.580824,42.596591],[-108.580617,42.595622],[-108.582362,42.594787],[-108.583173,42.593368],[-108.583959,42.593617],[-108.583935,42.593847]]]}},{"type":"Feature","properties":{"id":"excl-a-43","kind":"exclusion","name":"Creek exclusion zone","acres":25.6,"editable":true,"source":"MAP mesic valley bottoms + 10-yr NDVI persistence + IrrMapper + NWI (V3 rule) + collar shape rules (4 Sep 2026)","strm_type":"Intermittent","veg_pct":44.0,"pts":23,"enforce":"ok"},"geometry":{"type":"Polygon","coordinates":[[[-108.538864,42.596595],[-108.529978,42.59618],[-108.528196,42.596827],[-108.52696,42.596818],[-108.526067,42.596451],[-108.525664,42.595414],[-108.524055,42.595095],[-108.519714,42.596758],[-108.519673,42.596709],[-108.522812,42.594989],[-108.525126,42.594704],[-108.526057,42.594978],[-108.526804,42.596174],[-108.527682,42.596444],[-108.530528,42.595631],[-108.531773,42.595896],[-108.532499,42.595442],[-108.534133,42.595999],[-108.536658,42.595719],[-108.539008,42.595998],[-108.540042,42.595686],[-108.540572,42.595905],[-108.540676,42.596372],[-108.538864,42.596595]]]}},{"type":"Feature","properties":{"id":"excl-a-44","kind":"exclusion","name":"Creek exclusion zone","acres":0.6,"editable":true,"source":"MAP mesic valley bottoms + 10-yr NDVI persistence + IrrMapper + NWI (V3 rule) + collar shape rules (4 Sep 2026)","strm_type":"Intermittent","veg_pct":16.6,"pts":5,"enforce":"ok"},"geometry":{"type":"Polygon","coordinates":[[[-108.521227,42.574392],[-108.521274,42.574044],[-108.521769,42.573871],[-108.521949,42.574021],[-108.52155,42.574489],[-108.521227,42.574392]]]}},{"type":"Feature","properties":{"id":"excl-a-45","kind":"exclusion","name":"Creek exclusion zone","acres":18.5,"editable":true,"source":"MAP mesic valley bottoms + 10-yr NDVI persistence + IrrMapper + NWI (V3 rule) + collar shape rules (4 Sep 2026)","strm_type":"Intermittent","veg_pct":71.9,"pts":17,"enforce":"ok"},"geometry":{"type":"Polygon","coordinates":[[[-108.5435,42.605458],[-108.542668,42.606122],[-108.541759,42.606139],[-108.541236,42.607201],[-108.54023,42.608033],[-108.538584,42.608575],[-108.538079,42.609433],[-108.535635,42.610077],[-108.534573,42.610633],[-108.534237,42.610278],[-108.535524,42.609614],[-108.537246,42.609336],[-108.540076,42.607137],[-108.540624,42.606285],[-108.546225,42.603695],[-108.546863,42.604262],[-108.545418,42.604979],[-108.5435,42.605458]]]}},{"type":"Feature","properties":{"id":"excl-a-46","kind":"exclusion","name":"Creek exclusion zone","acres":18.3,"editable":true,"source":"MAP mesic valley bottoms + 10-yr NDVI persistence + IrrMapper + NWI (V3 rule) + collar shape rules (4 Sep 2026)","strm_type":"Intermittent","veg_pct":77.5,"pts":19,"enforce":"ok"},"geometry":{"type":"Polygon","coordinates":[[[-108.547773,42.601891],[-108.548095,42.601798],[-108.548536,42.602159],[-108.549165,42.602182],[-108.550433,42.600899],[-108.55176,42.600646],[-108.554962,42.597755],[-108.557734,42.59683],[-108.558048,42.596909],[-108.558088,42.597128],[-108.556781,42.597794],[-108.556225,42.597585],[-108.55523,42.597933],[-108.55172,42.601363],[-108.54873,42.602942],[-108.548496,42.603452],[-108.546863,42.604262],[-108.546225,42.603695],[-108.547789,42.602972],[-108.547773,42.601891]]]}},{"type":"Feature","properties":{"id":"excl-a-47","kind":"exclusion","name":"Creek exclusion zone","acres":25.7,"editable":true,"source":"MAP mesic valley bottoms + 10-yr NDVI persistence + IrrMapper + NWI (V3 rule) + collar shape rules (4 Sep 2026)","strm_type":"Intermittent","veg_pct":62.3,"pts":25,"enforce":"ok"},"geometry":{"type":"Polygon","coordinates":[[[-108.529201,42.612775],[-108.525711,42.615429],[-108.524646,42.61577],[-108.523554,42.61718],[-108.519871,42.619265],[-108.519806,42.619214],[-108.522873,42.616644],[-108.522458,42.615343],[-108.521258,42.614045],[-108.522372,42.611555],[-108.522588,42.611521],[-108.522735,42.611639],[-108.521578,42.613947],[-108.523082,42.615894],[-108.523689,42.615969],[-108.529479,42.612213],[-108.531417,42.611849],[-108.531748,42.610673],[-108.53148,42.609403],[-108.531587,42.609381],[-108.532367,42.610816],[-108.532949,42.610943],[-108.534237,42.610278],[-108.534573,42.610633],[-108.531067,42.612468],[-108.529201,42.612775]]]}},{"type":"Feature","properties":{"id":"excl-a-48","kind":"exclusion","name":"Creek exclusion zone","acres":4.1,"editable":true,"source":"MAP mesic valley bottoms + 10-yr NDVI persistence + IrrMapper + NWI (V3 rule) + collar shape rules (4 Sep 2026)","strm_type":"Intermittent","veg_pct":40.2,"pts":8,"enforce":"ok"},"geometry":{"type":"Polygon","coordinates":[[[-108.548553,42.598142],[-108.550259,42.596652],[-108.550316,42.596683],[-108.54849,42.598854],[-108.547034,42.599129],[-108.547064,42.600547],[-108.54699,42.600552],[-108.546628,42.598958],[-108.548553,42.598142]]]}},{"type":"Feature","properties":{"id":"excl-a-49","kind":"exclusion","name":"Creek exclusion zone","acres":0.9,"editable":true,"source":"MAP mesic valley bottoms + 10-yr NDVI persistence + IrrMapper + NWI (V3 rule) + collar shape rules (4 Sep 2026)","strm_type":"Intermittent","veg_pct":17.1,"pts":6,"enforce":"ok"},"geometry":{"type":"Polygon","coordinates":[[[-108.522276,42.578036],[-108.522085,42.577909],[-108.522115,42.577743],[-108.523135,42.577387],[-108.523275,42.577516],[-108.522821,42.577943],[-108.522276,42.578036]]]}},{"type":"Feature","properties":{"id":"excl-a-50","kind":"exclusion","name":"Creek exclusion zone","acres":0.6,"editable":true,"source":"MAP mesic valley bottoms + 10-yr NDVI persistence + IrrMapper + NWI (V3 rule) + collar shape rules (4 Sep 2026)","strm_type":"Intermittent","veg_pct":21.7,"pts":5,"enforce":"ok"},"geometry":{"type":"Polygon","coordinates":[[[-108.520561,42.62933],[-108.520425,42.629208],[-108.520867,42.628694],[-108.521252,42.628936],[-108.52088,42.629238],[-108.520561,42.62933]]]}},{"type":"Feature","properties":{"id":"excl-a-51","kind":"exclusion","name":"Creek exclusion zone","acres":52.4,"editable":true,"source":"MAP mesic valley bottoms + 10-yr NDVI persistence + IrrMapper + NWI (V3 rule) + collar shape rules (4 Sep 2026)","strm_type":"Perennial","veg_pct":42.0,"pts":25,"enforce":"ok"},"geometry":{"type":"Polygon","coordinates":[[[-108.569429,42.685129],[-108.569096,42.684305],[-108.570378,42.683417],[-108.570694,42.683529],[-108.570598,42.684398],[-108.571424,42.685688],[-108.56886,42.690393],[-108.571038,42.692393],[-108.569308,42.694473],[-108.56877,42.694487],[-108.566956,42.692605],[-108.565604,42.692584],[-108.565235,42.691014],[-108.565547,42.691],[-108.565639,42.691082],[-108.56561,42.69117],[-108.565972,42.691236],[-108.56653,42.691475],[-108.566992,42.691394],[-108.567695,42.690114],[-108.567963,42.68936],[-108.567754,42.688926],[-108.567718,42.688905],[-108.567716,42.688861],[-108.568899,42.688091],[-108.569429,42.685129]]]}},{"type":"Feature","properties":{"id":"excl-a-52","kind":"exclusion","name":"Creek exclusion zone","acres":1.7,"editable":true,"source":"MAP mesic valley bottoms + 10-yr NDVI persistence + IrrMapper + NWI (V3 rule) + collar shape rules (4 Sep 2026)","strm_type":"Perennial","veg_pct":44.3,"pts":9,"enforce":"ok"},"geometry":{"type":"Polygon","coordinates":[[[-108.566721,42.689509],[-108.567188,42.689205],[-108.567389,42.689243],[-108.567451,42.689372],[-108.567229,42.690002],[-108.566634,42.691086],[-108.566458,42.69102],[-108.566476,42.69096],[-108.566635,42.690953],[-108.566721,42.689509]]]}},{"type":"Feature","properties":{"id":"excl-a-53","kind":"exclusion","name":"Creek exclusion zone","acres":18.2,"editable":true,"source":"MAP mesic valley bottoms + 10-yr NDVI persistence + IrrMapper + NWI (V3 rule) + collar shape rules (4 Sep 2026)","strm_type":"Perennial","veg_pct":60.5,"pts":15,"enforce":"ok"},"geometry":{"type":"Polygon","coordinates":[[[-108.542366,42.658317],[-108.542065,42.656815],[-108.542723,42.655647],[-108.544021,42.655825],[-108.544325,42.655492],[-108.544849,42.655539],[-108.54493,42.65573],[-108.544687,42.655892],[-108.544578,42.656826],[-108.543422,42.657984],[-108.542839,42.659942],[-108.542248,42.660459],[-108.542635,42.661289],[-108.541826,42.661413],[-108.541526,42.659935],[-108.542366,42.658317]]]}},{"type":"Feature","properties":{"id":"excl-a-54","kind":"exclusion","name":"Creek exclusion zone","acres":11.1,"editable":true,"source":"MAP mesic valley bottoms + 10-yr NDVI persistence + IrrMapper + NWI (V3 rule) + collar shape rules (4 Sep 2026)","strm_type":"Perennial","veg_pct":69.3,"pts":17,"enforce":"ok"},"geometry":{"type":"Polygon","coordinates":[[[-108.536025,42.666069],[-108.534956,42.665093],[-108.535604,42.662959],[-108.535334,42.662405],[-108.53579,42.662335],[-108.536011,42.662767],[-108.535506,42.665048],[-108.536754,42.665793],[-108.538396,42.665896],[-108.543946,42.664505],[-108.543974,42.664539],[-108.543886,42.664602],[-108.544074,42.664744],[-108.544152,42.664998],[-108.544272,42.66498],[-108.544274,42.664987],[-108.539108,42.666089],[-108.536025,42.666069]]]}},{"type":"Feature","properties":{"id":"excl-a-55","kind":"exclusion","name":"Creek exclusion zone","acres":10.6,"editable":true,"source":"MAP mesic valley bottoms + 10-yr NDVI persistence + IrrMapper + NWI (V3 rule) + collar shape rules (4 Sep 2026)","strm_type":"Perennial","veg_pct":70.4,"pts":26,"enforce":"ok"},"geometry":{"type":"Polygon","coordinates":[[[-108.541826,42.661413],[-108.542635,42.661289],[-108.543096,42.662277],[-108.542747,42.66307],[-108.544453,42.663905],[-108.545704,42.663969],[-108.547769,42.665846],[-108.547723,42.665984],[-108.54776,42.666059],[-108.547461,42.66618],[-108.545906,42.664639],[-108.544626,42.664912],[-108.544514,42.664562],[-108.544236,42.664351],[-108.544187,42.664386],[-108.544136,42.664371],[-108.544123,42.663998],[-108.543126,42.663545],[-108.542835,42.663783],[-108.542799,42.663766],[-108.542845,42.663683],[-108.542384,42.663518],[-108.541995,42.663062],[-108.541892,42.66311],[-108.54184,42.663076],[-108.542083,42.662683],[-108.541826,42.661413]]]}},{"type":"Feature","properties":{"id":"excl-a-56","kind":"exclusion","name":"Creek exclusion zone","acres":1.0,"editable":true,"source":"MAP mesic valley bottoms + 10-yr NDVI persistence + IrrMapper + NWI (V3 rule) + collar shape rules (4 Sep 2026)","strm_type":"Intermittent","veg_pct":51.7,"pts":7,"enforce":"ok"},"geometry":{"type":"Polygon","coordinates":[[[-108.541351,42.663865],[-108.541523,42.663587],[-108.541853,42.663571],[-108.542038,42.663788],[-108.542308,42.66389],[-108.542375,42.664158],[-108.542155,42.664338],[-108.541351,42.663865]]]}},{"type":"Feature","properties":{"id":"excl-a-57","kind":"exclusion","name":"Creek exclusion zone","acres":0.2,"editable":true,"source":"MAP mesic valley bottoms + 10-yr NDVI persistence + IrrMapper + NWI (V3 rule) + collar shape rules (4 Sep 2026)","strm_type":"Intermittent","veg_pct":51.7,"pts":8,"enforce":"ok"},"geometry":{"type":"Polygon","coordinates":[[[-108.542228,42.663523],[-108.542319,42.663543],[-108.542384,42.663594],[-108.542378,42.663729],[-108.542217,42.663793],[-108.542127,42.663773],[-108.542062,42.663722],[-108.542067,42.663587],[-108.542228,42.663523]]]}},{"type":"Feature","properties":{"id":"excl-a-58","kind":"exclusion","name":"Creek exclusion zone","acres":0.2,"editable":true,"source":"MAP mesic valley bottoms + 10-yr NDVI persistence + IrrMapper + NWI (V3 rule) + collar shape rules (4 Sep 2026)","strm_type":"Perennial","veg_pct":84.3,"pts":8,"enforce":"ok"},"geometry":{"type":"Polygon","coordinates":[[[-108.544302,42.664525],[-108.544392,42.664545],[-108.544457,42.664596],[-108.544452,42.664731],[-108.544291,42.664795],[-108.5442,42.664775],[-108.544135,42.664724],[-108.544141,42.664589],[-108.544302,42.664525]]]}},{"type":"Feature","properties":{"id":"excl-a-59","kind":"exclusion","name":"Creek exclusion zone","acres":1.5,"editable":true,"source":"MAP mesic valley bottoms + 10-yr NDVI persistence + IrrMapper + NWI (V3 rule) + collar shape rules (4 Sep 2026)","strm_type":"Perennial","veg_pct":84.5,"pts":5,"enforce":"ok"},"geometry":{"type":"Polygon","coordinates":[[[-108.534843,42.660863],[-108.535024,42.66084],[-108.53579,42.662335],[-108.535334,42.662405],[-108.534831,42.661373],[-108.534843,42.660863]]]}},{"type":"Feature","properties":{"id":"excl-a-60","kind":"exclusion","name":"Creek exclusion zone","acres":27.4,"editable":true,"source":"MAP mesic valley bottoms + 10-yr NDVI persistence + IrrMapper + NWI (V3 rule) + collar shape rules (4 Sep 2026)","strm_type":"Perennial","veg_pct":70.2,"pts":21,"enforce":"ok"},"geometry":{"type":"Polygon","coordinates":[[[-108.545173,42.655569],[-108.544749,42.65553],[-108.544564,42.65523],[-108.545977,42.65368],[-108.54747,42.652821],[-108.549383,42.649763],[-108.548613,42.647417],[-108.546397,42.644636],[-108.54663,42.644371],[-108.546848,42.644388],[-108.546935,42.644551],[-108.549861,42.647115],[-108.549763,42.649023],[-108.550228,42.649383],[-108.550191,42.649441],[-108.550069,42.649435],[-108.550062,42.649512],[-108.550308,42.649738],[-108.550403,42.649682],[-108.550445,42.649706],[-108.547727,42.653871],[-108.545173,42.655569]]]}},{"type":"Feature","properties":{"id":"excl-a-61","kind":"exclusion","name":"Creek exclusion zone","acres":14.7,"editable":true,"source":"MAP mesic valley bottoms + 10-yr NDVI persistence + IrrMapper + NWI (V3 rule) + collar shape rules (4 Sep 2026)","strm_type":"Perennial","veg_pct":48.9,"pts":24,"enforce":"ok"},"geometry":{"type":"Polygon","coordinates":[[[-108.526947,42.6555],[-108.527011,42.655404],[-108.52716,42.655395],[-108.528682,42.656955],[-108.530791,42.657665],[-108.534577,42.659968],[-108.534851,42.660503],[-108.53484,42.661013],[-108.534666,42.661034],[-108.534206,42.66009],[-108.52857,42.657197],[-108.527094,42.655793],[-108.524218,42.656817],[-108.522914,42.658168],[-108.521574,42.65825],[-108.519879,42.658973],[-108.519837,42.658927],[-108.521348,42.658031],[-108.522826,42.657823],[-108.523845,42.656736],[-108.525626,42.655875],[-108.5257,42.655528],[-108.525776,42.655172],[-108.526187,42.655517],[-108.526947,42.6555]]]}},{"type":"Feature","properties":{"id":"excl-a-62","kind":"exclusion","name":"Creek exclusion zone","acres":18.5,"editable":true,"source":"MAP mesic valley bottoms + 10-yr NDVI persistence + IrrMapper + NWI (V3 rule) + collar shape rules (4 Sep 2026)","strm_type":"Perennial","veg_pct":51.5,"pts":28,"enforce":"ok"},"geometry":{"type":"Polygon","coordinates":[[[-108.524956,42.652864],[-108.523386,42.652384],[-108.52154,42.652352],[-108.519868,42.653493],[-108.519653,42.65341],[-108.519605,42.653195],[-108.520665,42.652365],[-108.519686,42.651135],[-108.519845,42.650945],[-108.520147,42.650952],[-108.520924,42.652024],[-108.52403,42.652204],[-108.52574,42.653141],[-108.526357,42.653131],[-108.526482,42.652286],[-108.52585,42.651804],[-108.52599,42.65152],[-108.526458,42.651485],[-108.527267,42.649788],[-108.527619,42.649786],[-108.527822,42.650623],[-108.526806,42.65303],[-108.526894,42.655123],[-108.527075,42.655308],[-108.526947,42.6555],[-108.526187,42.655517],[-108.525776,42.655172],[-108.525971,42.65426],[-108.524956,42.652864]]]}},{"type":"Feature","properties":{"id":"excl-a-63","kind":"exclusion","name":"Creek exclusion zone","acres":15.0,"editable":true,"source":"MAP mesic valley bottoms + 10-yr NDVI persistence + IrrMapper + NWI (V3 rule) + collar shape rules (4 Sep 2026)","strm_type":"Perennial","veg_pct":85.6,"pts":18,"enforce":"ok"},"geometry":{"type":"Polygon","coordinates":[[[-108.553116,42.672294],[-108.553065,42.670223],[-108.550193,42.666996],[-108.547543,42.666261],[-108.547492,42.666211],[-108.547519,42.666136],[-108.54794,42.666002],[-108.550414,42.666643],[-108.55356,42.669972],[-108.553603,42.671909],[-108.554859,42.673785],[-108.555003,42.675492],[-108.555131,42.675789],[-108.554799,42.675903],[-108.554537,42.67545],[-108.55442,42.675476],[-108.554298,42.675412],[-108.554216,42.673945],[-108.553116,42.672294]]]}},{"type":"Feature","properties":{"id":"excl-a-64","kind":"exclusion","name":"Creek exclusion zone","acres":14.3,"editable":true,"source":"MAP mesic valley bottoms + 10-yr NDVI persistence + IrrMapper + NWI (V3 rule) + collar shape rules (4 Sep 2026)","strm_type":"Intermittent","veg_pct":76.9,"pts":27,"enforce":"ok"},"geometry":{"type":"Polygon","coordinates":[[[-108.556098,42.678045],[-108.557919,42.678679],[-108.560138,42.678495],[-108.561588,42.679217],[-108.562255,42.679208],[-108.56229,42.679255],[-108.562249,42.679303],[-108.562307,42.679397],[-108.560589,42.679968],[-108.559646,42.679418],[-108.558581,42.679773],[-108.558074,42.679524],[-108.557637,42.679771],[-108.557215,42.679631],[-108.557145,42.678905],[-108.55615,42.678511],[-108.556086,42.678517],[-108.556055,42.678483],[-108.556149,42.67837],[-108.555382,42.678024],[-108.555382,42.677911],[-108.555138,42.677911],[-108.555289,42.676972],[-108.555005,42.676635],[-108.555225,42.676557],[-108.554799,42.675903],[-108.555131,42.675789],[-108.556098,42.678045]]]}},{"type":"Feature","properties":{"id":"excl-a-65","kind":"exclusion","name":"Creek exclusion zone","acres":0.2,"editable":true,"source":"MAP mesic valley bottoms + 10-yr NDVI persistence + IrrMapper + NWI (V3 rule) + collar shape rules (4 Sep 2026)","strm_type":"Intermittent","veg_pct":78.7,"pts":8,"enforce":"ok"},"geometry":{"type":"Polygon","coordinates":[[[-108.555743,42.67826],[-108.555834,42.67828],[-108.555899,42.678331],[-108.555893,42.678466],[-108.555732,42.67853],[-108.555641,42.67851],[-108.555576,42.678459],[-108.555582,42.678324],[-108.555743,42.67826]]]}},{"type":"Feature","properties":{"id":"excl-a-66","kind":"exclusion","name":"Creek exclusion zone","acres":1.9,"editable":true,"source":"MAP mesic valley bottoms + 10-yr NDVI persistence + IrrMapper + NWI (V3 rule) + collar shape rules (4 Sep 2026)","strm_type":"Intermittent","veg_pct":57.4,"pts":10,"enforce":"ok"},"geometry":{"type":"Polygon","coordinates":[[[-108.562249,42.679303],[-108.562332,42.679207],[-108.562649,42.679202],[-108.563323,42.678916],[-108.563948,42.677737],[-108.564165,42.677741],[-108.564267,42.677963],[-108.56432,42.678601],[-108.564011,42.678831],[-108.562307,42.679397],[-108.562249,42.679303]]]}},{"type":"Feature","properties":{"id":"excl-a-67","kind":"exclusion","name":"Creek exclusion zone","acres":0.1,"editable":true,"source":"MAP mesic valley bottoms + 10-yr NDVI persistence + IrrMapper + NWI (V3 rule) + collar shape rules (4 Sep 2026)","strm_type":"Intermittent","veg_pct":32.6,"pts":8,"enforce":"narrow"},"geometry":{"type":"Polygon","coordinates":[[[-108.564401,42.6786],[-108.564379,42.678532],[-108.564406,42.678465],[-108.564567,42.678401],[-108.564723,42.678471],[-108.564745,42.678539],[-108.564723,42.678594],[-108.564519,42.678662],[-108.564401,42.6786]]]}},{"type":"Feature","properties":{"id":"excl-a-68","kind":"exclusion","name":"Creek exclusion zone","acres":8.6,"editable":true,"source":"MAP mesic valley bottoms + 10-yr NDVI persistence + IrrMapper + NWI (V3 rule) + collar shape rules (4 Sep 2026)","strm_type":"Intermittent","veg_pct":29.2,"pts":17,"enforce":"ok"},"geometry":{"type":"Polygon","coordinates":[[[-108.565669,42.67752],[-108.566338,42.67739],[-108.566698,42.677604],[-108.566636,42.677959],[-108.565224,42.678428],[-108.564778,42.678229],[-108.564749,42.677893],[-108.564472,42.677286],[-108.564295,42.675929],[-108.564204,42.675865],[-108.564118,42.67542],[-108.564714,42.675128],[-108.56482,42.675151],[-108.564854,42.67521],[-108.565208,42.675115],[-108.565514,42.675296],[-108.565188,42.677187],[-108.565669,42.67752]]]}},{"type":"Feature","properties":{"id":"excl-a-69","kind":"exclusion","name":"Creek exclusion zone","acres":3.3,"editable":true,"source":"MAP mesic valley bottoms + 10-yr NDVI persistence + IrrMapper + NWI (V3 rule) + collar shape rules (4 Sep 2026)","strm_type":"Intermittent","veg_pct":24.3,"pts":7,"enforce":"ok"},"geometry":{"type":"Polygon","coordinates":[[[-108.564974,42.673165],[-108.565696,42.674241],[-108.565612,42.67473],[-108.565555,42.674735],[-108.565513,42.67465],[-108.564714,42.674865],[-108.564283,42.673498],[-108.564974,42.673165]]]}},{"type":"Feature","properties":{"id":"excl-a-70","kind":"exclusion","name":"Creek exclusion zone","acres":5.6,"editable":true,"source":"MAP mesic valley bottoms + 10-yr NDVI persistence + IrrMapper + NWI (V3 rule) + collar shape rules (4 Sep 2026)","strm_type":"Intermittent","veg_pct":20.1,"pts":11,"enforce":"ok"},"geometry":{"type":"Polygon","coordinates":[[[-108.561146,42.674064],[-108.561241,42.673695],[-108.561611,42.673539],[-108.563164,42.674704],[-108.562979,42.674822],[-108.563615,42.675367],[-108.563746,42.676041],[-108.563835,42.676103],[-108.563933,42.676901],[-108.563774,42.676932],[-108.562775,42.675324],[-108.561146,42.674064]]]}},{"type":"Feature","properties":{"id":"excl-a-71","kind":"exclusion","name":"Creek exclusion zone","acres":0.2,"editable":true,"source":"MAP mesic valley bottoms + 10-yr NDVI persistence + IrrMapper + NWI (V3 rule) + collar shape rules (4 Sep 2026)","strm_type":"Intermittent","veg_pct":21.2,"pts":8,"enforce":"ok"},"geometry":{"type":"Polygon","coordinates":[[[-108.565107,42.674818],[-108.565197,42.674838],[-108.565262,42.674889],[-108.565257,42.675024],[-108.565096,42.675088],[-108.565005,42.675068],[-108.56494,42.675017],[-108.564946,42.674882],[-108.565107,42.674818]]]}},{"type":"Feature","properties":{"id":"excl-a-72","kind":"exclusion","name":"Creek exclusion zone","acres":0.2,"editable":true,"source":"MAP mesic valley bottoms + 10-yr NDVI persistence + IrrMapper + NWI (V3 rule) + collar shape rules (4 Sep 2026)","strm_type":"Intermittent","veg_pct":27.7,"pts":8,"enforce":"ok"},"geometry":{"type":"Polygon","coordinates":[[[-108.564182,42.676801],[-108.564272,42.676821],[-108.564337,42.676872],[-108.564332,42.677007],[-108.564171,42.677071],[-108.56408,42.677051],[-108.564015,42.677],[-108.564021,42.676865],[-108.564182,42.676801]]]}},{"type":"Feature","properties":{"id":"excl-a-73","kind":"exclusion","name":"Creek exclusion zone","acres":17.7,"editable":true,"source":"MAP mesic valley bottoms + 10-yr NDVI persistence + IrrMapper + NWI (V3 rule) + collar shape rules (4 Sep 2026)","strm_type":"Intermittent","veg_pct":42.9,"pts":18,"enforce":"ok"},"geometry":{"type":"Polygon","coordinates":[[[-108.568348,42.678586],[-108.56819,42.680462],[-108.569308,42.682487],[-108.569112,42.683242],[-108.568579,42.683442],[-108.568524,42.683422],[-108.568523,42.683382],[-108.568687,42.683322],[-108.567905,42.682161],[-108.567795,42.6822],[-108.567663,42.68215],[-108.56705,42.679669],[-108.565768,42.678864],[-108.564758,42.678884],[-108.564719,42.678816],[-108.564814,42.678745],[-108.564807,42.678566],[-108.567058,42.677818],[-108.568348,42.678586]]]}},{"type":"Feature","properties":{"id":"excl-a-74","kind":"exclusion","name":"Creek exclusion zone","acres":5.4,"editable":true,"source":"MAP mesic valley bottoms + 10-yr NDVI persistence + IrrMapper + NWI (V3 rule) + collar shape rules (4 Sep 2026)","strm_type":"Intermittent","veg_pct":63.7,"pts":11,"enforce":"ok"},"geometry":{"type":"Polygon","coordinates":[[[-108.562071,42.680342],[-108.561068,42.680247],[-108.560828,42.680107],[-108.560867,42.679875],[-108.563949,42.678851],[-108.563963,42.678866],[-108.563916,42.678902],[-108.563929,42.679088],[-108.564051,42.679084],[-108.564105,42.679154],[-108.563212,42.680142],[-108.562071,42.680342]]]}},{"type":"Feature","properties":{"id":"excl-a-75","kind":"exclusion","name":"Creek exclusion zone","acres":16.9,"editable":true,"source":"MAP mesic valley bottoms + 10-yr NDVI persistence + IrrMapper + NWI (V3 rule) + collar shape rules (4 Sep 2026)","strm_type":"Intermittent","veg_pct":59.0,"pts":29,"enforce":"ok"},"geometry":{"type":"Polygon","coordinates":[[[-108.561575,42.673512],[-108.561556,42.673586],[-108.560844,42.673831],[-108.560156,42.673299],[-108.560128,42.671991],[-108.55775,42.66999],[-108.55769,42.669096],[-108.555691,42.666528],[-108.555788,42.666474],[-108.556304,42.666864],[-108.557188,42.666971],[-108.557208,42.666883],[-108.557255,42.666882],[-108.557451,42.667515],[-108.557527,42.667562],[-108.557515,42.667643],[-108.557387,42.667693],[-108.558192,42.668827],[-108.5583,42.668785],[-108.558425,42.668833],[-108.558481,42.66914],[-108.55886,42.669224],[-108.558907,42.669324],[-108.558837,42.669397],[-108.559416,42.669696],[-108.559505,42.669857],[-108.559618,42.669823],[-108.559723,42.669879],[-108.5597,42.67016],[-108.561575,42.673512]]]}},{"type":"Feature","properties":{"id":"excl-a-76","kind":"exclusion","name":"Creek exclusion zone","acres":0.6,"editable":true,"source":"MAP mesic valley bottoms + 10-yr NDVI persistence + IrrMapper + NWI (V3 rule) + collar shape rules (4 Sep 2026)","strm_type":"Intermittent","veg_pct":42.3,"pts":10,"enforce":"ok"},"geometry":{"type":"Polygon","coordinates":[[[-108.555753,42.665478],[-108.55606,42.666123],[-108.556827,42.666487],[-108.55679,42.666558],[-108.556536,42.666528],[-108.555928,42.666084],[-108.55534,42.665532],[-108.555245,42.665588],[-108.555216,42.665569],[-108.555333,42.66544],[-108.555753,42.665478]]]}},{"type":"Feature","properties":{"id":"excl-a-77","kind":"exclusion","name":"Creek exclusion zone","acres":0.2,"editable":true,"source":"MAP mesic valley bottoms + 10-yr NDVI persistence + IrrMapper + NWI (V3 rule) + collar shape rules (4 Sep 2026)","strm_type":"Intermittent","veg_pct":58.4,"pts":8,"enforce":"ok"},"geometry":{"type":"Polygon","coordinates":[[[-108.556432,42.666562],[-108.556522,42.666582],[-108.556587,42.666633],[-108.556582,42.666768],[-108.556421,42.666832],[-108.55633,42.666812],[-108.556265,42.666761],[-108.556271,42.666626],[-108.556432,42.666562]]]}},{"type":"Feature","properties":{"id":"excl-a-78","kind":"exclusion","name":"Creek exclusion zone","acres":20.4,"editable":true,"source":"MAP mesic valley bottoms + 10-yr NDVI persistence + IrrMapper + NWI (V3 rule) + collar shape rules (4 Sep 2026)","strm_type":"Perennial","veg_pct":71.9,"pts":15,"enforce":"ok"},"geometry":{"type":"Polygon","coordinates":[[[-108.547005,42.637865],[-108.545987,42.642777],[-108.54676,42.644224],[-108.546578,42.64443],[-108.546228,42.644424],[-108.545331,42.643299],[-108.545512,42.640446],[-108.547178,42.636023],[-108.546856,42.635269],[-108.546055,42.634725],[-108.546156,42.6346],[-108.546835,42.634774],[-108.547378,42.634544],[-108.547551,42.634112],[-108.548909,42.63436],[-108.547005,42.637865]]]}},{"type":"Feature","properties":{"id":"excl-a-79","kind":"exclusion","name":"Creek exclusion zone","acres":20.6,"editable":true,"source":"MAP mesic valley bottoms + 10-yr NDVI persistence + IrrMapper + NWI (V3 rule) + collar shape rules (4 Sep 2026)","strm_type":"Intermittent","veg_pct":55.6,"pts":20,"enforce":"ok"},"geometry":{"type":"Polygon","coordinates":[[[-108.547895,42.633255],[-108.548992,42.627683],[-108.548201,42.626548],[-108.54831,42.626013],[-108.548599,42.625979],[-108.549172,42.626829],[-108.549747,42.626967],[-108.550161,42.62619],[-108.551056,42.626017],[-108.552859,42.624529],[-108.553203,42.62464],[-108.553245,42.624915],[-108.552671,42.625225],[-108.549226,42.628272],[-108.550049,42.629221],[-108.549669,42.630173],[-108.548448,42.631277],[-108.548939,42.634306],[-108.548909,42.63436],[-108.547551,42.634112],[-108.547895,42.633255]]]}},{"type":"Feature","properties":{"id":"excl-a-80","kind":"exclusion","name":"Creek exclusion zone","acres":19.5,"editable":true,"source":"MAP mesic valley bottoms + 10-yr NDVI persistence + IrrMapper + NWI (V3 rule) + collar shape rules (4 Sep 2026)","strm_type":"Intermittent","veg_pct":66.5,"pts":23,"enforce":"ok"},"geometry":{"type":"Polygon","coordinates":[[[-108.555321,42.623508],[-108.55701,42.621731],[-108.558439,42.621268],[-108.560892,42.617934],[-108.56375,42.614982],[-108.566683,42.612874],[-108.567158,42.611918],[-108.570243,42.60905],[-108.571353,42.60729],[-108.572394,42.606585],[-108.572604,42.606644],[-108.572631,42.606827],[-108.568045,42.611333],[-108.566273,42.613753],[-108.563944,42.615164],[-108.561532,42.617576],[-108.558848,42.621454],[-108.557172,42.622024],[-108.555686,42.623594],[-108.553573,42.624738],[-108.553177,42.624619],[-108.55311,42.624322],[-108.553734,42.623807],[-108.555321,42.623508]]]}},{"type":"Feature","properties":{"id":"excl-a-81","kind":"exclusion","name":"Creek exclusion zone","acres":3.0,"editable":true,"source":"MAP mesic valley bottoms + 10-yr NDVI persistence + IrrMapper + NWI (V3 rule) + collar shape rules (4 Sep 2026)","strm_type":"Intermittent","veg_pct":62.3,"pts":9,"enforce":"ok"},"geometry":{"type":"Polygon","coordinates":[[[-108.521027,42.641079],[-108.520703,42.641069],[-108.520488,42.640551],[-108.521362,42.639875],[-108.521784,42.638348],[-108.521528,42.636719],[-108.521574,42.636713],[-108.52202,42.638245],[-108.521624,42.639971],[-108.521027,42.641079]]]}},{"type":"Feature","properties":{"id":"excl-a-82","kind":"exclusion","name":"Creek exclusion zone","acres":2.3,"editable":true,"source":"MAP mesic valley bottoms + 10-yr NDVI persistence + IrrMapper + NWI (V3 rule) + collar shape rules (4 Sep 2026)","strm_type":"Intermittent","veg_pct":25.7,"pts":7,"enforce":"ok"},"geometry":{"type":"Polygon","coordinates":[[[-108.523518,42.608998],[-108.523291,42.60877],[-108.523286,42.607268],[-108.523816,42.607237],[-108.523712,42.608145],[-108.524219,42.60851],[-108.523913,42.608972],[-108.523518,42.608998]]]}},{"type":"Feature","properties":{"id":"excl-a-83","kind":"exclusion","name":"Creek exclusion zone","acres":0.7,"editable":true,"source":"MAP mesic valley bottoms + 10-yr NDVI persistence + IrrMapper + NWI (V3 rule) + collar shape rules (4 Sep 2026)","strm_type":"Intermittent","veg_pct":31.9,"pts":5,"enforce":"ok"},"geometry":{"type":"Polygon","coordinates":[[[-108.522091,42.605952],[-108.522747,42.605842],[-108.522802,42.606324],[-108.522479,42.606444],[-108.522103,42.606196],[-108.522091,42.605952]]]}},{"type":"Feature","properties":{"id":"excl-a-84","kind":"exclusion","name":"Creek exclusion zone","acres":1.2,"editable":true,"source":"MAP mesic valley bottoms + 10-yr NDVI persistence + IrrMapper + NWI (V3 rule) + collar shape rules (4 Sep 2026)","strm_type":"Intermittent","veg_pct":30.1,"pts":7,"enforce":"ok"},"geometry":{"type":"Polygon","coordinates":[[[-108.520882,42.67173],[-108.519877,42.670843],[-108.519939,42.670798],[-108.52114,42.671536],[-108.522133,42.67152],[-108.522199,42.671669],[-108.521899,42.671824],[-108.520882,42.67173]]]}},{"type":"Feature","properties":{"id":"excl-a-85","kind":"exclusion","name":"Creek exclusion zone","acres":0.6,"editable":true,"source":"MAP mesic valley bottoms + 10-yr NDVI persistence + IrrMapper + NWI (V3 rule) + collar shape rules (4 Sep 2026)","strm_type":"Intermittent","veg_pct":13.4,"pts":6,"enforce":"ok"},"geometry":{"type":"Polygon","coordinates":[[[-108.522534,42.648288],[-108.522814,42.648139],[-108.523185,42.648301],[-108.523276,42.648489],[-108.523097,42.648678],[-108.522646,42.648679],[-108.522534,42.648288]]]}},{"type":"Feature","properties":{"id":"excl-a-86","kind":"exclusion","name":"Creek exclusion zone","acres":1.4,"editable":true,"source":"MAP mesic valley bottoms + 10-yr NDVI persistence + IrrMapper + NWI (V3 rule) + collar shape rules (4 Sep 2026)","strm_type":"Intermittent","veg_pct":17.5,"pts":6,"enforce":"ok"},"geometry":{"type":"Polygon","coordinates":[[[-108.520983,42.646014],[-108.521209,42.645907],[-108.521525,42.646088],[-108.521804,42.647222],[-108.521604,42.64732],[-108.52135,42.647198],[-108.520983,42.646014]]]}},{"type":"Feature","properties":{"id":"excl-a-87","kind":"exclusion","name":"Creek exclusion zone","acres":9.4,"editable":true,"source":"MAP mesic valley bottoms + 10-yr NDVI persistence + IrrMapper + NWI (V3 rule) + collar shape rules (4 Sep 2026)","strm_type":"Intermittent","veg_pct":36.4,"pts":16,"enforce":"ok"},"geometry":{"type":"Polygon","coordinates":[[[-108.529037,42.683678],[-108.527554,42.682565],[-108.526733,42.681172],[-108.524491,42.680337],[-108.522945,42.678304],[-108.519947,42.676006],[-108.520023,42.675937],[-108.521337,42.676543],[-108.523097,42.678028],[-108.524629,42.680109],[-108.526989,42.680993],[-108.527815,42.682355],[-108.529983,42.683994],[-108.53124,42.684246],[-108.531223,42.684335],[-108.53006,42.684323],[-108.529037,42.683678]]]}},{"type":"Feature","properties":{"id":"excl-a-88","kind":"exclusion","name":"Creek exclusion zone","acres":19.9,"editable":true,"source":"MAP mesic valley bottoms + 10-yr NDVI persistence + IrrMapper + NWI (V3 rule) + collar shape rules (4 Sep 2026)","strm_type":"Perennial","veg_pct":23.5,"pts":7,"enforce":"ok"},"geometry":{"type":"Polygon","coordinates":[[[-108.52034,42.70127],[-108.519809,42.700876],[-108.519683,42.699957],[-108.520668,42.699533],[-108.525001,42.698956],[-108.525683,42.700126],[-108.524944,42.700528],[-108.52034,42.70127]]]}},{"type":"Feature","properties":{"id":"excl-a-89","kind":"exclusion","name":"Creek exclusion zone","acres":1.1,"editable":true,"source":"MAP mesic valley bottoms + 10-yr NDVI persistence + IrrMapper + NWI (V3 rule) + collar shape rules (4 Sep 2026)","strm_type":"Intermittent","veg_pct":21.4,"pts":5,"enforce":"ok"},"geometry":{"type":"Polygon","coordinates":[[[-108.523784,42.603794],[-108.52516,42.602353],[-108.525386,42.602398],[-108.525418,42.602646],[-108.523847,42.603818],[-108.523784,42.603794]]]}},{"type":"Feature","properties":{"id":"excl-a-90","kind":"exclusion","name":"Creek exclusion zone","acres":0.4,"editable":true,"source":"MAP mesic valley bottoms + 10-yr NDVI persistence + IrrMapper + NWI (V3 rule) + collar shape rules (4 Sep 2026)","strm_type":"Intermittent","veg_pct":27.9,"pts":5,"enforce":"ok"},"geometry":{"type":"Polygon","coordinates":[[[-108.521961,42.692961],[-108.522013,42.692957],[-108.522075,42.693559],[-108.521861,42.693658],[-108.521637,42.693571],[-108.521961,42.692961]]]}},{"type":"Feature","properties":{"id":"excl-a-91","kind":"exclusion","name":"Creek exclusion zone","acres":0.4,"editable":true,"source":"MAP mesic valley bottoms + 10-yr NDVI persistence + IrrMapper + NWI (V3 rule) + collar shape rules (4 Sep 2026)","strm_type":"Intermittent","veg_pct":29.7,"pts":6,"enforce":"narrow"},"geometry":{"type":"Polygon","coordinates":[[[-108.521397,42.691307],[-108.521485,42.691303],[-108.521991,42.692007],[-108.521973,42.692181],[-108.521857,42.692196],[-108.521358,42.691379],[-108.521397,42.691307]]]}},{"type":"Feature","properties":{"id":"excl-a-92","kind":"exclusion","name":"Creek exclusion zone","acres":6.9,"editable":true,"source":"MAP mesic valley bottoms + 10-yr NDVI persistence + IrrMapper + NWI (V3 rule) + collar shape rules (4 Sep 2026)","strm_type":"Intermittent","veg_pct":36.2,"pts":15,"enforce":"ok"},"geometry":{"type":"Polygon","coordinates":[[[-108.529392,42.674962],[-108.527742,42.673868],[-108.527331,42.672697],[-108.525465,42.671775],[-108.524014,42.671641],[-108.524014,42.671553],[-108.525061,42.671461],[-108.527635,42.672573],[-108.528033,42.673799],[-108.529758,42.674873],[-108.531255,42.676458],[-108.531993,42.677569],[-108.532053,42.678354],[-108.531911,42.678376],[-108.531201,42.676962],[-108.529392,42.674962]]]}},{"type":"Feature","properties":{"id":"excl-a-93","kind":"exclusion","name":"Creek exclusion zone","acres":40.7,"editable":true,"source":"MAP mesic valley bottoms + 10-yr NDVI persistence + IrrMapper + NWI (V3 rule) + collar shape rules (4 Sep 2026)","strm_type":"Perennial","veg_pct":81.3,"pts":28,"enforce":"ok"},"geometry":{"type":"Polygon","coordinates":[[[-108.568822,42.524887],[-108.567365,42.525296],[-108.564859,42.524772],[-108.564373,42.524927],[-108.56394,42.52471],[-108.563982,42.523647],[-108.568795,42.523708],[-108.577508,42.523157],[-108.580034,42.522617],[-108.580235,42.522413],[-108.580501,42.522456],[-108.580632,42.522946],[-108.5809,42.523046],[-108.580896,42.52324],[-108.578716,42.523997],[-108.571696,42.524283],[-108.570344,42.524662],[-108.570185,42.525075],[-108.570379,42.525263],[-108.570304,42.525467],[-108.570086,42.525532],[-108.570147,42.525632],[-108.570237,42.525532],[-108.570419,42.525536],[-108.570506,42.525654],[-108.57041,42.525769],[-108.570257,42.525772],[-108.569724,42.525197],[-108.568822,42.524887]]]}},{"type":"Feature","properties":{"id":"excl-a-94","kind":"exclusion","name":"Creek exclusion zone","acres":8.3,"editable":true,"source":"MAP mesic valley bottoms + 10-yr NDVI persistence + IrrMapper + NWI (V3 rule) + collar shape rules (4 Sep 2026)","strm_type":"Intermittent","veg_pct":73.3,"pts":10,"enforce":"ok"},"geometry":{"type":"Polygon","coordinates":[[[-108.581899,42.527677],[-108.581951,42.52787],[-108.581743,42.528021],[-108.570674,42.526222],[-108.570454,42.525984],[-108.570537,42.525788],[-108.570747,42.525728],[-108.570713,42.525641],[-108.570754,42.525626],[-108.571178,42.526038],[-108.581899,42.527677]]]}},{"type":"Feature","properties":{"id":"excl-a-95","kind":"exclusion","name":"Creek exclusion zone","acres":4.9,"editable":true,"source":"MAP mesic valley bottoms + 10-yr NDVI persistence + IrrMapper + NWI (V3 rule) + collar shape rules (4 Sep 2026)","strm_type":"Intermittent","veg_pct":87.0,"pts":12,"enforce":"ok"},"geometry":{"type":"Polygon","coordinates":[[[-108.5827,42.5278],[-108.58446,42.528634],[-108.585057,42.529336],[-108.587199,42.529707],[-108.587236,42.529833],[-108.587077,42.529925],[-108.585386,42.529737],[-108.582279,42.528108],[-108.581885,42.528044],[-108.581847,42.527946],[-108.581951,42.52787],[-108.582159,42.527717],[-108.5827,42.5278]]]}},{"type":"Feature","properties":{"id":"excl-a-96","kind":"exclusion","name":"Creek exclusion zone","acres":33.3,"editable":true,"source":"MAP mesic valley bottoms + 10-yr NDVI persistence + IrrMapper + NWI (V3 rule) + collar shape rules (4 Sep 2026)","strm_type":"Perennial","veg_pct":87.9,"pts":24,"enforce":"ok"},"geometry":{"type":"Polygon","coordinates":[[[-108.581168,42.523146],[-108.580632,42.522946],[-108.580501,42.522456],[-108.580368,42.522435],[-108.580315,42.522331],[-108.580946,42.521688],[-108.58501,42.521401],[-108.589382,42.519928],[-108.593226,42.520061],[-108.594555,42.51965],[-108.596887,42.519547],[-108.596903,42.51962],[-108.591763,42.520656],[-108.587419,42.522146],[-108.586217,42.521871],[-108.583748,42.522642],[-108.583634,42.522587],[-108.583632,42.522497],[-108.582469,42.52251],[-108.581855,42.522671],[-108.581541,42.522903],[-108.581676,42.523002],[-108.581668,42.523009],[-108.581623,42.522988],[-108.581168,42.523146]]]}},{"type":"Feature","properties":{"id":"excl-a-97","kind":"exclusion","name":"Creek exclusion zone","acres":4.5,"editable":true,"source":"MAP mesic valley bottoms + 10-yr NDVI persistence + IrrMapper + NWI (V3 rule) + collar shape rules (4 Sep 2026)","strm_type":"Intermittent","veg_pct":62.6,"pts":12,"enforce":"ok"},"geometry":{"type":"Polygon","coordinates":[[[-108.584835,42.525959],[-108.587575,42.527916],[-108.587535,42.527951],[-108.585065,42.52659],[-108.582977,42.523616],[-108.582042,42.523183],[-108.582023,42.523056],[-108.582121,42.522983],[-108.582557,42.52287],[-108.582927,42.522865],[-108.583158,42.52308],[-108.583086,42.523298],[-108.584835,42.525959]]]}},{"type":"Feature","properties":{"id":"excl-a-98","kind":"exclusion","name":"Creek exclusion zone","acres":0.1,"editable":true,"source":"MAP mesic valley bottoms + 10-yr NDVI persistence + IrrMapper + NWI (V3 rule) + collar shape rules (4 Sep 2026)","strm_type":"Perennial","veg_pct":77.8,"pts":7,"enforce":"ok"},"geometry":{"type":"Polygon","coordinates":[[[-108.582109,42.522792],[-108.582103,42.522927],[-108.582035,42.522975],[-108.581943,42.522991],[-108.581787,42.522921],[-108.581793,42.522786],[-108.581953,42.522721],[-108.582109,42.522792]]]}},{"type":"Feature","properties":{"id":"excl-a-99","kind":"exclusion","name":"Creek exclusion zone","acres":46.0,"editable":true,"source":"MAP mesic valley bottoms + 10-yr NDVI persistence + IrrMapper + NWI (V3 rule) + collar shape rules (4 Sep 2026)","strm_type":"Perennial","veg_pct":72.7,"pts":17,"enforce":"ok"},"geometry":{"type":"Polygon","coordinates":[[[-108.557058,42.527607],[-108.552742,42.527766],[-108.551122,42.528535],[-108.550029,42.528442],[-108.548569,42.527617],[-108.547563,42.52768],[-108.547613,42.527171],[-108.547574,42.527104],[-108.551444,42.526063],[-108.552174,42.524886],[-108.55381,42.525488],[-108.555683,42.525304],[-108.55604,42.525014],[-108.556561,42.525078],[-108.557637,42.526923],[-108.557907,42.52698],[-108.557945,42.527155],[-108.557058,42.527607]]]}},{"type":"Feature","properties":{"id":"excl-a-100","kind":"exclusion","name":"Creek exclusion zone","acres":48.4,"editable":true,"source":"MAP mesic valley bottoms + 10-yr NDVI persistence + IrrMapper + NWI (V3 rule) + collar shape rules (4 Sep 2026)","strm_type":"Perennial","veg_pct":71.0,"pts":25,"enforce":"ok"},"geometry":{"type":"Polygon","coordinates":[[[-108.563694,42.519807],[-108.564126,42.520025],[-108.564111,42.520416],[-108.562751,42.520603],[-108.559613,42.522222],[-108.558246,42.524082],[-108.558355,42.524567],[-108.55986,42.524557],[-108.562603,42.52363],[-108.563982,42.523647],[-108.56394,42.52471],[-108.564156,42.524819],[-108.564132,42.525004],[-108.563327,42.525261],[-108.562968,42.525739],[-108.562091,42.525659],[-108.561691,42.526128],[-108.558541,42.526852],[-108.558176,42.527037],[-108.557637,42.526923],[-108.556561,42.525078],[-108.5563,42.525046],[-108.556218,42.52487],[-108.557053,42.524192],[-108.5593,42.521211],[-108.563694,42.519807]]]}},{"type":"Feature","properties":{"id":"excl-a-101","kind":"exclusion","name":"Creek exclusion zone","acres":67.0,"editable":true,"source":"MAP mesic valley bottoms + 10-yr NDVI persistence + IrrMapper + NWI (V3 rule) + collar shape rules (4 Sep 2026)","strm_type":"Perennial","veg_pct":85.6,"pts":23,"enforce":"ok"},"geometry":{"type":"Polygon","coordinates":[[[-108.539735,42.528812],[-108.537348,42.528442],[-108.535758,42.5276],[-108.535646,42.522482],[-108.531416,42.518748],[-108.531852,42.518144],[-108.532311,42.518143],[-108.534075,42.520564],[-108.536401,42.522141],[-108.536625,42.524572],[-108.537863,42.524575],[-108.53807,42.524871],[-108.537714,42.525245],[-108.538663,42.52668],[-108.53954,42.526807],[-108.541842,42.525866],[-108.543326,42.52666],[-108.545569,42.526688],[-108.547416,42.527146],[-108.547518,42.527119],[-108.547613,42.527171],[-108.547563,42.52768],[-108.544208,42.52789],[-108.539735,42.528812]]]}},{"type":"Feature","properties":{"id":"excl-a-102","kind":"exclusion","name":"Creek exclusion zone","acres":0.6,"editable":true,"source":"MAP mesic valley bottoms + 10-yr NDVI persistence + IrrMapper + NWI (V3 rule) + collar shape rules (4 Sep 2026)","strm_type":"Intermittent","veg_pct":58.1,"pts":6,"enforce":"ok"},"geometry":{"type":"Polygon","coordinates":[[[-108.56427,42.520394],[-108.56419,42.520405],[-108.564113,42.520356],[-108.56414,42.519665],[-108.564193,42.519648],[-108.564658,42.519824],[-108.56427,42.520394]]]}},{"type":"Feature","properties":{"id":"excl-a-103","kind":"exclusion","name":"Creek exclusion zone","acres":6.1,"editable":true,"source":"MAP mesic valley bottoms + 10-yr NDVI persistence + IrrMapper + NWI (V3 rule) + collar shape rules (4 Sep 2026)","strm_type":"Intermittent","veg_pct":48.0,"pts":7,"enforce":"ok"},"geometry":{"type":"Polygon","coordinates":[[[-108.555373,42.519826],[-108.555591,42.519981],[-108.555389,42.520298],[-108.552905,42.521393],[-108.552257,42.524111],[-108.552181,42.524105],[-108.552254,42.521031],[-108.555373,42.519826]]]}},{"type":"Feature","properties":{"id":"excl-a-104","kind":"exclusion","name":"Creek exclusion zone","acres":3.6,"editable":true,"source":"MAP mesic valley bottoms + 10-yr NDVI persistence + IrrMapper + NWI (V3 rule) + collar shape rules (4 Sep 2026)","strm_type":"Intermittent","veg_pct":23.1,"pts":6,"enforce":"ok"},"geometry":{"type":"Polygon","coordinates":[[[-108.527625,42.622807],[-108.527468,42.622286],[-108.528301,42.62164],[-108.529234,42.621287],[-108.529489,42.621889],[-108.527933,42.622918],[-108.527625,42.622807]]]}},{"type":"Feature","properties":{"id":"excl-a-105","kind":"exclusion","name":"Creek exclusion zone","acres":0.7,"editable":true,"source":"MAP mesic valley bottoms + 10-yr NDVI persistence + IrrMapper + NWI (V3 rule) + collar shape rules (4 Sep 2026)","strm_type":"Intermittent","veg_pct":29.3,"pts":5,"enforce":"ok"},"geometry":{"type":"Polygon","coordinates":[[[-108.52842,42.636732],[-108.527567,42.636024],[-108.527691,42.635898],[-108.528291,42.63609],[-108.528576,42.636663],[-108.52842,42.636732]]]}},{"type":"Feature","properties":{"id":"excl-a-106","kind":"exclusion","name":"Creek exclusion zone","acres":16.1,"editable":true,"source":"MAP mesic valley bottoms + 10-yr NDVI persistence + IrrMapper + NWI (V3 rule) + collar shape rules (4 Sep 2026)","strm_type":"Perennial","veg_pct":25.0,"pts":9,"enforce":"ok"},"geometry":{"type":"Polygon","coordinates":[[[-108.528651,42.700526],[-108.528225,42.700815],[-108.527278,42.700677],[-108.526725,42.697767],[-108.528067,42.697741],[-108.529441,42.697116],[-108.529986,42.697274],[-108.530319,42.698167],[-108.528483,42.699381],[-108.528651,42.700526]]]}},{"type":"Feature","properties":{"id":"excl-a-107","kind":"exclusion","name":"Creek exclusion zone","acres":0.3,"editable":true,"source":"MAP mesic valley bottoms + 10-yr NDVI persistence + IrrMapper + NWI (V3 rule) + collar shape rules (4 Sep 2026)","strm_type":"Intermittent","veg_pct":18.6,"pts":4,"enforce":"narrow"},"geometry":{"type":"Polygon","coordinates":[[[-108.531287,42.607384],[-108.531421,42.606803],[-108.531536,42.606807],[-108.531591,42.607393],[-108.531287,42.607384]]]}},{"type":"Feature","properties":{"id":"excl-a-108","kind":"exclusion","name":"Creek exclusion zone","acres":1.2,"editable":true,"source":"MAP mesic valley bottoms + 10-yr NDVI persistence + IrrMapper + NWI (V3 rule) + collar shape rules (4 Sep 2026)","strm_type":"Intermittent","veg_pct":19.3,"pts":7,"enforce":"ok"},"geometry":{"type":"Polygon","coordinates":[[[-108.532774,42.603817],[-108.532489,42.603827],[-108.532286,42.603408],[-108.532978,42.602796],[-108.533246,42.602801],[-108.533376,42.602928],[-108.532917,42.603405],[-108.532774,42.603817]]]}},{"type":"Feature","properties":{"id":"excl-a-109","kind":"exclusion","name":"Creek exclusion zone","acres":6.9,"editable":true,"source":"MAP mesic valley bottoms + 10-yr NDVI persistence + IrrMapper + NWI (V3 rule) + collar shape rules (4 Sep 2026)","strm_type":"Intermittent","veg_pct":32.3,"pts":11,"enforce":"ok"},"geometry":{"type":"Polygon","coordinates":[[[-108.532013,42.638413],[-108.531441,42.636646],[-108.532106,42.634293],[-108.531144,42.633009],[-108.532302,42.630663],[-108.532349,42.630673],[-108.531619,42.632783],[-108.532454,42.634226],[-108.531836,42.63585],[-108.532632,42.638388],[-108.53236,42.638517],[-108.532013,42.638413]]]}},{"type":"Feature","properties":{"id":"excl-a-110","kind":"exclusion","name":"Creek exclusion zone","acres":2.4,"editable":true,"source":"MAP mesic valley bottoms + 10-yr NDVI persistence + IrrMapper + NWI (V3 rule) + collar shape rules (4 Sep 2026)","strm_type":"Intermittent","veg_pct":22.7,"pts":4,"enforce":"ok"},"geometry":{"type":"Polygon","coordinates":[[[-108.537718,42.536311],[-108.53767,42.535509],[-108.539019,42.535576],[-108.539016,42.536403],[-108.537718,42.536311]]]}},{"type":"Feature","properties":{"id":"excl-a-111","kind":"exclusion","name":"Creek exclusion zone","acres":0.7,"editable":true,"source":"MAP mesic valley bottoms + 10-yr NDVI persistence + IrrMapper + NWI (V3 rule) + collar shape rules (4 Sep 2026)","strm_type":"Intermittent","veg_pct":13.5,"pts":6,"enforce":"ok"},"geometry":{"type":"Polygon","coordinates":[[[-108.53249,42.679851],[-108.532662,42.679813],[-108.533103,42.680438],[-108.533114,42.680807],[-108.53292,42.68084],[-108.53255,42.680248],[-108.53249,42.679851]]]}},{"type":"Feature","properties":{"id":"excl-a-112","kind":"exclusion","name":"Creek exclusion zone","acres":2.4,"editable":true,"source":"MAP mesic valley bottoms + 10-yr NDVI persistence + IrrMapper + NWI (V3 rule) + collar shape rules (4 Sep 2026)","strm_type":"Intermittent","veg_pct":17.9,"pts":5,"enforce":"ok"},"geometry":{"type":"Polygon","coordinates":[[[-108.534941,42.617544],[-108.535427,42.616736],[-108.536505,42.616146],[-108.536841,42.616384],[-108.535356,42.61764],[-108.534941,42.617544]]]}},{"type":"Feature","properties":{"id":"excl-a-113","kind":"exclusion","name":"Creek exclusion zone","acres":0.2,"editable":true,"source":"MAP mesic valley bottoms + 10-yr NDVI persistence + IrrMapper + NWI (V3 rule) + collar shape rules (4 Sep 2026)","strm_type":"Intermittent","veg_pct":18.3,"pts":5,"enforce":"narrow"},"geometry":{"type":"Polygon","coordinates":[[[-108.539665,42.522958],[-108.539553,42.52292],[-108.53966,42.522526],[-108.539781,42.522529],[-108.53983,42.5228],[-108.539665,42.522958]]]}},{"type":"Feature","properties":{"id":"excl-a-114","kind":"exclusion","name":"Creek exclusion zone","acres":0.5,"editable":true,"source":"MAP mesic valley bottoms + 10-yr NDVI persistence + IrrMapper + NWI (V3 rule) + collar shape rules (4 Sep 2026)","strm_type":"Intermittent","veg_pct":35.2,"pts":5,"enforce":"narrow"},"geometry":{"type":"Polygon","coordinates":[[[-108.53635,42.644286],[-108.536272,42.644259],[-108.536503,42.641979],[-108.536525,42.64198],[-108.536436,42.644224],[-108.53635,42.644286]]]}},{"type":"Feature","properties":{"id":"excl-a-115","kind":"exclusion","name":"Creek exclusion zone","acres":1.0,"editable":true,"source":"MAP mesic valley bottoms + 10-yr NDVI persistence + IrrMapper + NWI (V3 rule) + collar shape rules (4 Sep 2026)","strm_type":"Intermittent","veg_pct":67.2,"pts":6,"enforce":"ok"},"geometry":{"type":"Polygon","coordinates":[[[-108.538869,42.629812],[-108.538889,42.629812],[-108.538868,42.632766],[-108.53916,42.633144],[-108.539025,42.633231],[-108.538666,42.633025],[-108.538869,42.629812]]]}},{"type":"Feature","properties":{"id":"excl-a-116","kind":"exclusion","name":"Creek exclusion zone","acres":1.1,"editable":true,"source":"MAP mesic valley bottoms + 10-yr NDVI persistence + IrrMapper + NWI (V3 rule) + collar shape rules (4 Sep 2026)","strm_type":"Intermittent","veg_pct":22.6,"pts":6,"enforce":"ok"},"geometry":{"type":"Polygon","coordinates":[[[-108.539159,42.628074],[-108.539253,42.626731],[-108.539332,42.626705],[-108.539405,42.626752],[-108.539675,42.627923],[-108.539406,42.628149],[-108.539159,42.628074]]]}},{"type":"Feature","properties":{"id":"excl-a-117","kind":"exclusion","name":"Creek exclusion zone","acres":0.5,"editable":true,"source":"MAP mesic valley bottoms + 10-yr NDVI persistence + IrrMapper + NWI (V3 rule) + collar shape rules (4 Sep 2026)","strm_type":"Intermittent","veg_pct":11.9,"pts":6,"enforce":"ok"},"geometry":{"type":"Polygon","coordinates":[[[-108.542972,42.587344],[-108.542984,42.58718],[-108.543284,42.587109],[-108.543785,42.587321],[-108.5438,42.587479],[-108.543648,42.587566],[-108.542972,42.587344]]]}},{"type":"Feature","properties":{"id":"excl-a-118","kind":"exclusion","name":"Creek exclusion zone","acres":0.9,"editable":true,"source":"MAP mesic valley bottoms + 10-yr NDVI persistence + IrrMapper + NWI (V3 rule) + collar shape rules (4 Sep 2026)","strm_type":"Intermittent","veg_pct":30.1,"pts":6,"enforce":"ok"},"geometry":{"type":"Polygon","coordinates":[[[-108.541703,42.633491],[-108.541693,42.633378],[-108.54182,42.633316],[-108.543364,42.633577],[-108.543355,42.633698],[-108.54247,42.633771],[-108.541703,42.633491]]]}},{"type":"Feature","properties":{"id":"excl-a-119","kind":"exclusion","name":"Creek exclusion zone","acres":0.9,"editable":true,"source":"MAP mesic valley bottoms + 10-yr NDVI persistence + IrrMapper + NWI (V3 rule) + collar shape rules (4 Sep 2026)","strm_type":"Intermittent","veg_pct":48.8,"pts":5,"enforce":"ok"},"geometry":{"type":"Polygon","coordinates":[[[-108.546335,42.543076],[-108.546115,42.542963],[-108.546571,42.541972],[-108.546723,42.541991],[-108.546712,42.54285],[-108.546335,42.543076]]]}},{"type":"Feature","properties":{"id":"excl-a-120","kind":"exclusion","name":"Creek exclusion zone","acres":0.2,"editable":true,"source":"MAP mesic valley bottoms + 10-yr NDVI persistence + IrrMapper + NWI (V3 rule) + collar shape rules (4 Sep 2026)","strm_type":"Intermittent","veg_pct":33.4,"pts":5,"enforce":"ok"},"geometry":{"type":"Polygon","coordinates":[[[-108.545606,42.628785],[-108.545426,42.628545],[-108.545549,42.628401],[-108.545791,42.628413],[-108.545807,42.628744],[-108.545606,42.628785]]]}},{"type":"Feature","properties":{"id":"excl-a-121","kind":"exclusion","name":"Creek exclusion zone","acres":3.4,"editable":true,"source":"MAP mesic valley bottoms + 10-yr NDVI persistence + IrrMapper + NWI (V3 rule) + collar shape rules (4 Sep 2026)","strm_type":"Intermittent","veg_pct":41.0,"pts":10,"enforce":"ok"},"geometry":{"type":"Polygon","coordinates":[[[-108.543293,42.625061],[-108.543566,42.62335],[-108.543216,42.622688],[-108.543335,42.622639],[-108.543942,42.623221],[-108.54367,42.624942],[-108.544956,42.626095],[-108.54478,42.627426],[-108.544742,42.627424],[-108.54477,42.626296],[-108.543293,42.625061]]]}},{"type":"Feature","properties":{"id":"excl-a-122","kind":"exclusion","name":"Creek exclusion zone","acres":10.7,"editable":true,"source":"MAP mesic valley bottoms + 10-yr NDVI persistence + IrrMapper + NWI (V3 rule) + collar shape rules (4 Sep 2026)","strm_type":"Perennial","veg_pct":69.3,"pts":13,"enforce":"ok"},"geometry":{"type":"Polygon","coordinates":[[[-108.546525,42.69127],[-108.548383,42.691831],[-108.548216,42.692374],[-108.546328,42.692661],[-108.545989,42.693171],[-108.544892,42.692675],[-108.544636,42.69243],[-108.544607,42.692198],[-108.544484,42.692129],[-108.544455,42.691937],[-108.544304,42.691868],[-108.544274,42.691704],[-108.544685,42.691376],[-108.546525,42.69127]]]}},{"type":"Feature","properties":{"id":"excl-a-123","kind":"exclusion","name":"Creek exclusion zone","acres":18.2,"editable":true,"source":"MAP mesic valley bottoms + 10-yr NDVI persistence + IrrMapper + NWI (V3 rule) + collar shape rules (4 Sep 2026)","strm_type":"Perennial","veg_pct":48.7,"pts":20,"enforce":"ok"},"geometry":{"type":"Polygon","coordinates":[[[-108.54095,42.695795],[-108.540411,42.695619],[-108.540238,42.695081],[-108.541662,42.69441],[-108.542373,42.693218],[-108.543901,42.692001],[-108.54392,42.692011],[-108.543857,42.692088],[-108.543997,42.692151],[-108.544022,42.692321],[-108.544141,42.692388],[-108.544164,42.692566],[-108.54457,42.692957],[-108.545746,42.693483],[-108.54581,42.693407],[-108.545793,42.693393],[-108.545797,42.693371],[-108.545827,42.693358],[-108.545853,42.693376],[-108.545477,42.693941],[-108.54095,42.695795]]]}},{"type":"Feature","properties":{"id":"excl-a-124","kind":"exclusion","name":"Creek exclusion zone","acres":0.2,"editable":true,"source":"MAP mesic valley bottoms + 10-yr NDVI persistence + IrrMapper + NWI (V3 rule) + collar shape rules (4 Sep 2026)","strm_type":"Perennial","veg_pct":51.0,"pts":8,"enforce":"ok"},"geometry":{"type":"Polygon","coordinates":[[[-108.544826,42.692716],[-108.544917,42.692736],[-108.544982,42.692787],[-108.544976,42.692922],[-108.544815,42.692986],[-108.544724,42.692966],[-108.544659,42.692915],[-108.544665,42.69278],[-108.544826,42.692716]]]}},{"type":"Feature","properties":{"id":"excl-a-125","kind":"exclusion","name":"Creek exclusion zone","acres":0.9,"editable":true,"source":"MAP mesic valley bottoms + 10-yr NDVI persistence + IrrMapper + NWI (V3 rule) + collar shape rules (4 Sep 2026)","strm_type":"Intermittent","veg_pct":11.3,"pts":5,"enforce":"ok"},"geometry":{"type":"Polygon","coordinates":[[[-108.5484,42.587291],[-108.548504,42.587015],[-108.549302,42.586951],[-108.549572,42.587157],[-108.549528,42.587388],[-108.5484,42.587291]]]}},{"type":"Feature","properties":{"id":"excl-a-126","kind":"exclusion","name":"Creek exclusion zone","acres":1.1,"editable":true,"source":"MAP mesic valley bottoms + 10-yr NDVI persistence + IrrMapper + NWI (V3 rule) + collar shape rules (4 Sep 2026)","strm_type":"Intermittent","veg_pct":26.2,"pts":6,"enforce":"ok"},"geometry":{"type":"Polygon","coordinates":[[[-108.545442,42.587579],[-108.545437,42.587468],[-108.547249,42.58721],[-108.54736,42.587341],[-108.547268,42.587509],[-108.546424,42.587666],[-108.545442,42.587579]]]}},{"type":"Feature","properties":{"id":"excl-a-127","kind":"exclusion","name":"Creek exclusion zone","acres":3.7,"editable":true,"source":"MAP mesic valley bottoms + 10-yr NDVI persistence + IrrMapper + NWI (V3 rule) + collar shape rules (4 Sep 2026)","strm_type":"Intermittent","veg_pct":30.7,"pts":6,"enforce":"ok"},"geometry":{"type":"Polygon","coordinates":[[[-108.543885,42.698475],[-108.543981,42.698438],[-108.544856,42.699405],[-108.546427,42.70271],[-108.546294,42.70278],[-108.546065,42.702649],[-108.543885,42.698475]]]}},{"type":"Feature","properties":{"id":"excl-a-128","kind":"exclusion","name":"Creek exclusion zone","acres":0.3,"editable":true,"source":"MAP mesic valley bottoms + 10-yr NDVI persistence + IrrMapper + NWI (V3 rule) + collar shape rules (4 Sep 2026)","strm_type":"Perennial","veg_pct":71.0,"pts":5,"enforce":"ok"},"geometry":{"type":"Polygon","coordinates":[[[-108.607926,42.551486],[-108.607426,42.551675],[-108.607331,42.551539],[-108.607443,42.551388],[-108.607875,42.551357],[-108.607926,42.551486]]]}},{"type":"Feature","properties":{"id":"excl-a-129","kind":"exclusion","name":"Creek exclusion zone","acres":0.2,"editable":true,"source":"MAP mesic valley bottoms + 10-yr NDVI persistence + IrrMapper + NWI (V3 rule) + collar shape rules (4 Sep 2026)","strm_type":"Perennial","veg_pct":86.2,"pts":7,"enforce":"narrow"},"geometry":{"type":"Polygon","coordinates":[[[-108.607387,42.551464],[-108.607331,42.551539],[-108.607426,42.551675],[-108.607175,42.55177],[-108.607056,42.551597],[-108.607198,42.551406],[-108.607327,42.551396],[-108.607387,42.551464]]]}},{"type":"Feature","properties":{"id":"excl-a-130","kind":"exclusion","name":"Creek exclusion zone","acres":0.3,"editable":true,"source":"MAP mesic valley bottoms + 10-yr NDVI persistence + IrrMapper + NWI (V3 rule) + collar shape rules (4 Sep 2026)","strm_type":"Intermittent","veg_pct":93.6,"pts":5,"enforce":"ok"},"geometry":{"type":"Polygon","coordinates":[[[-108.591686,42.550442],[-108.591771,42.550671],[-108.591306,42.550765],[-108.591185,42.550666],[-108.591258,42.550528],[-108.591686,42.550442]]]}},{"type":"Feature","properties":{"id":"excl-a-131","kind":"exclusion","name":"Creek exclusion zone","acres":0.2,"editable":true,"source":"MAP mesic valley bottoms + 10-yr NDVI persistence + IrrMapper + NWI (V3 rule) + collar shape rules (4 Sep 2026)","strm_type":"Perennial","veg_pct":70.0,"pts":6,"enforce":"ok"},"geometry":{"type":"Polygon","coordinates":[[[-108.576322,42.561405],[-108.576225,42.56129],[-108.576482,42.561172],[-108.576689,42.561417],[-108.576354,42.561533],[-108.576285,42.561487],[-108.576322,42.561405]]]}},{"type":"Feature","properties":{"id":"excl-a-132","kind":"exclusion","name":"Creek exclusion zone","acres":0.4,"editable":true,"source":"MAP mesic valley bottoms + 10-yr NDVI persistence + IrrMapper + NWI (V3 rule) + collar shape rules (4 Sep 2026)","strm_type":"Intermittent","veg_pct":48.1,"pts":4,"enforce":"ok"},"geometry":{"type":"Polygon","coordinates":[[[-108.597238,42.55173],[-108.596807,42.551903],[-108.596523,42.551637],[-108.596902,42.551416],[-108.597238,42.55173]]]}},{"type":"Feature","properties":{"id":"excl-a-133","kind":"exclusion","name":"Creek exclusion zone","acres":0.2,"editable":true,"source":"MAP mesic valley bottoms + 10-yr NDVI persistence + IrrMapper + NWI (V3 rule) + collar shape rules (4 Sep 2026)","strm_type":"Intermittent","veg_pct":42.0,"pts":4,"enforce":"narrow"},"geometry":{"type":"Polygon","coordinates":[[[-108.596807,42.551903],[-108.596592,42.551989],[-108.596334,42.551747],[-108.596523,42.551637],[-108.596807,42.551903]]]}},{"type":"Feature","properties":{"id":"excl-a-134","kind":"exclusion","name":"Creek exclusion zone","acres":37.1,"editable":true,"source":"MAP mesic valley bottoms + 10-yr NDVI persistence + IrrMapper + NWI (V3 rule) + collar shape rules (4 Sep 2026)","strm_type":"Perennial","veg_pct":82.0,"pts":24,"enforce":"ok"},"geometry":{"type":"Polygon","coordinates":[[[-108.595779,42.553934],[-108.598273,42.555153],[-108.599749,42.555241],[-108.604156,42.553631],[-108.60645,42.551459],[-108.606988,42.551841],[-108.602824,42.554887],[-108.599042,42.555906],[-108.595879,42.5547],[-108.594206,42.551811],[-108.592496,42.551208],[-108.586156,42.555073],[-108.58299,42.555925],[-108.577441,42.558498],[-108.576856,42.560838],[-108.576786,42.560832],[-108.576906,42.558445],[-108.582451,42.555725],[-108.585888,42.554794],[-108.590412,42.552143],[-108.591153,42.550728],[-108.59604,42.551924],[-108.596073,42.552197],[-108.595662,42.552362],[-108.595779,42.553934]]]}},{"type":"Feature","properties":{"id":"excl-a-135","kind":"exclusion","name":"Creek exclusion zone","acres":8.6,"editable":true,"source":"MAP mesic valley bottoms + 10-yr NDVI persistence + IrrMapper + NWI (V3 rule) + collar shape rules (4 Sep 2026)","strm_type":"Intermittent","veg_pct":73.2,"pts":14,"enforce":"ok"},"geometry":{"type":"Polygon","coordinates":[[[-108.599953,42.548137],[-108.602282,42.546648],[-108.604506,42.546375],[-108.60526,42.545507],[-108.60539,42.54555],[-108.604888,42.546846],[-108.604329,42.547016],[-108.603479,42.546665],[-108.601949,42.547113],[-108.599414,42.549138],[-108.59792,42.551457],[-108.597238,42.55173],[-108.596902,42.551416],[-108.59766,42.550973],[-108.599953,42.548137]]]}},{"type":"Feature","properties":{"id":"excl-a-136","kind":"exclusion","name":"Creek exclusion zone","acres":13.3,"editable":true,"source":"MAP mesic valley bottoms + 10-yr NDVI persistence + IrrMapper + NWI (V3 rule) + collar shape rules (4 Sep 2026)","strm_type":"Perennial","veg_pct":60.3,"pts":16,"enforce":"ok"},"geometry":{"type":"Polygon","coordinates":[[[-108.566761,42.561829],[-108.573961,42.561941],[-108.57571,42.561527],[-108.576225,42.56129],[-108.576322,42.561405],[-108.576248,42.561569],[-108.574034,42.562202],[-108.571627,42.562122],[-108.56913,42.562846],[-108.566946,42.562987],[-108.56598,42.563327],[-108.565585,42.563184],[-108.56551,42.562927],[-108.565419,42.562848],[-108.565469,42.562771],[-108.56634,42.562787],[-108.566761,42.561829]]]}},{"type":"Feature","properties":{"id":"excl-a-137","kind":"exclusion","name":"Creek exclusion zone","acres":23.7,"editable":true,"source":"MAP mesic valley bottoms + 10-yr NDVI persistence + IrrMapper + NWI (V3 rule) + collar shape rules (4 Sep 2026)","strm_type":"Perennial","veg_pct":55.5,"pts":26,"enforce":"ok"},"geometry":{"type":"Polygon","coordinates":[[[-108.563741,42.56477],[-108.56321,42.566301],[-108.562498,42.566426],[-108.561866,42.567143],[-108.561534,42.569233],[-108.560277,42.570092],[-108.559787,42.5697],[-108.561279,42.568667],[-108.561162,42.567204],[-108.56182,42.566359],[-108.560669,42.563206],[-108.56102,42.562928],[-108.561703,42.563028],[-108.561606,42.563979],[-108.562138,42.564384],[-108.562649,42.564306],[-108.563199,42.563223],[-108.564858,42.56276],[-108.56493,42.562761],[-108.564947,42.562797],[-108.564816,42.562879],[-108.56506,42.563091],[-108.565195,42.563558],[-108.565314,42.563539],[-108.565324,42.563559],[-108.565187,42.563607],[-108.563741,42.56477]]]}},{"type":"Feature","properties":{"id":"excl-a-138","kind":"exclusion","name":"Creek exclusion zone","acres":0.2,"editable":true,"source":"MAP mesic valley bottoms + 10-yr NDVI persistence + IrrMapper + NWI (V3 rule) + collar shape rules (4 Sep 2026)","strm_type":"Perennial","veg_pct":49.3,"pts":8,"enforce":"ok"},"geometry":{"type":"Polygon","coordinates":[[[-108.565515,42.563182],[-108.565537,42.56325],[-108.56551,42.563317],[-108.565349,42.563381],[-108.565193,42.56331],[-108.565172,42.563242],[-108.565199,42.563175],[-108.565359,42.563111],[-108.565515,42.563182]]]}},{"type":"Feature","properties":{"id":"excl-a-139","kind":"exclusion","name":"Creek exclusion zone","acres":12.4,"editable":true,"source":"MAP mesic valley bottoms + 10-yr NDVI persistence + IrrMapper + NWI (V3 rule) + collar shape rules (4 Sep 2026)","strm_type":"Intermittent","veg_pct":88.4,"pts":15,"enforce":"ok"},"geometry":{"type":"Polygon","coordinates":[[[-108.588476,42.54592],[-108.590161,42.54386],[-108.59079,42.541001],[-108.592636,42.537766],[-108.593275,42.537133],[-108.593371,42.537174],[-108.591181,42.540885],[-108.590414,42.544159],[-108.58902,42.546071],[-108.589069,42.547077],[-108.590332,42.549323],[-108.591517,42.549983],[-108.591686,42.550442],[-108.591258,42.550528],[-108.588658,42.547478],[-108.588476,42.54592]]]}},{"type":"Feature","properties":{"id":"excl-a-140","kind":"exclusion","name":"Creek exclusion zone","acres":14.3,"editable":true,"source":"MAP mesic valley bottoms + 10-yr NDVI persistence + IrrMapper + NWI (V3 rule) + collar shape rules (4 Sep 2026)","strm_type":"Perennial","veg_pct":62.1,"pts":14,"enforce":"ok"},"geometry":{"type":"Polygon","coordinates":[[[-108.558936,42.573029],[-108.558378,42.573691],[-108.554438,42.575642],[-108.553199,42.577014],[-108.549975,42.577842],[-108.549279,42.578249],[-108.549196,42.578189],[-108.550226,42.577212],[-108.55273,42.576579],[-108.558472,42.572944],[-108.558568,42.570544],[-108.559787,42.5697],[-108.560277,42.570092],[-108.55902,42.570951],[-108.558936,42.573029]]]}},{"type":"Feature","properties":{"id":"excl-a-141","kind":"exclusion","name":"Creek exclusion zone","acres":0.1,"editable":true,"source":"MAP mesic valley bottoms + 10-yr NDVI persistence + IrrMapper + NWI (V3 rule) + collar shape rules (4 Sep 2026)","strm_type":"Perennial","veg_pct":93.9,"pts":7,"enforce":"narrow"},"geometry":{"type":"Polygon","coordinates":[[[-108.607127,42.551501],[-108.607056,42.551597],[-108.607175,42.55177],[-108.60705,42.551817],[-108.60688,42.551571],[-108.606992,42.55142],[-108.607051,42.551416],[-108.607127,42.551501]]]}},{"type":"Feature","properties":{"id":"excl-a-142","kind":"exclusion","name":"Creek exclusion zone","acres":5.2,"editable":true,"source":"MAP mesic valley bottoms + 10-yr NDVI persistence + IrrMapper + NWI (V3 rule) + collar shape rules (4 Sep 2026)","strm_type":"Intermittent","veg_pct":29.4,"pts":10,"enforce":"ok"},"geometry":{"type":"Polygon","coordinates":[[[-108.562416,42.562174],[-108.561542,42.562129],[-108.561723,42.558879],[-108.561757,42.558846],[-108.561814,42.558851],[-108.562339,42.559655],[-108.562524,42.560127],[-108.562641,42.560102],[-108.56271,42.56016],[-108.562281,42.560902],[-108.562416,42.562174]]]}},{"type":"Feature","properties":{"id":"excl-a-143","kind":"exclusion","name":"Creek exclusion zone","acres":1.3,"editable":true,"source":"MAP mesic valley bottoms + 10-yr NDVI persistence + IrrMapper + NWI (V3 rule) + collar shape rules (4 Sep 2026)","strm_type":"Intermittent","veg_pct":28.2,"pts":9,"enforce":"ok"},"geometry":{"type":"Polygon","coordinates":[[[-108.562844,42.55866],[-108.563195,42.559322],[-108.562989,42.559677],[-108.562852,42.559671],[-108.562795,42.559525],[-108.562174,42.558573],[-108.562064,42.558612],[-108.562028,42.558579],[-108.562183,42.558427],[-108.562844,42.55866]]]}},{"type":"Feature","properties":{"id":"excl-a-144","kind":"exclusion","name":"Creek exclusion zone","acres":0.2,"editable":true,"source":"MAP mesic valley bottoms + 10-yr NDVI persistence + IrrMapper + NWI (V3 rule) + collar shape rules (4 Sep 2026)","strm_type":"Intermittent","veg_pct":28.2,"pts":8,"enforce":"ok"},"geometry":{"type":"Polygon","coordinates":[[[-108.562469,42.559297],[-108.56256,42.559317],[-108.562625,42.559368],[-108.562619,42.559503],[-108.562459,42.559567],[-108.562368,42.559547],[-108.562303,42.559496],[-108.562308,42.559361],[-108.562469,42.559297]]]}},{"type":"Feature","properties":{"id":"excl-a-145","kind":"exclusion","name":"Creek exclusion zone","acres":8.6,"editable":true,"source":"MAP mesic valley bottoms + 10-yr NDVI persistence + IrrMapper + NWI (V3 rule) + collar shape rules (4 Sep 2026)","strm_type":"Intermittent","veg_pct":38.0,"pts":10,"enforce":"ok"},"geometry":{"type":"Polygon","coordinates":[[[-108.563748,42.556929],[-108.566002,42.556366],[-108.567678,42.555285],[-108.567865,42.554241],[-108.568023,42.554238],[-108.568289,42.555234],[-108.567172,42.555835],[-108.566609,42.556655],[-108.563669,42.558205],[-108.563016,42.557488],[-108.563748,42.556929]]]}},{"type":"Feature","properties":{"id":"excl-a-146","kind":"exclusion","name":"Creek exclusion zone","acres":4.2,"editable":true,"source":"MAP mesic valley bottoms + 10-yr NDVI persistence + IrrMapper + NWI (V3 rule) + collar shape rules (4 Sep 2026)","strm_type":"Intermittent","veg_pct":41.5,"pts":9,"enforce":"ok"},"geometry":{"type":"Polygon","coordinates":[[[-108.548532,42.624465],[-108.54834,42.624466],[-108.548198,42.623961],[-108.548662,42.621921],[-108.549324,42.621422],[-108.548934,42.620261],[-108.549084,42.620212],[-108.549852,42.621078],[-108.549185,42.621948],[-108.548532,42.624465]]]}},{"type":"Feature","properties":{"id":"excl-a-147","kind":"exclusion","name":"Creek exclusion zone","acres":0.4,"editable":true,"source":"MAP mesic valley bottoms + 10-yr NDVI persistence + IrrMapper + NWI (V3 rule) + collar shape rules (4 Sep 2026)","strm_type":"Intermittent","veg_pct":19.5,"pts":6,"enforce":"narrow"},"geometry":{"type":"Polygon","coordinates":[[[-108.549578,42.619181],[-108.549442,42.619146],[-108.549417,42.619037],[-108.550012,42.618594],[-108.550138,42.61865],[-108.550047,42.618867],[-108.549578,42.619181]]]}},{"type":"Feature","properties":{"id":"excl-a-148","kind":"exclusion","name":"Creek exclusion zone","acres":5.6,"editable":true,"source":"MAP mesic valley bottoms + 10-yr NDVI persistence + IrrMapper + NWI (V3 rule) + collar shape rules (4 Sep 2026)","strm_type":"Intermittent","veg_pct":46.6,"pts":9,"enforce":"ok"},"geometry":{"type":"Polygon","coordinates":[[[-108.552556,42.555648],[-108.552354,42.55284],[-108.552764,42.552641],[-108.553337,42.552852],[-108.552929,42.554057],[-108.553298,42.554409],[-108.553708,42.554412],[-108.553903,42.554703],[-108.552874,42.555719],[-108.552556,42.555648]]]}},{"type":"Feature","properties":{"id":"excl-a-149","kind":"exclusion","name":"Creek exclusion zone","acres":1.6,"editable":true,"source":"MAP mesic valley bottoms + 10-yr NDVI persistence + IrrMapper + NWI (V3 rule) + collar shape rules (4 Sep 2026)","strm_type":"Intermittent","veg_pct":44.7,"pts":6,"enforce":"ok"},"geometry":{"type":"Polygon","coordinates":[[[-108.550974,42.617585],[-108.55082,42.617556],[-108.550798,42.617383],[-108.552201,42.615658],[-108.552347,42.615701],[-108.552175,42.616277],[-108.550974,42.617585]]]}},{"type":"Feature","properties":{"id":"excl-a-150","kind":"exclusion","name":"Creek exclusion zone","acres":13.8,"editable":true,"source":"MAP mesic valley bottoms + 10-yr NDVI persistence + IrrMapper + NWI (V3 rule) + collar shape rules (4 Sep 2026)","strm_type":"Intermittent","veg_pct":42.5,"pts":18,"enforce":"ok"},"geometry":{"type":"Polygon","coordinates":[[[-108.560393,42.545925],[-108.559412,42.54793],[-108.558373,42.548335],[-108.557922,42.548177],[-108.557839,42.547876],[-108.559266,42.547423],[-108.560048,42.545361],[-108.561344,42.544349],[-108.562901,42.54223],[-108.562866,42.541001],[-108.561713,42.540418],[-108.561622,42.538049],[-108.561946,42.537174],[-108.562045,42.537186],[-108.561823,42.53982],[-108.56237,42.540533],[-108.563459,42.540992],[-108.563184,42.543137],[-108.560393,42.545925]]]}},{"type":"Feature","properties":{"id":"excl-a-151","kind":"exclusion","name":"Creek exclusion zone","acres":11.7,"editable":true,"source":"MAP mesic valley bottoms + 10-yr NDVI persistence + IrrMapper + NWI (V3 rule) + collar shape rules (4 Sep 2026)","strm_type":"Intermittent","veg_pct":51.7,"pts":14,"enforce":"ok"},"geometry":{"type":"Polygon","coordinates":[[[-108.554893,42.55141],[-108.555959,42.548815],[-108.555696,42.548144],[-108.556165,42.545637],[-108.555422,42.544334],[-108.555684,42.542216],[-108.555106,42.540252],[-108.555182,42.540235],[-108.555786,42.541364],[-108.555797,42.543698],[-108.556434,42.544904],[-108.556178,42.547951],[-108.557274,42.548727],[-108.555007,42.551448],[-108.554893,42.55141]]]}},{"type":"Feature","properties":{"id":"excl-a-152","kind":"exclusion","name":"Creek exclusion zone","acres":0.9,"editable":true,"source":"MAP mesic valley bottoms + 10-yr NDVI persistence + IrrMapper + NWI (V3 rule) + collar shape rules (4 Sep 2026)","strm_type":"Intermittent","veg_pct":15.8,"pts":6,"enforce":"ok"},"geometry":{"type":"Polygon","coordinates":[[[-108.549197,42.705876],[-108.549246,42.705822],[-108.549333,42.705825],[-108.550553,42.706997],[-108.550459,42.707068],[-108.549687,42.706644],[-108.549197,42.705876]]]}},{"type":"Feature","properties":{"id":"excl-a-153","kind":"exclusion","name":"Creek exclusion zone","acres":0.1,"editable":true,"source":"MAP mesic valley bottoms + 10-yr NDVI persistence + IrrMapper + NWI (V3 rule) + collar shape rules (4 Sep 2026)","strm_type":"Intermittent","veg_pct":25.5,"pts":5,"enforce":"narrow"},"geometry":{"type":"Polygon","coordinates":[[[-108.55313,42.614697],[-108.553085,42.614654],[-108.553396,42.614203],[-108.553447,42.61422],[-108.553213,42.614684],[-108.55313,42.614697]]]}},{"type":"Feature","properties":{"id":"excl-a-154","kind":"exclusion","name":"Creek exclusion zone","acres":2.4,"editable":true,"source":"MAP mesic valley bottoms + 10-yr NDVI persistence + IrrMapper + NWI (V3 rule) + collar shape rules (4 Sep 2026)","strm_type":"Intermittent","veg_pct":42.9,"pts":7,"enforce":"ok"},"geometry":{"type":"Polygon","coordinates":[[[-108.554309,42.612867],[-108.554254,42.612833],[-108.555572,42.611485],[-108.555893,42.610521],[-108.556275,42.61023],[-108.556493,42.610321],[-108.556072,42.611529],[-108.554309,42.612867]]]}},{"type":"Feature","properties":{"id":"excl-a-155","kind":"exclusion","name":"Creek exclusion zone","acres":3.9,"editable":true,"source":"MAP mesic valley bottoms + 10-yr NDVI persistence + IrrMapper + NWI (V3 rule) + collar shape rules (4 Sep 2026)","strm_type":"Intermittent","veg_pct":48.5,"pts":6,"enforce":"ok"},"geometry":{"type":"Polygon","coordinates":[[[-108.552734,42.661923],[-108.552511,42.661879],[-108.552552,42.66044],[-108.553778,42.659152],[-108.553942,42.659207],[-108.553284,42.66118],[-108.552734,42.661923]]]}},{"type":"Feature","properties":{"id":"excl-a-156","kind":"exclusion","name":"Creek exclusion zone","acres":26.9,"editable":true,"source":"MAP mesic valley bottoms + 10-yr NDVI persistence + IrrMapper + NWI (V3 rule) + collar shape rules (4 Sep 2026)","strm_type":"Intermittent","veg_pct":45.2,"pts":22,"enforce":"ok"},"geometry":{"type":"Polygon","coordinates":[[[-108.573288,42.540444],[-108.570241,42.542292],[-108.567522,42.545072],[-108.56545,42.545315],[-108.5632,42.546361],[-108.561304,42.548067],[-108.559682,42.550803],[-108.558476,42.550653],[-108.557902,42.551429],[-108.557288,42.551188],[-108.557568,42.550067],[-108.559874,42.549712],[-108.560789,42.547944],[-108.562726,42.546005],[-108.567027,42.544607],[-108.567839,42.5434],[-108.571708,42.540731],[-108.573131,42.540232],[-108.574591,42.538778],[-108.576606,42.538521],[-108.576624,42.538573],[-108.574626,42.539063],[-108.573288,42.540444]]]}},{"type":"Feature","properties":{"id":"excl-a-157","kind":"exclusion","name":"Creek exclusion zone","acres":0.8,"editable":true,"source":"MAP mesic valley bottoms + 10-yr NDVI persistence + IrrMapper + NWI (V3 rule) + collar shape rules (4 Sep 2026)","strm_type":"Intermittent","veg_pct":31.1,"pts":5,"enforce":"ok"},"geometry":{"type":"Polygon","coordinates":[[[-108.552987,42.68218],[-108.552996,42.681983],[-108.553827,42.681669],[-108.554075,42.681914],[-108.553223,42.682284],[-108.552987,42.68218]]]}},{"type":"Feature","properties":{"id":"excl-a-158","kind":"exclusion","name":"Creek exclusion zone","acres":0.5,"editable":true,"source":"MAP mesic valley bottoms + 10-yr NDVI persistence + IrrMapper + NWI (V3 rule) + collar shape rules (4 Sep 2026)","strm_type":"Intermittent","veg_pct":22.2,"pts":6,"enforce":"ok"},"geometry":{"type":"Polygon","coordinates":[[[-108.558429,42.56224],[-108.558247,42.561689],[-108.558384,42.561601],[-108.558568,42.561655],[-108.558836,42.562244],[-108.558657,42.562315],[-108.558429,42.56224]]]}},{"type":"Feature","properties":{"id":"excl-a-159","kind":"exclusion","name":"Creek exclusion zone","acres":3.6,"editable":true,"source":"MAP mesic valley bottoms + 10-yr NDVI persistence + IrrMapper + NWI (V3 rule) + collar shape rules (4 Sep 2026)","strm_type":"Intermittent","veg_pct":39.1,"pts":10,"enforce":"ok"},"geometry":{"type":"Polygon","coordinates":[[[-108.558912,42.586199],[-108.558873,42.586196],[-108.559034,42.584338],[-108.559926,42.583056],[-108.55952,42.582414],[-108.557587,42.58194],[-108.557729,42.581676],[-108.559766,42.582202],[-108.560226,42.583299],[-108.559212,42.58467],[-108.558912,42.586199]]]}},{"type":"Feature","properties":{"id":"excl-a-160","kind":"exclusion","name":"Creek exclusion zone","acres":3.9,"editable":true,"source":"MAP mesic valley bottoms + 10-yr NDVI persistence + IrrMapper + NWI (V3 rule) + collar shape rules (4 Sep 2026)","strm_type":"Intermittent","veg_pct":22.9,"pts":5,"enforce":"ok"},"geometry":{"type":"Polygon","coordinates":[[[-108.560416,42.596798],[-108.560562,42.596382],[-108.562798,42.596283],[-108.562962,42.596937],[-108.561076,42.597202],[-108.560416,42.596798]]]}},{"type":"Feature","properties":{"id":"excl-a-161","kind":"exclusion","name":"Creek exclusion zone","acres":8.3,"editable":true,"source":"MAP mesic valley bottoms + 10-yr NDVI persistence + IrrMapper + NWI (V3 rule) + collar shape rules (4 Sep 2026)","strm_type":"Intermittent","veg_pct":29.2,"pts":6,"enforce":"ok"},"geometry":{"type":"Polygon","coordinates":[[[-108.585659,42.560173],[-108.585813,42.559696],[-108.588738,42.559063],[-108.590412,42.558046],[-108.59083,42.558379],[-108.58792,42.560337],[-108.585659,42.560173]]]}},{"type":"Feature","properties":{"id":"excl-a-162","kind":"exclusion","name":"Creek exclusion zone","acres":1.0,"editable":true,"source":"MAP mesic valley bottoms + 10-yr NDVI persistence + IrrMapper + NWI (V3 rule) + collar shape rules (4 Sep 2026)","strm_type":"Intermittent","veg_pct":18.8,"pts":5,"enforce":"ok"},"geometry":{"type":"Polygon","coordinates":[[[-108.583915,42.561081],[-108.584559,42.56028],[-108.584808,42.560328],[-108.584925,42.560538],[-108.584351,42.561246],[-108.583915,42.561081]]]}},{"type":"Feature","properties":{"id":"excl-a-163","kind":"exclusion","name":"Creek exclusion zone","acres":0.2,"editable":true,"source":"MAP mesic valley bottoms + 10-yr NDVI persistence + IrrMapper + NWI (V3 rule) + collar shape rules (4 Sep 2026)","strm_type":"Intermittent","veg_pct":26.7,"pts":7,"enforce":"ok"},"geometry":{"type":"Polygon","coordinates":[[[-108.582954,42.561662],[-108.582742,42.561841],[-108.582686,42.56182],[-108.58271,42.561732],[-108.582394,42.561684],[-108.582389,42.561573],[-108.582806,42.561488],[-108.582954,42.561662]]]}},{"type":"Feature","properties":{"id":"excl-a-164","kind":"exclusion","name":"Creek exclusion zone","acres":16.9,"editable":true,"source":"MAP mesic valley bottoms + 10-yr NDVI persistence + IrrMapper + NWI (V3 rule) + collar shape rules (4 Sep 2026)","strm_type":"Intermittent","veg_pct":33.6,"pts":21,"enforce":"ok"},"geometry":{"type":"Polygon","coordinates":[[[-108.579363,42.562572],[-108.574875,42.564703],[-108.572547,42.565075],[-108.56988,42.565019],[-108.568815,42.565319],[-108.567556,42.56664],[-108.566348,42.567098],[-108.564957,42.56672],[-108.56515,42.566281],[-108.567354,42.566096],[-108.568947,42.56489],[-108.572297,42.564944],[-108.574214,42.56452],[-108.5793,42.562208],[-108.581319,42.561793],[-108.581433,42.561859],[-108.58143,42.561949],[-108.581751,42.561956],[-108.582113,42.56201],[-108.582232,42.56227],[-108.581681,42.562734],[-108.579363,42.562572]]]}},{"type":"Feature","properties":{"id":"excl-a-165","kind":"exclusion","name":"Creek exclusion zone","acres":0.2,"editable":true,"source":"MAP mesic valley bottoms + 10-yr NDVI persistence + IrrMapper + NWI (V3 rule) + collar shape rules (4 Sep 2026)","strm_type":"Intermittent","veg_pct":33.3,"pts":8,"enforce":"ok"},"geometry":{"type":"Polygon","coordinates":[[[-108.582149,42.561695],[-108.58224,42.561716],[-108.582305,42.561766],[-108.5823,42.561901],[-108.582139,42.561965],[-108.582048,42.561945],[-108.581983,42.561895],[-108.581989,42.56176],[-108.582149,42.561695]]]}},{"type":"Feature","properties":{"id":"excl-a-166","kind":"exclusion","name":"Creek exclusion zone","acres":0.1,"editable":true,"source":"MAP mesic valley bottoms + 10-yr NDVI persistence + IrrMapper + NWI (V3 rule) + collar shape rules (4 Sep 2026)","strm_type":"Intermittent","veg_pct":74.9,"pts":7,"enforce":"narrow"},"geometry":{"type":"Polygon","coordinates":[[[-108.581867,42.625538],[-108.581976,42.625662],[-108.581738,42.625777],[-108.581664,42.625693],[-108.58159,42.625693],[-108.581556,42.625647],[-108.58165,42.625539],[-108.581867,42.625538]]]}},{"type":"Feature","properties":{"id":"excl-a-167","kind":"exclusion","name":"Creek exclusion zone","acres":2.0,"editable":true,"source":"MAP mesic valley bottoms + 10-yr NDVI persistence + IrrMapper + NWI (V3 rule) + collar shape rules (4 Sep 2026)","strm_type":"Perennial","veg_pct":58.2,"pts":4,"enforce":"ok"},"geometry":{"type":"Polygon","coordinates":[[[-108.56517,42.630628],[-108.564243,42.632229],[-108.563815,42.632094],[-108.564682,42.630474],[-108.56517,42.630628]]]}},{"type":"Feature","properties":{"id":"excl-a-168","kind":"exclusion","name":"Creek exclusion zone","acres":4.5,"editable":true,"source":"MAP mesic valley bottoms + 10-yr NDVI persistence + IrrMapper + NWI (V3 rule) + collar shape rules (4 Sep 2026)","strm_type":"Perennial","veg_pct":65.7,"pts":13,"enforce":"ok"},"geometry":{"type":"Polygon","coordinates":[[[-108.57364,42.632109],[-108.572333,42.633121],[-108.571627,42.632738],[-108.571398,42.632809],[-108.571202,42.6327],[-108.5715,42.631032],[-108.571709,42.630971],[-108.57176,42.631004],[-108.57152,42.63177],[-108.571701,42.632074],[-108.572239,42.632176],[-108.573314,42.631567],[-108.573316,42.631929],[-108.57364,42.632109]]]}},{"type":"Feature","properties":{"id":"excl-a-169","kind":"exclusion","name":"Creek exclusion zone","acres":16.4,"editable":true,"source":"MAP mesic valley bottoms + 10-yr NDVI persistence + IrrMapper + NWI (V3 rule) + collar shape rules (4 Sep 2026)","strm_type":"Perennial","veg_pct":66.5,"pts":21,"enforce":"ok"},"geometry":{"type":"Polygon","coordinates":[[[-108.569587,42.6347],[-108.567774,42.637458],[-108.567598,42.638304],[-108.568083,42.639342],[-108.568165,42.639402],[-108.568047,42.639533],[-108.567735,42.639491],[-108.566721,42.637385],[-108.563558,42.63469],[-108.56302,42.633578],[-108.563815,42.632094],[-108.564243,42.632229],[-108.563316,42.63383],[-108.566519,42.636869],[-108.567342,42.636874],[-108.569315,42.634509],[-108.571061,42.633494],[-108.57117,42.632881],[-108.571627,42.632738],[-108.572333,42.633121],[-108.571257,42.633955],[-108.569587,42.6347]]]}},{"type":"Feature","properties":{"id":"excl-a-170","kind":"exclusion","name":"Creek exclusion zone","acres":6.8,"editable":true,"source":"MAP mesic valley bottoms + 10-yr NDVI persistence + IrrMapper + NWI (V3 rule) + collar shape rules (4 Sep 2026)","strm_type":"Perennial","veg_pct":83.5,"pts":11,"enforce":"ok"},"geometry":{"type":"Polygon","coordinates":[[[-108.581404,42.625822],[-108.581504,42.625817],[-108.58156,42.625863],[-108.579407,42.628398],[-108.577673,42.629247],[-108.576468,42.63043],[-108.575452,42.630704],[-108.57364,42.632109],[-108.573316,42.631929],[-108.573314,42.631567],[-108.579425,42.628104],[-108.581404,42.625822]]]}},{"type":"Feature","properties":{"id":"excl-a-171","kind":"exclusion","name":"Creek exclusion zone","acres":4.4,"editable":true,"source":"MAP mesic valley bottoms + 10-yr NDVI persistence + IrrMapper + NWI (V3 rule) + collar shape rules (4 Sep 2026)","strm_type":"Perennial","veg_pct":54.1,"pts":9,"enforce":"ok"},"geometry":{"type":"Polygon","coordinates":[[[-108.577034,42.623502],[-108.577165,42.623597],[-108.574124,42.626905],[-108.572131,42.629817],[-108.571776,42.630953],[-108.571631,42.630992],[-108.571518,42.630929],[-108.571722,42.629784],[-108.576808,42.623524],[-108.577034,42.623502]]]}},{"type":"Feature","properties":{"id":"excl-a-172","kind":"exclusion","name":"Creek exclusion zone","acres":4.7,"editable":true,"source":"MAP mesic valley bottoms + 10-yr NDVI persistence + IrrMapper + NWI (V3 rule) + collar shape rules (4 Sep 2026)","strm_type":"Perennial","veg_pct":84.8,"pts":5,"enforce":"ok"},"geometry":{"type":"Polygon","coordinates":[[[-108.566778,42.627221],[-108.567023,42.627425],[-108.56517,42.630628],[-108.564682,42.630474],[-108.566397,42.62727],[-108.566778,42.627221]]]}},{"type":"Feature","properties":{"id":"excl-a-173","kind":"exclusion","name":"Creek exclusion zone","acres":22.8,"editable":true,"source":"MAP mesic valley bottoms + 10-yr NDVI persistence + IrrMapper + NWI (V3 rule) + collar shape rules (4 Sep 2026)","strm_type":"Intermittent","veg_pct":54.3,"pts":22,"enforce":"ok"},"geometry":{"type":"Polygon","coordinates":[[[-108.592358,42.617205],[-108.594747,42.61618],[-108.597067,42.614167],[-108.599225,42.611082],[-108.601659,42.609002],[-108.602212,42.609028],[-108.602465,42.609309],[-108.59918,42.61162],[-108.597261,42.614611],[-108.594988,42.616455],[-108.592294,42.617533],[-108.591754,42.618386],[-108.58915,42.619872],[-108.586159,42.622383],[-108.583877,42.623403],[-108.582452,42.625431],[-108.581976,42.625662],[-108.581867,42.625538],[-108.581758,42.625539],[-108.581708,42.625472],[-108.58366,42.623222],[-108.585319,42.622493],[-108.592358,42.617205]]]}},{"type":"Feature","properties":{"id":"excl-a-174","kind":"exclusion","name":"Creek exclusion zone","acres":1.6,"editable":true,"source":"MAP mesic valley bottoms + 10-yr NDVI persistence + IrrMapper + NWI (V3 rule) + collar shape rules (4 Sep 2026)","strm_type":"Perennial","veg_pct":45.8,"pts":6,"enforce":"ok"},"geometry":{"type":"Polygon","coordinates":[[[-108.577973,42.656819],[-108.578033,42.656655],[-108.579604,42.65637],[-108.579701,42.656661],[-108.579392,42.656959],[-108.578144,42.65698],[-108.577973,42.656819]]]}},{"type":"Feature","properties":{"id":"excl-a-175","kind":"exclusion","name":"Creek exclusion zone","acres":22.4,"editable":true,"source":"MAP mesic valley bottoms + 10-yr NDVI persistence + IrrMapper + NWI (V3 rule) + collar shape rules (4 Sep 2026)","strm_type":"Intermittent","veg_pct":60.9,"pts":19,"enforce":"ok"},"geometry":{"type":"Polygon","coordinates":[[[-108.581348,42.648032],[-108.582114,42.648204],[-108.582591,42.653631],[-108.58375,42.65394],[-108.582359,42.65588],[-108.582182,42.65681],[-108.580851,42.65696],[-108.579646,42.656959],[-108.579547,42.65681],[-108.579701,42.656661],[-108.579604,42.65637],[-108.581175,42.656084],[-108.581916,42.65559],[-108.582376,42.654656],[-108.582177,42.650768],[-108.578879,42.646784],[-108.5799,42.64641],[-108.580376,42.646609],[-108.580432,42.647126],[-108.581348,42.648032]]]}},{"type":"Feature","properties":{"id":"excl-a-176","kind":"exclusion","name":"Creek exclusion zone","acres":30.0,"editable":true,"source":"MAP mesic valley bottoms + 10-yr NDVI persistence + IrrMapper + NWI (V3 rule) + collar shape rules (4 Sep 2026)","strm_type":"Perennial","veg_pct":60.9,"pts":25,"enforce":"ok"},"geometry":{"type":"Polygon","coordinates":[[[-108.571811,42.64257],[-108.567922,42.63988],[-108.567828,42.639685],[-108.56801,42.639528],[-108.568184,42.639552],[-108.568296,42.639498],[-108.571273,42.641675],[-108.573006,42.642279],[-108.574336,42.642035],[-108.575574,42.642471],[-108.57796,42.640785],[-108.578098,42.64081],[-108.578222,42.641075],[-108.577438,42.641828],[-108.577374,42.642781],[-108.576571,42.643536],[-108.576742,42.644143],[-108.578037,42.645003],[-108.580292,42.645834],[-108.580354,42.646408],[-108.580138,42.64651],[-108.5799,42.64641],[-108.578879,42.646784],[-108.577474,42.645086],[-108.574882,42.643582],[-108.571811,42.64257]]]}},{"type":"Feature","properties":{"id":"excl-a-177","kind":"exclusion","name":"Creek exclusion zone","acres":26.0,"editable":true,"source":"MAP mesic valley bottoms + 10-yr NDVI persistence + IrrMapper + NWI (V3 rule) + collar shape rules (4 Sep 2026)","strm_type":"Perennial","veg_pct":50.8,"pts":20,"enforce":"ok"},"geometry":{"type":"Polygon","coordinates":[[[-108.575883,42.66181],[-108.576593,42.660937],[-108.576632,42.659234],[-108.577363,42.658496],[-108.577937,42.656918],[-108.578058,42.656899],[-108.578144,42.65698],[-108.58064,42.656938],[-108.58065,42.656963],[-108.580587,42.656989],[-108.577031,42.660191],[-108.57773,42.662846],[-108.577107,42.665316],[-108.577442,42.666733],[-108.577203,42.666847],[-108.577044,42.666906],[-108.576896,42.666833],[-108.576907,42.666702],[-108.576346,42.666248],[-108.576709,42.664077],[-108.575883,42.66181]]]}},{"type":"Feature","properties":{"id":"excl-a-178","kind":"exclusion","name":"Creek exclusion zone","acres":36.3,"editable":true,"source":"MAP mesic valley bottoms + 10-yr NDVI persistence + IrrMapper + NWI (V3 rule) + collar shape rules (4 Sep 2026)","strm_type":"Perennial","veg_pct":43.4,"pts":29,"enforce":"ok"},"geometry":{"type":"Polygon","coordinates":[[[-108.569496,42.672571],[-108.575024,42.670461],[-108.576859,42.667269],[-108.576881,42.666965],[-108.577203,42.666847],[-108.577505,42.666998],[-108.577637,42.667559],[-108.576815,42.668219],[-108.576668,42.669577],[-108.577096,42.669831],[-108.578228,42.669574],[-108.579987,42.668235],[-108.580256,42.668369],[-108.580287,42.668666],[-108.576916,42.670982],[-108.576004,42.671005],[-108.573929,42.672294],[-108.571283,42.673034],[-108.570697,42.6746],[-108.570283,42.674915],[-108.569726,42.674851],[-108.569549,42.674589],[-108.569663,42.674508],[-108.569895,42.674602],[-108.570131,42.674286],[-108.569363,42.673951],[-108.56929,42.674023],[-108.569162,42.674014],[-108.568859,42.673564],[-108.569496,42.672571]]]}},{"type":"Feature","properties":{"id":"excl-a-179","kind":"exclusion","name":"Creek exclusion zone","acres":0.1,"editable":true,"source":"MAP mesic valley bottoms + 10-yr NDVI persistence + IrrMapper + NWI (V3 rule) + collar shape rules (4 Sep 2026)","strm_type":"Intermittent","veg_pct":34.0,"pts":6,"enforce":"narrow"},"geometry":{"type":"Polygon","coordinates":[[[-108.569323,42.674082],[-108.569506,42.674086],[-108.569571,42.674137],[-108.569565,42.674271],[-108.569374,42.674329],[-108.569249,42.674143],[-108.569323,42.674082]]]}},{"type":"Feature","properties":{"id":"excl-a-180","kind":"exclusion","name":"Creek exclusion zone","acres":24.3,"editable":true,"source":"MAP mesic valley bottoms + 10-yr NDVI persistence + IrrMapper + NWI (V3 rule) + collar shape rules (4 Sep 2026)","strm_type":"Perennial","veg_pct":52.2,"pts":16,"enforce":"ok"},"geometry":{"type":"Polygon","coordinates":[[[-108.581913,42.666035],[-108.583269,42.666158],[-108.586064,42.662603],[-108.587041,42.662676],[-108.588563,42.661458],[-108.589388,42.66119],[-108.589636,42.661459],[-108.58733,42.663136],[-108.586435,42.664681],[-108.584534,42.665583],[-108.583663,42.666911],[-108.580433,42.668559],[-108.58027,42.668502],[-108.580256,42.668369],[-108.580213,42.668063],[-108.581361,42.667189],[-108.581913,42.666035]]]}},{"type":"Feature","properties":{"id":"excl-a-181","kind":"exclusion","name":"Creek exclusion zone","acres":6.0,"editable":true,"source":"MAP mesic valley bottoms + 10-yr NDVI persistence + IrrMapper + NWI (V3 rule) + collar shape rules (4 Sep 2026)","strm_type":"Intermittent","veg_pct":42.6,"pts":12,"enforce":"ok"},"geometry":{"type":"Polygon","coordinates":[[[-108.578824,42.640175],[-108.582737,42.636458],[-108.585778,42.635147],[-108.588078,42.633249],[-108.588228,42.633306],[-108.588265,42.633456],[-108.586072,42.63525],[-108.584488,42.635705],[-108.582647,42.636822],[-108.578381,42.640921],[-108.578222,42.641075],[-108.578055,42.640718],[-108.578824,42.640175]]]}},{"type":"Feature","properties":{"id":"excl-a-182","kind":"exclusion","name":"Creek exclusion zone","acres":3.9,"editable":true,"source":"MAP mesic valley bottoms + 10-yr NDVI persistence + IrrMapper + NWI (V3 rule) + collar shape rules (4 Sep 2026)","strm_type":"Intermittent","veg_pct":59.9,"pts":6,"enforce":"ok"},"geometry":{"type":"Polygon","coordinates":[[[-108.567085,42.625535],[-108.569659,42.621943],[-108.569704,42.621958],[-108.567309,42.626319],[-108.567015,42.626371],[-108.566818,42.626245],[-108.567085,42.625535]]]}},{"type":"Feature","properties":{"id":"excl-a-183","kind":"exclusion","name":"Creek exclusion zone","acres":1.7,"editable":true,"source":"MAP mesic valley bottoms + 10-yr NDVI persistence + IrrMapper + NWI (V3 rule) + collar shape rules (4 Sep 2026)","strm_type":"Intermittent","veg_pct":24.3,"pts":5,"enforce":"ok"},"geometry":{"type":"Polygon","coordinates":[[[-108.567571,42.552753],[-108.566994,42.552505],[-108.567364,42.551836],[-108.568275,42.552138],[-108.568115,42.552586],[-108.567571,42.552753]]]}},{"type":"Feature","properties":{"id":"excl-a-184","kind":"exclusion","name":"Creek exclusion zone","acres":5.7,"editable":true,"source":"MAP mesic valley bottoms + 10-yr NDVI persistence + IrrMapper + NWI (V3 rule) + collar shape rules (4 Sep 2026)","strm_type":"Perennial","veg_pct":57.3,"pts":6,"enforce":"ok"},"geometry":{"type":"Polygon","coordinates":[[[-108.562056,42.693496],[-108.56196,42.692386],[-108.562412,42.692079],[-108.563792,42.69223],[-108.564023,42.693183],[-108.562529,42.693702],[-108.562056,42.693496]]]}},{"type":"Feature","properties":{"id":"excl-a-185","kind":"exclusion","name":"Creek exclusion zone","acres":0.6,"editable":true,"source":"MAP mesic valley bottoms + 10-yr NDVI persistence + IrrMapper + NWI (V3 rule) + collar shape rules (4 Sep 2026)","strm_type":"Intermittent","veg_pct":33.7,"pts":6,"enforce":"ok"},"geometry":{"type":"Polygon","coordinates":[[[-108.569769,42.548895],[-108.569695,42.54882],[-108.570067,42.54805],[-108.570263,42.548021],[-108.570393,42.548128],[-108.56988,42.548891],[-108.569769,42.548895]]]}},{"type":"Feature","properties":{"id":"excl-a-186","kind":"exclusion","name":"Creek exclusion zone","acres":1.2,"editable":true,"source":"MAP mesic valley bottoms + 10-yr NDVI persistence + IrrMapper + NWI (V3 rule) + collar shape rules (4 Sep 2026)","strm_type":"Intermittent","veg_pct":21.1,"pts":5,"enforce":"ok"},"geometry":{"type":"Polygon","coordinates":[[[-108.568706,42.550428],[-108.568394,42.550174],[-108.568823,42.549421],[-108.569272,42.549519],[-108.569039,42.550418],[-108.568706,42.550428]]]}},{"type":"Feature","properties":{"id":"excl-a-187","kind":"exclusion","name":"Creek exclusion zone","acres":0.3,"editable":true,"source":"MAP mesic valley bottoms + 10-yr NDVI persistence + IrrMapper + NWI (V3 rule) + collar shape rules (4 Sep 2026)","strm_type":"Intermittent","veg_pct":18.9,"pts":5,"enforce":"ok"},"geometry":{"type":"Polygon","coordinates":[[[-108.562131,42.712695],[-108.562218,42.71268],[-108.562769,42.712939],[-108.562715,42.713096],[-108.562366,42.713113],[-108.562131,42.712695]]]}},{"type":"Feature","properties":{"id":"excl-a-188","kind":"exclusion","name":"Creek exclusion zone","acres":1.1,"editable":true,"source":"MAP mesic valley bottoms + 10-yr NDVI persistence + IrrMapper + NWI (V3 rule) + collar shape rules (4 Sep 2026)","strm_type":"Intermittent","veg_pct":18.0,"pts":6,"enforce":"ok"},"geometry":{"type":"Polygon","coordinates":[[[-108.566227,42.654026],[-108.566283,42.654001],[-108.567739,42.655535],[-108.568462,42.655829],[-108.568436,42.655871],[-108.56728,42.655534],[-108.566227,42.654026]]]}},{"type":"Feature","properties":{"id":"excl-a-189","kind":"exclusion","name":"Creek exclusion zone","acres":0.4,"editable":true,"source":"MAP mesic valley bottoms + 10-yr NDVI persistence + IrrMapper + NWI (V3 rule) + collar shape rules (4 Sep 2026)","strm_type":"Intermittent","veg_pct":22.5,"pts":6,"enforce":"narrow"},"geometry":{"type":"Polygon","coordinates":[[[-108.566689,42.649703],[-108.566833,42.649652],[-108.567354,42.650056],[-108.567407,42.650206],[-108.5673,42.650256],[-108.566726,42.649895],[-108.566689,42.649703]]]}},{"type":"Feature","properties":{"id":"excl-a-190","kind":"exclusion","name":"Creek exclusion zone","acres":6.7,"editable":true,"source":"MAP mesic valley bottoms + 10-yr NDVI persistence + IrrMapper + NWI (V3 rule) + collar shape rules (4 Sep 2026)","strm_type":"Intermittent","veg_pct":48.3,"pts":10,"enforce":"ok"},"geometry":{"type":"Polygon","coordinates":[[[-108.575232,42.545911],[-108.572218,42.546923],[-108.572069,42.5468],[-108.572261,42.546562],[-108.575226,42.545459],[-108.577731,42.543595],[-108.57977,42.542673],[-108.579953,42.542754],[-108.579958,42.542923],[-108.577268,42.544239],[-108.575232,42.545911]]]}},{"type":"Feature","properties":{"id":"excl-a-191","kind":"exclusion","name":"Creek exclusion zone","acres":2.2,"editable":true,"source":"MAP mesic valley bottoms + 10-yr NDVI persistence + IrrMapper + NWI (V3 rule) + collar shape rules (4 Sep 2026)","strm_type":"Intermittent","veg_pct":19.4,"pts":5,"enforce":"ok"},"geometry":{"type":"Polygon","coordinates":[[[-108.57144,42.574611],[-108.572021,42.573827],[-108.57232,42.573868],[-108.572533,42.575034],[-108.571823,42.575259],[-108.57144,42.574611]]]}},{"type":"Feature","properties":{"id":"excl-a-192","kind":"exclusion","name":"Creek exclusion zone","acres":1.6,"editable":true,"source":"MAP mesic valley bottoms + 10-yr NDVI persistence + IrrMapper + NWI (V3 rule) + collar shape rules (4 Sep 2026)","strm_type":"Intermittent","veg_pct":42.2,"pts":6,"enforce":"ok"},"geometry":{"type":"Polygon","coordinates":[[[-108.570681,42.62082],[-108.570562,42.620754],[-108.571537,42.618683],[-108.571763,42.618628],[-108.571904,42.618737],[-108.570882,42.620711],[-108.570681,42.62082]]]}},{"type":"Feature","properties":{"id":"excl-a-193","kind":"exclusion","name":"Creek exclusion zone","acres":0.9,"editable":true,"source":"MAP mesic valley bottoms + 10-yr NDVI persistence + IrrMapper + NWI (V3 rule) + collar shape rules (4 Sep 2026)","strm_type":"Intermittent","veg_pct":24.3,"pts":6,"enforce":"ok"},"geometry":{"type":"Polygon","coordinates":[[[-108.570226,42.655341],[-108.570156,42.6553],[-108.570741,42.653778],[-108.570928,42.653746],[-108.571061,42.653854],[-108.570328,42.6553],[-108.570226,42.655341]]]}},{"type":"Feature","properties":{"id":"excl-a-194","kind":"exclusion","name":"Creek exclusion zone","acres":10.4,"editable":true,"source":"MAP mesic valley bottoms + 10-yr NDVI persistence + IrrMapper + NWI (V3 rule) + collar shape rules (4 Sep 2026)","strm_type":"Intermittent","veg_pct":54.7,"pts":11,"enforce":"ok"},"geometry":{"type":"Polygon","coordinates":[[[-108.578375,42.612391],[-108.576207,42.613447],[-108.573172,42.617032],[-108.573139,42.617018],[-108.575802,42.613255],[-108.577247,42.612782],[-108.580692,42.61054],[-108.584314,42.607571],[-108.58703,42.606545],[-108.587076,42.6066],[-108.584335,42.608139],[-108.578375,42.612391]]]}},{"type":"Feature","properties":{"id":"excl-a-195","kind":"exclusion","name":"Creek exclusion zone","acres":67.3,"editable":true,"source":"MAP mesic valley bottoms + 10-yr NDVI persistence + IrrMapper + NWI (V3 rule) + collar shape rules (4 Sep 2026)","strm_type":"Perennial","veg_pct":43.0,"pts":18,"enforce":"ok"},"geometry":{"type":"Polygon","coordinates":[[[-108.578814,42.704853],[-108.577465,42.703498],[-108.57715,42.702174],[-108.576305,42.701984],[-108.576708,42.701311],[-108.57552,42.700258],[-108.575075,42.69888],[-108.573492,42.697956],[-108.572201,42.697749],[-108.571808,42.697283],[-108.571703,42.696681],[-108.573446,42.695079],[-108.578557,42.698407],[-108.579307,42.699344],[-108.578918,42.701444],[-108.579813,42.702592],[-108.580518,42.702851],[-108.579305,42.704815],[-108.578814,42.704853]]]}},{"type":"Feature","properties":{"id":"excl-a-196","kind":"exclusion","name":"Creek exclusion zone","acres":0.6,"editable":true,"source":"MAP mesic valley bottoms + 10-yr NDVI persistence + IrrMapper + NWI (V3 rule) + collar shape rules (4 Sep 2026)","strm_type":"Intermittent","veg_pct":12.7,"pts":5,"enforce":"ok"},"geometry":{"type":"Polygon","coordinates":[[[-108.573718,42.658509],[-108.573961,42.658427],[-108.574383,42.658844],[-108.574201,42.659047],[-108.573688,42.658953],[-108.573718,42.658509]]]}},{"type":"Feature","properties":{"id":"excl-a-197","kind":"exclusion","name":"Creek exclusion zone","acres":0.2,"editable":true,"source":"MAP mesic valley bottoms + 10-yr NDVI persistence + IrrMapper + NWI (V3 rule) + collar shape rules (4 Sep 2026)","strm_type":"Intermittent","veg_pct":17.7,"pts":5,"enforce":"ok"},"geometry":{"type":"Polygon","coordinates":[[[-108.573485,42.701989],[-108.573439,42.701861],[-108.57385,42.701655],[-108.573975,42.701744],[-108.573755,42.702006],[-108.573485,42.701989]]]}},{"type":"Feature","properties":{"id":"excl-a-198","kind":"exclusion","name":"Creek exclusion zone","acres":0.6,"editable":true,"source":"MAP mesic valley bottoms + 10-yr NDVI persistence + IrrMapper + NWI (V3 rule) + collar shape rules (4 Sep 2026)","strm_type":"Intermittent","veg_pct":38.6,"pts":6,"enforce":"ok"},"geometry":{"type":"Polygon","coordinates":[[[-108.578689,42.568719],[-108.578553,42.568639],[-108.578666,42.568031],[-108.57897,42.567988],[-108.579151,42.568155],[-108.578847,42.568674],[-108.578689,42.568719]]]}},{"type":"Feature","properties":{"id":"excl-a-199","kind":"exclusion","name":"Creek exclusion zone","acres":1.8,"editable":true,"source":"MAP mesic valley bottoms + 10-yr NDVI persistence + IrrMapper + NWI (V3 rule) + collar shape rules (4 Sep 2026)","strm_type":"Intermittent","veg_pct":24.0,"pts":6,"enforce":"ok"},"geometry":{"type":"Polygon","coordinates":[[[-108.576674,42.637093],[-108.576621,42.637081],[-108.577187,42.635342],[-108.5793,42.633144],[-108.57933,42.633159],[-108.577528,42.635363],[-108.576674,42.637093]]]}},{"type":"Feature","properties":{"id":"excl-a-200","kind":"exclusion","name":"Creek exclusion zone","acres":1.1,"editable":true,"source":"MAP mesic valley bottoms + 10-yr NDVI persistence + IrrMapper + NWI (V3 rule) + collar shape rules (4 Sep 2026)","strm_type":"Intermittent","veg_pct":57.5,"pts":6,"enforce":"ok"},"geometry":{"type":"Polygon","coordinates":[[[-108.581139,42.567108],[-108.581047,42.566983],[-108.581536,42.566463],[-108.582375,42.566199],[-108.582472,42.566308],[-108.581353,42.567104],[-108.581139,42.567108]]]}},{"type":"Feature","properties":{"id":"excl-a-201","kind":"exclusion","name":"Creek exclusion zone","acres":1.3,"editable":true,"source":"MAP mesic valley bottoms + 10-yr NDVI persistence + IrrMapper + NWI (V3 rule) + collar shape rules (4 Sep 2026)","strm_type":"Intermittent","veg_pct":21.7,"pts":6,"enforce":"narrow"},"geometry":{"type":"Polygon","coordinates":[[[-108.578799,42.63622],[-108.578764,42.636206],[-108.580136,42.634149],[-108.581278,42.633328],[-108.581327,42.633361],[-108.580433,42.634208],[-108.578799,42.63622]]]}},{"type":"Feature","properties":{"id":"excl-a-202","kind":"exclusion","name":"Creek exclusion zone","acres":6.0,"editable":true,"source":"MAP mesic valley bottoms + 10-yr NDVI persistence + IrrMapper + NWI (V3 rule) + collar shape rules (4 Sep 2026)","strm_type":"Intermittent","veg_pct":36.2,"pts":9,"enforce":"ok"},"geometry":{"type":"Polygon","coordinates":[[[-108.58116,42.61905],[-108.579364,42.621011],[-108.579328,42.620995],[-108.580992,42.618791],[-108.582736,42.614797],[-108.584864,42.612294],[-108.585221,42.612171],[-108.585358,42.61229],[-108.582925,42.614983],[-108.58116,42.61905]]]}},{"type":"Feature","properties":{"id":"excl-a-203","kind":"exclusion","name":"Creek exclusion zone","acres":1.7,"editable":true,"source":"MAP mesic valley bottoms + 10-yr NDVI persistence + IrrMapper + NWI (V3 rule) + collar shape rules (4 Sep 2026)","strm_type":"Intermittent","veg_pct":22.2,"pts":6,"enforce":"ok"},"geometry":{"type":"Polygon","coordinates":[[[-108.580398,42.632072],[-108.580335,42.632037],[-108.581536,42.629712],[-108.581799,42.62966],[-108.581979,42.629767],[-108.580511,42.632011],[-108.580398,42.632072]]]}},{"type":"Feature","properties":{"id":"excl-a-204","kind":"exclusion","name":"Creek exclusion zone","acres":1.7,"editable":true,"source":"MAP mesic valley bottoms + 10-yr NDVI persistence + IrrMapper + NWI (V3 rule) + collar shape rules (4 Sep 2026)","strm_type":"Intermittent","veg_pct":21.6,"pts":6,"enforce":"ok"},"geometry":{"type":"Polygon","coordinates":[[[-108.57756,42.737806],[-108.57751,42.737762],[-108.578938,42.73673],[-108.581462,42.736162],[-108.581484,42.736205],[-108.579135,42.736984],[-108.57756,42.737806]]]}},{"type":"Feature","properties":{"id":"excl-a-205","kind":"exclusion","name":"Creek exclusion zone","acres":0.1,"editable":true,"source":"MAP mesic valley bottoms + 10-yr NDVI persistence + IrrMapper + NWI (V3 rule) + collar shape rules (4 Sep 2026)","strm_type":"Intermittent","veg_pct":17.9,"pts":5,"enforce":"narrow"},"geometry":{"type":"Polygon","coordinates":[[[-108.582278,42.63246],[-108.582226,42.632398],[-108.582549,42.631938],[-108.582611,42.631958],[-108.582374,42.632458],[-108.582278,42.63246]]]}},{"type":"Feature","properties":{"id":"excl-a-206","kind":"exclusion","name":"Creek exclusion zone","acres":2.8,"editable":true,"source":"MAP mesic valley bottoms + 10-yr NDVI persistence + IrrMapper + NWI (V3 rule) + collar shape rules (4 Sep 2026)","strm_type":"Intermittent","veg_pct":34.5,"pts":6,"enforce":"ok"},"geometry":{"type":"Polygon","coordinates":[[[-108.585946,42.571338],[-108.585761,42.571231],[-108.586068,42.570725],[-108.588366,42.569161],[-108.588454,42.569216],[-108.587173,42.570628],[-108.585946,42.571338]]]}},{"type":"Feature","properties":{"id":"excl-a-207","kind":"exclusion","name":"Creek exclusion zone","acres":0.6,"editable":true,"source":"MAP mesic valley bottoms + 10-yr NDVI persistence + IrrMapper + NWI (V3 rule) + collar shape rules (4 Sep 2026)","strm_type":"Intermittent","veg_pct":30.0,"pts":6,"enforce":"ok"},"geometry":{"type":"Polygon","coordinates":[[[-108.583951,42.630814],[-108.58387,42.630783],[-108.584126,42.630254],[-108.584873,42.629942],[-108.584951,42.630018],[-108.584148,42.630605],[-108.583951,42.630814]]]}},{"type":"Feature","properties":{"id":"excl-a-208","kind":"exclusion","name":"Creek exclusion zone","acres":0.7,"editable":true,"source":"MAP mesic valley bottoms + 10-yr NDVI persistence + IrrMapper + NWI (V3 rule) + collar shape rules (4 Sep 2026)","strm_type":"Intermittent","veg_pct":24.1,"pts":6,"enforce":"ok"},"geometry":{"type":"Polygon","coordinates":[[[-108.585568,42.65181],[-108.58551,42.651714],[-108.585974,42.651225],[-108.586372,42.6512],[-108.586591,42.651363],[-108.585704,42.651823],[-108.585568,42.65181]]]}},{"type":"Feature","properties":{"id":"excl-a-209","kind":"exclusion","name":"Creek exclusion zone","acres":0.7,"editable":true,"source":"MAP mesic valley bottoms + 10-yr NDVI persistence + IrrMapper + NWI (V3 rule) + collar shape rules (4 Sep 2026)","strm_type":"Intermittent","veg_pct":16.6,"pts":5,"enforce":"ok"},"geometry":{"type":"Polygon","coordinates":[[[-108.58408,42.653037],[-108.583962,42.652896],[-108.584469,42.652224],[-108.584782,42.652298],[-108.58431,42.653029],[-108.58408,42.653037]]]}},{"type":"Feature","properties":{"id":"excl-a-210","kind":"exclusion","name":"Creek exclusion zone","acres":1.1,"editable":true,"source":"MAP mesic valley bottoms + 10-yr NDVI persistence + IrrMapper + NWI (V3 rule) + collar shape rules (4 Sep 2026)","strm_type":"Intermittent","veg_pct":70.2,"pts":6,"enforce":"ok"},"geometry":{"type":"Polygon","coordinates":[[[-108.589506,42.528227],[-108.589514,42.528199],[-108.592429,42.52854],[-108.59283,42.529295],[-108.592736,42.529332],[-108.59216,42.528703],[-108.589506,42.528227]]]}},{"type":"Feature","properties":{"id":"excl-a-211","kind":"exclusion","name":"Creek exclusion zone","acres":19.7,"editable":true,"source":"MAP mesic valley bottoms + 10-yr NDVI persistence + IrrMapper + NWI (V3 rule) + collar shape rules (4 Sep 2026)","strm_type":"Perennial","veg_pct":34.7,"pts":15,"enforce":"ok"},"geometry":{"type":"Polygon","coordinates":[[[-108.583424,42.709562],[-108.58352,42.708888],[-108.582364,42.707471],[-108.582863,42.706817],[-108.582968,42.705352],[-108.584651,42.705126],[-108.584992,42.705407],[-108.584835,42.705794],[-108.585497,42.706476],[-108.585328,42.707186],[-108.583829,42.707695],[-108.584206,42.708133],[-108.585076,42.707932],[-108.585612,42.708174],[-108.584488,42.709584],[-108.583424,42.709562]]]}},{"type":"Feature","properties":{"id":"excl-a-212","kind":"exclusion","name":"Creek exclusion zone","acres":6.0,"editable":true,"source":"MAP mesic valley bottoms + 10-yr NDVI persistence + IrrMapper + NWI (V3 rule) + collar shape rules (4 Sep 2026)","strm_type":"Intermittent","veg_pct":30.5,"pts":9,"enforce":"ok"},"geometry":{"type":"Polygon","coordinates":[[[-108.586424,42.644554],[-108.58635,42.644514],[-108.587547,42.643033],[-108.590328,42.641272],[-108.592651,42.638954],[-108.594128,42.638219],[-108.595295,42.638079],[-108.59534,42.638183],[-108.593092,42.639015],[-108.586424,42.644554]]]}},{"type":"Feature","properties":{"id":"excl-a-213","kind":"exclusion","name":"Creek exclusion zone","acres":28.7,"editable":true,"source":"MAP mesic valley bottoms + 10-yr NDVI persistence + IrrMapper + NWI (V3 rule) + collar shape rules (4 Sep 2026)","strm_type":"Perennial","veg_pct":41.1,"pts":19,"enforce":"ok"},"geometry":{"type":"Polygon","coordinates":[[[-108.589323,42.719076],[-108.589096,42.717971],[-108.587649,42.718053],[-108.587585,42.715998],[-108.586572,42.715602],[-108.58651,42.714795],[-108.584684,42.713942],[-108.584591,42.713119],[-108.585606,42.711997],[-108.585849,42.710832],[-108.586194,42.710776],[-108.587057,42.711733],[-108.586637,42.712615],[-108.58738,42.714641],[-108.589023,42.716168],[-108.588868,42.717219],[-108.589768,42.71747],[-108.590549,42.718567],[-108.58986,42.719302],[-108.589323,42.719076]]]}},{"type":"Feature","properties":{"id":"excl-a-214","kind":"exclusion","name":"Creek exclusion zone","acres":0.6,"editable":true,"source":"MAP mesic valley bottoms + 10-yr NDVI persistence + IrrMapper + NWI (V3 rule) + collar shape rules (4 Sep 2026)","strm_type":"Intermittent","veg_pct":16.4,"pts":6,"enforce":"ok"},"geometry":{"type":"Polygon","coordinates":[[[-108.587671,42.648791],[-108.587506,42.648744],[-108.587472,42.648139],[-108.587698,42.647994],[-108.587934,42.648027],[-108.587826,42.648677],[-108.587671,42.648791]]]}},{"type":"Feature","properties":{"id":"excl-a-215","kind":"exclusion","name":"Creek exclusion zone","acres":2.2,"editable":true,"source":"MAP mesic valley bottoms + 10-yr NDVI persistence + IrrMapper + NWI (V3 rule) + collar shape rules (4 Sep 2026)","strm_type":"Intermittent","veg_pct":18.3,"pts":6,"enforce":"ok"},"geometry":{"type":"Polygon","coordinates":[[[-108.589054,42.646235],[-108.58899,42.6462],[-108.590327,42.644605],[-108.591521,42.64381],[-108.591665,42.643884],[-108.591525,42.644146],[-108.589054,42.646235]]]}},{"type":"Feature","properties":{"id":"excl-a-216","kind":"exclusion","name":"Creek exclusion zone","acres":0.1,"editable":true,"source":"MAP mesic valley bottoms + 10-yr NDVI persistence + IrrMapper + NWI (V3 rule) + collar shape rules (4 Sep 2026)","strm_type":"Intermittent","veg_pct":13.7,"pts":5,"enforce":"narrow"},"geometry":{"type":"Polygon","coordinates":[[[-108.58528,42.738752],[-108.585231,42.738353],[-108.585319,42.738323],[-108.58542,42.738401],[-108.585371,42.738753],[-108.58528,42.738752]]]}},{"type":"Feature","properties":{"id":"excl-a-217","kind":"exclusion","name":"Creek exclusion zone","acres":34.2,"editable":true,"source":"MAP mesic valley bottoms + 10-yr NDVI persistence + IrrMapper + NWI (V3 rule) + collar shape rules (4 Sep 2026)","strm_type":"Intermittent","veg_pct":65.7,"pts":23,"enforce":"ok"},"geometry":{"type":"Polygon","coordinates":[[[-108.62202,42.53836],[-108.621606,42.538629],[-108.620207,42.538364],[-108.617515,42.538813],[-108.614613,42.53809],[-108.612255,42.538077],[-108.609913,42.537593],[-108.610002,42.536964],[-108.610517,42.536715],[-108.611536,42.536955],[-108.613554,42.53669],[-108.615651,42.537411],[-108.617235,42.537243],[-108.61867,42.537796],[-108.619848,42.537246],[-108.620948,42.537302],[-108.621477,42.537059],[-108.621776,42.535122],[-108.622712,42.533973],[-108.62295,42.533051],[-108.62314,42.533046],[-108.623249,42.533348],[-108.621714,42.53648],[-108.62202,42.53836]]]}},{"type":"Feature","properties":{"id":"excl-a-218","kind":"exclusion","name":"Creek exclusion zone","acres":43.3,"editable":true,"source":"MAP mesic valley bottoms + 10-yr NDVI persistence + IrrMapper + NWI (V3 rule) + collar shape rules (4 Sep 2026)","strm_type":"Intermittent","veg_pct":49.5,"pts":17,"enforce":"ok"},"geometry":{"type":"Polygon","coordinates":[[[-108.604744,42.537633],[-108.60344,42.538063],[-108.6015,42.536865],[-108.599938,42.533718],[-108.598715,42.53314],[-108.596694,42.533071],[-108.595776,42.531787],[-108.594653,42.531122],[-108.59462,42.530777],[-108.594919,42.530676],[-108.597437,42.532528],[-108.600547,42.532808],[-108.601964,42.535661],[-108.605856,42.535852],[-108.608781,42.536785],[-108.60896,42.537162],[-108.607335,42.537977],[-108.604744,42.537633]]]}},{"type":"Feature","properties":{"id":"excl-a-219","kind":"exclusion","name":"Creek exclusion zone","acres":17.3,"editable":true,"source":"MAP mesic valley bottoms + 10-yr NDVI persistence + IrrMapper + NWI (V3 rule) + collar shape rules (4 Sep 2026)","strm_type":"Intermittent","veg_pct":59.7,"pts":18,"enforce":"ok"},"geometry":{"type":"Polygon","coordinates":[[[-108.59767,42.59434],[-108.597557,42.594745],[-108.599664,42.596475],[-108.602549,42.596927],[-108.603112,42.598134],[-108.606249,42.598868],[-108.606812,42.599301],[-108.606696,42.599427],[-108.603625,42.598519],[-108.602005,42.598497],[-108.601203,42.597476],[-108.599019,42.597097],[-108.597009,42.595266],[-108.597205,42.594598],[-108.596892,42.594506],[-108.596906,42.594353],[-108.598065,42.594138],[-108.598098,42.594194],[-108.59767,42.59434]]]}},{"type":"Feature","properties":{"id":"excl-a-220","kind":"exclusion","name":"Creek exclusion zone","acres":53.4,"editable":true,"source":"MAP mesic valley bottoms + 10-yr NDVI persistence + IrrMapper + NWI (V3 rule) + collar shape rules (4 Sep 2026)","strm_type":"Perennial","veg_pct":58.0,"pts":29,"enforce":"ok"},"geometry":{"type":"Polygon","coordinates":[[[-108.596619,42.592069],[-108.596301,42.591556],[-108.594657,42.591488],[-108.59332,42.592484],[-108.592895,42.592385],[-108.592509,42.590726],[-108.594961,42.589795],[-108.595521,42.590331],[-108.596369,42.59016],[-108.597544,42.589616],[-108.597928,42.588771],[-108.602397,42.586445],[-108.602464,42.586501],[-108.598202,42.589878],[-108.598529,42.590417],[-108.599424,42.590474],[-108.600293,42.590176],[-108.60046,42.589528],[-108.601072,42.589268],[-108.601692,42.589846],[-108.601809,42.591706],[-108.598183,42.592177],[-108.597482,42.59315],[-108.598065,42.594138],[-108.596906,42.594353],[-108.596899,42.594429],[-108.596796,42.594477],[-108.596453,42.594376],[-108.596065,42.593479],[-108.596619,42.592069]]]}},{"type":"Feature","properties":{"id":"excl-a-221","kind":"exclusion","name":"Creek exclusion zone","acres":4.4,"editable":true,"source":"MAP mesic valley bottoms + 10-yr NDVI persistence + IrrMapper + NWI (V3 rule) + collar shape rules (4 Sep 2026)","strm_type":"Intermittent","veg_pct":17.1,"pts":5,"enforce":"ok"},"geometry":{"type":"Polygon","coordinates":[[[-108.589125,42.692003],[-108.589221,42.691575],[-108.590465,42.691095],[-108.591252,42.691806],[-108.590064,42.692728],[-108.589125,42.692003]]]}},{"type":"Feature","properties":{"id":"excl-a-222","kind":"exclusion","name":"Creek exclusion zone","acres":1.2,"editable":true,"source":"MAP mesic valley bottoms + 10-yr NDVI persistence + IrrMapper + NWI (V3 rule) + collar shape rules (4 Sep 2026)","strm_type":"Intermittent","veg_pct":39.6,"pts":6,"enforce":"ok"},"geometry":{"type":"Polygon","coordinates":[[[-108.594309,42.566238],[-108.59405,42.566108],[-108.594059,42.565891],[-108.595314,42.565518],[-108.59549,42.565663],[-108.595314,42.565912],[-108.594309,42.566238]]]}},{"type":"Feature","properties":{"id":"excl-a-223","kind":"exclusion","name":"Creek exclusion zone","acres":1.4,"editable":true,"source":"MAP mesic valley bottoms + 10-yr NDVI persistence + IrrMapper + NWI (V3 rule) + collar shape rules (4 Sep 2026)","strm_type":"Intermittent","veg_pct":19.5,"pts":6,"enforce":"ok"},"geometry":{"type":"Polygon","coordinates":[[[-108.591577,42.648849],[-108.591513,42.648786],[-108.592926,42.647567],[-108.593558,42.64739],[-108.593656,42.647506],[-108.591802,42.648774],[-108.591577,42.648849]]]}},{"type":"Feature","properties":{"id":"excl-a-224","kind":"exclusion","name":"Creek exclusion zone","acres":2.5,"editable":true,"source":"MAP mesic valley bottoms + 10-yr NDVI persistence + IrrMapper + NWI (V3 rule) + collar shape rules (4 Sep 2026)","strm_type":"Perennial","veg_pct":92.3,"pts":8,"enforce":"ok"},"geometry":{"type":"Polygon","coordinates":[[[-108.591619,42.660339],[-108.591548,42.660268],[-108.592034,42.65993],[-108.59187,42.6595],[-108.592433,42.658893],[-108.592982,42.658896],[-108.593233,42.659214],[-108.592731,42.659879],[-108.591619,42.660339]]]}},{"type":"Feature","properties":{"id":"excl-a-225","kind":"exclusion","name":"Creek exclusion zone","acres":5.3,"editable":true,"source":"MAP mesic valley bottoms + 10-yr NDVI persistence + IrrMapper + NWI (V3 rule) + collar shape rules (4 Sep 2026)","strm_type":"Perennial","veg_pct":43.6,"pts":9,"enforce":"ok"},"geometry":{"type":"Polygon","coordinates":[[[-108.596138,42.640151],[-108.595028,42.640276],[-108.592698,42.64268],[-108.592578,42.642634],[-108.593011,42.641737],[-108.595318,42.639617],[-108.598207,42.638691],[-108.598239,42.638735],[-108.596392,42.639567],[-108.596138,42.640151]]]}},{"type":"Feature","properties":{"id":"excl-a-226","kind":"exclusion","name":"Creek exclusion zone","acres":0.8,"editable":true,"source":"MAP mesic valley bottoms + 10-yr NDVI persistence + IrrMapper + NWI (V3 rule) + collar shape rules (4 Sep 2026)","strm_type":"Intermittent","veg_pct":45.1,"pts":5,"enforce":"ok"},"geometry":{"type":"Polygon","coordinates":[[[-108.590379,42.700821],[-108.590706,42.700817],[-108.591673,42.70158],[-108.591592,42.701652],[-108.590364,42.701086],[-108.590379,42.700821]]]}},{"type":"Feature","properties":{"id":"excl-a-227","kind":"exclusion","name":"Creek exclusion zone","acres":0.7,"editable":true,"source":"MAP mesic valley bottoms + 10-yr NDVI persistence + IrrMapper + NWI (V3 rule) + collar shape rules (4 Sep 2026)","strm_type":"Intermittent","veg_pct":12.7,"pts":5,"enforce":"ok"},"geometry":{"type":"Polygon","coordinates":[[[-108.589002,42.773945],[-108.588847,42.773786],[-108.589306,42.773309],[-108.589774,42.773631],[-108.589393,42.773858],[-108.589002,42.773945]]]}},{"type":"Feature","properties":{"id":"excl-a-228","kind":"exclusion","name":"Creek exclusion zone","acres":3.1,"editable":true,"source":"MAP mesic valley bottoms + 10-yr NDVI persistence + IrrMapper + NWI (V3 rule) + collar shape rules (4 Sep 2026)","strm_type":"Intermittent","veg_pct":17.6,"pts":6,"enforce":"ok"},"geometry":{"type":"Polygon","coordinates":[[[-108.59467,42.646293],[-108.594461,42.646239],[-108.594418,42.64608],[-108.59695,42.643685],[-108.597041,42.643726],[-108.595884,42.645521],[-108.59467,42.646293]]]}},{"type":"Feature","properties":{"id":"excl-a-229","kind":"exclusion","name":"Creek exclusion zone","acres":14.2,"editable":true,"source":"MAP mesic valley bottoms + 10-yr NDVI persistence + IrrMapper + NWI (V3 rule) + collar shape rules (4 Sep 2026)","strm_type":"Intermittent","veg_pct":50.9,"pts":21,"enforce":"ok"},"geometry":{"type":"Polygon","coordinates":[[[-108.609526,42.635234],[-108.608489,42.636333],[-108.608118,42.638759],[-108.60853,42.639012],[-108.609032,42.638898],[-108.612455,42.636],[-108.615135,42.63503],[-108.615298,42.635084],[-108.615334,42.635185],[-108.611363,42.637196],[-108.608367,42.640026],[-108.607878,42.642816],[-108.607716,42.64289],[-108.607574,42.642855],[-108.607776,42.64254],[-108.608087,42.641038],[-108.607642,42.638404],[-108.608014,42.636367],[-108.609077,42.63491],[-108.609155,42.635008],[-108.60937,42.63501],[-108.609526,42.635234]]]}},{"type":"Feature","properties":{"id":"excl-a-230","kind":"exclusion","name":"Creek exclusion zone","acres":0.4,"editable":true,"source":"MAP mesic valley bottoms + 10-yr NDVI persistence + IrrMapper + NWI (V3 rule) + collar shape rules (4 Sep 2026)","strm_type":"Intermittent","veg_pct":51.3,"pts":4,"enforce":"narrow"},"geometry":{"type":"Polygon","coordinates":[[[-108.616463,42.634549],[-108.616499,42.634594],[-108.615334,42.635185],[-108.615261,42.634984],[-108.616463,42.634549]]]}},{"type":"Feature","properties":{"id":"excl-a-231","kind":"exclusion","name":"Creek exclusion zone","acres":9.9,"editable":true,"source":"MAP mesic valley bottoms + 10-yr NDVI persistence + IrrMapper + NWI (V3 rule) + collar shape rules (4 Sep 2026)","strm_type":"Perennial","veg_pct":46.6,"pts":25,"enforce":"ok"},"geometry":{"type":"Polygon","coordinates":[[[-108.609147,42.634814],[-108.608566,42.633669],[-108.6082,42.631557],[-108.609244,42.628868],[-108.607919,42.627478],[-108.607859,42.627167],[-108.608068,42.627099],[-108.608522,42.627509],[-108.609252,42.627411],[-108.609402,42.627531],[-108.60935,42.627678],[-108.609752,42.627925],[-108.609333,42.628297],[-108.609399,42.629247],[-108.608434,42.63208],[-108.608715,42.633472],[-108.60962,42.634548],[-108.610597,42.634073],[-108.61293,42.631265],[-108.615055,42.630326],[-108.615081,42.630355],[-108.613127,42.631419],[-108.609734,42.635014],[-108.609155,42.635008],[-108.609077,42.63491],[-108.609147,42.634814]]]}},{"type":"Feature","properties":{"id":"excl-a-232","kind":"exclusion","name":"Creek exclusion zone","acres":16.5,"editable":true,"source":"MAP mesic valley bottoms + 10-yr NDVI persistence + IrrMapper + NWI (V3 rule) + collar shape rules (4 Sep 2026)","strm_type":"Intermittent","veg_pct":53.7,"pts":19,"enforce":"ok"},"geometry":{"type":"Polygon","coordinates":[[[-108.607574,42.642855],[-108.607716,42.64289],[-108.607801,42.642833],[-108.60787,42.64286],[-108.607759,42.643495],[-108.606916,42.644341],[-108.606646,42.645598],[-108.610603,42.646265],[-108.613529,42.645605],[-108.615487,42.64482],[-108.615673,42.644892],[-108.615695,42.645029],[-108.61403,42.645897],[-108.611512,42.646548],[-108.606574,42.646244],[-108.604571,42.647389],[-108.603235,42.648858],[-108.602772,42.648557],[-108.605024,42.646812],[-108.607574,42.642855]]]}},{"type":"Feature","properties":{"id":"excl-a-233","kind":"exclusion","name":"Creek exclusion zone","acres":14.8,"editable":true,"source":"MAP mesic valley bottoms + 10-yr NDVI persistence + IrrMapper + NWI (V3 rule) + collar shape rules (4 Sep 2026)","strm_type":"Perennial","veg_pct":69.2,"pts":14,"enforce":"ok"},"geometry":{"type":"Polygon","coordinates":[[[-108.600877,42.650627],[-108.599991,42.650367],[-108.597794,42.65206],[-108.596513,42.653653],[-108.595698,42.655862],[-108.595424,42.65594],[-108.595199,42.655805],[-108.595706,42.653579],[-108.596621,42.652569],[-108.599671,42.649984],[-108.601886,42.649244],[-108.602772,42.648557],[-108.603235,42.648858],[-108.602567,42.649594],[-108.600877,42.650627]]]}},{"type":"Feature","properties":{"id":"excl-a-234","kind":"exclusion","name":"Creek exclusion zone","acres":4.3,"editable":true,"source":"MAP mesic valley bottoms + 10-yr NDVI persistence + IrrMapper + NWI (V3 rule) + collar shape rules (4 Sep 2026)","strm_type":"Intermittent","veg_pct":55.9,"pts":10,"enforce":"ok"},"geometry":{"type":"Polygon","coordinates":[[[-108.617153,42.644152],[-108.617911,42.644706],[-108.620966,42.645623],[-108.62111,42.645962],[-108.620849,42.646108],[-108.61924,42.645338],[-108.616444,42.644638],[-108.615848,42.644949],[-108.615673,42.644892],[-108.615652,42.644754],[-108.617153,42.644152]]]}},{"type":"Feature","properties":{"id":"excl-a-235","kind":"exclusion","name":"Creek exclusion zone","acres":0.7,"editable":true,"source":"MAP mesic valley bottoms + 10-yr NDVI persistence + IrrMapper + NWI (V3 rule) + collar shape rules (4 Sep 2026)","strm_type":"Perennial","veg_pct":26.0,"pts":5,"enforce":"ok"},"geometry":{"type":"Polygon","coordinates":[[[-108.61017,42.627552],[-108.609752,42.627925],[-108.60935,42.627678],[-108.609454,42.627384],[-108.609948,42.627318],[-108.61017,42.627552]]]}},{"type":"Feature","properties":{"id":"excl-a-236","kind":"exclusion","name":"Creek exclusion zone","acres":2.7,"editable":true,"source":"MAP mesic valley bottoms + 10-yr NDVI persistence + IrrMapper + NWI (V3 rule) + collar shape rules (4 Sep 2026)","strm_type":"Intermittent","veg_pct":48.4,"pts":6,"enforce":"ok"},"geometry":{"type":"Polygon","coordinates":[[[-108.599248,42.579049],[-108.59913,42.578893],[-108.599248,42.578697],[-108.601913,42.578246],[-108.602041,42.578419],[-108.601438,42.578858],[-108.599248,42.579049]]]}},{"type":"Feature","properties":{"id":"excl-a-237","kind":"exclusion","name":"Creek exclusion zone","acres":7.3,"editable":true,"source":"MAP mesic valley bottoms + 10-yr NDVI persistence + IrrMapper + NWI (V3 rule) + collar shape rules (4 Sep 2026)","strm_type":"Perennial","veg_pct":80.0,"pts":11,"enforce":"ok"},"geometry":{"type":"Polygon","coordinates":[[[-108.630235,42.734226],[-108.62723,42.734051],[-108.626423,42.734601],[-108.625265,42.734746],[-108.625038,42.734519],[-108.625234,42.734238],[-108.626721,42.733772],[-108.629011,42.733839],[-108.631826,42.733336],[-108.632104,42.73352],[-108.63206,42.733761],[-108.630235,42.734226]]]}},{"type":"Feature","properties":{"id":"excl-a-238","kind":"exclusion","name":"Creek exclusion zone","acres":19.0,"editable":true,"source":"MAP mesic valley bottoms + 10-yr NDVI persistence + IrrMapper + NWI (V3 rule) + collar shape rules (4 Sep 2026)","strm_type":"Perennial","veg_pct":71.1,"pts":12,"enforce":"ok"},"geometry":{"type":"Polygon","coordinates":[[[-108.61182,42.732846],[-108.610079,42.7311],[-108.608381,42.73062],[-108.607781,42.729864],[-108.609332,42.728898],[-108.610965,42.73024],[-108.61152,42.731715],[-108.614763,42.733305],[-108.615162,42.733863],[-108.614353,42.734221],[-108.613792,42.734062],[-108.613479,42.7333],[-108.61182,42.732846]]]}},{"type":"Feature","properties":{"id":"excl-a-239","kind":"exclusion","name":"Creek exclusion zone","acres":28.9,"editable":true,"source":"MAP mesic valley bottoms + 10-yr NDVI persistence + IrrMapper + NWI (V3 rule) + collar shape rules (4 Sep 2026)","strm_type":"Perennial","veg_pct":76.0,"pts":29,"enforce":"ok"},"geometry":{"type":"Polygon","coordinates":[[[-108.617316,42.737067],[-108.61432,42.735347],[-108.613879,42.734274],[-108.614072,42.734142],[-108.614353,42.734221],[-108.615162,42.733863],[-108.615694,42.734606],[-108.615353,42.735244],[-108.615815,42.735812],[-108.617509,42.736083],[-108.618446,42.735187],[-108.618399,42.734161],[-108.618817,42.734033],[-108.619706,42.736253],[-108.619922,42.736282],[-108.620006,42.736441],[-108.61874,42.737674],[-108.618677,42.739853],[-108.618457,42.739939],[-108.618242,42.739837],[-108.617767,42.740005],[-108.61756,42.739877],[-108.617651,42.739643],[-108.617026,42.739171],[-108.616976,42.739206],[-108.617068,42.739326],[-108.617026,42.73938],[-108.616934,42.739383],[-108.616532,42.738966],[-108.617316,42.737067]]]}},{"type":"Feature","properties":{"id":"excl-a-240","kind":"exclusion","name":"Creek exclusion zone","acres":0.5,"editable":true,"source":"MAP mesic valley bottoms + 10-yr NDVI persistence + IrrMapper + NWI (V3 rule) + collar shape rules (4 Sep 2026)","strm_type":"Perennial","veg_pct":69.0,"pts":5,"enforce":"ok"},"geometry":{"type":"Polygon","coordinates":[[[-108.616311,42.740354],[-108.617047,42.739702],[-108.617103,42.739745],[-108.616881,42.740319],[-108.616439,42.740475],[-108.616311,42.740354]]]}},{"type":"Feature","properties":{"id":"excl-a-241","kind":"exclusion","name":"Creek exclusion zone","acres":11.0,"editable":true,"source":"MAP mesic valley bottoms + 10-yr NDVI persistence + IrrMapper + NWI (V3 rule) + collar shape rules (4 Sep 2026)","strm_type":"Perennial","veg_pct":83.5,"pts":18,"enforce":"ok"},"geometry":{"type":"Polygon","coordinates":[[[-108.620302,42.734843],[-108.62094,42.734914],[-108.620936,42.734131],[-108.622063,42.733352],[-108.622855,42.73397],[-108.623513,42.733419],[-108.62363,42.733476],[-108.623402,42.73384],[-108.623686,42.734173],[-108.623459,42.734492],[-108.622951,42.734507],[-108.622238,42.734206],[-108.621686,42.734375],[-108.62144,42.735044],[-108.620139,42.736312],[-108.619706,42.736253],[-108.618817,42.734033],[-108.619197,42.733917],[-108.620302,42.734843]]]}},{"type":"Feature","properties":{"id":"excl-a-242","kind":"exclusion","name":"Creek exclusion zone","acres":47.6,"editable":true,"source":"MAP mesic valley bottoms + 10-yr NDVI persistence + IrrMapper + NWI (V3 rule) + collar shape rules (4 Sep 2026)","strm_type":"Perennial","veg_pct":76.7,"pts":26,"enforce":"ok"},"geometry":{"type":"Polygon","coordinates":[[[-108.607887,42.728576],[-108.605895,42.726176],[-108.605851,42.72546],[-108.604221,42.725141],[-108.60402,42.724749],[-108.604407,42.724322],[-108.603297,42.723763],[-108.603129,42.722862],[-108.602373,42.722667],[-108.601172,42.723117],[-108.599673,42.722191],[-108.598025,42.722242],[-108.596965,42.721493],[-108.59619,42.721789],[-108.5956,42.721388],[-108.594642,42.721444],[-108.594584,42.721164],[-108.594906,42.720922],[-108.601336,42.721548],[-108.604205,42.722379],[-108.605428,42.723127],[-108.607087,42.724702],[-108.608986,42.728614],[-108.609332,42.728898],[-108.607781,42.729864],[-108.607272,42.729221],[-108.607887,42.728576]]]}},{"type":"Feature","properties":{"id":"excl-a-243","kind":"exclusion","name":"Creek exclusion zone","acres":17.0,"editable":true,"source":"MAP mesic valley bottoms + 10-yr NDVI persistence + IrrMapper + NWI (V3 rule) + collar shape rules (4 Sep 2026)","strm_type":"Perennial","veg_pct":40.0,"pts":23,"enforce":"ok"},"geometry":{"type":"Polygon","coordinates":[[[-108.616952,42.74736],[-108.616657,42.747726],[-108.615593,42.747802],[-108.615332,42.747374],[-108.61524,42.745614],[-108.615755,42.744743],[-108.614959,42.743843],[-108.615484,42.741745],[-108.615564,42.741723],[-108.61599,42.742376],[-108.616947,42.743481],[-108.616739,42.743604],[-108.616532,42.744075],[-108.616515,42.744458],[-108.616414,42.744484],[-108.616318,42.7444],[-108.615944,42.744632],[-108.616648,42.745243],[-108.616819,42.745022],[-108.617024,42.745108],[-108.617294,42.745027],[-108.61723,42.745194],[-108.616618,42.74678],[-108.616952,42.74736]]]}},{"type":"Feature","properties":{"id":"excl-a-244","kind":"exclusion","name":"Creek exclusion zone","acres":25.0,"editable":true,"source":"MAP mesic valley bottoms + 10-yr NDVI persistence + IrrMapper + NWI (V3 rule) + collar shape rules (4 Sep 2026)","strm_type":"Perennial","veg_pct":48.7,"pts":19,"enforce":"ok"},"geometry":{"type":"Polygon","coordinates":[[[-108.616657,42.747726],[-108.616952,42.74736],[-108.617143,42.747691],[-108.617549,42.748395],[-108.619854,42.750245],[-108.618312,42.752822],[-108.618383,42.753268],[-108.618164,42.753374],[-108.617911,42.753266],[-108.617011,42.75355],[-108.616959,42.753748],[-108.616714,42.753803],[-108.616123,42.753369],[-108.617063,42.752818],[-108.617359,42.750703],[-108.615793,42.748131],[-108.616079,42.747767],[-108.616657,42.747726]]]}},{"type":"Feature","properties":{"id":"excl-a-245","kind":"exclusion","name":"Creek exclusion zone","acres":1.4,"editable":true,"source":"MAP mesic valley bottoms + 10-yr NDVI persistence + IrrMapper + NWI (V3 rule) + collar shape rules (4 Sep 2026)","strm_type":"Perennial","veg_pct":35.0,"pts":11,"enforce":"ok"},"geometry":{"type":"Polygon","coordinates":[[[-108.61699,42.744801],[-108.617018,42.744137],[-108.617159,42.743816],[-108.61724,42.743769],[-108.617403,42.743919],[-108.617499,42.743863],[-108.617606,42.743896],[-108.617637,42.744139],[-108.617294,42.745027],[-108.617024,42.745108],[-108.616819,42.745022],[-108.61699,42.744801]]]}},{"type":"Feature","properties":{"id":"excl-a-246","kind":"exclusion","name":"Creek exclusion zone","acres":1.1,"editable":true,"source":"MAP mesic valley bottoms + 10-yr NDVI persistence + IrrMapper + NWI (V3 rule) + collar shape rules (4 Sep 2026)","strm_type":"Perennial","veg_pct":38.5,"pts":14,"enforce":"ok"},"geometry":{"type":"Polygon","coordinates":[[[-108.617298,42.74318],[-108.617291,42.743193],[-108.617271,42.743194],[-108.616849,42.742748],[-108.616426,42.742214],[-108.616031,42.74154],[-108.615913,42.741469],[-108.615947,42.741387],[-108.616281,42.741364],[-108.61656,42.741589],[-108.616496,42.741839],[-108.616918,42.742606],[-108.617353,42.743087],[-108.617303,42.743172],[-108.617298,42.74318]]]}},{"type":"Feature","properties":{"id":"excl-a-247","kind":"exclusion","name":"Creek exclusion zone","acres":1.8,"editable":true,"source":"MAP mesic valley bottoms + 10-yr NDVI persistence + IrrMapper + NWI (V3 rule) + collar shape rules (4 Sep 2026)","strm_type":"Perennial","veg_pct":38.5,"pts":14,"enforce":"ok"},"geometry":{"type":"Polygon","coordinates":[[[-108.617697,42.743091],[-108.617691,42.743039],[-108.617834,42.742969],[-108.617352,42.742436],[-108.617002,42.741801],[-108.617093,42.741449],[-108.617168,42.74142],[-108.61723,42.741441],[-108.617476,42.741873],[-108.618166,42.742533],[-108.618273,42.742759],[-108.618389,42.742729],[-108.618406,42.742754],[-108.617763,42.743112],[-108.617697,42.743091]]]}},{"type":"Feature","properties":{"id":"excl-a-248","kind":"exclusion","name":"Creek exclusion zone","acres":5.1,"editable":true,"source":"MAP mesic valley bottoms + 10-yr NDVI persistence + IrrMapper + NWI (V3 rule) + collar shape rules (4 Sep 2026)","strm_type":"Perennial","veg_pct":50.5,"pts":9,"enforce":"ok"},"geometry":{"type":"Polygon","coordinates":[[[-108.618672,42.740041],[-108.618615,42.742006],[-108.618307,42.742081],[-108.617908,42.741699],[-108.617606,42.741171],[-108.617171,42.741026],[-108.617181,42.740855],[-108.617469,42.740111],[-108.618242,42.739837],[-108.618672,42.740041]]]}},{"type":"Feature","properties":{"id":"excl-a-249","kind":"exclusion","name":"Creek exclusion zone","acres":1.2,"editable":true,"source":"MAP mesic valley bottoms + 10-yr NDVI persistence + IrrMapper + NWI (V3 rule) + collar shape rules (4 Sep 2026)","strm_type":"Perennial","veg_pct":50.5,"pts":15,"enforce":"ok"},"geometry":{"type":"Polygon","coordinates":[[[-108.616244,42.740413],[-108.616375,42.740415],[-108.616439,42.740475],[-108.61666,42.740397],[-108.616813,42.740493],[-108.616695,42.740797],[-108.616685,42.740972],[-108.615674,42.741028],[-108.615651,42.741101],[-108.615833,42.741105],[-108.61592,42.741224],[-108.615893,42.741291],[-108.615732,42.741355],[-108.615595,42.741299],[-108.615695,42.7409],[-108.616244,42.740413]]]}},{"type":"Feature","properties":{"id":"excl-a-250","kind":"exclusion","name":"Creek exclusion zone","acres":0.2,"editable":true,"source":"MAP mesic valley bottoms + 10-yr NDVI persistence + IrrMapper + NWI (V3 rule) + collar shape rules (4 Sep 2026)","strm_type":"Perennial","veg_pct":38.5,"pts":8,"enforce":"ok"},"geometry":{"type":"Polygon","coordinates":[[[-108.616929,42.740946],[-108.61702,42.740966],[-108.617085,42.741017],[-108.61708,42.741152],[-108.616919,42.741216],[-108.616828,42.741196],[-108.616763,42.741145],[-108.616768,42.74101],[-108.616929,42.740946]]]}},{"type":"Feature","properties":{"id":"excl-a-251","kind":"exclusion","name":"Creek exclusion zone","acres":0.2,"editable":true,"source":"MAP mesic valley bottoms + 10-yr NDVI persistence + IrrMapper + NWI (V3 rule) + collar shape rules (4 Sep 2026)","strm_type":"Perennial","veg_pct":28.0,"pts":8,"enforce":"ok"},"geometry":{"type":"Polygon","coordinates":[[[-108.616624,42.744782],[-108.616715,42.744802],[-108.61678,42.744852],[-108.616775,42.744987],[-108.616614,42.745051],[-108.616523,42.745031],[-108.616458,42.744981],[-108.616463,42.744846],[-108.616624,42.744782]]]}},{"type":"Feature","properties":{"id":"excl-a-252","kind":"exclusion","name":"Creek exclusion zone","acres":72.4,"editable":true,"source":"MAP mesic valley bottoms + 10-yr NDVI persistence + IrrMapper + NWI (V3 rule) + collar shape rules (4 Sep 2026)","strm_type":"Perennial","veg_pct":73.7,"pts":27,"enforce":"ok"},"geometry":{"type":"Polygon","coordinates":[[[-108.6287,42.758322],[-108.630062,42.759689],[-108.630348,42.762314],[-108.629341,42.763084],[-108.628761,42.76303],[-108.626131,42.759592],[-108.624628,42.75914],[-108.623005,42.759862],[-108.621849,42.758639],[-108.617735,42.756916],[-108.616995,42.755626],[-108.617281,42.754221],[-108.616907,42.753946],[-108.617011,42.75355],[-108.617911,42.753266],[-108.618418,42.753482],[-108.618667,42.755046],[-108.619563,42.756137],[-108.62061,42.756828],[-108.623546,42.757279],[-108.624746,42.758292],[-108.62534,42.758069],[-108.625536,42.757489],[-108.626766,42.757814],[-108.626815,42.757711],[-108.626855,42.757715],[-108.626863,42.757786],[-108.6287,42.758322]]]}},{"type":"Feature","properties":{"id":"excl-a-253","kind":"exclusion","name":"Creek exclusion zone","acres":4.2,"editable":true,"source":"MAP mesic valley bottoms + 10-yr NDVI persistence + IrrMapper + NWI (V3 rule) + collar shape rules (4 Sep 2026)","strm_type":"Perennial","veg_pct":74.6,"pts":9,"enforce":"ok"},"geometry":{"type":"Polygon","coordinates":[[[-108.627067,42.755097],[-108.627444,42.75537],[-108.626724,42.756484],[-108.626788,42.757089],[-108.626367,42.757325],[-108.625709,42.757149],[-108.625653,42.757229],[-108.625626,42.757221],[-108.626077,42.755883],[-108.627067,42.755097]]]}},{"type":"Feature","properties":{"id":"excl-a-254","kind":"exclusion","name":"Creek exclusion zone","acres":0.2,"editable":true,"source":"MAP mesic valley bottoms + 10-yr NDVI persistence + IrrMapper + NWI (V3 rule) + collar shape rules (4 Sep 2026)","strm_type":"Perennial","veg_pct":76.3,"pts":8,"enforce":"ok"},"geometry":{"type":"Polygon","coordinates":[[[-108.626475,42.757411],[-108.626566,42.757431],[-108.626631,42.757482],[-108.626626,42.757617],[-108.626464,42.757681],[-108.626374,42.757661],[-108.626308,42.75761],[-108.626314,42.757475],[-108.626475,42.757411]]]}},{"type":"Feature","properties":{"id":"excl-a-255","kind":"exclusion","name":"Creek exclusion zone","acres":7.1,"editable":true,"source":"MAP mesic valley bottoms + 10-yr NDVI persistence + IrrMapper + NWI (V3 rule) + collar shape rules (4 Sep 2026)","strm_type":"Intermittent","veg_pct":14.8,"pts":8,"enforce":"ok"},"geometry":{"type":"Polygon","coordinates":[[[-108.60032,42.686743],[-108.599416,42.687019],[-108.598266,42.68828],[-108.59766,42.688295],[-108.597467,42.68802],[-108.600963,42.68462],[-108.601338,42.684869],[-108.600159,42.686062],[-108.60032,42.686743]]]}},{"type":"Feature","properties":{"id":"excl-a-256","kind":"exclusion","name":"Creek exclusion zone","acres":2.0,"editable":true,"source":"MAP mesic valley bottoms + 10-yr NDVI persistence + IrrMapper + NWI (V3 rule) + collar shape rules (4 Sep 2026)","strm_type":"Intermittent","veg_pct":56.6,"pts":6,"enforce":"ok"},"geometry":{"type":"Polygon","coordinates":[[[-108.602809,42.563561],[-108.602603,42.563522],[-108.602553,42.562097],[-108.602972,42.561498],[-108.603164,42.561537],[-108.603006,42.563316],[-108.602809,42.563561]]]}},{"type":"Feature","properties":{"id":"excl-a-257","kind":"exclusion","name":"Creek exclusion zone","acres":20.0,"editable":true,"source":"MAP mesic valley bottoms + 10-yr NDVI persistence + IrrMapper + NWI (V3 rule) + collar shape rules (4 Sep 2026)","strm_type":"Intermittent","veg_pct":75.7,"pts":23,"enforce":"ok"},"geometry":{"type":"Polygon","coordinates":[[[-108.631437,42.568683],[-108.628113,42.57007],[-108.624456,42.570809],[-108.623097,42.571457],[-108.617742,42.571003],[-108.611916,42.571276],[-108.610512,42.571738],[-108.608607,42.573076],[-108.608461,42.573021],[-108.608493,42.57284],[-108.611249,42.571187],[-108.619861,42.570549],[-108.621123,42.571147],[-108.622633,42.571154],[-108.624122,42.57054],[-108.627974,42.569838],[-108.631031,42.568497],[-108.632638,42.566141],[-108.634712,42.564831],[-108.635083,42.564252],[-108.63539,42.56428],[-108.635503,42.564682],[-108.633736,42.565538],[-108.631437,42.568683]]]}},{"type":"Feature","properties":{"id":"excl-a-258","kind":"exclusion","name":"Creek exclusion zone","acres":0.2,"editable":true,"source":"MAP mesic valley bottoms + 10-yr NDVI persistence + IrrMapper + NWI (V3 rule) + collar shape rules (4 Sep 2026)","strm_type":"Intermittent","veg_pct":100.0,"pts":5,"enforce":"narrow"},"geometry":{"type":"Polygon","coordinates":[[[-108.635387,42.56252],[-108.635505,42.562602],[-108.635368,42.56339],[-108.635311,42.563387],[-108.635321,42.562567],[-108.635387,42.56252]]]}},{"type":"Feature","properties":{"id":"excl-a-259","kind":"exclusion","name":"Creek exclusion zone","acres":6.4,"editable":true,"source":"MAP mesic valley bottoms + 10-yr NDVI persistence + IrrMapper + NWI (V3 rule) + collar shape rules (4 Sep 2026)","strm_type":"Intermittent","veg_pct":49.7,"pts":7,"enforce":"ok"},"geometry":{"type":"Polygon","coordinates":[[[-108.603097,42.577338],[-108.602827,42.577289],[-108.602745,42.577103],[-108.603476,42.576278],[-108.607294,42.573796],[-108.607436,42.573878],[-108.606994,42.574513],[-108.603097,42.577338]]]}},{"type":"Feature","properties":{"id":"excl-a-260","kind":"exclusion","name":"Creek exclusion zone","acres":0.4,"editable":true,"source":"MAP mesic valley bottoms + 10-yr NDVI persistence + IrrMapper + NWI (V3 rule) + collar shape rules (4 Sep 2026)","strm_type":"Intermittent","veg_pct":30.6,"pts":5,"enforce":"ok"},"geometry":{"type":"Polygon","coordinates":[[[-108.606746,42.62435],[-108.607172,42.6247],[-108.607176,42.624949],[-108.607012,42.624982],[-108.60661,42.624464],[-108.606746,42.62435]]]}},{"type":"Feature","properties":{"id":"excl-a-261","kind":"exclusion","name":"Creek exclusion zone","acres":4.7,"editable":true,"source":"MAP mesic valley bottoms + 10-yr NDVI persistence + IrrMapper + NWI (V3 rule) + collar shape rules (4 Sep 2026)","strm_type":"Intermittent","veg_pct":30.1,"pts":6,"enforce":"ok"},"geometry":{"type":"Polygon","coordinates":[[[-108.601541,42.619037],[-108.60158,42.61902],[-108.605802,42.623604],[-108.60584,42.623812],[-108.605671,42.623876],[-108.604589,42.623126],[-108.601541,42.619037]]]}},{"type":"Feature","properties":{"id":"excl-a-262","kind":"exclusion","name":"Creek exclusion zone","acres":1.9,"editable":true,"source":"MAP mesic valley bottoms + 10-yr NDVI persistence + IrrMapper + NWI (V3 rule) + collar shape rules (4 Sep 2026)","strm_type":"Intermittent","veg_pct":56.2,"pts":6,"enforce":"ok"},"geometry":{"type":"Polygon","coordinates":[[[-108.603909,42.560167],[-108.603861,42.560141],[-108.605618,42.558119],[-108.606244,42.556824],[-108.6063,42.556836],[-108.605788,42.558495],[-108.603909,42.560167]]]}},{"type":"Feature","properties":{"id":"excl-a-263","kind":"exclusion","name":"Creek exclusion zone","acres":18.4,"editable":true,"source":"MAP mesic valley bottoms + 10-yr NDVI persistence + IrrMapper + NWI (V3 rule) + collar shape rules (4 Sep 2026)","strm_type":"Perennial","veg_pct":95.7,"pts":10,"enforce":"ok"},"geometry":{"type":"Polygon","coordinates":[[[-108.606571,42.59225],[-108.60623,42.592517],[-108.604772,42.592443],[-108.603063,42.58992],[-108.602833,42.589244],[-108.603279,42.588877],[-108.604037,42.5886],[-108.60456,42.588989],[-108.606937,42.591725],[-108.606523,42.591964],[-108.606571,42.59225]]]}},{"type":"Feature","properties":{"id":"excl-a-264","kind":"exclusion","name":"Creek exclusion zone","acres":1.6,"editable":true,"source":"MAP mesic valley bottoms + 10-yr NDVI persistence + IrrMapper + NWI (V3 rule) + collar shape rules (4 Sep 2026)","strm_type":"Intermittent","veg_pct":25.8,"pts":8,"enforce":"ok"},"geometry":{"type":"Polygon","coordinates":[[[-108.598122,42.735762],[-108.598057,42.735766],[-108.597921,42.735059],[-108.598401,42.733717],[-108.597803,42.732131],[-108.597872,42.732113],[-108.598655,42.733399],[-108.598117,42.735074],[-108.598122,42.735762]]]}},{"type":"Feature","properties":{"id":"excl-a-265","kind":"exclusion","name":"Creek exclusion zone","acres":0.8,"editable":true,"source":"MAP mesic valley bottoms + 10-yr NDVI persistence + IrrMapper + NWI (V3 rule) + collar shape rules (4 Sep 2026)","strm_type":"Intermittent","veg_pct":38.2,"pts":6,"enforce":"ok"},"geometry":{"type":"Polygon","coordinates":[[[-108.605018,42.584775],[-108.605086,42.584416],[-108.605611,42.584185],[-108.605736,42.58422],[-108.605833,42.584562],[-108.605517,42.584789],[-108.605018,42.584775]]]}},{"type":"Feature","properties":{"id":"excl-a-266","kind":"exclusion","name":"Creek exclusion zone","acres":5.0,"editable":true,"source":"MAP mesic valley bottoms + 10-yr NDVI persistence + IrrMapper + NWI (V3 rule) + collar shape rules (4 Sep 2026)","strm_type":"Perennial","veg_pct":92.5,"pts":5,"enforce":"ok"},"geometry":{"type":"Polygon","coordinates":[[[-108.605892,42.587766],[-108.607025,42.587334],[-108.607594,42.587515],[-108.608002,42.588549],[-108.606348,42.588948],[-108.605892,42.587766]]]}},{"type":"Feature","properties":{"id":"excl-a-267","kind":"exclusion","name":"Creek exclusion zone","acres":1.4,"editable":true,"source":"MAP mesic valley bottoms + 10-yr NDVI persistence + IrrMapper + NWI (V3 rule) + collar shape rules (4 Sep 2026)","strm_type":"Intermittent","veg_pct":9.2,"pts":6,"enforce":"ok"},"geometry":{"type":"Polygon","coordinates":[[[-108.60305,42.681753],[-108.602823,42.681618],[-108.603219,42.680874],[-108.603912,42.680948],[-108.604038,42.681172],[-108.603846,42.681362],[-108.60305,42.681753]]]}},{"type":"Feature","properties":{"id":"excl-a-268","kind":"exclusion","name":"Creek exclusion zone","acres":11.8,"editable":true,"source":"MAP mesic valley bottoms + 10-yr NDVI persistence + IrrMapper + NWI (V3 rule) + collar shape rules (4 Sep 2026)","strm_type":"Perennial","veg_pct":99.1,"pts":22,"enforce":"ok"},"geometry":{"type":"Polygon","coordinates":[[[-108.732539,42.565],[-108.734961,42.56569],[-108.737669,42.565529],[-108.737823,42.565653],[-108.737782,42.565695],[-108.737831,42.565817],[-108.737721,42.565892],[-108.737265,42.565761],[-108.734394,42.566038],[-108.73265,42.565707],[-108.731773,42.566113],[-108.73266,42.568141],[-108.732455,42.568237],[-108.731988,42.567911],[-108.731871,42.567956],[-108.731736,42.567905],[-108.731223,42.565399],[-108.731023,42.565359],[-108.730969,42.565211],[-108.732732,42.56391],[-108.732802,42.563953],[-108.732374,42.564415],[-108.732539,42.565]]]}},{"type":"Feature","properties":{"id":"excl-a-269","kind":"exclusion","name":"Creek exclusion zone","acres":10.3,"editable":true,"source":"MAP mesic valley bottoms + 10-yr NDVI persistence + IrrMapper + NWI (V3 rule) + collar shape rules (4 Sep 2026)","strm_type":"Perennial","veg_pct":99.5,"pts":25,"enforce":"ok"},"geometry":{"type":"Polygon","coordinates":[[[-108.733416,42.563287],[-108.732802,42.563953],[-108.732732,42.56391],[-108.730969,42.565211],[-108.730996,42.565285],[-108.730923,42.565339],[-108.730626,42.56528],[-108.730116,42.565842],[-108.729899,42.565789],[-108.72998,42.564857],[-108.726413,42.563445],[-108.726233,42.563708],[-108.726002,42.563738],[-108.72586,42.563639],[-108.725867,42.563306],[-108.725985,42.563251],[-108.726101,42.56329],[-108.727017,42.562736],[-108.728472,42.563825],[-108.731506,42.564667],[-108.733528,42.5629],[-108.734311,42.562666],[-108.734369,42.5627],[-108.734037,42.562945],[-108.734096,42.563002],[-108.733416,42.563287]]]}},{"type":"Feature","properties":{"id":"excl-a-270","kind":"exclusion","name":"Creek exclusion zone","acres":0.1,"editable":true,"source":"MAP mesic valley bottoms + 10-yr NDVI persistence + IrrMapper + NWI (V3 rule) + collar shape rules (4 Sep 2026)","strm_type":"Ephemeral","veg_pct":97.6,"pts":5,"enforce":"narrow"},"geometry":{"type":"Polygon","coordinates":[[[-108.734409,42.562871],[-108.734096,42.563002],[-108.734037,42.562945],[-108.734369,42.5627],[-108.734441,42.562744],[-108.734409,42.562871]]]}},{"type":"Feature","properties":{"id":"excl-a-271","kind":"exclusion","name":"Creek exclusion zone","acres":4.0,"editable":true,"source":"MAP mesic valley bottoms + 10-yr NDVI persistence + IrrMapper + NWI (V3 rule) + collar shape rules (4 Sep 2026)","strm_type":"Intermittent","veg_pct":92.3,"pts":11,"enforce":"ok"},"geometry":{"type":"Polygon","coordinates":[[[-108.724817,42.56507],[-108.723047,42.568479],[-108.722905,42.568456],[-108.722989,42.567522],[-108.724287,42.566046],[-108.724475,42.565015],[-108.72586,42.563639],[-108.726002,42.563738],[-108.726118,42.563723],[-108.72618,42.563786],[-108.725473,42.564821],[-108.724817,42.56507]]]}},{"type":"Feature","properties":{"id":"excl-a-272","kind":"exclusion","name":"Creek exclusion zone","acres":8.4,"editable":true,"source":"MAP mesic valley bottoms + 10-yr NDVI persistence + IrrMapper + NWI (V3 rule) + collar shape rules (4 Sep 2026)","strm_type":"Ephemeral","veg_pct":99.6,"pts":18,"enforce":"ok"},"geometry":{"type":"Polygon","coordinates":[[[-108.733372,42.570261],[-108.733199,42.570216],[-108.73227,42.568701],[-108.731687,42.568841],[-108.730776,42.570261],[-108.730007,42.570175],[-108.728304,42.572116],[-108.728088,42.572069],[-108.728087,42.571778],[-108.729328,42.570878],[-108.730587,42.568816],[-108.731815,42.568295],[-108.731755,42.568001],[-108.731988,42.567911],[-108.732455,42.568237],[-108.732558,42.568189],[-108.732697,42.568226],[-108.733555,42.570187],[-108.733372,42.570261]]]}},{"type":"Feature","properties":{"id":"excl-a-273","kind":"exclusion","name":"Creek exclusion zone","acres":25.5,"editable":true,"source":"MAP mesic valley bottoms + 10-yr NDVI persistence + IrrMapper + NWI (V3 rule) + collar shape rules (4 Sep 2026)","strm_type":"Perennial","veg_pct":98.2,"pts":24,"enforce":"ok"},"geometry":{"type":"Polygon","coordinates":[[[-108.7203,42.555394],[-108.723512,42.554068],[-108.723842,42.55433],[-108.723721,42.554723],[-108.720843,42.555551],[-108.719926,42.557805],[-108.721768,42.559171],[-108.722041,42.559999],[-108.726158,42.55917],[-108.726186,42.559227],[-108.723441,42.56017],[-108.724383,42.561329],[-108.725925,42.561823],[-108.72808,42.560745],[-108.728141,42.5608],[-108.726286,42.562189],[-108.727017,42.562736],[-108.726101,42.56329],[-108.725869,42.563212],[-108.725857,42.563002],[-108.72387,42.561998],[-108.723964,42.561923],[-108.718912,42.557355],[-108.71921,42.557189],[-108.7203,42.555394]]]}},{"type":"Feature","properties":{"id":"excl-a-274","kind":"exclusion","name":"Creek exclusion zone","acres":43.8,"editable":true,"source":"MAP mesic valley bottoms + 10-yr NDVI persistence + IrrMapper + NWI (V3 rule) + collar shape rules (4 Sep 2026)","strm_type":"Perennial","veg_pct":93.4,"pts":22,"enforce":"ok"},"geometry":{"type":"Polygon","coordinates":[[[-108.718934,42.560164],[-108.718311,42.560391],[-108.718772,42.562379],[-108.720772,42.563455],[-108.721059,42.56386],[-108.72088,42.563979],[-108.718647,42.562879],[-108.718285,42.561847],[-108.717273,42.562057],[-108.716903,42.561798],[-108.717859,42.560902],[-108.71673,42.560255],[-108.71407,42.560459],[-108.713804,42.560175],[-108.714437,42.559243],[-108.71431,42.559125],[-108.714381,42.558971],[-108.717611,42.558079],[-108.718912,42.557355],[-108.723964,42.561923],[-108.72387,42.561998],[-108.721606,42.560855],[-108.718934,42.560164]]]}},{"type":"Feature","properties":{"id":"excl-a-275","kind":"exclusion","name":"Creek exclusion zone","acres":0.5,"editable":true,"source":"MAP mesic valley bottoms + 10-yr NDVI persistence + IrrMapper + NWI (V3 rule) + collar shape rules (4 Sep 2026)","strm_type":"Ephemeral","veg_pct":97.5,"pts":4,"enforce":"narrow"},"geometry":{"type":"Polygon","coordinates":[[[-108.735895,42.562192],[-108.735923,42.562235],[-108.734409,42.562871],[-108.734473,42.562617],[-108.735895,42.562192]]]}},{"type":"Feature","properties":{"id":"excl-a-276","kind":"exclusion","name":"Creek exclusion zone","acres":1.4,"editable":true,"source":"MAP mesic valley bottoms + 10-yr NDVI persistence + IrrMapper + NWI (V3 rule) + collar shape rules (4 Sep 2026)","strm_type":"Ephemeral","veg_pct":85.7,"pts":9,"enforce":"ok"},"geometry":{"type":"Polygon","coordinates":[[[-108.736009,42.550115],[-108.735974,42.550182],[-108.736094,42.55038],[-108.736008,42.550408],[-108.734623,42.549644],[-108.734141,42.549739],[-108.73398,42.549291],[-108.734072,42.549196],[-108.734196,42.54919],[-108.736009,42.550115]]]}},{"type":"Feature","properties":{"id":"excl-a-277","kind":"exclusion","name":"Creek exclusion zone","acres":0.3,"editable":true,"source":"MAP mesic valley bottoms + 10-yr NDVI persistence + IrrMapper + NWI (V3 rule) + collar shape rules (4 Sep 2026)","strm_type":"Ephemeral","veg_pct":94.2,"pts":7,"enforce":"narrow"},"geometry":{"type":"Polygon","coordinates":[[[-108.734026,42.549243],[-108.73398,42.549291],[-108.734141,42.549739],[-108.7339,42.549786],[-108.733743,42.54935],[-108.733883,42.549205],[-108.733993,42.5492],[-108.734026,42.549243]]]}},{"type":"Feature","properties":{"id":"excl-a-278","kind":"exclusion","name":"Creek exclusion zone","acres":0.1,"editable":true,"source":"MAP mesic valley bottoms + 10-yr NDVI persistence + IrrMapper + NWI (V3 rule) + collar shape rules (4 Sep 2026)","strm_type":"Ephemeral","veg_pct":94.2,"pts":6,"enforce":"narrow"},"geometry":{"type":"Polygon","coordinates":[[[-108.733779,42.54981],[-108.733632,42.549402],[-108.73382,42.549209],[-108.733883,42.549205],[-108.733743,42.54935],[-108.7339,42.549786],[-108.733779,42.54981]]]}},{"type":"Feature","properties":{"id":"excl-a-279","kind":"exclusion","name":"Creek exclusion zone","acres":0.5,"editable":true,"source":"MAP mesic valley bottoms + 10-yr NDVI persistence + IrrMapper + NWI (V3 rule) + collar shape rules (4 Sep 2026)","strm_type":"Ephemeral","veg_pct":27.2,"pts":4,"enforce":"ok"},"geometry":{"type":"Polygon","coordinates":[[[-108.728964,42.549967],[-108.728531,42.550402],[-108.728218,42.550231],[-108.728626,42.549783],[-108.728964,42.549967]]]}},{"type":"Feature","properties":{"id":"excl-a-280","kind":"exclusion","name":"Creek exclusion zone","acres":0.6,"editable":true,"source":"MAP mesic valley bottoms + 10-yr NDVI persistence + IrrMapper + NWI (V3 rule) + collar shape rules (4 Sep 2026)","strm_type":"Ephemeral","veg_pct":47.1,"pts":6,"enforce":"ok"},"geometry":{"type":"Polygon","coordinates":[[[-108.728531,42.550402],[-108.728097,42.550836],[-108.72804,42.551065],[-108.727791,42.551102],[-108.727993,42.550479],[-108.728218,42.550231],[-108.728531,42.550402]]]}},{"type":"Feature","properties":{"id":"excl-a-281","kind":"exclusion","name":"Creek exclusion zone","acres":13.2,"editable":true,"source":"MAP mesic valley bottoms + 10-yr NDVI persistence + IrrMapper + NWI (V3 rule) + collar shape rules (4 Sep 2026)","strm_type":"Intermittent","veg_pct":95.4,"pts":23,"enforce":"ok"},"geometry":{"type":"Polygon","coordinates":[[[-108.728505,42.55171],[-108.729213,42.552468],[-108.729006,42.552725],[-108.727832,42.552629],[-108.725241,42.553262],[-108.724842,42.553928],[-108.726635,42.555892],[-108.727523,42.556231],[-108.727472,42.556359],[-108.726778,42.556306],[-108.724523,42.554491],[-108.723974,42.55465],[-108.723781,42.554526],[-108.723842,42.55433],[-108.723512,42.554068],[-108.725804,42.552112],[-108.726315,42.552171],[-108.726532,42.552546],[-108.727362,42.552433],[-108.727791,42.551102],[-108.727916,42.551084],[-108.728017,42.551158],[-108.727886,42.551689],[-108.728505,42.55171]]]}},{"type":"Feature","properties":{"id":"excl-a-282","kind":"exclusion","name":"Creek exclusion zone","acres":12.7,"editable":true,"source":"MAP mesic valley bottoms + 10-yr NDVI persistence + IrrMapper + NWI (V3 rule) + collar shape rules (4 Sep 2026)","strm_type":"Ephemeral","veg_pct":97.1,"pts":25,"enforce":"ok"},"geometry":{"type":"Polygon","coordinates":[[[-108.728692,42.551717],[-108.731054,42.550576],[-108.732442,42.549278],[-108.733536,42.549223],[-108.733719,42.549822],[-108.733659,42.549834],[-108.733,42.549498],[-108.731401,42.550671],[-108.729518,42.551375],[-108.729134,42.552051],[-108.72943,42.552418],[-108.730887,42.552523],[-108.73368,42.551647],[-108.7337,42.551678],[-108.733065,42.551932],[-108.732911,42.552478],[-108.733584,42.552574],[-108.733754,42.552922],[-108.73318,42.553441],[-108.732588,42.553318],[-108.7315,42.553529],[-108.729855,42.552794],[-108.72949,42.552764],[-108.728558,42.551767],[-108.728599,42.551713],[-108.728692,42.551717]]]}},{"type":"Feature","properties":{"id":"excl-a-283","kind":"exclusion","name":"Creek exclusion zone","acres":1.9,"editable":true,"source":"MAP mesic valley bottoms + 10-yr NDVI persistence + IrrMapper + NWI (V3 rule) + collar shape rules (4 Sep 2026)","strm_type":"Ephemeral","veg_pct":65.1,"pts":5,"enforce":"ok"},"geometry":{"type":"Polygon","coordinates":[[[-108.73048,42.547884],[-108.729832,42.549098],[-108.728964,42.549967],[-108.728626,42.549783],[-108.730387,42.547848],[-108.73048,42.547884]]]}},{"type":"Feature","properties":{"id":"excl-a-284","kind":"exclusion","name":"Creek exclusion zone","acres":8.5,"editable":true,"source":"MAP mesic valley bottoms + 10-yr NDVI persistence + IrrMapper + NWI (V3 rule) + collar shape rules (4 Sep 2026)","strm_type":"Ephemeral","veg_pct":97.4,"pts":17,"enforce":"ok"},"geometry":{"type":"Polygon","coordinates":[[[-108.741776,42.553784],[-108.739012,42.553258],[-108.737432,42.552483],[-108.734489,42.553026],[-108.734497,42.55365],[-108.737242,42.554741],[-108.737897,42.555488],[-108.737933,42.555795],[-108.737749,42.55584],[-108.736836,42.554749],[-108.733865,42.553583],[-108.733522,42.553512],[-108.733405,42.553237],[-108.734062,42.552643],[-108.734947,42.55277],[-108.737613,42.552245],[-108.741808,42.553719],[-108.741776,42.553784]]]}},{"type":"Feature","properties":{"id":"excl-a-285","kind":"exclusion","name":"Creek exclusion zone","acres":0.1,"editable":true,"source":"MAP mesic valley bottoms + 10-yr NDVI persistence + IrrMapper + NWI (V3 rule) + collar shape rules (4 Sep 2026)","strm_type":"Intermittent","veg_pct":75.0,"pts":5,"enforce":"narrow"},"geometry":{"type":"Polygon","coordinates":[[[-108.698139,42.553328],[-108.697987,42.553474],[-108.697794,42.553363],[-108.697826,42.55323],[-108.698014,42.553187],[-108.698139,42.553328]]]}},{"type":"Feature","properties":{"id":"excl-a-286","kind":"exclusion","name":"Creek exclusion zone","acres":0.1,"editable":true,"source":"MAP mesic valley bottoms + 10-yr NDVI persistence + IrrMapper + NWI (V3 rule) + collar shape rules (4 Sep 2026)","strm_type":"Intermittent","veg_pct":75.0,"pts":7,"enforce":"narrow"},"geometry":{"type":"Polygon","coordinates":[[[-108.697812,42.553287],[-108.697794,42.553363],[-108.697987,42.553474],[-108.697911,42.553546],[-108.697612,42.553375],[-108.697608,42.553294],[-108.697749,42.553241],[-108.697812,42.553287]]]}},{"type":"Feature","properties":{"id":"excl-a-287","kind":"exclusion","name":"Creek exclusion zone","acres":3.8,"editable":true,"source":"MAP mesic valley bottoms + 10-yr NDVI persistence + IrrMapper + NWI (V3 rule) + collar shape rules (4 Sep 2026)","strm_type":"Intermittent","veg_pct":70.3,"pts":9,"enforce":"ok"},"geometry":{"type":"Polygon","coordinates":[[[-108.697525,42.553349],[-108.697872,42.553583],[-108.697763,42.553921],[-108.698486,42.554324],[-108.698451,42.554719],[-108.697101,42.555285],[-108.69686,42.554881],[-108.696993,42.554789],[-108.697259,42.553523],[-108.697525,42.553349]]]}},{"type":"Feature","properties":{"id":"excl-a-288","kind":"exclusion","name":"Creek exclusion zone","acres":43.3,"editable":true,"source":"MAP mesic valley bottoms + 10-yr NDVI persistence + IrrMapper + NWI (V3 rule) + collar shape rules (4 Sep 2026)","strm_type":"Perennial","veg_pct":62.5,"pts":29,"enforce":"ok"},"geometry":{"type":"Polygon","coordinates":[[[-108.691248,42.556414],[-108.692108,42.5565],[-108.692051,42.557268],[-108.693397,42.55787],[-108.694217,42.557129],[-108.694567,42.556053],[-108.695366,42.555912],[-108.696298,42.555269],[-108.696585,42.555302],[-108.696701,42.555453],[-108.696302,42.55562],[-108.695835,42.556547],[-108.696314,42.556969],[-108.698165,42.557242],[-108.698611,42.557486],[-108.698614,42.557599],[-108.698516,42.557656],[-108.699775,42.559766],[-108.699696,42.559843],[-108.697618,42.559185],[-108.694072,42.559274],[-108.692253,42.559701],[-108.692141,42.559536],[-108.692271,42.559419],[-108.692513,42.559466],[-108.692667,42.559124],[-108.69227,42.559027],[-108.691773,42.558992],[-108.690402,42.556926],[-108.691248,42.556414]]]}},{"type":"Feature","properties":{"id":"excl-a-289","kind":"exclusion","name":"Creek exclusion zone","acres":12.9,"editable":true,"source":"MAP mesic valley bottoms + 10-yr NDVI persistence + IrrMapper + NWI (V3 rule) + collar shape rules (4 Sep 2026)","strm_type":"Perennial","veg_pct":69.3,"pts":15,"enforce":"ok"},"geometry":{"type":"Polygon","coordinates":[[[-108.690055,42.556789],[-108.69004,42.556828],[-108.689919,42.556825],[-108.689905,42.557141],[-108.689814,42.557236],[-108.689779,42.55764],[-108.689325,42.558974],[-108.689442,42.558997],[-108.689441,42.559003],[-108.689321,42.558985],[-108.689187,42.55948],[-108.688814,42.559401],[-108.68796,42.559074],[-108.686872,42.558452],[-108.688644,42.556233],[-108.690055,42.556789]]]}},{"type":"Feature","properties":{"id":"excl-a-290","kind":"exclusion","name":"Creek exclusion zone","acres":0.1,"editable":true,"source":"MAP mesic valley bottoms + 10-yr NDVI persistence + IrrMapper + NWI (V3 rule) + collar shape rules (4 Sep 2026)","strm_type":"Perennial","veg_pct":69.3,"pts":7,"enforce":"narrow"},"geometry":{"type":"Polygon","coordinates":[[[-108.686948,42.558553],[-108.687013,42.558604],[-108.687008,42.558739],[-108.686939,42.558787],[-108.686847,42.558803],[-108.686692,42.558733],[-108.686799,42.558544],[-108.686948,42.558553]]]}},{"type":"Feature","properties":{"id":"excl-a-291","kind":"exclusion","name":"Creek exclusion zone","acres":10.8,"editable":true,"source":"MAP mesic valley bottoms + 10-yr NDVI persistence + IrrMapper + NWI (V3 rule) + collar shape rules (4 Sep 2026)","strm_type":"Perennial","veg_pct":67.9,"pts":13,"enforce":"ok"},"geometry":{"type":"Polygon","coordinates":[[[-108.686776,42.56136],[-108.687703,42.561996],[-108.68763,42.564305],[-108.687516,42.564313],[-108.686951,42.562366],[-108.686136,42.561499],[-108.685976,42.559478],[-108.686068,42.559459],[-108.686623,42.558765],[-108.687696,42.559378],[-108.688126,42.559543],[-108.688077,42.559755],[-108.687535,42.559808],[-108.686776,42.56136]]]}},{"type":"Feature","properties":{"id":"excl-a-292","kind":"exclusion","name":"Creek exclusion zone","acres":4.1,"editable":true,"source":"MAP mesic valley bottoms + 10-yr NDVI persistence + IrrMapper + NWI (V3 rule) + collar shape rules (4 Sep 2026)","strm_type":"Perennial","veg_pct":58.5,"pts":7,"enforce":"ok"},"geometry":{"type":"Polygon","coordinates":[[[-108.689721,42.560296],[-108.689397,42.560092],[-108.689425,42.560048],[-108.689545,42.560062],[-108.689755,42.559215],[-108.69203,42.559372],[-108.692253,42.559701],[-108.689721,42.560296]]]}},{"type":"Feature","properties":{"id":"excl-a-293","kind":"exclusion","name":"Creek exclusion zone","acres":3.8,"editable":true,"source":"MAP mesic valley bottoms + 10-yr NDVI persistence + IrrMapper + NWI (V3 rule) + collar shape rules (4 Sep 2026)","strm_type":"Perennial","veg_pct":41.7,"pts":8,"enforce":"ok"},"geometry":{"type":"Polygon","coordinates":[[[-108.689872,42.558861],[-108.690263,42.55769],[-108.690292,42.55736],[-108.690387,42.557259],[-108.690394,42.557111],[-108.69049,42.557096],[-108.691555,42.55867],[-108.691288,42.558959],[-108.689872,42.558861]]]}},{"type":"Feature","properties":{"id":"excl-a-294","kind":"exclusion","name":"Creek exclusion zone","acres":0.1,"editable":true,"source":"MAP mesic valley bottoms + 10-yr NDVI persistence + IrrMapper + NWI (V3 rule) + collar shape rules (4 Sep 2026)","strm_type":"Perennial","veg_pct":58.5,"pts":7,"enforce":"ok"},"geometry":{"type":"Polygon","coordinates":[[[-108.690013,42.558177],[-108.690008,42.558312],[-108.689939,42.55836],[-108.689848,42.558377],[-108.689692,42.558306],[-108.689697,42.558171],[-108.689857,42.558107],[-108.690013,42.558177]]]}},{"type":"Feature","properties":{"id":"excl-a-295","kind":"exclusion","name":"Creek exclusion zone","acres":0.4,"editable":true,"source":"MAP mesic valley bottoms + 10-yr NDVI persistence + IrrMapper + NWI (V3 rule) + collar shape rules (4 Sep 2026)","strm_type":"Intermittent","veg_pct":78.9,"pts":8,"enforce":"ok"},"geometry":{"type":"Polygon","coordinates":[[[-108.696701,42.555453],[-108.696585,42.555302],[-108.696414,42.555282],[-108.696384,42.55521],[-108.696469,42.555151],[-108.696641,42.555032],[-108.69698,42.555083],[-108.697101,42.555285],[-108.696701,42.555453]]]}},{"type":"Feature","properties":{"id":"excl-a-296","kind":"exclusion","name":"Creek exclusion zone","acres":31.3,"editable":true,"source":"MAP mesic valley bottoms + 10-yr NDVI persistence + IrrMapper + NWI (V3 rule) + collar shape rules (4 Sep 2026)","strm_type":"Perennial","veg_pct":86.4,"pts":25,"enforce":"ok"},"geometry":{"type":"Polygon","coordinates":[[[-108.707385,42.560263],[-108.707079,42.560636],[-108.704763,42.560819],[-108.702344,42.563699],[-108.70214,42.563726],[-108.702117,42.563687],[-108.702004,42.563682],[-108.70195,42.563605],[-108.70407,42.561014],[-108.702957,42.560195],[-108.699761,42.55985],[-108.699775,42.559766],[-108.698516,42.557656],[-108.698711,42.557541],[-108.699849,42.558163],[-108.701692,42.557719],[-108.702201,42.558811],[-108.704734,42.559764],[-108.705364,42.55939],[-108.705404,42.558249],[-108.70551,42.558243],[-108.705855,42.559536],[-108.707231,42.559565],[-108.707345,42.559733],[-108.70719,42.559896],[-108.707385,42.560263]]]}},{"type":"Feature","properties":{"id":"excl-a-297","kind":"exclusion","name":"Creek exclusion zone","acres":14.8,"editable":true,"source":"MAP mesic valley bottoms + 10-yr NDVI persistence + IrrMapper + NWI (V3 rule) + collar shape rules (4 Sep 2026)","strm_type":"Perennial","veg_pct":91.3,"pts":13,"enforce":"ok"},"geometry":{"type":"Polygon","coordinates":[[[-108.714183,42.559008],[-108.714437,42.559243],[-108.713804,42.560175],[-108.713937,42.560317],[-108.713838,42.560477],[-108.712869,42.560551],[-108.712276,42.560225],[-108.707373,42.560613],[-108.707232,42.560449],[-108.707385,42.560263],[-108.70719,42.559896],[-108.707499,42.559571],[-108.710725,42.55964],[-108.714183,42.559008]]]}},{"type":"Feature","properties":{"id":"excl-a-298","kind":"exclusion","name":"Creek exclusion zone","acres":0.9,"editable":true,"source":"MAP mesic valley bottoms + 10-yr NDVI persistence + IrrMapper + NWI (V3 rule) + collar shape rules (4 Sep 2026)","strm_type":"Ephemeral","veg_pct":46.5,"pts":6,"enforce":"ok"},"geometry":{"type":"Polygon","coordinates":[[[-108.701892,42.563677],[-108.702117,42.563687],[-108.702215,42.563853],[-108.701784,42.564366],[-108.701259,42.564684],[-108.701134,42.564604],[-108.701892,42.563677]]]}},{"type":"Feature","properties":{"id":"excl-a-299","kind":"exclusion","name":"Creek exclusion zone","acres":10.4,"editable":true,"source":"MAP mesic valley bottoms + 10-yr NDVI persistence + IrrMapper + NWI (V3 rule) + collar shape rules (4 Sep 2026)","strm_type":"Intermittent","veg_pct":94.4,"pts":19,"enforce":"ok"},"geometry":{"type":"Polygon","coordinates":[[[-108.699392,42.552123],[-108.701343,42.549546],[-108.701591,42.547356],[-108.702672,42.547327],[-108.704564,42.542927],[-108.704486,42.5415],[-108.704661,42.541462],[-108.704851,42.5417],[-108.705476,42.541673],[-108.70578,42.540652],[-108.707496,42.53928],[-108.707525,42.539298],[-108.70597,42.540755],[-108.705949,42.541769],[-108.704747,42.542762],[-108.701409,42.550204],[-108.698354,42.553122],[-108.698014,42.553187],[-108.697936,42.553079],[-108.699392,42.552123]]]}},{"type":"Feature","properties":{"id":"excl-a-300","kind":"exclusion","name":"Creek exclusion zone","acres":0.2,"editable":true,"source":"MAP mesic valley bottoms + 10-yr NDVI persistence + IrrMapper + NWI (V3 rule) + collar shape rules (4 Sep 2026)","strm_type":"Ephemeral","veg_pct":75.3,"pts":8,"enforce":"narrow"},"geometry":{"type":"Polygon","coordinates":[[[-108.753512,42.582439],[-108.753612,42.582488],[-108.753393,42.582865],[-108.753175,42.582796],[-108.752092,42.582136],[-108.752097,42.582131],[-108.753058,42.582698],[-108.753398,42.582635],[-108.753512,42.582439]]]}},{"type":"Feature","properties":{"id":"excl-a-301","kind":"exclusion","name":"Creek exclusion zone","acres":0.2,"editable":true,"source":"MAP mesic valley bottoms + 10-yr NDVI persistence + IrrMapper + NWI (V3 rule) + collar shape rules (4 Sep 2026)","strm_type":"Intermittent","veg_pct":100.0,"pts":7,"enforce":"narrow"},"geometry":{"type":"Polygon","coordinates":[[[-108.745206,42.58147],[-108.74547,42.581765],[-108.745389,42.581805],[-108.745385,42.581848],[-108.745337,42.581862],[-108.745057,42.581682],[-108.74507,42.581536],[-108.745206,42.58147]]]}},{"type":"Feature","properties":{"id":"excl-a-302","kind":"exclusion","name":"Creek exclusion zone","acres":10.1,"editable":true,"source":"MAP mesic valley bottoms + 10-yr NDVI persistence + IrrMapper + NWI (V3 rule) + collar shape rules (4 Sep 2026)","strm_type":"Intermittent","veg_pct":93.8,"pts":22,"enforce":"ok"},"geometry":{"type":"Polygon","coordinates":[[[-108.749797,42.581803],[-108.748167,42.582551],[-108.749235,42.583652],[-108.750871,42.584108],[-108.750967,42.584204],[-108.750635,42.584419],[-108.750583,42.584376],[-108.749359,42.584452],[-108.745381,42.581891],[-108.745389,42.581805],[-108.74547,42.581765],[-108.745734,42.582061],[-108.747266,42.582408],[-108.748382,42.582145],[-108.749638,42.581312],[-108.748627,42.580438],[-108.747836,42.58075],[-108.747706,42.58066],[-108.747817,42.580476],[-108.748409,42.58023],[-108.750135,42.58169],[-108.750049,42.581817],[-108.749797,42.581803]]]}},{"type":"Feature","properties":{"id":"excl-a-303","kind":"exclusion","name":"Creek exclusion zone","acres":14.3,"editable":true,"source":"MAP mesic valley bottoms + 10-yr NDVI persistence + IrrMapper + NWI (V3 rule) + collar shape rules (4 Sep 2026)","strm_type":"Ephemeral","veg_pct":90.8,"pts":17,"enforce":"ok"},"geometry":{"type":"Polygon","coordinates":[[[-108.748901,42.580026],[-108.749573,42.580389],[-108.751389,42.580141],[-108.752611,42.579711],[-108.753029,42.579916],[-108.753006,42.580281],[-108.753206,42.580377],[-108.75321,42.580572],[-108.752285,42.581045],[-108.752206,42.581816],[-108.753512,42.582439],[-108.753398,42.582635],[-108.753058,42.582698],[-108.751716,42.581907],[-108.750301,42.581831],[-108.748594,42.580387],[-108.748655,42.580128],[-108.748901,42.580026]]]}},{"type":"Feature","properties":{"id":"excl-a-304","kind":"exclusion","name":"Creek exclusion zone","acres":5.4,"editable":true,"source":"MAP mesic valley bottoms + 10-yr NDVI persistence + IrrMapper + NWI (V3 rule) + collar shape rules (4 Sep 2026)","strm_type":"Intermittent","veg_pct":96.9,"pts":15,"enforce":"ok"},"geometry":{"type":"Polygon","coordinates":[[[-108.741349,42.578559],[-108.7415,42.578571],[-108.741824,42.57914],[-108.74289,42.579932],[-108.744335,42.580208],[-108.746086,42.579452],[-108.746236,42.579639],[-108.744749,42.580292],[-108.744679,42.580879],[-108.745206,42.58147],[-108.74507,42.581536],[-108.745064,42.581609],[-108.744983,42.581634],[-108.74261,42.580106],[-108.741282,42.578641],[-108.741349,42.578559]]]}},{"type":"Feature","properties":{"id":"excl-a-305","kind":"exclusion","name":"Creek exclusion zone","acres":0.3,"editable":true,"source":"MAP mesic valley bottoms + 10-yr NDVI persistence + IrrMapper + NWI (V3 rule) + collar shape rules (4 Sep 2026)","strm_type":"Ephemeral","veg_pct":64.8,"pts":5,"enforce":"ok"},"geometry":{"type":"Polygon","coordinates":[[[-108.753856,42.582807],[-108.75361,42.582935],[-108.753393,42.582865],[-108.753612,42.582488],[-108.75384,42.582596],[-108.753856,42.582807]]]}},{"type":"Feature","properties":{"id":"excl-a-306","kind":"exclusion","name":"Creek exclusion zone","acres":3.1,"editable":true,"source":"MAP mesic valley bottoms + 10-yr NDVI persistence + IrrMapper + NWI (V3 rule) + collar shape rules (4 Sep 2026)","strm_type":"Intermittent","veg_pct":85.8,"pts":6,"enforce":"ok"},"geometry":{"type":"Polygon","coordinates":[[[-108.749791,42.578019],[-108.748779,42.579058],[-108.747724,42.578986],[-108.746236,42.579639],[-108.746086,42.579452],[-108.749655,42.577909],[-108.749791,42.578019]]]}},{"type":"Feature","properties":{"id":"excl-a-307","kind":"exclusion","name":"Creek exclusion zone","acres":12.4,"editable":true,"source":"MAP mesic valley bottoms + 10-yr NDVI persistence + IrrMapper + NWI (V3 rule) + collar shape rules (4 Sep 2026)","strm_type":"Intermittent","veg_pct":98.2,"pts":23,"enforce":"ok"},"geometry":{"type":"Polygon","coordinates":[[[-108.739476,42.577521],[-108.735952,42.574649],[-108.735036,42.572717],[-108.733905,42.571868],[-108.732397,42.573415],[-108.732285,42.573371],[-108.733586,42.570846],[-108.733283,42.570353],[-108.733402,42.57023],[-108.733583,42.570251],[-108.734179,42.571614],[-108.73512,42.572434],[-108.735947,42.574094],[-108.73988,42.577448],[-108.740524,42.577588],[-108.741319,42.577063],[-108.742086,42.576965],[-108.742172,42.577115],[-108.741022,42.577732],[-108.741441,42.578468],[-108.741349,42.578559],[-108.741198,42.578547],[-108.740819,42.57813],[-108.739476,42.577521]]]}},{"type":"Feature","properties":{"id":"excl-a-308","kind":"exclusion","name":"Creek exclusion zone","acres":18.5,"editable":true,"source":"MAP mesic valley bottoms + 10-yr NDVI persistence + IrrMapper + NWI (V3 rule) + collar shape rules (4 Sep 2026)","strm_type":"Ephemeral","veg_pct":97.0,"pts":17,"enforce":"ok"},"geometry":{"type":"Polygon","coordinates":[[[-108.754023,42.588642],[-108.754854,42.58897],[-108.75546,42.592536],[-108.758195,42.597023],[-108.760009,42.601032],[-108.76067,42.60092],[-108.76132,42.599812],[-108.76139,42.59983],[-108.760385,42.60264],[-108.760132,42.602641],[-108.758283,42.59768],[-108.754775,42.591748],[-108.753621,42.58827],[-108.751803,42.585406],[-108.750687,42.584463],[-108.751042,42.584279],[-108.752241,42.58548],[-108.754023,42.588642]]]}},{"type":"Feature","properties":{"id":"excl-a-309","kind":"exclusion","name":"Creek exclusion zone","acres":1.1,"editable":true,"source":"MAP mesic valley bottoms + 10-yr NDVI persistence + IrrMapper + NWI (V3 rule) + collar shape rules (4 Sep 2026)","strm_type":"Ephemeral","veg_pct":65.0,"pts":5,"enforce":"ok"},"geometry":{"type":"Polygon","coordinates":[[[-108.755956,42.583679],[-108.753873,42.583018],[-108.753856,42.582807],[-108.75408,42.582711],[-108.755994,42.583626],[-108.755956,42.583679]]]}},{"type":"Feature","properties":{"id":"excl-a-310","kind":"exclusion","name":"Creek exclusion zone","acres":0.1,"editable":true,"source":"MAP mesic valley bottoms + 10-yr NDVI persistence + IrrMapper + NWI (V3 rule) + collar shape rules (4 Sep 2026)","strm_type":"Ephemeral","veg_pct":86.9,"pts":4,"enforce":"narrow"},"geometry":{"type":"Polygon","coordinates":[[[-108.761697,42.557387],[-108.761344,42.55735],[-108.761417,42.557147],[-108.761731,42.557209],[-108.761697,42.557387]]]}},{"type":"Feature","properties":{"id":"excl-a-311","kind":"exclusion","name":"Creek exclusion zone","acres":1.7,"editable":true,"source":"MAP mesic valley bottoms + 10-yr NDVI persistence + IrrMapper + NWI (V3 rule) + collar shape rules (4 Sep 2026)","strm_type":"Ephemeral","veg_pct":95.4,"pts":7,"enforce":"ok"},"geometry":{"type":"Polygon","coordinates":[[[-108.761103,42.557085],[-108.761181,42.557101],[-108.761101,42.557325],[-108.760632,42.557276],[-108.760908,42.555832],[-108.761212,42.555705],[-108.761476,42.555789],[-108.761103,42.557085]]]}},{"type":"Feature","properties":{"id":"excl-a-312","kind":"exclusion","name":"Creek exclusion zone","acres":0.2,"editable":true,"source":"MAP mesic valley bottoms + 10-yr NDVI persistence + IrrMapper + NWI (V3 rule) + collar shape rules (4 Sep 2026)","strm_type":"Ephemeral","veg_pct":96.7,"pts":7,"enforce":"narrow"},"geometry":{"type":"Polygon","coordinates":[[[-108.761165,42.554484],[-108.761262,42.554546],[-108.761237,42.554635],[-108.76112,42.554661],[-108.760917,42.554532],[-108.760963,42.554288],[-108.761198,42.55431],[-108.761165,42.554484]]]}},{"type":"Feature","properties":{"id":"excl-a-313","kind":"exclusion","name":"Creek exclusion zone","acres":0.5,"editable":true,"source":"MAP mesic valley bottoms + 10-yr NDVI persistence + IrrMapper + NWI (V3 rule) + collar shape rules (4 Sep 2026)","strm_type":"Ephemeral","veg_pct":95.4,"pts":7,"enforce":"narrow"},"geometry":{"type":"Polygon","coordinates":[[[-108.760826,42.555686],[-108.760685,42.555745],[-108.760397,42.557252],[-108.76028,42.557239],[-108.760582,42.555656],[-108.760753,42.555601],[-108.760822,42.555633],[-108.760826,42.555686]]]}},{"type":"Feature","properties":{"id":"excl-a-314","kind":"exclusion","name":"Creek exclusion zone","acres":25.5,"editable":true,"source":"MAP mesic valley bottoms + 10-yr NDVI persistence + IrrMapper + NWI (V3 rule) + collar shape rules (4 Sep 2026)","strm_type":"Ephemeral","veg_pct":94.4,"pts":17,"enforce":"ok"},"geometry":{"type":"Polygon","coordinates":[[[-108.758648,42.555417],[-108.759105,42.553903],[-108.760351,42.552566],[-108.760622,42.552561],[-108.760763,42.552694],[-108.760114,42.553858],[-108.760412,42.554237],[-108.760846,42.554277],[-108.760786,42.554736],[-108.760144,42.55488],[-108.76026,42.555402],[-108.76061,42.555514],[-108.76028,42.557239],[-108.760163,42.557227],[-108.758358,42.557974],[-108.755805,42.557065],[-108.755781,42.556721],[-108.758648,42.555417]]]}},{"type":"Feature","properties":{"id":"excl-a-315","kind":"exclusion","name":"Creek exclusion zone","acres":32.6,"editable":true,"source":"MAP mesic valley bottoms + 10-yr NDVI persistence + IrrMapper + NWI (V3 rule) + collar shape rules (4 Sep 2026)","strm_type":"Perennial","veg_pct":97.2,"pts":23,"enforce":"ok"},"geometry":{"type":"Polygon","coordinates":[[[-108.753235,42.55938],[-108.752444,42.56004],[-108.752511,42.560483],[-108.754927,42.561903],[-108.759115,42.561967],[-108.759321,42.56204],[-108.759354,42.562224],[-108.759308,42.562353],[-108.757072,42.562724],[-108.757231,42.563586],[-108.757024,42.563719],[-108.756107,42.562777],[-108.752332,42.561608],[-108.752041,42.561828],[-108.751624,42.561452],[-108.751437,42.561469],[-108.751331,42.56136],[-108.753342,42.558273],[-108.754843,42.557147],[-108.755366,42.556909],[-108.757919,42.557818],[-108.757933,42.55815],[-108.755214,42.559275],[-108.753235,42.55938]]]}},{"type":"Feature","properties":{"id":"excl-a-316","kind":"exclusion","name":"Creek exclusion zone","acres":0.1,"editable":true,"source":"MAP mesic valley bottoms + 10-yr NDVI persistence + IrrMapper + NWI (V3 rule) + collar shape rules (4 Sep 2026)","strm_type":"Ephemeral","veg_pct":96.7,"pts":5,"enforce":"narrow"},"geometry":{"type":"Polygon","coordinates":[[[-108.760882,42.554714],[-108.760819,42.554728],[-108.760766,42.554695],[-108.760846,42.554277],[-108.760963,42.554288],[-108.760882,42.554714]]]}},{"type":"Feature","properties":{"id":"excl-a-317","kind":"exclusion","name":"Creek exclusion zone","acres":0.9,"editable":true,"source":"MAP mesic valley bottoms + 10-yr NDVI persistence + IrrMapper + NWI (V3 rule) + collar shape rules (4 Sep 2026)","strm_type":"Ephemeral","veg_pct":95.4,"pts":7,"enforce":"narrow"},"geometry":{"type":"Polygon","coordinates":[[[-108.76106,42.555769],[-108.760908,42.555832],[-108.760632,42.557276],[-108.760397,42.557252],[-108.760685,42.555745],[-108.760967,42.555627],[-108.761052,42.555654],[-108.76106,42.555769]]]}},{"type":"Feature","properties":{"id":"excl-a-318","kind":"exclusion","name":"Creek exclusion zone","acres":0.3,"editable":true,"source":"MAP mesic valley bottoms + 10-yr NDVI persistence + IrrMapper + NWI (V3 rule) + collar shape rules (4 Sep 2026)","strm_type":"Ephemeral","veg_pct":96.7,"pts":5,"enforce":"ok"},"geometry":{"type":"Polygon","coordinates":[[[-108.761778,42.554513],[-108.761359,42.554607],[-108.761165,42.554484],[-108.761198,42.55431],[-108.761761,42.554363],[-108.761778,42.554513]]]}},{"type":"Feature","properties":{"id":"excl-a-319","kind":"exclusion","name":"Creek exclusion zone","acres":0.4,"editable":true,"source":"MAP mesic valley bottoms + 10-yr NDVI persistence + IrrMapper + NWI (V3 rule) + collar shape rules (4 Sep 2026)","strm_type":"Ephemeral","veg_pct":86.0,"pts":4,"enforce":"narrow"},"geometry":{"type":"Polygon","coordinates":[[[-108.763232,42.557547],[-108.761697,42.557387],[-108.761731,42.557209],[-108.763243,42.557505],[-108.763232,42.557547]]]}},{"type":"Feature","properties":{"id":"excl-a-320","kind":"exclusion","name":"Creek exclusion zone","acres":9.2,"editable":true,"source":"MAP mesic valley bottoms + 10-yr NDVI persistence + IrrMapper + NWI (V3 rule) + collar shape rules (4 Sep 2026)","strm_type":"Perennial","veg_pct":96.8,"pts":20,"enforce":"ok"},"geometry":{"type":"Polygon","coordinates":[[[-108.762619,42.56724],[-108.764454,42.56666],[-108.764497,42.566719],[-108.763437,42.567245],[-108.761284,42.567506],[-108.761171,42.567812],[-108.762278,42.569354],[-108.762248,42.569386],[-108.762063,42.569373],[-108.760759,42.567972],[-108.759806,42.567613],[-108.758813,42.567929],[-108.758678,42.567808],[-108.758738,42.567622],[-108.759264,42.567451],[-108.759543,42.567025],[-108.759281,42.566037],[-108.757024,42.563719],[-108.757231,42.563586],[-108.760249,42.566897],[-108.762619,42.56724]]]}},{"type":"Feature","properties":{"id":"excl-a-321","kind":"exclusion","name":"Creek exclusion zone","acres":17.3,"editable":true,"source":"MAP mesic valley bottoms + 10-yr NDVI persistence + IrrMapper + NWI (V3 rule) + collar shape rules (4 Sep 2026)","strm_type":"Perennial","veg_pct":97.5,"pts":25,"enforce":"ok"},"geometry":{"type":"Polygon","coordinates":[[[-108.763292,42.563345],[-108.764018,42.562657],[-108.764309,42.562734],[-108.764291,42.563537],[-108.766771,42.56391],[-108.76956,42.562148],[-108.770961,42.561874],[-108.771211,42.562295],[-108.77038,42.562979],[-108.768909,42.563454],[-108.768889,42.563772],[-108.769034,42.563832],[-108.769066,42.56398],[-108.768951,42.56407],[-108.768996,42.564197],[-108.768872,42.564284],[-108.768106,42.564109],[-108.764013,42.564271],[-108.75972,42.562284],[-108.759375,42.562342],[-108.759313,42.56225],[-108.759354,42.562224],[-108.759338,42.562132],[-108.759434,42.56208],[-108.762872,42.563299],[-108.763292,42.563345]]]}},{"type":"Feature","properties":{"id":"excl-a-322","kind":"exclusion","name":"Creek exclusion zone","acres":0.1,"editable":true,"source":"MAP mesic valley bottoms + 10-yr NDVI persistence + IrrMapper + NWI (V3 rule) + collar shape rules (4 Sep 2026)","strm_type":"Ephemeral","veg_pct":97.6,"pts":7,"enforce":"narrow"},"geometry":{"type":"Polygon","coordinates":[[[-108.744606,42.570792],[-108.744677,42.570961],[-108.744485,42.571004],[-108.744367,42.57091],[-108.744428,42.570796],[-108.744476,42.57079],[-108.744506,42.570814],[-108.744606,42.570792]]]}},{"type":"Feature","properties":{"id":"excl-a-323","kind":"exclusion","name":"Creek exclusion zone","acres":2.4,"editable":true,"source":"MAP mesic valley bottoms + 10-yr NDVI persistence + IrrMapper + NWI (V3 rule) + collar shape rules (4 Sep 2026)","strm_type":"Ephemeral","veg_pct":97.0,"pts":11,"enforce":"ok"},"geometry":{"type":"Polygon","coordinates":[[[-108.745206,42.569743],[-108.745198,42.570293],[-108.744536,42.570623],[-108.744571,42.570707],[-108.744517,42.570719],[-108.744484,42.570693],[-108.744963,42.569805],[-108.743456,42.567253],[-108.743426,42.566787],[-108.743712,42.566771],[-108.743776,42.5674],[-108.745206,42.569743]]]}},{"type":"Feature","properties":{"id":"excl-a-324","kind":"exclusion","name":"Creek exclusion zone","acres":0.2,"editable":true,"source":"MAP mesic valley bottoms + 10-yr NDVI persistence + IrrMapper + NWI (V3 rule) + collar shape rules (4 Sep 2026)","strm_type":"Ephemeral","veg_pct":95.3,"pts":4,"enforce":"narrow"},"geometry":{"type":"Polygon","coordinates":[[[-108.743426,42.566787],[-108.743405,42.566472],[-108.74368,42.566457],[-108.743712,42.566771],[-108.743426,42.566787]]]}},{"type":"Feature","properties":{"id":"excl-a-325","kind":"exclusion","name":"Creek exclusion zone","acres":24.5,"editable":true,"source":"MAP mesic valley bottoms + 10-yr NDVI persistence + IrrMapper + NWI (V3 rule) + collar shape rules (4 Sep 2026)","strm_type":"Perennial","veg_pct":97.3,"pts":15,"enforce":"ok"},"geometry":{"type":"Polygon","coordinates":[[[-108.751624,42.561452],[-108.752041,42.561828],[-108.751243,42.563171],[-108.752992,42.565004],[-108.752951,42.565028],[-108.750627,42.563072],[-108.748676,42.564279],[-108.74915,42.565021],[-108.7489,42.565223],[-108.74801,42.564982],[-108.746148,42.565564],[-108.746181,42.565888],[-108.746011,42.565924],[-108.745276,42.564882],[-108.748748,42.562434],[-108.751624,42.561452]]]}},{"type":"Feature","properties":{"id":"excl-a-326","kind":"exclusion","name":"Creek exclusion zone","acres":1.7,"editable":true,"source":"MAP mesic valley bottoms + 10-yr NDVI persistence + IrrMapper + NWI (V3 rule) + collar shape rules (4 Sep 2026)","strm_type":"Intermittent","veg_pct":97.2,"pts":7,"enforce":"ok"},"geometry":{"type":"Polygon","coordinates":[[[-108.747259,42.56844],[-108.746776,42.566892],[-108.746214,42.566211],[-108.746299,42.566036],[-108.746511,42.566022],[-108.746968,42.566597],[-108.747523,42.568396],[-108.747259,42.56844]]]}},{"type":"Feature","properties":{"id":"excl-a-327","kind":"exclusion","name":"Creek exclusion zone","acres":0.2,"editable":true,"source":"MAP mesic valley bottoms + 10-yr NDVI persistence + IrrMapper + NWI (V3 rule) + collar shape rules (4 Sep 2026)","strm_type":"Ephemeral","veg_pct":97.6,"pts":5,"enforce":"narrow"},"geometry":{"type":"Polygon","coordinates":[[[-108.749359,42.565236],[-108.749568,42.565181],[-108.750031,42.565426],[-108.74997,42.565512],[-108.749358,42.565347],[-108.749359,42.565236]]]}},{"type":"Feature","properties":{"id":"excl-a-328","kind":"exclusion","name":"Creek exclusion zone","acres":1.2,"editable":true,"source":"MAP mesic valley bottoms + 10-yr NDVI persistence + IrrMapper + NWI (V3 rule) + collar shape rules (4 Sep 2026)","strm_type":"Ephemeral","veg_pct":97.6,"pts":7,"enforce":"narrow"},"geometry":{"type":"Polygon","coordinates":[[[-108.754577,42.567123],[-108.754543,42.567134],[-108.753272,42.565298],[-108.752386,42.564552],[-108.75243,42.564431],[-108.752581,42.564408],[-108.75354,42.565295],[-108.754577,42.567123]]]}},{"type":"Feature","properties":{"id":"excl-a-329","kind":"exclusion","name":"Creek exclusion zone","acres":13.3,"editable":true,"source":"MAP mesic valley bottoms + 10-yr NDVI persistence + IrrMapper + NWI (V3 rule) + collar shape rules (4 Sep 2026)","strm_type":"Perennial","veg_pct":97.6,"pts":18,"enforce":"ok"},"geometry":{"type":"Polygon","coordinates":[[[-108.743648,42.566142],[-108.743656,42.566221],[-108.74339,42.566236],[-108.743369,42.565922],[-108.739923,42.566496],[-108.738231,42.566385],[-108.73814,42.566012],[-108.73788,42.565938],[-108.737782,42.565695],[-108.73796,42.565511],[-108.738435,42.565483],[-108.739694,42.56579],[-108.744822,42.564958],[-108.745089,42.564834],[-108.745462,42.564931],[-108.745707,42.565441],[-108.745383,42.565755],[-108.744179,42.565692],[-108.743648,42.566142]]]}},{"type":"Feature","properties":{"id":"excl-a-330","kind":"exclusion","name":"Creek exclusion zone","acres":6.1,"editable":true,"source":"MAP mesic valley bottoms + 10-yr NDVI persistence + IrrMapper + NWI (V3 rule) + collar shape rules (4 Sep 2026)","strm_type":"Intermittent","veg_pct":97.0,"pts":12,"enforce":"ok"},"geometry":{"type":"Polygon","coordinates":[[[-108.751965,42.572335],[-108.75409,42.574647],[-108.75494,42.575072],[-108.754445,42.575461],[-108.754291,42.575418],[-108.754286,42.575258],[-108.753031,42.573847],[-108.751329,42.572267],[-108.747812,42.570211],[-108.747259,42.56844],[-108.747523,42.568396],[-108.748078,42.570194],[-108.751965,42.572335]]]}},{"type":"Feature","properties":{"id":"excl-a-331","kind":"exclusion","name":"Creek exclusion zone","acres":0.2,"editable":true,"source":"MAP mesic valley bottoms + 10-yr NDVI persistence + IrrMapper + NWI (V3 rule) + collar shape rules (4 Sep 2026)","strm_type":"Ephemeral","veg_pct":78.2,"pts":5,"enforce":"ok"},"geometry":{"type":"Polygon","coordinates":[[[-108.744529,42.571364],[-108.74439,42.571178],[-108.744485,42.571004],[-108.744677,42.570961],[-108.744817,42.571298],[-108.744529,42.571364]]]}},{"type":"Feature","properties":{"id":"excl-a-332","kind":"exclusion","name":"Creek exclusion zone","acres":0.3,"editable":true,"source":"MAP mesic valley bottoms + 10-yr NDVI persistence + IrrMapper + NWI (V3 rule) + collar shape rules (4 Sep 2026)","strm_type":"Ephemeral","veg_pct":56.9,"pts":5,"enforce":"narrow"},"geometry":{"type":"Polygon","coordinates":[[[-108.745007,42.572003],[-108.744602,42.571462],[-108.744673,42.571331],[-108.744817,42.571298],[-108.745099,42.571974],[-108.745007,42.572003]]]}},{"type":"Feature","properties":{"id":"excl-a-333","kind":"exclusion","name":"Creek exclusion zone","acres":2.3,"editable":true,"source":"MAP mesic valley bottoms + 10-yr NDVI persistence + IrrMapper + NWI (V3 rule) + collar shape rules (4 Sep 2026)","strm_type":"Ephemeral","veg_pct":95.9,"pts":10,"enforce":"ok"},"geometry":{"type":"Polygon","coordinates":[[[-108.758238,42.568113],[-108.757117,42.569394],[-108.756919,42.570722],[-108.756848,42.57072],[-108.756786,42.569464],[-108.757899,42.567895],[-108.75862,42.567661],[-108.758708,42.567715],[-108.758678,42.567808],[-108.758617,42.567992],[-108.758238,42.568113]]]}},{"type":"Feature","properties":{"id":"excl-a-334","kind":"exclusion","name":"Creek exclusion zone","acres":0.6,"editable":true,"source":"MAP mesic valley bottoms + 10-yr NDVI persistence + IrrMapper + NWI (V3 rule) + collar shape rules (4 Sep 2026)","strm_type":"Intermittent","veg_pct":96.6,"pts":7,"enforce":"ok"},"geometry":{"type":"Polygon","coordinates":[[[-108.754658,42.57546],[-108.75443,42.576295],[-108.754321,42.576288],[-108.754297,42.575577],[-108.754818,42.575168],[-108.754939,42.575203],[-108.754938,42.575335],[-108.754658,42.57546]]]}},{"type":"Feature","properties":{"id":"excl-a-335","kind":"exclusion","name":"Creek exclusion zone","acres":0.2,"editable":true,"source":"MAP mesic valley bottoms + 10-yr NDVI persistence + IrrMapper + NWI (V3 rule) + collar shape rules (4 Sep 2026)","strm_type":"Ephemeral","veg_pct":97.6,"pts":5,"enforce":"narrow"},"geometry":{"type":"Polygon","coordinates":[[[-108.767998,42.572433],[-108.767839,42.572659],[-108.767651,42.572683],[-108.767536,42.572604],[-108.767839,42.572361],[-108.767998,42.572433]]]}},{"type":"Feature","properties":{"id":"excl-a-336","kind":"exclusion","name":"Creek exclusion zone","acres":0.1,"editable":true,"source":"MAP mesic valley bottoms + 10-yr NDVI persistence + IrrMapper + NWI (V3 rule) + collar shape rules (4 Sep 2026)","strm_type":"Ephemeral","veg_pct":97.6,"pts":7,"enforce":"narrow"},"geometry":{"type":"Polygon","coordinates":[[[-108.767536,42.572604],[-108.767651,42.572683],[-108.767745,42.572671],[-108.767795,42.572721],[-108.767747,42.572791],[-108.767522,42.57282],[-108.767385,42.572726],[-108.767536,42.572604]]]}},{"type":"Feature","properties":{"id":"excl-a-337","kind":"exclusion","name":"Creek exclusion zone","acres":6.9,"editable":true,"source":"MAP mesic valley bottoms + 10-yr NDVI persistence + IrrMapper + NWI (V3 rule) + collar shape rules (4 Sep 2026)","strm_type":"Intermittent","veg_pct":97.3,"pts":19,"enforce":"ok"},"geometry":{"type":"Polygon","coordinates":[[[-108.771332,42.577153],[-108.769177,42.575965],[-108.769199,42.575877],[-108.769409,42.575803],[-108.769443,42.575833],[-108.76958,42.575812],[-108.770621,42.576566],[-108.771914,42.57714],[-108.771914,42.577254],[-108.771786,42.577311],[-108.771867,42.578434],[-108.772007,42.578475],[-108.772037,42.578593],[-108.770718,42.579519],[-108.770807,42.580228],[-108.7704,42.580452],[-108.76984,42.580286],[-108.769717,42.579885],[-108.770888,42.578937],[-108.771332,42.577153]]]}},{"type":"Feature","properties":{"id":"excl-a-338","kind":"exclusion","name":"Creek exclusion zone","acres":10.9,"editable":true,"source":"MAP mesic valley bottoms + 10-yr NDVI persistence + IrrMapper + NWI (V3 rule) + collar shape rules (4 Sep 2026)","strm_type":"Ephemeral","veg_pct":86.4,"pts":24,"enforce":"ok"},"geometry":{"type":"Polygon","coordinates":[[[-108.772069,42.581375],[-108.771964,42.581425],[-108.770453,42.581012],[-108.770242,42.581724],[-108.771855,42.582577],[-108.772165,42.582593],[-108.77217,42.582663],[-108.772084,42.582717],[-108.770904,42.582527],[-108.770559,42.582645],[-108.770131,42.582488],[-108.769723,42.581127],[-108.769162,42.580854],[-108.765669,42.583259],[-108.76537,42.58335],[-108.765194,42.58322],[-108.765557,42.582574],[-108.767503,42.581677],[-108.769388,42.580151],[-108.7704,42.580452],[-108.770611,42.580336],[-108.770829,42.580408],[-108.770852,42.580587],[-108.772074,42.581268],[-108.772069,42.581375]]]}},{"type":"Feature","properties":{"id":"excl-a-339","kind":"exclusion","name":"Creek exclusion zone","acres":1.1,"editable":true,"source":"MAP mesic valley bottoms + 10-yr NDVI persistence + IrrMapper + NWI (V3 rule) + collar shape rules (4 Sep 2026)","strm_type":"Ephemeral","veg_pct":85.1,"pts":7,"enforce":"ok"},"geometry":{"type":"Polygon","coordinates":[[[-108.774159,42.582876],[-108.77393,42.583014],[-108.772139,42.582726],[-108.772127,42.58269],[-108.77217,42.582663],[-108.772165,42.582593],[-108.774156,42.5827],[-108.774159,42.582876]]]}},{"type":"Feature","properties":{"id":"excl-a-340","kind":"exclusion","name":"Creek exclusion zone","acres":9.3,"editable":true,"source":"MAP mesic valley bottoms + 10-yr NDVI persistence + IrrMapper + NWI (V3 rule) + collar shape rules (4 Sep 2026)","strm_type":"Intermittent","veg_pct":96.9,"pts":24,"enforce":"ok"},"geometry":{"type":"Polygon","coordinates":[[[-108.774769,42.577466],[-108.774698,42.577531],[-108.774203,42.577532],[-108.773223,42.577859],[-108.773123,42.578262],[-108.773994,42.578907],[-108.774766,42.578831],[-108.774872,42.57891],[-108.774853,42.579002],[-108.773549,42.579],[-108.772407,42.578333],[-108.772147,42.578516],[-108.771867,42.578434],[-108.771786,42.577311],[-108.772042,42.577197],[-108.772315,42.577318],[-108.774207,42.576373],[-108.774843,42.576856],[-108.775114,42.576636],[-108.775324,42.57671],[-108.775224,42.577195],[-108.77525,42.57721],[-108.775246,42.577234],[-108.77475,42.577401],[-108.774769,42.577466]]]}},{"type":"Feature","properties":{"id":"excl-a-341","kind":"exclusion","name":"Creek exclusion zone","acres":3.2,"editable":true,"source":"MAP mesic valley bottoms + 10-yr NDVI persistence + IrrMapper + NWI (V3 rule) + collar shape rules (4 Sep 2026)","strm_type":"Ephemeral","veg_pct":97.6,"pts":10,"enforce":"ok"},"geometry":{"type":"Polygon","coordinates":[[[-108.778096,42.578954],[-108.778203,42.579313],[-108.777784,42.579603],[-108.776399,42.579005],[-108.774853,42.579002],[-108.774872,42.57891],[-108.77481,42.578864],[-108.774828,42.578825],[-108.77489,42.578818],[-108.776779,42.578633],[-108.778096,42.578954]]]}},{"type":"Feature","properties":{"id":"excl-a-342","kind":"exclusion","name":"Creek exclusion zone","acres":6.2,"editable":true,"source":"MAP mesic valley bottoms + 10-yr NDVI persistence + IrrMapper + NWI (V3 rule) + collar shape rules (4 Sep 2026)","strm_type":"Ephemeral","veg_pct":97.3,"pts":25,"enforce":"ok"},"geometry":{"type":"Polygon","coordinates":[[[-108.775647,42.57538],[-108.776155,42.576118],[-108.778166,42.575396],[-108.778429,42.575438],[-108.778469,42.57559],[-108.77767,42.575986],[-108.777642,42.576299],[-108.777902,42.576469],[-108.778658,42.576453],[-108.778754,42.576637],[-108.778443,42.57683],[-108.776217,42.576605],[-108.77527,42.577094],[-108.775337,42.577203],[-108.775276,42.577224],[-108.775224,42.577195],[-108.775324,42.57671],[-108.775219,42.576673],[-108.775192,42.576572],[-108.77547,42.576346],[-108.775449,42.575734],[-108.775524,42.575738],[-108.775584,42.575449],[-108.775551,42.575426],[-108.775561,42.575396],[-108.775647,42.57538]]]}},{"type":"Feature","properties":{"id":"excl-a-343","kind":"exclusion","name":"Creek exclusion zone","acres":11.9,"editable":true,"source":"MAP mesic valley bottoms + 10-yr NDVI persistence + IrrMapper + NWI (V3 rule) + collar shape rules (4 Sep 2026)","strm_type":"Ephemeral","veg_pct":95.3,"pts":18,"enforce":"ok"},"geometry":{"type":"Polygon","coordinates":[[[-108.758916,42.577607],[-108.758926,42.578486],[-108.759727,42.57918],[-108.760773,42.579356],[-108.762031,42.579029],[-108.76225,42.579149],[-108.760881,42.580511],[-108.758961,42.581694],[-108.758804,42.581604],[-108.759921,42.579914],[-108.758823,42.578903],[-108.758358,42.577225],[-108.759177,42.576512],[-108.759379,42.575199],[-108.760254,42.5745],[-108.760494,42.57451],[-108.760606,42.574622],[-108.759924,42.575018],[-108.758916,42.577607]]]}},{"type":"Feature","properties":{"id":"excl-a-344","kind":"exclusion","name":"Creek exclusion zone","acres":6.3,"editable":true,"source":"MAP mesic valley bottoms + 10-yr NDVI persistence + IrrMapper + NWI (V3 rule) + collar shape rules (4 Sep 2026)","strm_type":"Perennial","veg_pct":97.6,"pts":18,"enforce":"ok"},"geometry":{"type":"Polygon","coordinates":[[[-108.764333,42.572459],[-108.760606,42.574622],[-108.760494,42.57451],[-108.760374,42.574505],[-108.760336,42.574434],[-108.760755,42.574099],[-108.763343,42.57291],[-108.764384,42.571869],[-108.76212,42.569435],[-108.762189,42.56938],[-108.762306,42.569392],[-108.762886,42.5702],[-108.765925,42.572415],[-108.765905,42.572463],[-108.765833,42.572473],[-108.765675,42.572724],[-108.765499,42.572703],[-108.765461,42.572463],[-108.764333,42.572459]]]}},{"type":"Feature","properties":{"id":"excl-a-345","kind":"exclusion","name":"Creek exclusion zone","acres":9.9,"editable":true,"source":"MAP mesic valley bottoms + 10-yr NDVI persistence + IrrMapper + NWI (V3 rule) + collar shape rules (4 Sep 2026)","strm_type":"Perennial","veg_pct":97.5,"pts":26,"enforce":"ok"},"geometry":{"type":"Polygon","coordinates":[[[-108.765587,42.573252],[-108.765537,42.572942],[-108.765833,42.572473],[-108.765978,42.572454],[-108.766069,42.57252],[-108.767233,42.572847],[-108.767309,42.572786],[-108.767458,42.572888],[-108.7676,42.572869],[-108.767653,42.572923],[-108.767607,42.572989],[-108.768431,42.57498],[-108.769419,42.575696],[-108.769333,42.575849],[-108.769066,42.575904],[-108.768801,42.575758],[-108.767579,42.577019],[-108.767426,42.576965],[-108.768162,42.575014],[-108.767402,42.573886],[-108.766172,42.573208],[-108.764728,42.574604],[-108.764557,42.574499],[-108.764448,42.574432],[-108.764618,42.574404],[-108.765031,42.573747],[-108.765587,42.573252]]]}},{"type":"Feature","properties":{"id":"excl-a-346","kind":"exclusion","name":"Creek exclusion zone","acres":0.2,"editable":true,"source":"MAP mesic valley bottoms + 10-yr NDVI persistence + IrrMapper + NWI (V3 rule) + collar shape rules (4 Sep 2026)","strm_type":"Ephemeral","veg_pct":97.1,"pts":5,"enforce":"narrow"},"geometry":{"type":"Polygon","coordinates":[[[-108.76472,42.574024],[-108.764825,42.574074],[-108.764618,42.574404],[-108.764448,42.574432],[-108.764338,42.574365],[-108.76472,42.574024]]]}},{"type":"Feature","properties":{"id":"excl-a-347","kind":"exclusion","name":"Creek exclusion zone","acres":4.1,"editable":true,"source":"MAP mesic valley bottoms + 10-yr NDVI persistence + IrrMapper + NWI (V3 rule) + collar shape rules (4 Sep 2026)","strm_type":"Ephemeral","veg_pct":91.2,"pts":5,"enforce":"ok"},"geometry":{"type":"Polygon","coordinates":[[[-108.762355,42.581113],[-108.76197,42.581232],[-108.760881,42.580511],[-108.76225,42.579149],[-108.762469,42.579269],[-108.762355,42.581113]]]}},{"type":"Feature","properties":{"id":"excl-a-348","kind":"exclusion","name":"Creek exclusion zone","acres":3.1,"editable":true,"source":"MAP mesic valley bottoms + 10-yr NDVI persistence + IrrMapper + NWI (V3 rule) + collar shape rules (4 Sep 2026)","strm_type":"Ephemeral","veg_pct":97.4,"pts":6,"enforce":"ok"},"geometry":{"type":"Polygon","coordinates":[[[-108.762392,42.576572],[-108.762348,42.576327],[-108.763089,42.575477],[-108.764338,42.574365],[-108.764728,42.574604],[-108.76264,42.576621],[-108.762392,42.576572]]]}},{"type":"Feature","properties":{"id":"excl-a-349","kind":"exclusion","name":"Creek exclusion zone","acres":0.9,"editable":true,"source":"MAP mesic valley bottoms + 10-yr NDVI persistence + IrrMapper + NWI (V3 rule) + collar shape rules (4 Sep 2026)","strm_type":"Ephemeral","veg_pct":52.8,"pts":6,"enforce":"ok"},"geometry":{"type":"Polygon","coordinates":[[[-108.765144,42.582764],[-108.76537,42.582906],[-108.76507,42.583441],[-108.764863,42.583504],[-108.764506,42.583337],[-108.764487,42.583067],[-108.765144,42.582764]]]}},{"type":"Feature","properties":{"id":"excl-a-350","kind":"exclusion","name":"Creek exclusion zone","acres":0.3,"editable":true,"source":"MAP mesic valley bottoms + 10-yr NDVI persistence + IrrMapper + NWI (V3 rule) + collar shape rules (4 Sep 2026)","strm_type":"Ephemeral","veg_pct":97.6,"pts":5,"enforce":"ok"},"geometry":{"type":"Polygon","coordinates":[[[-108.775214,42.57753],[-108.774788,42.577531],[-108.77475,42.577401],[-108.775337,42.577203],[-108.775404,42.577312],[-108.775214,42.57753]]]}},{"type":"Feature","properties":{"id":"excl-a-351","kind":"exclusion","name":"Creek exclusion zone","acres":0.8,"editable":true,"source":"MAP mesic valley bottoms + 10-yr NDVI persistence + IrrMapper + NWI (V3 rule) + collar shape rules (4 Sep 2026)","strm_type":"Ephemeral","veg_pct":85.4,"pts":7,"enforce":"ok"},"geometry":{"type":"Polygon","coordinates":[[[-108.769528,42.571762],[-108.769561,42.571851],[-108.768085,42.572309],[-108.768025,42.572395],[-108.76791,42.57241],[-108.767839,42.572361],[-108.768444,42.571876],[-108.769528,42.571762]]]}},{"type":"Feature","properties":{"id":"excl-a-352","kind":"exclusion","name":"Creek exclusion zone","acres":10.5,"editable":true,"source":"MAP mesic valley bottoms + 10-yr NDVI persistence + IrrMapper + NWI (V3 rule) + collar shape rules (4 Sep 2026)","strm_type":"Perennial","veg_pct":94.4,"pts":19,"enforce":"ok"},"geometry":{"type":"Polygon","coordinates":[[[-108.77353,42.567326],[-108.772195,42.56631],[-108.771438,42.566385],[-108.77141,42.56534],[-108.7708,42.564726],[-108.769041,42.564323],[-108.768951,42.56407],[-108.769066,42.56398],[-108.76905,42.563906],[-108.769123,42.563868],[-108.771173,42.564704],[-108.774924,42.564096],[-108.774998,42.56446],[-108.772009,42.564719],[-108.771595,42.565506],[-108.775671,42.56744],[-108.775503,42.567644],[-108.775396,42.567654],[-108.775334,42.567611],[-108.77353,42.567326]]]}},{"type":"Feature","properties":{"id":"excl-a-353","kind":"exclusion","name":"Creek exclusion zone","acres":14.1,"editable":true,"source":"MAP mesic valley bottoms + 10-yr NDVI persistence + IrrMapper + NWI (V3 rule) + collar shape rules (4 Sep 2026)","strm_type":"Intermittent","veg_pct":97.1,"pts":18,"enforce":"ok"},"geometry":{"type":"Polygon","coordinates":[[[-108.776713,42.568257],[-108.779124,42.568098],[-108.77943,42.568339],[-108.779373,42.568605],[-108.780534,42.569447],[-108.782614,42.569101],[-108.782802,42.569441],[-108.782262,42.569901],[-108.782739,42.570763],[-108.782476,42.571072],[-108.7819,42.571103],[-108.78025,42.569676],[-108.776777,42.568623],[-108.775435,42.567682],[-108.77545,42.567649],[-108.775503,42.567644],[-108.775671,42.56744],[-108.776043,42.567616],[-108.776713,42.568257]]]}},{"type":"Feature","properties":{"id":"excl-a-354","kind":"exclusion","name":"Creek exclusion zone","acres":12.6,"editable":true,"source":"MAP mesic valley bottoms + 10-yr NDVI persistence + IrrMapper + NWI (V3 rule) + collar shape rules (4 Sep 2026)","strm_type":"Ephemeral","veg_pct":92.2,"pts":17,"enforce":"ok"},"geometry":{"type":"Polygon","coordinates":[[[-108.772026,42.562617],[-108.772433,42.561972],[-108.773863,42.561763],[-108.77568,42.560665],[-108.779348,42.559678],[-108.779783,42.560465],[-108.779486,42.560742],[-108.777448,42.560504],[-108.776538,42.561207],[-108.774824,42.561417],[-108.774137,42.562195],[-108.774304,42.562695],[-108.770861,42.56292],[-108.77071,42.562689],[-108.771065,42.56241],[-108.771297,42.56244],[-108.771383,42.562584],[-108.772026,42.562617]]]}},{"type":"Feature","properties":{"id":"excl-a-355","kind":"exclusion","name":"Creek exclusion zone","acres":12.6,"editable":true,"source":"MAP mesic valley bottoms + 10-yr NDVI persistence + IrrMapper + NWI (V3 rule) + collar shape rules (4 Sep 2026)","strm_type":"Perennial","veg_pct":93.9,"pts":20,"enforce":"ok"},"geometry":{"type":"Polygon","coordinates":[[[-108.671661,42.540057],[-108.675402,42.539054],[-108.675416,42.539079],[-108.671256,42.540467],[-108.671207,42.540825],[-108.676528,42.543644],[-108.677744,42.543495],[-108.678164,42.543328],[-108.678335,42.543395],[-108.678334,42.543529],[-108.677626,42.543797],[-108.677621,42.544199],[-108.677514,42.544244],[-108.677408,42.544199],[-108.676672,42.544525],[-108.675553,42.54355],[-108.668647,42.539758],[-108.666936,42.539286],[-108.667042,42.539125],[-108.67024,42.540107],[-108.671661,42.540057]]]}},{"type":"Feature","properties":{"id":"excl-a-356","kind":"exclusion","name":"Creek exclusion zone","acres":10.6,"editable":true,"source":"MAP mesic valley bottoms + 10-yr NDVI persistence + IrrMapper + NWI (V3 rule) + collar shape rules (4 Sep 2026)","strm_type":"Perennial","veg_pct":93.8,"pts":17,"enforce":"ok"},"geometry":{"type":"Polygon","coordinates":[[[-108.65575,42.536957],[-108.65245,42.535898],[-108.652364,42.535755],[-108.652376,42.535625],[-108.652451,42.535582],[-108.655685,42.536699],[-108.66247,42.537851],[-108.664942,42.536776],[-108.668196,42.536441],[-108.668289,42.536551],[-108.668166,42.536684],[-108.665416,42.536838],[-108.663717,42.537599],[-108.663518,42.538042],[-108.667042,42.539125],[-108.666936,42.539286],[-108.661867,42.53789],[-108.65575,42.536957]]]}},{"type":"Feature","properties":{"id":"excl-a-357","kind":"exclusion","name":"Creek exclusion zone","acres":6.6,"editable":true,"source":"MAP mesic valley bottoms + 10-yr NDVI persistence + IrrMapper + NWI (V3 rule) + collar shape rules (4 Sep 2026)","strm_type":"Intermittent","veg_pct":96.2,"pts":12,"enforce":"ok"},"geometry":{"type":"Polygon","coordinates":[[[-108.68203,42.54213],[-108.678507,42.543463],[-108.678335,42.543395],[-108.678335,42.543259],[-108.682261,42.541693],[-108.683731,42.540666],[-108.686556,42.539434],[-108.686924,42.539567],[-108.68697,42.539841],[-108.687087,42.539816],[-108.687091,42.539824],[-108.684607,42.540526],[-108.68203,42.54213]]]}},{"type":"Feature","properties":{"id":"excl-a-358","kind":"exclusion","name":"Creek exclusion zone","acres":2.0,"editable":true,"source":"MAP mesic valley bottoms + 10-yr NDVI persistence + IrrMapper + NWI (V3 rule) + collar shape rules (4 Sep 2026)","strm_type":"Intermittent","veg_pct":96.7,"pts":15,"enforce":"ok"},"geometry":{"type":"Polygon","coordinates":[[[-108.688181,42.53955],[-108.688086,42.539642],[-108.687728,42.539643],[-108.68758,42.539685],[-108.687415,42.539611],[-108.687351,42.539175],[-108.68723,42.539184],[-108.687213,42.539147],[-108.687732,42.538921],[-108.687866,42.538962],[-108.687896,42.53905],[-108.689102,42.538827],[-108.689368,42.538814],[-108.689405,42.538903],[-108.688146,42.539459],[-108.688181,42.53955]]]}},{"type":"Feature","properties":{"id":"excl-a-359","kind":"exclusion","name":"Creek exclusion zone","acres":10.1,"editable":true,"source":"MAP mesic valley bottoms + 10-yr NDVI persistence + IrrMapper + NWI (V3 rule) + collar shape rules (4 Sep 2026)","strm_type":"Ephemeral","veg_pct":94.3,"pts":20,"enforce":"ok"},"geometry":{"type":"Polygon","coordinates":[[[-108.693986,42.535794],[-108.697073,42.534746],[-108.699383,42.53279],[-108.70149,42.531707],[-108.701516,42.531733],[-108.699452,42.533013],[-108.696979,42.535196],[-108.694205,42.536035],[-108.692045,42.536131],[-108.689926,42.537525],[-108.689808,42.537971],[-108.6902,42.538308],[-108.690498,42.538299],[-108.69054,42.538402],[-108.690368,42.538478],[-108.690078,42.53842],[-108.689028,42.538469],[-108.68868,42.538533],[-108.688577,42.538404],[-108.691992,42.535688],[-108.693986,42.535794]]]}},{"type":"Feature","properties":{"id":"excl-a-360","kind":"exclusion","name":"Creek exclusion zone","acres":0.1,"editable":true,"source":"MAP mesic valley bottoms + 10-yr NDVI persistence + IrrMapper + NWI (V3 rule) + collar shape rules (4 Sep 2026)","strm_type":"Intermittent","veg_pct":96.8,"pts":7,"enforce":"ok"},"geometry":{"type":"Polygon","coordinates":[[[-108.688921,42.53864],[-108.688916,42.538775],[-108.688847,42.538823],[-108.688755,42.538839],[-108.688599,42.538768],[-108.688604,42.538633],[-108.688765,42.538569],[-108.688921,42.53864]]]}},{"type":"Feature","properties":{"id":"excl-a-361","kind":"exclusion","name":"Creek exclusion zone","acres":0.1,"editable":true,"source":"MAP mesic valley bottoms + 10-yr NDVI persistence + IrrMapper + NWI (V3 rule) + collar shape rules (4 Sep 2026)","strm_type":"Intermittent","veg_pct":96.2,"pts":7,"enforce":"ok"},"geometry":{"type":"Polygon","coordinates":[[[-108.6873,42.53936],[-108.687295,42.539495],[-108.687226,42.539543],[-108.687134,42.539559],[-108.686979,42.539489],[-108.686984,42.539354],[-108.687144,42.539289],[-108.6873,42.53936]]]}},{"type":"Feature","properties":{"id":"excl-a-362","kind":"exclusion","name":"Creek exclusion zone","acres":15.0,"editable":true,"source":"MAP mesic valley bottoms + 10-yr NDVI persistence + IrrMapper + NWI (V3 rule) + collar shape rules (4 Sep 2026)","strm_type":"Perennial","veg_pct":75.8,"pts":12,"enforce":"ok"},"geometry":{"type":"Polygon","coordinates":[[[-108.686588,42.55532],[-108.688103,42.555361],[-108.68807,42.555786],[-108.688644,42.556233],[-108.686872,42.558452],[-108.685711,42.557789],[-108.685503,42.557384],[-108.68549,42.557062],[-108.685353,42.557096],[-108.685265,42.557029],[-108.686169,42.555168],[-108.686427,42.555144],[-108.686588,42.55532]]]}},{"type":"Feature","properties":{"id":"excl-a-363","kind":"exclusion","name":"Creek exclusion zone","acres":17.4,"editable":true,"source":"MAP mesic valley bottoms + 10-yr NDVI persistence + IrrMapper + NWI (V3 rule) + collar shape rules (4 Sep 2026)","strm_type":"Perennial","veg_pct":66.3,"pts":20,"enforce":"ok"},"geometry":{"type":"Polygon","coordinates":[[[-108.685968,42.55938],[-108.685963,42.559317],[-108.682417,42.558278],[-108.678411,42.558627],[-108.677413,42.559188],[-108.676689,42.562016],[-108.676778,42.563827],[-108.676132,42.565664],[-108.675794,42.565894],[-108.675605,42.565803],[-108.676164,42.564606],[-108.676505,42.560109],[-108.677241,42.558822],[-108.681696,42.557986],[-108.68395,42.557974],[-108.684655,42.55758],[-108.68516,42.557695],[-108.685305,42.558011],[-108.686623,42.558765],[-108.686119,42.559395],[-108.685968,42.55938]]]}},{"type":"Feature","properties":{"id":"excl-a-364","kind":"exclusion","name":"Creek exclusion zone","acres":27.6,"editable":true,"source":"MAP mesic valley bottoms + 10-yr NDVI persistence + IrrMapper + NWI (V3 rule) + collar shape rules (4 Sep 2026)","strm_type":"Perennial","veg_pct":94.1,"pts":16,"enforce":"ok"},"geometry":{"type":"Polygon","coordinates":[[[-108.686508,42.551425],[-108.684765,42.549956],[-108.678726,42.546314],[-108.676672,42.544525],[-108.677408,42.544199],[-108.67762,42.544289],[-108.677618,42.544474],[-108.679364,42.546117],[-108.684822,42.549363],[-108.687154,42.551504],[-108.689278,42.554935],[-108.688115,42.555212],[-108.688103,42.555361],[-108.686588,42.55532],[-108.686266,42.554968],[-108.687111,42.553226],[-108.686508,42.551425]]]}},{"type":"Feature","properties":{"id":"excl-a-365","kind":"exclusion","name":"Creek exclusion zone","acres":0.4,"editable":true,"source":"MAP mesic valley bottoms + 10-yr NDVI persistence + IrrMapper + NWI (V3 rule) + collar shape rules (4 Sep 2026)","strm_type":"Ephemeral","veg_pct":95.6,"pts":6,"enforce":"ok"},"geometry":{"type":"Polygon","coordinates":[[[-108.70464,42.535759],[-108.7044,42.535779],[-108.704529,42.535586],[-108.704403,42.535419],[-108.704797,42.535256],[-108.705031,42.535564],[-108.70464,42.535759]]]}},{"type":"Feature","properties":{"id":"excl-a-366","kind":"exclusion","name":"Creek exclusion zone","acres":13.5,"editable":true,"source":"MAP mesic valley bottoms + 10-yr NDVI persistence + IrrMapper + NWI (V3 rule) + collar shape rules (4 Sep 2026)","strm_type":"Intermittent","veg_pct":94.5,"pts":22,"enforce":"ok"},"geometry":{"type":"Polygon","coordinates":[[[-108.69057,42.538296],[-108.694575,42.538164],[-108.69742,42.537498],[-108.701379,42.535936],[-108.703303,42.534457],[-108.703469,42.534535],[-108.703128,42.535202],[-108.703442,42.535559],[-108.704008,42.535583],[-108.704403,42.535419],[-108.704529,42.535586],[-108.7044,42.535779],[-108.701904,42.536046],[-108.70076,42.536872],[-108.698262,42.537794],[-108.691264,42.53861],[-108.691224,42.538715],[-108.691063,42.538757],[-108.690624,42.538529],[-108.690464,42.538497],[-108.690454,42.53844],[-108.69054,42.538402],[-108.69057,42.538296]]]}},{"type":"Feature","properties":{"id":"excl-a-367","kind":"exclusion","name":"Creek exclusion zone","acres":12.9,"editable":true,"source":"MAP mesic valley bottoms + 10-yr NDVI persistence + IrrMapper + NWI (V3 rule) + collar shape rules (4 Sep 2026)","strm_type":"Intermittent","veg_pct":95.1,"pts":20,"enforce":"ok"},"geometry":{"type":"Polygon","coordinates":[[[-108.693999,42.541221],[-108.68937,42.539639],[-108.688215,42.539642],[-108.688146,42.539459],[-108.689633,42.538802],[-108.69003,42.538784],[-108.690412,42.538859],[-108.690973,42.539151],[-108.691043,42.539077],[-108.69108,42.53909],[-108.690974,42.539365],[-108.693221,42.540535],[-108.695797,42.54067],[-108.69617,42.540532],[-108.696275,42.540582],[-108.696271,42.540672],[-108.696642,42.540681],[-108.696861,42.540631],[-108.69691,42.540695],[-108.695851,42.541406],[-108.693999,42.541221]]]}},{"type":"Feature","properties":{"id":"excl-a-368","kind":"exclusion","name":"Creek exclusion zone","acres":1.4,"editable":true,"source":"MAP mesic valley bottoms + 10-yr NDVI persistence + IrrMapper + NWI (V3 rule) + collar shape rules (4 Sep 2026)","strm_type":"Ephemeral","veg_pct":81.7,"pts":11,"enforce":"ok"},"geometry":{"type":"Polygon","coordinates":[[[-108.697596,42.540234],[-108.697469,42.540209],[-108.697434,42.540123],[-108.697228,42.54017],[-108.697216,42.540147],[-108.700333,42.539011],[-108.700426,42.539065],[-108.700393,42.539165],[-108.700462,42.53924],[-108.700414,42.539342],[-108.698089,42.539903],[-108.697596,42.540234]]]}},{"type":"Feature","properties":{"id":"excl-a-369","kind":"exclusion","name":"Creek exclusion zone","acres":0.1,"editable":true,"source":"MAP mesic valley bottoms + 10-yr NDVI persistence + IrrMapper + NWI (V3 rule) + collar shape rules (4 Sep 2026)","strm_type":"Ephemeral","veg_pct":56.0,"pts":7,"enforce":"narrow"},"geometry":{"type":"Polygon","coordinates":[[[-108.70049,42.539244],[-108.700495,42.539109],[-108.700655,42.539045],[-108.700746,42.539065],[-108.700811,42.539115],[-108.700807,42.539247],[-108.700584,42.539301],[-108.70049,42.539244]]]}},{"type":"Feature","properties":{"id":"excl-a-370","kind":"exclusion","name":"Creek exclusion zone","acres":1.4,"editable":true,"source":"MAP mesic valley bottoms + 10-yr NDVI persistence + IrrMapper + NWI (V3 rule) + collar shape rules (4 Sep 2026)","strm_type":"Ephemeral","veg_pct":75.1,"pts":8,"enforce":"ok"},"geometry":{"type":"Polygon","coordinates":[[[-108.702714,42.538597],[-108.702527,42.538833],[-108.701079,42.539182],[-108.700924,42.539081],[-108.700962,42.538934],[-108.700842,42.538917],[-108.700838,42.538871],[-108.702552,42.538449],[-108.702714,42.538597]]]}},{"type":"Feature","properties":{"id":"excl-a-371","kind":"exclusion","name":"Creek exclusion zone","acres":0.2,"editable":true,"source":"MAP mesic valley bottoms + 10-yr NDVI persistence + IrrMapper + NWI (V3 rule) + collar shape rules (4 Sep 2026)","strm_type":"Ephemeral","veg_pct":96.7,"pts":8,"enforce":"ok"},"geometry":{"type":"Polygon","coordinates":[[[-108.696774,42.540435],[-108.696796,42.540503],[-108.696769,42.54057],[-108.696608,42.540634],[-108.696453,42.540563],[-108.696431,42.540495],[-108.696465,42.540423],[-108.696622,42.540365],[-108.696774,42.540435]]]}},{"type":"Feature","properties":{"id":"excl-a-372","kind":"exclusion","name":"Creek exclusion zone","acres":0.2,"editable":true,"source":"MAP mesic valley bottoms + 10-yr NDVI persistence + IrrMapper + NWI (V3 rule) + collar shape rules (4 Sep 2026)","strm_type":"Intermittent","veg_pct":92.1,"pts":8,"enforce":"ok"},"geometry":{"type":"Polygon","coordinates":[[[-108.69051,42.538556],[-108.690601,42.538576],[-108.690666,42.538627],[-108.690661,42.538762],[-108.6905,42.538826],[-108.690409,42.538806],[-108.690344,42.538756],[-108.690349,42.538621],[-108.69051,42.538556]]]}},{"type":"Feature","properties":{"id":"excl-a-373","kind":"exclusion","name":"Creek exclusion zone","acres":0.5,"editable":true,"source":"MAP mesic valley bottoms + 10-yr NDVI persistence + IrrMapper + NWI (V3 rule) + collar shape rules (4 Sep 2026)","strm_type":"Ephemeral","veg_pct":94.4,"pts":6,"enforce":"ok"},"geometry":{"type":"Polygon","coordinates":[[[-108.705624,42.534948],[-108.705373,42.535263],[-108.70542,42.535369],[-108.705031,42.535564],[-108.704797,42.535256],[-108.705587,42.534929],[-108.705624,42.534948]]]}},{"type":"Feature","properties":{"id":"excl-a-374","kind":"exclusion","name":"Creek exclusion zone","acres":0.1,"editable":true,"source":"MAP mesic valley bottoms + 10-yr NDVI persistence + IrrMapper + NWI (V3 rule) + collar shape rules (4 Sep 2026)","strm_type":"Perennial","veg_pct":93.0,"pts":5,"enforce":"narrow"},"geometry":{"type":"Polygon","coordinates":[[[-108.617391,42.521647],[-108.61755,42.521474],[-108.617747,42.521573],[-108.617586,42.521749],[-108.61745,42.52174],[-108.617391,42.521647]]]}},{"type":"Feature","properties":{"id":"excl-a-375","kind":"exclusion","name":"Creek exclusion zone","acres":21.3,"editable":true,"source":"MAP mesic valley bottoms + 10-yr NDVI persistence + IrrMapper + NWI (V3 rule) + collar shape rules (4 Sep 2026)","strm_type":"Perennial","veg_pct":91.2,"pts":21,"enforce":"ok"},"geometry":{"type":"Polygon","coordinates":[[[-108.628913,42.524301],[-108.624384,42.523443],[-108.62061,42.522093],[-108.617729,42.52186],[-108.617673,42.521773],[-108.617845,42.521622],[-108.617944,42.521672],[-108.620852,42.521593],[-108.623588,42.522849],[-108.625664,42.522796],[-108.627663,42.523671],[-108.629282,42.52363],[-108.630278,42.523994],[-108.630988,42.524824],[-108.633528,42.525313],[-108.634906,42.526468],[-108.636479,42.526693],[-108.636651,42.527024],[-108.63636,42.527264],[-108.635764,42.527146],[-108.632591,42.525549],[-108.628913,42.524301]]]}},{"type":"Feature","properties":{"id":"excl-a-376","kind":"exclusion","name":"Creek exclusion zone","acres":22.6,"editable":true,"source":"MAP mesic valley bottoms + 10-yr NDVI persistence + IrrMapper + NWI (V3 rule) + collar shape rules (4 Sep 2026)","strm_type":"Perennial","veg_pct":90.8,"pts":25,"enforce":"ok"},"geometry":{"type":"Polygon","coordinates":[[[-108.639701,42.527876],[-108.645761,42.531038],[-108.647132,42.532518],[-108.649091,42.533261],[-108.650737,42.53499],[-108.652357,42.535549],[-108.652402,42.535725],[-108.65226,42.535837],[-108.650575,42.535296],[-108.649269,42.534637],[-108.648764,42.533536],[-108.646356,42.53251],[-108.645426,42.531366],[-108.642899,42.529777],[-108.639143,42.528416],[-108.637232,42.529623],[-108.63624,42.531394],[-108.636205,42.531384],[-108.636973,42.529642],[-108.638318,42.528474],[-108.638056,42.527597],[-108.636824,42.527355],[-108.636651,42.527024],[-108.63695,42.52676],[-108.639085,42.527065],[-108.639701,42.527876]]]}},{"type":"Feature","properties":{"id":"excl-a-377","kind":"exclusion","name":"Creek exclusion zone","acres":8.8,"editable":true,"source":"MAP mesic valley bottoms + 10-yr NDVI persistence + IrrMapper + NWI (V3 rule) + collar shape rules (4 Sep 2026)","strm_type":"Perennial","veg_pct":91.3,"pts":13,"enforce":"ok"},"geometry":{"type":"Polygon","coordinates":[[[-108.609346,42.519483],[-108.609401,42.519302],[-108.610308,42.519278],[-108.613,42.520515],[-108.615034,42.52077],[-108.616185,42.521319],[-108.617157,42.521277],[-108.61755,42.521474],[-108.617391,42.521647],[-108.617452,42.521745],[-108.617369,42.521831],[-108.616673,42.521775],[-108.613354,42.521035],[-108.609346,42.519483]]]}},{"type":"Feature","properties":{"id":"excl-a-378","kind":"exclusion","name":"Creek exclusion zone","acres":3.8,"editable":true,"source":"MAP mesic valley bottoms + 10-yr NDVI persistence + IrrMapper + NWI (V3 rule) + collar shape rules (4 Sep 2026)","strm_type":"Ephemeral","veg_pct":97.6,"pts":7,"enforce":"ok"},"geometry":{"type":"Polygon","coordinates":[[[-108.702878,42.538748],[-108.702714,42.538597],[-108.702633,42.538523],[-108.702674,42.538418],[-108.706312,42.537521],[-108.707488,42.537519],[-108.707512,42.53763],[-108.702878,42.538748]]]}},{"type":"Feature","properties":{"id":"excl-a-379","kind":"exclusion","name":"Creek exclusion zone","acres":0.2,"editable":true,"source":"MAP mesic valley bottoms + 10-yr NDVI persistence + IrrMapper + NWI (V3 rule) + collar shape rules (4 Sep 2026)","strm_type":"Ephemeral","veg_pct":94.4,"pts":5,"enforce":"narrow"},"geometry":{"type":"Polygon","coordinates":[[[-108.705762,42.535199],[-108.705482,42.535339],[-108.705373,42.535263],[-108.705624,42.534948],[-108.705764,42.535019],[-108.705762,42.535199]]]}},{"type":"Feature","properties":{"id":"excl-a-380","kind":"exclusion","name":"Creek exclusion zone","acres":0.8,"editable":true,"source":"MAP mesic valley bottoms + 10-yr NDVI persistence + IrrMapper + NWI (V3 rule) + collar shape rules (4 Sep 2026)","strm_type":"Ephemeral","veg_pct":97.6,"pts":6,"enforce":"narrow"},"geometry":{"type":"Polygon","coordinates":[[[-108.779897,42.565577],[-108.7799,42.565605],[-108.776853,42.565887],[-108.775902,42.566178],[-108.77589,42.566158],[-108.777256,42.565668],[-108.779897,42.565577]]]}},{"type":"Feature","properties":{"id":"excl-a-381","kind":"exclusion","name":"Creek exclusion zone","acres":0.8,"editable":true,"source":"MAP mesic valley bottoms + 10-yr NDVI persistence + IrrMapper + NWI (V3 rule) + collar shape rules (4 Sep 2026)","strm_type":"Ephemeral","veg_pct":95.3,"pts":5,"enforce":"ok"},"geometry":{"type":"Polygon","coordinates":[[[-108.780405,42.577763],[-108.778502,42.577454],[-108.778396,42.577294],[-108.778478,42.577165],[-108.780422,42.577698],[-108.780405,42.577763]]]}},{"type":"Feature","properties":{"id":"excl-a-382","kind":"exclusion","name":"Creek exclusion zone","acres":0.2,"editable":true,"source":"MAP mesic valley bottoms + 10-yr NDVI persistence + IrrMapper + NWI (V3 rule) + collar shape rules (4 Sep 2026)","strm_type":"Ephemeral","veg_pct":97.6,"pts":5,"enforce":"narrow"},"geometry":{"type":"Polygon","coordinates":[[[-108.780053,42.57924],[-108.779561,42.579277],[-108.779235,42.57919],[-108.779254,42.579126],[-108.780045,42.579178],[-108.780053,42.57924]]]}},{"type":"Feature","properties":{"id":"excl-a-383","kind":"exclusion","name":"Creek exclusion zone","acres":8.2,"editable":true,"source":"MAP mesic valley bottoms + 10-yr NDVI persistence + IrrMapper + NWI (V3 rule) + collar shape rules (4 Sep 2026)","strm_type":"Ephemeral","veg_pct":97.6,"pts":13,"enforce":"ok"},"geometry":{"type":"Polygon","coordinates":[[[-108.780048,42.580293],[-108.778644,42.580607],[-108.77813,42.581496],[-108.778587,42.581983],[-108.780026,42.582223],[-108.78027,42.582604],[-108.780061,42.58291],[-108.780474,42.583376],[-108.780286,42.583548],[-108.778737,42.58311],[-108.77764,42.581378],[-108.777931,42.580235],[-108.780028,42.580197],[-108.780048,42.580293]]]}},{"type":"Feature","properties":{"id":"excl-a-384","kind":"exclusion","name":"Creek exclusion zone","acres":0.2,"editable":true,"source":"MAP mesic valley bottoms + 10-yr NDVI persistence + IrrMapper + NWI (V3 rule) + collar shape rules (4 Sep 2026)","strm_type":"Intermittent","veg_pct":38.2,"pts":5,"enforce":"narrow"},"geometry":{"type":"Polygon","coordinates":[[[-108.635392,42.533416],[-108.635265,42.533318],[-108.635558,42.532794],[-108.635639,42.532813],[-108.63547,42.533381],[-108.635392,42.533416]]]}},{"type":"Feature","properties":{"id":"excl-a-385","kind":"exclusion","name":"Creek exclusion zone","acres":0.2,"editable":true,"source":"MAP mesic valley bottoms + 10-yr NDVI persistence + IrrMapper + NWI (V3 rule) + collar shape rules (4 Sep 2026)","strm_type":"Ephemeral","veg_pct":93.7,"pts":5,"enforce":"narrow"},"geometry":{"type":"Polygon","coordinates":[[[-108.73581,42.551451],[-108.735748,42.551498],[-108.735153,42.551483],[-108.73514,42.551395],[-108.735565,42.551318],[-108.73581,42.551451]]]}},{"type":"Feature","properties":{"id":"excl-a-386","kind":"exclusion","name":"Creek exclusion zone","acres":4.0,"editable":true,"source":"MAP mesic valley bottoms + 10-yr NDVI persistence + IrrMapper + NWI (V3 rule) + collar shape rules (4 Sep 2026)","strm_type":"Ephemeral","veg_pct":93.5,"pts":9,"enforce":"ok"},"geometry":{"type":"Polygon","coordinates":[[[-108.777962,42.56252],[-108.778913,42.562894],[-108.778856,42.563067],[-108.777803,42.563074],[-108.776695,42.562091],[-108.775881,42.562361],[-108.775776,42.56225],[-108.776734,42.561521],[-108.777621,42.561694],[-108.777962,42.56252]]]}},{"type":"Feature","properties":{"id":"excl-a-387","kind":"exclusion","name":"Creek exclusion zone","acres":2.5,"editable":true,"source":"MAP mesic valley bottoms + 10-yr NDVI persistence + IrrMapper + NWI (V3 rule) + collar shape rules (4 Sep 2026)","strm_type":"Intermittent","veg_pct":46.4,"pts":6,"enforce":"ok"},"geometry":{"type":"Polygon","coordinates":[[[-108.60916,42.582935],[-108.608938,42.582827],[-108.609129,42.58238],[-108.611214,42.58117],[-108.611344,42.581255],[-108.610858,42.581845],[-108.60916,42.582935]]]}},{"type":"Feature","properties":{"id":"excl-a-388","kind":"exclusion","name":"Creek exclusion zone","acres":0.4,"editable":true,"source":"MAP mesic valley bottoms + 10-yr NDVI persistence + IrrMapper + NWI (V3 rule) + collar shape rules (4 Sep 2026)","strm_type":"Intermittent","veg_pct":17.4,"pts":7,"enforce":"narrow"},"geometry":{"type":"Polygon","coordinates":[[[-108.606196,42.65923],[-108.60608,42.659129],[-108.606152,42.659032],[-108.606603,42.658998],[-108.607094,42.659419],[-108.607016,42.659482],[-108.606431,42.659172],[-108.606196,42.65923]]]}},{"type":"Feature","properties":{"id":"excl-a-389","kind":"exclusion","name":"Creek exclusion zone","acres":32.2,"editable":true,"source":"MAP mesic valley bottoms + 10-yr NDVI persistence + IrrMapper + NWI (V3 rule) + collar shape rules (4 Sep 2026)","strm_type":"Perennial","veg_pct":97.2,"pts":29,"enforce":"ok"},"geometry":{"type":"Polygon","coordinates":[[[-108.675144,42.579682],[-108.678651,42.578679],[-108.679695,42.57794],[-108.683356,42.577239],[-108.683429,42.57749],[-108.68317,42.577668],[-108.682839,42.577595],[-108.68137,42.577756],[-108.680038,42.578138],[-108.678935,42.578959],[-108.674016,42.580272],[-108.669479,42.583126],[-108.664942,42.583405],[-108.661679,42.582851],[-108.65968,42.583381],[-108.659629,42.583193],[-108.659483,42.583135],[-108.659491,42.583031],[-108.661625,42.582388],[-108.665547,42.583049],[-108.669837,42.582488],[-108.673166,42.580093],[-108.674498,42.57831],[-108.681991,42.573039],[-108.682135,42.57305],[-108.682223,42.57335],[-108.676258,42.57747],[-108.674422,42.579027],[-108.674387,42.579519],[-108.675144,42.579682]]]}},{"type":"Feature","properties":{"id":"excl-a-390","kind":"exclusion","name":"Creek exclusion zone","acres":22.8,"editable":true,"source":"MAP mesic valley bottoms + 10-yr NDVI persistence + IrrMapper + NWI (V3 rule) + collar shape rules (4 Sep 2026)","strm_type":"Perennial","veg_pct":95.1,"pts":26,"enforce":"ok"},"geometry":{"type":"Polygon","coordinates":[[[-108.691953,42.580409],[-108.688391,42.579704],[-108.687185,42.579059],[-108.686722,42.578093],[-108.685687,42.578217],[-108.68334,42.577705],[-108.6833,42.577579],[-108.683429,42.57749],[-108.683356,42.577239],[-108.684423,42.577034],[-108.684246,42.576203],[-108.68466,42.576097],[-108.686972,42.576472],[-108.686987,42.577605],[-108.687747,42.578893],[-108.689425,42.579732],[-108.695778,42.578345],[-108.695792,42.578375],[-108.691787,42.579543],[-108.691667,42.579939],[-108.694034,42.581813],[-108.695553,42.582621],[-108.695543,42.582678],[-108.695465,42.582699],[-108.695309,42.582742],[-108.693946,42.58202],[-108.691953,42.580409]]]}},{"type":"Feature","properties":{"id":"excl-a-391","kind":"exclusion","name":"Creek exclusion zone","acres":11.2,"editable":true,"source":"MAP mesic valley bottoms + 10-yr NDVI persistence + IrrMapper + NWI (V3 rule) + collar shape rules (4 Sep 2026)","strm_type":"Ephemeral","veg_pct":85.2,"pts":18,"enforce":"ok"},"geometry":{"type":"Polygon","coordinates":[[[-108.702137,42.582263],[-108.703006,42.581649],[-108.704525,42.581465],[-108.705977,42.580725],[-108.707427,42.580899],[-108.709569,42.580449],[-108.709999,42.580782],[-108.709849,42.581059],[-108.706111,42.581189],[-108.704766,42.581923],[-108.702911,42.582092],[-108.702167,42.582751],[-108.700276,42.582712],[-108.696908,42.583589],[-108.695431,42.582807],[-108.695465,42.582699],[-108.695621,42.582657],[-108.696879,42.583326],[-108.702137,42.582263]]]}},{"type":"Feature","properties":{"id":"excl-a-392","kind":"exclusion","name":"Creek exclusion zone","acres":17.9,"editable":true,"source":"MAP mesic valley bottoms + 10-yr NDVI persistence + IrrMapper + NWI (V3 rule) + collar shape rules (4 Sep 2026)","strm_type":"Ephemeral","veg_pct":92.9,"pts":22,"enforce":"ok"},"geometry":{"type":"Polygon","coordinates":[[[-108.697043,42.568326],[-108.696907,42.567623],[-108.695438,42.567495],[-108.693316,42.568667],[-108.69147,42.570594],[-108.68675,42.571649],[-108.685021,42.572289],[-108.684679,42.572844],[-108.682279,42.573312],[-108.682207,42.573295],[-108.682095,42.573035],[-108.691086,42.570266],[-108.694027,42.56785],[-108.695694,42.567204],[-108.697256,42.567205],[-108.698063,42.567732],[-108.698936,42.567507],[-108.69942,42.568311],[-108.701608,42.56905],[-108.701944,42.569472],[-108.701561,42.569638],[-108.700978,42.569052],[-108.697043,42.568326]]]}},{"type":"Feature","properties":{"id":"excl-a-393","kind":"exclusion","name":"Creek exclusion zone","acres":3.3,"editable":true,"source":"MAP mesic valley bottoms + 10-yr NDVI persistence + IrrMapper + NWI (V3 rule) + collar shape rules (4 Sep 2026)","strm_type":"Ephemeral","veg_pct":97.2,"pts":10,"enforce":"ok"},"geometry":{"type":"Polygon","coordinates":[[[-108.703298,42.570268],[-108.704981,42.573211],[-108.706838,42.573837],[-108.706823,42.573864],[-108.704772,42.573317],[-108.703154,42.570512],[-108.701895,42.569975],[-108.701561,42.569638],[-108.701944,42.569472],[-108.702279,42.569893],[-108.703298,42.570268]]]}},{"type":"Feature","properties":{"id":"excl-a-394","kind":"exclusion","name":"Creek exclusion zone","acres":0.4,"editable":true,"source":"MAP mesic valley bottoms + 10-yr NDVI persistence + IrrMapper + NWI (V3 rule) + collar shape rules (4 Sep 2026)","strm_type":"Intermittent","veg_pct":95.7,"pts":7,"enforce":"ok"},"geometry":{"type":"Polygon","coordinates":[[[-108.653867,42.574407],[-108.653694,42.574494],[-108.65355,42.574434],[-108.653562,42.574295],[-108.653333,42.574144],[-108.653624,42.573901],[-108.653895,42.574079],[-108.653867,42.574407]]]}},{"type":"Feature","properties":{"id":"excl-a-395","kind":"exclusion","name":"Creek exclusion zone","acres":0.1,"editable":true,"source":"MAP mesic valley bottoms + 10-yr NDVI persistence + IrrMapper + NWI (V3 rule) + collar shape rules (4 Sep 2026)","strm_type":"Intermittent","veg_pct":98.3,"pts":8,"enforce":"narrow"},"geometry":{"type":"Polygon","coordinates":[[[-108.65344,42.574432],[-108.653549,42.574442],[-108.653538,42.574572],[-108.653415,42.574635],[-108.653301,42.574587],[-108.653312,42.574456],[-108.653114,42.574326],[-108.653187,42.574266],[-108.65344,42.574432]]]}},{"type":"Feature","properties":{"id":"excl-a-396","kind":"exclusion","name":"Creek exclusion zone","acres":0.3,"editable":true,"source":"MAP mesic valley bottoms + 10-yr NDVI persistence + IrrMapper + NWI (V3 rule) + collar shape rules (4 Sep 2026)","strm_type":"Perennial","veg_pct":99.5,"pts":7,"enforce":"ok"},"geometry":{"type":"Polygon","coordinates":[[[-108.658861,42.583598],[-108.658524,42.583679],[-108.658412,42.583676],[-108.658364,42.583606],[-108.65844,42.583525],[-108.658355,42.583372],[-108.658683,42.583274],[-108.658861,42.583598]]]}},{"type":"Feature","properties":{"id":"excl-a-397","kind":"exclusion","name":"Creek exclusion zone","acres":2.1,"editable":true,"source":"MAP mesic valley bottoms + 10-yr NDVI persistence + IrrMapper + NWI (V3 rule) + collar shape rules (4 Sep 2026)","strm_type":"Intermittent","veg_pct":93.8,"pts":4,"enforce":"ok"},"geometry":{"type":"Polygon","coordinates":[[[-108.650541,42.582363],[-108.648568,42.582887],[-108.648351,42.582442],[-108.650349,42.581967],[-108.650541,42.582363]]]}},{"type":"Feature","properties":{"id":"excl-a-398","kind":"exclusion","name":"Creek exclusion zone","acres":1.5,"editable":true,"source":"MAP mesic valley bottoms + 10-yr NDVI persistence + IrrMapper + NWI (V3 rule) + collar shape rules (4 Sep 2026)","strm_type":"Intermittent","veg_pct":99.3,"pts":13,"enforce":"ok"},"geometry":{"type":"Polygon","coordinates":[[[-108.652059,42.573783],[-108.652133,42.573863],[-108.652214,42.573845],[-108.652296,42.573888],[-108.652308,42.574384],[-108.65269,42.574386],[-108.652693,42.574471],[-108.653025,42.574831],[-108.652936,42.574876],[-108.652076,42.574947],[-108.651891,42.573726],[-108.652078,42.573662],[-108.652114,42.573691],[-108.652059,42.573783]]]}},{"type":"Feature","properties":{"id":"excl-a-399","kind":"exclusion","name":"Creek exclusion zone","acres":38.4,"editable":true,"source":"MAP mesic valley bottoms + 10-yr NDVI persistence + IrrMapper + NWI (V3 rule) + collar shape rules (4 Sep 2026)","strm_type":"Perennial","veg_pct":97.7,"pts":27,"enforce":"ok"},"geometry":{"type":"MultiPolygon","coordinates":[[[[-108.643823,42.587228],[-108.643823,42.587228],[-108.64248,42.587728],[-108.643823,42.587228]]],[[[-108.643823,42.587228],[-108.643944,42.586791],[-108.643191,42.586134],[-108.645536,42.583622],[-108.647278,42.579137],[-108.651618,42.574121],[-108.651942,42.574174],[-108.652076,42.574947],[-108.651216,42.575018],[-108.647726,42.579602],[-108.646402,42.582551],[-108.646319,42.58263],[-108.646428,42.583416],[-108.64653,42.583409],[-108.646573,42.583464],[-108.643885,42.586324],[-108.645559,42.585788],[-108.645741,42.586056],[-108.646177,42.585894],[-108.646006,42.585644],[-108.653561,42.583222],[-108.655857,42.583038],[-108.657692,42.583528],[-108.657666,42.583688],[-108.652233,42.584098],[-108.644258,42.587066],[-108.643823,42.587228]]]]}},{"type":"Feature","properties":{"id":"excl-a-400","kind":"exclusion","name":"Creek exclusion zone","acres":21.1,"editable":true,"source":"MAP mesic valley bottoms + 10-yr NDVI persistence + IrrMapper + NWI (V3 rule) + collar shape rules (4 Sep 2026)","strm_type":"Perennial","veg_pct":91.5,"pts":18,"enforce":"ok"},"geometry":{"type":"Polygon","coordinates":[[[-108.64248,42.587728],[-108.637379,42.59062],[-108.633596,42.591293],[-108.634032,42.59256],[-108.633861,42.59262],[-108.632621,42.591388],[-108.63015,42.591458],[-108.625882,42.590619],[-108.625917,42.590189],[-108.626022,42.590179],[-108.62611,42.590379],[-108.632322,42.591056],[-108.63729,42.590264],[-108.641603,42.587835],[-108.642914,42.58643],[-108.643506,42.586409],[-108.643944,42.586791],[-108.643823,42.587228],[-108.64248,42.587728]]]}},{"type":"Feature","properties":{"id":"excl-a-401","kind":"exclusion","name":"Creek exclusion zone","acres":2.1,"editable":true,"source":"MAP mesic valley bottoms + 10-yr NDVI persistence + IrrMapper + NWI (V3 rule) + collar shape rules (4 Sep 2026)","strm_type":"Intermittent","veg_pct":95.4,"pts":7,"enforce":"ok"},"geometry":{"type":"Polygon","coordinates":[[[-108.648568,42.582887],[-108.647298,42.583225],[-108.646876,42.583021],[-108.646849,42.582712],[-108.646753,42.582657],[-108.646777,42.58259],[-108.648351,42.582442],[-108.648568,42.582887]]]}},{"type":"Feature","properties":{"id":"excl-a-402","kind":"exclusion","name":"Creek exclusion zone","acres":0.2,"editable":true,"source":"MAP mesic valley bottoms + 10-yr NDVI persistence + IrrMapper + NWI (V3 rule) + collar shape rules (4 Sep 2026)","strm_type":"Intermittent","veg_pct":95.3,"pts":8,"enforce":"ok"},"geometry":{"type":"Polygon","coordinates":[[[-108.646639,42.583061],[-108.646729,42.583081],[-108.646794,42.583132],[-108.646789,42.583267],[-108.646628,42.583331],[-108.646538,42.583311],[-108.646473,42.583261],[-108.646478,42.583126],[-108.646639,42.583061]]]}},{"type":"Feature","properties":{"id":"excl-a-403","kind":"exclusion","name":"Creek exclusion zone","acres":0.1,"editable":true,"source":"MAP mesic valley bottoms + 10-yr NDVI persistence + IrrMapper + NWI (V3 rule) + collar shape rules (4 Sep 2026)","strm_type":"Intermittent","veg_pct":98.3,"pts":6,"enforce":"narrow"},"geometry":{"type":"Polygon","coordinates":[[[-108.652828,42.574476],[-108.653114,42.574786],[-108.653025,42.574831],[-108.652693,42.574471],[-108.652754,42.574386],[-108.652824,42.574386],[-108.652828,42.574476]]]}},{"type":"Feature","properties":{"id":"excl-a-404","kind":"exclusion","name":"Creek exclusion zone","acres":0.3,"editable":true,"source":"MAP mesic valley bottoms + 10-yr NDVI persistence + IrrMapper + NWI (V3 rule) + collar shape rules (4 Sep 2026)","strm_type":"Intermittent","veg_pct":98.3,"pts":7,"enforce":"ok"},"geometry":{"type":"Polygon","coordinates":[[[-108.653114,42.574326],[-108.653312,42.574456],[-108.653292,42.574697],[-108.653114,42.574786],[-108.652828,42.574476],[-108.652893,42.574387],[-108.653041,42.574387],[-108.653114,42.574326]]]}},{"type":"Feature","properties":{"id":"excl-a-405","kind":"exclusion","name":"Creek exclusion zone","acres":5.3,"editable":true,"source":"MAP mesic valley bottoms + 10-yr NDVI persistence + IrrMapper + NWI (V3 rule) + collar shape rules (4 Sep 2026)","strm_type":"Intermittent","veg_pct":99.1,"pts":11,"enforce":"ok"},"geometry":{"type":"Polygon","coordinates":[[[-108.65539,42.568139],[-108.65555,42.568184],[-108.655581,42.5683],[-108.652206,42.570211],[-108.65229,42.57365],[-108.652106,42.573693],[-108.652078,42.573662],[-108.651986,42.57368],[-108.651902,42.573628],[-108.65207,42.572102],[-108.651459,42.570329],[-108.65539,42.568139]]]}},{"type":"Feature","properties":{"id":"excl-a-406","kind":"exclusion","name":"Creek exclusion zone","acres":4.0,"editable":true,"source":"MAP mesic valley bottoms + 10-yr NDVI persistence + IrrMapper + NWI (V3 rule) + collar shape rules (4 Sep 2026)","strm_type":"Intermittent","veg_pct":97.3,"pts":6,"enforce":"ok"},"geometry":{"type":"Polygon","coordinates":[[[-108.653823,42.580848],[-108.654348,42.580977],[-108.654488,42.581313],[-108.650541,42.582363],[-108.650349,42.581967],[-108.65286,42.58137],[-108.653823,42.580848]]]}},{"type":"Feature","properties":{"id":"excl-a-407","kind":"exclusion","name":"Creek exclusion zone","acres":0.7,"editable":true,"source":"MAP mesic valley bottoms + 10-yr NDVI persistence + IrrMapper + NWI (V3 rule) + collar shape rules (4 Sep 2026)","strm_type":"Perennial","veg_pct":99.2,"pts":5,"enforce":"ok"},"geometry":{"type":"Polygon","coordinates":[[[-108.659629,42.583193],[-108.65968,42.583381],[-108.658861,42.583598],[-108.658683,42.583274],[-108.659337,42.583077],[-108.659629,42.583193]]]}},{"type":"Feature","properties":{"id":"excl-a-408","kind":"exclusion","name":"Creek exclusion zone","acres":0.1,"editable":true,"source":"MAP mesic valley bottoms + 10-yr NDVI persistence + IrrMapper + NWI (V3 rule) + collar shape rules (4 Sep 2026)","strm_type":"Intermittent","veg_pct":98.3,"pts":5,"enforce":"narrow"},"geometry":{"type":"Polygon","coordinates":[[[-108.653562,42.574295],[-108.653553,42.574397],[-108.65344,42.574432],[-108.653187,42.574266],[-108.653333,42.574144],[-108.653562,42.574295]]]}},{"type":"Feature","properties":{"id":"excl-a-409","kind":"exclusion","name":"Creek exclusion zone","acres":3.5,"editable":true,"source":"MAP mesic valley bottoms + 10-yr NDVI persistence + IrrMapper + NWI (V3 rule) + collar shape rules (4 Sep 2026)","strm_type":"Intermittent","veg_pct":97.0,"pts":10,"enforce":"ok"},"geometry":{"type":"Polygon","coordinates":[[[-108.653624,42.573901],[-108.654208,42.573415],[-108.656166,42.572943],[-108.656863,42.573015],[-108.656934,42.573278],[-108.656865,42.573299],[-108.656758,42.573181],[-108.656223,42.573221],[-108.653867,42.574407],[-108.653895,42.574079],[-108.653624,42.573901]]]}},{"type":"Feature","properties":{"id":"excl-a-410","kind":"exclusion","name":"Creek exclusion zone","acres":27.7,"editable":true,"source":"MAP mesic valley bottoms + 10-yr NDVI persistence + IrrMapper + NWI (V3 rule) + collar shape rules (4 Sep 2026)","strm_type":"Perennial","veg_pct":88.6,"pts":28,"enforce":"ok"},"geometry":{"type":"Polygon","coordinates":[[[-108.623481,42.588764],[-108.623315,42.587903],[-108.622272,42.587096],[-108.622684,42.585721],[-108.62185,42.585253],[-108.617618,42.586933],[-108.615884,42.588398],[-108.61515,42.588498],[-108.610716,42.587458],[-108.609529,42.587573],[-108.60917,42.586761],[-108.610421,42.586097],[-108.611269,42.586123],[-108.611295,42.586933],[-108.615876,42.58765],[-108.620428,42.585255],[-108.623142,42.584777],[-108.624323,42.584067],[-108.624745,42.584282],[-108.624661,42.584514],[-108.624074,42.584549],[-108.623414,42.58499],[-108.622785,42.586924],[-108.624034,42.588635],[-108.625686,42.589418],[-108.625934,42.589978],[-108.625608,42.590066],[-108.625335,42.589513],[-108.623481,42.588764]]]}},{"type":"Feature","properties":{"id":"excl-a-411","kind":"exclusion","name":"Creek exclusion zone","acres":6.7,"editable":true,"source":"MAP mesic valley bottoms + 10-yr NDVI persistence + IrrMapper + NWI (V3 rule) + collar shape rules (4 Sep 2026)","strm_type":"Intermittent","veg_pct":98.5,"pts":9,"enforce":"ok"},"geometry":{"type":"Polygon","coordinates":[[[-108.665593,42.570631],[-108.66042,42.573497],[-108.65713,42.573593],[-108.656972,42.573418],[-108.656917,42.573216],[-108.657138,42.573044],[-108.660185,42.573361],[-108.665346,42.570344],[-108.665581,42.570423],[-108.665593,42.570631]]]}},{"type":"Feature","properties":{"id":"excl-a-412","kind":"exclusion","name":"Creek exclusion zone","acres":11.8,"editable":true,"source":"MAP mesic valley bottoms + 10-yr NDVI persistence + IrrMapper + NWI (V3 rule) + collar shape rules (4 Sep 2026)","strm_type":"Intermittent","veg_pct":80.8,"pts":16,"enforce":"ok"},"geometry":{"type":"Polygon","coordinates":[[[-108.655775,42.567925],[-108.657454,42.566],[-108.662256,42.562507],[-108.663849,42.560751],[-108.664316,42.559427],[-108.668833,42.557855],[-108.669012,42.558315],[-108.664761,42.559637],[-108.664021,42.561095],[-108.662368,42.56275],[-108.65756,42.566178],[-108.655868,42.568138],[-108.655708,42.568228],[-108.65555,42.568184],[-108.65539,42.568139],[-108.655518,42.568068],[-108.655775,42.567925]]]}},{"type":"Feature","properties":{"id":"excl-a-413","kind":"exclusion","name":"Creek exclusion zone","acres":11.3,"editable":true,"source":"MAP mesic valley bottoms + 10-yr NDVI persistence + IrrMapper + NWI (V3 rule) + collar shape rules (4 Sep 2026)","strm_type":"Intermittent","veg_pct":90.1,"pts":11,"enforce":"ok"},"geometry":{"type":"Polygon","coordinates":[[[-108.661153,42.576751],[-108.663926,42.575355],[-108.667726,42.574243],[-108.66814,42.574296],[-108.66816,42.574454],[-108.663844,42.575613],[-108.657547,42.579698],[-108.655433,42.580423],[-108.655288,42.580302],[-108.65533,42.580097],[-108.659074,42.578404],[-108.661153,42.576751]]]}},{"type":"Feature","properties":{"id":"excl-a-414","kind":"exclusion","name":"Creek exclusion zone","acres":14.1,"editable":true,"source":"MAP mesic valley bottoms + 10-yr NDVI persistence + IrrMapper + NWI (V3 rule) + collar shape rules (4 Sep 2026)","strm_type":"Intermittent","veg_pct":87.2,"pts":15,"enforce":"ok"},"geometry":{"type":"Polygon","coordinates":[[[-108.648544,42.549608],[-108.650787,42.548685],[-108.65216,42.548655],[-108.653841,42.54684],[-108.654299,42.547009],[-108.652723,42.548968],[-108.650756,42.549046],[-108.649302,42.549975],[-108.642106,42.550169],[-108.64169,42.550031],[-108.641649,42.54992],[-108.641719,42.549846],[-108.64046,42.549181],[-108.640533,42.549068],[-108.644398,42.549866],[-108.648544,42.549608]]]}},{"type":"Feature","properties":{"id":"excl-a-415","kind":"exclusion","name":"Creek exclusion zone","acres":22.7,"editable":true,"source":"MAP mesic valley bottoms + 10-yr NDVI persistence + IrrMapper + NWI (V3 rule) + collar shape rules (4 Sep 2026)","strm_type":"Perennial","veg_pct":83.5,"pts":21,"enforce":"ok"},"geometry":{"type":"Polygon","coordinates":[[[-108.635336,42.54702],[-108.630936,42.545997],[-108.627982,42.545756],[-108.624405,42.547293],[-108.619685,42.548588],[-108.617648,42.550715],[-108.616437,42.551371],[-108.611042,42.551289],[-108.611026,42.55119],[-108.611854,42.551027],[-108.61611,42.551184],[-108.619496,42.548314],[-108.628558,42.545449],[-108.635235,42.546559],[-108.637343,42.547636],[-108.63734,42.547735],[-108.637237,42.547783],[-108.63733,42.547893],[-108.640014,42.549387],[-108.639959,42.549456],[-108.639307,42.54924],[-108.635336,42.54702]]]}},{"type":"Feature","properties":{"id":"excl-a-416","kind":"exclusion","name":"Creek exclusion zone","acres":0.1,"editable":true,"source":"MAP mesic valley bottoms + 10-yr NDVI persistence + IrrMapper + NWI (V3 rule) + collar shape rules (4 Sep 2026)","strm_type":"Perennial","veg_pct":68.6,"pts":7,"enforce":"ok"},"geometry":{"type":"Polygon","coordinates":[[[-108.640461,42.549266],[-108.640456,42.549401],[-108.640387,42.549449],[-108.640295,42.549465],[-108.640139,42.549394],[-108.640145,42.54926],[-108.640305,42.549195],[-108.640461,42.549266]]]}},{"type":"Feature","properties":{"id":"excl-a-417","kind":"exclusion","name":"Creek exclusion zone","acres":1.3,"editable":true,"source":"MAP mesic valley bottoms + 10-yr NDVI persistence + IrrMapper + NWI (V3 rule) + collar shape rules (4 Sep 2026)","strm_type":"Intermittent","veg_pct":13.0,"pts":6,"enforce":"ok"},"geometry":{"type":"Polygon","coordinates":[[[-108.602608,42.765427],[-108.602802,42.765322],[-108.603276,42.765613],[-108.603689,42.766298],[-108.60348,42.766459],[-108.603112,42.766355],[-108.602608,42.765427]]]}},{"type":"Feature","properties":{"id":"excl-a-418","kind":"exclusion","name":"Creek exclusion zone","acres":0.8,"editable":true,"source":"MAP mesic valley bottoms + 10-yr NDVI persistence + IrrMapper + NWI (V3 rule) + collar shape rules (4 Sep 2026)","strm_type":"Intermittent","veg_pct":27.8,"pts":6,"enforce":"ok"},"geometry":{"type":"Polygon","coordinates":[[[-108.60413,42.749352],[-108.604148,42.749246],[-108.605043,42.749227],[-108.60572,42.749445],[-108.605691,42.749574],[-108.60533,42.749597],[-108.60413,42.749352]]]}},{"type":"Feature","properties":{"id":"excl-a-419","kind":"exclusion","name":"Creek exclusion zone","acres":1.1,"editable":true,"source":"MAP mesic valley bottoms + 10-yr NDVI persistence + IrrMapper + NWI (V3 rule) + collar shape rules (4 Sep 2026)","strm_type":"Intermittent","veg_pct":28.3,"pts":5,"enforce":"ok"},"geometry":{"type":"Polygon","coordinates":[[[-108.6076,42.65792],[-108.6075,42.657849],[-108.608924,42.656388],[-108.609011,42.656425],[-108.608386,42.657468],[-108.6076,42.65792]]]}},{"type":"Feature","properties":{"id":"excl-a-420","kind":"exclusion","name":"Creek exclusion zone","acres":5.0,"editable":true,"source":"MAP mesic valley bottoms + 10-yr NDVI persistence + IrrMapper + NWI (V3 rule) + collar shape rules (4 Sep 2026)","strm_type":"Intermittent","veg_pct":18.6,"pts":8,"enforce":"ok"},"geometry":{"type":"Polygon","coordinates":[[[-108.607717,42.676721],[-108.607532,42.676613],[-108.607917,42.675995],[-108.609779,42.67525],[-108.612159,42.672913],[-108.612446,42.672982],[-108.612533,42.67322],[-108.609687,42.675614],[-108.607717,42.676721]]]}},{"type":"Feature","properties":{"id":"excl-a-421","kind":"exclusion","name":"Creek exclusion zone","acres":1.2,"editable":true,"source":"MAP mesic valley bottoms + 10-yr NDVI persistence + IrrMapper + NWI (V3 rule) + collar shape rules (4 Sep 2026)","strm_type":"Intermittent","veg_pct":17.4,"pts":6,"enforce":"ok"},"geometry":{"type":"Polygon","coordinates":[[[-108.605944,42.734416],[-108.60577,42.734313],[-108.606067,42.733858],[-108.606984,42.733438],[-108.607167,42.73354],[-108.607082,42.733765],[-108.605944,42.734416]]]}},{"type":"Feature","properties":{"id":"excl-a-422","kind":"exclusion","name":"Creek exclusion zone","acres":0.2,"editable":true,"source":"MAP mesic valley bottoms + 10-yr NDVI persistence + IrrMapper + NWI (V3 rule) + collar shape rules (4 Sep 2026)","strm_type":"Intermittent","veg_pct":18.1,"pts":5,"enforce":"ok"},"geometry":{"type":"Polygon","coordinates":[[[-108.608851,42.661892],[-108.608805,42.661755],[-108.609108,42.661602],[-108.609252,42.661689],[-108.609125,42.661913],[-108.608851,42.661892]]]}},{"type":"Feature","properties":{"id":"excl-a-423","kind":"exclusion","name":"Creek exclusion zone","acres":2.0,"editable":true,"source":"MAP mesic valley bottoms + 10-yr NDVI persistence + IrrMapper + NWI (V3 rule) + collar shape rules (4 Sep 2026)","strm_type":"Intermittent","veg_pct":33.5,"pts":7,"enforce":"ok"},"geometry":{"type":"Polygon","coordinates":[[[-108.60658,42.740934],[-108.606474,42.740855],[-108.607075,42.740255],[-108.608749,42.739786],[-108.609476,42.740052],[-108.609426,42.740209],[-108.607957,42.740201],[-108.60658,42.740934]]]}},{"type":"Feature","properties":{"id":"excl-a-424","kind":"exclusion","name":"Creek exclusion zone","acres":1.4,"editable":true,"source":"MAP mesic valley bottoms + 10-yr NDVI persistence + IrrMapper + NWI (V3 rule) + collar shape rules (4 Sep 2026)","strm_type":"Intermittent","veg_pct":11.0,"pts":6,"enforce":"ok"},"geometry":{"type":"Polygon","coordinates":[[[-108.60559,42.76786],[-108.605706,42.767621],[-108.60689,42.767471],[-108.607118,42.767659],[-108.60701,42.767892],[-108.60582,42.768055],[-108.60559,42.76786]]]}},{"type":"Feature","properties":{"id":"excl-a-425","kind":"exclusion","name":"Creek exclusion zone","acres":0.4,"editable":true,"source":"MAP mesic valley bottoms + 10-yr NDVI persistence + IrrMapper + NWI (V3 rule) + collar shape rules (4 Sep 2026)","strm_type":"Intermittent","veg_pct":17.6,"pts":6,"enforce":"ok"},"geometry":{"type":"Polygon","coordinates":[[[-108.606586,42.75103],[-108.606454,42.750993],[-108.606438,42.750362],[-108.606637,42.750329],[-108.606807,42.750445],[-108.606715,42.750928],[-108.606586,42.75103]]]}},{"type":"Feature","properties":{"id":"excl-a-426","kind":"exclusion","name":"Creek exclusion zone","acres":5.4,"editable":true,"source":"MAP mesic valley bottoms + 10-yr NDVI persistence + IrrMapper + NWI (V3 rule) + collar shape rules (4 Sep 2026)","strm_type":"Intermittent","veg_pct":50.1,"pts":8,"enforce":"ok"},"geometry":{"type":"Polygon","coordinates":[[[-108.613099,42.641737],[-108.611313,42.642116],[-108.611283,42.64206],[-108.613027,42.64144],[-108.614688,42.639796],[-108.619344,42.637711],[-108.619369,42.637739],[-108.615034,42.6401],[-108.613099,42.641737]]]}},{"type":"Feature","properties":{"id":"excl-a-427","kind":"exclusion","name":"Creek exclusion zone","acres":5.7,"editable":true,"source":"MAP mesic valley bottoms + 10-yr NDVI persistence + IrrMapper + NWI (V3 rule) + collar shape rules (4 Sep 2026)","strm_type":"Intermittent","veg_pct":49.9,"pts":12,"enforce":"ok"},"geometry":{"type":"Polygon","coordinates":[[[-108.612469,42.752115],[-108.611007,42.752435],[-108.609205,42.753485],[-108.608104,42.753392],[-108.607698,42.752895],[-108.607854,42.752785],[-108.608933,42.75331],[-108.610519,42.752376],[-108.612547,42.751914],[-108.614021,42.751849],[-108.615434,42.752456],[-108.615209,42.752721],[-108.612469,42.752115]]]}},{"type":"Feature","properties":{"id":"excl-a-428","kind":"exclusion","name":"Creek exclusion zone","acres":3.6,"editable":true,"source":"MAP mesic valley bottoms + 10-yr NDVI persistence + IrrMapper + NWI (V3 rule) + collar shape rules (4 Sep 2026)","strm_type":"Intermittent","veg_pct":17.1,"pts":9,"enforce":"ok"},"geometry":{"type":"Polygon","coordinates":[[[-108.611122,42.767891],[-108.610697,42.767936],[-108.610648,42.767828],[-108.611077,42.767653],[-108.61225,42.768011],[-108.613758,42.767474],[-108.615108,42.767564],[-108.615132,42.767712],[-108.612544,42.768359],[-108.611122,42.767891]]]}},{"type":"Feature","properties":{"id":"excl-a-429","kind":"exclusion","name":"Creek exclusion zone","acres":0.1,"editable":true,"source":"MAP mesic valley bottoms + 10-yr NDVI persistence + IrrMapper + NWI (V3 rule) + collar shape rules (4 Sep 2026)","strm_type":"Intermittent","veg_pct":10.4,"pts":5,"enforce":"narrow"},"geometry":{"type":"Polygon","coordinates":[[[-108.608472,42.768388],[-108.608495,42.768297],[-108.608943,42.768251],[-108.608979,42.768336],[-108.608647,42.768459],[-108.608472,42.768388]]]}},{"type":"Feature","properties":{"id":"excl-a-430","kind":"exclusion","name":"Creek exclusion zone","acres":0.3,"editable":true,"source":"MAP mesic valley bottoms + 10-yr NDVI persistence + IrrMapper + NWI (V3 rule) + collar shape rules (4 Sep 2026)","strm_type":"Intermittent","veg_pct":14.3,"pts":5,"enforce":"narrow"},"geometry":{"type":"Polygon","coordinates":[[[-108.609215,42.745463],[-108.609768,42.745343],[-108.609887,42.745441],[-108.60983,42.745554],[-108.609268,42.745604],[-108.609215,42.745463]]]}},{"type":"Feature","properties":{"id":"excl-a-431","kind":"exclusion","name":"Creek exclusion zone","acres":17.5,"editable":true,"source":"MAP mesic valley bottoms + 10-yr NDVI persistence + IrrMapper + NWI (V3 rule) + collar shape rules (4 Sep 2026)","strm_type":"Perennial","veg_pct":91.9,"pts":30,"enforce":"ok"},"geometry":{"type":"Polygon","coordinates":[[[-108.624047,42.619],[-108.624135,42.618977],[-108.624201,42.61901],[-108.624643,42.618767],[-108.624572,42.618665],[-108.625282,42.618502],[-108.625368,42.618367],[-108.625629,42.618223],[-108.62577,42.618303],[-108.625417,42.618959],[-108.624042,42.620039],[-108.623978,42.622108],[-108.627431,42.626976],[-108.629309,42.628259],[-108.630104,42.629414],[-108.631492,42.630177],[-108.631524,42.631863],[-108.631419,42.631873],[-108.630954,42.630423],[-108.629958,42.630066],[-108.628594,42.628067],[-108.626341,42.626454],[-108.623184,42.621232],[-108.623252,42.621128],[-108.623371,42.621107],[-108.623271,42.620812],[-108.623266,42.620506],[-108.623146,42.620491],[-108.62314,42.620445],[-108.623544,42.620332],[-108.624047,42.619]]]}},{"type":"Feature","properties":{"id":"excl-a-432","kind":"exclusion","name":"Creek exclusion zone","acres":0.9,"editable":true,"source":"MAP mesic valley bottoms + 10-yr NDVI persistence + IrrMapper + NWI (V3 rule) + collar shape rules (4 Sep 2026)","strm_type":"Intermittent","veg_pct":71.3,"pts":9,"enforce":"ok"},"geometry":{"type":"Polygon","coordinates":[[[-108.622075,42.620183],[-108.622369,42.620021],[-108.622872,42.620427],[-108.622851,42.620455],[-108.622785,42.620447],[-108.622768,42.620523],[-108.622794,42.620743],[-108.622587,42.620824],[-108.622067,42.620515],[-108.622075,42.620183]]]}},{"type":"Feature","properties":{"id":"excl-a-433","kind":"exclusion","name":"Creek exclusion zone","acres":0.1,"editable":true,"source":"MAP mesic valley bottoms + 10-yr NDVI persistence + IrrMapper + NWI (V3 rule) + collar shape rules (4 Sep 2026)","strm_type":"Intermittent","veg_pct":66.0,"pts":8,"enforce":"ok"},"geometry":{"type":"Polygon","coordinates":[[[-108.622919,42.620902],[-108.622987,42.620854],[-108.623079,42.620838],[-108.623235,42.620909],[-108.62323,42.621044],[-108.623161,42.621092],[-108.62306,42.621106],[-108.622906,42.621014],[-108.622919,42.620902]]]}},{"type":"Feature","properties":{"id":"excl-a-434","kind":"exclusion","name":"Creek exclusion zone","acres":9.7,"editable":true,"source":"MAP mesic valley bottoms + 10-yr NDVI persistence + IrrMapper + NWI (V3 rule) + collar shape rules (4 Sep 2026)","strm_type":"Perennial","veg_pct":87.8,"pts":17,"enforce":"ok"},"geometry":{"type":"Polygon","coordinates":[[[-108.625505,42.618149],[-108.625775,42.617723],[-108.623796,42.615064],[-108.620503,42.613176],[-108.620759,42.61271],[-108.621036,42.61273],[-108.621133,42.613093],[-108.622457,42.613412],[-108.623185,42.61404],[-108.624677,42.616127],[-108.625589,42.616107],[-108.626437,42.616568],[-108.626782,42.617351],[-108.626522,42.617609],[-108.626145,42.617603],[-108.62577,42.618303],[-108.625629,42.618223],[-108.625505,42.618149]]]}},{"type":"Feature","properties":{"id":"excl-a-435","kind":"exclusion","name":"Creek exclusion zone","acres":0.2,"editable":true,"source":"MAP mesic valley bottoms + 10-yr NDVI persistence + IrrMapper + NWI (V3 rule) + collar shape rules (4 Sep 2026)","strm_type":"Perennial","veg_pct":99.3,"pts":5,"enforce":"narrow"},"geometry":{"type":"Polygon","coordinates":[[[-108.624572,42.618665],[-108.624643,42.618767],[-108.624201,42.61901],[-108.624068,42.618943],[-108.624135,42.618765],[-108.624572,42.618665]]]}},{"type":"Feature","properties":{"id":"excl-a-436","kind":"exclusion","name":"Creek exclusion zone","acres":15.1,"editable":true,"source":"MAP mesic valley bottoms + 10-yr NDVI persistence + IrrMapper + NWI (V3 rule) + collar shape rules (4 Sep 2026)","strm_type":"Intermittent","veg_pct":64.5,"pts":22,"enforce":"ok"},"geometry":{"type":"Polygon","coordinates":[[[-108.61505,42.614699],[-108.616045,42.612529],[-108.615698,42.610813],[-108.616631,42.608448],[-108.615736,42.607246],[-108.615306,42.60704],[-108.615327,42.607015],[-108.616245,42.60738],[-108.616987,42.60886],[-108.616016,42.611068],[-108.616703,42.612208],[-108.615473,42.614453],[-108.615695,42.615807],[-108.616196,42.616243],[-108.618192,42.616648],[-108.622369,42.620021],[-108.622075,42.620183],[-108.62207,42.620379],[-108.621924,42.62043],[-108.621781,42.620345],[-108.619372,42.617836],[-108.615495,42.616123],[-108.61505,42.614699]]]}},{"type":"Feature","properties":{"id":"excl-a-437","kind":"exclusion","name":"Creek exclusion zone","acres":12.7,"editable":true,"source":"MAP mesic valley bottoms + 10-yr NDVI persistence + IrrMapper + NWI (V3 rule) + collar shape rules (4 Sep 2026)","strm_type":"Perennial","veg_pct":93.6,"pts":27,"enforce":"ok"},"geometry":{"type":"Polygon","coordinates":[[[-108.623264,42.603454],[-108.621748,42.606246],[-108.619435,42.608008],[-108.619112,42.609755],[-108.62022,42.611541],[-108.620886,42.61143],[-108.621417,42.610778],[-108.621535,42.610816],[-108.62105,42.612077],[-108.620764,42.612097],[-108.620586,42.611833],[-108.620177,42.612007],[-108.619616,42.61185],[-108.618761,42.609982],[-108.619185,42.607824],[-108.62136,42.606255],[-108.621819,42.605052],[-108.62273,42.604218],[-108.623667,42.601463],[-108.62376,42.601453],[-108.623823,42.60153],[-108.62391,42.601513],[-108.624077,42.601563],[-108.62414,42.601715],[-108.624255,42.601686],[-108.624346,42.601745],[-108.624043,42.602814],[-108.623264,42.603454]]]}},{"type":"Feature","properties":{"id":"excl-a-438","kind":"exclusion","name":"Creek exclusion zone","acres":1.2,"editable":true,"source":"MAP mesic valley bottoms + 10-yr NDVI persistence + IrrMapper + NWI (V3 rule) + collar shape rules (4 Sep 2026)","strm_type":"Perennial","veg_pct":89.8,"pts":7,"enforce":"ok"},"geometry":{"type":"Polygon","coordinates":[[[-108.624334,42.59999],[-108.62449,42.601236],[-108.624475,42.601287],[-108.624404,42.601307],[-108.624218,42.601204],[-108.62377,42.60116],[-108.624171,42.59998],[-108.624334,42.59999]]]}},{"type":"Feature","properties":{"id":"excl-a-439","kind":"exclusion","name":"Creek exclusion zone","acres":0.2,"editable":true,"source":"MAP mesic valley bottoms + 10-yr NDVI persistence + IrrMapper + NWI (V3 rule) + collar shape rules (4 Sep 2026)","strm_type":"Perennial","veg_pct":88.3,"pts":8,"enforce":"ok"},"geometry":{"type":"Polygon","coordinates":[[[-108.62415,42.601248],[-108.624241,42.601268],[-108.624306,42.601319],[-108.624301,42.601454],[-108.62414,42.601518],[-108.624049,42.601498],[-108.623984,42.601447],[-108.623989,42.601312],[-108.62415,42.601248]]]}},{"type":"Feature","properties":{"id":"excl-a-440","kind":"exclusion","name":"Creek exclusion zone","acres":2.7,"editable":true,"source":"MAP mesic valley bottoms + 10-yr NDVI persistence + IrrMapper + NWI (V3 rule) + collar shape rules (4 Sep 2026)","strm_type":"Intermittent","veg_pct":53.8,"pts":6,"enforce":"ok"},"geometry":{"type":"Polygon","coordinates":[[[-108.629658,42.615342],[-108.62971,42.615421],[-108.627903,42.618227],[-108.627631,42.618195],[-108.627559,42.617785],[-108.629566,42.615327],[-108.629658,42.615342]]]}},{"type":"Feature","properties":{"id":"excl-a-441","kind":"exclusion","name":"Creek exclusion zone","acres":2.2,"editable":true,"source":"MAP mesic valley bottoms + 10-yr NDVI persistence + IrrMapper + NWI (V3 rule) + collar shape rules (4 Sep 2026)","strm_type":"Other","veg_pct":13.4,"pts":7,"enforce":"ok"},"geometry":{"type":"Polygon","coordinates":[[[-108.612236,42.690807],[-108.61226,42.690436],[-108.612578,42.69031],[-108.613006,42.690457],[-108.613086,42.690742],[-108.61419,42.691319],[-108.613841,42.691604],[-108.612236,42.690807]]]}},{"type":"Feature","properties":{"id":"excl-a-442","kind":"exclusion","name":"Creek exclusion zone","acres":0.1,"editable":true,"source":"MAP mesic valley bottoms + 10-yr NDVI persistence + IrrMapper + NWI (V3 rule) + collar shape rules (4 Sep 2026)","strm_type":"Intermittent","veg_pct":24.1,"pts":5,"enforce":"narrow"},"geometry":{"type":"Polygon","coordinates":[[[-108.611553,42.740502],[-108.611091,42.740483],[-108.61102,42.74041],[-108.611043,42.740342],[-108.611566,42.740437],[-108.611553,42.740502]]]}},{"type":"Feature","properties":{"id":"excl-a-443","kind":"exclusion","name":"Creek exclusion zone","acres":0.2,"editable":true,"source":"MAP mesic valley bottoms + 10-yr NDVI persistence + IrrMapper + NWI (V3 rule) + collar shape rules (4 Sep 2026)","strm_type":"Intermittent","veg_pct":28.1,"pts":5,"enforce":"narrow"},"geometry":{"type":"Polygon","coordinates":[[[-108.616306,42.665643],[-108.615907,42.665761],[-108.615798,42.665675],[-108.615894,42.665528],[-108.616278,42.665533],[-108.616306,42.665643]]]}},{"type":"Feature","properties":{"id":"excl-a-444","kind":"exclusion","name":"Creek exclusion zone","acres":0.2,"editable":true,"source":"MAP mesic valley bottoms + 10-yr NDVI persistence + IrrMapper + NWI (V3 rule) + collar shape rules (4 Sep 2026)","strm_type":"Intermittent","veg_pct":18.1,"pts":5,"enforce":"narrow"},"geometry":{"type":"Polygon","coordinates":[[[-108.615102,42.667274],[-108.614996,42.667231],[-108.615071,42.666855],[-108.615185,42.666857],[-108.615234,42.66719],[-108.615102,42.667274]]]}},{"type":"Feature","properties":{"id":"excl-a-445","kind":"exclusion","name":"Creek exclusion zone","acres":0.6,"editable":true,"source":"MAP mesic valley bottoms + 10-yr NDVI persistence + IrrMapper + NWI (V3 rule) + collar shape rules (4 Sep 2026)","strm_type":"Intermittent","veg_pct":21.2,"pts":6,"enforce":"ok"},"geometry":{"type":"Polygon","coordinates":[[[-108.61598,42.716309],[-108.616006,42.715643],[-108.616123,42.715596],[-108.616237,42.715646],[-108.61642,42.716333],[-108.616196,42.716413],[-108.61598,42.716309]]]}},{"type":"Feature","properties":{"id":"excl-a-446","kind":"exclusion","name":"Creek exclusion zone","acres":1.1,"editable":true,"source":"MAP mesic valley bottoms + 10-yr NDVI persistence + IrrMapper + NWI (V3 rule) + collar shape rules (4 Sep 2026)","strm_type":"Intermittent","veg_pct":17.9,"pts":8,"enforce":"ok"},"geometry":{"type":"Polygon","coordinates":[[[-108.616829,42.723847],[-108.616989,42.723641],[-108.61657,42.722838],[-108.616723,42.722769],[-108.617267,42.72321],[-108.617402,42.723803],[-108.617069,42.724074],[-108.61699,42.72407],[-108.616829,42.723847]]]}},{"type":"Feature","properties":{"id":"excl-a-447","kind":"exclusion","name":"Creek exclusion zone","acres":4.2,"editable":true,"source":"MAP mesic valley bottoms + 10-yr NDVI persistence + IrrMapper + NWI (V3 rule) + collar shape rules (4 Sep 2026)","strm_type":"Intermittent","veg_pct":78.2,"pts":8,"enforce":"ok"},"geometry":{"type":"Polygon","coordinates":[[[-108.623028,42.606924],[-108.62195,42.608966],[-108.62191,42.608956],[-108.622835,42.606638],[-108.626065,42.604053],[-108.627973,42.603132],[-108.628011,42.60317],[-108.625439,42.604798],[-108.623028,42.606924]]]}},{"type":"Feature","properties":{"id":"excl-a-448","kind":"exclusion","name":"Creek exclusion zone","acres":4.0,"editable":true,"source":"MAP mesic valley bottoms + 10-yr NDVI persistence + IrrMapper + NWI (V3 rule) + collar shape rules (4 Sep 2026)","strm_type":"Intermittent","veg_pct":98.3,"pts":6,"enforce":"ok"},"geometry":{"type":"Polygon","coordinates":[[[-108.624579,42.560568],[-108.624569,42.560388],[-108.625124,42.560264],[-108.629814,42.561106],[-108.629839,42.561264],[-108.629564,42.561367],[-108.624579,42.560568]]]}},{"type":"Feature","properties":{"id":"excl-a-449","kind":"exclusion","name":"Creek exclusion zone","acres":1.0,"editable":true,"source":"MAP mesic valley bottoms + 10-yr NDVI persistence + IrrMapper + NWI (V3 rule) + collar shape rules (4 Sep 2026)","strm_type":"Intermittent","veg_pct":17.1,"pts":7,"enforce":"ok"},"geometry":{"type":"Polygon","coordinates":[[[-108.620263,42.670719],[-108.620141,42.670407],[-108.620318,42.670299],[-108.620574,42.670394],[-108.621567,42.670013],[-108.621659,42.670104],[-108.620974,42.67062],[-108.620263,42.670719]]]}},{"type":"Feature","properties":{"id":"excl-a-450","kind":"exclusion","name":"Creek exclusion zone","acres":6.7,"editable":true,"source":"MAP mesic valley bottoms + 10-yr NDVI persistence + IrrMapper + NWI (V3 rule) + collar shape rules (4 Sep 2026)","strm_type":"Intermittent","veg_pct":17.2,"pts":6,"enforce":"ok"},"geometry":{"type":"Polygon","coordinates":[[[-108.616736,42.767655],[-108.616656,42.767439],[-108.61688,42.767231],[-108.618843,42.767288],[-108.620778,42.768442],[-108.620303,42.76882],[-108.616736,42.767655]]]}},{"type":"Feature","properties":{"id":"excl-a-451","kind":"exclusion","name":"Creek exclusion zone","acres":4.8,"editable":true,"source":"MAP mesic valley bottoms + 10-yr NDVI persistence + IrrMapper + NWI (V3 rule) + collar shape rules (4 Sep 2026)","strm_type":"Intermittent","veg_pct":22.1,"pts":8,"enforce":"ok"},"geometry":{"type":"Polygon","coordinates":[[[-108.621753,42.705365],[-108.621852,42.70521],[-108.622081,42.705197],[-108.622809,42.705992],[-108.624581,42.706138],[-108.62496,42.706909],[-108.624663,42.707133],[-108.623005,42.706726],[-108.621753,42.705365]]]}},{"type":"Feature","properties":{"id":"excl-a-452","kind":"exclusion","name":"Creek exclusion zone","acres":5.4,"editable":true,"source":"MAP mesic valley bottoms + 10-yr NDVI persistence + IrrMapper + NWI (V3 rule) + collar shape rules (4 Sep 2026)","strm_type":"Intermittent","veg_pct":18.8,"pts":9,"enforce":"ok"},"geometry":{"type":"Polygon","coordinates":[[[-108.621177,42.703268],[-108.62005,42.702104],[-108.619385,42.698314],[-108.619427,42.698309],[-108.620495,42.701912],[-108.621712,42.703035],[-108.621702,42.704359],[-108.621499,42.704471],[-108.621297,42.704428],[-108.621177,42.703268]]]}},{"type":"Feature","properties":{"id":"excl-a-453","kind":"exclusion","name":"Creek exclusion zone","acres":4.4,"editable":true,"source":"MAP mesic valley bottoms + 10-yr NDVI persistence + IrrMapper + NWI (V3 rule) + collar shape rules (4 Sep 2026)","strm_type":"Intermittent","veg_pct":25.2,"pts":8,"enforce":"ok"},"geometry":{"type":"Polygon","coordinates":[[[-108.621246,42.726907],[-108.619025,42.725383],[-108.61909,42.725319],[-108.620245,42.725813],[-108.622999,42.72784],[-108.623149,42.728278],[-108.622866,42.728423],[-108.621911,42.727941],[-108.621246,42.726907]]]}},{"type":"Feature","properties":{"id":"excl-a-454","kind":"exclusion","name":"Creek exclusion zone","acres":4.4,"editable":true,"source":"MAP mesic valley bottoms + 10-yr NDVI persistence + IrrMapper + NWI (V3 rule) + collar shape rules (4 Sep 2026)","strm_type":"Perennial","veg_pct":45.2,"pts":7,"enforce":"ok"},"geometry":{"type":"Polygon","coordinates":[[[-108.624677,42.598285],[-108.624514,42.598269],[-108.624481,42.597629],[-108.625887,42.596553],[-108.627834,42.59609],[-108.628092,42.596341],[-108.624922,42.597702],[-108.624677,42.598285]]]}},{"type":"Feature","properties":{"id":"excl-a-455","kind":"exclusion","name":"Creek exclusion zone","acres":0.5,"editable":true,"source":"MAP mesic valley bottoms + 10-yr NDVI persistence + IrrMapper + NWI (V3 rule) + collar shape rules (4 Sep 2026)","strm_type":"Intermittent","veg_pct":82.3,"pts":6,"enforce":"narrow"},"geometry":{"type":"Polygon","coordinates":[[[-108.623488,42.639893],[-108.62345,42.639848],[-108.624407,42.639327],[-108.625142,42.63925],[-108.625154,42.63929],[-108.62483,42.639366],[-108.623488,42.639893]]]}},{"type":"Feature","properties":{"id":"excl-a-456","kind":"exclusion","name":"Creek exclusion zone","acres":2.3,"editable":true,"source":"MAP mesic valley bottoms + 10-yr NDVI persistence + IrrMapper + NWI (V3 rule) + collar shape rules (4 Sep 2026)","strm_type":"Intermittent","veg_pct":37.0,"pts":10,"enforce":"ok"},"geometry":{"type":"Polygon","coordinates":[[[-108.627383,42.634972],[-108.627609,42.633984],[-108.626673,42.632747],[-108.624586,42.632015],[-108.624236,42.631037],[-108.624324,42.631013],[-108.624968,42.631993],[-108.626898,42.632663],[-108.627912,42.634505],[-108.627536,42.635012],[-108.627383,42.634972]]]}},{"type":"Feature","properties":{"id":"excl-a-457","kind":"exclusion","name":"Creek exclusion zone","acres":10.7,"editable":true,"source":"MAP mesic valley bottoms + 10-yr NDVI persistence + IrrMapper + NWI (V3 rule) + collar shape rules (4 Sep 2026)","strm_type":"Intermittent","veg_pct":64.8,"pts":12,"enforce":"ok"},"geometry":{"type":"Polygon","coordinates":[[[-108.632924,42.583771],[-108.627922,42.583818],[-108.626745,42.584304],[-108.626641,42.584208],[-108.627477,42.583501],[-108.632985,42.583333],[-108.635209,42.582192],[-108.637377,42.580438],[-108.637569,42.578838],[-108.637755,42.578823],[-108.638002,42.579418],[-108.636982,42.581467],[-108.632924,42.583771]]]}},{"type":"Feature","properties":{"id":"excl-a-458","kind":"exclusion","name":"Creek exclusion zone","acres":0.8,"editable":true,"source":"MAP mesic valley bottoms + 10-yr NDVI persistence + IrrMapper + NWI (V3 rule) + collar shape rules (4 Sep 2026)","strm_type":"Intermittent","veg_pct":21.2,"pts":5,"enforce":"ok"},"geometry":{"type":"Polygon","coordinates":[[[-108.633848,42.678254],[-108.633928,42.678197],[-108.635105,42.678917],[-108.635074,42.679129],[-108.634841,42.679218],[-108.633848,42.678254]]]}},{"type":"Feature","properties":{"id":"excl-a-459","kind":"exclusion","name":"Creek exclusion zone","acres":16.4,"editable":true,"source":"MAP mesic valley bottoms + 10-yr NDVI persistence + IrrMapper + NWI (V3 rule) + collar shape rules (4 Sep 2026)","strm_type":"Intermittent","veg_pct":44.6,"pts":18,"enforce":"ok"},"geometry":{"type":"Polygon","coordinates":[[[-108.628568,42.668306],[-108.627646,42.662255],[-108.626149,42.661568],[-108.624583,42.661891],[-108.624569,42.661861],[-108.626679,42.661272],[-108.626435,42.659816],[-108.626624,42.659665],[-108.626851,42.659718],[-108.627141,42.6613],[-108.628099,42.662463],[-108.627854,42.663541],[-108.628869,42.66646],[-108.628909,42.668299],[-108.631881,42.672781],[-108.632827,42.676944],[-108.632776,42.676953],[-108.631017,42.672316],[-108.628568,42.668306]]]}},{"type":"Feature","properties":{"id":"excl-a-460","kind":"exclusion","name":"Creek exclusion zone","acres":7.8,"editable":true,"source":"MAP mesic valley bottoms + 10-yr NDVI persistence + IrrMapper + NWI (V3 rule) + collar shape rules (4 Sep 2026)","strm_type":"Intermittent","veg_pct":42.9,"pts":11,"enforce":"ok"},"geometry":{"type":"Polygon","coordinates":[[[-108.626564,42.656103],[-108.624864,42.653031],[-108.62422,42.649721],[-108.624947,42.64896],[-108.62666,42.648462],[-108.626701,42.648522],[-108.625301,42.649171],[-108.624691,42.650104],[-108.625333,42.653079],[-108.626917,42.656067],[-108.626774,42.656146],[-108.626564,42.656103]]]}},{"type":"Feature","properties":{"id":"excl-a-461","kind":"exclusion","name":"Creek exclusion zone","acres":11.3,"editable":true,"source":"MAP mesic valley bottoms + 10-yr NDVI persistence + IrrMapper + NWI (V3 rule) + collar shape rules (4 Sep 2026)","strm_type":"Perennial","veg_pct":97.2,"pts":14,"enforce":"ok"},"geometry":{"type":"Polygon","coordinates":[[[-108.641498,42.649037],[-108.639219,42.64738],[-108.637072,42.644663],[-108.637237,42.643912],[-108.637366,42.643914],[-108.637481,42.644731],[-108.639566,42.646538],[-108.639564,42.646981],[-108.640679,42.647477],[-108.641687,42.649128],[-108.643014,42.649153],[-108.643845,42.650082],[-108.643652,42.650269],[-108.641938,42.649848],[-108.641498,42.649037]]]}},{"type":"Feature","properties":{"id":"excl-a-462","kind":"exclusion","name":"Creek exclusion zone","acres":12.0,"editable":true,"source":"MAP mesic valley bottoms + 10-yr NDVI persistence + IrrMapper + NWI (V3 rule) + collar shape rules (4 Sep 2026)","strm_type":"Perennial","veg_pct":94.3,"pts":24,"enforce":"ok"},"geometry":{"type":"Polygon","coordinates":[[[-108.633687,42.639587],[-108.633201,42.639266],[-108.632892,42.638139],[-108.632582,42.637897],[-108.633192,42.637473],[-108.633184,42.637431],[-108.633227,42.63741],[-108.633723,42.637613],[-108.633743,42.638445],[-108.636523,42.639787],[-108.637546,42.641463],[-108.637391,42.642951],[-108.637135,42.643018],[-108.636906,42.642838],[-108.636975,42.641809],[-108.636197,42.640134],[-108.635514,42.639588],[-108.634764,42.639642],[-108.633802,42.640268],[-108.633631,42.640213],[-108.633625,42.640051],[-108.633503,42.640049],[-108.633482,42.639996],[-108.633658,42.639908],[-108.633687,42.639587]]]}},{"type":"Feature","properties":{"id":"excl-a-463","kind":"exclusion","name":"Creek exclusion zone","acres":6.9,"editable":true,"source":"MAP mesic valley bottoms + 10-yr NDVI persistence + IrrMapper + NWI (V3 rule) + collar shape rules (4 Sep 2026)","strm_type":"Intermittent","veg_pct":66.5,"pts":12,"enforce":"ok"},"geometry":{"type":"Polygon","coordinates":[[[-108.627246,42.639002],[-108.627176,42.638867],[-108.628593,42.638205],[-108.627547,42.636629],[-108.627618,42.636597],[-108.629227,42.638238],[-108.633256,42.640007],[-108.633241,42.640044],[-108.633137,42.640042],[-108.633145,42.640231],[-108.632938,42.640318],[-108.62955,42.638729],[-108.627246,42.639002]]]}},{"type":"Feature","properties":{"id":"excl-a-464","kind":"exclusion","name":"Creek exclusion zone","acres":0.1,"editable":true,"source":"MAP mesic valley bottoms + 10-yr NDVI persistence + IrrMapper + NWI (V3 rule) + collar shape rules (4 Sep 2026)","strm_type":"Intermittent","veg_pct":63.8,"pts":7,"enforce":"ok"},"geometry":{"type":"Polygon","coordinates":[[[-108.633538,42.640125],[-108.633533,42.64026],[-108.633464,42.640308],[-108.633372,42.640324],[-108.633216,42.640253],[-108.633221,42.640118],[-108.633382,42.640054],[-108.633538,42.640125]]]}},{"type":"Feature","properties":{"id":"excl-a-465","kind":"exclusion","name":"Creek exclusion zone","acres":8.9,"editable":true,"source":"MAP mesic valley bottoms + 10-yr NDVI persistence + IrrMapper + NWI (V3 rule) + collar shape rules (4 Sep 2026)","strm_type":"Perennial","veg_pct":96.9,"pts":12,"enforce":"ok"},"geometry":{"type":"Polygon","coordinates":[[[-108.631818,42.633916],[-108.63202,42.633869],[-108.63235,42.634287],[-108.633255,42.634317],[-108.633504,42.634648],[-108.632888,42.635458],[-108.633287,42.636008],[-108.633093,42.637355],[-108.633177,42.63739],[-108.633192,42.637473],[-108.632582,42.637897],[-108.632273,42.637655],[-108.631818,42.633916]]]}},{"type":"Feature","properties":{"id":"excl-a-466","kind":"exclusion","name":"Creek exclusion zone","acres":3.2,"editable":true,"source":"MAP mesic valley bottoms + 10-yr NDVI persistence + IrrMapper + NWI (V3 rule) + collar shape rules (4 Sep 2026)","strm_type":"Intermittent","veg_pct":35.0,"pts":7,"enforce":"ok"},"geometry":{"type":"Polygon","coordinates":[[[-108.623966,42.770323],[-108.624498,42.769823],[-108.625534,42.770227],[-108.627583,42.770069],[-108.627638,42.770281],[-108.627401,42.770495],[-108.624315,42.77052],[-108.623966,42.770323]]]}},{"type":"Feature","properties":{"id":"excl-a-467","kind":"exclusion","name":"Creek exclusion zone","acres":0.5,"editable":true,"source":"MAP mesic valley bottoms + 10-yr NDVI persistence + IrrMapper + NWI (V3 rule) + collar shape rules (4 Sep 2026)","strm_type":"Intermittent","veg_pct":9.3,"pts":5,"enforce":"ok"},"geometry":{"type":"Polygon","coordinates":[[[-108.621946,42.769789],[-108.62222,42.769614],[-108.622792,42.769967],[-108.622694,42.770105],[-108.62203,42.769975],[-108.621946,42.769789]]]}},{"type":"Feature","properties":{"id":"excl-a-468","kind":"exclusion","name":"Creek exclusion zone","acres":9.0,"editable":true,"source":"MAP mesic valley bottoms + 10-yr NDVI persistence + IrrMapper + NWI (V3 rule) + collar shape rules (4 Sep 2026)","strm_type":"Intermittent","veg_pct":45.9,"pts":7,"enforce":"ok"},"geometry":{"type":"Polygon","coordinates":[[[-108.629435,42.602135],[-108.6294,42.602102],[-108.634102,42.599049],[-108.636527,42.596565],[-108.637322,42.596553],[-108.637478,42.59681],[-108.633184,42.600229],[-108.629435,42.602135]]]}},{"type":"Feature","properties":{"id":"excl-a-469","kind":"exclusion","name":"Creek exclusion zone","acres":0.5,"editable":true,"source":"MAP mesic valley bottoms + 10-yr NDVI persistence + IrrMapper + NWI (V3 rule) + collar shape rules (4 Sep 2026)","strm_type":"Perennial","veg_pct":60.0,"pts":5,"enforce":"ok"},"geometry":{"type":"Polygon","coordinates":[[[-108.624385,42.731707],[-108.62421,42.731186],[-108.624383,42.731163],[-108.624852,42.731563],[-108.624657,42.731749],[-108.624385,42.731707]]]}},{"type":"Feature","properties":{"id":"excl-a-470","kind":"exclusion","name":"Creek exclusion zone","acres":6.6,"editable":true,"source":"MAP mesic valley bottoms + 10-yr NDVI persistence + IrrMapper + NWI (V3 rule) + collar shape rules (4 Sep 2026)","strm_type":"Intermittent","veg_pct":87.8,"pts":7,"enforce":"ok"},"geometry":{"type":"Polygon","coordinates":[[[-108.629395,42.623022],[-108.62844,42.620845],[-108.628585,42.620719],[-108.628861,42.620726],[-108.62949,42.621361],[-108.630861,42.624624],[-108.630315,42.624758],[-108.629395,42.623022]]]}},{"type":"Feature","properties":{"id":"excl-a-471","kind":"exclusion","name":"Creek exclusion zone","acres":0.4,"editable":true,"source":"MAP mesic valley bottoms + 10-yr NDVI persistence + IrrMapper + NWI (V3 rule) + collar shape rules (4 Sep 2026)","strm_type":"Perennial","veg_pct":60.0,"pts":7,"enforce":"ok"},"geometry":{"type":"Polygon","coordinates":[[[-108.640265,42.718195],[-108.640074,42.71834],[-108.63971,42.718081],[-108.638897,42.718238],[-108.638861,42.718136],[-108.638967,42.718036],[-108.640181,42.718047],[-108.640265,42.718195]]]}},{"type":"Feature","properties":{"id":"excl-a-472","kind":"exclusion","name":"Creek exclusion zone","acres":0.7,"editable":true,"source":"MAP mesic valley bottoms + 10-yr NDVI persistence + IrrMapper + NWI (V3 rule) + collar shape rules (4 Sep 2026)","strm_type":"Perennial","veg_pct":83.5,"pts":4,"enforce":"narrow"},"geometry":{"type":"Polygon","coordinates":[[[-108.6273,42.725518],[-108.627423,42.72567],[-108.626092,42.726441],[-108.625945,42.726303],[-108.6273,42.725518]]]}},{"type":"Feature","properties":{"id":"excl-a-473","kind":"exclusion","name":"Creek exclusion zone","acres":0.3,"editable":true,"source":"MAP mesic valley bottoms + 10-yr NDVI persistence + IrrMapper + NWI (V3 rule) + collar shape rules (4 Sep 2026)","strm_type":"Perennial","veg_pct":83.5,"pts":4,"enforce":"narrow"},"geometry":{"type":"Polygon","coordinates":[[[-108.627423,42.72567],[-108.627484,42.725746],[-108.626165,42.72651],[-108.626092,42.726441],[-108.627423,42.72567]]]}},{"type":"Feature","properties":{"id":"excl-a-474","kind":"exclusion","name":"Creek exclusion zone","acres":44.7,"editable":true,"source":"MAP mesic valley bottoms + 10-yr NDVI persistence + IrrMapper + NWI (V3 rule) + collar shape rules (4 Sep 2026)","strm_type":"Perennial","veg_pct":81.0,"pts":29,"enforce":"ok"},"geometry":{"type":"Polygon","coordinates":[[[-108.629518,42.729495],[-108.628062,42.731348],[-108.627479,42.731401],[-108.627131,42.731135],[-108.626367,42.731442],[-108.626321,42.731394],[-108.626575,42.731226],[-108.626603,42.730466],[-108.624833,42.728218],[-108.625076,42.727895],[-108.625929,42.727876],[-108.626239,42.726579],[-108.626165,42.72651],[-108.627484,42.725746],[-108.627931,42.726301],[-108.629243,42.726564],[-108.629695,42.725581],[-108.630612,42.725583],[-108.631128,42.726592],[-108.630845,42.72667],[-108.629792,42.726203],[-108.628805,42.727373],[-108.629837,42.728839],[-108.63122,42.729224],[-108.634738,42.72889],[-108.634791,42.72895],[-108.634733,42.72902],[-108.634795,42.729143],[-108.633184,42.729625],[-108.629518,42.729495]]]}},{"type":"Feature","properties":{"id":"excl-a-475","kind":"exclusion","name":"Creek exclusion zone","acres":7.9,"editable":true,"source":"MAP mesic valley bottoms + 10-yr NDVI persistence + IrrMapper + NWI (V3 rule) + collar shape rules (4 Sep 2026)","strm_type":"Intermittent","veg_pct":78.4,"pts":11,"enforce":"ok"},"geometry":{"type":"Polygon","coordinates":[[[-108.638939,42.727192],[-108.642823,42.725997],[-108.643006,42.726542],[-108.64264,42.726844],[-108.641596,42.726743],[-108.638475,42.727726],[-108.635604,42.729306],[-108.634795,42.729143],[-108.634733,42.72902],[-108.634849,42.72888],[-108.635478,42.72882],[-108.638939,42.727192]]]}},{"type":"Feature","properties":{"id":"excl-a-476","kind":"exclusion","name":"Creek exclusion zone","acres":14.7,"editable":true,"source":"MAP mesic valley bottoms + 10-yr NDVI persistence + IrrMapper + NWI (V3 rule) + collar shape rules (4 Sep 2026)","strm_type":"Perennial","veg_pct":60.0,"pts":27,"enforce":"ok"},"geometry":{"type":"Polygon","coordinates":[[[-108.633046,42.724564],[-108.634236,42.723804],[-108.634629,42.722911],[-108.633456,42.722615],[-108.633708,42.720358],[-108.63468,42.720295],[-108.635167,42.720754],[-108.637475,42.720384],[-108.6382,42.71969],[-108.637434,42.719251],[-108.638023,42.718027],[-108.638881,42.718035],[-108.638897,42.718238],[-108.638083,42.718394],[-108.637953,42.718859],[-108.638546,42.719416],[-108.638222,42.720177],[-108.636353,42.72091],[-108.634069,42.721075],[-108.634063,42.721995],[-108.634878,42.723136],[-108.634359,42.724554],[-108.63213,42.724846],[-108.631411,42.726513],[-108.631128,42.726592],[-108.630612,42.725583],[-108.631231,42.724927],[-108.633046,42.724564]]]}},{"type":"Feature","properties":{"id":"excl-a-477","kind":"exclusion","name":"Creek exclusion zone","acres":1.5,"editable":true,"source":"MAP mesic valley bottoms + 10-yr NDVI persistence + IrrMapper + NWI (V3 rule) + collar shape rules (4 Sep 2026)","strm_type":"Perennial","veg_pct":83.5,"pts":7,"enforce":"ok"},"geometry":{"type":"Polygon","coordinates":[[[-108.626671,42.725436],[-108.626627,42.725277],[-108.626796,42.725161],[-108.627055,42.725214],[-108.6273,42.725518],[-108.625945,42.726303],[-108.625651,42.726027],[-108.626671,42.725436]]]}},{"type":"Feature","properties":{"id":"excl-a-478","kind":"exclusion","name":"Creek exclusion zone","acres":2.4,"editable":true,"source":"MAP mesic valley bottoms + 10-yr NDVI persistence + IrrMapper + NWI (V3 rule) + collar shape rules (4 Sep 2026)","strm_type":"Perennial","veg_pct":83.5,"pts":6,"enforce":"ok"},"geometry":{"type":"Polygon","coordinates":[[[-108.625232,42.725097],[-108.625856,42.72497],[-108.626584,42.725118],[-108.626671,42.725436],[-108.625651,42.726027],[-108.625063,42.725475],[-108.625232,42.725097]]]}},{"type":"Feature","properties":{"id":"excl-a-479","kind":"exclusion","name":"Creek exclusion zone","acres":2.6,"editable":true,"source":"MAP mesic valley bottoms + 10-yr NDVI persistence + IrrMapper + NWI (V3 rule) + collar shape rules (4 Sep 2026)","strm_type":"Perennial","veg_pct":60.0,"pts":10,"enforce":"ok"},"geometry":{"type":"Polygon","coordinates":[[[-108.642766,42.716983],[-108.642439,42.718326],[-108.640438,42.718599],[-108.640074,42.71834],[-108.640265,42.718195],[-108.640223,42.718121],[-108.64029,42.718048],[-108.640455,42.718049],[-108.642141,42.718065],[-108.642685,42.716966],[-108.642766,42.716983]]]}},{"type":"Feature","properties":{"id":"excl-a-480","kind":"exclusion","name":"Creek exclusion zone","acres":1.2,"editable":true,"source":"MAP mesic valley bottoms + 10-yr NDVI persistence + IrrMapper + NWI (V3 rule) + collar shape rules (4 Sep 2026)","strm_type":"Intermittent","veg_pct":98.3,"pts":7,"enforce":"narrow"},"geometry":{"type":"Polygon","coordinates":[[[-108.631843,42.561054],[-108.631824,42.561014],[-108.633692,42.560411],[-108.634505,42.559792],[-108.634713,42.559794],[-108.634771,42.559902],[-108.633754,42.560627],[-108.631843,42.561054]]]}},{"type":"Feature","properties":{"id":"excl-a-481","kind":"exclusion","name":"Creek exclusion zone","acres":0.2,"editable":true,"source":"MAP mesic valley bottoms + 10-yr NDVI persistence + IrrMapper + NWI (V3 rule) + collar shape rules (4 Sep 2026)","strm_type":"Intermittent","veg_pct":12.6,"pts":5,"enforce":"ok"},"geometry":{"type":"Polygon","coordinates":[[[-108.626272,42.709465],[-108.626021,42.709208],[-108.626149,42.709097],[-108.626522,42.709236],[-108.626475,42.709431],[-108.626272,42.709465]]]}},{"type":"Feature","properties":{"id":"excl-a-482","kind":"exclusion","name":"Creek exclusion zone","acres":0.6,"editable":true,"source":"MAP mesic valley bottoms + 10-yr NDVI persistence + IrrMapper + NWI (V3 rule) + collar shape rules (4 Sep 2026)","strm_type":"Intermittent","veg_pct":15.4,"pts":6,"enforce":"ok"},"geometry":{"type":"Polygon","coordinates":[[[-108.627483,42.683672],[-108.627586,42.682978],[-108.627715,42.682946],[-108.627826,42.683035],[-108.627925,42.683746],[-108.627691,42.683799],[-108.627483,42.683672]]]}},{"type":"Feature","properties":{"id":"excl-a-483","kind":"exclusion","name":"Creek exclusion zone","acres":3.6,"editable":true,"source":"MAP mesic valley bottoms + 10-yr NDVI persistence + IrrMapper + NWI (V3 rule) + collar shape rules (4 Sep 2026)","strm_type":"Intermittent","veg_pct":45.4,"pts":8,"enforce":"ok"},"geometry":{"type":"Polygon","coordinates":[[[-108.633615,42.535835],[-108.633195,42.535746],[-108.632986,42.535322],[-108.633351,42.534935],[-108.63435,42.534303],[-108.634836,42.53437],[-108.635023,42.534624],[-108.633908,42.535667],[-108.633615,42.535835]]]}},{"type":"Feature","properties":{"id":"excl-a-484","kind":"exclusion","name":"Creek exclusion zone","acres":0.3,"editable":true,"source":"MAP mesic valley bottoms + 10-yr NDVI persistence + IrrMapper + NWI (V3 rule) + collar shape rules (4 Sep 2026)","strm_type":"Intermittent","veg_pct":50.5,"pts":6,"enforce":"narrow"},"geometry":{"type":"Polygon","coordinates":[[[-108.635082,42.61113],[-108.635074,42.611098],[-108.635759,42.610548],[-108.635914,42.610594],[-108.635933,42.610711],[-108.635116,42.611142],[-108.635082,42.61113]]]}},{"type":"Feature","properties":{"id":"excl-a-485","kind":"exclusion","name":"Creek exclusion zone","acres":3.1,"editable":true,"source":"MAP mesic valley bottoms + 10-yr NDVI persistence + IrrMapper + NWI (V3 rule) + collar shape rules (4 Sep 2026)","strm_type":"Intermittent","veg_pct":51.0,"pts":8,"enforce":"ok"},"geometry":{"type":"Polygon","coordinates":[[[-108.631884,42.613258],[-108.630614,42.614454],[-108.630421,42.614389],[-108.63051,42.614058],[-108.631721,42.613029],[-108.633939,42.611748],[-108.634049,42.611824],[-108.633473,42.61245],[-108.631884,42.613258]]]}},{"type":"Feature","properties":{"id":"excl-a-486","kind":"exclusion","name":"Creek exclusion zone","acres":1.9,"editable":true,"source":"MAP mesic valley bottoms + 10-yr NDVI persistence + IrrMapper + NWI (V3 rule) + collar shape rules (4 Sep 2026)","strm_type":"Intermittent","veg_pct":16.9,"pts":6,"enforce":"ok"},"geometry":{"type":"Polygon","coordinates":[[[-108.630271,42.715458],[-108.629588,42.714266],[-108.629759,42.714104],[-108.630041,42.714137],[-108.63097,42.715403],[-108.630687,42.715547],[-108.630271,42.715458]]]}},{"type":"Feature","properties":{"id":"excl-a-487","kind":"exclusion","name":"Creek exclusion zone","acres":1.6,"editable":true,"source":"MAP mesic valley bottoms + 10-yr NDVI persistence + IrrMapper + NWI (V3 rule) + collar shape rules (4 Sep 2026)","strm_type":"Intermittent","veg_pct":18.0,"pts":6,"enforce":"ok"},"geometry":{"type":"Polygon","coordinates":[[[-108.627952,42.712223],[-108.628211,42.712109],[-108.628855,42.712527],[-108.628832,42.713229],[-108.628513,42.713312],[-108.628204,42.713041],[-108.627952,42.712223]]]}},{"type":"Feature","properties":{"id":"excl-a-488","kind":"exclusion","name":"Creek exclusion zone","acres":11.5,"editable":true,"source":"MAP mesic valley bottoms + 10-yr NDVI persistence + IrrMapper + NWI (V3 rule) + collar shape rules (4 Sep 2026)","strm_type":"Intermittent","veg_pct":73.3,"pts":11,"enforce":"ok"},"geometry":{"type":"Polygon","coordinates":[[[-108.64514,42.593127],[-108.642269,42.594233],[-108.638212,42.594216],[-108.638254,42.593783],[-108.641643,42.593846],[-108.643919,42.593296],[-108.646256,42.591925],[-108.647124,42.59065],[-108.65151,42.590798],[-108.651512,42.590846],[-108.647613,42.591102],[-108.64514,42.593127]]]}},{"type":"Feature","properties":{"id":"excl-a-489","kind":"exclusion","name":"Creek exclusion zone","acres":1.0,"editable":true,"source":"MAP mesic valley bottoms + 10-yr NDVI persistence + IrrMapper + NWI (V3 rule) + collar shape rules (4 Sep 2026)","strm_type":"Intermittent","veg_pct":67.5,"pts":5,"enforce":"ok"},"geometry":{"type":"Polygon","coordinates":[[[-108.63594,42.594137],[-108.635944,42.593624],[-108.636608,42.593657],[-108.636858,42.593983],[-108.636648,42.594286],[-108.63594,42.594137]]]}},{"type":"Feature","properties":{"id":"excl-a-490","kind":"exclusion","name":"Creek exclusion zone","acres":0.5,"editable":true,"source":"MAP mesic valley bottoms + 10-yr NDVI persistence + IrrMapper + NWI (V3 rule) + collar shape rules (4 Sep 2026)","strm_type":"Intermittent","veg_pct":33.4,"pts":6,"enforce":"ok"},"geometry":{"type":"Polygon","coordinates":[[[-108.62961,42.771021],[-108.629631,42.770874],[-108.629792,42.770812],[-108.630469,42.771217],[-108.630452,42.77137],[-108.630291,42.771437],[-108.62961,42.771021]]]}},{"type":"Feature","properties":{"id":"excl-a-491","kind":"exclusion","name":"Creek exclusion zone","acres":0.4,"editable":true,"source":"MAP mesic valley bottoms + 10-yr NDVI persistence + IrrMapper + NWI (V3 rule) + collar shape rules (4 Sep 2026)","strm_type":"Perennial","veg_pct":60.0,"pts":6,"enforce":"ok"},"geometry":{"type":"Polygon","coordinates":[[[-108.632659,42.765399],[-108.632747,42.765344],[-108.632855,42.765372],[-108.633106,42.76584],[-108.632988,42.765961],[-108.6328,42.765953],[-108.632659,42.765399]]]}},{"type":"Feature","properties":{"id":"excl-a-492","kind":"exclusion","name":"Creek exclusion zone","acres":0.2,"editable":true,"source":"MAP mesic valley bottoms + 10-yr NDVI persistence + IrrMapper + NWI (V3 rule) + collar shape rules (4 Sep 2026)","strm_type":"Perennial","veg_pct":60.0,"pts":5,"enforce":"ok"},"geometry":{"type":"Polygon","coordinates":[[[-108.631325,42.76467],[-108.631632,42.764612],[-108.6318,42.764881],[-108.631723,42.764932],[-108.631315,42.764796],[-108.631325,42.76467]]]}},{"type":"Feature","properties":{"id":"excl-a-493","kind":"exclusion","name":"Creek exclusion zone","acres":3.2,"editable":true,"source":"MAP mesic valley bottoms + 10-yr NDVI persistence + IrrMapper + NWI (V3 rule) + collar shape rules (4 Sep 2026)","strm_type":"Intermittent","veg_pct":10.7,"pts":6,"enforce":"ok"},"geometry":{"type":"Polygon","coordinates":[[[-108.631817,42.717121],[-108.632251,42.716913],[-108.633455,42.717813],[-108.63505,42.717997],[-108.635048,42.718099],[-108.632993,42.718297],[-108.631817,42.717121]]]}},{"type":"Feature","properties":{"id":"excl-a-494","kind":"exclusion","name":"Creek exclusion zone","acres":8.9,"editable":true,"source":"MAP mesic valley bottoms + 10-yr NDVI persistence + IrrMapper + NWI (V3 rule) + collar shape rules (4 Sep 2026)","strm_type":"Intermittent","veg_pct":25.8,"pts":13,"enforce":"ok"},"geometry":{"type":"Polygon","coordinates":[[[-108.635504,42.699776],[-108.634868,42.698766],[-108.635308,42.696751],[-108.633466,42.695026],[-108.633632,42.694847],[-108.634477,42.695035],[-108.635519,42.696097],[-108.63579,42.696824],[-108.635375,42.699004],[-108.636622,42.70023],[-108.637369,42.700551],[-108.637455,42.700919],[-108.637199,42.70114],[-108.635504,42.699776]]]}},{"type":"Feature","properties":{"id":"excl-a-495","kind":"exclusion","name":"Creek exclusion zone","acres":5.2,"editable":true,"source":"MAP mesic valley bottoms + 10-yr NDVI persistence + IrrMapper + NWI (V3 rule) + collar shape rules (4 Sep 2026)","strm_type":"Ephemeral","veg_pct":91.3,"pts":9,"enforce":"ok"},"geometry":{"type":"Polygon","coordinates":[[[-108.699458,42.5877],[-108.698474,42.589299],[-108.698435,42.589288],[-108.699215,42.587664],[-108.701627,42.585532],[-108.703197,42.584701],[-108.704828,42.584171],[-108.705024,42.584399],[-108.701903,42.585725],[-108.699458,42.5877]]]}},{"type":"Feature","properties":{"id":"excl-a-496","kind":"exclusion","name":"Creek exclusion zone","acres":0.3,"editable":true,"source":"MAP mesic valley bottoms + 10-yr NDVI persistence + IrrMapper + NWI (V3 rule) + collar shape rules (4 Sep 2026)","strm_type":"Perennial","veg_pct":94.9,"pts":7,"enforce":"ok"},"geometry":{"type":"Polygon","coordinates":[[[-108.658591,42.613831],[-108.658432,42.61371],[-108.658736,42.613492],[-108.658861,42.613587],[-108.658971,42.613579],[-108.659022,42.61364],[-108.658873,42.613811],[-108.658591,42.613831]]]}},{"type":"Feature","properties":{"id":"excl-a-497","kind":"exclusion","name":"Creek exclusion zone","acres":12.4,"editable":true,"source":"MAP mesic valley bottoms + 10-yr NDVI persistence + IrrMapper + NWI (V3 rule) + collar shape rules (4 Sep 2026)","strm_type":"Perennial","veg_pct":100.0,"pts":19,"enforce":"ok"},"geometry":{"type":"Polygon","coordinates":[[[-108.671939,42.603306],[-108.674069,42.601709],[-108.675876,42.599504],[-108.676253,42.598566],[-108.676577,42.598626],[-108.676787,42.598513],[-108.676911,42.598564],[-108.676901,42.598687],[-108.676893,42.598782],[-108.674303,42.602012],[-108.672342,42.603563],[-108.670784,42.604238],[-108.668594,42.604601],[-108.666028,42.606261],[-108.665871,42.606217],[-108.665849,42.606084],[-108.665728,42.606095],[-108.665698,42.606047],[-108.668199,42.604424],[-108.671939,42.603306]]]}},{"type":"Feature","properties":{"id":"excl-a-498","kind":"exclusion","name":"Creek exclusion zone","acres":1.2,"editable":true,"source":"MAP mesic valley bottoms + 10-yr NDVI persistence + IrrMapper + NWI (V3 rule) + collar shape rules (4 Sep 2026)","strm_type":"Perennial","veg_pct":100.0,"pts":16,"enforce":"ok"},"geometry":{"type":"Polygon","coordinates":[[[-108.66524,42.607271],[-108.665525,42.607475],[-108.665198,42.607725],[-108.664915,42.60763],[-108.665064,42.606459],[-108.665259,42.606332],[-108.665406,42.606374],[-108.665426,42.606497],[-108.665509,42.606577],[-108.665564,42.606547],[-108.665508,42.606452],[-108.665535,42.606385],[-108.665695,42.60632],[-108.665786,42.60634],[-108.66584,42.606383],[-108.665392,42.606673],[-108.66524,42.607271]]]}},{"type":"Feature","properties":{"id":"excl-a-499","kind":"exclusion","name":"Creek exclusion zone","acres":1.1,"editable":true,"source":"MAP mesic valley bottoms + 10-yr NDVI persistence + IrrMapper + NWI (V3 rule) + collar shape rules (4 Sep 2026)","strm_type":"Perennial","veg_pct":100.0,"pts":10,"enforce":"ok"},"geometry":{"type":"Polygon","coordinates":[[[-108.676577,42.598626],[-108.676253,42.598566],[-108.676494,42.597969],[-108.676363,42.597635],[-108.676426,42.597606],[-108.676527,42.597675],[-108.676945,42.597742],[-108.676971,42.597654],[-108.676989,42.597656],[-108.676922,42.59844],[-108.676577,42.598626]]]}},{"type":"Feature","properties":{"id":"excl-a-500","kind":"exclusion","name":"Creek exclusion zone","acres":2.8,"editable":true,"source":"MAP mesic valley bottoms + 10-yr NDVI persistence + IrrMapper + NWI (V3 rule) + collar shape rules (4 Sep 2026)","strm_type":"Intermittent","veg_pct":99.9,"pts":16,"enforce":"ok"},"geometry":{"type":"Polygon","coordinates":[[[-108.677985,42.59654],[-108.677975,42.596764],[-108.67706,42.596828],[-108.677012,42.597384],[-108.676736,42.59734],[-108.676432,42.597057],[-108.676302,42.596834],[-108.676078,42.596905],[-108.675975,42.596694],[-108.676055,42.596605],[-108.676177,42.596601],[-108.676166,42.596437],[-108.675751,42.595784],[-108.67575,42.595636],[-108.675875,42.595604],[-108.676859,42.596511],[-108.677985,42.59654]]]}},{"type":"Feature","properties":{"id":"excl-a-501","kind":"exclusion","name":"Creek exclusion zone","acres":9.9,"editable":true,"source":"MAP mesic valley bottoms + 10-yr NDVI persistence + IrrMapper + NWI (V3 rule) + collar shape rules (4 Sep 2026)","strm_type":"Other","veg_pct":84.2,"pts":24,"enforce":"ok"},"geometry":{"type":"Polygon","coordinates":[[[-108.672197,42.591247],[-108.673036,42.590332],[-108.673172,42.586916],[-108.673375,42.586809],[-108.673572,42.586856],[-108.673596,42.587869],[-108.674213,42.588691],[-108.674019,42.589419],[-108.673823,42.589489],[-108.673661,42.589426],[-108.673624,42.589487],[-108.673797,42.589554],[-108.673792,42.589689],[-108.673631,42.589754],[-108.673495,42.589698],[-108.673461,42.589754],[-108.673716,42.589879],[-108.673819,42.589831],[-108.673899,42.589871],[-108.673591,42.591029],[-108.673799,42.591296],[-108.673594,42.59161],[-108.671453,42.591852],[-108.671365,42.591695],[-108.672197,42.591247]]]}},{"type":"Feature","properties":{"id":"excl-a-502","kind":"exclusion","name":"Creek exclusion zone","acres":27.4,"editable":true,"source":"MAP mesic valley bottoms + 10-yr NDVI persistence + IrrMapper + NWI (V3 rule) + collar shape rules (4 Sep 2026)","strm_type":"Other","veg_pct":86.5,"pts":27,"enforce":"ok"},"geometry":{"type":"Polygon","coordinates":[[[-108.674007,42.591564],[-108.674582,42.592302],[-108.673842,42.593729],[-108.675047,42.59484],[-108.675011,42.594945],[-108.674899,42.594981],[-108.675262,42.595529],[-108.675264,42.595829],[-108.675339,42.595828],[-108.675351,42.595715],[-108.67542,42.595667],[-108.675512,42.595651],[-108.675668,42.595722],[-108.675663,42.595857],[-108.675594,42.595905],[-108.675502,42.595921],[-108.675374,42.595872],[-108.675287,42.595902],[-108.675452,42.596162],[-108.675315,42.596241],[-108.669809,42.592962],[-108.669823,42.592524],[-108.670971,42.591907],[-108.671365,42.591695],[-108.671453,42.591852],[-108.673594,42.59161],[-108.673799,42.591296],[-108.674007,42.591564]]]}},{"type":"Feature","properties":{"id":"excl-a-503","kind":"exclusion","name":"Creek exclusion zone","acres":0.2,"editable":true,"source":"MAP mesic valley bottoms + 10-yr NDVI persistence + IrrMapper + NWI (V3 rule) + collar shape rules (4 Sep 2026)","strm_type":"Perennial","veg_pct":100.0,"pts":8,"enforce":"ok"},"geometry":{"type":"Polygon","coordinates":[[[-108.676641,42.597374],[-108.676732,42.597393],[-108.676797,42.597444],[-108.676792,42.597579],[-108.676631,42.597643],[-108.676541,42.597624],[-108.676476,42.597573],[-108.676481,42.597438],[-108.676641,42.597374]]]}},{"type":"Feature","properties":{"id":"excl-a-504","kind":"exclusion","name":"Creek exclusion zone","acres":5.9,"editable":true,"source":"MAP mesic valley bottoms + 10-yr NDVI persistence + IrrMapper + NWI (V3 rule) + collar shape rules (4 Sep 2026)","strm_type":"Perennial","veg_pct":99.7,"pts":18,"enforce":"ok"},"geometry":{"type":"Polygon","coordinates":[[[-108.661626,42.610466],[-108.661563,42.610412],[-108.663849,42.609241],[-108.664863,42.608042],[-108.664901,42.607744],[-108.665057,42.607678],[-108.665198,42.607725],[-108.665525,42.607475],[-108.665811,42.607678],[-108.66421,42.609331],[-108.659961,42.611814],[-108.659301,42.613318],[-108.659186,42.613451],[-108.659082,42.613458],[-108.658965,42.613329],[-108.659041,42.613274],[-108.659995,42.611522],[-108.660152,42.611597],[-108.661626,42.610466]]]}},{"type":"Feature","properties":{"id":"excl-a-505","kind":"exclusion","name":"Creek exclusion zone","acres":1.0,"editable":true,"source":"MAP mesic valley bottoms + 10-yr NDVI persistence + IrrMapper + NWI (V3 rule) + collar shape rules (4 Sep 2026)","strm_type":"Perennial","veg_pct":100.0,"pts":5,"enforce":"ok"},"geometry":{"type":"Polygon","coordinates":[[[-108.661563,42.610412],[-108.661626,42.610466],[-108.660152,42.611597],[-108.659995,42.611522],[-108.660227,42.611096],[-108.661563,42.610412]]]}},{"type":"Feature","properties":{"id":"excl-a-506","kind":"exclusion","name":"Creek exclusion zone","acres":13.2,"editable":true,"source":"MAP mesic valley bottoms + 10-yr NDVI persistence + IrrMapper + NWI (V3 rule) + collar shape rules (4 Sep 2026)","strm_type":"Perennial","veg_pct":98.4,"pts":16,"enforce":"ok"},"geometry":{"type":"Polygon","coordinates":[[[-108.68248,42.594421],[-108.685507,42.59387],[-108.691332,42.593602],[-108.696323,42.591759],[-108.69789,42.590225],[-108.698026,42.590278],[-108.697604,42.591192],[-108.697924,42.591389],[-108.697848,42.591681],[-108.694491,42.592483],[-108.692168,42.593592],[-108.682999,42.594501],[-108.679679,42.596644],[-108.677975,42.596764],[-108.677985,42.59654],[-108.679112,42.596568],[-108.68248,42.594421]]]}},{"type":"Feature","properties":{"id":"excl-a-507","kind":"exclusion","name":"Creek exclusion zone","acres":1.9,"editable":true,"source":"MAP mesic valley bottoms + 10-yr NDVI persistence + IrrMapper + NWI (V3 rule) + collar shape rules (4 Sep 2026)","strm_type":"Perennial","veg_pct":95.7,"pts":7,"enforce":"ok"},"geometry":{"type":"Polygon","coordinates":[[[-108.658432,42.61371],[-108.658591,42.613831],[-108.658732,42.613821],[-108.658796,42.613899],[-108.657665,42.615201],[-108.657268,42.615071],[-108.657823,42.614147],[-108.658432,42.61371]]]}},{"type":"Feature","properties":{"id":"excl-a-508","kind":"exclusion","name":"Creek exclusion zone","acres":0.2,"editable":true,"source":"MAP mesic valley bottoms + 10-yr NDVI persistence + IrrMapper + NWI (V3 rule) + collar shape rules (4 Sep 2026)","strm_type":"Perennial","veg_pct":95.9,"pts":4,"enforce":"narrow"},"geometry":{"type":"Polygon","coordinates":[[[-108.657291,42.615631],[-108.657103,42.615846],[-108.656852,42.615764],[-108.65699,42.615533],[-108.657291,42.615631]]]}},{"type":"Feature","properties":{"id":"excl-a-509","kind":"exclusion","name":"Creek exclusion zone","acres":3.7,"editable":true,"source":"MAP mesic valley bottoms + 10-yr NDVI persistence + IrrMapper + NWI (V3 rule) + collar shape rules (4 Sep 2026)","strm_type":"Perennial","veg_pct":97.2,"pts":7,"enforce":"ok"},"geometry":{"type":"Polygon","coordinates":[[[-108.656721,42.616022],[-108.656855,42.615972],[-108.656963,42.616007],[-108.656063,42.619611],[-108.654953,42.621091],[-108.654809,42.621032],[-108.655332,42.620413],[-108.656721,42.616022]]]}},{"type":"Feature","properties":{"id":"excl-a-510","kind":"exclusion","name":"Creek exclusion zone","acres":19.3,"editable":true,"source":"MAP mesic valley bottoms + 10-yr NDVI persistence + IrrMapper + NWI (V3 rule) + collar shape rules (4 Sep 2026)","strm_type":"Perennial","veg_pct":89.2,"pts":21,"enforce":"ok"},"geometry":{"type":"Polygon","coordinates":[[[-108.651367,42.623747],[-108.653668,42.622382],[-108.654809,42.621032],[-108.654953,42.621091],[-108.653844,42.622571],[-108.651529,42.624048],[-108.645777,42.622301],[-108.643307,42.62285],[-108.641428,42.623783],[-108.638069,42.62669],[-108.638008,42.629884],[-108.636398,42.631627],[-108.636351,42.631606],[-108.637692,42.629734],[-108.637835,42.626449],[-108.641331,42.623504],[-108.642641,42.62285],[-108.647247,42.621916],[-108.649344,42.619031],[-108.649523,42.619093],[-108.647586,42.622146],[-108.651367,42.623747]]]}},{"type":"Feature","properties":{"id":"excl-a-511","kind":"exclusion","name":"Creek exclusion zone","acres":19.8,"editable":true,"source":"MAP mesic valley bottoms + 10-yr NDVI persistence + IrrMapper + NWI (V3 rule) + collar shape rules (4 Sep 2026)","strm_type":"Intermittent","veg_pct":78.2,"pts":21,"enforce":"ok"},"geometry":{"type":"Polygon","coordinates":[[[-108.6502,42.606449],[-108.648489,42.607456],[-108.647729,42.611484],[-108.649947,42.612849],[-108.651247,42.614236],[-108.65146,42.616041],[-108.649523,42.619093],[-108.649344,42.619031],[-108.650982,42.616778],[-108.651023,42.614378],[-108.649534,42.612939],[-108.647479,42.612307],[-108.647186,42.611559],[-108.6482,42.607116],[-108.649452,42.606202],[-108.647645,42.605167],[-108.646671,42.603467],[-108.64761,42.603268],[-108.647577,42.603181],[-108.647584,42.60318],[-108.648227,42.604551],[-108.6502,42.606449]]]}},{"type":"Feature","properties":{"id":"excl-a-512","kind":"exclusion","name":"Creek exclusion zone","acres":10.7,"editable":true,"source":"MAP mesic valley bottoms + 10-yr NDVI persistence + IrrMapper + NWI (V3 rule) + collar shape rules (4 Sep 2026)","strm_type":"Intermittent","veg_pct":75.1,"pts":11,"enforce":"ok"},"geometry":{"type":"Polygon","coordinates":[[[-108.646991,42.600365],[-108.649212,42.597764],[-108.64984,42.597676],[-108.649944,42.598033],[-108.64759,42.600871],[-108.647077,42.602099],[-108.647464,42.602924],[-108.646506,42.603128],[-108.646541,42.603214],[-108.646528,42.603218],[-108.646252,42.602736],[-108.646991,42.600365]]]}},{"type":"Feature","properties":{"id":"excl-a-513","kind":"exclusion","name":"Creek exclusion zone","acres":0.2,"editable":true,"source":"MAP mesic valley bottoms + 10-yr NDVI persistence + IrrMapper + NWI (V3 rule) + collar shape rules (4 Sep 2026)","strm_type":"Intermittent","veg_pct":62.3,"pts":8,"enforce":"ok"},"geometry":{"type":"Polygon","coordinates":[[[-108.64702,42.60307],[-108.64711,42.60309],[-108.647175,42.60314],[-108.64717,42.603275],[-108.647009,42.60334],[-108.646919,42.60332],[-108.646854,42.603269],[-108.646859,42.603134],[-108.64702,42.60307]]]}},{"type":"Feature","properties":{"id":"excl-a-514","kind":"exclusion","name":"Creek exclusion zone","acres":0.4,"editable":true,"source":"MAP mesic valley bottoms + 10-yr NDVI persistence + IrrMapper + NWI (V3 rule) + collar shape rules (4 Sep 2026)","strm_type":"Perennial","veg_pct":95.9,"pts":4,"enforce":"ok"},"geometry":{"type":"Polygon","coordinates":[[[-108.657665,42.615201],[-108.657291,42.615631],[-108.65699,42.615533],[-108.657268,42.615071],[-108.657665,42.615201]]]}},{"type":"Feature","properties":{"id":"excl-a-515","kind":"exclusion","name":"Creek exclusion zone","acres":0.8,"editable":true,"source":"MAP mesic valley bottoms + 10-yr NDVI persistence + IrrMapper + NWI (V3 rule) + collar shape rules (4 Sep 2026)","strm_type":"Perennial","veg_pct":100.0,"pts":6,"enforce":"ok"},"geometry":{"type":"Polygon","coordinates":[[[-108.669102,42.60833],[-108.668961,42.608441],[-108.66814,42.608077],[-108.66636,42.607766],[-108.666367,42.60774],[-108.668825,42.608034],[-108.669102,42.60833]]]}},{"type":"Feature","properties":{"id":"excl-a-516","kind":"exclusion","name":"Creek exclusion zone","acres":13.3,"editable":true,"source":"MAP mesic valley bottoms + 10-yr NDVI persistence + IrrMapper + NWI (V3 rule) + collar shape rules (4 Sep 2026)","strm_type":"Intermittent","veg_pct":95.8,"pts":13,"enforce":"ok"},"geometry":{"type":"Polygon","coordinates":[[[-108.673644,42.609053],[-108.675537,42.609337],[-108.683378,42.605998],[-108.685795,42.605558],[-108.685809,42.605592],[-108.683539,42.606185],[-108.679031,42.608411],[-108.675504,42.609608],[-108.671253,42.609607],[-108.670247,42.609149],[-108.670237,42.608963],[-108.670463,42.608845],[-108.671749,42.609222],[-108.673644,42.609053]]]}},{"type":"Feature","properties":{"id":"excl-a-517","kind":"exclusion","name":"Creek exclusion zone","acres":3.8,"editable":true,"source":"MAP mesic valley bottoms + 10-yr NDVI persistence + IrrMapper + NWI (V3 rule) + collar shape rules (4 Sep 2026)","strm_type":"Intermittent","veg_pct":59.1,"pts":4,"enforce":"ok"},"geometry":{"type":"Polygon","coordinates":[[[-108.63251,42.752824],[-108.632294,42.751823],[-108.633992,42.751729],[-108.633884,42.752917],[-108.63251,42.752824]]]}},{"type":"Feature","properties":{"id":"excl-a-518","kind":"exclusion","name":"Creek exclusion zone","acres":0.1,"editable":true,"source":"MAP mesic valley bottoms + 10-yr NDVI persistence + IrrMapper + NWI (V3 rule) + collar shape rules (4 Sep 2026)","strm_type":"Perennial","veg_pct":60.0,"pts":5,"enforce":"narrow"},"geometry":{"type":"Polygon","coordinates":[[[-108.630835,42.830048],[-108.630422,42.830295],[-108.630349,42.830245],[-108.630575,42.830016],[-108.630791,42.82998],[-108.630835,42.830048]]]}},{"type":"Feature","properties":{"id":"excl-a-519","kind":"exclusion","name":"Creek exclusion zone","acres":0.6,"editable":true,"source":"MAP mesic valley bottoms + 10-yr NDVI persistence + IrrMapper + NWI (V3 rule) + collar shape rules (4 Sep 2026)","strm_type":"Perennial","veg_pct":60.0,"pts":6,"enforce":"narrow"},"geometry":{"type":"Polygon","coordinates":[[[-108.629813,42.832013],[-108.629677,42.831987],[-108.629523,42.831073],[-108.629642,42.830971],[-108.629782,42.831002],[-108.629925,42.8319],[-108.629813,42.832013]]]}},{"type":"Feature","properties":{"id":"excl-a-520","kind":"exclusion","name":"Creek exclusion zone","acres":0.3,"editable":true,"source":"MAP mesic valley bottoms + 10-yr NDVI persistence + IrrMapper + NWI (V3 rule) + collar shape rules (4 Sep 2026)","strm_type":"Perennial","veg_pct":60.0,"pts":5,"enforce":"ok"},"geometry":{"type":"Polygon","coordinates":[[[-108.634418,42.766062],[-108.634173,42.765748],[-108.63433,42.765697],[-108.634717,42.765852],[-108.634636,42.766044],[-108.634418,42.766062]]]}},{"type":"Feature","properties":{"id":"excl-a-521","kind":"exclusion","name":"Creek exclusion zone","acres":0.5,"editable":true,"source":"MAP mesic valley bottoms + 10-yr NDVI persistence + IrrMapper + NWI (V3 rule) + collar shape rules (4 Sep 2026)","strm_type":"Perennial","veg_pct":60.0,"pts":5,"enforce":"ok"},"geometry":{"type":"Polygon","coordinates":[[[-108.636832,42.714339],[-108.636461,42.713819],[-108.636625,42.713669],[-108.636942,42.713733],[-108.637014,42.714299],[-108.636832,42.714339]]]}},{"type":"Feature","properties":{"id":"excl-a-522","kind":"exclusion","name":"Creek exclusion zone","acres":4.1,"editable":true,"source":"MAP mesic valley bottoms + 10-yr NDVI persistence + IrrMapper + NWI (V3 rule) + collar shape rules (4 Sep 2026)","strm_type":"Perennial","veg_pct":60.0,"pts":13,"enforce":"ok"},"geometry":{"type":"Polygon","coordinates":[[[-108.635732,42.778459],[-108.634844,42.778973],[-108.634905,42.779215],[-108.634803,42.779242],[-108.634118,42.778345],[-108.635032,42.777947],[-108.634583,42.776732],[-108.634802,42.776346],[-108.635584,42.776006],[-108.635548,42.77578],[-108.635691,42.775739],[-108.635943,42.775999],[-108.634795,42.776584],[-108.635732,42.778459]]]}},{"type":"Feature","properties":{"id":"excl-a-523","kind":"exclusion","name":"Creek exclusion zone","acres":1.4,"editable":true,"source":"MAP mesic valley bottoms + 10-yr NDVI persistence + IrrMapper + NWI (V3 rule) + collar shape rules (4 Sep 2026)","strm_type":"Perennial","veg_pct":60.0,"pts":7,"enforce":"ok"},"geometry":{"type":"Polygon","coordinates":[[[-108.635308,42.77195],[-108.635539,42.770705],[-108.635619,42.770708],[-108.635694,42.772616],[-108.63519,42.774291],[-108.63517,42.774288],[-108.635509,42.772884],[-108.635308,42.77195]]]}},{"type":"Feature","properties":{"id":"excl-a-524","kind":"exclusion","name":"Creek exclusion zone","acres":11.1,"editable":true,"source":"MAP mesic valley bottoms + 10-yr NDVI persistence + IrrMapper + NWI (V3 rule) + collar shape rules (4 Sep 2026)","strm_type":"Intermittent","veg_pct":32.3,"pts":14,"enforce":"ok"},"geometry":{"type":"Polygon","coordinates":[[[-108.641535,42.691827],[-108.64158,42.689585],[-108.640798,42.688581],[-108.640952,42.686205],[-108.638606,42.681805],[-108.638816,42.681689],[-108.639404,42.682021],[-108.639814,42.68342],[-108.64088,42.684696],[-108.6413,42.688447],[-108.641898,42.689329],[-108.641717,42.690552],[-108.642882,42.692731],[-108.642606,42.6929],[-108.641535,42.691827]]]}},{"type":"Feature","properties":{"id":"excl-a-525","kind":"exclusion","name":"Creek exclusion zone","acres":0.3,"editable":true,"source":"MAP mesic valley bottoms + 10-yr NDVI persistence + IrrMapper + NWI (V3 rule) + collar shape rules (4 Sep 2026)","strm_type":"Perennial","veg_pct":60.0,"pts":6,"enforce":"narrow"},"geometry":{"type":"Polygon","coordinates":[[[-108.633687,42.827791],[-108.633659,42.827773],[-108.634226,42.827279],[-108.634631,42.827256],[-108.634663,42.827352],[-108.633998,42.827563],[-108.633687,42.827791]]]}},{"type":"Feature","properties":{"id":"excl-a-526","kind":"exclusion","name":"Creek exclusion zone","acres":26.4,"editable":true,"source":"MAP mesic valley bottoms + 10-yr NDVI persistence + IrrMapper + NWI (V3 rule) + collar shape rules (4 Sep 2026)","strm_type":"Perennial","veg_pct":83.0,"pts":12,"enforce":"ok"},"geometry":{"type":"Polygon","coordinates":[[[-108.642158,42.732568],[-108.640359,42.732537],[-108.637606,42.733487],[-108.636897,42.733462],[-108.636808,42.732762],[-108.643142,42.730543],[-108.643789,42.731341],[-108.643612,42.731816],[-108.644685,42.732481],[-108.645474,42.734033],[-108.645234,42.734261],[-108.644863,42.734232],[-108.642158,42.732568]]]}},{"type":"Feature","properties":{"id":"excl-a-527","kind":"exclusion","name":"Creek exclusion zone","acres":3.8,"editable":true,"source":"MAP mesic valley bottoms + 10-yr NDVI persistence + IrrMapper + NWI (V3 rule) + collar shape rules (4 Sep 2026)","strm_type":"Perennial","veg_pct":60.0,"pts":14,"enforce":"ok"},"geometry":{"type":"Polygon","coordinates":[[[-108.63807,42.781781],[-108.63764,42.781362],[-108.63741,42.780594],[-108.636316,42.780306],[-108.636327,42.780136],[-108.636712,42.780065],[-108.63688,42.779286],[-108.637079,42.779279],[-108.637794,42.781303],[-108.638439,42.781916],[-108.638315,42.782451],[-108.638852,42.782977],[-108.638729,42.783076],[-108.637561,42.782545],[-108.63807,42.781781]]]}},{"type":"Feature","properties":{"id":"excl-a-528","kind":"exclusion","name":"Creek exclusion zone","acres":3.1,"editable":true,"source":"MAP mesic valley bottoms + 10-yr NDVI persistence + IrrMapper + NWI (V3 rule) + collar shape rules (4 Sep 2026)","strm_type":"Intermittent","veg_pct":21.9,"pts":9,"enforce":"ok"},"geometry":{"type":"Polygon","coordinates":[[[-108.642072,42.713682],[-108.641857,42.713772],[-108.641586,42.713685],[-108.641343,42.712938],[-108.642018,42.710277],[-108.641632,42.709396],[-108.641669,42.709386],[-108.642356,42.710611],[-108.641722,42.712458],[-108.642072,42.713682]]]}},{"type":"Feature","properties":{"id":"excl-a-529","kind":"exclusion","name":"Creek exclusion zone","acres":0.6,"editable":true,"source":"MAP mesic valley bottoms + 10-yr NDVI persistence + IrrMapper + NWI (V3 rule) + collar shape rules (4 Sep 2026)","strm_type":"Intermittent","veg_pct":24.4,"pts":6,"enforce":"ok"},"geometry":{"type":"Polygon","coordinates":[[[-108.640144,42.707441],[-108.64035,42.707292],[-108.640583,42.707315],[-108.640556,42.708065],[-108.640391,42.708119],[-108.640231,42.708016],[-108.640144,42.707441]]]}},{"type":"Feature","properties":{"id":"excl-a-530","kind":"exclusion","name":"Creek exclusion zone","acres":0.2,"editable":true,"source":"MAP mesic valley bottoms + 10-yr NDVI persistence + IrrMapper + NWI (V3 rule) + collar shape rules (4 Sep 2026)","strm_type":"Perennial","veg_pct":60.0,"pts":6,"enforce":"narrow"},"geometry":{"type":"Polygon","coordinates":[[[-108.636422,42.82719],[-108.63643,42.827109],[-108.637439,42.827028],[-108.637727,42.826965],[-108.637733,42.826978],[-108.636718,42.827246],[-108.636422,42.82719]]]}},{"type":"Feature","properties":{"id":"excl-a-531","kind":"exclusion","name":"Creek exclusion zone","acres":8.3,"editable":true,"source":"MAP mesic valley bottoms + 10-yr NDVI persistence + IrrMapper + NWI (V3 rule) + collar shape rules (4 Sep 2026)","strm_type":"Intermittent","veg_pct":83.9,"pts":8,"enforce":"ok"},"geometry":{"type":"Polygon","coordinates":[[[-108.666354,42.760807],[-108.665262,42.761193],[-108.664894,42.760901],[-108.665156,42.760445],[-108.668368,42.759518],[-108.669244,42.759606],[-108.669391,42.759953],[-108.668194,42.760802],[-108.666354,42.760807]]]}},{"type":"Feature","properties":{"id":"excl-a-532","kind":"exclusion","name":"Creek exclusion zone","acres":38.4,"editable":true,"source":"MAP mesic valley bottoms + 10-yr NDVI persistence + IrrMapper + NWI (V3 rule) + collar shape rules (4 Sep 2026)","strm_type":"Intermittent","veg_pct":53.6,"pts":25,"enforce":"ok"},"geometry":{"type":"Polygon","coordinates":[[[-108.658376,42.76524],[-108.657277,42.765512],[-108.656309,42.76497],[-108.655262,42.765096],[-108.654727,42.765663],[-108.653929,42.765322],[-108.653957,42.763875],[-108.655185,42.763857],[-108.655788,42.763033],[-108.657803,42.761745],[-108.65862,42.761839],[-108.660233,42.760713],[-108.663962,42.760726],[-108.664073,42.76154],[-108.66085,42.761459],[-108.659776,42.762634],[-108.659025,42.762705],[-108.659027,42.763581],[-108.659009,42.763582],[-108.65899,42.763493],[-108.657901,42.763691],[-108.657975,42.764047],[-108.658793,42.763898],[-108.659028,42.764034],[-108.659029,42.764212],[-108.658376,42.76524]]]}},{"type":"Feature","properties":{"id":"excl-a-533","kind":"exclusion","name":"Creek exclusion zone","acres":8.7,"editable":true,"source":"MAP mesic valley bottoms + 10-yr NDVI persistence + IrrMapper + NWI (V3 rule) + collar shape rules (4 Sep 2026)","strm_type":"Intermittent","veg_pct":61.7,"pts":7,"enforce":"ok"},"geometry":{"type":"Polygon","coordinates":[[[-108.65109,42.767626],[-108.650487,42.767521],[-108.6507,42.766635],[-108.651481,42.766336],[-108.651729,42.765796],[-108.653631,42.765471],[-108.653723,42.766524],[-108.65109,42.767626]]]}},{"type":"Feature","properties":{"id":"excl-a-534","kind":"exclusion","name":"Creek exclusion zone","acres":0.1,"editable":true,"source":"MAP mesic valley bottoms + 10-yr NDVI persistence + IrrMapper + NWI (V3 rule) + collar shape rules (4 Sep 2026)","strm_type":"Intermittent","veg_pct":88.5,"pts":6,"enforce":"narrow"},"geometry":{"type":"Polygon","coordinates":[[[-108.649929,42.768068],[-108.649821,42.768059],[-108.64978,42.767971],[-108.649761,42.767842],[-108.649944,42.767757],[-108.650098,42.767871],[-108.649929,42.768068]]]}},{"type":"Feature","properties":{"id":"excl-a-535","kind":"exclusion","name":"Creek exclusion zone","acres":31.8,"editable":true,"source":"MAP mesic valley bottoms + 10-yr NDVI persistence + IrrMapper + NWI (V3 rule) + collar shape rules (4 Sep 2026)","strm_type":"Intermittent","veg_pct":76.1,"pts":30,"enforce":"ok"},"geometry":{"type":"Polygon","coordinates":[[[-108.649661,42.769775],[-108.649132,42.770638],[-108.650248,42.771054],[-108.650285,42.771423],[-108.648286,42.772459],[-108.647418,42.772453],[-108.644622,42.773634],[-108.643752,42.774406],[-108.642056,42.774752],[-108.639834,42.775938],[-108.638952,42.777391],[-108.638492,42.777198],[-108.63839,42.776358],[-108.639583,42.77601],[-108.639886,42.775162],[-108.643458,42.773858],[-108.645047,42.772655],[-108.646853,42.772227],[-108.647561,42.771521],[-108.647468,42.770801],[-108.648187,42.770154],[-108.647631,42.767701],[-108.647972,42.767492],[-108.648385,42.767601],[-108.648608,42.767879],[-108.649192,42.768103],[-108.649589,42.76792],[-108.64978,42.767971],[-108.649862,42.768147],[-108.649488,42.768582],[-108.649661,42.769775]]]}},{"type":"Feature","properties":{"id":"excl-a-536","kind":"exclusion","name":"Creek exclusion zone","acres":9.3,"editable":true,"source":"MAP mesic valley bottoms + 10-yr NDVI persistence + IrrMapper + NWI (V3 rule) + collar shape rules (4 Sep 2026)","strm_type":"Intermittent","veg_pct":66.6,"pts":20,"enforce":"ok"},"geometry":{"type":"Polygon","coordinates":[[[-108.647386,42.761324],[-108.647498,42.761484],[-108.647746,42.761557],[-108.648118,42.761562],[-108.648301,42.761803],[-108.646649,42.763862],[-108.647078,42.76495],[-108.6479,42.765366],[-108.647954,42.767064],[-108.64817,42.767333],[-108.647987,42.767496],[-108.647559,42.767382],[-108.647229,42.765927],[-108.646163,42.7645],[-108.64715,42.761876],[-108.646986,42.761417],[-108.647156,42.761287],[-108.647242,42.761301],[-108.647318,42.761228],[-108.647386,42.761324]]]}},{"type":"Feature","properties":{"id":"excl-a-537","kind":"exclusion","name":"Creek exclusion zone","acres":11.7,"editable":true,"source":"MAP mesic valley bottoms + 10-yr NDVI persistence + IrrMapper + NWI (V3 rule) + collar shape rules (4 Sep 2026)","strm_type":"Intermittent","veg_pct":57.3,"pts":18,"enforce":"ok"},"geometry":{"type":"Polygon","coordinates":[[[-108.647981,42.759084],[-108.648111,42.759432],[-108.649148,42.7594],[-108.649023,42.760902],[-108.648696,42.76131],[-108.648634,42.761297],[-108.648634,42.761207],[-108.647874,42.761201],[-108.647804,42.761173],[-108.647685,42.760967],[-108.647251,42.761131],[-108.647318,42.761228],[-108.647152,42.761323],[-108.646933,42.761268],[-108.646436,42.759879],[-108.647539,42.758503],[-108.648843,42.758902],[-108.648806,42.759057],[-108.647981,42.759084]]]}},{"type":"Feature","properties":{"id":"excl-a-538","kind":"exclusion","name":"Creek exclusion zone","acres":14.0,"editable":true,"source":"MAP mesic valley bottoms + 10-yr NDVI persistence + IrrMapper + NWI (V3 rule) + collar shape rules (4 Sep 2026)","strm_type":"Intermittent","veg_pct":60.4,"pts":17,"enforce":"ok"},"geometry":{"type":"MultiPolygon","coordinates":[[[[-108.649438,42.759128],[-108.649438,42.759128],[-108.649395,42.759158],[-108.649438,42.759128]]],[[[-108.649438,42.759128],[-108.649427,42.759081],[-108.647539,42.758503],[-108.647767,42.758219],[-108.647823,42.757775],[-108.648248,42.757577],[-108.648635,42.757683],[-108.649358,42.757433],[-108.648437,42.756363],[-108.648786,42.755709],[-108.649371,42.755573],[-108.650607,42.756179],[-108.651155,42.75735],[-108.649775,42.757893],[-108.649862,42.758832],[-108.649482,42.759098],[-108.649438,42.759128]]]]}},{"type":"Feature","properties":{"id":"excl-a-539","kind":"exclusion","name":"Creek exclusion zone","acres":0.2,"editable":true,"source":"MAP mesic valley bottoms + 10-yr NDVI persistence + IrrMapper + NWI (V3 rule) + collar shape rules (4 Sep 2026)","strm_type":"Intermittent","veg_pct":61.6,"pts":8,"enforce":"ok"},"geometry":{"type":"Polygon","coordinates":[[[-108.647748,42.76122],[-108.647839,42.76124],[-108.647904,42.76129],[-108.647899,42.761425],[-108.647738,42.76149],[-108.647647,42.76147],[-108.647582,42.761419],[-108.647587,42.761284],[-108.647748,42.76122]]]}},{"type":"Feature","properties":{"id":"excl-a-540","kind":"exclusion","name":"Creek exclusion zone","acres":0.8,"editable":true,"source":"MAP mesic valley bottoms + 10-yr NDVI persistence + IrrMapper + NWI (V3 rule) + collar shape rules (4 Sep 2026)","strm_type":"Intermittent","veg_pct":51.6,"pts":10,"enforce":"ok"},"geometry":{"type":"Polygon","coordinates":[[[-108.700675,42.69854],[-108.700739,42.698444],[-108.702224,42.697931],[-108.702239,42.697953],[-108.701878,42.698104],[-108.701689,42.698241],[-108.70147,42.698443],[-108.701566,42.698498],[-108.701548,42.698584],[-108.700834,42.698775],[-108.700675,42.69854]]]}},{"type":"Feature","properties":{"id":"excl-a-541","kind":"exclusion","name":"Creek exclusion zone","acres":2.4,"editable":true,"source":"MAP mesic valley bottoms + 10-yr NDVI persistence + IrrMapper + NWI (V3 rule) + collar shape rules (4 Sep 2026)","strm_type":"Intermittent","veg_pct":30.2,"pts":10,"enforce":"ok"},"geometry":{"type":"Polygon","coordinates":[[[-108.705048,42.69805],[-108.70495,42.698392],[-108.702619,42.698298],[-108.702372,42.698364],[-108.702348,42.698328],[-108.703073,42.697996],[-108.704059,42.697755],[-108.704254,42.697678],[-108.704484,42.697753],[-108.704535,42.697899],[-108.705048,42.69805]]]}},{"type":"Feature","properties":{"id":"excl-a-542","kind":"exclusion","name":"Creek exclusion zone","acres":3.5,"editable":true,"source":"MAP mesic valley bottoms + 10-yr NDVI persistence + IrrMapper + NWI (V3 rule) + collar shape rules (4 Sep 2026)","strm_type":"Intermittent","veg_pct":47.1,"pts":13,"enforce":"ok"},"geometry":{"type":"Polygon","coordinates":[[[-108.705871,42.694331],[-108.707462,42.693602],[-108.70759,42.693772],[-108.706182,42.694388],[-108.705511,42.695183],[-108.705132,42.696825],[-108.704623,42.69728],[-108.704484,42.697272],[-108.704422,42.697194],[-108.703857,42.697427],[-108.703504,42.697515],[-108.703486,42.697483],[-108.704156,42.697243],[-108.705871,42.694331]]]}},{"type":"Feature","properties":{"id":"excl-a-543","kind":"exclusion","name":"Creek exclusion zone","acres":0.1,"editable":true,"source":"MAP mesic valley bottoms + 10-yr NDVI persistence + IrrMapper + NWI (V3 rule) + collar shape rules (4 Sep 2026)","strm_type":"Intermittent","veg_pct":37.0,"pts":7,"enforce":"ok"},"geometry":{"type":"Polygon","coordinates":[[[-108.702705,42.69797],[-108.7027,42.698105],[-108.702631,42.698153],[-108.702539,42.698169],[-108.702383,42.698098],[-108.702388,42.697963],[-108.702549,42.697899],[-108.702705,42.69797]]]}},{"type":"Feature","properties":{"id":"excl-a-544","kind":"exclusion","name":"Creek exclusion zone","acres":9.2,"editable":true,"source":"MAP mesic valley bottoms + 10-yr NDVI persistence + IrrMapper + NWI (V3 rule) + collar shape rules (4 Sep 2026)","strm_type":"Intermittent","veg_pct":66.0,"pts":24,"enforce":"ok"},"geometry":{"type":"Polygon","coordinates":[[[-108.691414,42.699518],[-108.691697,42.699426],[-108.694145,42.700868],[-108.695872,42.700263],[-108.697189,42.698952],[-108.700668,42.698454],[-108.700707,42.698492],[-108.700675,42.69854],[-108.700834,42.698775],[-108.699503,42.699131],[-108.697252,42.699284],[-108.696374,42.700699],[-108.696298,42.700693],[-108.696273,42.700605],[-108.695635,42.700703],[-108.695078,42.701002],[-108.694836,42.701067],[-108.694279,42.701053],[-108.693497,42.700869],[-108.692975,42.700434],[-108.692394,42.700246],[-108.692358,42.700332],[-108.692233,42.700357],[-108.691359,42.699764],[-108.691414,42.699518]]]}},{"type":"Feature","properties":{"id":"excl-a-545","kind":"exclusion","name":"Creek exclusion zone","acres":9.9,"editable":true,"source":"MAP mesic valley bottoms + 10-yr NDVI persistence + IrrMapper + NWI (V3 rule) + collar shape rules (4 Sep 2026)","strm_type":"Intermittent","veg_pct":42.2,"pts":18,"enforce":"ok"},"geometry":{"type":"Polygon","coordinates":[[[-108.702288,42.703626],[-108.704202,42.703524],[-108.704294,42.703631],[-108.704204,42.703747],[-108.704257,42.703825],[-108.704011,42.704101],[-108.702534,42.704043],[-108.696463,42.701328],[-108.694692,42.701639],[-108.693845,42.701451],[-108.693692,42.701347],[-108.693736,42.701291],[-108.694251,42.701416],[-108.694934,42.701423],[-108.695292,42.701328],[-108.695865,42.701035],[-108.696247,42.700977],[-108.698649,42.701639],[-108.702288,42.703626]]]}},{"type":"Feature","properties":{"id":"excl-a-546","kind":"exclusion","name":"Creek exclusion zone","acres":0.2,"editable":true,"source":"MAP mesic valley bottoms + 10-yr NDVI persistence + IrrMapper + NWI (V3 rule) + collar shape rules (4 Sep 2026)","strm_type":"Intermittent","veg_pct":65.0,"pts":8,"enforce":"ok"},"geometry":{"type":"Polygon","coordinates":[[[-108.693734,42.700956],[-108.693825,42.700976],[-108.69389,42.701027],[-108.693885,42.701162],[-108.693724,42.701226],[-108.693633,42.701206],[-108.693568,42.701156],[-108.693573,42.701021],[-108.693734,42.700956]]]}},{"type":"Feature","properties":{"id":"excl-a-547","kind":"exclusion","name":"Creek exclusion zone","acres":5.7,"editable":true,"source":"MAP mesic valley bottoms + 10-yr NDVI persistence + IrrMapper + NWI (V3 rule) + collar shape rules (4 Sep 2026)","strm_type":"Intermittent","veg_pct":67.6,"pts":10,"enforce":"ok"},"geometry":{"type":"Polygon","coordinates":[[[-108.704383,42.703515],[-108.704709,42.703497],[-108.708478,42.702386],[-108.708861,42.702465],[-108.708887,42.702673],[-108.704853,42.704134],[-108.704455,42.704118],[-108.704011,42.704101],[-108.704257,42.703825],[-108.704204,42.703747],[-108.704383,42.703515]]]}},{"type":"Feature","properties":{"id":"excl-a-548","kind":"exclusion","name":"Creek exclusion zone","acres":10.9,"editable":true,"source":"MAP mesic valley bottoms + 10-yr NDVI persistence + IrrMapper + NWI (V3 rule) + collar shape rules (4 Sep 2026)","strm_type":"Intermittent","veg_pct":70.7,"pts":11,"enforce":"ok"},"geometry":{"type":"Polygon","coordinates":[[[-108.710602,42.69164],[-108.723574,42.687307],[-108.72361,42.687355],[-108.721242,42.688492],[-108.718434,42.689138],[-108.714827,42.690699],[-108.710465,42.691999],[-108.708656,42.693306],[-108.70759,42.693772],[-108.707462,42.693602],[-108.708444,42.693153],[-108.710602,42.69164]]]}},{"type":"Feature","properties":{"id":"excl-a-549","kind":"exclusion","name":"Creek exclusion zone","acres":15.6,"editable":true,"source":"MAP mesic valley bottoms + 10-yr NDVI persistence + IrrMapper + NWI (V3 rule) + collar shape rules (4 Sep 2026)","strm_type":"Intermittent","veg_pct":67.6,"pts":11,"enforce":"ok"},"geometry":{"type":"Polygon","coordinates":[[[-108.686709,42.695625],[-108.688101,42.696366],[-108.690168,42.698526],[-108.691456,42.699284],[-108.691414,42.699518],[-108.691132,42.69961],[-108.685417,42.69573],[-108.683186,42.695244],[-108.679821,42.69335],[-108.680054,42.693133],[-108.682275,42.694436],[-108.686709,42.695625]]]}},{"type":"Feature","properties":{"id":"excl-a-550","kind":"exclusion","name":"Creek exclusion zone","acres":3.3,"editable":true,"source":"MAP mesic valley bottoms + 10-yr NDVI persistence + IrrMapper + NWI (V3 rule) + collar shape rules (4 Sep 2026)","strm_type":"Perennial","veg_pct":85.7,"pts":7,"enforce":"ok"},"geometry":{"type":"Polygon","coordinates":[[[-108.662515,42.693707],[-108.663101,42.694285],[-108.662649,42.694534],[-108.662941,42.695026],[-108.661898,42.695363],[-108.661579,42.69516],[-108.662094,42.693766],[-108.662515,42.693707]]]}},{"type":"Feature","properties":{"id":"excl-a-551","kind":"exclusion","name":"Creek exclusion zone","acres":13.4,"editable":true,"source":"MAP mesic valley bottoms + 10-yr NDVI persistence + IrrMapper + NWI (V3 rule) + collar shape rules (4 Sep 2026)","strm_type":"Perennial","veg_pct":75.7,"pts":30,"enforce":"ok"},"geometry":{"type":"Polygon","coordinates":[[[-108.663233,42.695517],[-108.663915,42.695535],[-108.665481,42.694593],[-108.667177,42.692913],[-108.668149,42.692549],[-108.668316,42.692826],[-108.667378,42.69321],[-108.666162,42.694642],[-108.665667,42.694443],[-108.665587,42.694506],[-108.665781,42.69457],[-108.665776,42.694705],[-108.665615,42.694769],[-108.665524,42.694749],[-108.665441,42.694621],[-108.665333,42.694706],[-108.665575,42.694801],[-108.665594,42.695013],[-108.664607,42.695532],[-108.664929,42.696272],[-108.662585,42.696916],[-108.66136,42.697884],[-108.66138,42.699332],[-108.661127,42.699441],[-108.660895,42.699334],[-108.661027,42.697935],[-108.662518,42.696591],[-108.661781,42.696058],[-108.661879,42.695662],[-108.663087,42.695271],[-108.663233,42.695517]]]}},{"type":"Feature","properties":{"id":"excl-a-552","kind":"exclusion","name":"Creek exclusion zone","acres":1.4,"editable":true,"source":"MAP mesic valley bottoms + 10-yr NDVI persistence + IrrMapper + NWI (V3 rule) + collar shape rules (4 Sep 2026)","strm_type":"Perennial","veg_pct":85.7,"pts":9,"enforce":"ok"},"geometry":{"type":"Polygon","coordinates":[[[-108.661523,42.69531],[-108.661738,42.695262],[-108.661898,42.695363],[-108.662941,42.695026],[-108.663087,42.695271],[-108.661879,42.695662],[-108.661781,42.696058],[-108.661432,42.695806],[-108.66136,42.695754],[-108.661523,42.69531]]]}},{"type":"Feature","properties":{"id":"excl-a-553","kind":"exclusion","name":"Creek exclusion zone","acres":2.3,"editable":true,"source":"MAP mesic valley bottoms + 10-yr NDVI persistence + IrrMapper + NWI (V3 rule) + collar shape rules (4 Sep 2026)","strm_type":"Intermittent","veg_pct":77.5,"pts":9,"enforce":"ok"},"geometry":{"type":"Polygon","coordinates":[[[-108.668316,42.692826],[-108.668149,42.692549],[-108.671439,42.691317],[-108.671478,42.69135],[-108.671409,42.691424],[-108.671589,42.691526],[-108.671661,42.691659],[-108.671539,42.691787],[-108.670897,42.691768],[-108.668316,42.692826]]]}},{"type":"Feature","properties":{"id":"excl-a-554","kind":"exclusion","name":"Creek exclusion zone","acres":10.0,"editable":true,"source":"MAP mesic valley bottoms + 10-yr NDVI persistence + IrrMapper + NWI (V3 rule) + collar shape rules (4 Sep 2026)","strm_type":"Intermittent","veg_pct":54.7,"pts":15,"enforce":"ok"},"geometry":{"type":"Polygon","coordinates":[[[-108.672666,42.690486],[-108.673184,42.690553],[-108.673529,42.691166],[-108.675233,42.691177],[-108.677833,42.691831],[-108.680054,42.693133],[-108.679821,42.69335],[-108.678755,42.69275],[-108.674716,42.691402],[-108.67282,42.691825],[-108.672164,42.691805],[-108.672122,42.691734],[-108.672201,42.691666],[-108.671995,42.691322],[-108.671803,42.69118],[-108.672666,42.690486]]]}},{"type":"Feature","properties":{"id":"excl-a-555","kind":"exclusion","name":"Creek exclusion zone","acres":0.3,"editable":true,"source":"MAP mesic valley bottoms + 10-yr NDVI persistence + IrrMapper + NWI (V3 rule) + collar shape rules (4 Sep 2026)","strm_type":"Intermittent","veg_pct":56.4,"pts":7,"enforce":"ok"},"geometry":{"type":"Polygon","coordinates":[[[-108.671993,42.69175],[-108.67181,42.691747],[-108.671674,42.691556],[-108.67168,42.691421],[-108.67184,42.691357],[-108.671931,42.691377],[-108.672089,42.691635],[-108.671993,42.69175]]]}},{"type":"Feature","properties":{"id":"excl-a-556","kind":"exclusion","name":"Creek exclusion zone","acres":20.5,"editable":true,"source":"MAP mesic valley bottoms + 10-yr NDVI persistence + IrrMapper + NWI (V3 rule) + collar shape rules (4 Sep 2026)","strm_type":"Perennial","veg_pct":89.1,"pts":16,"enforce":"ok"},"geometry":{"type":"Polygon","coordinates":[[[-108.664383,42.688843],[-108.665675,42.688076],[-108.665922,42.686626],[-108.666527,42.685883],[-108.666643,42.68592],[-108.665671,42.68842],[-108.6639,42.690065],[-108.664117,42.69284],[-108.663552,42.694036],[-108.663101,42.694285],[-108.662515,42.693707],[-108.662304,42.693737],[-108.66215,42.693614],[-108.662222,42.693419],[-108.662549,42.69034],[-108.663384,42.688874],[-108.664383,42.688843]]]}},{"type":"Feature","properties":{"id":"excl-a-557","kind":"exclusion","name":"Creek exclusion zone","acres":0.4,"editable":true,"source":"MAP mesic valley bottoms + 10-yr NDVI persistence + IrrMapper + NWI (V3 rule) + collar shape rules (4 Sep 2026)","strm_type":"Perennial","veg_pct":93.4,"pts":15,"enforce":"ok"},"geometry":{"type":"Polygon","coordinates":[[[-108.658714,42.672309],[-108.65888,42.672209],[-108.659083,42.672265],[-108.65913,42.672405],[-108.658997,42.672491],[-108.6588,42.672433],[-108.658623,42.672595],[-108.659578,42.673631],[-108.659572,42.673634],[-108.658388,42.672385],[-108.658361,42.672323],[-108.658382,42.672309],[-108.658412,42.672318],[-108.658423,42.672272],[-108.658493,42.672244],[-108.658714,42.672309]]]}},{"type":"Feature","properties":{"id":"excl-a-558","kind":"exclusion","name":"Creek exclusion zone","acres":27.2,"editable":true,"source":"MAP mesic valley bottoms + 10-yr NDVI persistence + IrrMapper + NWI (V3 rule) + collar shape rules (4 Sep 2026)","strm_type":"Perennial","veg_pct":94.4,"pts":30,"enforce":"ok"},"geometry":{"type":"Polygon","coordinates":[[[-108.663578,42.677277],[-108.663251,42.676973],[-108.662804,42.676987],[-108.660702,42.675533],[-108.660587,42.674153],[-108.659852,42.673929],[-108.658623,42.672595],[-108.658759,42.67247],[-108.659301,42.672601],[-108.660078,42.673125],[-108.660514,42.672926],[-108.660587,42.672953],[-108.660594,42.67301],[-108.661068,42.67315],[-108.661342,42.675306],[-108.661921,42.676004],[-108.662701,42.676178],[-108.663696,42.675845],[-108.664572,42.674713],[-108.665314,42.674425],[-108.666597,42.670839],[-108.667445,42.671126],[-108.666924,42.672054],[-108.666982,42.673932],[-108.663918,42.676773],[-108.664075,42.677798],[-108.664447,42.678079],[-108.664353,42.678412],[-108.663971,42.678527],[-108.663392,42.677772],[-108.663578,42.677277]]]}},{"type":"Feature","properties":{"id":"excl-a-559","kind":"exclusion","name":"Creek exclusion zone","acres":16.7,"editable":true,"source":"MAP mesic valley bottoms + 10-yr NDVI persistence + IrrMapper + NWI (V3 rule) + collar shape rules (4 Sep 2026)","strm_type":"Perennial","veg_pct":94.1,"pts":22,"enforce":"ok"},"geometry":{"type":"Polygon","coordinates":[[[-108.664938,42.679998],[-108.664879,42.680512],[-108.665853,42.680781],[-108.666436,42.682293],[-108.666433,42.683099],[-108.665856,42.683371],[-108.665683,42.684057],[-108.667111,42.684449],[-108.667772,42.683584],[-108.669243,42.682294],[-108.669315,42.682298],[-108.669342,42.682467],[-108.667978,42.68359],[-108.6668,42.685299],[-108.665143,42.684411],[-108.665385,42.683217],[-108.664585,42.681538],[-108.664779,42.679579],[-108.663971,42.678527],[-108.664736,42.678297],[-108.665214,42.678657],[-108.665661,42.679576],[-108.664938,42.679998]]]}},{"type":"Feature","properties":{"id":"excl-a-560","kind":"exclusion","name":"Creek exclusion zone","acres":20.4,"editable":true,"source":"MAP mesic valley bottoms + 10-yr NDVI persistence + IrrMapper + NWI (V3 rule) + collar shape rules (4 Sep 2026)","strm_type":"Perennial","veg_pct":92.6,"pts":20,"enforce":"ok"},"geometry":{"type":"Polygon","coordinates":[[[-108.668741,42.668688],[-108.67089,42.667755],[-108.673017,42.665806],[-108.675972,42.665797],[-108.677821,42.663867],[-108.679632,42.66326],[-108.681774,42.661678],[-108.681887,42.661685],[-108.681938,42.66174],[-108.682098,42.661687],[-108.682212,42.661805],[-108.681246,42.662572],[-108.678095,42.66422],[-108.676337,42.666266],[-108.673084,42.666299],[-108.670494,42.668765],[-108.668323,42.669561],[-108.667445,42.671126],[-108.666597,42.670839],[-108.666803,42.670262],[-108.668741,42.668688]]]}},{"type":"Feature","properties":{"id":"excl-a-561","kind":"exclusion","name":"Creek exclusion zone","acres":0.1,"editable":true,"source":"MAP mesic valley bottoms + 10-yr NDVI persistence + IrrMapper + NWI (V3 rule) + collar shape rules (4 Sep 2026)","strm_type":"Perennial","veg_pct":96.0,"pts":7,"enforce":"narrow"},"geometry":{"type":"Polygon","coordinates":[[[-108.66082,42.672862],[-108.660828,42.672932],[-108.661136,42.673023],[-108.661091,42.673108],[-108.660669,42.672984],[-108.660655,42.672862],[-108.66073,42.672828],[-108.66082,42.672862]]]}},{"type":"Feature","properties":{"id":"excl-a-562","kind":"exclusion","name":"Creek exclusion zone","acres":0.2,"editable":true,"source":"MAP mesic valley bottoms + 10-yr NDVI persistence + IrrMapper + NWI (V3 rule) + collar shape rules (4 Sep 2026)","strm_type":"Perennial","veg_pct":96.0,"pts":5,"enforce":"ok"},"geometry":{"type":"Polygon","coordinates":[[[-108.661228,42.672854],[-108.661136,42.673023],[-108.660828,42.672932],[-108.660812,42.672791],[-108.660994,42.672708],[-108.661228,42.672854]]]}},{"type":"Feature","properties":{"id":"excl-a-563","kind":"exclusion","name":"Creek exclusion zone","acres":4.4,"editable":true,"source":"MAP mesic valley bottoms + 10-yr NDVI persistence + IrrMapper + NWI (V3 rule) + collar shape rules (4 Sep 2026)","strm_type":"Perennial","veg_pct":94.4,"pts":9,"enforce":"ok"},"geometry":{"type":"Polygon","coordinates":[[[-108.658735,42.670815],[-108.659046,42.67211],[-108.658714,42.672309],[-108.658434,42.672227],[-108.65839,42.672257],[-108.658328,42.672244],[-108.657307,42.669819],[-108.657694,42.669692],[-108.657865,42.67004],[-108.658735,42.670815]]]}},{"type":"Feature","properties":{"id":"excl-a-564","kind":"exclusion","name":"Creek exclusion zone","acres":11.9,"editable":true,"source":"MAP mesic valley bottoms + 10-yr NDVI persistence + IrrMapper + NWI (V3 rule) + collar shape rules (4 Sep 2026)","strm_type":"Perennial","veg_pct":94.8,"pts":21,"enforce":"ok"},"geometry":{"type":"Polygon","coordinates":[[[-108.681837,42.661631],[-108.683198,42.660625],[-108.688765,42.657869],[-108.688759,42.656451],[-108.690796,42.654417],[-108.692987,42.653118],[-108.69264,42.651911],[-108.692839,42.650212],[-108.692911,42.650213],[-108.693093,42.652389],[-108.693947,42.652986],[-108.695071,42.652964],[-108.695078,42.653014],[-108.693458,42.653214],[-108.691166,42.654529],[-108.688985,42.656591],[-108.688752,42.658215],[-108.683684,42.660634],[-108.682212,42.661805],[-108.682098,42.661687],[-108.681938,42.66174],[-108.681837,42.661631]]]}},{"type":"Feature","properties":{"id":"excl-a-565","kind":"exclusion","name":"Creek exclusion zone","acres":24.9,"editable":true,"source":"MAP mesic valley bottoms + 10-yr NDVI persistence + IrrMapper + NWI (V3 rule) + collar shape rules (4 Sep 2026)","strm_type":"Perennial","veg_pct":96.4,"pts":23,"enforce":"ok"},"geometry":{"type":"Polygon","coordinates":[[[-108.655888,42.667659],[-108.655915,42.666804],[-108.654874,42.665164],[-108.655048,42.664544],[-108.652934,42.661598],[-108.652886,42.660344],[-108.651163,42.659236],[-108.649499,42.656511],[-108.648103,42.655715],[-108.647239,42.654673],[-108.647425,42.654467],[-108.647818,42.654512],[-108.648451,42.655407],[-108.649951,42.656],[-108.6519,42.659215],[-108.652823,42.659427],[-108.65347,42.660156],[-108.653352,42.661441],[-108.655598,42.66414],[-108.656696,42.667668],[-108.657694,42.669692],[-108.657307,42.669819],[-108.656819,42.668661],[-108.655888,42.667659]]]}},{"type":"Feature","properties":{"id":"excl-a-566","kind":"exclusion","name":"Creek exclusion zone","acres":3.7,"editable":true,"source":"MAP mesic valley bottoms + 10-yr NDVI persistence + IrrMapper + NWI (V3 rule) + collar shape rules (4 Sep 2026)","strm_type":"Perennial","veg_pct":97.2,"pts":6,"enforce":"ok"},"geometry":{"type":"Polygon","coordinates":[[[-108.645035,42.651685],[-108.645255,42.651581],[-108.646054,42.652105],[-108.646722,42.653905],[-108.646501,42.654001],[-108.645794,42.653496],[-108.645035,42.651685]]]}},{"type":"Feature","properties":{"id":"excl-a-567","kind":"exclusion","name":"Creek exclusion zone","acres":4.8,"editable":true,"source":"MAP mesic valley bottoms + 10-yr NDVI persistence + IrrMapper + NWI (V3 rule) + collar shape rules (4 Sep 2026)","strm_type":"Perennial","veg_pct":60.0,"pts":11,"enforce":"ok"},"geometry":{"type":"Polygon","coordinates":[[[-108.672657,42.680644],[-108.673518,42.679419],[-108.674308,42.67912],[-108.674333,42.679152],[-108.673979,42.679326],[-108.672342,42.681451],[-108.670923,42.681629],[-108.670654,42.682195],[-108.670352,42.68219],[-108.670173,42.681753],[-108.67066,42.681177],[-108.672657,42.680644]]]}},{"type":"Feature","properties":{"id":"excl-a-568","kind":"exclusion","name":"Creek exclusion zone","acres":1.8,"editable":true,"source":"MAP mesic valley bottoms + 10-yr NDVI persistence + IrrMapper + NWI (V3 rule) + collar shape rules (4 Sep 2026)","strm_type":"Perennial","veg_pct":60.0,"pts":9,"enforce":"ok"},"geometry":{"type":"Polygon","coordinates":[[[-108.67418,42.677757],[-108.674814,42.676848],[-108.675605,42.676632],[-108.675713,42.676759],[-108.674651,42.677522],[-108.675374,42.678149],[-108.67531,42.678362],[-108.675146,42.67837],[-108.674991,42.678055],[-108.67418,42.677757]]]}},{"type":"Feature","properties":{"id":"excl-a-569","kind":"exclusion","name":"Creek exclusion zone","acres":0.6,"editable":true,"source":"MAP mesic valley bottoms + 10-yr NDVI persistence + IrrMapper + NWI (V3 rule) + collar shape rules (4 Sep 2026)","strm_type":"Perennial","veg_pct":60.0,"pts":6,"enforce":"ok"},"geometry":{"type":"Polygon","coordinates":[[[-108.641724,42.78375],[-108.641644,42.783722],[-108.64158,42.783023],[-108.641835,42.782939],[-108.642117,42.783154],[-108.641798,42.783709],[-108.641724,42.78375]]]}},{"type":"Feature","properties":{"id":"excl-a-570","kind":"exclusion","name":"Creek exclusion zone","acres":0.1,"editable":true,"source":"MAP mesic valley bottoms + 10-yr NDVI persistence + IrrMapper + NWI (V3 rule) + collar shape rules (4 Sep 2026)","strm_type":"Perennial","veg_pct":60.0,"pts":5,"enforce":"narrow"},"geometry":{"type":"Polygon","coordinates":[[[-108.644732,42.710542],[-108.644677,42.710499],[-108.645012,42.710204],[-108.645082,42.710234],[-108.645007,42.710391],[-108.644732,42.710542]]]}},{"type":"Feature","properties":{"id":"excl-a-571","kind":"exclusion","name":"Creek exclusion zone","acres":2.4,"editable":true,"source":"MAP mesic valley bottoms + 10-yr NDVI persistence + IrrMapper + NWI (V3 rule) + collar shape rules (4 Sep 2026)","strm_type":"Perennial","veg_pct":60.0,"pts":12,"enforce":"ok"},"geometry":{"type":"Polygon","coordinates":[[[-108.644886,42.714368],[-108.644661,42.71469],[-108.643591,42.714891],[-108.643378,42.715208],[-108.643339,42.715195],[-108.643541,42.714812],[-108.644552,42.714376],[-108.644005,42.713311],[-108.643694,42.712051],[-108.643898,42.711394],[-108.644035,42.711402],[-108.64419,42.713419],[-108.644886,42.714368]]]}},{"type":"Feature","properties":{"id":"excl-a-572","kind":"exclusion","name":"Creek exclusion zone","acres":20.5,"editable":true,"source":"MAP mesic valley bottoms + 10-yr NDVI persistence + IrrMapper + NWI (V3 rule) + collar shape rules (4 Sep 2026)","strm_type":"Perennial","veg_pct":59.6,"pts":26,"enforce":"ok"},"geometry":{"type":"Polygon","coordinates":[[[-108.647366,42.730014],[-108.646173,42.729987],[-108.646024,42.730785],[-108.644616,42.730697],[-108.644061,42.729712],[-108.644338,42.729028],[-108.64396,42.728901],[-108.643941,42.72862],[-108.644864,42.728223],[-108.645944,42.72846],[-108.646669,42.728173],[-108.64676,42.725739],[-108.647251,42.725456],[-108.647846,42.725553],[-108.648089,42.725946],[-108.647526,42.726705],[-108.648111,42.727692],[-108.646904,42.728238],[-108.647067,42.728531],[-108.646884,42.728727],[-108.64659,42.728721],[-108.646578,42.729081],[-108.647273,42.729094],[-108.647276,42.729004],[-108.647325,42.728997],[-108.647511,42.729333],[-108.647366,42.730014]]]}},{"type":"Feature","properties":{"id":"excl-a-573","kind":"exclusion","name":"Creek exclusion zone","acres":2.9,"editable":true,"source":"MAP mesic valley bottoms + 10-yr NDVI persistence + IrrMapper + NWI (V3 rule) + collar shape rules (4 Sep 2026)","strm_type":"Perennial","veg_pct":60.0,"pts":8,"enforce":"ok"},"geometry":{"type":"Polygon","coordinates":[[[-108.640586,42.824371],[-108.640313,42.824086],[-108.6405,42.823775],[-108.641427,42.823453],[-108.641267,42.82313],[-108.641466,42.823027],[-108.642309,42.823539],[-108.641347,42.824329],[-108.640586,42.824371]]]}},{"type":"Feature","properties":{"id":"excl-a-574","kind":"exclusion","name":"Creek exclusion zone","acres":0.8,"editable":true,"source":"MAP mesic valley bottoms + 10-yr NDVI persistence + IrrMapper + NWI (V3 rule) + collar shape rules (4 Sep 2026)","strm_type":"Perennial","veg_pct":60.0,"pts":6,"enforce":"ok"},"geometry":{"type":"Polygon","coordinates":[[[-108.643241,42.78482],[-108.643391,42.784595],[-108.64369,42.784563],[-108.644074,42.784751],[-108.644034,42.785072],[-108.643553,42.785223],[-108.643241,42.78482]]]}},{"type":"Feature","properties":{"id":"excl-a-575","kind":"exclusion","name":"Creek exclusion zone","acres":10.4,"editable":true,"source":"MAP mesic valley bottoms + 10-yr NDVI persistence + IrrMapper + NWI (V3 rule) + collar shape rules (4 Sep 2026)","strm_type":"Intermittent","veg_pct":42.2,"pts":8,"enforce":"ok"},"geometry":{"type":"Polygon","coordinates":[[[-108.651289,42.558194],[-108.651054,42.557462],[-108.651462,42.55712],[-108.654093,42.557511],[-108.658282,42.557418],[-108.660383,42.557763],[-108.660418,42.558082],[-108.654939,42.557759],[-108.651289,42.558194]]]}},{"type":"Feature","properties":{"id":"excl-a-576","kind":"exclusion","name":"Creek exclusion zone","acres":25.9,"editable":true,"source":"MAP mesic valley bottoms + 10-yr NDVI persistence + IrrMapper + NWI (V3 rule) + collar shape rules (4 Sep 2026)","strm_type":"Perennial","veg_pct":83.4,"pts":24,"enforce":"ok"},"geometry":{"type":"Polygon","coordinates":[[[-108.655633,42.702075],[-108.654255,42.7041],[-108.652985,42.703422],[-108.652523,42.703568],[-108.652416,42.704134],[-108.650834,42.704255],[-108.650341,42.704762],[-108.650182,42.704785],[-108.650082,42.704698],[-108.650542,42.703816],[-108.651502,42.703858],[-108.652253,42.7031],[-108.651991,42.701926],[-108.652344,42.701238],[-108.654767,42.700943],[-108.655639,42.700579],[-108.655723,42.700178],[-108.655952,42.700164],[-108.656529,42.701437],[-108.657302,42.701843],[-108.657904,42.701739],[-108.658446,42.701156],[-108.658489,42.701175],[-108.657888,42.701989],[-108.655633,42.702075]]]}},{"type":"Feature","properties":{"id":"excl-a-577","kind":"exclusion","name":"Creek exclusion zone","acres":1.6,"editable":true,"source":"MAP mesic valley bottoms + 10-yr NDVI persistence + IrrMapper + NWI (V3 rule) + collar shape rules (4 Sep 2026)","strm_type":"Perennial","veg_pct":60.0,"pts":10,"enforce":"ok"},"geometry":{"type":"Polygon","coordinates":[[[-108.649309,42.706083],[-108.648818,42.706844],[-108.648147,42.706678],[-108.647275,42.706989],[-108.647264,42.706973],[-108.649009,42.706268],[-108.648918,42.705094],[-108.649384,42.704982],[-108.649433,42.705051],[-108.64919,42.705191],[-108.649309,42.706083]]]}},{"type":"Feature","properties":{"id":"excl-a-578","kind":"exclusion","name":"Creek exclusion zone","acres":0.2,"editable":true,"source":"MAP mesic valley bottoms + 10-yr NDVI persistence + IrrMapper + NWI (V3 rule) + collar shape rules (4 Sep 2026)","strm_type":"Perennial","veg_pct":60.0,"pts":5,"enforce":"narrow"},"geometry":{"type":"Polygon","coordinates":[[[-108.644748,42.789222],[-108.644836,42.789171],[-108.645247,42.789479],[-108.645192,42.789553],[-108.644996,42.789522],[-108.644748,42.789222]]]}},{"type":"Feature","properties":{"id":"excl-a-579","kind":"exclusion","name":"Creek exclusion zone","acres":2.8,"editable":true,"source":"MAP mesic valley bottoms + 10-yr NDVI persistence + IrrMapper + NWI (V3 rule) + collar shape rules (4 Sep 2026)","strm_type":"Intermittent","veg_pct":33.0,"pts":7,"enforce":"ok"},"geometry":{"type":"Polygon","coordinates":[[[-108.648036,42.715914],[-108.648068,42.715735],[-108.650241,42.715543],[-108.651173,42.715792],[-108.652614,42.715654],[-108.652618,42.715673],[-108.648916,42.716177],[-108.648036,42.715914]]]}},{"type":"Feature","properties":{"id":"excl-a-580","kind":"exclusion","name":"Creek exclusion zone","acres":0.9,"editable":true,"source":"MAP mesic valley bottoms + 10-yr NDVI persistence + IrrMapper + NWI (V3 rule) + collar shape rules (4 Sep 2026)","strm_type":"Intermittent","veg_pct":77.7,"pts":5,"enforce":"ok"},"geometry":{"type":"Polygon","coordinates":[[[-108.648667,42.710068],[-108.649171,42.70949],[-108.649556,42.709502],[-108.649735,42.70975],[-108.648868,42.710219],[-108.648667,42.710068]]]}},{"type":"Feature","properties":{"id":"excl-a-581","kind":"exclusion","name":"Creek exclusion zone","acres":0.8,"editable":true,"source":"MAP mesic valley bottoms + 10-yr NDVI persistence + IrrMapper + NWI (V3 rule) + collar shape rules (4 Sep 2026)","strm_type":"Intermittent","veg_pct":12.6,"pts":5,"enforce":"ok"},"geometry":{"type":"Polygon","coordinates":[[[-108.650809,42.698232],[-108.650986,42.698014],[-108.651318,42.698022],[-108.651704,42.698585],[-108.65144,42.698766],[-108.650809,42.698232]]]}},{"type":"Feature","properties":{"id":"excl-a-582","kind":"exclusion","name":"Creek exclusion zone","acres":0.5,"editable":true,"source":"MAP mesic valley bottoms + 10-yr NDVI persistence + IrrMapper + NWI (V3 rule) + collar shape rules (4 Sep 2026)","strm_type":"Intermittent","veg_pct":14.7,"pts":6,"enforce":"narrow"},"geometry":{"type":"Polygon","coordinates":[[[-108.650019,42.696364],[-108.650145,42.69634],[-108.650864,42.696969],[-108.650786,42.697079],[-108.650608,42.697089],[-108.649988,42.696471],[-108.650019,42.696364]]]}},{"type":"Feature","properties":{"id":"excl-a-583","kind":"exclusion","name":"Creek exclusion zone","acres":2.8,"editable":true,"source":"MAP mesic valley bottoms + 10-yr NDVI persistence + IrrMapper + NWI (V3 rule) + collar shape rules (4 Sep 2026)","strm_type":"Perennial","veg_pct":60.0,"pts":10,"enforce":"ok"},"geometry":{"type":"Polygon","coordinates":[[[-108.647341,42.816128],[-108.64644,42.815859],[-108.64599,42.816023],[-108.645881,42.815932],[-108.646058,42.815737],[-108.646801,42.815736],[-108.647151,42.815118],[-108.647871,42.814963],[-108.648242,42.815214],[-108.64813,42.815615],[-108.647341,42.816128]]]}},{"type":"Feature","properties":{"id":"excl-a-584","kind":"exclusion","name":"Creek exclusion zone","acres":24.7,"editable":true,"source":"MAP mesic valley bottoms + 10-yr NDVI persistence + IrrMapper + NWI (V3 rule) + collar shape rules (4 Sep 2026)","strm_type":"Intermittent","veg_pct":93.0,"pts":24,"enforce":"ok"},"geometry":{"type":"Polygon","coordinates":[[[-108.663553,42.524374],[-108.665611,42.52529],[-108.667413,42.525488],[-108.668708,42.526285],[-108.671508,42.526971],[-108.672405,42.527847],[-108.675528,42.528681],[-108.675526,42.528895],[-108.675115,42.529001],[-108.673078,42.528537],[-108.659851,42.523633],[-108.659384,42.523317],[-108.659392,42.523204],[-108.659491,42.523151],[-108.659376,42.523034],[-108.658964,42.522792],[-108.658827,42.522941],[-108.657975,42.522365],[-108.657993,42.522263],[-108.6581,42.522221],[-108.657998,42.522004],[-108.657988,42.521873],[-108.658119,42.521822],[-108.662376,42.524252],[-108.663553,42.524374]]]}},{"type":"Feature","properties":{"id":"excl-a-585","kind":"exclusion","name":"Creek exclusion zone","acres":2.8,"editable":true,"source":"MAP mesic valley bottoms + 10-yr NDVI persistence + IrrMapper + NWI (V3 rule) + collar shape rules (4 Sep 2026)","strm_type":"Intermittent","veg_pct":90.6,"pts":11,"enforce":"ok"},"geometry":{"type":"Polygon","coordinates":[[[-108.657061,42.520574],[-108.65778,42.519789],[-108.658127,42.519898],[-108.657633,42.521063],[-108.657755,42.521345],[-108.657673,42.52141],[-108.657555,42.52139],[-108.657484,42.521812],[-108.6575,42.521933],[-108.657393,42.521973],[-108.656976,42.52169],[-108.657061,42.520574]]]}},{"type":"Feature","properties":{"id":"excl-a-586","kind":"exclusion","name":"Creek exclusion zone","acres":0.2,"editable":true,"source":"MAP mesic valley bottoms + 10-yr NDVI persistence + IrrMapper + NWI (V3 rule) + collar shape rules (4 Sep 2026)","strm_type":"Intermittent","veg_pct":85.1,"pts":8,"enforce":"ok"},"geometry":{"type":"Polygon","coordinates":[[[-108.657735,42.521647],[-108.657826,42.521667],[-108.657891,42.521717],[-108.657886,42.521852],[-108.657725,42.521917],[-108.657635,42.521897],[-108.65757,42.521846],[-108.657575,42.521711],[-108.657735,42.521647]]]}},{"type":"Feature","properties":{"id":"excl-a-587","kind":"exclusion","name":"Creek exclusion zone","acres":0.1,"editable":true,"source":"MAP mesic valley bottoms + 10-yr NDVI persistence + IrrMapper + NWI (V3 rule) + collar shape rules (4 Sep 2026)","strm_type":"Perennial","veg_pct":60.0,"pts":5,"enforce":"narrow"},"geometry":{"type":"Polygon","coordinates":[[[-108.647016,42.791754],[-108.647085,42.791788],[-108.647108,42.792027],[-108.646997,42.792067],[-108.646874,42.791984],[-108.647016,42.791754]]]}},{"type":"Feature","properties":{"id":"excl-a-588","kind":"exclusion","name":"Creek exclusion zone","acres":0.2,"editable":true,"source":"MAP mesic valley bottoms + 10-yr NDVI persistence + IrrMapper + NWI (V3 rule) + collar shape rules (4 Sep 2026)","strm_type":"Perennial","veg_pct":60.0,"pts":5,"enforce":"ok"},"geometry":{"type":"Polygon","coordinates":[[[-108.64723,42.793646],[-108.647241,42.793421],[-108.647403,42.793392],[-108.64755,42.793485],[-108.647523,42.793704],[-108.64723,42.793646]]]}},{"type":"Feature","properties":{"id":"excl-a-589","kind":"exclusion","name":"Creek exclusion zone","acres":12.5,"editable":true,"source":"MAP mesic valley bottoms + 10-yr NDVI persistence + IrrMapper + NWI (V3 rule) + collar shape rules (4 Sep 2026)","strm_type":"Intermittent","veg_pct":86.2,"pts":24,"enforce":"ok"},"geometry":{"type":"Polygon","coordinates":[[[-108.684639,42.617627],[-108.686392,42.617206],[-108.687722,42.616185],[-108.692983,42.615263],[-108.694526,42.614117],[-108.694956,42.613129],[-108.698096,42.611443],[-108.699237,42.610401],[-108.699399,42.610471],[-108.699394,42.610606],[-108.699233,42.61067],[-108.699073,42.610587],[-108.699026,42.610659],[-108.699265,42.610748],[-108.69858,42.6115],[-108.695155,42.613484],[-108.694958,42.614175],[-108.693467,42.615348],[-108.688401,42.616395],[-108.684858,42.618028],[-108.683769,42.617965],[-108.683482,42.617949],[-108.683662,42.617768],[-108.683842,42.617586],[-108.684639,42.617627]]]}},{"type":"Feature","properties":{"id":"excl-a-590","kind":"exclusion","name":"Creek exclusion zone","acres":14.5,"editable":true,"source":"MAP mesic valley bottoms + 10-yr NDVI persistence + IrrMapper + NWI (V3 rule) + collar shape rules (4 Sep 2026)","strm_type":"Intermittent","veg_pct":90.4,"pts":19,"enforce":"ok"},"geometry":{"type":"Polygon","coordinates":[[[-108.683662,42.617768],[-108.683482,42.617949],[-108.681716,42.617846],[-108.679364,42.616929],[-108.676171,42.618028],[-108.674746,42.618148],[-108.673274,42.619612],[-108.669429,42.620915],[-108.666724,42.622671],[-108.666539,42.622516],[-108.668851,42.620993],[-108.672866,42.619527],[-108.674862,42.617664],[-108.676924,42.617353],[-108.679367,42.616289],[-108.681689,42.617473],[-108.683555,42.617571],[-108.683842,42.617586],[-108.683662,42.617768]]]}},{"type":"Feature","properties":{"id":"excl-a-591","kind":"exclusion","name":"Creek exclusion zone","acres":0.7,"editable":true,"source":"MAP mesic valley bottoms + 10-yr NDVI persistence + IrrMapper + NWI (V3 rule) + collar shape rules (4 Sep 2026)","strm_type":"Intermittent","veg_pct":44.2,"pts":7,"enforce":"narrow"},"geometry":{"type":"Polygon","coordinates":[[[-108.701024,42.608819],[-108.69947,42.610523],[-108.699458,42.610518],[-108.699515,42.610438],[-108.699402,42.610396],[-108.699369,42.61028],[-108.70099,42.6088],[-108.701024,42.608819]]]}},{"type":"Feature","properties":{"id":"excl-a-592","kind":"exclusion","name":"Creek exclusion zone","acres":9.3,"editable":true,"source":"MAP mesic valley bottoms + 10-yr NDVI persistence + IrrMapper + NWI (V3 rule) + collar shape rules (4 Sep 2026)","strm_type":"Intermittent","veg_pct":82.4,"pts":17,"enforce":"ok"},"geometry":{"type":"Polygon","coordinates":[[[-108.659951,42.632011],[-108.662246,42.637846],[-108.663743,42.640159],[-108.663828,42.641605],[-108.66371,42.641651],[-108.663586,42.641583],[-108.663348,42.641628],[-108.663219,42.641255],[-108.663444,42.640304],[-108.661979,42.637976],[-108.659885,42.632423],[-108.6582,42.630719],[-108.658156,42.63063],[-108.658239,42.630551],[-108.658528,42.630574],[-108.658748,42.630334],[-108.659951,42.632011]]]}},{"type":"Feature","properties":{"id":"excl-a-593","kind":"exclusion","name":"Creek exclusion zone","acres":17.3,"editable":true,"source":"MAP mesic valley bottoms + 10-yr NDVI persistence + IrrMapper + NWI (V3 rule) + collar shape rules (4 Sep 2026)","strm_type":"Intermittent","veg_pct":77.1,"pts":25,"enforce":"ok"},"geometry":{"type":"Polygon","coordinates":[[[-108.655258,42.625656],[-108.658841,42.622295],[-108.660804,42.62153],[-108.663075,42.619605],[-108.663221,42.619669],[-108.662921,42.620248],[-108.660862,42.621751],[-108.658961,42.622487],[-108.655994,42.625047],[-108.655283,42.626336],[-108.65652,42.627654],[-108.663767,42.624341],[-108.666539,42.622516],[-108.666724,42.622671],[-108.664019,42.624427],[-108.657559,42.627651],[-108.657444,42.628516],[-108.658748,42.630334],[-108.658528,42.630574],[-108.658239,42.630551],[-108.658195,42.630593],[-108.658134,42.630586],[-108.658112,42.630541],[-108.657004,42.628293],[-108.655139,42.626827],[-108.655258,42.625656]]]}},{"type":"Feature","properties":{"id":"excl-a-594","kind":"exclusion","name":"Creek exclusion zone","acres":30.1,"editable":true,"source":"MAP mesic valley bottoms + 10-yr NDVI persistence + IrrMapper + NWI (V3 rule) + collar shape rules (4 Sep 2026)","strm_type":"Intermittent","veg_pct":73.3,"pts":20,"enforce":"ok"},"geometry":{"type":"Polygon","coordinates":[[[-108.672266,42.641741],[-108.666939,42.646505],[-108.666111,42.647987],[-108.66801,42.654412],[-108.668379,42.661998],[-108.667727,42.662882],[-108.667502,42.662839],[-108.667717,42.654322],[-108.663348,42.641628],[-108.663586,42.641583],[-108.663835,42.64172],[-108.66387,42.642327],[-108.66523,42.646299],[-108.665927,42.647054],[-108.666524,42.646852],[-108.66949,42.643404],[-108.670994,42.642623],[-108.673653,42.639688],[-108.673724,42.639687],[-108.67376,42.639723],[-108.672266,42.641741]]]}},{"type":"Feature","properties":{"id":"excl-a-595","kind":"exclusion","name":"Creek exclusion zone","acres":9.8,"editable":true,"source":"MAP mesic valley bottoms + 10-yr NDVI persistence + IrrMapper + NWI (V3 rule) + collar shape rules (4 Sep 2026)","strm_type":"Intermittent","veg_pct":70.4,"pts":8,"enforce":"ok"},"geometry":{"type":"Polygon","coordinates":[[[-108.651589,42.755691],[-108.651468,42.754789],[-108.650474,42.753526],[-108.651415,42.753145],[-108.652209,42.754039],[-108.652937,42.754172],[-108.653503,42.755514],[-108.652654,42.756232],[-108.651589,42.755691]]]}},{"type":"Feature","properties":{"id":"excl-a-596","kind":"exclusion","name":"Creek exclusion zone","acres":1.4,"editable":true,"source":"MAP mesic valley bottoms + 10-yr NDVI persistence + IrrMapper + NWI (V3 rule) + collar shape rules (4 Sep 2026)","strm_type":"Perennial","veg_pct":60.0,"pts":8,"enforce":"ok"},"geometry":{"type":"Polygon","coordinates":[[[-108.650661,42.815759],[-108.650182,42.815798],[-108.649909,42.815595],[-108.650189,42.815189],[-108.651102,42.815122],[-108.651461,42.815323],[-108.65139,42.815432],[-108.650997,42.815361],[-108.650661,42.815759]]]}},{"type":"Feature","properties":{"id":"excl-a-597","kind":"exclusion","name":"Creek exclusion zone","acres":1.0,"editable":true,"source":"MAP mesic valley bottoms + 10-yr NDVI persistence + IrrMapper + NWI (V3 rule) + collar shape rules (4 Sep 2026)","strm_type":"Perennial","veg_pct":60.0,"pts":6,"enforce":"ok"},"geometry":{"type":"Polygon","coordinates":[[[-108.651948,42.799473],[-108.652131,42.799344],[-108.652994,42.799729],[-108.653126,42.799952],[-108.65295,42.800087],[-108.652259,42.79989],[-108.651948,42.799473]]]}},{"type":"Feature","properties":{"id":"excl-a-598","kind":"exclusion","name":"Creek exclusion zone","acres":0.3,"editable":true,"source":"MAP mesic valley bottoms + 10-yr NDVI persistence + IrrMapper + NWI (V3 rule) + collar shape rules (4 Sep 2026)","strm_type":"Perennial","veg_pct":60.0,"pts":6,"enforce":"ok"},"geometry":{"type":"Polygon","coordinates":[[[-108.650838,42.7982],[-108.65099,42.798135],[-108.651176,42.798244],[-108.651264,42.798618],[-108.651106,42.79867],[-108.650891,42.798471],[-108.650838,42.7982]]]}},{"type":"Feature","properties":{"id":"excl-a-599","kind":"exclusion","name":"Creek exclusion zone","acres":14.7,"editable":true,"source":"MAP mesic valley bottoms + 10-yr NDVI persistence + IrrMapper + NWI (V3 rule) + collar shape rules (4 Sep 2026)","strm_type":"Perennial","veg_pct":92.8,"pts":17,"enforce":"ok"},"geometry":{"type":"Polygon","coordinates":[[[-108.658535,42.744956],[-108.66056,42.744267],[-108.661078,42.745343],[-108.66143,42.745351],[-108.66156,42.745561],[-108.661102,42.745975],[-108.657427,42.745257],[-108.653743,42.745023],[-108.653547,42.744703],[-108.654133,42.744121],[-108.654238,42.744136],[-108.65427,42.744223],[-108.655013,42.74404],[-108.655209,42.743982],[-108.655163,42.743898],[-108.655203,42.743879],[-108.655913,42.744415],[-108.658535,42.744956]]]}},{"type":"Feature","properties":{"id":"excl-a-600","kind":"exclusion","name":"Creek exclusion zone","acres":3.2,"editable":true,"source":"MAP mesic valley bottoms + 10-yr NDVI persistence + IrrMapper + NWI (V3 rule) + collar shape rules (4 Sep 2026)","strm_type":"Perennial","veg_pct":92.4,"pts":6,"enforce":"ok"},"geometry":{"type":"Polygon","coordinates":[[[-108.654586,42.740983],[-108.654932,42.741341],[-108.654949,42.743671],[-108.654704,42.743734],[-108.654449,42.743606],[-108.654323,42.741049],[-108.654586,42.740983]]]}},{"type":"Feature","properties":{"id":"excl-a-601","kind":"exclusion","name":"Creek exclusion zone","acres":0.2,"editable":true,"source":"MAP mesic valley bottoms + 10-yr NDVI persistence + IrrMapper + NWI (V3 rule) + collar shape rules (4 Sep 2026)","strm_type":"Perennial","veg_pct":93.8,"pts":8,"enforce":"ok"},"geometry":{"type":"Polygon","coordinates":[[[-108.654612,42.743816],[-108.654703,42.743836],[-108.654768,42.743887],[-108.654763,42.744022],[-108.654602,42.744086],[-108.654511,42.744066],[-108.654446,42.744015],[-108.654451,42.74388],[-108.654612,42.743816]]]}},{"type":"Feature","properties":{"id":"excl-a-602","kind":"exclusion","name":"Creek exclusion zone","acres":0.1,"editable":true,"source":"MAP mesic valley bottoms + 10-yr NDVI persistence + IrrMapper + NWI (V3 rule) + collar shape rules (4 Sep 2026)","strm_type":"Perennial","veg_pct":60.0,"pts":5,"enforce":"narrow"},"geometry":{"type":"Polygon","coordinates":[[[-108.653923,42.752501],[-108.654006,42.752517],[-108.654108,42.752722],[-108.654007,42.752794],[-108.653846,42.752744],[-108.653923,42.752501]]]}},{"type":"Feature","properties":{"id":"excl-a-603","kind":"exclusion","name":"Creek exclusion zone","acres":0.5,"editable":true,"source":"MAP mesic valley bottoms + 10-yr NDVI persistence + IrrMapper + NWI (V3 rule) + collar shape rules (4 Sep 2026)","strm_type":"Intermittent","veg_pct":16.8,"pts":6,"enforce":"ok"},"geometry":{"type":"Polygon","coordinates":[[[-108.655369,42.715804],[-108.655433,42.715666],[-108.655616,42.715635],[-108.656143,42.716125],[-108.65607,42.716249],[-108.655874,42.71626],[-108.655369,42.715804]]]}},{"type":"Feature","properties":{"id":"excl-a-604","kind":"exclusion","name":"Creek exclusion zone","acres":0.1,"editable":true,"source":"MAP mesic valley bottoms + 10-yr NDVI persistence + IrrMapper + NWI (V3 rule) + collar shape rules (4 Sep 2026)","strm_type":"Perennial","veg_pct":60.0,"pts":5,"enforce":"narrow"},"geometry":{"type":"Polygon","coordinates":[[[-108.652926,42.814424],[-108.652826,42.814271],[-108.652952,42.814185],[-108.653206,42.814294],[-108.653111,42.814427],[-108.652926,42.814424]]]}},{"type":"Feature","properties":{"id":"excl-a-605","kind":"exclusion","name":"Creek exclusion zone","acres":0.2,"editable":true,"source":"MAP mesic valley bottoms + 10-yr NDVI persistence + IrrMapper + NWI (V3 rule) + collar shape rules (4 Sep 2026)","strm_type":"Perennial","veg_pct":85.6,"pts":5,"enforce":"narrow"},"geometry":{"type":"Polygon","coordinates":[[[-108.656523,42.736425],[-108.656533,42.736126],[-108.65667,42.736061],[-108.656803,42.736103],[-108.656657,42.736441],[-108.656523,42.736425]]]}},{"type":"Feature","properties":{"id":"excl-a-606","kind":"exclusion","name":"Creek exclusion zone","acres":0.4,"editable":true,"source":"MAP mesic valley bottoms + 10-yr NDVI persistence + IrrMapper + NWI (V3 rule) + collar shape rules (4 Sep 2026)","strm_type":"Perennial","veg_pct":60.0,"pts":5,"enforce":"ok"},"geometry":{"type":"Polygon","coordinates":[[[-108.654225,42.811542],[-108.654572,42.810894],[-108.654765,42.810898],[-108.654853,42.811096],[-108.654298,42.811571],[-108.654225,42.811542]]]}},{"type":"Feature","properties":{"id":"excl-a-607","kind":"exclusion","name":"Creek exclusion zone","acres":1.6,"editable":true,"source":"MAP mesic valley bottoms + 10-yr NDVI persistence + IrrMapper + NWI (V3 rule) + collar shape rules (4 Sep 2026)","strm_type":"Intermittent","veg_pct":61.4,"pts":8,"enforce":"ok"},"geometry":{"type":"Polygon","coordinates":[[[-108.66761,42.521817],[-108.666218,42.521305],[-108.666139,42.521212],[-108.666195,42.521124],[-108.666316,42.521112],[-108.666186,42.52069],[-108.666401,42.520608],[-108.667723,42.521709],[-108.66761,42.521817]]]}},{"type":"Feature","properties":{"id":"excl-a-608","kind":"exclusion","name":"Creek exclusion zone","acres":0.1,"editable":true,"source":"MAP mesic valley bottoms + 10-yr NDVI persistence + IrrMapper + NWI (V3 rule) + collar shape rules (4 Sep 2026)","strm_type":"Intermittent","veg_pct":50.2,"pts":5,"enforce":"narrow"},"geometry":{"type":"Polygon","coordinates":[[[-108.665378,42.520144],[-108.665516,42.520189],[-108.66559,42.520399],[-108.66548,42.520434],[-108.66527,42.520187],[-108.665378,42.520144]]]}},{"type":"Feature","properties":{"id":"excl-a-609","kind":"exclusion","name":"Creek exclusion zone","acres":0.2,"editable":true,"source":"MAP mesic valley bottoms + 10-yr NDVI persistence + IrrMapper + NWI (V3 rule) + collar shape rules (4 Sep 2026)","strm_type":"Intermittent","veg_pct":50.2,"pts":8,"enforce":"ok"},"geometry":{"type":"Polygon","coordinates":[[[-108.665925,42.520486],[-108.666016,42.520506],[-108.666081,42.520557],[-108.666076,42.520692],[-108.665915,42.520756],[-108.665825,42.520736],[-108.66576,42.520685],[-108.665765,42.52055],[-108.665925,42.520486]]]}},{"type":"Feature","properties":{"id":"excl-a-610","kind":"exclusion","name":"Creek exclusion zone","acres":1.7,"editable":true,"source":"MAP mesic valley bottoms + 10-yr NDVI persistence + IrrMapper + NWI (V3 rule) + collar shape rules (4 Sep 2026)","strm_type":"Intermittent","veg_pct":26.3,"pts":6,"enforce":"ok"},"geometry":{"type":"Polygon","coordinates":[[[-108.65873,42.716322],[-108.658851,42.716073],[-108.660054,42.715995],[-108.660294,42.716352],[-108.660027,42.716632],[-108.659036,42.716544],[-108.65873,42.716322]]]}},{"type":"Feature","properties":{"id":"excl-a-611","kind":"exclusion","name":"Creek exclusion zone","acres":2.8,"editable":true,"source":"MAP mesic valley bottoms + 10-yr NDVI persistence + IrrMapper + NWI (V3 rule) + collar shape rules (4 Sep 2026)","strm_type":"Perennial","veg_pct":60.0,"pts":9,"enforce":"ok"},"geometry":{"type":"Polygon","coordinates":[[[-108.655887,42.807863],[-108.656489,42.807234],[-108.656422,42.807056],[-108.65643,42.807055],[-108.656486,42.807182],[-108.657416,42.807332],[-108.657792,42.807707],[-108.657596,42.808028],[-108.656092,42.808126],[-108.655887,42.807863]]]}},{"type":"Feature","properties":{"id":"excl-a-612","kind":"exclusion","name":"Creek exclusion zone","acres":1.0,"editable":true,"source":"MAP mesic valley bottoms + 10-yr NDVI persistence + IrrMapper + NWI (V3 rule) + collar shape rules (4 Sep 2026)","strm_type":"Perennial","veg_pct":60.0,"pts":9,"enforce":"ok"},"geometry":{"type":"Polygon","coordinates":[[[-108.656273,42.808913],[-108.656335,42.809044],[-108.656212,42.809148],[-108.655849,42.809096],[-108.65545,42.809627],[-108.655261,42.809584],[-108.655389,42.808607],[-108.655443,42.808607],[-108.655471,42.808815],[-108.656273,42.808913]]]}},{"type":"Feature","properties":{"id":"excl-a-613","kind":"exclusion","name":"Creek exclusion zone","acres":0.4,"editable":true,"source":"MAP mesic valley bottoms + 10-yr NDVI persistence + IrrMapper + NWI (V3 rule) + collar shape rules (4 Sep 2026)","strm_type":"Perennial","veg_pct":60.0,"pts":5,"enforce":"ok"},"geometry":{"type":"Polygon","coordinates":[[[-108.656632,42.800476],[-108.656638,42.800279],[-108.657348,42.800044],[-108.657425,42.800117],[-108.656829,42.800544],[-108.656632,42.800476]]]}},{"type":"Feature","properties":{"id":"excl-a-614","kind":"exclusion","name":"Creek exclusion zone","acres":0.6,"editable":true,"source":"MAP mesic valley bottoms + 10-yr NDVI persistence + IrrMapper + NWI (V3 rule) + collar shape rules (4 Sep 2026)","strm_type":"Perennial","veg_pct":60.0,"pts":6,"enforce":"ok"},"geometry":{"type":"Polygon","coordinates":[[[-108.656028,42.801902],[-108.655751,42.801872],[-108.655484,42.801489],[-108.655924,42.801344],[-108.656229,42.801505],[-108.656196,42.801775],[-108.656028,42.801902]]]}},{"type":"Feature","properties":{"id":"excl-a-615","kind":"exclusion","name":"Creek exclusion zone","acres":9.5,"editable":true,"source":"MAP mesic valley bottoms + 10-yr NDVI persistence + IrrMapper + NWI (V3 rule) + collar shape rules (4 Sep 2026)","strm_type":"Intermittent","veg_pct":28.6,"pts":16,"enforce":"ok"},"geometry":{"type":"Polygon","coordinates":[[[-108.669714,42.708045],[-108.667641,42.707655],[-108.666513,42.707043],[-108.664032,42.707841],[-108.660692,42.707501],[-108.660693,42.707409],[-108.663105,42.707198],[-108.663824,42.707455],[-108.666893,42.70683],[-108.668005,42.707477],[-108.669949,42.707748],[-108.671284,42.709007],[-108.672543,42.709328],[-108.67303,42.709732],[-108.672904,42.709861],[-108.671158,42.70932],[-108.669714,42.708045]]]}},{"type":"Feature","properties":{"id":"excl-a-616","kind":"exclusion","name":"Creek exclusion zone","acres":2.3,"editable":true,"source":"MAP mesic valley bottoms + 10-yr NDVI persistence + IrrMapper + NWI (V3 rule) + collar shape rules (4 Sep 2026)","strm_type":"Intermittent","veg_pct":79.9,"pts":5,"enforce":"ok"},"geometry":{"type":"Polygon","coordinates":[[[-108.659469,42.753645],[-108.659704,42.75295],[-108.660133,42.752899],[-108.661126,42.753555],[-108.660665,42.75395],[-108.659469,42.753645]]]}},{"type":"Feature","properties":{"id":"excl-a-617","kind":"exclusion","name":"Creek exclusion zone","acres":1.7,"editable":true,"source":"MAP mesic valley bottoms + 10-yr NDVI persistence + IrrMapper + NWI (V3 rule) + collar shape rules (4 Sep 2026)","strm_type":"Intermittent","veg_pct":90.9,"pts":7,"enforce":"ok"},"geometry":{"type":"Polygon","coordinates":[[[-108.664097,42.669703],[-108.663844,42.669603],[-108.663992,42.669045],[-108.663633,42.668679],[-108.66383,42.668434],[-108.664573,42.668503],[-108.664485,42.669422],[-108.664097,42.669703]]]}},{"type":"Feature","properties":{"id":"excl-a-618","kind":"exclusion","name":"Creek exclusion zone","acres":2.0,"editable":true,"source":"MAP mesic valley bottoms + 10-yr NDVI persistence + IrrMapper + NWI (V3 rule) + collar shape rules (4 Sep 2026)","strm_type":"Perennial","veg_pct":38.8,"pts":6,"enforce":"ok"},"geometry":{"type":"Polygon","coordinates":[[[-108.66124,42.727086],[-108.66119,42.726745],[-108.662272,42.726179],[-108.662586,42.726308],[-108.662672,42.726642],[-108.662166,42.727097],[-108.66124,42.727086]]]}},{"type":"Feature","properties":{"id":"excl-a-619","kind":"exclusion","name":"Creek exclusion zone","acres":9.8,"editable":true,"source":"MAP mesic valley bottoms + 10-yr NDVI persistence + IrrMapper + NWI (V3 rule) + collar shape rules (4 Sep 2026)","strm_type":"Intermittent","veg_pct":59.6,"pts":11,"enforce":"ok"},"geometry":{"type":"Polygon","coordinates":[[[-108.666642,42.752461],[-108.666354,42.752378],[-108.66339,42.750447],[-108.662574,42.750623],[-108.662491,42.75116],[-108.661675,42.751158],[-108.661514,42.750889],[-108.663307,42.749424],[-108.664035,42.750085],[-108.665317,42.750436],[-108.666778,42.752346],[-108.666642,42.752461]]]}},{"type":"Feature","properties":{"id":"excl-a-620","kind":"exclusion","name":"Creek exclusion zone","acres":2.5,"editable":true,"source":"MAP mesic valley bottoms + 10-yr NDVI persistence + IrrMapper + NWI (V3 rule) + collar shape rules (4 Sep 2026)","strm_type":"Intermittent","veg_pct":93.3,"pts":5,"enforce":"ok"},"geometry":{"type":"Polygon","coordinates":[[[-108.665104,42.665978],[-108.665001,42.665647],[-108.666332,42.66462],[-108.666801,42.664954],[-108.665496,42.666086],[-108.665104,42.665978]]]}},{"type":"Feature","properties":{"id":"excl-a-621","kind":"exclusion","name":"Creek exclusion zone","acres":0.3,"editable":true,"source":"MAP mesic valley bottoms + 10-yr NDVI persistence + IrrMapper + NWI (V3 rule) + collar shape rules (4 Sep 2026)","strm_type":"Perennial","veg_pct":85.4,"pts":5,"enforce":"ok"},"geometry":{"type":"Polygon","coordinates":[[[-108.66292,42.734604],[-108.662866,42.734466],[-108.663282,42.734278],[-108.663428,42.734373],[-108.663285,42.734601],[-108.66292,42.734604]]]}},{"type":"Feature","properties":{"id":"excl-a-622","kind":"exclusion","name":"Creek exclusion zone","acres":0.5,"editable":true,"source":"MAP mesic valley bottoms + 10-yr NDVI persistence + IrrMapper + NWI (V3 rule) + collar shape rules (4 Sep 2026)","strm_type":"Perennial","veg_pct":60.0,"pts":6,"enforce":"ok"},"geometry":{"type":"Polygon","coordinates":[[[-108.664797,42.74285],[-108.664734,42.742705],[-108.665364,42.742397],[-108.665632,42.742382],[-108.665699,42.742499],[-108.665178,42.742839],[-108.664797,42.74285]]]}},{"type":"Feature","properties":{"id":"excl-a-623","kind":"exclusion","name":"Creek exclusion zone","acres":10.9,"editable":true,"source":"MAP mesic valley bottoms + 10-yr NDVI persistence + IrrMapper + NWI (V3 rule) + collar shape rules (4 Sep 2026)","strm_type":"Intermittent","veg_pct":30.5,"pts":9,"enforce":"ok"},"geometry":{"type":"Polygon","coordinates":[[[-108.665446,42.781973],[-108.664137,42.780427],[-108.664625,42.779886],[-108.664342,42.779221],[-108.665506,42.778865],[-108.666481,42.779311],[-108.666139,42.779969],[-108.666488,42.780959],[-108.665901,42.781949],[-108.665446,42.781973]]]}},{"type":"Feature","properties":{"id":"excl-a-624","kind":"exclusion","name":"Creek exclusion zone","acres":1.6,"editable":true,"source":"MAP mesic valley bottoms + 10-yr NDVI persistence + IrrMapper + NWI (V3 rule) + collar shape rules (4 Sep 2026)","strm_type":"Intermittent","veg_pct":96.1,"pts":6,"enforce":"ok"},"geometry":{"type":"Polygon","coordinates":[[[-108.677525,42.538804],[-108.677492,42.538723],[-108.680112,42.537892],[-108.680288,42.537964],[-108.680285,42.538104],[-108.6789,42.53863],[-108.677525,42.538804]]]}},{"type":"Feature","properties":{"id":"excl-a-625","kind":"exclusion","name":"Creek exclusion zone","acres":11.3,"editable":true,"source":"MAP mesic valley bottoms + 10-yr NDVI persistence + IrrMapper + NWI (V3 rule) + collar shape rules (4 Sep 2026)","strm_type":"Intermittent","veg_pct":88.8,"pts":10,"enforce":"ok"},"geometry":{"type":"Polygon","coordinates":[[[-108.668914,42.780989],[-108.668244,42.78077],[-108.668283,42.77981],[-108.669442,42.779778],[-108.669917,42.779119],[-108.670067,42.779157],[-108.669891,42.779941],[-108.67097,42.780552],[-108.671152,42.781976],[-108.670073,42.782459],[-108.668914,42.780989]]]}},{"type":"Feature","properties":{"id":"excl-a-626","kind":"exclusion","name":"Creek exclusion zone","acres":15.3,"editable":true,"source":"MAP mesic valley bottoms + 10-yr NDVI persistence + IrrMapper + NWI (V3 rule) + collar shape rules (4 Sep 2026)","strm_type":"Intermittent","veg_pct":75.0,"pts":22,"enforce":"ok"},"geometry":{"type":"Polygon","coordinates":[[[-108.683813,42.627383],[-108.677556,42.631148],[-108.676147,42.63332],[-108.674493,42.634622],[-108.674141,42.636123],[-108.675075,42.636997],[-108.678197,42.635812],[-108.679201,42.635755],[-108.679221,42.635834],[-108.677494,42.636228],[-108.675243,42.637267],[-108.674772,42.637762],[-108.674612,42.637709],[-108.674711,42.637385],[-108.673936,42.636272],[-108.673933,42.635109],[-108.675963,42.633134],[-108.677083,42.630947],[-108.683833,42.627112],[-108.686568,42.626178],[-108.686777,42.626329],[-108.686611,42.626609],[-108.683813,42.627383]]]}},{"type":"Feature","properties":{"id":"excl-a-627","kind":"exclusion","name":"Creek exclusion zone","acres":3.5,"editable":true,"source":"MAP mesic valley bottoms + 10-yr NDVI persistence + IrrMapper + NWI (V3 rule) + collar shape rules (4 Sep 2026)","strm_type":"Perennial","veg_pct":97.3,"pts":6,"enforce":"ok"},"geometry":{"type":"Polygon","coordinates":[[[-108.697074,42.729419],[-108.696867,42.729065],[-108.698108,42.727725],[-108.698547,42.727764],[-108.698715,42.728095],[-108.69762,42.729482],[-108.697074,42.729419]]]}},{"type":"Feature","properties":{"id":"excl-a-628","kind":"exclusion","name":"Creek exclusion zone","acres":16.4,"editable":true,"source":"MAP mesic valley bottoms + 10-yr NDVI persistence + IrrMapper + NWI (V3 rule) + collar shape rules (4 Sep 2026)","strm_type":"Perennial","veg_pct":96.4,"pts":18,"enforce":"ok"},"geometry":{"type":"Polygon","coordinates":[[[-108.683678,42.735595],[-108.684977,42.735385],[-108.686083,42.73311],[-108.691036,42.731831],[-108.692177,42.730809],[-108.69525,42.73034],[-108.695844,42.729859],[-108.695929,42.729905],[-108.695234,42.730798],[-108.692454,42.731155],[-108.691877,42.732097],[-108.689484,42.732926],[-108.687905,42.733008],[-108.68657,42.733701],[-108.685063,42.735976],[-108.683553,42.735833],[-108.683113,42.735363],[-108.683207,42.7353],[-108.683678,42.735595]]]}},{"type":"Feature","properties":{"id":"excl-a-629","kind":"exclusion","name":"Creek exclusion zone","acres":0.2,"editable":true,"source":"MAP mesic valley bottoms + 10-yr NDVI persistence + IrrMapper + NWI (V3 rule) + collar shape rules (4 Sep 2026)","strm_type":"Intermittent","veg_pct":80.5,"pts":7,"enforce":"narrow"},"geometry":{"type":"Polygon","coordinates":[[[-108.680956,42.733003],[-108.681106,42.733654],[-108.68107,42.733663],[-108.681014,42.733583],[-108.680936,42.733613],[-108.680857,42.733578],[-108.680855,42.733029],[-108.680956,42.733003]]]}},{"type":"Feature","properties":{"id":"excl-a-630","kind":"exclusion","name":"Creek exclusion zone","acres":10.1,"editable":true,"source":"MAP mesic valley bottoms + 10-yr NDVI persistence + IrrMapper + NWI (V3 rule) + collar shape rules (4 Sep 2026)","strm_type":"Perennial","veg_pct":91.8,"pts":29,"enforce":"ok"},"geometry":{"type":"Polygon","coordinates":[[[-108.675312,42.736208],[-108.677176,42.735653],[-108.678534,42.734696],[-108.679907,42.734788],[-108.68086,42.734195],[-108.680872,42.733688],[-108.680964,42.733672],[-108.68112,42.733743],[-108.681115,42.733878],[-108.680916,42.733934],[-108.680964,42.734007],[-108.681066,42.733968],[-108.681189,42.734013],[-108.681357,42.734745],[-108.682565,42.734897],[-108.682835,42.735066],[-108.683453,42.735726],[-108.683378,42.735816],[-108.683203,42.7358],[-108.68236,42.73532],[-108.681402,42.73557],[-108.679358,42.735119],[-108.678732,42.735312],[-108.67871,42.735722],[-108.676648,42.735834],[-108.67572,42.736399],[-108.675426,42.736358],[-108.675193,42.736356],[-108.675312,42.736208]]]}},{"type":"Feature","properties":{"id":"excl-a-631","kind":"exclusion","name":"Creek exclusion zone","acres":7.4,"editable":true,"source":"MAP mesic valley bottoms + 10-yr NDVI persistence + IrrMapper + NWI (V3 rule) + collar shape rules (4 Sep 2026)","strm_type":"Perennial","veg_pct":96.6,"pts":13,"enforce":"ok"},"geometry":{"type":"Polygon","coordinates":[[[-108.67554,42.736508],[-108.675059,42.736801],[-108.674312,42.738425],[-108.672964,42.738761],[-108.67106,42.74089],[-108.670519,42.741033],[-108.670328,42.740854],[-108.67227,42.738679],[-108.673973,42.737866],[-108.675193,42.736356],[-108.675426,42.736358],[-108.67572,42.736399],[-108.67554,42.736508]]]}},{"type":"Feature","properties":{"id":"excl-a-632","kind":"exclusion","name":"Creek exclusion zone","acres":5.3,"editable":true,"source":"MAP mesic valley bottoms + 10-yr NDVI persistence + IrrMapper + NWI (V3 rule) + collar shape rules (4 Sep 2026)","strm_type":"Intermittent","veg_pct":82.4,"pts":9,"enforce":"ok"},"geometry":{"type":"Polygon","coordinates":[[[-108.679089,42.728331],[-108.679372,42.728272],[-108.681164,42.729821],[-108.680905,42.732778],[-108.680956,42.733003],[-108.680906,42.733016],[-108.680855,42.73299],[-108.680846,42.730946],[-108.679035,42.728587],[-108.679089,42.728331]]]}},{"type":"Feature","properties":{"id":"excl-a-633","kind":"exclusion","name":"Creek exclusion zone","acres":4.9,"editable":true,"source":"MAP mesic valley bottoms + 10-yr NDVI persistence + IrrMapper + NWI (V3 rule) + collar shape rules (4 Sep 2026)","strm_type":"Intermittent","veg_pct":75.0,"pts":8,"enforce":"ok"},"geometry":{"type":"Polygon","coordinates":[[[-108.682928,42.73804],[-108.68482,42.738425],[-108.684753,42.738929],[-108.683279,42.738656],[-108.679868,42.736919],[-108.679645,42.736403],[-108.679799,42.736343],[-108.680337,42.736849],[-108.682928,42.73804]]]}},{"type":"Feature","properties":{"id":"excl-a-634","kind":"exclusion","name":"Creek exclusion zone","acres":4.8,"editable":true,"source":"MAP mesic valley bottoms + 10-yr NDVI persistence + IrrMapper + NWI (V3 rule) + collar shape rules (4 Sep 2026)","strm_type":"Intermittent","veg_pct":82.3,"pts":9,"enforce":"ok"},"geometry":{"type":"Polygon","coordinates":[[[-108.67079,42.758161],[-108.670455,42.758302],[-108.670169,42.758219],[-108.670235,42.756919],[-108.670982,42.755982],[-108.67128,42.755767],[-108.671809,42.755808],[-108.672095,42.756126],[-108.671038,42.757037],[-108.67079,42.758161]]]}},{"type":"Feature","properties":{"id":"excl-a-635","kind":"exclusion","name":"Creek exclusion zone","acres":0.3,"editable":true,"source":"MAP mesic valley bottoms + 10-yr NDVI persistence + IrrMapper + NWI (V3 rule) + collar shape rules (4 Sep 2026)","strm_type":"Intermittent","veg_pct":16.8,"pts":6,"enforce":"narrow"},"geometry":{"type":"Polygon","coordinates":[[[-108.672795,42.6969],[-108.672842,42.696801],[-108.673373,42.696825],[-108.673513,42.696903],[-108.673478,42.696989],[-108.673001,42.697009],[-108.672795,42.6969]]]}},{"type":"Feature","properties":{"id":"excl-a-636","kind":"exclusion","name":"Creek exclusion zone","acres":0.2,"editable":true,"source":"MAP mesic valley bottoms + 10-yr NDVI persistence + IrrMapper + NWI (V3 rule) + collar shape rules (4 Sep 2026)","strm_type":"Other","veg_pct":60.8,"pts":5,"enforce":"narrow"},"geometry":{"type":"Polygon","coordinates":[[[-108.671955,42.779294],[-108.671824,42.779249],[-108.671807,42.778943],[-108.671935,42.778924],[-108.672081,42.779221],[-108.671955,42.779294]]]}},{"type":"Feature","properties":{"id":"excl-a-637","kind":"exclusion","name":"Creek exclusion zone","acres":2.4,"editable":true,"source":"MAP mesic valley bottoms + 10-yr NDVI persistence + IrrMapper + NWI (V3 rule) + collar shape rules (4 Sep 2026)","strm_type":"Intermittent","veg_pct":21.3,"pts":6,"enforce":"ok"},"geometry":{"type":"Polygon","coordinates":[[[-108.674436,42.710101],[-108.674576,42.709955],[-108.675787,42.709973],[-108.677193,42.710759],[-108.677118,42.710867],[-108.674514,42.710251],[-108.674436,42.710101]]]}},{"type":"Feature","properties":{"id":"excl-a-638","kind":"exclusion","name":"Creek exclusion zone","acres":0.7,"editable":true,"source":"MAP mesic valley bottoms + 10-yr NDVI persistence + IrrMapper + NWI (V3 rule) + collar shape rules (4 Sep 2026)","strm_type":"Intermittent","veg_pct":13.8,"pts":7,"enforce":"ok"},"geometry":{"type":"Polygon","coordinates":[[[-108.675405,42.698777],[-108.675388,42.698387],[-108.675598,42.698346],[-108.675872,42.698735],[-108.676298,42.698831],[-108.676289,42.698997],[-108.675899,42.69906],[-108.675405,42.698777]]]}},{"type":"Feature","properties":{"id":"excl-a-639","kind":"exclusion","name":"Creek exclusion zone","acres":20.5,"editable":true,"source":"MAP mesic valley bottoms + 10-yr NDVI persistence + IrrMapper + NWI (V3 rule) + collar shape rules (4 Sep 2026)","strm_type":"Intermittent","veg_pct":50.2,"pts":18,"enforce":"ok"},"geometry":{"type":"Polygon","coordinates":[[[-108.680043,42.750112],[-108.679845,42.750814],[-108.677909,42.752701],[-108.678104,42.753206],[-108.681624,42.753679],[-108.681572,42.75399],[-108.681117,42.754199],[-108.678376,42.753501],[-108.675779,42.753825],[-108.674817,42.754293],[-108.674614,42.754164],[-108.67486,42.75377],[-108.677746,42.752467],[-108.679776,42.749237],[-108.682589,42.749043],[-108.685329,42.74809],[-108.685464,42.748216],[-108.684766,42.748854],[-108.680043,42.750112]]]}},{"type":"Feature","properties":{"id":"excl-a-640","kind":"exclusion","name":"Creek exclusion zone","acres":0.3,"editable":true,"source":"MAP mesic valley bottoms + 10-yr NDVI persistence + IrrMapper + NWI (V3 rule) + collar shape rules (4 Sep 2026)","strm_type":"Perennial","veg_pct":95.5,"pts":7,"enforce":"ok"},"geometry":{"type":"Polygon","coordinates":[[[-108.765509,42.629481],[-108.765298,42.629567],[-108.76501,42.629484],[-108.764936,42.629323],[-108.765017,42.629266],[-108.76514,42.629301],[-108.765321,42.629228],[-108.765509,42.629481]]]}},{"type":"Feature","properties":{"id":"excl-a-641","kind":"exclusion","name":"Creek exclusion zone","acres":0.2,"editable":true,"source":"MAP mesic valley bottoms + 10-yr NDVI persistence + IrrMapper + NWI (V3 rule) + collar shape rules (4 Sep 2026)","strm_type":"Ephemeral","veg_pct":95.6,"pts":4,"enforce":"narrow"},"geometry":{"type":"Polygon","coordinates":[[[-108.767475,42.622357],[-108.767225,42.622696],[-108.766988,42.6226],[-108.767313,42.622291],[-108.767475,42.622357]]]}},{"type":"Feature","properties":{"id":"excl-a-642","kind":"exclusion","name":"Creek exclusion zone","acres":6.3,"editable":true,"source":"MAP mesic valley bottoms + 10-yr NDVI persistence + IrrMapper + NWI (V3 rule) + collar shape rules (4 Sep 2026)","strm_type":"Perennial","veg_pct":96.8,"pts":10,"enforce":"ok"},"geometry":{"type":"Polygon","coordinates":[[[-108.765118,42.627761],[-108.767311,42.626309],[-108.767486,42.626477],[-108.765218,42.628253],[-108.765132,42.628975],[-108.765179,42.629038],[-108.76487,42.629164],[-108.763823,42.626907],[-108.763072,42.626351],[-108.763491,42.626114],[-108.765118,42.627761]]]}},{"type":"Feature","properties":{"id":"excl-a-643","kind":"exclusion","name":"Creek exclusion zone","acres":4.8,"editable":true,"source":"MAP mesic valley bottoms + 10-yr NDVI persistence + IrrMapper + NWI (V3 rule) + collar shape rules (4 Sep 2026)","strm_type":"Perennial","veg_pct":88.2,"pts":24,"enforce":"ok"},"geometry":{"type":"Polygon","coordinates":[[[-108.762947,42.626257],[-108.762963,42.626144],[-108.763065,42.626095],[-108.762729,42.625844],[-108.762648,42.625929],[-108.762392,42.625895],[-108.762461,42.625755],[-108.761802,42.625415],[-108.761665,42.625485],[-108.761277,42.625279],[-108.76144,42.625145],[-108.761237,42.625029],[-108.761002,42.624941],[-108.760959,42.625025],[-108.760812,42.625061],[-108.760618,42.62497],[-108.759849,42.624324],[-108.759945,42.62424],[-108.762231,42.625264],[-108.764759,42.623848],[-108.764844,42.62393],[-108.76283,42.625444],[-108.763491,42.626114],[-108.763072,42.626351],[-108.762947,42.626257]]]}},{"type":"Feature","properties":{"id":"excl-a-644","kind":"exclusion","name":"Creek exclusion zone","acres":2.1,"editable":true,"source":"MAP mesic valley bottoms + 10-yr NDVI persistence + IrrMapper + NWI (V3 rule) + collar shape rules (4 Sep 2026)","strm_type":"Perennial","veg_pct":94.3,"pts":9,"enforce":"ok"},"geometry":{"type":"Polygon","coordinates":[[[-108.769149,42.625091],[-108.769813,42.623771],[-108.769985,42.623778],[-108.770056,42.623987],[-108.770357,42.624035],[-108.770425,42.624233],[-108.770012,42.624498],[-108.767486,42.626477],[-108.767311,42.626309],[-108.769149,42.625091]]]}},{"type":"Feature","properties":{"id":"excl-a-645","kind":"exclusion","name":"Creek exclusion zone","acres":1.0,"editable":true,"source":"MAP mesic valley bottoms + 10-yr NDVI persistence + IrrMapper + NWI (V3 rule) + collar shape rules (4 Sep 2026)","strm_type":"Ephemeral","veg_pct":95.8,"pts":6,"enforce":"ok"},"geometry":{"type":"Polygon","coordinates":[[[-108.766988,42.6226],[-108.767225,42.622696],[-108.766975,42.623035],[-108.765395,42.623517],[-108.764844,42.62393],[-108.764759,42.623848],[-108.766988,42.6226]]]}},{"type":"Feature","properties":{"id":"excl-a-646","kind":"exclusion","name":"Creek exclusion zone","acres":0.1,"editable":true,"source":"MAP mesic valley bottoms + 10-yr NDVI persistence + IrrMapper + NWI (V3 rule) + collar shape rules (4 Sep 2026)","strm_type":"Ephemeral","veg_pct":51.1,"pts":7,"enforce":"ok"},"geometry":{"type":"Polygon","coordinates":[[[-108.762287,42.625765],[-108.762282,42.6259],[-108.762213,42.625948],[-108.762121,42.625965],[-108.761965,42.625894],[-108.76197,42.625759],[-108.762131,42.625695],[-108.762287,42.625765]]]}},{"type":"Feature","properties":{"id":"excl-a-647","kind":"exclusion","name":"Creek exclusion zone","acres":3.7,"editable":true,"source":"MAP mesic valley bottoms + 10-yr NDVI persistence + IrrMapper + NWI (V3 rule) + collar shape rules (4 Sep 2026)","strm_type":"Perennial","veg_pct":98.9,"pts":16,"enforce":"ok"},"geometry":{"type":"Polygon","coordinates":[[[-108.755245,42.622194],[-108.755306,42.622019],[-108.755552,42.621961],[-108.757295,42.623054],[-108.759528,42.624053],[-108.760296,42.624699],[-108.760206,42.624777],[-108.758858,42.62417],[-108.759002,42.624025],[-108.758551,42.623789],[-108.758146,42.623675],[-108.757361,42.623319],[-108.756695,42.623178],[-108.756647,42.623261],[-108.756547,42.623262],[-108.756241,42.622775],[-108.755245,42.622194]]]}},{"type":"Feature","properties":{"id":"excl-a-648","kind":"exclusion","name":"Creek exclusion zone","acres":0.9,"editable":true,"source":"MAP mesic valley bottoms + 10-yr NDVI persistence + IrrMapper + NWI (V3 rule) + collar shape rules (4 Sep 2026)","strm_type":"Intermittent","veg_pct":54.2,"pts":7,"enforce":"ok"},"geometry":{"type":"Polygon","coordinates":[[[-108.754162,42.624014],[-108.754158,42.623982],[-108.755926,42.623822],[-108.75652,42.623515],[-108.756846,42.623584],[-108.756867,42.623764],[-108.756332,42.623958],[-108.754162,42.624014]]]}},{"type":"Feature","properties":{"id":"excl-a-649","kind":"exclusion","name":"Creek exclusion zone","acres":1.1,"editable":true,"source":"MAP mesic valley bottoms + 10-yr NDVI persistence + IrrMapper + NWI (V3 rule) + collar shape rules (4 Sep 2026)","strm_type":"Intermittent","veg_pct":48.6,"pts":9,"enforce":"ok"},"geometry":{"type":"Polygon","coordinates":[[[-108.75712,42.62482],[-108.757936,42.62409],[-108.757805,42.623984],[-108.757841,42.623951],[-108.758055,42.624046],[-108.758341,42.624117],[-108.758487,42.624194],[-108.75848,42.624341],[-108.757226,42.62491],[-108.75712,42.62482]]]}},{"type":"Feature","properties":{"id":"excl-a-650","kind":"exclusion","name":"Creek exclusion zone","acres":0.2,"editable":true,"source":"MAP mesic valley bottoms + 10-yr NDVI persistence + IrrMapper + NWI (V3 rule) + collar shape rules (4 Sep 2026)","strm_type":"Perennial","veg_pct":94.2,"pts":8,"enforce":"ok"},"geometry":{"type":"Polygon","coordinates":[[[-108.757085,42.623305],[-108.757176,42.623325],[-108.757241,42.623376],[-108.757236,42.62351],[-108.757075,42.623575],[-108.756984,42.623555],[-108.756919,42.623504],[-108.756924,42.623369],[-108.757085,42.623305]]]}},{"type":"Feature","properties":{"id":"excl-a-651","kind":"exclusion","name":"Creek exclusion zone","acres":0.2,"editable":true,"source":"MAP mesic valley bottoms + 10-yr NDVI persistence + IrrMapper + NWI (V3 rule) + collar shape rules (4 Sep 2026)","strm_type":"Perennial","veg_pct":91.1,"pts":8,"enforce":"ok"},"geometry":{"type":"Polygon","coordinates":[[[-108.758276,42.623774],[-108.758366,42.623794],[-108.758431,42.623845],[-108.758427,42.62398],[-108.758266,42.624044],[-108.758175,42.624024],[-108.75811,42.623974],[-108.758115,42.623839],[-108.758276,42.623774]]]}},{"type":"Feature","properties":{"id":"excl-a-652","kind":"exclusion","name":"Creek exclusion zone","acres":11.0,"editable":true,"source":"MAP mesic valley bottoms + 10-yr NDVI persistence + IrrMapper + NWI (V3 rule) + collar shape rules (4 Sep 2026)","strm_type":"Perennial","veg_pct":92.1,"pts":26,"enforce":"ok"},"geometry":{"type":"Polygon","coordinates":[[[-108.751698,42.620721],[-108.751745,42.620586],[-108.752909,42.620638],[-108.753978,42.619876],[-108.753756,42.618797],[-108.754264,42.618782],[-108.754474,42.619654],[-108.755001,42.619856],[-108.758505,42.618649],[-108.758734,42.618642],[-108.758758,42.618711],[-108.755432,42.619949],[-108.754645,42.620857],[-108.755063,42.621655],[-108.755366,42.621844],[-108.755306,42.622019],[-108.755054,42.622082],[-108.753528,42.621193],[-108.753173,42.621521],[-108.753064,42.621504],[-108.753032,42.621417],[-108.752962,42.621431],[-108.75287,42.621163],[-108.752762,42.62121],[-108.752697,42.621172],[-108.752734,42.621089],[-108.751698,42.620721]]]}},{"type":"Feature","properties":{"id":"excl-a-653","kind":"exclusion","name":"Creek exclusion zone","acres":0.3,"editable":true,"source":"MAP mesic valley bottoms + 10-yr NDVI persistence + IrrMapper + NWI (V3 rule) + collar shape rules (4 Sep 2026)","strm_type":"Ephemeral","veg_pct":53.4,"pts":7,"enforce":"ok"},"geometry":{"type":"Polygon","coordinates":[[[-108.752252,42.622168],[-108.752459,42.621704],[-108.752596,42.621685],[-108.752687,42.621767],[-108.752781,42.621781],[-108.752814,42.621851],[-108.752405,42.622229],[-108.752252,42.622168]]]}},{"type":"Feature","properties":{"id":"excl-a-654","kind":"exclusion","name":"Creek exclusion zone","acres":0.2,"editable":true,"source":"MAP mesic valley bottoms + 10-yr NDVI persistence + IrrMapper + NWI (V3 rule) + collar shape rules (4 Sep 2026)","strm_type":"Ephemeral","veg_pct":47.1,"pts":8,"enforce":"ok"},"geometry":{"type":"Polygon","coordinates":[[[-108.752812,42.621471],[-108.752902,42.621491],[-108.752967,42.621542],[-108.752963,42.621677],[-108.752802,42.621741],[-108.752711,42.621721],[-108.752646,42.621671],[-108.752651,42.621536],[-108.752812,42.621471]]]}},{"type":"Feature","properties":{"id":"excl-a-655","kind":"exclusion","name":"Creek exclusion zone","acres":0.4,"editable":true,"source":"MAP mesic valley bottoms + 10-yr NDVI persistence + IrrMapper + NWI (V3 rule) + collar shape rules (4 Sep 2026)","strm_type":"Ephemeral","veg_pct":51.1,"pts":5,"enforce":"ok"},"geometry":{"type":"Polygon","coordinates":[[[-108.761362,42.626312],[-108.761464,42.626012],[-108.761789,42.625954],[-108.762025,42.626153],[-108.761608,42.626424],[-108.761362,42.626312]]]}},{"type":"Feature","properties":{"id":"excl-a-656","kind":"exclusion","name":"Creek exclusion zone","acres":0.2,"editable":true,"source":"MAP mesic valley bottoms + 10-yr NDVI persistence + IrrMapper + NWI (V3 rule) + collar shape rules (4 Sep 2026)","strm_type":"Ephemeral","veg_pct":95.1,"pts":4,"enforce":"narrow"},"geometry":{"type":"Polygon","coordinates":[[[-108.767976,42.621679],[-108.767475,42.622357],[-108.767313,42.622291],[-108.767926,42.621656],[-108.767976,42.621679]]]}},{"type":"Feature","properties":{"id":"excl-a-657","kind":"exclusion","name":"Creek exclusion zone","acres":2.9,"editable":true,"source":"MAP mesic valley bottoms + 10-yr NDVI persistence + IrrMapper + NWI (V3 rule) + collar shape rules (4 Sep 2026)","strm_type":"Perennial","veg_pct":95.4,"pts":7,"enforce":"ok"},"geometry":{"type":"Polygon","coordinates":[[[-108.776501,42.627571],[-108.776577,42.627648],[-108.776545,42.627724],[-108.776463,42.627695],[-108.771271,42.628999],[-108.771206,42.628804],[-108.775793,42.62757],[-108.776501,42.627571]]]}},{"type":"Feature","properties":{"id":"excl-a-658","kind":"exclusion","name":"Creek exclusion zone","acres":0.4,"editable":true,"source":"MAP mesic valley bottoms + 10-yr NDVI persistence + IrrMapper + NWI (V3 rule) + collar shape rules (4 Sep 2026)","strm_type":"Intermittent","veg_pct":67.1,"pts":9,"enforce":"narrow"},"geometry":{"type":"Polygon","coordinates":[[[-108.771867,42.63103],[-108.771109,42.630904],[-108.770765,42.630935],[-108.770735,42.630888],[-108.770819,42.630831],[-108.770729,42.63077],[-108.770758,42.630728],[-108.771909,42.630906],[-108.771938,42.630975],[-108.771867,42.63103]]]}},{"type":"Feature","properties":{"id":"excl-a-659","kind":"exclusion","name":"Creek exclusion zone","acres":5.2,"editable":true,"source":"MAP mesic valley bottoms + 10-yr NDVI persistence + IrrMapper + NWI (V3 rule) + collar shape rules (4 Sep 2026)","strm_type":"Perennial","veg_pct":93.7,"pts":17,"enforce":"ok"},"geometry":{"type":"Polygon","coordinates":[[[-108.771206,42.628804],[-108.771271,42.628999],[-108.770937,42.629084],[-108.77016,42.630635],[-108.770204,42.630642],[-108.770206,42.630661],[-108.770153,42.630675],[-108.769914,42.630888],[-108.770013,42.630941],[-108.769991,42.631005],[-108.769567,42.631043],[-108.769483,42.631231],[-108.769422,42.631228],[-108.769398,42.63114],[-108.769028,42.631137],[-108.768819,42.630887],[-108.769968,42.629137],[-108.771206,42.628804]]]}},{"type":"Feature","properties":{"id":"excl-a-660","kind":"exclusion","name":"Creek exclusion zone","acres":3.0,"editable":true,"source":"MAP mesic valley bottoms + 10-yr NDVI persistence + IrrMapper + NWI (V3 rule) + collar shape rules (4 Sep 2026)","strm_type":"Perennial","veg_pct":98.9,"pts":12,"enforce":"ok"},"geometry":{"type":"Polygon","coordinates":[[[-108.76506,42.629592],[-108.765154,42.629525],[-108.765298,42.629567],[-108.765509,42.629481],[-108.765886,42.629987],[-108.767749,42.631162],[-108.767673,42.631275],[-108.767327,42.631219],[-108.767038,42.631089],[-108.766973,42.631165],[-108.766819,42.63118],[-108.765319,42.630153],[-108.76506,42.629592]]]}},{"type":"Feature","properties":{"id":"excl-a-661","kind":"exclusion","name":"Creek exclusion zone","acres":5.4,"editable":true,"source":"MAP mesic valley bottoms + 10-yr NDVI persistence + IrrMapper + NWI (V3 rule) + collar shape rules (4 Sep 2026)","strm_type":"Perennial","veg_pct":97.8,"pts":13,"enforce":"ok"},"geometry":{"type":"Polygon","coordinates":[[[-108.768351,42.633448],[-108.768157,42.633415],[-108.768093,42.63329],[-108.767546,42.633316],[-108.767319,42.633036],[-108.767768,42.632509],[-108.767457,42.631868],[-108.767718,42.631641],[-108.768114,42.631692],[-108.768707,42.631492],[-108.769033,42.631501],[-108.769258,42.631739],[-108.768565,42.633299],[-108.768351,42.633448]]]}},{"type":"Feature","properties":{"id":"excl-a-662","kind":"exclusion","name":"Creek exclusion zone","acres":0.2,"editable":true,"source":"MAP mesic valley bottoms + 10-yr NDVI persistence + IrrMapper + NWI (V3 rule) + collar shape rules (4 Sep 2026)","strm_type":"Intermittent","veg_pct":77.5,"pts":8,"enforce":"ok"},"geometry":{"type":"Polygon","coordinates":[[[-108.770096,42.630921],[-108.770074,42.630853],[-108.770101,42.630786],[-108.770262,42.630722],[-108.770418,42.630792],[-108.77044,42.63086],[-108.770348,42.630973],[-108.770219,42.630984],[-108.770096,42.630921]]]}},{"type":"Feature","properties":{"id":"excl-a-663","kind":"exclusion","name":"Creek exclusion zone","acres":0.2,"editable":true,"source":"MAP mesic valley bottoms + 10-yr NDVI persistence + IrrMapper + NWI (V3 rule) + collar shape rules (4 Sep 2026)","strm_type":"Perennial","veg_pct":96.1,"pts":8,"enforce":"ok"},"geometry":{"type":"Polygon","coordinates":[[[-108.769043,42.631169],[-108.769134,42.631189],[-108.769199,42.63124],[-108.769195,42.631375],[-108.769034,42.631439],[-108.768943,42.631419],[-108.768878,42.631368],[-108.768883,42.631233],[-108.769043,42.631169]]]}},{"type":"Feature","properties":{"id":"excl-a-664","kind":"exclusion","name":"Creek exclusion zone","acres":0.1,"editable":true,"source":"MAP mesic valley bottoms + 10-yr NDVI persistence + IrrMapper + NWI (V3 rule) + collar shape rules (4 Sep 2026)","strm_type":"Perennial","veg_pct":99.3,"pts":7,"enforce":"ok"},"geometry":{"type":"Polygon","coordinates":[[[-108.767727,42.631374],[-108.767722,42.631509],[-108.767654,42.631557],[-108.767562,42.631574],[-108.767406,42.631503],[-108.767411,42.631368],[-108.767571,42.631304],[-108.767727,42.631374]]]}},{"type":"Feature","properties":{"id":"excl-a-665","kind":"exclusion","name":"Creek exclusion zone","acres":3.0,"editable":true,"source":"MAP mesic valley bottoms + 10-yr NDVI persistence + IrrMapper + NWI (V3 rule) + collar shape rules (4 Sep 2026)","strm_type":"Intermittent","veg_pct":75.5,"pts":7,"enforce":"ok"},"geometry":{"type":"Polygon","coordinates":[[[-108.778912,42.632645],[-108.778881,42.632762],[-108.778705,42.632828],[-108.775303,42.6316],[-108.771867,42.63103],[-108.772009,42.630921],[-108.775521,42.631464],[-108.778912,42.632645]]]}},{"type":"Feature","properties":{"id":"excl-a-666","kind":"exclusion","name":"Creek exclusion zone","acres":4.5,"editable":true,"source":"MAP mesic valley bottoms + 10-yr NDVI persistence + IrrMapper + NWI (V3 rule) + collar shape rules (4 Sep 2026)","strm_type":"Perennial","veg_pct":97.3,"pts":13,"enforce":"ok"},"geometry":{"type":"Polygon","coordinates":[[[-108.778124,42.628768],[-108.779698,42.628218],[-108.782668,42.628705],[-108.782687,42.62891],[-108.782187,42.62905],[-108.779927,42.628417],[-108.777666,42.629049],[-108.77712,42.627928],[-108.776791,42.627811],[-108.776869,42.627692],[-108.776818,42.627632],[-108.776863,42.627572],[-108.777444,42.627574],[-108.778124,42.628768]]]}},{"type":"Feature","properties":{"id":"excl-a-667","kind":"exclusion","name":"Creek exclusion zone","acres":14.4,"editable":true,"source":"MAP mesic valley bottoms + 10-yr NDVI persistence + IrrMapper + NWI (V3 rule) + collar shape rules (4 Sep 2026)","strm_type":"Perennial","veg_pct":90.3,"pts":23,"enforce":"ok"},"geometry":{"type":"Polygon","coordinates":[[[-108.76631,42.635191],[-108.766531,42.633959],[-108.767201,42.633174],[-108.767432,42.633176],[-108.767546,42.633316],[-108.768093,42.63329],[-108.768231,42.633517],[-108.767179,42.634276],[-108.766856,42.63556],[-108.765765,42.636331],[-108.765167,42.638762],[-108.763322,42.640645],[-108.763856,42.641301],[-108.765325,42.641458],[-108.766978,42.642147],[-108.766942,42.642206],[-108.762582,42.641093],[-108.761986,42.641528],[-108.76193,42.641482],[-108.761876,42.641484],[-108.761855,42.641454],[-108.764646,42.638748],[-108.765327,42.636088],[-108.76631,42.635191]]]}},{"type":"Feature","properties":{"id":"excl-a-668","kind":"exclusion","name":"Creek exclusion zone","acres":7.5,"editable":true,"source":"MAP mesic valley bottoms + 10-yr NDVI persistence + IrrMapper + NWI (V3 rule) + collar shape rules (4 Sep 2026)","strm_type":"Perennial","veg_pct":76.0,"pts":17,"enforce":"ok"},"geometry":{"type":"Polygon","coordinates":[[[-108.756814,42.640155],[-108.757162,42.639849],[-108.757301,42.63991],[-108.756118,42.642184],[-108.757328,42.644502],[-108.75789,42.64469],[-108.760492,42.642776],[-108.761685,42.641619],[-108.761772,42.641684],[-108.760693,42.643029],[-108.758103,42.645058],[-108.758039,42.645185],[-108.757551,42.64499],[-108.757464,42.645047],[-108.757334,42.645024],[-108.755974,42.642472],[-108.756063,42.64155],[-108.756814,42.640155]]]}},{"type":"Feature","properties":{"id":"excl-a-669","kind":"exclusion","name":"Creek exclusion zone","acres":8.0,"editable":true,"source":"MAP mesic valley bottoms + 10-yr NDVI persistence + IrrMapper + NWI (V3 rule) + collar shape rules (4 Sep 2026)","strm_type":"Perennial","veg_pct":79.7,"pts":22,"enforce":"ok"},"geometry":{"type":"Polygon","coordinates":[[[-108.757692,42.64725],[-108.75526,42.648219],[-108.755628,42.648947],[-108.755481,42.649084],[-108.755432,42.649057],[-108.755355,42.649105],[-108.755233,42.649087],[-108.754767,42.648403],[-108.754395,42.648509],[-108.754175,42.648383],[-108.754208,42.648183],[-108.754904,42.647967],[-108.755073,42.647412],[-108.75431,42.646475],[-108.754367,42.646445],[-108.755628,42.647585],[-108.756059,42.647572],[-108.757501,42.645337],[-108.757377,42.645104],[-108.757551,42.64499],[-108.758039,42.645185],[-108.757303,42.646668],[-108.757692,42.64725]]]}},{"type":"Feature","properties":{"id":"excl-a-670","kind":"exclusion","name":"Creek exclusion zone","acres":0.4,"editable":true,"source":"MAP mesic valley bottoms + 10-yr NDVI persistence + IrrMapper + NWI (V3 rule) + collar shape rules (4 Sep 2026)","strm_type":"Intermittent","veg_pct":98.4,"pts":6,"enforce":"ok"},"geometry":{"type":"Polygon","coordinates":[[[-108.779706,42.633056],[-108.779601,42.633151],[-108.778851,42.63288],[-108.778881,42.632762],[-108.779059,42.632696],[-108.779482,42.632843],[-108.779706,42.633056]]]}},{"type":"Feature","properties":{"id":"excl-a-671","kind":"exclusion","name":"Creek exclusion zone","acres":8.2,"editable":true,"source":"MAP mesic valley bottoms + 10-yr NDVI persistence + IrrMapper + NWI (V3 rule) + collar shape rules (4 Sep 2026)","strm_type":"Ephemeral","veg_pct":82.9,"pts":19,"enforce":"ok"},"geometry":{"type":"Polygon","coordinates":[[[-108.765128,42.614803],[-108.767349,42.613408],[-108.767403,42.613448],[-108.764377,42.616042],[-108.764663,42.616442],[-108.76659,42.616359],[-108.766602,42.61642],[-108.763294,42.616991],[-108.762187,42.617626],[-108.762225,42.618027],[-108.762675,42.618218],[-108.762617,42.618337],[-108.760485,42.618068],[-108.758801,42.618695],[-108.758746,42.618676],[-108.758734,42.618642],[-108.758712,42.618578],[-108.762035,42.617433],[-108.763839,42.616458],[-108.765128,42.614803]]]}},{"type":"Feature","properties":{"id":"excl-a-672","kind":"exclusion","name":"Creek exclusion zone","acres":8.0,"editable":true,"source":"MAP mesic valley bottoms + 10-yr NDVI persistence + IrrMapper + NWI (V3 rule) + collar shape rules (4 Sep 2026)","strm_type":"Intermittent","veg_pct":99.5,"pts":19,"enforce":"ok"},"geometry":{"type":"Polygon","coordinates":[[[-108.76146,42.609351],[-108.761184,42.60932],[-108.761149,42.609185],[-108.761751,42.608929],[-108.762183,42.608273],[-108.759958,42.60637],[-108.759676,42.604524],[-108.759854,42.604207],[-108.760053,42.604232],[-108.760155,42.605951],[-108.761137,42.607034],[-108.762875,42.607904],[-108.763012,42.607861],[-108.763127,42.607926],[-108.762799,42.609503],[-108.762468,42.609465],[-108.762418,42.60955],[-108.76227,42.609577],[-108.761708,42.609248],[-108.76146,42.609351]]]}},{"type":"Feature","properties":{"id":"excl-a-673","kind":"exclusion","name":"Creek exclusion zone","acres":20.4,"editable":true,"source":"MAP mesic valley bottoms + 10-yr NDVI persistence + IrrMapper + NWI (V3 rule) + collar shape rules (4 Sep 2026)","strm_type":"Perennial","veg_pct":99.8,"pts":18,"enforce":"ok"},"geometry":{"type":"Polygon","coordinates":[[[-108.767474,42.60507],[-108.767755,42.605184],[-108.767796,42.605456],[-108.767217,42.605837],[-108.765776,42.607478],[-108.766448,42.60851],[-108.766849,42.608614],[-108.766885,42.608879],[-108.766013,42.609265],[-108.766052,42.609774],[-108.766125,42.609831],[-108.766093,42.609876],[-108.762799,42.609503],[-108.763127,42.607926],[-108.763069,42.607894],[-108.763079,42.60784],[-108.764252,42.607471],[-108.765577,42.606758],[-108.767474,42.60507]]]}},{"type":"Feature","properties":{"id":"excl-a-674","kind":"exclusion","name":"Creek exclusion zone","acres":4.0,"editable":true,"source":"MAP mesic valley bottoms + 10-yr NDVI persistence + IrrMapper + NWI (V3 rule) + collar shape rules (4 Sep 2026)","strm_type":"Ephemeral","veg_pct":99.8,"pts":11,"enforce":"ok"},"geometry":{"type":"Polygon","coordinates":[[[-108.767669,42.610054],[-108.767701,42.610167],[-108.767517,42.610255],[-108.763104,42.610063],[-108.762368,42.609634],[-108.762468,42.609465],[-108.766093,42.609876],[-108.766109,42.609853],[-108.766149,42.609849],[-108.766534,42.610151],[-108.76741,42.610025],[-108.767669,42.610054]]]}},{"type":"Feature","properties":{"id":"excl-a-675","kind":"exclusion","name":"Creek exclusion zone","acres":15.6,"editable":true,"source":"MAP mesic valley bottoms + 10-yr NDVI persistence + IrrMapper + NWI (V3 rule) + collar shape rules (4 Sep 2026)","strm_type":"Perennial","veg_pct":91.1,"pts":20,"enforce":"ok"},"geometry":{"type":"Polygon","coordinates":[[[-108.753833,42.616994],[-108.754264,42.618782],[-108.753756,42.618797],[-108.753245,42.616315],[-108.750817,42.615327],[-108.748942,42.615347],[-108.746342,42.614792],[-108.744679,42.614147],[-108.744491,42.613894],[-108.744666,42.613748],[-108.749507,42.615176],[-108.750784,42.614981],[-108.753716,42.616261],[-108.757049,42.614787],[-108.757886,42.613909],[-108.758098,42.611552],[-108.758325,42.611496],[-108.758532,42.611676],[-108.758004,42.614511],[-108.754696,42.616191],[-108.753833,42.616994]]]}},{"type":"Feature","properties":{"id":"excl-a-676","kind":"exclusion","name":"Creek exclusion zone","acres":6.9,"editable":true,"source":"MAP mesic valley bottoms + 10-yr NDVI persistence + IrrMapper + NWI (V3 rule) + collar shape rules (4 Sep 2026)","strm_type":"Intermittent","veg_pct":88.0,"pts":14,"enforce":"ok"},"geometry":{"type":"Polygon","coordinates":[[[-108.775352,42.599454],[-108.775605,42.59976],[-108.773471,42.600725],[-108.772824,42.601387],[-108.772967,42.601907],[-108.774322,42.601743],[-108.776415,42.602485],[-108.777383,42.601998],[-108.777455,42.60206],[-108.776699,42.602665],[-108.774233,42.601942],[-108.772264,42.602503],[-108.771674,42.602236],[-108.773005,42.600631],[-108.775352,42.599454]]]}},{"type":"Feature","properties":{"id":"excl-a-677","kind":"exclusion","name":"Creek exclusion zone","acres":14.5,"editable":true,"source":"MAP mesic valley bottoms + 10-yr NDVI persistence + IrrMapper + NWI (V3 rule) + collar shape rules (4 Sep 2026)","strm_type":"Perennial","veg_pct":98.8,"pts":25,"enforce":"ok"},"geometry":{"type":"Polygon","coordinates":[[[-108.769409,42.603523],[-108.76982,42.60386],[-108.770344,42.603841],[-108.771674,42.602236],[-108.772143,42.602448],[-108.772132,42.60254],[-108.772,42.602578],[-108.770396,42.604232],[-108.771719,42.605361],[-108.771763,42.605634],[-108.771537,42.605719],[-108.769533,42.604316],[-108.767935,42.605366],[-108.767776,42.60532],[-108.767755,42.605184],[-108.767674,42.605151],[-108.767725,42.605068],[-108.767679,42.604887],[-108.768839,42.603856],[-108.769119,42.601645],[-108.770028,42.599828],[-108.769818,42.599545],[-108.769975,42.599437],[-108.770908,42.599886],[-108.769948,42.600977],[-108.769409,42.603523]]]}},{"type":"Feature","properties":{"id":"excl-a-678","kind":"exclusion","name":"Creek exclusion zone","acres":17.3,"editable":true,"source":"MAP mesic valley bottoms + 10-yr NDVI persistence + IrrMapper + NWI (V3 rule) + collar shape rules (4 Sep 2026)","strm_type":"Perennial","veg_pct":95.6,"pts":28,"enforce":"ok"},"geometry":{"type":"Polygon","coordinates":[[[-108.771799,42.591482],[-108.771819,42.59137],[-108.771944,42.59134],[-108.773021,42.592182],[-108.774635,42.591637],[-108.775835,42.59041],[-108.776178,42.590596],[-108.775314,42.591465],[-108.773453,42.592543],[-108.774518,42.59381],[-108.776127,42.593275],[-108.776316,42.593417],[-108.77615,42.593677],[-108.774636,42.594237],[-108.774166,42.595367],[-108.775429,42.596638],[-108.777158,42.596697],[-108.780268,42.593972],[-108.780551,42.593984],[-108.780682,42.594131],[-108.778413,42.596511],[-108.775749,42.597441],[-108.774045,42.595371],[-108.773993,42.595382],[-108.773942,42.595352],[-108.773945,42.595251],[-108.773995,42.593653],[-108.771592,42.591575],[-108.771799,42.591482]]]}},{"type":"Feature","properties":{"id":"excl-a-679","kind":"exclusion","name":"Creek exclusion zone","acres":11.7,"editable":true,"source":"MAP mesic valley bottoms + 10-yr NDVI persistence + IrrMapper + NWI (V3 rule) + collar shape rules (4 Sep 2026)","strm_type":"Perennial","veg_pct":97.6,"pts":21,"enforce":"ok"},"geometry":{"type":"Polygon","coordinates":[[[-108.770908,42.599886],[-108.769975,42.599437],[-108.769896,42.599491],[-108.769767,42.599475],[-108.768285,42.597476],[-108.768941,42.596137],[-108.76898,42.596146],[-108.768479,42.597519],[-108.769985,42.599387],[-108.770677,42.599487],[-108.771611,42.598308],[-108.770901,42.597014],[-108.770991,42.596978],[-108.771942,42.598014],[-108.773387,42.597754],[-108.774584,42.596969],[-108.773937,42.595533],[-108.773941,42.595392],[-108.774045,42.595371],[-108.775749,42.597441],[-108.771868,42.598795],[-108.770908,42.599886]]]}},{"type":"Feature","properties":{"id":"excl-a-680","kind":"exclusion","name":"Creek exclusion zone","acres":5.0,"editable":true,"source":"MAP mesic valley bottoms + 10-yr NDVI persistence + IrrMapper + NWI (V3 rule) + collar shape rules (4 Sep 2026)","strm_type":"Ephemeral","veg_pct":97.6,"pts":10,"enforce":"ok"},"geometry":{"type":"Polygon","coordinates":[[[-108.76606,42.588495],[-108.765136,42.587476],[-108.764908,42.586577],[-108.765026,42.586549],[-108.766093,42.588229],[-108.771143,42.590714],[-108.77184,42.591259],[-108.771799,42.591482],[-108.771592,42.591575],[-108.770422,42.590563],[-108.76606,42.588495]]]}},{"type":"Feature","properties":{"id":"excl-a-681","kind":"exclusion","name":"Creek exclusion zone","acres":1.0,"editable":true,"source":"MAP mesic valley bottoms + 10-yr NDVI persistence + IrrMapper + NWI (V3 rule) + collar shape rules (4 Sep 2026)","strm_type":"Ephemeral","veg_pct":70.0,"pts":5,"enforce":"ok"},"geometry":{"type":"Polygon","coordinates":[[[-108.776904,42.589594],[-108.777041,42.589727],[-108.776178,42.590596],[-108.775835,42.59041],[-108.776527,42.589703],[-108.776904,42.589594]]]}},{"type":"Feature","properties":{"id":"excl-a-682","kind":"exclusion","name":"Creek exclusion zone","acres":2.2,"editable":true,"source":"MAP mesic valley bottoms + 10-yr NDVI persistence + IrrMapper + NWI (V3 rule) + collar shape rules (4 Sep 2026)","strm_type":"Intermittent","veg_pct":97.3,"pts":7,"enforce":"ok"},"geometry":{"type":"Polygon","coordinates":[[[-108.778098,42.598592],[-108.780458,42.598637],[-108.780459,42.598669],[-108.777739,42.598796],[-108.775605,42.59976],[-108.775352,42.599454],[-108.775783,42.599238],[-108.778098,42.598592]]]}},{"type":"Feature","properties":{"id":"excl-a-683","kind":"exclusion","name":"Creek exclusion zone","acres":0.5,"editable":true,"source":"MAP mesic valley bottoms + 10-yr NDVI persistence + IrrMapper + NWI (V3 rule) + collar shape rules (4 Sep 2026)","strm_type":"Perennial","veg_pct":80.7,"pts":4,"enforce":"ok"},"geometry":{"type":"Polygon","coordinates":[[[-108.716602,42.66165],[-108.717448,42.661402],[-108.717576,42.661565],[-108.716798,42.661899],[-108.716602,42.66165]]]}},{"type":"Feature","properties":{"id":"excl-a-684","kind":"exclusion","name":"Creek exclusion zone","acres":0.2,"editable":true,"source":"MAP mesic valley bottoms + 10-yr NDVI persistence + IrrMapper + NWI (V3 rule) + collar shape rules (4 Sep 2026)","strm_type":"Perennial","veg_pct":80.7,"pts":4,"enforce":"narrow"},"geometry":{"type":"Polygon","coordinates":[[[-108.717448,42.661402],[-108.717833,42.661229],[-108.717966,42.661398],[-108.717576,42.661565],[-108.717448,42.661402]]]}},{"type":"Feature","properties":{"id":"excl-a-685","kind":"exclusion","name":"Creek exclusion zone","acres":18.2,"editable":true,"source":"MAP mesic valley bottoms + 10-yr NDVI persistence + IrrMapper + NWI (V3 rule) + collar shape rules (4 Sep 2026)","strm_type":"Perennial","veg_pct":83.5,"pts":22,"enforce":"ok"},"geometry":{"type":"Polygon","coordinates":[[[-108.7305,42.654485],[-108.730744,42.655552],[-108.730611,42.655584],[-108.730329,42.655161],[-108.729617,42.655094],[-108.726493,42.656553],[-108.719134,42.660958],[-108.720872,42.662635],[-108.725933,42.665541],[-108.7259,42.665575],[-108.7231,42.664326],[-108.718989,42.661298],[-108.718355,42.661232],[-108.717966,42.661398],[-108.717833,42.661229],[-108.730596,42.654053],[-108.734612,42.652946],[-108.734575,42.652565],[-108.734804,42.652496],[-108.735034,42.652938],[-108.734723,42.653303],[-108.734215,42.653334],[-108.7305,42.654485]]]}},{"type":"Feature","properties":{"id":"excl-a-686","kind":"exclusion","name":"Creek exclusion zone","acres":3.1,"editable":true,"source":"MAP mesic valley bottoms + 10-yr NDVI persistence + IrrMapper + NWI (V3 rule) + collar shape rules (4 Sep 2026)","strm_type":"Perennial","veg_pct":86.3,"pts":10,"enforce":"ok"},"geometry":{"type":"Polygon","coordinates":[[[-108.735014,42.653286],[-108.734878,42.653121],[-108.735034,42.652938],[-108.734804,42.652496],[-108.734854,42.652481],[-108.735549,42.653088],[-108.739458,42.652756],[-108.740454,42.65243],[-108.740574,42.652647],[-108.739303,42.653031],[-108.735014,42.653286]]]}},{"type":"Feature","properties":{"id":"excl-a-687","kind":"exclusion","name":"Creek exclusion zone","acres":0.4,"editable":true,"source":"MAP mesic valley bottoms + 10-yr NDVI persistence + IrrMapper + NWI (V3 rule) + collar shape rules (4 Sep 2026)","strm_type":"Perennial","veg_pct":77.5,"pts":4,"enforce":"ok"},"geometry":{"type":"Polygon","coordinates":[[[-108.740454,42.65243],[-108.741081,42.652224],[-108.741209,42.652455],[-108.740574,42.652647],[-108.740454,42.65243]]]}},{"type":"Feature","properties":{"id":"excl-a-688","kind":"exclusion","name":"Creek exclusion zone","acres":0.2,"editable":true,"source":"MAP mesic valley bottoms + 10-yr NDVI persistence + IrrMapper + NWI (V3 rule) + collar shape rules (4 Sep 2026)","strm_type":"Perennial","veg_pct":77.5,"pts":4,"enforce":"ok"},"geometry":{"type":"Polygon","coordinates":[[[-108.741081,42.652224],[-108.741395,42.652121],[-108.741527,42.652359],[-108.741209,42.652455],[-108.741081,42.652224]]]}},{"type":"Feature","properties":{"id":"excl-a-689","kind":"exclusion","name":"Creek exclusion zone","acres":0.1,"editable":true,"source":"MAP mesic valley bottoms + 10-yr NDVI persistence + IrrMapper + NWI (V3 rule) + collar shape rules (4 Sep 2026)","strm_type":"Perennial","veg_pct":77.5,"pts":4,"enforce":"narrow"},"geometry":{"type":"Polygon","coordinates":[[[-108.741395,42.652121],[-108.741552,42.65207],[-108.741686,42.652312],[-108.741527,42.652359],[-108.741395,42.652121]]]}},{"type":"Feature","properties":{"id":"excl-a-690","kind":"exclusion","name":"Creek exclusion zone","acres":0.3,"editable":true,"source":"MAP mesic valley bottoms + 10-yr NDVI persistence + IrrMapper + NWI (V3 rule) + collar shape rules (4 Sep 2026)","strm_type":"Perennial","veg_pct":89.6,"pts":4,"enforce":"narrow"},"geometry":{"type":"Polygon","coordinates":[[[-108.749184,42.650584],[-108.748435,42.650689],[-108.748399,42.650546],[-108.749128,42.650364],[-108.749184,42.650584]]]}},{"type":"Feature","properties":{"id":"excl-a-691","kind":"exclusion","name":"Creek exclusion zone","acres":0.2,"editable":true,"source":"MAP mesic valley bottoms + 10-yr NDVI persistence + IrrMapper + NWI (V3 rule) + collar shape rules (4 Sep 2026)","strm_type":"Perennial","veg_pct":89.6,"pts":5,"enforce":"ok"},"geometry":{"type":"Polygon","coordinates":[[[-108.748435,42.650689],[-108.748061,42.650741],[-108.748022,42.65059],[-108.748187,42.65047],[-108.748415,42.650504],[-108.748435,42.650689]]]}},{"type":"Feature","properties":{"id":"excl-a-692","kind":"exclusion","name":"Creek exclusion zone","acres":17.1,"editable":true,"source":"MAP mesic valley bottoms + 10-yr NDVI persistence + IrrMapper + NWI (V3 rule) + collar shape rules (4 Sep 2026)","strm_type":"Perennial","veg_pct":90.6,"pts":24,"enforce":"ok"},"geometry":{"type":"Polygon","coordinates":[[[-108.743703,42.653842],[-108.744671,42.656375],[-108.746409,42.656816],[-108.746432,42.657091],[-108.745152,42.657552],[-108.746243,42.659692],[-108.747387,42.660415],[-108.749382,42.659992],[-108.749397,42.660024],[-108.747112,42.660691],[-108.746997,42.661153],[-108.746722,42.661175],[-108.744399,42.657015],[-108.743354,42.652755],[-108.742056,42.65222],[-108.742107,42.652122],[-108.743906,42.652416],[-108.746932,42.650825],[-108.746331,42.649616],[-108.746399,42.649593],[-108.746654,42.649933],[-108.74752,42.64991],[-108.747686,42.650793],[-108.74399,42.652815],[-108.743703,42.653842]]]}},{"type":"Feature","properties":{"id":"excl-a-693","kind":"exclusion","name":"Creek exclusion zone","acres":0.1,"editable":true,"source":"MAP mesic valley bottoms + 10-yr NDVI persistence + IrrMapper + NWI (V3 rule) + collar shape rules (4 Sep 2026)","strm_type":"Perennial","veg_pct":89.6,"pts":5,"enforce":"narrow"},"geometry":{"type":"Polygon","coordinates":[[[-108.748061,42.650741],[-108.747873,42.650767],[-108.747801,42.650483],[-108.747883,42.650424],[-108.747984,42.650439],[-108.748061,42.650741]]]}},{"type":"Feature","properties":{"id":"excl-a-694","kind":"exclusion","name":"Creek exclusion zone","acres":4.1,"editable":true,"source":"MAP mesic valley bottoms + 10-yr NDVI persistence + IrrMapper + NWI (V3 rule) + collar shape rules (4 Sep 2026)","strm_type":"Perennial","veg_pct":86.7,"pts":9,"enforce":"ok"},"geometry":{"type":"Polygon","coordinates":[[[-108.753189,42.6485],[-108.753957,42.648261],[-108.754175,42.648383],[-108.754142,42.648582],[-108.753227,42.648843],[-108.750683,42.650376],[-108.749184,42.650584],[-108.749128,42.650364],[-108.750584,42.649998],[-108.753189,42.6485]]]}},{"type":"Feature","properties":{"id":"excl-a-695","kind":"exclusion","name":"Creek exclusion zone","acres":21.6,"editable":true,"source":"MAP mesic valley bottoms + 10-yr NDVI persistence + IrrMapper + NWI (V3 rule) + collar shape rules (4 Sep 2026)","strm_type":"Perennial","veg_pct":75.2,"pts":21,"enforce":"ok"},"geometry":{"type":"Polygon","coordinates":[[[-108.696425,42.672015],[-108.696931,42.671207],[-108.696906,42.669412],[-108.698937,42.668217],[-108.703234,42.666893],[-108.708103,42.664144],[-108.716602,42.66165],[-108.716798,42.661899],[-108.71524,42.662566],[-108.712309,42.663077],[-108.708086,42.664514],[-108.703472,42.667102],[-108.700195,42.668037],[-108.697514,42.669319],[-108.697304,42.671521],[-108.696157,42.672566],[-108.693836,42.673773],[-108.691886,42.674418],[-108.690876,42.674464],[-108.690851,42.674172],[-108.692993,42.673793],[-108.696425,42.672015]]]}},{"type":"Feature","properties":{"id":"excl-a-696","kind":"exclusion","name":"Creek exclusion zone","acres":0.3,"editable":true,"source":"MAP mesic valley bottoms + 10-yr NDVI persistence + IrrMapper + NWI (V3 rule) + collar shape rules (4 Sep 2026)","strm_type":"Perennial","veg_pct":45.4,"pts":4,"enforce":"ok"},"geometry":{"type":"Polygon","coordinates":[[[-108.690876,42.674464],[-108.69037,42.674487],[-108.690351,42.67426],[-108.690851,42.674172],[-108.690876,42.674464]]]}},{"type":"Feature","properties":{"id":"excl-a-697","kind":"exclusion","name":"Creek exclusion zone","acres":28.5,"editable":true,"source":"MAP mesic valley bottoms + 10-yr NDVI persistence + IrrMapper + NWI (V3 rule) + collar shape rules (4 Sep 2026)","strm_type":"Perennial","veg_pct":59.7,"pts":30,"enforce":"ok"},"geometry":{"type":"Polygon","coordinates":[[[-108.688487,42.674042],[-108.683881,42.674603],[-108.67839,42.677373],[-108.678727,42.678105],[-108.6819,42.679238],[-108.684456,42.681647],[-108.686169,42.681947],[-108.690785,42.681737],[-108.693694,42.682785],[-108.693648,42.682934],[-108.693194,42.682936],[-108.69054,42.681919],[-108.6867,42.682288],[-108.684595,42.682108],[-108.683291,42.681364],[-108.681455,42.679431],[-108.678642,42.678383],[-108.677892,42.677472],[-108.678227,42.676965],[-108.677641,42.675525],[-108.677775,42.675253],[-108.677959,42.675268],[-108.678037,42.675731],[-108.678757,42.676178],[-108.680894,42.675449],[-108.682095,42.674604],[-108.688197,42.673772],[-108.690351,42.67426],[-108.69037,42.674487],[-108.689865,42.67451],[-108.688487,42.674042]]]}},{"type":"Feature","properties":{"id":"excl-a-698","kind":"exclusion","name":"Creek exclusion zone","acres":1.7,"editable":true,"source":"MAP mesic valley bottoms + 10-yr NDVI persistence + IrrMapper + NWI (V3 rule) + collar shape rules (4 Sep 2026)","strm_type":"Ephemeral","veg_pct":74.1,"pts":7,"enforce":"ok"},"geometry":{"type":"Polygon","coordinates":[[[-108.755278,42.649153],[-108.755432,42.649057],[-108.755776,42.649242],[-108.756521,42.650715],[-108.755968,42.652298],[-108.755922,42.652291],[-108.756274,42.650615],[-108.755278,42.649153]]]}},{"type":"Feature","properties":{"id":"excl-a-699","kind":"exclusion","name":"Creek exclusion zone","acres":2.6,"editable":true,"source":"MAP mesic valley bottoms + 10-yr NDVI persistence + IrrMapper + NWI (V3 rule) + collar shape rules (4 Sep 2026)","strm_type":"Perennial","veg_pct":98.0,"pts":7,"enforce":"ok"},"geometry":{"type":"Polygon","coordinates":[[[-108.772736,42.619873],[-108.772904,42.619932],[-108.772727,42.620439],[-108.770394,42.622492],[-108.770131,42.623005],[-108.770003,42.622983],[-108.770056,42.622561],[-108.772736,42.619873]]]}},{"type":"Feature","properties":{"id":"excl-a-700","kind":"exclusion","name":"Creek exclusion zone","acres":9.4,"editable":true,"source":"MAP mesic valley bottoms + 10-yr NDVI persistence + IrrMapper + NWI (V3 rule) + collar shape rules (4 Sep 2026)","strm_type":"Ephemeral","veg_pct":95.5,"pts":25,"enforce":"ok"},"geometry":{"type":"Polygon","coordinates":[[[-108.777913,42.587885],[-108.775695,42.58757],[-108.774961,42.587074],[-108.775017,42.587019],[-108.776142,42.587528],[-108.778348,42.587665],[-108.778815,42.587327],[-108.778206,42.586007],[-108.776866,42.585312],[-108.774791,42.585221],[-108.774792,42.585193],[-108.776984,42.585165],[-108.778836,42.58606],[-108.779321,42.585901],[-108.779462,42.585245],[-108.779264,42.585069],[-108.779271,42.585065],[-108.779945,42.585624],[-108.778736,42.58802],[-108.779801,42.589664],[-108.779693,42.589716],[-108.77876,42.588917],[-108.77806,42.589132],[-108.777936,42.589003],[-108.778319,42.588688],[-108.777913,42.587885]]]}},{"type":"Feature","properties":{"id":"excl-a-701","kind":"exclusion","name":"Creek exclusion zone","acres":13.8,"editable":true,"source":"MAP mesic valley bottoms + 10-yr NDVI persistence + IrrMapper + NWI (V3 rule) + collar shape rules (4 Sep 2026)","strm_type":"Ephemeral","veg_pct":97.2,"pts":20,"enforce":"ok"},"geometry":{"type":"Polygon","coordinates":[[[-108.753366,42.668673],[-108.754594,42.67028],[-108.756153,42.67082],[-108.757596,42.672244],[-108.759654,42.672648],[-108.762542,42.671734],[-108.766363,42.673075],[-108.76635,42.673097],[-108.762418,42.671945],[-108.760488,42.672664],[-108.758828,42.672752],[-108.757626,42.672468],[-108.755307,42.671038],[-108.754426,42.670977],[-108.75302,42.668772],[-108.748197,42.665184],[-108.746749,42.664617],[-108.746738,42.663904],[-108.746938,42.663871],[-108.747246,42.664363],[-108.753366,42.668673]]]}},{"type":"Feature","properties":{"id":"excl-a-702","kind":"exclusion","name":"Creek exclusion zone","acres":0.1,"editable":true,"source":"MAP mesic valley bottoms + 10-yr NDVI persistence + IrrMapper + NWI (V3 rule) + collar shape rules (4 Sep 2026)","strm_type":"Intermittent","veg_pct":29.5,"pts":6,"enforce":"narrow"},"geometry":{"type":"Polygon","coordinates":[[[-108.698663,42.67158],[-108.698678,42.671667],[-108.698472,42.671732],[-108.698204,42.67169],[-108.698195,42.671605],[-108.698382,42.671552],[-108.698663,42.67158]]]}},{"type":"Feature","properties":{"id":"excl-a-703","kind":"exclusion","name":"Creek exclusion zone","acres":0.5,"editable":true,"source":"MAP mesic valley bottoms + 10-yr NDVI persistence + IrrMapper + NWI (V3 rule) + collar shape rules (4 Sep 2026)","strm_type":"Ephemeral","veg_pct":98.3,"pts":6,"enforce":"ok"},"geometry":{"type":"Polygon","coordinates":[[[-108.770988,42.60981],[-108.771107,42.609958],[-108.770872,42.610161],[-108.769607,42.609972],[-108.769614,42.609937],[-108.770015,42.609961],[-108.770988,42.60981]]]}},{"type":"Feature","properties":{"id":"excl-a-704","kind":"exclusion","name":"Creek exclusion zone","acres":7.7,"editable":true,"source":"MAP mesic valley bottoms + 10-yr NDVI persistence + IrrMapper + NWI (V3 rule) + collar shape rules (4 Sep 2026)","strm_type":"Intermittent","veg_pct":98.4,"pts":18,"enforce":"ok"},"geometry":{"type":"Polygon","coordinates":[[[-108.76896,42.608644],[-108.771304,42.608752],[-108.772361,42.60799],[-108.772644,42.606913],[-108.773117,42.6065],[-108.773271,42.606558],[-108.773182,42.606828],[-108.773649,42.607179],[-108.77522,42.60677],[-108.775377,42.606933],[-108.775177,42.60712],[-108.775304,42.607571],[-108.775792,42.607763],[-108.775752,42.607838],[-108.773501,42.607388],[-108.772081,42.608864],[-108.77125,42.609145],[-108.768946,42.608711],[-108.76896,42.608644]]]}},{"type":"Feature","properties":{"id":"excl-a-705","kind":"exclusion","name":"Creek exclusion zone","acres":0.6,"editable":true,"source":"MAP mesic valley bottoms + 10-yr NDVI persistence + IrrMapper + NWI (V3 rule) + collar shape rules (4 Sep 2026)","strm_type":"Intermittent","veg_pct":31.3,"pts":6,"enforce":"ok"},"geometry":{"type":"Polygon","coordinates":[[[-108.683496,42.567501],[-108.68345,42.567381],[-108.68419,42.566964],[-108.684363,42.56709],[-108.68432,42.567296],[-108.683728,42.567517],[-108.683496,42.567501]]]}},{"type":"Feature","properties":{"id":"excl-a-706","kind":"exclusion","name":"Creek exclusion zone","acres":0.9,"editable":true,"source":"MAP mesic valley bottoms + 10-yr NDVI persistence + IrrMapper + NWI (V3 rule) + collar shape rules (4 Sep 2026)","strm_type":"Intermittent","veg_pct":56.4,"pts":6,"enforce":"ok"},"geometry":{"type":"Polygon","coordinates":[[[-108.681223,42.635909],[-108.681272,42.635862],[-108.682175,42.636292],[-108.683639,42.636499],[-108.683631,42.636562],[-108.682172,42.636548],[-108.681223,42.635909]]]}},{"type":"Feature","properties":{"id":"excl-a-707","kind":"exclusion","name":"Creek exclusion zone","acres":12.9,"editable":true,"source":"MAP mesic valley bottoms + 10-yr NDVI persistence + IrrMapper + NWI (V3 rule) + collar shape rules (4 Sep 2026)","strm_type":"Intermittent","veg_pct":43.6,"pts":11,"enforce":"ok"},"geometry":{"type":"Polygon","coordinates":[[[-108.684496,42.688955],[-108.681561,42.689375],[-108.679579,42.690433],[-108.679298,42.69031],[-108.679257,42.690024],[-108.680703,42.689046],[-108.685866,42.688319],[-108.688349,42.689202],[-108.690386,42.689477],[-108.690379,42.689554],[-108.688301,42.689601],[-108.684496,42.688955]]]}},{"type":"Feature","properties":{"id":"excl-a-708","kind":"exclusion","name":"Creek exclusion zone","acres":0.9,"editable":true,"source":"MAP mesic valley bottoms + 10-yr NDVI persistence + IrrMapper + NWI (V3 rule) + collar shape rules (4 Sep 2026)","strm_type":"Intermittent","veg_pct":97.5,"pts":5,"enforce":"ok"},"geometry":{"type":"Polygon","coordinates":[[[-108.677104,42.780587],[-108.676981,42.780332],[-108.67752,42.77998],[-108.677869,42.780051],[-108.677767,42.780609],[-108.677104,42.780587]]]}},{"type":"Feature","properties":{"id":"excl-a-709","kind":"exclusion","name":"Creek exclusion zone","acres":4.7,"editable":true,"source":"MAP mesic valley bottoms + 10-yr NDVI persistence + IrrMapper + NWI (V3 rule) + collar shape rules (4 Sep 2026)","strm_type":"Intermittent","veg_pct":34.6,"pts":7,"enforce":"ok"},"geometry":{"type":"Polygon","coordinates":[[[-108.684396,42.67081],[-108.682858,42.671255],[-108.682806,42.671183],[-108.688864,42.668128],[-108.689944,42.667164],[-108.689994,42.66719],[-108.689111,42.66822],[-108.684396,42.67081]]]}},{"type":"Feature","properties":{"id":"excl-a-710","kind":"exclusion","name":"Creek exclusion zone","acres":4.5,"editable":true,"source":"MAP mesic valley bottoms + 10-yr NDVI persistence + IrrMapper + NWI (V3 rule) + collar shape rules (4 Sep 2026)","strm_type":"Intermittent","veg_pct":22.7,"pts":8,"enforce":"ok"},"geometry":{"type":"Polygon","coordinates":[[[-108.685783,42.714877],[-108.685054,42.714599],[-108.684957,42.713921],[-108.685395,42.713805],[-108.685877,42.714515],[-108.690048,42.715079],[-108.690093,42.715229],[-108.689877,42.715343],[-108.685783,42.714877]]]}},{"type":"Feature","properties":{"id":"excl-a-711","kind":"exclusion","name":"Creek exclusion zone","acres":1.5,"editable":true,"source":"MAP mesic valley bottoms + 10-yr NDVI persistence + IrrMapper + NWI (V3 rule) + collar shape rules (4 Sep 2026)","strm_type":"Intermittent","veg_pct":25.1,"pts":6,"enforce":"ok"},"geometry":{"type":"Polygon","coordinates":[[[-108.682613,42.712933],[-108.682814,42.712763],[-108.683376,42.712937],[-108.683955,42.713459],[-108.683777,42.713704],[-108.683199,42.713663],[-108.682613,42.712933]]]}},{"type":"Feature","properties":{"id":"excl-a-712","kind":"exclusion","name":"Creek exclusion zone","acres":5.0,"editable":true,"source":"MAP mesic valley bottoms + 10-yr NDVI persistence + IrrMapper + NWI (V3 rule) + collar shape rules (4 Sep 2026)","strm_type":"Intermittent","veg_pct":78.7,"pts":8,"enforce":"ok"},"geometry":{"type":"Polygon","coordinates":[[[-108.688388,42.63599],[-108.686075,42.636734],[-108.685684,42.636674],[-108.685661,42.636499],[-108.689376,42.635332],[-108.693369,42.633115],[-108.69341,42.633151],[-108.691528,42.634513],[-108.688388,42.63599]]]}},{"type":"Feature","properties":{"id":"excl-a-713","kind":"exclusion","name":"Creek exclusion zone","acres":1.9,"editable":true,"source":"MAP mesic valley bottoms + 10-yr NDVI persistence + IrrMapper + NWI (V3 rule) + collar shape rules (4 Sep 2026)","strm_type":"Intermittent","veg_pct":71.4,"pts":6,"enforce":"ok"},"geometry":{"type":"Polygon","coordinates":[[[-108.681056,42.779517],[-108.680918,42.779364],[-108.681158,42.779136],[-108.683275,42.778594],[-108.683365,42.77871],[-108.682552,42.779224],[-108.681056,42.779517]]]}},{"type":"Feature","properties":{"id":"excl-a-714","kind":"exclusion","name":"Creek exclusion zone","acres":0.3,"editable":true,"source":"MAP mesic valley bottoms + 10-yr NDVI persistence + IrrMapper + NWI (V3 rule) + collar shape rules (4 Sep 2026)","strm_type":"Intermittent","veg_pct":100.0,"pts":6,"enforce":"ok"},"geometry":{"type":"Polygon","coordinates":[[[-108.687648,42.605577],[-108.687658,42.605481],[-108.68782,42.605442],[-108.688467,42.605553],[-108.68846,42.605673],[-108.688026,42.60572],[-108.687648,42.605577]]]}},{"type":"Feature","properties":{"id":"excl-a-715","kind":"exclusion","name":"Creek exclusion zone","acres":0.8,"editable":true,"source":"MAP mesic valley bottoms + 10-yr NDVI persistence + IrrMapper + NWI (V3 rule) + collar shape rules (4 Sep 2026)","strm_type":"Intermittent","veg_pct":15.5,"pts":5,"enforce":"ok"},"geometry":{"type":"Polygon","coordinates":[[[-108.68519,42.752388],[-108.685175,42.752012],[-108.685901,42.751899],[-108.6861,42.752102],[-108.685888,42.752369],[-108.68519,42.752388]]]}},{"type":"Feature","properties":{"id":"excl-a-716","kind":"exclusion","name":"Creek exclusion zone","acres":0.8,"editable":true,"source":"MAP mesic valley bottoms + 10-yr NDVI persistence + IrrMapper + NWI (V3 rule) + collar shape rules (4 Sep 2026)","strm_type":"Ephemeral","veg_pct":84.9,"pts":5,"enforce":"narrow"},"geometry":{"type":"Polygon","coordinates":[[[-108.750164,42.599039],[-108.75022,42.599082],[-108.748549,42.600487],[-108.7484,42.600388],[-108.749683,42.599327],[-108.750164,42.599039]]]}},{"type":"Feature","properties":{"id":"excl-a-717","kind":"exclusion","name":"Creek exclusion zone","acres":0.3,"editable":true,"source":"MAP mesic valley bottoms + 10-yr NDVI persistence + IrrMapper + NWI (V3 rule) + collar shape rules (4 Sep 2026)","strm_type":"Ephemeral","veg_pct":98.1,"pts":4,"enforce":"narrow"},"geometry":{"type":"Polygon","coordinates":[[[-108.748549,42.600487],[-108.747913,42.601021],[-108.747758,42.600918],[-108.7484,42.600388],[-108.748549,42.600487]]]}},{"type":"Feature","properties":{"id":"excl-a-718","kind":"exclusion","name":"Creek exclusion zone","acres":0.2,"editable":true,"source":"MAP mesic valley bottoms + 10-yr NDVI persistence + IrrMapper + NWI (V3 rule) + collar shape rules (4 Sep 2026)","strm_type":"Ephemeral","veg_pct":98.6,"pts":4,"enforce":"narrow"},"geometry":{"type":"Polygon","coordinates":[[[-108.747913,42.601021],[-108.747595,42.601288],[-108.747437,42.601184],[-108.747758,42.600918],[-108.747913,42.601021]]]}},{"type":"Feature","properties":{"id":"excl-a-719","kind":"exclusion","name":"Creek exclusion zone","acres":12.8,"editable":true,"source":"MAP mesic valley bottoms + 10-yr NDVI persistence + IrrMapper + NWI (V3 rule) + collar shape rules (4 Sep 2026)","strm_type":"Perennial","veg_pct":99.6,"pts":18,"enforce":"ok"},"geometry":{"type":"Polygon","coordinates":[[[-108.737268,42.607012],[-108.739028,42.604147],[-108.742201,42.602538],[-108.745137,42.600005],[-108.745331,42.600128],[-108.743014,42.601994],[-108.743164,42.602582],[-108.745375,42.602208],[-108.747116,42.601449],[-108.747276,42.601316],[-108.747436,42.601422],[-108.747168,42.601647],[-108.739537,42.604052],[-108.73772,42.606926],[-108.734953,42.608951],[-108.733746,42.609261],[-108.733613,42.609018],[-108.734407,42.60878],[-108.737268,42.607012]]]}},{"type":"Feature","properties":{"id":"excl-a-720","kind":"exclusion","name":"Creek exclusion zone","acres":4.9,"editable":true,"source":"MAP mesic valley bottoms + 10-yr NDVI persistence + IrrMapper + NWI (V3 rule) + collar shape rules (4 Sep 2026)","strm_type":"Perennial","veg_pct":100.0,"pts":10,"enforce":"ok"},"geometry":{"type":"Polygon","coordinates":[[[-108.734105,42.606115],[-108.734401,42.603311],[-108.735412,42.601974],[-108.735528,42.602022],[-108.734566,42.603393],[-108.734328,42.606295],[-108.732214,42.608938],[-108.731752,42.608861],[-108.731714,42.608756],[-108.731833,42.608676],[-108.734105,42.606115]]]}},{"type":"Feature","properties":{"id":"excl-a-721","kind":"exclusion","name":"Creek exclusion zone","acres":7.5,"editable":true,"source":"MAP mesic valley bottoms + 10-yr NDVI persistence + IrrMapper + NWI (V3 rule) + collar shape rules (4 Sep 2026)","strm_type":"Perennial","veg_pct":97.5,"pts":20,"enforce":"ok"},"geometry":{"type":"Polygon","coordinates":[[[-108.728188,42.611882],[-108.727313,42.612191],[-108.727183,42.61217],[-108.727155,42.612084],[-108.728946,42.610969],[-108.729409,42.609704],[-108.730727,42.60942],[-108.731283,42.609045],[-108.731348,42.609073],[-108.731323,42.609161],[-108.732623,42.609377],[-108.73266,42.609259],[-108.732748,42.609228],[-108.732819,42.609255],[-108.732851,42.609246],[-108.732875,42.609261],[-108.732828,42.609412],[-108.732911,42.609433],[-108.732911,42.609475],[-108.730713,42.610039],[-108.728188,42.611882]]]}},{"type":"Feature","properties":{"id":"excl-a-722","kind":"exclusion","name":"Creek exclusion zone","acres":0.3,"editable":true,"source":"MAP mesic valley bottoms + 10-yr NDVI persistence + IrrMapper + NWI (V3 rule) + collar shape rules (4 Sep 2026)","strm_type":"Perennial","veg_pct":97.8,"pts":11,"enforce":"ok"},"geometry":{"type":"Polygon","coordinates":[[[-108.733746,42.609261],[-108.733063,42.609436],[-108.733001,42.609387],[-108.733006,42.609252],[-108.733074,42.609204],[-108.733257,42.609208],[-108.733341,42.609315],[-108.733418,42.609245],[-108.733324,42.609189],[-108.733342,42.609099],[-108.733613,42.609018],[-108.733746,42.609261]]]}},{"type":"Feature","properties":{"id":"excl-a-723","kind":"exclusion","name":"Creek exclusion zone","acres":0.2,"editable":true,"source":"MAP mesic valley bottoms + 10-yr NDVI persistence + IrrMapper + NWI (V3 rule) + collar shape rules (4 Sep 2026)","strm_type":"Perennial","veg_pct":99.6,"pts":8,"enforce":"ok"},"geometry":{"type":"Polygon","coordinates":[[[-108.731713,42.608902],[-108.731803,42.608922],[-108.731868,42.608973],[-108.731864,42.609108],[-108.731703,42.609172],[-108.731612,42.609152],[-108.731547,42.609102],[-108.731552,42.608967],[-108.731713,42.608902]]]}},{"type":"Feature","properties":{"id":"excl-a-724","kind":"exclusion","name":"Creek exclusion zone","acres":10.9,"editable":true,"source":"MAP mesic valley bottoms + 10-yr NDVI persistence + IrrMapper + NWI (V3 rule) + collar shape rules (4 Sep 2026)","strm_type":"Intermittent","veg_pct":95.6,"pts":17,"enforce":"ok"},"geometry":{"type":"Polygon","coordinates":[[[-108.739587,42.598496],[-108.744026,42.597389],[-108.74569,42.595895],[-108.746805,42.593623],[-108.747021,42.593632],[-108.74711,42.593903],[-108.74591,42.596043],[-108.745951,42.596376],[-108.746552,42.596574],[-108.746511,42.596703],[-108.745436,42.596664],[-108.744114,42.59766],[-108.740123,42.598569],[-108.735878,42.601523],[-108.735528,42.602022],[-108.735412,42.601974],[-108.736424,42.600638],[-108.739587,42.598496]]]}},{"type":"Feature","properties":{"id":"excl-a-725","kind":"exclusion","name":"Creek exclusion zone","acres":2.4,"editable":true,"source":"MAP mesic valley bottoms + 10-yr NDVI persistence + IrrMapper + NWI (V3 rule) + collar shape rules (4 Sep 2026)","strm_type":"Ephemeral","veg_pct":97.2,"pts":5,"enforce":"ok"},"geometry":{"type":"Polygon","coordinates":[[[-108.748238,42.597541],[-108.748071,42.597921],[-108.745331,42.600128],[-108.745137,42.600005],[-108.748072,42.597472],[-108.748238,42.597541]]]}},{"type":"Feature","properties":{"id":"excl-a-726","kind":"exclusion","name":"Creek exclusion zone","acres":24.2,"editable":true,"source":"MAP mesic valley bottoms + 10-yr NDVI persistence + IrrMapper + NWI (V3 rule) + collar shape rules (4 Sep 2026)","strm_type":"Perennial","veg_pct":99.3,"pts":19,"enforce":"ok"},"geometry":{"type":"Polygon","coordinates":[[[-108.71505,42.620882],[-108.7127,42.62117],[-108.712285,42.621874],[-108.712643,42.622281],[-108.710267,42.623668],[-108.710392,42.62421],[-108.711617,42.624885],[-108.711715,42.62524],[-108.711343,42.625552],[-108.711123,42.625535],[-108.711029,42.625412],[-108.709497,42.62414],[-108.711071,42.621457],[-108.713651,42.619606],[-108.713939,42.618401],[-108.714311,42.617862],[-108.715366,42.618085],[-108.715472,42.618424],[-108.715017,42.618725],[-108.71505,42.620882]]]}},{"type":"Feature","properties":{"id":"excl-a-727","kind":"exclusion","name":"Creek exclusion zone","acres":30.1,"editable":true,"source":"MAP mesic valley bottoms + 10-yr NDVI persistence + IrrMapper + NWI (V3 rule) + collar shape rules (4 Sep 2026)","strm_type":"Perennial","veg_pct":99.7,"pts":22,"enforce":"ok"},"geometry":{"type":"Polygon","coordinates":[[[-108.718005,42.615147],[-108.716639,42.61575],[-108.716056,42.618038],[-108.715835,42.618183],[-108.71478,42.617961],[-108.714533,42.617541],[-108.715359,42.616347],[-108.716009,42.613796],[-108.715239,42.612672],[-108.714861,42.610263],[-108.71505,42.610029],[-108.715262,42.61004],[-108.715354,42.610199],[-108.715744,42.610264],[-108.716617,42.613361],[-108.719848,42.613051],[-108.720712,42.611648],[-108.720859,42.611678],[-108.72031,42.613476],[-108.720078,42.613542],[-108.719896,42.613446],[-108.718409,42.613756],[-108.718005,42.615147]]]}},{"type":"Feature","properties":{"id":"excl-a-728","kind":"exclusion","name":"Creek exclusion zone","acres":18.9,"editable":true,"source":"MAP mesic valley bottoms + 10-yr NDVI persistence + IrrMapper + NWI (V3 rule) + collar shape rules (4 Sep 2026)","strm_type":"Perennial","veg_pct":99.0,"pts":28,"enforce":"ok"},"geometry":{"type":"Polygon","coordinates":[[[-108.722022,42.613685],[-108.722728,42.613384],[-108.723011,42.612735],[-108.723513,42.61264],[-108.723826,42.612859],[-108.724307,42.612816],[-108.724514,42.612581],[-108.726832,42.612286],[-108.727109,42.612113],[-108.727169,42.612127],[-108.727193,42.612234],[-108.724761,42.613092],[-108.724286,42.613602],[-108.72444,42.614117],[-108.72604,42.614355],[-108.726053,42.614535],[-108.724555,42.614884],[-108.720513,42.614695],[-108.719995,42.614614],[-108.719921,42.614449],[-108.719959,42.614409],[-108.720014,42.614407],[-108.720138,42.61402],[-108.720285,42.613897],[-108.720261,42.613637],[-108.720719,42.612209],[-108.720776,42.612216],[-108.720583,42.613475],[-108.722022,42.613685]]]}},{"type":"Feature","properties":{"id":"excl-a-729","kind":"exclusion","name":"Creek exclusion zone","acres":5.3,"editable":true,"source":"MAP mesic valley bottoms + 10-yr NDVI persistence + IrrMapper + NWI (V3 rule) + collar shape rules (4 Sep 2026)","strm_type":"Intermittent","veg_pct":92.2,"pts":12,"enforce":"ok"},"geometry":{"type":"Polygon","coordinates":[[[-108.72223,42.627896],[-108.725185,42.628217],[-108.7267,42.627801],[-108.726882,42.627888],[-108.726894,42.628021],[-108.725424,42.628401],[-108.721454,42.628154],[-108.720966,42.628344],[-108.720631,42.628159],[-108.720749,42.627731],[-108.721655,42.62719],[-108.722109,42.627319],[-108.72223,42.627896]]]}},{"type":"Feature","properties":{"id":"excl-a-730","kind":"exclusion","name":"Creek exclusion zone","acres":10.6,"editable":true,"source":"MAP mesic valley bottoms + 10-yr NDVI persistence + IrrMapper + NWI (V3 rule) + collar shape rules (4 Sep 2026)","strm_type":"Intermittent","veg_pct":96.1,"pts":24,"enforce":"ok"},"geometry":{"type":"Polygon","coordinates":[[[-108.714689,42.629966],[-108.715005,42.62992],[-108.716077,42.630971],[-108.716666,42.630973],[-108.718843,42.628869],[-108.719752,42.628327],[-108.719824,42.628417],[-108.720411,42.628239],[-108.720581,42.628343],[-108.720534,42.628512],[-108.719258,42.629009],[-108.719237,42.629511],[-108.720204,42.629717],[-108.720157,42.629887],[-108.7199,42.62998],[-108.719669,42.629897],[-108.718515,42.629929],[-108.716721,42.631537],[-108.71675,42.631916],[-108.716715,42.631929],[-108.716678,42.63191],[-108.715797,42.632088],[-108.715139,42.630719],[-108.714595,42.630229],[-108.714689,42.629966]]]}},{"type":"Feature","properties":{"id":"excl-a-731","kind":"exclusion","name":"Creek exclusion zone","acres":5.7,"editable":true,"source":"MAP mesic valley bottoms + 10-yr NDVI persistence + IrrMapper + NWI (V3 rule) + collar shape rules (4 Sep 2026)","strm_type":"Perennial","veg_pct":98.2,"pts":11,"enforce":"ok"},"geometry":{"type":"Polygon","coordinates":[[[-108.719494,42.632306],[-108.719359,42.632797],[-108.717097,42.632273],[-108.716584,42.634695],[-108.716639,42.634806],[-108.716536,42.6349],[-108.716318,42.634877],[-108.716524,42.633599],[-108.715797,42.632088],[-108.716678,42.63191],[-108.716756,42.632003],[-108.719494,42.632306]]]}},{"type":"Feature","properties":{"id":"excl-a-732","kind":"exclusion","name":"Creek exclusion zone","acres":0.4,"editable":true,"source":"MAP mesic valley bottoms + 10-yr NDVI persistence + IrrMapper + NWI (V3 rule) + collar shape rules (4 Sep 2026)","strm_type":"Intermittent","veg_pct":98.5,"pts":7,"enforce":"ok"},"geometry":{"type":"Polygon","coordinates":[[[-108.72037,42.627957],[-108.720652,42.628084],[-108.720603,42.628263],[-108.720496,42.628291],[-108.720411,42.628239],[-108.719824,42.628417],[-108.719752,42.628327],[-108.72037,42.627957]]]}},{"type":"Feature","properties":{"id":"excl-a-733","kind":"exclusion","name":"Creek exclusion zone","acres":8.3,"editable":true,"source":"MAP mesic valley bottoms + 10-yr NDVI persistence + IrrMapper + NWI (V3 rule) + collar shape rules (4 Sep 2026)","strm_type":"Perennial","veg_pct":97.9,"pts":13,"enforce":"ok"},"geometry":{"type":"Polygon","coordinates":[[[-108.711215,42.625659],[-108.711465,42.625449],[-108.71179,42.625514],[-108.711961,42.626135],[-108.712832,42.626472],[-108.713391,42.627493],[-108.714002,42.627682],[-108.714208,42.629137],[-108.714783,42.629702],[-108.714689,42.629966],[-108.714361,42.630018],[-108.713291,42.629054],[-108.713044,42.628047],[-108.711215,42.625659]]]}},{"type":"Feature","properties":{"id":"excl-a-734","kind":"exclusion","name":"Creek exclusion zone","acres":10.5,"editable":true,"source":"MAP mesic valley bottoms + 10-yr NDVI persistence + IrrMapper + NWI (V3 rule) + collar shape rules (4 Sep 2026)","strm_type":"Ephemeral","veg_pct":86.4,"pts":28,"enforce":"ok"},"geometry":{"type":"MultiPolygon","coordinates":[[[[-108.721813,42.634049],[-108.719971,42.632939],[-108.719359,42.632797],[-108.719494,42.632306],[-108.71983,42.632343],[-108.720965,42.63174],[-108.722161,42.631657],[-108.722262,42.631829],[-108.722113,42.632027],[-108.720582,42.632193],[-108.720592,42.632785],[-108.724444,42.633001],[-108.724396,42.633348],[-108.724517,42.633359],[-108.724517,42.633365],[-108.722602,42.633273],[-108.722305,42.633565],[-108.722457,42.633878],[-108.724213,42.634249],[-108.724088,42.634506],[-108.724257,42.634544],[-108.721813,42.634049]]],[[[-108.724179,42.634432],[-108.724206,42.634365],[-108.724367,42.634301],[-108.724458,42.63432],[-108.724545,42.634439],[-108.724449,42.634554],[-108.724372,42.634568],[-108.724257,42.634544],[-108.724179,42.634432]]]]}},{"type":"Feature","properties":{"id":"excl-a-735","kind":"exclusion","name":"Creek exclusion zone","acres":1.1,"editable":true,"source":"MAP mesic valley bottoms + 10-yr NDVI persistence + IrrMapper + NWI (V3 rule) + collar shape rules (4 Sep 2026)","strm_type":"Ephemeral","veg_pct":88.6,"pts":6,"enforce":"ok"},"geometry":{"type":"Polygon","coordinates":[[[-108.726296,42.634958],[-108.724557,42.634605],[-108.724673,42.634371],[-108.724561,42.634335],[-108.724567,42.634324],[-108.726341,42.634698],[-108.726296,42.634958]]]}},{"type":"Feature","properties":{"id":"excl-a-736","kind":"exclusion","name":"Creek exclusion zone","acres":3.9,"editable":true,"source":"MAP mesic valley bottoms + 10-yr NDVI persistence + IrrMapper + NWI (V3 rule) + collar shape rules (4 Sep 2026)","strm_type":"Ephemeral","veg_pct":87.0,"pts":16,"enforce":"ok"},"geometry":{"type":"Polygon","coordinates":[[[-108.72653,42.631831],[-108.728208,42.631269],[-108.729861,42.631179],[-108.729883,42.631263],[-108.7266,42.632037],[-108.725236,42.633399],[-108.724882,42.633382],[-108.724929,42.633043],[-108.72478,42.633026],[-108.724852,42.633132],[-108.724756,42.633247],[-108.724664,42.633263],[-108.724508,42.633193],[-108.724513,42.633058],[-108.724582,42.63301],[-108.724906,42.633027],[-108.72653,42.631831]]]}},{"type":"Feature","properties":{"id":"excl-a-737","kind":"exclusion","name":"Creek exclusion zone","acres":1.8,"editable":true,"source":"MAP mesic valley bottoms + 10-yr NDVI persistence + IrrMapper + NWI (V3 rule) + collar shape rules (4 Sep 2026)","strm_type":"Ephemeral","veg_pct":82.4,"pts":6,"enforce":"ok"},"geometry":{"type":"Polygon","coordinates":[[[-108.721432,42.629978],[-108.722053,42.630577],[-108.721912,42.630705],[-108.7199,42.62998],[-108.720157,42.629887],[-108.720204,42.629717],[-108.721432,42.629978]]]}},{"type":"Feature","properties":{"id":"excl-a-738","kind":"exclusion","name":"Creek exclusion zone","acres":2.8,"editable":true,"source":"MAP mesic valley bottoms + 10-yr NDVI persistence + IrrMapper + NWI (V3 rule) + collar shape rules (4 Sep 2026)","strm_type":"Ephemeral","veg_pct":49.0,"pts":9,"enforce":"ok"},"geometry":{"type":"Polygon","coordinates":[[[-108.722998,42.63627],[-108.723084,42.636535],[-108.722833,42.63669],[-108.721812,42.636358],[-108.72061,42.635409],[-108.720079,42.635438],[-108.720031,42.635394],[-108.72006,42.635352],[-108.721197,42.635371],[-108.722998,42.63627]]]}},{"type":"Feature","properties":{"id":"excl-a-739","kind":"exclusion","name":"Creek exclusion zone","acres":17.0,"editable":true,"source":"MAP mesic valley bottoms + 10-yr NDVI persistence + IrrMapper + NWI (V3 rule) + collar shape rules (4 Sep 2026)","strm_type":"Perennial","veg_pct":87.9,"pts":27,"enforce":"ok"},"geometry":{"type":"Polygon","coordinates":[[[-108.712058,42.640361],[-108.713657,42.641941],[-108.715252,42.6421],[-108.717969,42.640466],[-108.718226,42.640587],[-108.718093,42.640971],[-108.717963,42.640969],[-108.716525,42.641944],[-108.714226,42.642289],[-108.711146,42.640656],[-108.709204,42.642018],[-108.708631,42.642141],[-108.708483,42.64197],[-108.71006,42.640635],[-108.712219,42.63988],[-108.714517,42.638206],[-108.716184,42.635711],[-108.716318,42.634877],[-108.716536,42.6349],[-108.716588,42.634853],[-108.716667,42.634863],[-108.716913,42.635359],[-108.719984,42.635351],[-108.720031,42.635394],[-108.720003,42.635442],[-108.71667,42.635627],[-108.714855,42.638313],[-108.712058,42.640361]]]}},{"type":"Feature","properties":{"id":"excl-a-740","kind":"exclusion","name":"Creek exclusion zone","acres":5.4,"editable":true,"source":"MAP mesic valley bottoms + 10-yr NDVI persistence + IrrMapper + NWI (V3 rule) + collar shape rules (4 Sep 2026)","strm_type":"Intermittent","veg_pct":93.3,"pts":21,"enforce":"ok"},"geometry":{"type":"Polygon","coordinates":[[[-108.718581,42.640977],[-108.718214,42.640622],[-108.718348,42.640239],[-108.71985,42.639335],[-108.721886,42.639058],[-108.722037,42.638964],[-108.722082,42.639004],[-108.722154,42.638948],[-108.722337,42.638952],[-108.72237,42.638978],[-108.722359,42.63902],[-108.720992,42.639505],[-108.719918,42.639593],[-108.719571,42.639894],[-108.719691,42.64033],[-108.72008,42.640475],[-108.72013,42.640738],[-108.719897,42.640896],[-108.720027,42.641],[-108.720015,42.641012],[-108.719969,42.640995],[-108.718581,42.640977]]]}},{"type":"Feature","properties":{"id":"excl-a-741","kind":"exclusion","name":"Creek exclusion zone","acres":6.6,"editable":true,"source":"MAP mesic valley bottoms + 10-yr NDVI persistence + IrrMapper + NWI (V3 rule) + collar shape rules (4 Sep 2026)","strm_type":"Ephemeral","veg_pct":83.9,"pts":20,"enforce":"ok"},"geometry":{"type":"Polygon","coordinates":[[[-108.723695,42.64233],[-108.720584,42.641216],[-108.720532,42.640954],[-108.720767,42.640795],[-108.720684,42.640729],[-108.720722,42.640647],[-108.723105,42.640347],[-108.724783,42.640931],[-108.724756,42.640982],[-108.722389,42.640464],[-108.721673,42.640873],[-108.72172,42.641259],[-108.723934,42.64211],[-108.724979,42.643038],[-108.725228,42.64367],[-108.725141,42.643764],[-108.725019,42.643773],[-108.725019,42.644003],[-108.724923,42.644014],[-108.724584,42.643242],[-108.723695,42.64233]]]}},{"type":"Feature","properties":{"id":"excl-a-742","kind":"exclusion","name":"Creek exclusion zone","acres":0.6,"editable":true,"source":"MAP mesic valley bottoms + 10-yr NDVI persistence + IrrMapper + NWI (V3 rule) + collar shape rules (4 Sep 2026)","strm_type":"Ephemeral","veg_pct":81.4,"pts":7,"enforce":"ok"},"geometry":{"type":"Polygon","coordinates":[[[-108.725505,42.645339],[-108.725263,42.64479],[-108.725341,42.644733],[-108.725457,42.644762],[-108.725479,42.644563],[-108.725577,42.644555],[-108.72586,42.645273],[-108.725505,42.645339]]]}},{"type":"Feature","properties":{"id":"excl-a-743","kind":"exclusion","name":"Creek exclusion zone","acres":0.1,"editable":true,"source":"MAP mesic valley bottoms + 10-yr NDVI persistence + IrrMapper + NWI (V3 rule) + collar shape rules (4 Sep 2026)","strm_type":"Ephemeral","veg_pct":84.4,"pts":6,"enforce":"narrow"},"geometry":{"type":"Polygon","coordinates":[[[-108.725273,42.644051],[-108.725117,42.643981],[-108.725122,42.643846],[-108.725191,42.643798],[-108.725273,42.643783],[-108.72537,42.644031],[-108.725273,42.644051]]]}},{"type":"Feature","properties":{"id":"excl-a-744","kind":"exclusion","name":"Creek exclusion zone","acres":1.4,"editable":true,"source":"MAP mesic valley bottoms + 10-yr NDVI persistence + IrrMapper + NWI (V3 rule) + collar shape rules (4 Sep 2026)","strm_type":"Ephemeral","veg_pct":73.7,"pts":11,"enforce":"ok"},"geometry":{"type":"Polygon","coordinates":[[[-108.72271,42.638896],[-108.722647,42.63885],[-108.722702,42.638763],[-108.722592,42.638725],[-108.722574,42.638628],[-108.723638,42.637964],[-108.723943,42.638061],[-108.723964,42.638336],[-108.724137,42.638323],[-108.724161,42.638357],[-108.724116,42.638396],[-108.72271,42.638896]]]}},{"type":"Feature","properties":{"id":"excl-a-745","kind":"exclusion","name":"Creek exclusion zone","acres":0.3,"editable":true,"source":"MAP mesic valley bottoms + 10-yr NDVI persistence + IrrMapper + NWI (V3 rule) + collar shape rules (4 Sep 2026)","strm_type":"Ephemeral","veg_pct":71.0,"pts":7,"enforce":"ok"},"geometry":{"type":"Polygon","coordinates":[[[-108.72484,42.637773],[-108.724634,42.637951],[-108.724417,42.637894],[-108.724405,42.637642],[-108.724284,42.63765],[-108.724281,42.637639],[-108.724681,42.637576],[-108.72484,42.637773]]]}},{"type":"Feature","properties":{"id":"excl-a-746","kind":"exclusion","name":"Creek exclusion zone","acres":0.2,"editable":true,"source":"MAP mesic valley bottoms + 10-yr NDVI persistence + IrrMapper + NWI (V3 rule) + collar shape rules (4 Sep 2026)","strm_type":"Ephemeral","veg_pct":73.4,"pts":8,"enforce":"ok"},"geometry":{"type":"Polygon","coordinates":[[[-108.724174,42.637817],[-108.724264,42.637837],[-108.724329,42.637888],[-108.724325,42.638023],[-108.724164,42.638087],[-108.724073,42.638067],[-108.724008,42.638016],[-108.724013,42.637881],[-108.724174,42.637817]]]}},{"type":"Feature","properties":{"id":"excl-a-747","kind":"exclusion","name":"Creek exclusion zone","acres":0.1,"editable":true,"source":"MAP mesic valley bottoms + 10-yr NDVI persistence + IrrMapper + NWI (V3 rule) + collar shape rules (4 Sep 2026)","strm_type":"Intermittent","veg_pct":95.9,"pts":7,"enforce":"ok"},"geometry":{"type":"Polygon","coordinates":[[[-108.720464,42.640801],[-108.720459,42.640936],[-108.72039,42.640984],[-108.720298,42.641],[-108.720142,42.640929],[-108.720147,42.640794],[-108.720308,42.64073],[-108.720464,42.640801]]]}},{"type":"Feature","properties":{"id":"excl-a-748","kind":"exclusion","name":"Creek exclusion zone","acres":1.7,"editable":true,"source":"MAP mesic valley bottoms + 10-yr NDVI persistence + IrrMapper + NWI (V3 rule) + collar shape rules (4 Sep 2026)","strm_type":"Ephemeral","veg_pct":86.6,"pts":6,"enforce":"ok"},"geometry":{"type":"Polygon","coordinates":[[[-108.730679,42.626879],[-108.730701,42.627037],[-108.728279,42.627663],[-108.72816,42.627548],[-108.728224,42.627382],[-108.730222,42.626834],[-108.730679,42.626879]]]}},{"type":"Feature","properties":{"id":"excl-a-749","kind":"exclusion","name":"Creek exclusion zone","acres":0.5,"editable":true,"source":"MAP mesic valley bottoms + 10-yr NDVI persistence + IrrMapper + NWI (V3 rule) + collar shape rules (4 Sep 2026)","strm_type":"Intermittent","veg_pct":95.3,"pts":8,"enforce":"ok"},"geometry":{"type":"Polygon","coordinates":[[[-108.726869,42.627754],[-108.727663,42.627536],[-108.727699,42.627574],[-108.727621,42.627643],[-108.727723,42.627712],[-108.727695,42.627814],[-108.727065,42.627977],[-108.726882,42.627888],[-108.726869,42.627754]]]}},{"type":"Feature","properties":{"id":"excl-a-750","kind":"exclusion","name":"Creek exclusion zone","acres":12.3,"editable":true,"source":"MAP mesic valley bottoms + 10-yr NDVI persistence + IrrMapper + NWI (V3 rule) + collar shape rules (4 Sep 2026)","strm_type":"Perennial","veg_pct":99.4,"pts":14,"enforce":"ok"},"geometry":{"type":"Polygon","coordinates":[[[-108.728939,42.600628],[-108.73145,42.598589],[-108.73209,42.597439],[-108.732421,42.597527],[-108.731434,42.598958],[-108.728908,42.60134],[-108.72775,42.603294],[-108.728094,42.603995],[-108.729496,42.603694],[-108.729568,42.603968],[-108.726703,42.605439],[-108.725447,42.605827],[-108.725211,42.605535],[-108.726554,42.60508],[-108.728939,42.600628]]]}},{"type":"Feature","properties":{"id":"excl-a-751","kind":"exclusion","name":"Creek exclusion zone","acres":13.3,"editable":true,"source":"MAP mesic valley bottoms + 10-yr NDVI persistence + IrrMapper + NWI (V3 rule) + collar shape rules (4 Sep 2026)","strm_type":"Perennial","veg_pct":98.3,"pts":19,"enforce":"ok"},"geometry":{"type":"Polygon","coordinates":[[[-108.709105,42.600549],[-108.709137,42.600498],[-108.712399,42.601389],[-108.713016,42.599824],[-108.712344,42.598842],[-108.709393,42.596736],[-108.708764,42.595939],[-108.70885,42.595892],[-108.712772,42.599009],[-108.71358,42.598988],[-108.714492,42.597292],[-108.716796,42.5954],[-108.71705,42.595418],[-108.71716,42.595555],[-108.714596,42.597561],[-108.712902,42.601256],[-108.713361,42.602861],[-108.712729,42.602645],[-108.712623,42.602],[-108.709105,42.600549]]]}},{"type":"Feature","properties":{"id":"excl-a-752","kind":"exclusion","name":"Creek exclusion zone","acres":13.7,"editable":true,"source":"MAP mesic valley bottoms + 10-yr NDVI persistence + IrrMapper + NWI (V3 rule) + collar shape rules (4 Sep 2026)","strm_type":"Perennial","veg_pct":99.4,"pts":22,"enforce":"ok"},"geometry":{"type":"Polygon","coordinates":[[[-108.71631,42.605914],[-108.716714,42.606487],[-108.717927,42.606504],[-108.718825,42.606127],[-108.718962,42.60629],[-108.719078,42.606282],[-108.719151,42.606355],[-108.719099,42.606454],[-108.719354,42.606759],[-108.71913,42.607005],[-108.717674,42.606825],[-108.716945,42.60715],[-108.716711,42.609202],[-108.715744,42.610264],[-108.715354,42.610199],[-108.715169,42.609881],[-108.716236,42.608557],[-108.71514,42.606456],[-108.714512,42.606116],[-108.714867,42.605785],[-108.715163,42.605818],[-108.715273,42.606026],[-108.71631,42.605914]]]}},{"type":"Feature","properties":{"id":"excl-a-753","kind":"exclusion","name":"Creek exclusion zone","acres":7.2,"editable":true,"source":"MAP mesic valley bottoms + 10-yr NDVI persistence + IrrMapper + NWI (V3 rule) + collar shape rules (4 Sep 2026)","strm_type":"Perennial","veg_pct":99.7,"pts":16,"enforce":"ok"},"geometry":{"type":"Polygon","coordinates":[[[-108.713594,42.604193],[-108.712811,42.604022],[-108.710668,42.604455],[-108.710652,42.604419],[-108.712914,42.603767],[-108.712748,42.602758],[-108.712869,42.602692],[-108.713361,42.602861],[-108.713543,42.603499],[-108.714025,42.603793],[-108.714349,42.603685],[-108.714583,42.603831],[-108.714398,42.604362],[-108.715054,42.605611],[-108.714512,42.606116],[-108.714124,42.605905],[-108.713594,42.604193]]]}},{"type":"Feature","properties":{"id":"excl-a-754","kind":"exclusion","name":"Creek exclusion zone","acres":4.0,"editable":true,"source":"MAP mesic valley bottoms + 10-yr NDVI persistence + IrrMapper + NWI (V3 rule) + collar shape rules (4 Sep 2026)","strm_type":"Perennial","veg_pct":99.6,"pts":15,"enforce":"ok"},"geometry":{"type":"Polygon","coordinates":[[[-108.719354,42.606759],[-108.719291,42.606683],[-108.719356,42.606643],[-108.719578,42.606791],[-108.721946,42.60664],[-108.725211,42.605535],[-108.725447,42.605827],[-108.721904,42.606922],[-108.720451,42.607059],[-108.720436,42.606879],[-108.719789,42.606909],[-108.719796,42.606999],[-108.719684,42.607074],[-108.719328,42.60703],[-108.719242,42.606882],[-108.719354,42.606759]]]}},{"type":"Feature","properties":{"id":"excl-a-755","kind":"exclusion","name":"Creek exclusion zone","acres":1.2,"editable":true,"source":"MAP mesic valley bottoms + 10-yr NDVI persistence + IrrMapper + NWI (V3 rule) + collar shape rules (4 Sep 2026)","strm_type":"Ephemeral","veg_pct":100.0,"pts":10,"enforce":"ok"},"geometry":{"type":"Polygon","coordinates":[[[-108.719301,42.605577],[-108.719031,42.604333],[-108.719402,42.603967],[-108.719489,42.604006],[-108.719266,42.604361],[-108.719487,42.605713],[-108.719193,42.606275],[-108.718962,42.60629],[-108.718825,42.606127],[-108.718941,42.606077],[-108.719301,42.605577]]]}},{"type":"Feature","properties":{"id":"excl-a-756","kind":"exclusion","name":"Creek exclusion zone","acres":1.2,"editable":true,"source":"MAP mesic valley bottoms + 10-yr NDVI persistence + IrrMapper + NWI (V3 rule) + collar shape rules (4 Sep 2026)","strm_type":"Perennial","veg_pct":97.6,"pts":9,"enforce":"ok"},"geometry":{"type":"Polygon","coordinates":[[[-108.717524,42.593584],[-108.717718,42.593635],[-108.717338,42.594409],[-108.717375,42.595387],[-108.717268,42.595471],[-108.71708,42.595455],[-108.71694,42.595281],[-108.717006,42.595227],[-108.717302,42.593683],[-108.717524,42.593584]]]}},{"type":"Feature","properties":{"id":"excl-a-757","kind":"exclusion","name":"Creek exclusion zone","acres":1.9,"editable":true,"source":"MAP mesic valley bottoms + 10-yr NDVI persistence + IrrMapper + NWI (V3 rule) + collar shape rules (4 Sep 2026)","strm_type":"Intermittent","veg_pct":97.6,"pts":5,"enforce":"ok"},"geometry":{"type":"Polygon","coordinates":[[[-108.733524,42.595633],[-108.73367,42.595716],[-108.732421,42.597527],[-108.73209,42.597439],[-108.732852,42.596069],[-108.733524,42.595633]]]}},{"type":"Feature","properties":{"id":"excl-a-758","kind":"exclusion","name":"Creek exclusion zone","acres":11.0,"editable":true,"source":"MAP mesic valley bottoms + 10-yr NDVI persistence + IrrMapper + NWI (V3 rule) + collar shape rules (4 Sep 2026)","strm_type":"Intermittent","veg_pct":97.6,"pts":23,"enforce":"ok"},"geometry":{"type":"Polygon","coordinates":[[[-108.717358,42.584883],[-108.714956,42.582473],[-108.713934,42.58229],[-108.712927,42.581655],[-108.712994,42.58158],[-108.715228,42.582387],[-108.717427,42.584667],[-108.719143,42.58532],[-108.720188,42.583366],[-108.720495,42.583355],[-108.720664,42.583604],[-108.7198,42.585039],[-108.720186,42.585793],[-108.722034,42.58564],[-108.722077,42.585685],[-108.722043,42.585736],[-108.719736,42.586184],[-108.719275,42.587681],[-108.719399,42.587833],[-108.719236,42.587973],[-108.719055,42.587928],[-108.719029,42.587655],[-108.719255,42.585927],[-108.717358,42.584883]]]}},{"type":"Feature","properties":{"id":"excl-a-759","kind":"exclusion","name":"Creek exclusion zone","acres":13.1,"editable":true,"source":"MAP mesic valley bottoms + 10-yr NDVI persistence + IrrMapper + NWI (V3 rule) + collar shape rules (4 Sep 2026)","strm_type":"Perennial","veg_pct":97.6,"pts":23,"enforce":"ok"},"geometry":{"type":"Polygon","coordinates":[[[-108.7203,42.588245],[-108.720536,42.588456],[-108.719672,42.589653],[-108.719921,42.590419],[-108.724431,42.589145],[-108.72454,42.589306],[-108.721144,42.590287],[-108.718674,42.591692],[-108.717718,42.593635],[-108.717524,42.593584],[-108.717413,42.593634],[-108.71732,42.593588],[-108.717349,42.593436],[-108.714762,42.592847],[-108.711403,42.591262],[-108.711422,42.591238],[-108.715964,42.593035],[-108.717259,42.593155],[-108.719312,42.590598],[-108.719073,42.588113],[-108.719236,42.587973],[-108.719528,42.587991],[-108.719825,42.588354],[-108.7203,42.588245]]]}},{"type":"Feature","properties":{"id":"excl-a-760","kind":"exclusion","name":"Creek exclusion zone","acres":6.1,"editable":true,"source":"MAP mesic valley bottoms + 10-yr NDVI persistence + IrrMapper + NWI (V3 rule) + collar shape rules (4 Sep 2026)","strm_type":"Intermittent","veg_pct":97.6,"pts":14,"enforce":"ok"},"geometry":{"type":"Polygon","coordinates":[[[-108.730608,42.58829],[-108.735664,42.587475],[-108.736553,42.587048],[-108.736805,42.586629],[-108.736958,42.586659],[-108.736892,42.587183],[-108.73766,42.587453],[-108.737614,42.587576],[-108.736294,42.587492],[-108.734011,42.58813],[-108.727038,42.588584],[-108.72454,42.589306],[-108.724431,42.589145],[-108.726712,42.588501],[-108.730608,42.58829]]]}},{"type":"Feature","properties":{"id":"excl-a-761","kind":"exclusion","name":"Creek exclusion zone","acres":9.4,"editable":true,"source":"MAP mesic valley bottoms + 10-yr NDVI persistence + IrrMapper + NWI (V3 rule) + collar shape rules (4 Sep 2026)","strm_type":"Intermittent","veg_pct":95.0,"pts":11,"enforce":"ok"},"geometry":{"type":"Polygon","coordinates":[[[-108.725458,42.584734],[-108.725701,42.584101],[-108.726159,42.584023],[-108.726681,42.584455],[-108.734526,42.582466],[-108.734689,42.582546],[-108.7347,42.582664],[-108.726898,42.584793],[-108.722105,42.585724],[-108.722043,42.585736],[-108.722111,42.585633],[-108.725458,42.584734]]]}},{"type":"Feature","properties":{"id":"excl-a-762","kind":"exclusion","name":"Creek exclusion zone","acres":10.7,"editable":true,"source":"MAP mesic valley bottoms + 10-yr NDVI persistence + IrrMapper + NWI (V3 rule) + collar shape rules (4 Sep 2026)","strm_type":"Ephemeral","veg_pct":95.5,"pts":21,"enforce":"ok"},"geometry":{"type":"Polygon","coordinates":[[[-108.718867,42.577631],[-108.71995,42.578499],[-108.720508,42.579648],[-108.721129,42.579682],[-108.721597,42.578819],[-108.721648,42.578832],[-108.721187,42.580065],[-108.721426,42.580498],[-108.723399,42.579692],[-108.724815,42.578326],[-108.724869,42.578352],[-108.723748,42.579794],[-108.721622,42.581075],[-108.721359,42.582449],[-108.720817,42.58335],[-108.720495,42.583355],[-108.720341,42.58336],[-108.720244,42.58326],[-108.720971,42.5819],[-108.719962,42.578907],[-108.718812,42.577663],[-108.718867,42.577631]]]}},{"type":"Feature","properties":{"id":"excl-a-763","kind":"exclusion","name":"Creek exclusion zone","acres":2.2,"editable":true,"source":"MAP mesic valley bottoms + 10-yr NDVI persistence + IrrMapper + NWI (V3 rule) + collar shape rules (4 Sep 2026)","strm_type":"Ephemeral","veg_pct":97.6,"pts":6,"enforce":"ok"},"geometry":{"type":"Polygon","coordinates":[[[-108.727574,42.580401],[-108.727671,42.580427],[-108.727266,42.58165],[-108.725934,42.58327],[-108.725816,42.583253],[-108.725789,42.583125],[-108.727574,42.580401]]]}},{"type":"Feature","properties":{"id":"excl-a-764","kind":"exclusion","name":"Creek exclusion zone","acres":13.0,"editable":true,"source":"MAP mesic valley bottoms + 10-yr NDVI persistence + IrrMapper + NWI (V3 rule) + collar shape rules (4 Sep 2026)","strm_type":"Perennial","veg_pct":95.2,"pts":16,"enforce":"ok"},"geometry":{"type":"Polygon","coordinates":[[[-108.705251,42.643029],[-108.702764,42.642475],[-108.698734,42.642585],[-108.697454,42.644697],[-108.69232,42.647913],[-108.692287,42.648723],[-108.692063,42.648758],[-108.691719,42.64822],[-108.691987,42.647756],[-108.697511,42.644255],[-108.698502,42.64222],[-108.702629,42.6422],[-108.705577,42.642752],[-108.707159,42.642605],[-108.7073,42.642759],[-108.707162,42.64294],[-108.705251,42.643029]]]}},{"type":"Feature","properties":{"id":"excl-a-765","kind":"exclusion","name":"Creek exclusion zone","acres":1.8,"editable":true,"source":"MAP mesic valley bottoms + 10-yr NDVI persistence + IrrMapper + NWI (V3 rule) + collar shape rules (4 Sep 2026)","strm_type":"Ephemeral","veg_pct":78.0,"pts":5,"enforce":"ok"},"geometry":{"type":"Polygon","coordinates":[[[-108.724714,42.629167],[-108.724436,42.629976],[-108.723084,42.630054],[-108.723003,42.629882],[-108.724471,42.629153],[-108.724714,42.629167]]]}},{"type":"Feature","properties":{"id":"excl-a-766","kind":"exclusion","name":"Creek exclusion zone","acres":2.2,"editable":true,"source":"MAP mesic valley bottoms + 10-yr NDVI persistence + IrrMapper + NWI (V3 rule) + collar shape rules (4 Sep 2026)","strm_type":"Intermittent","veg_pct":21.9,"pts":6,"enforce":"ok"},"geometry":{"type":"Polygon","coordinates":[[[-108.691186,42.704665],[-108.691256,42.704546],[-108.693734,42.70497],[-108.693904,42.70515],[-108.693777,42.705316],[-108.692368,42.70525],[-108.691186,42.704665]]]}},{"type":"Feature","properties":{"id":"excl-a-767","kind":"exclusion","name":"Creek exclusion zone","acres":19.8,"editable":true,"source":"MAP mesic valley bottoms + 10-yr NDVI persistence + IrrMapper + NWI (V3 rule) + collar shape rules (4 Sep 2026)","strm_type":"Intermittent","veg_pct":62.2,"pts":20,"enforce":"ok"},"geometry":{"type":"Polygon","coordinates":[[[-108.715215,42.685519],[-108.712919,42.687193],[-108.709933,42.687753],[-108.703386,42.690431],[-108.701712,42.690617],[-108.69768,42.688985],[-108.693389,42.689685],[-108.692413,42.689496],[-108.692355,42.68923],[-108.692736,42.689049],[-108.694037,42.68923],[-108.697725,42.68868],[-108.701567,42.690327],[-108.703391,42.690223],[-108.706621,42.688672],[-108.710721,42.687295],[-108.71267,42.687002],[-108.721619,42.681677],[-108.721668,42.681715],[-108.71921,42.683678],[-108.715215,42.685519]]]}},{"type":"Feature","properties":{"id":"excl-a-768","kind":"exclusion","name":"Creek exclusion zone","acres":0.2,"editable":true,"source":"MAP mesic valley bottoms + 10-yr NDVI persistence + IrrMapper + NWI (V3 rule) + collar shape rules (4 Sep 2026)","strm_type":"Intermittent","veg_pct":27.7,"pts":5,"enforce":"narrow"},"geometry":{"type":"Polygon","coordinates":[[[-108.691037,42.715874],[-108.691196,42.715815],[-108.691624,42.715989],[-108.691575,42.716083],[-108.691015,42.715989],[-108.691037,42.715874]]]}},{"type":"Feature","properties":{"id":"excl-a-769","kind":"exclusion","name":"Creek exclusion zone","acres":2.6,"editable":true,"source":"MAP mesic valley bottoms + 10-yr NDVI persistence + IrrMapper + NWI (V3 rule) + collar shape rules (4 Sep 2026)","strm_type":"Intermittent","veg_pct":48.5,"pts":8,"enforce":"ok"},"geometry":{"type":"Polygon","coordinates":[[[-108.690521,42.766072],[-108.689633,42.766839],[-108.689521,42.766786],[-108.689971,42.766072],[-108.69295,42.765475],[-108.695181,42.76449],[-108.695218,42.764529],[-108.693371,42.765613],[-108.690521,42.766072]]]}},{"type":"Feature","properties":{"id":"excl-a-770","kind":"exclusion","name":"Creek exclusion zone","acres":1.3,"editable":true,"source":"MAP mesic valley bottoms + 10-yr NDVI persistence + IrrMapper + NWI (V3 rule) + collar shape rules (4 Sep 2026)","strm_type":"Intermittent","veg_pct":82.4,"pts":6,"enforce":"ok"},"geometry":{"type":"Polygon","coordinates":[[[-108.689699,42.770187],[-108.689541,42.770018],[-108.689982,42.769428],[-108.690754,42.76943],[-108.690861,42.769655],[-108.690008,42.770155],[-108.689699,42.770187]]]}},{"type":"Feature","properties":{"id":"excl-a-771","kind":"exclusion","name":"Creek exclusion zone","acres":4.3,"editable":true,"source":"MAP mesic valley bottoms + 10-yr NDVI persistence + IrrMapper + NWI (V3 rule) + collar shape rules (4 Sep 2026)","strm_type":"Ephemeral","veg_pct":89.5,"pts":9,"enforce":"ok"},"geometry":{"type":"Polygon","coordinates":[[[-108.701734,42.523188],[-108.699606,42.524884],[-108.699384,42.526046],[-108.699357,42.526044],[-108.699517,42.524673],[-108.701975,42.522047],[-108.702058,42.519978],[-108.7021,42.519977],[-108.702243,42.521813],[-108.701734,42.523188]]]}},{"type":"Feature","properties":{"id":"excl-a-772","kind":"exclusion","name":"Creek exclusion zone","acres":4.1,"editable":true,"source":"MAP mesic valley bottoms + 10-yr NDVI persistence + IrrMapper + NWI (V3 rule) + collar shape rules (4 Sep 2026)","strm_type":"Intermittent","veg_pct":94.8,"pts":7,"enforce":"ok"},"geometry":{"type":"Polygon","coordinates":[[[-108.699021,42.578591],[-108.697852,42.578407],[-108.697859,42.578289],[-108.703841,42.577759],[-108.706425,42.577859],[-108.706425,42.577899],[-108.701372,42.578126],[-108.699021,42.578591]]]}},{"type":"Feature","properties":{"id":"excl-a-773","kind":"exclusion","name":"Creek exclusion zone","acres":0.6,"editable":true,"source":"MAP mesic valley bottoms + 10-yr NDVI persistence + IrrMapper + NWI (V3 rule) + collar shape rules (4 Sep 2026)","strm_type":"Intermittent","veg_pct":11.7,"pts":6,"enforce":"ok"},"geometry":{"type":"Polygon","coordinates":[[[-108.692156,42.742472],[-108.691736,42.741928],[-108.691819,42.741904],[-108.692524,42.742138],[-108.692584,42.742331],[-108.692397,42.742489],[-108.692156,42.742472]]]}},{"type":"Feature","properties":{"id":"excl-a-774","kind":"exclusion","name":"Creek exclusion zone","acres":2.4,"editable":true,"source":"MAP mesic valley bottoms + 10-yr NDVI persistence + IrrMapper + NWI (V3 rule) + collar shape rules (4 Sep 2026)","strm_type":"Intermittent","veg_pct":65.7,"pts":6,"enforce":"ok"},"geometry":{"type":"Polygon","coordinates":[[[-108.690942,42.775525],[-108.69093,42.775329],[-108.691243,42.77516],[-108.69517,42.774807],[-108.695182,42.774853],[-108.691149,42.775616],[-108.690942,42.775525]]]}},{"type":"Feature","properties":{"id":"excl-a-775","kind":"exclusion","name":"Creek exclusion zone","acres":0.4,"editable":true,"source":"MAP mesic valley bottoms + 10-yr NDVI persistence + IrrMapper + NWI (V3 rule) + collar shape rules (4 Sep 2026)","strm_type":"Intermittent","veg_pct":12.4,"pts":6,"enforce":"ok"},"geometry":{"type":"Polygon","coordinates":[[[-108.691746,42.760733],[-108.691803,42.760665],[-108.691917,42.76067],[-108.692413,42.761032],[-108.692339,42.761169],[-108.692083,42.761173],[-108.691746,42.760733]]]}},{"type":"Feature","properties":{"id":"excl-a-776","kind":"exclusion","name":"Creek exclusion zone","acres":0.3,"editable":true,"source":"MAP mesic valley bottoms + 10-yr NDVI persistence + IrrMapper + NWI (V3 rule) + collar shape rules (4 Sep 2026)","strm_type":"Intermittent","veg_pct":37.3,"pts":5,"enforce":"narrow"},"geometry":{"type":"Polygon","coordinates":[[[-108.699685,42.679809],[-108.699652,42.679716],[-108.700591,42.679394],[-108.700643,42.679459],[-108.700045,42.67979],[-108.699685,42.679809]]]}},{"type":"Feature","properties":{"id":"excl-a-777","kind":"exclusion","name":"Creek exclusion zone","acres":3.7,"editable":true,"source":"MAP mesic valley bottoms + 10-yr NDVI persistence + IrrMapper + NWI (V3 rule) + collar shape rules (4 Sep 2026)","strm_type":"Intermittent","veg_pct":82.6,"pts":7,"enforce":"ok"},"geometry":{"type":"Polygon","coordinates":[[[-108.695532,42.682691],[-108.695382,42.682573],[-108.696908,42.680705],[-108.697729,42.679979],[-108.698046,42.679979],[-108.69818,42.680169],[-108.695888,42.682557],[-108.695532,42.682691]]]}},{"type":"Feature","properties":{"id":"excl-a-778","kind":"exclusion","name":"Creek exclusion zone","acres":0.6,"editable":true,"source":"MAP mesic valley bottoms + 10-yr NDVI persistence + IrrMapper + NWI (V3 rule) + collar shape rules (4 Sep 2026)","strm_type":"Intermittent","veg_pct":72.2,"pts":6,"enforce":"narrow"},"geometry":{"type":"Polygon","coordinates":[[[-108.69715,42.653106],[-108.69716,42.653075],[-108.698774,42.653298],[-108.69957,42.65329],[-108.699587,42.65338],[-108.699023,42.653494],[-108.69715,42.653106]]]}},{"type":"Feature","properties":{"id":"excl-a-779","kind":"exclusion","name":"Creek exclusion zone","acres":3.5,"editable":true,"source":"MAP mesic valley bottoms + 10-yr NDVI persistence + IrrMapper + NWI (V3 rule) + collar shape rules (4 Sep 2026)","strm_type":"Ephemeral","veg_pct":97.4,"pts":10,"enforce":"ok"},"geometry":{"type":"Polygon","coordinates":[[[-108.703231,42.526984],[-108.703094,42.525886],[-108.702442,42.52584],[-108.702012,42.526993],[-108.701806,42.527117],[-108.701676,42.527053],[-108.702383,42.525331],[-108.703137,42.524717],[-108.703441,42.52481],[-108.703299,42.526983],[-108.703231,42.526984]]]}},{"type":"Feature","properties":{"id":"excl-a-780","kind":"exclusion","name":"Creek exclusion zone","acres":2.2,"editable":true,"source":"MAP mesic valley bottoms + 10-yr NDVI persistence + IrrMapper + NWI (V3 rule) + collar shape rules (4 Sep 2026)","strm_type":"Intermittent","veg_pct":45.2,"pts":6,"enforce":"ok"},"geometry":{"type":"Polygon","coordinates":[[[-108.727522,42.757763],[-108.727545,42.757782],[-108.72413,42.760144],[-108.723137,42.760415],[-108.723002,42.760146],[-108.724172,42.759774],[-108.727522,42.757763]]]}},{"type":"Feature","properties":{"id":"excl-a-781","kind":"exclusion","name":"Creek exclusion zone","acres":0.3,"editable":true,"source":"MAP mesic valley bottoms + 10-yr NDVI persistence + IrrMapper + NWI (V3 rule) + collar shape rules (4 Sep 2026)","strm_type":"Intermittent","veg_pct":34.6,"pts":4,"enforce":"ok"},"geometry":{"type":"Polygon","coordinates":[[[-108.723137,42.760415],[-108.72264,42.76055],[-108.722514,42.7603],[-108.723002,42.760146],[-108.723137,42.760415]]]}},{"type":"Feature","properties":{"id":"excl-a-782","kind":"exclusion","name":"Creek exclusion zone","acres":0.2,"editable":true,"source":"MAP mesic valley bottoms + 10-yr NDVI persistence + IrrMapper + NWI (V3 rule) + collar shape rules (4 Sep 2026)","strm_type":"Intermittent","veg_pct":39.3,"pts":4,"enforce":"narrow"},"geometry":{"type":"Polygon","coordinates":[[[-108.72264,42.76055],[-108.722391,42.760618],[-108.722271,42.760378],[-108.722514,42.7603],[-108.72264,42.76055]]]}},{"type":"Feature","properties":{"id":"excl-a-783","kind":"exclusion","name":"Creek exclusion zone","acres":13.2,"editable":true,"source":"MAP mesic valley bottoms + 10-yr NDVI persistence + IrrMapper + NWI (V3 rule) + collar shape rules (4 Sep 2026)","strm_type":"Intermittent","veg_pct":50.9,"pts":18,"enforce":"ok"},"geometry":{"type":"Polygon","coordinates":[[[-108.713572,42.765248],[-108.715282,42.764525],[-108.716804,42.763047],[-108.720583,42.761735],[-108.721808,42.760524],[-108.722088,42.760436],[-108.722205,42.760668],[-108.721051,42.761822],[-108.718089,42.763297],[-108.716547,42.76358],[-108.715751,42.764844],[-108.714004,42.765241],[-108.712642,42.768388],[-108.711104,42.768861],[-108.710572,42.76949],[-108.71049,42.769515],[-108.710215,42.769044],[-108.712439,42.768101],[-108.713572,42.765248]]]}},{"type":"Feature","properties":{"id":"excl-a-784","kind":"exclusion","name":"Creek exclusion zone","acres":10.5,"editable":true,"source":"MAP mesic valley bottoms + 10-yr NDVI persistence + IrrMapper + NWI (V3 rule) + collar shape rules (4 Sep 2026)","strm_type":"Intermittent","veg_pct":37.5,"pts":19,"enforce":"ok"},"geometry":{"type":"Polygon","coordinates":[[[-108.704513,42.770801],[-108.702511,42.770021],[-108.700881,42.770057],[-108.698594,42.769236],[-108.69633,42.770151],[-108.694933,42.769591],[-108.693587,42.769509],[-108.693588,42.769469],[-108.695448,42.769427],[-108.696266,42.769922],[-108.698004,42.769049],[-108.698729,42.769044],[-108.700062,42.76963],[-108.70273,42.769875],[-108.704444,42.770515],[-108.70741,42.770233],[-108.710215,42.769044],[-108.71049,42.769515],[-108.707277,42.770519],[-108.704513,42.770801]]]}},{"type":"Feature","properties":{"id":"excl-a-785","kind":"exclusion","name":"Creek exclusion zone","acres":8.1,"editable":true,"source":"MAP mesic valley bottoms + 10-yr NDVI persistence + IrrMapper + NWI (V3 rule) + collar shape rules (4 Sep 2026)","strm_type":"Intermittent","veg_pct":21.4,"pts":14,"enforce":"ok"},"geometry":{"type":"Polygon","coordinates":[[[-108.71237,42.756724],[-108.708656,42.757837],[-108.70755,42.757836],[-108.705994,42.757224],[-108.705195,42.757278],[-108.705169,42.757189],[-108.705988,42.756971],[-108.708688,42.757554],[-108.71196,42.756676],[-108.714019,42.755532],[-108.716172,42.754978],[-108.716678,42.755101],[-108.716672,42.755313],[-108.714291,42.755813],[-108.71237,42.756724]]]}},{"type":"Feature","properties":{"id":"excl-a-786","kind":"exclusion","name":"Creek exclusion zone","acres":6.2,"editable":true,"source":"MAP mesic valley bottoms + 10-yr NDVI persistence + IrrMapper + NWI (V3 rule) + collar shape rules (4 Sep 2026)","strm_type":"Intermittent","veg_pct":28.3,"pts":10,"enforce":"ok"},"geometry":{"type":"Polygon","coordinates":[[[-108.698772,42.755545],[-108.697246,42.755546],[-108.695977,42.756162],[-108.694043,42.756429],[-108.694003,42.75634],[-108.696809,42.755344],[-108.698649,42.755342],[-108.703312,42.757201],[-108.703259,42.757316],[-108.70217,42.757188],[-108.698772,42.755545]]]}},{"type":"Feature","properties":{"id":"excl-a-787","kind":"exclusion","name":"Creek exclusion zone","acres":3.9,"editable":true,"source":"MAP mesic valley bottoms + 10-yr NDVI persistence + IrrMapper + NWI (V3 rule) + collar shape rules (4 Sep 2026)","strm_type":"Intermittent","veg_pct":26.5,"pts":6,"enforce":"ok"},"geometry":{"type":"Polygon","coordinates":[[[-108.696876,42.706427],[-108.697197,42.706314],[-108.700228,42.707474],[-108.700622,42.70794],[-108.700449,42.708076],[-108.696818,42.706641],[-108.696876,42.706427]]]}},{"type":"Feature","properties":{"id":"excl-a-788","kind":"exclusion","name":"Creek exclusion zone","acres":28.3,"editable":true,"source":"MAP mesic valley bottoms + 10-yr NDVI persistence + IrrMapper + NWI (V3 rule) + collar shape rules (4 Sep 2026)","strm_type":"Intermittent","veg_pct":92.5,"pts":30,"enforce":"ok"},"geometry":{"type":"Polygon","coordinates":[[[-108.712521,42.547618],[-108.713248,42.546535],[-108.713011,42.54553],[-108.713363,42.545309],[-108.713795,42.545423],[-108.714032,42.545191],[-108.714131,42.545231],[-108.712709,42.548051],[-108.712421,42.550719],[-108.715372,42.550626],[-108.717834,42.548321],[-108.718081,42.548352],[-108.718166,42.548535],[-108.716969,42.549363],[-108.716941,42.549688],[-108.717316,42.549882],[-108.719378,42.549215],[-108.719542,42.549364],[-108.719097,42.549828],[-108.717067,42.550571],[-108.712976,42.551442],[-108.713077,42.552235],[-108.712609,42.552613],[-108.710295,42.553163],[-108.708853,42.553096],[-108.70882,42.553046],[-108.708862,42.553],[-108.708677,42.552726],[-108.709524,42.552415],[-108.711941,42.55079],[-108.712521,42.547618]]]}},{"type":"Feature","properties":{"id":"excl-a-789","kind":"exclusion","name":"Creek exclusion zone","acres":27.0,"editable":true,"source":"MAP mesic valley bottoms + 10-yr NDVI persistence + IrrMapper + NWI (V3 rule) + collar shape rules (4 Sep 2026)","strm_type":"Intermittent","veg_pct":63.6,"pts":28,"enforce":"ok"},"geometry":{"type":"Polygon","coordinates":[[[-108.705662,42.55398],[-108.704742,42.554642],[-108.704181,42.556041],[-108.702771,42.556976],[-108.702649,42.556904],[-108.704209,42.554865],[-108.704087,42.553881],[-108.703058,42.553887],[-108.702735,42.553252],[-108.705752,42.551786],[-108.705863,42.551036],[-108.707382,42.549862],[-108.708463,42.54822],[-108.708083,42.546905],[-108.708973,42.546797],[-108.710811,42.545054],[-108.710975,42.544438],[-108.711059,42.544445],[-108.711038,42.545198],[-108.709391,42.546484],[-108.708533,42.548641],[-108.706781,42.550783],[-108.706494,42.553023],[-108.707831,42.553037],[-108.708677,42.552726],[-108.708862,42.553],[-108.708778,42.553092],[-108.708628,42.553085],[-108.705662,42.55398]]]}},{"type":"Feature","properties":{"id":"excl-a-790","kind":"exclusion","name":"Creek exclusion zone","acres":1.2,"editable":true,"source":"MAP mesic valley bottoms + 10-yr NDVI persistence + IrrMapper + NWI (V3 rule) + collar shape rules (4 Sep 2026)","strm_type":"Intermittent","veg_pct":31.4,"pts":5,"enforce":"ok"},"geometry":{"type":"Polygon","coordinates":[[[-108.695701,42.740886],[-108.695891,42.740521],[-108.697212,42.739978],[-108.697294,42.740057],[-108.695997,42.741017],[-108.695701,42.740886]]]}},{"type":"Feature","properties":{"id":"excl-a-791","kind":"exclusion","name":"Creek exclusion zone","acres":7.4,"editable":true,"source":"MAP mesic valley bottoms + 10-yr NDVI persistence + IrrMapper + NWI (V3 rule) + collar shape rules (4 Sep 2026)","strm_type":"Intermittent","veg_pct":30.6,"pts":14,"enforce":"ok"},"geometry":{"type":"Polygon","coordinates":[[[-108.700944,42.744097],[-108.698365,42.7449],[-108.698276,42.745805],[-108.697976,42.745861],[-108.697359,42.745151],[-108.69623,42.744716],[-108.696247,42.74446],[-108.69663,42.744345],[-108.697541,42.744718],[-108.699316,42.744326],[-108.70153,42.742561],[-108.70191,42.742502],[-108.702007,42.742639],[-108.701148,42.743235],[-108.700944,42.744097]]]}},{"type":"Feature","properties":{"id":"excl-a-792","kind":"exclusion","name":"Creek exclusion zone","acres":0.2,"editable":true,"source":"MAP mesic valley bottoms + 10-yr NDVI persistence + IrrMapper + NWI (V3 rule) + collar shape rules (4 Sep 2026)","strm_type":"Ephemeral","veg_pct":97.6,"pts":5,"enforce":"narrow"},"geometry":{"type":"Polygon","coordinates":[[[-108.702395,42.591442],[-108.702368,42.591316],[-108.702652,42.591235],[-108.702816,42.591322],[-108.702807,42.591459],[-108.702395,42.591442]]]}},{"type":"Feature","properties":{"id":"excl-a-793","kind":"exclusion","name":"Creek exclusion zone","acres":1.9,"editable":true,"source":"MAP mesic valley bottoms + 10-yr NDVI persistence + IrrMapper + NWI (V3 rule) + collar shape rules (4 Sep 2026)","strm_type":"Intermittent","veg_pct":57.7,"pts":6,"enforce":"ok"},"geometry":{"type":"Polygon","coordinates":[[[-108.701438,42.652918],[-108.701364,42.65279],[-108.701812,42.652567],[-108.704786,42.651999],[-108.704817,42.652063],[-108.703092,42.652663],[-108.701438,42.652918]]]}},{"type":"Feature","properties":{"id":"excl-a-794","kind":"exclusion","name":"Creek exclusion zone","acres":2.9,"editable":true,"source":"MAP mesic valley bottoms + 10-yr NDVI persistence + IrrMapper + NWI (V3 rule) + collar shape rules (4 Sep 2026)","strm_type":"Ephemeral","veg_pct":97.1,"pts":18,"enforce":"ok"},"geometry":{"type":"MultiPolygon","coordinates":[[[[-108.70625,42.5257],[-108.707087,42.522799],[-108.70678,42.521815],[-108.706931,42.521757],[-108.707086,42.521828],[-108.707081,42.521963],[-108.707013,42.522011],[-108.706861,42.522014],[-108.706903,42.522093],[-108.707185,42.521984],[-108.707276,42.522018],[-108.70729,42.522082],[-108.706535,42.525305],[-108.707014,42.526667],[-108.70625,42.5257]]],[[[-108.707648,42.528465],[-108.706721,42.529477],[-108.706649,42.529447],[-108.707379,42.528257],[-108.707014,42.526667],[-108.707648,42.528465]]]]}},{"type":"Feature","properties":{"id":"excl-a-795","kind":"exclusion","name":"Creek exclusion zone","acres":1.4,"editable":true,"source":"MAP mesic valley bottoms + 10-yr NDVI persistence + IrrMapper + NWI (V3 rule) + collar shape rules (4 Sep 2026)","strm_type":"Ephemeral","veg_pct":96.5,"pts":8,"enforce":"ok"},"geometry":{"type":"Polygon","coordinates":[[[-108.70649,42.520257],[-108.707011,42.520782],[-108.707199,42.521658],[-108.70714,42.521677],[-108.707062,42.521608],[-108.70691,42.521678],[-108.706718,42.521619],[-108.706312,42.520318],[-108.70649,42.520257]]]}},{"type":"Feature","properties":{"id":"excl-a-796","kind":"exclusion","name":"Creek exclusion zone","acres":5.5,"editable":true,"source":"MAP mesic valley bottoms + 10-yr NDVI persistence + IrrMapper + NWI (V3 rule) + collar shape rules (4 Sep 2026)","strm_type":"Intermittent","veg_pct":51.0,"pts":10,"enforce":"ok"},"geometry":{"type":"Polygon","coordinates":[[[-108.698944,42.779199],[-108.697343,42.780327],[-108.697286,42.780289],[-108.69876,42.778862],[-108.701176,42.778458],[-108.701357,42.777833],[-108.703186,42.77628],[-108.703399,42.776292],[-108.703488,42.776432],[-108.701419,42.778583],[-108.698944,42.779199]]]}},{"type":"Feature","properties":{"id":"excl-a-797","kind":"exclusion","name":"Creek exclusion zone","acres":0.7,"editable":true,"source":"MAP mesic valley bottoms + 10-yr NDVI persistence + IrrMapper + NWI (V3 rule) + collar shape rules (4 Sep 2026)","strm_type":"Ephemeral","veg_pct":82.5,"pts":6,"enforce":"narrow"},"geometry":{"type":"Polygon","coordinates":[[[-108.705732,42.570051],[-108.70574,42.570018],[-108.707348,42.570166],[-108.708564,42.570814],[-108.708529,42.570855],[-108.707033,42.570263],[-108.705732,42.570051]]]}},{"type":"Feature","properties":{"id":"excl-a-798","kind":"exclusion","name":"Creek exclusion zone","acres":0.3,"editable":true,"source":"MAP mesic valley bottoms + 10-yr NDVI persistence + IrrMapper + NWI (V3 rule) + collar shape rules (4 Sep 2026)","strm_type":"Ephemeral","veg_pct":96.5,"pts":5,"enforce":"ok"},"geometry":{"type":"Polygon","coordinates":[[[-108.704205,42.591249],[-108.704333,42.591094],[-108.705,42.591182],[-108.705002,42.591301],[-108.70459,42.591365],[-108.704205,42.591249]]]}},{"type":"Feature","properties":{"id":"excl-a-799","kind":"exclusion","name":"Creek exclusion zone","acres":0.4,"editable":true,"source":"MAP mesic valley bottoms + 10-yr NDVI persistence + IrrMapper + NWI (V3 rule) + collar shape rules (4 Sep 2026)","strm_type":"Intermittent","veg_pct":26.9,"pts":6,"enforce":"narrow"},"geometry":{"type":"Polygon","coordinates":[[[-108.701511,42.671167],[-108.701498,42.671114],[-108.702264,42.670812],[-108.70268,42.670816],[-108.702701,42.670917],[-108.701633,42.671177],[-108.701511,42.671167]]]}},{"type":"Feature","properties":{"id":"excl-a-800","kind":"exclusion","name":"Creek exclusion zone","acres":7.6,"editable":true,"source":"MAP mesic valley bottoms + 10-yr NDVI persistence + IrrMapper + NWI (V3 rule) + collar shape rules (4 Sep 2026)","strm_type":"Intermittent","veg_pct":37.1,"pts":12,"enforce":"ok"},"geometry":{"type":"Polygon","coordinates":[[[-108.708233,42.761438],[-108.703713,42.761955],[-108.699087,42.76342],[-108.698977,42.763303],[-108.699586,42.762837],[-108.700767,42.762767],[-108.703825,42.761645],[-108.707667,42.761348],[-108.710791,42.759229],[-108.712524,42.758671],[-108.712543,42.7587],[-108.711247,42.759223],[-108.708233,42.761438]]]}},{"type":"Feature","properties":{"id":"excl-a-801","kind":"exclusion","name":"Creek exclusion zone","acres":0.8,"editable":true,"source":"MAP mesic valley bottoms + 10-yr NDVI persistence + IrrMapper + NWI (V3 rule) + collar shape rules (4 Sep 2026)","strm_type":"Intermittent","veg_pct":36.5,"pts":6,"enforce":"ok"},"geometry":{"type":"Polygon","coordinates":[[[-108.700013,42.739149],[-108.69996,42.739099],[-108.700972,42.7384],[-108.702218,42.73833],[-108.702229,42.738384],[-108.701273,42.738547],[-108.700013,42.739149]]]}},{"type":"Feature","properties":{"id":"excl-a-802","kind":"exclusion","name":"Creek exclusion zone","acres":11.2,"editable":true,"source":"MAP mesic valley bottoms + 10-yr NDVI persistence + IrrMapper + NWI (V3 rule) + collar shape rules (4 Sep 2026)","strm_type":"Ephemeral","veg_pct":92.6,"pts":18,"enforce":"ok"},"geometry":{"type":"Polygon","coordinates":[[[-108.70798,42.534374],[-108.707773,42.534289],[-108.707773,42.534108],[-108.711587,42.532359],[-108.712805,42.531288],[-108.712374,42.529297],[-108.710869,42.529403],[-108.708792,42.531224],[-108.707426,42.533236],[-108.70733,42.533209],[-108.707759,42.531988],[-108.709148,42.530416],[-108.712115,42.528472],[-108.712518,42.52846],[-108.712856,42.528742],[-108.712606,42.529879],[-108.713208,42.530965],[-108.712104,42.532449],[-108.70798,42.534374]]]}},{"type":"Feature","properties":{"id":"excl-a-803","kind":"exclusion","name":"Creek exclusion zone","acres":0.4,"editable":true,"source":"MAP mesic valley bottoms + 10-yr NDVI persistence + IrrMapper + NWI (V3 rule) + collar shape rules (4 Sep 2026)","strm_type":"Intermittent","veg_pct":55.5,"pts":4,"enforce":"ok"},"geometry":{"type":"Polygon","coordinates":[[[-108.764038,42.731283],[-108.763656,42.731572],[-108.763339,42.7314],[-108.763661,42.731078],[-108.764038,42.731283]]]}},{"type":"Feature","properties":{"id":"excl-a-804","kind":"exclusion","name":"Creek exclusion zone","acres":0.2,"editable":true,"source":"MAP mesic valley bottoms + 10-yr NDVI persistence + IrrMapper + NWI (V3 rule) + collar shape rules (4 Sep 2026)","strm_type":"Intermittent","veg_pct":55.5,"pts":4,"enforce":"narrow"},"geometry":{"type":"Polygon","coordinates":[[[-108.763656,42.731572],[-108.763465,42.731717],[-108.763178,42.731561],[-108.763339,42.7314],[-108.763656,42.731572]]]}},{"type":"Feature","properties":{"id":"excl-a-805","kind":"exclusion","name":"Creek exclusion zone","acres":9.2,"editable":true,"source":"MAP mesic valley bottoms + 10-yr NDVI persistence + IrrMapper + NWI (V3 rule) + collar shape rules (4 Sep 2026)","strm_type":"Perennial","veg_pct":77.7,"pts":22,"enforce":"ok"},"geometry":{"type":"Polygon","coordinates":[[[-108.772935,42.738135],[-108.775466,42.737338],[-108.776346,42.736859],[-108.776407,42.736909],[-108.776351,42.736945],[-108.7765,42.73753],[-108.777771,42.737744],[-108.777874,42.737703],[-108.777912,42.737754],[-108.777872,42.737796],[-108.776011,42.737581],[-108.774795,42.738075],[-108.775474,42.738735],[-108.777413,42.739323],[-108.777323,42.739485],[-108.775327,42.739032],[-108.774005,42.738223],[-108.77171,42.738391],[-108.767325,42.737744],[-108.767201,42.737548],[-108.76732,42.737388],[-108.769292,42.737918],[-108.772935,42.738135]]]}},{"type":"Feature","properties":{"id":"excl-a-806","kind":"exclusion","name":"Creek exclusion zone","acres":12.2,"editable":true,"source":"MAP mesic valley bottoms + 10-yr NDVI persistence + IrrMapper + NWI (V3 rule) + collar shape rules (4 Sep 2026)","strm_type":"Perennial","veg_pct":76.3,"pts":17,"enforce":"ok"},"geometry":{"type":"Polygon","coordinates":[[[-108.763202,42.734179],[-108.760499,42.733825],[-108.759088,42.734037],[-108.758596,42.733839],[-108.758593,42.733567],[-108.759083,42.733389],[-108.759142,42.733466],[-108.762316,42.733473],[-108.763018,42.731722],[-108.763178,42.731561],[-108.763465,42.731717],[-108.763275,42.731861],[-108.762726,42.733313],[-108.766952,42.737289],[-108.76732,42.737388],[-108.767082,42.737709],[-108.765935,42.73723],[-108.763202,42.734179]]]}},{"type":"Feature","properties":{"id":"excl-a-807","kind":"exclusion","name":"Creek exclusion zone","acres":21.2,"editable":true,"source":"MAP mesic valley bottoms + 10-yr NDVI persistence + IrrMapper + NWI (V3 rule) + collar shape rules (4 Sep 2026)","strm_type":"Perennial","veg_pct":70.2,"pts":29,"enforce":"ok"},"geometry":{"type":"Polygon","coordinates":[[[-108.758167,42.733667],[-108.75736,42.733344],[-108.756671,42.733437],[-108.756313,42.733647],[-108.756636,42.734303],[-108.758776,42.735502],[-108.759476,42.7375],[-108.759427,42.737511],[-108.758666,42.736009],[-108.75589,42.734147],[-108.755411,42.733177],[-108.751427,42.733946],[-108.749378,42.733838],[-108.74846,42.733258],[-108.748693,42.732984],[-108.749399,42.733308],[-108.751351,42.733461],[-108.755689,42.732472],[-108.757386,42.732471],[-108.757342,42.732841],[-108.75799,42.733132],[-108.761239,42.730582],[-108.761448,42.730759],[-108.760217,42.731549],[-108.758905,42.733157],[-108.759024,42.733311],[-108.758592,42.733491],[-108.758594,42.733665],[-108.758388,42.733756],[-108.758167,42.733667]]]}},{"type":"Feature","properties":{"id":"excl-a-808","kind":"exclusion","name":"Creek exclusion zone","acres":0.5,"editable":true,"source":"MAP mesic valley bottoms + 10-yr NDVI persistence + IrrMapper + NWI (V3 rule) + collar shape rules (4 Sep 2026)","strm_type":"Intermittent","veg_pct":55.0,"pts":4,"enforce":"narrow"},"geometry":{"type":"Polygon","coordinates":[[[-108.779337,42.739943],[-108.777323,42.739485],[-108.777413,42.739323],[-108.779352,42.739912],[-108.779337,42.739943]]]}},{"type":"Feature","properties":{"id":"excl-a-809","kind":"exclusion","name":"Creek exclusion zone","acres":1.6,"editable":true,"source":"MAP mesic valley bottoms + 10-yr NDVI persistence + IrrMapper + NWI (V3 rule) + collar shape rules (4 Sep 2026)","strm_type":"Intermittent","veg_pct":31.0,"pts":5,"enforce":"ok"},"geometry":{"type":"Polygon","coordinates":[[[-108.7653,42.730125],[-108.765409,42.730243],[-108.764038,42.731283],[-108.763661,42.731078],[-108.764304,42.730435],[-108.7653,42.730125]]]}},{"type":"Feature","properties":{"id":"excl-a-810","kind":"exclusion","name":"Creek exclusion zone","acres":0.5,"editable":true,"source":"MAP mesic valley bottoms + 10-yr NDVI persistence + IrrMapper + NWI (V3 rule) + collar shape rules (4 Sep 2026)","strm_type":"Intermittent","veg_pct":29.6,"pts":4,"enforce":"narrow"},"geometry":{"type":"Polygon","coordinates":[[[-108.762678,42.729969],[-108.761448,42.730759],[-108.761239,42.730582],[-108.762635,42.729926],[-108.762678,42.729969]]]}},{"type":"Feature","properties":{"id":"excl-a-811","kind":"exclusion","name":"Creek exclusion zone","acres":0.1,"editable":true,"source":"MAP mesic valley bottoms + 10-yr NDVI persistence + IrrMapper + NWI (V3 rule) + collar shape rules (4 Sep 2026)","strm_type":"Perennial","veg_pct":44.4,"pts":7,"enforce":"narrow"},"geometry":{"type":"Polygon","coordinates":[[[-108.778197,42.737834],[-108.778028,42.737814],[-108.778005,42.737775],[-108.778037,42.737742],[-108.777977,42.737661],[-108.778183,42.737578],[-108.778304,42.73766],[-108.778197,42.737834]]]}},{"type":"Feature","properties":{"id":"excl-a-812","kind":"exclusion","name":"Creek exclusion zone","acres":0.3,"editable":true,"source":"MAP mesic valley bottoms + 10-yr NDVI persistence + IrrMapper + NWI (V3 rule) + collar shape rules (4 Sep 2026)","strm_type":"Perennial","veg_pct":83.9,"pts":6,"enforce":"ok"},"geometry":{"type":"Polygon","coordinates":[[[-108.74846,42.733258],[-108.748279,42.733144],[-108.748166,42.733152],[-108.748113,42.733089],[-108.74834,42.732821],[-108.748693,42.732984],[-108.74846,42.733258]]]}},{"type":"Feature","properties":{"id":"excl-a-813","kind":"exclusion","name":"Creek exclusion zone","acres":15.8,"editable":true,"source":"MAP mesic valley bottoms + 10-yr NDVI persistence + IrrMapper + NWI (V3 rule) + collar shape rules (4 Sep 2026)","strm_type":"Perennial","veg_pct":78.7,"pts":22,"enforce":"ok"},"geometry":{"type":"Polygon","coordinates":[[[-108.736822,42.728423],[-108.743527,42.730653],[-108.745261,42.732725],[-108.747987,42.732659],[-108.748164,42.73274],[-108.747922,42.733026],[-108.747979,42.733094],[-108.747928,42.733169],[-108.747057,42.733232],[-108.746835,42.733774],[-108.746325,42.733882],[-108.74414,42.732478],[-108.744054,42.731743],[-108.742315,42.730576],[-108.740867,42.730422],[-108.73916,42.729236],[-108.73716,42.728852],[-108.733838,42.72701],[-108.733311,42.72697],[-108.73314,42.726781],[-108.73321,42.726611],[-108.734478,42.726913],[-108.736822,42.728423]]]}},{"type":"Feature","properties":{"id":"excl-a-814","kind":"exclusion","name":"Creek exclusion zone","acres":8.5,"editable":true,"source":"MAP mesic valley bottoms + 10-yr NDVI persistence + IrrMapper + NWI (V3 rule) + collar shape rules (4 Sep 2026)","strm_type":"Perennial","veg_pct":85.5,"pts":18,"enforce":"ok"},"geometry":{"type":"Polygon","coordinates":[[[-108.728878,42.725734],[-108.731168,42.726537],[-108.732544,42.726452],[-108.73321,42.726611],[-108.73307,42.726952],[-108.731256,42.726815],[-108.728566,42.725899],[-108.726113,42.725983],[-108.726106,42.725873],[-108.726246,42.72578],[-108.727066,42.725874],[-108.729682,42.723834],[-108.729828,42.72385],[-108.729885,42.723936],[-108.730107,42.724115],[-108.730369,42.72422],[-108.730372,42.724436],[-108.728681,42.725146],[-108.728878,42.725734]]]}},{"type":"Feature","properties":{"id":"excl-a-815","kind":"exclusion","name":"Creek exclusion zone","acres":1.8,"editable":true,"source":"MAP mesic valley bottoms + 10-yr NDVI persistence + IrrMapper + NWI (V3 rule) + collar shape rules (4 Sep 2026)","strm_type":"Intermittent","veg_pct":89.0,"pts":10,"enforce":"ok"},"geometry":{"type":"Polygon","coordinates":[[[-108.731612,42.723417],[-108.731783,42.723843],[-108.731004,42.72417],[-108.730941,42.72413],[-108.730985,42.724046],[-108.730411,42.723831],[-108.7302,42.723564],[-108.730083,42.723588],[-108.730049,42.723548],[-108.730231,42.723406],[-108.731612,42.723417]]]}},{"type":"Feature","properties":{"id":"excl-a-816","kind":"exclusion","name":"Creek exclusion zone","acres":0.2,"editable":true,"source":"MAP mesic valley bottoms + 10-yr NDVI persistence + IrrMapper + NWI (V3 rule) + collar shape rules (4 Sep 2026)","strm_type":"Intermittent","veg_pct":88.2,"pts":8,"enforce":"ok"},"geometry":{"type":"Polygon","coordinates":[[[-108.730366,42.723886],[-108.730457,42.723906],[-108.730522,42.723956],[-108.730517,42.724091],[-108.730356,42.724156],[-108.730265,42.724136],[-108.7302,42.724085],[-108.730205,42.72395],[-108.730366,42.723886]]]}},{"type":"Feature","properties":{"id":"excl-a-817","kind":"exclusion","name":"Creek exclusion zone","acres":14.6,"editable":true,"source":"MAP mesic valley bottoms + 10-yr NDVI persistence + IrrMapper + NWI (V3 rule) + collar shape rules (4 Sep 2026)","strm_type":"Perennial","veg_pct":68.5,"pts":22,"enforce":"ok"},"geometry":{"type":"Polygon","coordinates":[[[-108.726113,42.725983],[-108.72366,42.726066],[-108.722554,42.726641],[-108.72292,42.72766],[-108.724281,42.728541],[-108.725671,42.728683],[-108.725682,42.728821],[-108.724494,42.729043],[-108.723638,42.728842],[-108.721877,42.727002],[-108.719299,42.725715],[-108.718286,42.725623],[-108.716249,42.72626],[-108.71597,42.726152],[-108.715981,42.725954],[-108.718208,42.72525],[-108.720559,42.725878],[-108.721975,42.725718],[-108.722733,42.726006],[-108.724883,42.725624],[-108.726246,42.72578],[-108.726106,42.725873],[-108.726113,42.725983]]]}},{"type":"Feature","properties":{"id":"excl-a-818","kind":"exclusion","name":"Creek exclusion zone","acres":0.2,"editable":true,"source":"MAP mesic valley bottoms + 10-yr NDVI persistence + IrrMapper + NWI (V3 rule) + collar shape rules (4 Sep 2026)","strm_type":"Perennial","veg_pct":83.9,"pts":6,"enforce":"narrow"},"geometry":{"type":"Polygon","coordinates":[[[-108.748113,42.733089],[-108.748116,42.733156],[-108.748036,42.733162],[-108.747922,42.733026],[-108.748164,42.73274],[-108.74834,42.732821],[-108.748113,42.733089]]]}},{"type":"Feature","properties":{"id":"excl-a-819","kind":"exclusion","name":"Creek exclusion zone","acres":5.3,"editable":true,"source":"MAP mesic valley bottoms + 10-yr NDVI persistence + IrrMapper + NWI (V3 rule) + collar shape rules (4 Sep 2026)","strm_type":"Perennial","veg_pct":88.3,"pts":8,"enforce":"ok"},"geometry":{"type":"Polygon","coordinates":[[[-108.710487,42.726194],[-108.707402,42.727186],[-108.707103,42.72705],[-108.707117,42.726797],[-108.70903,42.726083],[-108.714424,42.726033],[-108.71444,42.726119],[-108.713172,42.726362],[-108.710487,42.726194]]]}},{"type":"Feature","properties":{"id":"excl-a-820","kind":"exclusion","name":"Creek exclusion zone","acres":6.9,"editable":true,"source":"MAP mesic valley bottoms + 10-yr NDVI persistence + IrrMapper + NWI (V3 rule) + collar shape rules (4 Sep 2026)","strm_type":"Perennial","veg_pct":86.5,"pts":27,"enforce":"ok"},"geometry":{"type":"Polygon","coordinates":[[[-108.705718,42.727073],[-108.705898,42.727263],[-108.705762,42.727475],[-108.703641,42.727652],[-108.702826,42.727559],[-108.701861,42.726711],[-108.700579,42.726951],[-108.70042,42.726764],[-108.700769,42.726458],[-108.701759,42.726475],[-108.703075,42.725891],[-108.703186,42.725109],[-108.703404,42.725039],[-108.703598,42.725148],[-108.703703,42.725171],[-108.703816,42.725148],[-108.703871,42.725199],[-108.702727,42.726663],[-108.702786,42.726747],[-108.702721,42.726822],[-108.702599,42.726818],[-108.70265,42.726985],[-108.702801,42.727156],[-108.702864,42.727181],[-108.702923,42.727103],[-108.703039,42.727104],[-108.703149,42.727258],[-108.705718,42.727073]]]}},{"type":"Feature","properties":{"id":"excl-a-821","kind":"exclusion","name":"Creek exclusion zone","acres":14.1,"editable":true,"source":"MAP mesic valley bottoms + 10-yr NDVI persistence + IrrMapper + NWI (V3 rule) + collar shape rules (4 Sep 2026)","strm_type":"Perennial","veg_pct":84.5,"pts":16,"enforce":"ok"},"geometry":{"type":"Polygon","coordinates":[[[-108.704173,42.724813],[-108.70408,42.724933],[-108.703406,42.724575],[-108.703324,42.724642],[-108.703255,42.724619],[-108.703297,42.724326],[-108.705998,42.723009],[-108.7109,42.719398],[-108.711388,42.718362],[-108.711472,42.718361],[-108.711515,42.718445],[-108.712604,42.718115],[-108.712896,42.71796],[-108.713058,42.717833],[-108.713137,42.71787],[-108.712719,42.718682],[-108.704173,42.724813]]]}},{"type":"Feature","properties":{"id":"excl-a-822","kind":"exclusion","name":"Creek exclusion zone","acres":13.4,"editable":true,"source":"MAP mesic valley bottoms + 10-yr NDVI persistence + IrrMapper + NWI (V3 rule) + collar shape rules (4 Sep 2026)","strm_type":"Perennial","veg_pct":86.3,"pts":23,"enforce":"ok"},"geometry":{"type":"Polygon","coordinates":[[[-108.713439,42.717283],[-108.713339,42.717291],[-108.713266,42.717209],[-108.712477,42.717752],[-108.711679,42.718008],[-108.711585,42.717944],[-108.711637,42.717833],[-108.714213,42.715959],[-108.714162,42.714744],[-108.714941,42.714609],[-108.715826,42.715778],[-108.717024,42.715718],[-108.718056,42.716213],[-108.720096,42.716129],[-108.720221,42.716277],[-108.7201,42.716435],[-108.717367,42.71626],[-108.715424,42.716733],[-108.715369,42.716558],[-108.714588,42.716718],[-108.714052,42.716879],[-108.714162,42.71704],[-108.713478,42.717207],[-108.713439,42.717283]]]}},{"type":"Feature","properties":{"id":"excl-a-823","kind":"exclusion","name":"Creek exclusion zone","acres":0.2,"editable":true,"source":"MAP mesic valley bottoms + 10-yr NDVI persistence + IrrMapper + NWI (V3 rule) + collar shape rules (4 Sep 2026)","strm_type":"Perennial","veg_pct":85.9,"pts":8,"enforce":"ok"},"geometry":{"type":"Polygon","coordinates":[[[-108.712224,42.717906],[-108.712315,42.717926],[-108.712381,42.717976],[-108.712376,42.718111],[-108.712215,42.718176],[-108.712124,42.718156],[-108.712059,42.718105],[-108.712063,42.71797],[-108.712224,42.717906]]]}},{"type":"Feature","properties":{"id":"excl-a-824","kind":"exclusion","name":"Creek exclusion zone","acres":0.1,"editable":true,"source":"MAP mesic valley bottoms + 10-yr NDVI persistence + IrrMapper + NWI (V3 rule) + collar shape rules (4 Sep 2026)","strm_type":"Perennial","veg_pct":86.4,"pts":7,"enforce":"ok"},"geometry":{"type":"Polygon","coordinates":[[[-108.703716,42.724831],[-108.703711,42.724966],[-108.703642,42.725014],[-108.70355,42.72503],[-108.703394,42.724959],[-108.703399,42.724824],[-108.70356,42.72476],[-108.703716,42.724831]]]}},{"type":"Feature","properties":{"id":"excl-a-825","kind":"exclusion","name":"Creek exclusion zone","acres":2.0,"editable":true,"source":"MAP mesic valley bottoms + 10-yr NDVI persistence + IrrMapper + NWI (V3 rule) + collar shape rules (4 Sep 2026)","strm_type":"Intermittent","veg_pct":20.1,"pts":7,"enforce":"ok"},"geometry":{"type":"Polygon","coordinates":[[[-108.750436,42.734962],[-108.750394,42.735039],[-108.747793,42.734506],[-108.747732,42.734355],[-108.747884,42.7342],[-108.74906,42.734181],[-108.749291,42.7345],[-108.750436,42.734962]]]}},{"type":"Feature","properties":{"id":"excl-a-826","kind":"exclusion","name":"Creek exclusion zone","acres":13.3,"editable":true,"source":"MAP mesic valley bottoms + 10-yr NDVI persistence + IrrMapper + NWI (V3 rule) + collar shape rules (4 Sep 2026)","strm_type":"Intermittent","veg_pct":48.3,"pts":13,"enforce":"ok"},"geometry":{"type":"Polygon","coordinates":[[[-108.713963,42.734717],[-108.713308,42.734075],[-108.709217,42.732007],[-108.706103,42.729582],[-108.701295,42.72903],[-108.700781,42.72878],[-108.700858,42.728624],[-108.705892,42.729055],[-108.706942,42.729521],[-108.709536,42.731841],[-108.712901,42.733433],[-108.714271,42.734586],[-108.714175,42.734708],[-108.713963,42.734717]]]}},{"type":"Feature","properties":{"id":"excl-a-827","kind":"exclusion","name":"Creek exclusion zone","acres":1.2,"editable":true,"source":"MAP mesic valley bottoms + 10-yr NDVI persistence + IrrMapper + NWI (V3 rule) + collar shape rules (4 Sep 2026)","strm_type":"Intermittent","veg_pct":28.1,"pts":5,"enforce":"ok"},"geometry":{"type":"Polygon","coordinates":[[[-108.700592,42.748482],[-108.700728,42.748408],[-108.701438,42.748904],[-108.701769,42.749515],[-108.701346,42.74959],[-108.700592,42.748482]]]}},{"type":"Feature","properties":{"id":"excl-a-828","kind":"exclusion","name":"Creek exclusion zone","acres":0.1,"editable":true,"source":"MAP mesic valley bottoms + 10-yr NDVI persistence + IrrMapper + NWI (V3 rule) + collar shape rules (4 Sep 2026)","strm_type":"Ephemeral","veg_pct":98.3,"pts":5,"enforce":"narrow"},"geometry":{"type":"Polygon","coordinates":[[[-108.707898,42.544647],[-108.708079,42.544376],[-108.708159,42.544398],[-108.708018,42.544751],[-108.707937,42.544751],[-108.707898,42.544647]]]}},{"type":"Feature","properties":{"id":"excl-a-829","kind":"exclusion","name":"Creek exclusion zone","acres":0.1,"editable":true,"source":"MAP mesic valley bottoms + 10-yr NDVI persistence + IrrMapper + NWI (V3 rule) + collar shape rules (4 Sep 2026)","strm_type":"Ephemeral","veg_pct":98.5,"pts":5,"enforce":"narrow"},"geometry":{"type":"Polygon","coordinates":[[[-108.708144,42.54587],[-108.708069,42.545826],[-108.708054,42.545521],[-108.708145,42.545511],[-108.708251,42.545807],[-108.708144,42.54587]]]}},{"type":"Feature","properties":{"id":"excl-a-830","kind":"exclusion","name":"Creek exclusion zone","acres":2.9,"editable":true,"source":"MAP mesic valley bottoms + 10-yr NDVI persistence + IrrMapper + NWI (V3 rule) + collar shape rules (4 Sep 2026)","strm_type":"Intermittent","veg_pct":46.4,"pts":7,"enforce":"ok"},"geometry":{"type":"Polygon","coordinates":[[[-108.704112,42.679296],[-108.704114,42.679186],[-108.705417,42.67905],[-108.707764,42.679657],[-108.710383,42.678853],[-108.710403,42.678884],[-108.708084,42.67979],[-108.704112,42.679296]]]}},{"type":"Feature","properties":{"id":"excl-a-831","kind":"exclusion","name":"Creek exclusion zone","acres":0.4,"editable":true,"source":"MAP mesic valley bottoms + 10-yr NDVI persistence + IrrMapper + NWI (V3 rule) + collar shape rules (4 Sep 2026)","strm_type":"Intermittent","veg_pct":34.7,"pts":5,"enforce":"ok"},"geometry":{"type":"Polygon","coordinates":[[[-108.702637,42.750037],[-108.702771,42.749918],[-108.703445,42.750179],[-108.703439,42.750349],[-108.703202,42.75043],[-108.702637,42.750037]]]}},{"type":"Feature","properties":{"id":"excl-a-832","kind":"exclusion","name":"Creek exclusion zone","acres":13.5,"editable":true,"source":"MAP mesic valley bottoms + 10-yr NDVI persistence + IrrMapper + NWI (V3 rule) + collar shape rules (4 Sep 2026)","strm_type":"Intermittent","veg_pct":77.2,"pts":12,"enforce":"ok"},"geometry":{"type":"Polygon","coordinates":[[[-108.716057,42.650623],[-108.711115,42.650356],[-108.707402,42.651695],[-108.70712,42.651368],[-108.708938,42.650355],[-108.710511,42.650067],[-108.71583,42.650338],[-108.719275,42.649791],[-108.721076,42.648965],[-108.721368,42.649019],[-108.721432,42.649218],[-108.719951,42.650159],[-108.716057,42.650623]]]}},{"type":"Feature","properties":{"id":"excl-a-833","kind":"exclusion","name":"Creek exclusion zone","acres":0.4,"editable":true,"source":"MAP mesic valley bottoms + 10-yr NDVI persistence + IrrMapper + NWI (V3 rule) + collar shape rules (4 Sep 2026)","strm_type":"Ephemeral","veg_pct":59.6,"pts":6,"enforce":"narrow"},"geometry":{"type":"Polygon","coordinates":[[[-108.710701,42.563512],[-108.710746,42.563515],[-108.710719,42.563996],[-108.711098,42.565033],[-108.711044,42.565046],[-108.71058,42.564184],[-108.710701,42.563512]]]}},{"type":"Feature","properties":{"id":"excl-a-834","kind":"exclusion","name":"Creek exclusion zone","acres":1.6,"editable":true,"source":"MAP mesic valley bottoms + 10-yr NDVI persistence + IrrMapper + NWI (V3 rule) + collar shape rules (4 Sep 2026)","strm_type":"Intermittent","veg_pct":18.1,"pts":6,"enforce":"ok"},"geometry":{"type":"Polygon","coordinates":[[[-108.704329,42.742209],[-108.70435,42.742102],[-108.705605,42.741639],[-108.707161,42.741605],[-108.70718,42.741693],[-108.704424,42.742274],[-108.704329,42.742209]]]}},{"type":"Feature","properties":{"id":"excl-a-835","kind":"exclusion","name":"Creek exclusion zone","acres":4.6,"editable":true,"source":"MAP mesic valley bottoms + 10-yr NDVI persistence + IrrMapper + NWI (V3 rule) + collar shape rules (4 Sep 2026)","strm_type":"Intermittent","veg_pct":31.0,"pts":6,"enforce":"ok"},"geometry":{"type":"Polygon","coordinates":[[[-108.707429,42.670352],[-108.707417,42.670309],[-108.710425,42.669695],[-108.71533,42.669178],[-108.715395,42.669312],[-108.714946,42.669511],[-108.707429,42.670352]]]}},{"type":"Feature","properties":{"id":"excl-a-836","kind":"exclusion","name":"Creek exclusion zone","acres":5.4,"editable":true,"source":"MAP mesic valley bottoms + 10-yr NDVI persistence + IrrMapper + NWI (V3 rule) + collar shape rules (4 Sep 2026)","strm_type":"Ephemeral","veg_pct":86.8,"pts":13,"enforce":"ok"},"geometry":{"type":"Polygon","coordinates":[[[-108.714569,42.533551],[-108.714133,42.534428],[-108.71401,42.534407],[-108.714143,42.533348],[-108.713623,42.532992],[-108.712605,42.533624],[-108.712475,42.533543],[-108.713036,42.532822],[-108.714398,42.5322],[-108.714917,42.532363],[-108.715415,42.534037],[-108.715305,42.534066],[-108.714952,42.533536],[-108.714569,42.533551]]]}},{"type":"Feature","properties":{"id":"excl-a-837","kind":"exclusion","name":"Creek exclusion zone","acres":11.7,"editable":true,"source":"MAP mesic valley bottoms + 10-yr NDVI persistence + IrrMapper + NWI (V3 rule) + collar shape rules (4 Sep 2026)","strm_type":"Intermittent","veg_pct":34.8,"pts":14,"enforce":"ok"},"geometry":{"type":"Polygon","coordinates":[[[-108.721518,42.749694],[-108.71846,42.749507],[-108.716527,42.750056],[-108.713098,42.749309],[-108.711144,42.750342],[-108.709574,42.750626],[-108.709534,42.750546],[-108.713488,42.749041],[-108.716704,42.74974],[-108.71939,42.749142],[-108.727968,42.750689],[-108.730048,42.750669],[-108.730056,42.750727],[-108.728094,42.750982],[-108.721518,42.749694]]]}},{"type":"Feature","properties":{"id":"excl-a-838","kind":"exclusion","name":"Creek exclusion zone","acres":1.4,"editable":true,"source":"MAP mesic valley bottoms + 10-yr NDVI persistence + IrrMapper + NWI (V3 rule) + collar shape rules (4 Sep 2026)","strm_type":"Intermittent","veg_pct":29.2,"pts":6,"enforce":"ok"},"geometry":{"type":"Polygon","coordinates":[[[-108.705177,42.75037],[-108.705185,42.750284],[-108.706063,42.75025],[-108.708142,42.750585],[-108.708187,42.750693],[-108.70808,42.750777],[-108.705177,42.75037]]]}},{"type":"Feature","properties":{"id":"excl-a-839","kind":"exclusion","name":"Creek exclusion zone","acres":1.6,"editable":true,"source":"MAP mesic valley bottoms + 10-yr NDVI persistence + IrrMapper + NWI (V3 rule) + collar shape rules (4 Sep 2026)","strm_type":"Intermittent","veg_pct":56.0,"pts":6,"enforce":"ok"},"geometry":{"type":"Polygon","coordinates":[[[-108.707248,42.697482],[-108.707186,42.697361],[-108.7091,42.696277],[-108.709404,42.69631],[-108.709457,42.696473],[-108.707551,42.697467],[-108.707248,42.697482]]]}},{"type":"Feature","properties":{"id":"excl-a-840","kind":"exclusion","name":"Creek exclusion zone","acres":2.4,"editable":true,"source":"MAP mesic valley bottoms + 10-yr NDVI persistence + IrrMapper + NWI (V3 rule) + collar shape rules (4 Sep 2026)","strm_type":"Intermittent","veg_pct":95.7,"pts":6,"enforce":"ok"},"geometry":{"type":"Polygon","coordinates":[[[-108.71359,42.522282],[-108.714459,42.520507],[-108.714537,42.520523],[-108.71397,42.522831],[-108.714214,42.524915],[-108.714177,42.524919],[-108.71359,42.522282]]]}},{"type":"Feature","properties":{"id":"excl-a-841","kind":"exclusion","name":"Creek exclusion zone","acres":0.1,"editable":true,"source":"MAP mesic valley bottoms + 10-yr NDVI persistence + IrrMapper + NWI (V3 rule) + collar shape rules (4 Sep 2026)","strm_type":"Ephemeral","veg_pct":99.0,"pts":5,"enforce":"narrow"},"geometry":{"type":"Polygon","coordinates":[[[-108.713055,42.544219],[-108.713079,42.54361],[-108.713123,42.543609],[-108.71317,42.544185],[-108.713114,42.544224],[-108.713055,42.544219]]]}},{"type":"Feature","properties":{"id":"excl-a-842","kind":"exclusion","name":"Creek exclusion zone","acres":4.7,"editable":true,"source":"MAP mesic valley bottoms + 10-yr NDVI persistence + IrrMapper + NWI (V3 rule) + collar shape rules (4 Sep 2026)","strm_type":"Intermittent","veg_pct":39.2,"pts":7,"enforce":"ok"},"geometry":{"type":"Polygon","coordinates":[[[-108.727164,42.768922],[-108.727134,42.768815],[-108.729032,42.768301],[-108.7316,42.768454],[-108.73275,42.768142],[-108.732821,42.768238],[-108.7319,42.76876],[-108.727164,42.768922]]]}},{"type":"Feature","properties":{"id":"excl-a-843","kind":"exclusion","name":"Creek exclusion zone","acres":17.9,"editable":true,"source":"MAP mesic valley bottoms + 10-yr NDVI persistence + IrrMapper + NWI (V3 rule) + collar shape rules (4 Sep 2026)","strm_type":"Intermittent","veg_pct":37.7,"pts":23,"enforce":"ok"},"geometry":{"type":"Polygon","coordinates":[[[-108.721164,42.772739],[-108.719924,42.77302],[-108.717843,42.772764],[-108.715742,42.773173],[-108.714407,42.775604],[-108.713336,42.775438],[-108.711098,42.776176],[-108.708633,42.777851],[-108.707941,42.779731],[-108.707082,42.780085],[-108.706989,42.779997],[-108.707546,42.779557],[-108.708663,42.777372],[-108.711337,42.775803],[-108.714418,42.775165],[-108.714953,42.773216],[-108.715682,42.772661],[-108.720851,42.77248],[-108.721806,42.771267],[-108.724971,42.768884],[-108.725444,42.768928],[-108.725557,42.769202],[-108.72221,42.77134],[-108.721164,42.772739]]]}},{"type":"Feature","properties":{"id":"excl-a-844","kind":"exclusion","name":"Creek exclusion zone","acres":15.4,"editable":true,"source":"MAP mesic valley bottoms + 10-yr NDVI persistence + IrrMapper + NWI (V3 rule) + collar shape rules (4 Sep 2026)","strm_type":"Perennial","veg_pct":86.4,"pts":24,"enforce":"ok"},"geometry":{"type":"Polygon","coordinates":[[[-108.719407,42.521787],[-108.719383,42.522792],[-108.722093,42.525958],[-108.724265,42.527376],[-108.724164,42.527509],[-108.722675,42.527175],[-108.719122,42.523134],[-108.718469,42.523431],[-108.718334,42.524307],[-108.719697,42.526513],[-108.717457,42.52727],[-108.717274,42.527168],[-108.71731,42.526992],[-108.71862,42.526757],[-108.719244,42.526051],[-108.718128,42.524396],[-108.718552,42.521697],[-108.717504,42.520591],[-108.717573,42.520504],[-108.717736,42.520517],[-108.718359,42.520415],[-108.71833,42.520328],[-108.718392,42.5203],[-108.718586,42.520426],[-108.719407,42.521787]]]}},{"type":"Feature","properties":{"id":"excl-a-845","kind":"exclusion","name":"Creek exclusion zone","acres":0.9,"editable":true,"source":"MAP mesic valley bottoms + 10-yr NDVI persistence + IrrMapper + NWI (V3 rule) + collar shape rules (4 Sep 2026)","strm_type":"Perennial","veg_pct":92.7,"pts":9,"enforce":"ok"},"geometry":{"type":"Polygon","coordinates":[[[-108.716947,42.519656],[-108.71731,42.5196],[-108.717937,42.520006],[-108.717895,42.520126],[-108.717712,42.520155],[-108.717278,42.520087],[-108.717232,42.520171],[-108.717117,42.520181],[-108.716816,42.519864],[-108.716947,42.519656]]]}},{"type":"Feature","properties":{"id":"excl-a-846","kind":"exclusion","name":"Creek exclusion zone","acres":0.1,"editable":true,"source":"MAP mesic valley bottoms + 10-yr NDVI persistence + IrrMapper + NWI (V3 rule) + collar shape rules (4 Sep 2026)","strm_type":"Perennial","veg_pct":88.1,"pts":7,"enforce":"ok"},"geometry":{"type":"Polygon","coordinates":[[[-108.71794,42.520266],[-108.717936,42.520401],[-108.717867,42.520449],[-108.717775,42.520465],[-108.71762,42.520395],[-108.717624,42.52026],[-108.717785,42.520195],[-108.71794,42.520266]]]}},{"type":"Feature","properties":{"id":"excl-a-847","kind":"exclusion","name":"Creek exclusion zone","acres":1.3,"editable":true,"source":"MAP mesic valley bottoms + 10-yr NDVI persistence + IrrMapper + NWI (V3 rule) + collar shape rules (4 Sep 2026)","strm_type":"Intermittent","veg_pct":33.5,"pts":6,"enforce":"ok"},"geometry":{"type":"Polygon","coordinates":[[[-108.710672,42.702473],[-108.710496,42.702235],[-108.71078,42.701921],[-108.711813,42.701774],[-108.71192,42.701938],[-108.711064,42.702469],[-108.710672,42.702473]]]}},{"type":"Feature","properties":{"id":"excl-a-848","kind":"exclusion","name":"Creek exclusion zone","acres":19.5,"editable":true,"source":"MAP mesic valley bottoms + 10-yr NDVI persistence + IrrMapper + NWI (V3 rule) + collar shape rules (4 Sep 2026)","strm_type":"Intermittent","veg_pct":98.4,"pts":24,"enforce":"ok"},"geometry":{"type":"Polygon","coordinates":[[[-108.721321,42.598217],[-108.718606,42.599432],[-108.717282,42.6012],[-108.716265,42.604699],[-108.716084,42.604695],[-108.715882,42.603784],[-108.716691,42.601719],[-108.715229,42.600436],[-108.71498,42.599631],[-108.715128,42.599587],[-108.716351,42.601054],[-108.717122,42.601018],[-108.718847,42.598177],[-108.718565,42.597466],[-108.718782,42.595981],[-108.718855,42.595983],[-108.718985,42.59817],[-108.719416,42.59853],[-108.720908,42.597645],[-108.721714,42.595815],[-108.722545,42.595168],[-108.728134,42.592984],[-108.728151,42.593006],[-108.722186,42.595757],[-108.721321,42.598217]]]}},{"type":"Feature","properties":{"id":"excl-a-849","kind":"exclusion","name":"Creek exclusion zone","acres":2.3,"editable":true,"source":"MAP mesic valley bottoms + 10-yr NDVI persistence + IrrMapper + NWI (V3 rule) + collar shape rules (4 Sep 2026)","strm_type":"Ephemeral","veg_pct":94.8,"pts":7,"enforce":"ok"},"geometry":{"type":"Polygon","coordinates":[[[-108.718125,42.531279],[-108.718744,42.530363],[-108.718221,42.529555],[-108.718526,42.52899],[-108.718759,42.529013],[-108.719047,42.530944],[-108.718291,42.53138],[-108.718125,42.531279]]]}},{"type":"Feature","properties":{"id":"excl-a-850","kind":"exclusion","name":"Creek exclusion zone","acres":0.6,"editable":true,"source":"MAP mesic valley bottoms + 10-yr NDVI persistence + IrrMapper + NWI (V3 rule) + collar shape rules (4 Sep 2026)","strm_type":"Intermittent","veg_pct":39.9,"pts":6,"enforce":"narrow"},"geometry":{"type":"Polygon","coordinates":[[[-108.71315,42.677705],[-108.713081,42.67763],[-108.713297,42.677467],[-108.714449,42.677097],[-108.714545,42.677168],[-108.714468,42.677296],[-108.71315,42.677705]]]}},{"type":"Feature","properties":{"id":"excl-a-851","kind":"exclusion","name":"Creek exclusion zone","acres":0.7,"editable":true,"source":"MAP mesic valley bottoms + 10-yr NDVI persistence + IrrMapper + NWI (V3 rule) + collar shape rules (4 Sep 2026)","strm_type":"Ephemeral","veg_pct":73.0,"pts":5,"enforce":"ok"},"geometry":{"type":"Polygon","coordinates":[[[-108.71378,42.667562],[-108.713753,42.667477],[-108.715281,42.667061],[-108.715363,42.667166],[-108.714858,42.667474],[-108.71378,42.667562]]]}},{"type":"Feature","properties":{"id":"excl-a-852","kind":"exclusion","name":"Creek exclusion zone","acres":0.6,"editable":true,"source":"MAP mesic valley bottoms + 10-yr NDVI persistence + IrrMapper + NWI (V3 rule) + collar shape rules (4 Sep 2026)","strm_type":"Intermittent","veg_pct":63.5,"pts":6,"enforce":"narrow"},"geometry":{"type":"Polygon","coordinates":[[[-108.715716,42.676562],[-108.715694,42.676509],[-108.715804,42.676454],[-108.717452,42.676349],[-108.717484,42.676438],[-108.717162,42.676549],[-108.715716,42.676562]]]}},{"type":"Feature","properties":{"id":"excl-a-853","kind":"exclusion","name":"Creek exclusion zone","acres":0.9,"editable":true,"source":"MAP mesic valley bottoms + 10-yr NDVI persistence + IrrMapper + NWI (V3 rule) + collar shape rules (4 Sep 2026)","strm_type":"Intermittent","veg_pct":25.3,"pts":6,"enforce":"ok"},"geometry":{"type":"Polygon","coordinates":[[[-108.7156,42.701467],[-108.715538,42.70136],[-108.715611,42.701273],[-108.717163,42.701025],[-108.717206,42.701114],[-108.71608,42.701542],[-108.7156,42.701467]]]}},{"type":"Feature","properties":{"id":"excl-a-854","kind":"exclusion","name":"Creek exclusion zone","acres":3.1,"editable":true,"source":"MAP mesic valley bottoms + 10-yr NDVI persistence + IrrMapper + NWI (V3 rule) + collar shape rules (4 Sep 2026)","strm_type":"Intermittent","veg_pct":90.1,"pts":6,"enforce":"ok"},"geometry":{"type":"Polygon","coordinates":[[[-108.715454,42.712274],[-108.715334,42.711725],[-108.716429,42.710808],[-108.716748,42.710641],[-108.717178,42.710992],[-108.715805,42.712331],[-108.715454,42.712274]]]}},{"type":"Feature","properties":{"id":"excl-a-855","kind":"exclusion","name":"Creek exclusion zone","acres":2.0,"editable":true,"source":"MAP mesic valley bottoms + 10-yr NDVI persistence + IrrMapper + NWI (V3 rule) + collar shape rules (4 Sep 2026)","strm_type":"Ephemeral","veg_pct":40.2,"pts":6,"enforce":"ok"},"geometry":{"type":"Polygon","coordinates":[[[-108.722012,42.545618],[-108.721701,42.545579],[-108.721581,42.545399],[-108.722819,42.544151],[-108.723152,42.544312],[-108.722657,42.54514],[-108.722012,42.545618]]]}},{"type":"Feature","properties":{"id":"excl-a-856","kind":"exclusion","name":"Creek exclusion zone","acres":1.0,"editable":true,"source":"MAP mesic valley bottoms + 10-yr NDVI persistence + IrrMapper + NWI (V3 rule) + collar shape rules (4 Sep 2026)","strm_type":"Ephemeral","veg_pct":72.5,"pts":6,"enforce":"ok"},"geometry":{"type":"Polygon","coordinates":[[[-108.718688,42.666855],[-108.71866,42.666755],[-108.719769,42.666459],[-108.721047,42.666348],[-108.721067,42.666415],[-108.719301,42.666827],[-108.718688,42.666855]]]}},{"type":"Feature","properties":{"id":"excl-a-857","kind":"exclusion","name":"Creek exclusion zone","acres":14.7,"editable":true,"source":"MAP mesic valley bottoms + 10-yr NDVI persistence + IrrMapper + NWI (V3 rule) + collar shape rules (4 Sep 2026)","strm_type":"Intermittent","veg_pct":46.5,"pts":22,"enforce":"ok"},"geometry":{"type":"Polygon","coordinates":[[[-108.728863,42.738612],[-108.727615,42.738],[-108.721975,42.736269],[-108.719785,42.736979],[-108.720673,42.738479],[-108.721719,42.739245],[-108.721754,42.740167],[-108.721692,42.740171],[-108.721535,42.739435],[-108.72051,42.738579],[-108.719582,42.737247],[-108.717355,42.73663],[-108.716376,42.735807],[-108.716478,42.735715],[-108.718883,42.736723],[-108.722409,42.736011],[-108.724774,42.736638],[-108.729285,42.738484],[-108.730183,42.739895],[-108.732944,42.740418],[-108.732929,42.740494],[-108.730681,42.740426],[-108.728863,42.738612]]]}},{"type":"Feature","properties":{"id":"excl-a-858","kind":"exclusion","name":"Creek exclusion zone","acres":32.3,"editable":true,"source":"MAP mesic valley bottoms + 10-yr NDVI persistence + IrrMapper + NWI (V3 rule) + collar shape rules (4 Sep 2026)","strm_type":"Other","veg_pct":46.3,"pts":12,"enforce":"ok"},"geometry":{"type":"Polygon","coordinates":[[[-108.72768,42.538661],[-108.724796,42.537262],[-108.723773,42.531077],[-108.725079,42.529674],[-108.725422,42.529706],[-108.725259,42.530219],[-108.724235,42.531197],[-108.724786,42.534159],[-108.725603,42.534824],[-108.727903,42.53487],[-108.728357,42.535879],[-108.72812,42.538499],[-108.72768,42.538661]]]}},{"type":"Feature","properties":{"id":"excl-a-859","kind":"exclusion","name":"Creek exclusion zone","acres":1.4,"editable":true,"source":"MAP mesic valley bottoms + 10-yr NDVI persistence + IrrMapper + NWI (V3 rule) + collar shape rules (4 Sep 2026)","strm_type":"Ephemeral","veg_pct":91.3,"pts":7,"enforce":"ok"},"geometry":{"type":"Polygon","coordinates":[[[-108.722699,42.571524],[-108.722435,42.571417],[-108.722571,42.570885],[-108.72309,42.570702],[-108.723838,42.570999],[-108.72378,42.571178],[-108.723182,42.571189],[-108.722699,42.571524]]]}},{"type":"Feature","properties":{"id":"excl-a-860","kind":"exclusion","name":"Creek exclusion zone","acres":0.2,"editable":true,"source":"MAP mesic valley bottoms + 10-yr NDVI persistence + IrrMapper + NWI (V3 rule) + collar shape rules (4 Sep 2026)","strm_type":"Ephemeral","veg_pct":57.6,"pts":5,"enforce":"narrow"},"geometry":{"type":"Polygon","coordinates":[[[-108.722724,42.573249],[-108.722623,42.573059],[-108.722837,42.572757],[-108.722989,42.572793],[-108.722919,42.57318],[-108.722724,42.573249]]]}},{"type":"Feature","properties":{"id":"excl-a-861","kind":"exclusion","name":"Creek exclusion zone","acres":5.0,"editable":true,"source":"MAP mesic valley bottoms + 10-yr NDVI persistence + IrrMapper + NWI (V3 rule) + collar shape rules (4 Sep 2026)","strm_type":"Intermittent","veg_pct":44.6,"pts":7,"enforce":"ok"},"geometry":{"type":"Polygon","coordinates":[[[-108.722263,42.692749],[-108.718414,42.694795],[-108.718384,42.694768],[-108.724492,42.690806],[-108.726937,42.689964],[-108.726953,42.689987],[-108.724774,42.690886],[-108.722263,42.692749]]]}},{"type":"Feature","properties":{"id":"excl-a-862","kind":"exclusion","name":"Creek exclusion zone","acres":7.1,"editable":true,"source":"MAP mesic valley bottoms + 10-yr NDVI persistence + IrrMapper + NWI (V3 rule) + collar shape rules (4 Sep 2026)","strm_type":"Intermittent","veg_pct":40.9,"pts":9,"enforce":"ok"},"geometry":{"type":"Polygon","coordinates":[[[-108.724665,42.542534],[-108.724185,42.542411],[-108.724059,42.541985],[-108.72459,42.541369],[-108.725431,42.541274],[-108.725457,42.539925],[-108.7265,42.540068],[-108.726799,42.540467],[-108.726178,42.541617],[-108.724665,42.542534]]]}},{"type":"Feature","properties":{"id":"excl-a-863","kind":"exclusion","name":"Creek exclusion zone","acres":4.2,"editable":true,"source":"MAP mesic valley bottoms + 10-yr NDVI persistence + IrrMapper + NWI (V3 rule) + collar shape rules (4 Sep 2026)","strm_type":"Intermittent","veg_pct":41.1,"pts":8,"enforce":"ok"},"geometry":{"type":"Polygon","coordinates":[[[-108.718536,42.70885],[-108.718273,42.708871],[-108.718122,42.708753],[-108.719031,42.707116],[-108.719762,42.706744],[-108.720197,42.705755],[-108.720625,42.705906],[-108.720106,42.706905],[-108.718536,42.70885]]]}},{"type":"Feature","properties":{"id":"excl-a-864","kind":"exclusion","name":"Creek exclusion zone","acres":1.5,"editable":true,"source":"MAP mesic valley bottoms + 10-yr NDVI persistence + IrrMapper + NWI (V3 rule) + collar shape rules (4 Sep 2026)","strm_type":"Ephemeral","veg_pct":97.5,"pts":6,"enforce":"narrow"},"geometry":{"type":"Polygon","coordinates":[[[-108.72345,42.597879],[-108.72344,42.597861],[-108.7276,42.596543],[-108.729023,42.595785],[-108.729054,42.595814],[-108.727653,42.596733],[-108.72345,42.597879]]]}},{"type":"Feature","properties":{"id":"excl-a-865","kind":"exclusion","name":"Creek exclusion zone","acres":13.1,"editable":true,"source":"MAP mesic valley bottoms + 10-yr NDVI persistence + IrrMapper + NWI (V3 rule) + collar shape rules (4 Sep 2026)","strm_type":"Ephemeral","veg_pct":47.2,"pts":11,"enforce":"ok"},"geometry":{"type":"Polygon","coordinates":[[[-108.725656,42.548107],[-108.726409,42.550203],[-108.726276,42.550491],[-108.726085,42.550478],[-108.725871,42.54937],[-108.724587,42.548326],[-108.724896,42.547655],[-108.724489,42.54678],[-108.726966,42.545948],[-108.72778,42.546042],[-108.727331,42.547423],[-108.725656,42.548107]]]}},{"type":"Feature","properties":{"id":"excl-a-866","kind":"exclusion","name":"Creek exclusion zone","acres":9.4,"editable":true,"source":"MAP mesic valley bottoms + 10-yr NDVI persistence + IrrMapper + NWI (V3 rule) + collar shape rules (4 Sep 2026)","strm_type":"Intermittent","veg_pct":65.3,"pts":19,"enforce":"ok"},"geometry":{"type":"Polygon","coordinates":[[[-108.731282,42.527428],[-108.730253,42.527473],[-108.727375,42.529081],[-108.727085,42.528946],[-108.727128,42.528792],[-108.726743,42.528483],[-108.725743,42.528572],[-108.725591,42.528357],[-108.725897,42.528101],[-108.727549,42.528101],[-108.727836,42.527731],[-108.730714,42.527091],[-108.731734,42.527339],[-108.731976,42.527064],[-108.732368,42.527098],[-108.732589,42.527553],[-108.733557,42.527759],[-108.733544,42.527919],[-108.732865,42.528004],[-108.731282,42.527428]]]}},{"type":"Feature","properties":{"id":"excl-a-867","kind":"exclusion","name":"Creek exclusion zone","acres":3.8,"editable":true,"source":"MAP mesic valley bottoms + 10-yr NDVI persistence + IrrMapper + NWI (V3 rule) + collar shape rules (4 Sep 2026)","strm_type":"Intermittent","veg_pct":87.3,"pts":8,"enforce":"ok"},"geometry":{"type":"Polygon","coordinates":[[[-108.723001,42.676823],[-108.720521,42.676467],[-108.720529,42.676427],[-108.722548,42.676543],[-108.725945,42.676079],[-108.727975,42.675064],[-108.728015,42.675102],[-108.726241,42.676272],[-108.723001,42.676823]]]}},{"type":"Feature","properties":{"id":"excl-a-868","kind":"exclusion","name":"Creek exclusion zone","acres":0.6,"editable":true,"source":"MAP mesic valley bottoms + 10-yr NDVI persistence + IrrMapper + NWI (V3 rule) + collar shape rules (4 Sep 2026)","strm_type":"Intermittent","veg_pct":29.8,"pts":6,"enforce":"narrow"},"geometry":{"type":"Polygon","coordinates":[[[-108.719572,42.70005],[-108.719548,42.699989],[-108.720685,42.699331],[-108.720963,42.699325],[-108.721007,42.69943],[-108.719684,42.700059],[-108.719572,42.70005]]]}},{"type":"Feature","properties":{"id":"excl-a-869","kind":"exclusion","name":"Creek exclusion zone","acres":0.4,"editable":true,"source":"MAP mesic valley bottoms + 10-yr NDVI persistence + IrrMapper + NWI (V3 rule) + collar shape rules (4 Sep 2026)","strm_type":"Ephemeral","veg_pct":84.4,"pts":5,"enforce":"narrow"},"geometry":{"type":"Polygon","coordinates":[[[-108.729885,42.52512],[-108.729492,42.524366],[-108.729612,42.524317],[-108.729978,42.524673],[-108.730023,42.525097],[-108.729885,42.52512]]]}},{"type":"Feature","properties":{"id":"excl-a-870","kind":"exclusion","name":"Creek exclusion zone","acres":3.1,"editable":true,"source":"MAP mesic valley bottoms + 10-yr NDVI persistence + IrrMapper + NWI (V3 rule) + collar shape rules (4 Sep 2026)","strm_type":"Ephemeral","veg_pct":87.2,"pts":12,"enforce":"ok"},"geometry":{"type":"Polygon","coordinates":[[[-108.727299,42.526707],[-108.726849,42.526526],[-108.726903,42.526407],[-108.727929,42.526523],[-108.729064,42.52625],[-108.728931,42.525667],[-108.727296,42.525411],[-108.727226,42.525289],[-108.727333,42.525177],[-108.728503,42.525234],[-108.729387,42.525751],[-108.72962,42.526507],[-108.727299,42.526707]]]}},{"type":"Feature","properties":{"id":"excl-a-871","kind":"exclusion","name":"Creek exclusion zone","acres":0.7,"editable":true,"source":"MAP mesic valley bottoms + 10-yr NDVI persistence + IrrMapper + NWI (V3 rule) + collar shape rules (4 Sep 2026)","strm_type":"Ephemeral","veg_pct":28.4,"pts":6,"enforce":"narrow"},"geometry":{"type":"Polygon","coordinates":[[[-108.722683,42.666392],[-108.722778,42.66634],[-108.724566,42.666823],[-108.724695,42.666946],[-108.724627,42.667014],[-108.722689,42.666472],[-108.722683,42.666392]]]}},{"type":"Feature","properties":{"id":"excl-a-872","kind":"exclusion","name":"Creek exclusion zone","acres":1.3,"editable":true,"source":"MAP mesic valley bottoms + 10-yr NDVI persistence + IrrMapper + NWI (V3 rule) + collar shape rules (4 Sep 2026)","strm_type":"Ephemeral","veg_pct":94.6,"pts":8,"enforce":"ok"},"geometry":{"type":"Polygon","coordinates":[[[-108.724298,42.652735],[-108.723919,42.652783],[-108.723521,42.652329],[-108.723664,42.652163],[-108.723983,42.652195],[-108.724857,42.651639],[-108.724946,42.651698],[-108.724476,42.652189],[-108.724298,42.652735]]]}},{"type":"Feature","properties":{"id":"excl-a-873","kind":"exclusion","name":"Creek exclusion zone","acres":0.3,"editable":true,"source":"MAP mesic valley bottoms + 10-yr NDVI persistence + IrrMapper + NWI (V3 rule) + collar shape rules (4 Sep 2026)","strm_type":"Intermittent","veg_pct":25.9,"pts":6,"enforce":"ok"},"geometry":{"type":"Polygon","coordinates":[[[-108.721878,42.709168],[-108.721758,42.709112],[-108.721747,42.709028],[-108.722369,42.708766],[-108.72249,42.708852],[-108.722356,42.709045],[-108.721878,42.709168]]]}},{"type":"Feature","properties":{"id":"excl-a-874","kind":"exclusion","name":"Creek exclusion zone","acres":0.2,"editable":true,"source":"MAP mesic valley bottoms + 10-yr NDVI persistence + IrrMapper + NWI (V3 rule) + collar shape rules (4 Sep 2026)","strm_type":"Intermittent","veg_pct":23.5,"pts":5,"enforce":"narrow"},"geometry":{"type":"Polygon","coordinates":[[[-108.722706,42.699143],[-108.722634,42.699036],[-108.722964,42.698761],[-108.723093,42.698821],[-108.722921,42.699131],[-108.722706,42.699143]]]}},{"type":"Feature","properties":{"id":"excl-a-875","kind":"exclusion","name":"Creek exclusion zone","acres":7.0,"editable":true,"source":"MAP mesic valley bottoms + 10-yr NDVI persistence + IrrMapper + NWI (V3 rule) + collar shape rules (4 Sep 2026)","strm_type":"Intermittent","veg_pct":31.4,"pts":9,"enforce":"ok"},"geometry":{"type":"Polygon","coordinates":[[[-108.726031,42.744122],[-108.722459,42.742747],[-108.72191,42.741637],[-108.721991,42.741608],[-108.722838,42.742668],[-108.726796,42.744043],[-108.729415,42.746172],[-108.729281,42.746322],[-108.72865,42.746164],[-108.726031,42.744122]]]}},{"type":"Feature","properties":{"id":"excl-a-876","kind":"exclusion","name":"Creek exclusion zone","acres":1.7,"editable":true,"source":"MAP mesic valley bottoms + 10-yr NDVI persistence + IrrMapper + NWI (V3 rule) + collar shape rules (4 Sep 2026)","strm_type":"Ephemeral","veg_pct":41.3,"pts":6,"enforce":"ok"},"geometry":{"type":"Polygon","coordinates":[[[-108.730155,42.530876],[-108.730053,42.530812],[-108.730819,42.529485],[-108.731515,42.529114],[-108.731655,42.52921],[-108.730348,42.530784],[-108.730155,42.530876]]]}},{"type":"Feature","properties":{"id":"excl-a-877","kind":"exclusion","name":"Creek exclusion zone","acres":5.9,"editable":true,"source":"MAP mesic valley bottoms + 10-yr NDVI persistence + IrrMapper + NWI (V3 rule) + collar shape rules (4 Sep 2026)","strm_type":"Intermittent","veg_pct":31.2,"pts":10,"enforce":"ok"},"geometry":{"type":"Polygon","coordinates":[[[-108.724781,42.776235],[-108.722807,42.777471],[-108.72119,42.780044],[-108.721133,42.780027],[-108.722359,42.777197],[-108.725945,42.775623],[-108.727085,42.774412],[-108.727605,42.774298],[-108.727752,42.774467],[-108.726062,42.775891],[-108.724781,42.776235]]]}},{"type":"Feature","properties":{"id":"excl-a-878","kind":"exclusion","name":"Creek exclusion zone","acres":3.2,"editable":true,"source":"MAP mesic valley bottoms + 10-yr NDVI persistence + IrrMapper + NWI (V3 rule) + collar shape rules (4 Sep 2026)","strm_type":"Intermittent","veg_pct":42.6,"pts":7,"enforce":"ok"},"geometry":{"type":"Polygon","coordinates":[[[-108.725614,42.697398],[-108.724526,42.697815],[-108.724456,42.697741],[-108.725135,42.69729],[-108.729795,42.696384],[-108.729855,42.696485],[-108.728931,42.696917],[-108.725614,42.697398]]]}},{"type":"Feature","properties":{"id":"excl-a-879","kind":"exclusion","name":"Creek exclusion zone","acres":20.1,"editable":true,"source":"MAP mesic valley bottoms + 10-yr NDVI persistence + IrrMapper + NWI (V3 rule) + collar shape rules (4 Sep 2026)","strm_type":"Intermittent","veg_pct":92.3,"pts":26,"enforce":"ok"},"geometry":{"type":"Polygon","coordinates":[[[-108.741154,42.617449],[-108.742077,42.61875],[-108.741328,42.619235],[-108.740319,42.618925],[-108.740514,42.618043],[-108.740105,42.617699],[-108.73774,42.617757],[-108.734802,42.616884],[-108.735194,42.615064],[-108.737383,42.614102],[-108.73755,42.614179],[-108.737531,42.614337],[-108.735428,42.615328],[-108.735313,42.615861],[-108.736412,42.616578],[-108.739498,42.617249],[-108.740256,42.616942],[-108.740007,42.616294],[-108.740326,42.616082],[-108.7409,42.616254],[-108.741308,42.615328],[-108.741324,42.615331],[-108.741301,42.615419],[-108.741402,42.615433],[-108.741463,42.615517],[-108.741392,42.615646],[-108.741154,42.617449]]]}},{"type":"Feature","properties":{"id":"excl-a-880","kind":"exclusion","name":"Creek exclusion zone","acres":1.4,"editable":true,"source":"MAP mesic valley bottoms + 10-yr NDVI persistence + IrrMapper + NWI (V3 rule) + collar shape rules (4 Sep 2026)","strm_type":"Ephemeral","veg_pct":76.6,"pts":10,"enforce":"ok"},"geometry":{"type":"Polygon","coordinates":[[[-108.742778,42.613451],[-108.74305,42.613444],[-108.743192,42.613567],[-108.742065,42.614432],[-108.741621,42.615232],[-108.741521,42.615241],[-108.741461,42.615178],[-108.741521,42.615087],[-108.741422,42.615069],[-108.741631,42.614595],[-108.742778,42.613451]]]}},{"type":"Feature","properties":{"id":"excl-a-881","kind":"exclusion","name":"Creek exclusion zone","acres":22.0,"editable":true,"source":"MAP mesic valley bottoms + 10-yr NDVI persistence + IrrMapper + NWI (V3 rule) + collar shape rules (4 Sep 2026)","strm_type":"Perennial","veg_pct":97.0,"pts":26,"enforce":"ok"},"geometry":{"type":"Polygon","coordinates":[[[-108.732648,42.616837],[-108.734346,42.617732],[-108.734354,42.617922],[-108.734188,42.618021],[-108.732279,42.617021],[-108.732103,42.615737],[-108.731181,42.615557],[-108.730974,42.615716],[-108.730767,42.615654],[-108.730768,42.614994],[-108.729359,42.614898],[-108.729166,42.615194],[-108.728853,42.615173],[-108.728698,42.614761],[-108.727703,42.614745],[-108.727715,42.614151],[-108.729022,42.613883],[-108.729411,42.61328],[-108.729846,42.613274],[-108.730157,42.613714],[-108.733923,42.615623],[-108.734775,42.615248],[-108.735117,42.61542],[-108.734879,42.616529],[-108.73435,42.61675],[-108.732815,42.616294],[-108.732648,42.616837]]]}},{"type":"Feature","properties":{"id":"excl-a-882","kind":"exclusion","name":"Creek exclusion zone","acres":0.5,"editable":true,"source":"MAP mesic valley bottoms + 10-yr NDVI persistence + IrrMapper + NWI (V3 rule) + collar shape rules (4 Sep 2026)","strm_type":"Ephemeral","veg_pct":96.4,"pts":6,"enforce":"narrow"},"geometry":{"type":"Polygon","coordinates":[[[-108.731178,42.525018],[-108.731278,42.524987],[-108.732012,42.525596],[-108.732059,42.525799],[-108.731933,42.52584],[-108.731194,42.525145],[-108.731178,42.525018]]]}},{"type":"Feature","properties":{"id":"excl-a-883","kind":"exclusion","name":"Creek exclusion zone","acres":0.7,"editable":true,"source":"MAP mesic valley bottoms + 10-yr NDVI persistence + IrrMapper + NWI (V3 rule) + collar shape rules (4 Sep 2026)","strm_type":"Perennial","veg_pct":60.0,"pts":6,"enforce":"ok"},"geometry":{"type":"Polygon","coordinates":[[[-108.724655,42.715188],[-108.724468,42.715053],[-108.724569,42.71484],[-108.72551,42.714715],[-108.725615,42.714818],[-108.725527,42.714948],[-108.724655,42.715188]]]}},{"type":"Feature","properties":{"id":"excl-a-884","kind":"exclusion","name":"Creek exclusion zone","acres":0.6,"editable":true,"source":"MAP mesic valley bottoms + 10-yr NDVI persistence + IrrMapper + NWI (V3 rule) + collar shape rules (4 Sep 2026)","strm_type":"Ephemeral","veg_pct":82.5,"pts":6,"enforce":"ok"},"geometry":{"type":"Polygon","coordinates":[[[-108.727808,42.633669],[-108.727776,42.63363],[-108.72892,42.633037],[-108.72957,42.633112],[-108.729568,42.633217],[-108.728765,42.633297],[-108.727808,42.633669]]]}},{"type":"Feature","properties":{"id":"excl-a-885","kind":"exclusion","name":"Creek exclusion zone","acres":1.6,"editable":true,"source":"MAP mesic valley bottoms + 10-yr NDVI persistence + IrrMapper + NWI (V3 rule) + collar shape rules (4 Sep 2026)","strm_type":"Ephemeral","veg_pct":54.9,"pts":6,"enforce":"ok"},"geometry":{"type":"Polygon","coordinates":[[[-108.72856,42.636815],[-108.728592,42.636722],[-108.729855,42.636828],[-108.731208,42.637356],[-108.731165,42.637481],[-108.730799,42.63748],[-108.72856,42.636815]]]}},{"type":"Feature","properties":{"id":"excl-a-886","kind":"exclusion","name":"Creek exclusion zone","acres":0.2,"editable":true,"source":"MAP mesic valley bottoms + 10-yr NDVI persistence + IrrMapper + NWI (V3 rule) + collar shape rules (4 Sep 2026)","strm_type":"Intermittent","veg_pct":90.1,"pts":5,"enforce":"narrow"},"geometry":{"type":"Polygon","coordinates":[[[-108.733839,42.520438],[-108.733801,42.520335],[-108.73431,42.520153],[-108.734405,42.520236],[-108.734238,42.520413],[-108.733839,42.520438]]]}},{"type":"Feature","properties":{"id":"excl-a-887","kind":"exclusion","name":"Creek exclusion zone","acres":13.3,"editable":true,"source":"MAP mesic valley bottoms + 10-yr NDVI persistence + IrrMapper + NWI (V3 rule) + collar shape rules (4 Sep 2026)","strm_type":"Intermittent","veg_pct":89.6,"pts":20,"enforce":"ok"},"geometry":{"type":"Polygon","coordinates":[[[-108.737938,42.640044],[-108.736262,42.641186],[-108.736569,42.641587],[-108.737678,42.641776],[-108.737673,42.641793],[-108.735177,42.641461],[-108.730516,42.644412],[-108.730419,42.645331],[-108.733194,42.647846],[-108.734035,42.649588],[-108.734003,42.649597],[-108.733029,42.647952],[-108.73014,42.645437],[-108.730418,42.644145],[-108.734121,42.641643],[-108.738008,42.639794],[-108.741518,42.638788],[-108.74461,42.637109],[-108.744625,42.637124],[-108.741439,42.639048],[-108.737938,42.640044]]]}},{"type":"Feature","properties":{"id":"excl-a-888","kind":"exclusion","name":"Creek exclusion zone","acres":4.8,"editable":true,"source":"MAP mesic valley bottoms + 10-yr NDVI persistence + IrrMapper + NWI (V3 rule) + collar shape rules (4 Sep 2026)","strm_type":"Ephemeral","veg_pct":81.4,"pts":9,"enforce":"ok"},"geometry":{"type":"Polygon","coordinates":[[[-108.742973,42.639941],[-108.743082,42.640137],[-108.740851,42.641486],[-108.740892,42.641938],[-108.741572,42.642164],[-108.741537,42.642247],[-108.739768,42.642008],[-108.739657,42.641708],[-108.742355,42.639981],[-108.742973,42.639941]]]}},{"type":"Feature","properties":{"id":"excl-a-889","kind":"exclusion","name":"Creek exclusion zone","acres":0.2,"editable":true,"source":"MAP mesic valley bottoms + 10-yr NDVI persistence + IrrMapper + NWI (V3 rule) + collar shape rules (4 Sep 2026)","strm_type":"Ephemeral","veg_pct":97.6,"pts":5,"enforce":"narrow"},"geometry":{"type":"Polygon","coordinates":[[[-108.734944,42.524667],[-108.735053,42.524667],[-108.735169,42.525321],[-108.735064,42.525338],[-108.734887,42.524955],[-108.734944,42.524667]]]}},{"type":"Feature","properties":{"id":"excl-a-890","kind":"exclusion","name":"Creek exclusion zone","acres":0.1,"editable":true,"source":"MAP mesic valley bottoms + 10-yr NDVI persistence + IrrMapper + NWI (V3 rule) + collar shape rules (4 Sep 2026)","strm_type":"Ephemeral","veg_pct":42.1,"pts":5,"enforce":"narrow"},"geometry":{"type":"Polygon","coordinates":[[[-108.731306,42.633239],[-108.731388,42.633171],[-108.731917,42.633195],[-108.73192,42.63326],[-108.731323,42.633312],[-108.731306,42.633239]]]}},{"type":"Feature","properties":{"id":"excl-a-891","kind":"exclusion","name":"Creek exclusion zone","acres":1.0,"editable":true,"source":"MAP mesic valley bottoms + 10-yr NDVI persistence + IrrMapper + NWI (V3 rule) + collar shape rules (4 Sep 2026)","strm_type":"Ephemeral","veg_pct":70.4,"pts":6,"enforce":"ok"},"geometry":{"type":"Polygon","coordinates":[[[-108.732037,42.630966],[-108.732008,42.630896],[-108.733472,42.630442],[-108.734281,42.630417],[-108.734306,42.630515],[-108.733093,42.630813],[-108.732037,42.630966]]]}},{"type":"Feature","properties":{"id":"excl-a-892","kind":"exclusion","name":"Creek exclusion zone","acres":12.1,"editable":true,"source":"MAP mesic valley bottoms + 10-yr NDVI persistence + IrrMapper + NWI (V3 rule) + collar shape rules (4 Sep 2026)","strm_type":"Intermittent","veg_pct":29.6,"pts":19,"enforce":"ok"},"geometry":{"type":"Polygon","coordinates":[[[-108.740069,42.736855],[-108.740546,42.7373],[-108.740438,42.737425],[-108.740138,42.737372],[-108.738621,42.73563],[-108.733484,42.733212],[-108.733377,42.731766],[-108.731713,42.730402],[-108.731744,42.73038],[-108.733559,42.731631],[-108.734164,42.733261],[-108.735505,42.733492],[-108.736268,42.734237],[-108.73837,42.734878],[-108.739348,42.735679],[-108.741504,42.735802],[-108.741579,42.736015],[-108.741356,42.736235],[-108.740189,42.736259],[-108.740069,42.736855]]]}},{"type":"Feature","properties":{"id":"excl-a-893","kind":"exclusion","name":"Creek exclusion zone","acres":2.2,"editable":true,"source":"MAP mesic valley bottoms + 10-yr NDVI persistence + IrrMapper + NWI (V3 rule) + collar shape rules (4 Sep 2026)","strm_type":"Intermittent","veg_pct":26.1,"pts":5,"enforce":"ok"},"geometry":{"type":"Polygon","coordinates":[[[-108.728301,42.728624],[-108.729862,42.728683],[-108.730159,42.729071],[-108.729918,42.729326],[-108.728294,42.729132],[-108.728301,42.728624]]]}},{"type":"Feature","properties":{"id":"excl-a-894","kind":"exclusion","name":"Creek exclusion zone","acres":1.0,"editable":true,"source":"MAP mesic valley bottoms + 10-yr NDVI persistence + IrrMapper + NWI (V3 rule) + collar shape rules (4 Sep 2026)","strm_type":"Ephemeral","veg_pct":70.1,"pts":6,"enforce":"ok"},"geometry":{"type":"Polygon","coordinates":[[[-108.736289,42.522863],[-108.736224,42.522762],[-108.737757,42.521988],[-108.738005,42.521961],[-108.738058,42.522049],[-108.736924,42.522725],[-108.736289,42.522863]]]}},{"type":"Feature","properties":{"id":"excl-a-895","kind":"exclusion","name":"Creek exclusion zone","acres":5.3,"editable":true,"source":"MAP mesic valley bottoms + 10-yr NDVI persistence + IrrMapper + NWI (V3 rule) + collar shape rules (4 Sep 2026)","strm_type":"Ephemeral","veg_pct":72.4,"pts":6,"enforce":"ok"},"geometry":{"type":"Polygon","coordinates":[[[-108.731449,42.657188],[-108.731547,42.657151],[-108.733477,42.659339],[-108.733976,42.660155],[-108.733704,42.660572],[-108.733177,42.660671],[-108.731449,42.657188]]]}},{"type":"Feature","properties":{"id":"excl-a-896","kind":"exclusion","name":"Creek exclusion zone","acres":11.4,"editable":true,"source":"MAP mesic valley bottoms + 10-yr NDVI persistence + IrrMapper + NWI (V3 rule) + collar shape rules (4 Sep 2026)","strm_type":"Intermittent","veg_pct":40.8,"pts":12,"enforce":"ok"},"geometry":{"type":"Polygon","coordinates":[[[-108.73162,42.773445],[-108.73216,42.775443],[-108.727929,42.777852],[-108.727306,42.778904],[-108.727222,42.778883],[-108.727551,42.777835],[-108.730259,42.775955],[-108.731257,42.773664],[-108.733011,42.77136],[-108.733659,42.771496],[-108.73366,42.771689],[-108.733202,42.771786],[-108.73162,42.773445]]]}},{"type":"Feature","properties":{"id":"excl-a-897","kind":"exclusion","name":"Creek exclusion zone","acres":1.4,"editable":true,"source":"MAP mesic valley bottoms + 10-yr NDVI persistence + IrrMapper + NWI (V3 rule) + collar shape rules (4 Sep 2026)","strm_type":"Ephemeral","veg_pct":97.6,"pts":6,"enforce":"narrow"},"geometry":{"type":"Polygon","coordinates":[[[-108.734034,42.593701],[-108.733975,42.593687],[-108.734312,42.592658],[-108.73815,42.589401],[-108.738162,42.589409],[-108.734568,42.592669],[-108.734034,42.593701]]]}},{"type":"Feature","properties":{"id":"excl-a-898","kind":"exclusion","name":"Creek exclusion zone","acres":0.7,"editable":true,"source":"MAP mesic valley bottoms + 10-yr NDVI persistence + IrrMapper + NWI (V3 rule) + collar shape rules (4 Sep 2026)","strm_type":"Intermittent","veg_pct":84.7,"pts":6,"enforce":"ok"},"geometry":{"type":"Polygon","coordinates":[[[-108.742126,42.708986],[-108.742118,42.708846],[-108.742725,42.708682],[-108.743456,42.708774],[-108.743457,42.708902],[-108.742426,42.709047],[-108.742126,42.708986]]]}},{"type":"Feature","properties":{"id":"excl-a-899","kind":"exclusion","name":"Creek exclusion zone","acres":17.3,"editable":true,"source":"MAP mesic valley bottoms + 10-yr NDVI persistence + IrrMapper + NWI (V3 rule) + collar shape rules (4 Sep 2026)","strm_type":"Perennial","veg_pct":82.1,"pts":23,"enforce":"ok"},"geometry":{"type":"Polygon","coordinates":[[[-108.736925,42.709756],[-108.735218,42.711274],[-108.733757,42.711988],[-108.733099,42.713024],[-108.731283,42.714331],[-108.731404,42.714624],[-108.73111,42.714907],[-108.730965,42.714904],[-108.730767,42.714602],[-108.731223,42.714149],[-108.73097,42.71321],[-108.731911,42.713186],[-108.733094,42.711737],[-108.738463,42.708949],[-108.741282,42.706424],[-108.74296,42.703467],[-108.743173,42.700874],[-108.74326,42.700872],[-108.743672,42.703415],[-108.739743,42.708363],[-108.740447,42.708685],[-108.740381,42.708813],[-108.73952,42.708703],[-108.736925,42.709756]]]}},{"type":"Feature","properties":{"id":"excl-a-900","kind":"exclusion","name":"Creek exclusion zone","acres":1.9,"editable":true,"source":"MAP mesic valley bottoms + 10-yr NDVI persistence + IrrMapper + NWI (V3 rule) + collar shape rules (4 Sep 2026)","strm_type":"Ephemeral","veg_pct":89.8,"pts":8,"enforce":"narrow"},"geometry":{"type":"Polygon","coordinates":[[[-108.735239,42.637658],[-108.733307,42.637707],[-108.733304,42.637679],[-108.734974,42.637542],[-108.736996,42.636645],[-108.739372,42.636224],[-108.739382,42.636252],[-108.737369,42.636734],[-108.735239,42.637658]]]}},{"type":"Feature","properties":{"id":"excl-a-901","kind":"exclusion","name":"Creek exclusion zone","acres":5.9,"editable":true,"source":"MAP mesic valley bottoms + 10-yr NDVI persistence + IrrMapper + NWI (V3 rule) + collar shape rules (4 Sep 2026)","strm_type":"Intermittent","veg_pct":97.4,"pts":7,"enforce":"ok"},"geometry":{"type":"Polygon","coordinates":[[[-108.735894,42.593895],[-108.735045,42.59457],[-108.734974,42.59453],[-108.7357,42.593681],[-108.742627,42.590979],[-108.742776,42.591105],[-108.742431,42.591465],[-108.735894,42.593895]]]}},{"type":"Feature","properties":{"id":"excl-a-902","kind":"exclusion","name":"Creek exclusion zone","acres":0.2,"editable":true,"source":"MAP mesic valley bottoms + 10-yr NDVI persistence + IrrMapper + NWI (V3 rule) + collar shape rules (4 Sep 2026)","strm_type":"Intermittent","veg_pct":34.2,"pts":6,"enforce":"narrow"},"geometry":{"type":"Polygon","coordinates":[[[-108.731548,42.695917],[-108.731487,42.695822],[-108.731625,42.695716],[-108.732017,42.695693],[-108.73207,42.695788],[-108.731894,42.695896],[-108.731548,42.695917]]]}},{"type":"Feature","properties":{"id":"excl-a-903","kind":"exclusion","name":"Creek exclusion zone","acres":58.8,"editable":true,"source":"MAP mesic valley bottoms + 10-yr NDVI persistence + IrrMapper + NWI (V3 rule) + collar shape rules (4 Sep 2026)","strm_type":"Other","veg_pct":30.3,"pts":12,"enforce":"ok"},"geometry":{"type":"Polygon","coordinates":[[[-108.745625,42.532446],[-108.744682,42.533217],[-108.74059,42.533224],[-108.738499,42.53418],[-108.737514,42.533835],[-108.74155,42.529509],[-108.744672,42.529418],[-108.745026,42.530101],[-108.747054,42.531294],[-108.748216,42.530795],[-108.748957,42.531082],[-108.748841,42.531721],[-108.745625,42.532446]]]}},{"type":"Feature","properties":{"id":"excl-a-904","kind":"exclusion","name":"Creek exclusion zone","acres":0.3,"editable":true,"source":"MAP mesic valley bottoms + 10-yr NDVI persistence + IrrMapper + NWI (V3 rule) + collar shape rules (4 Sep 2026)","strm_type":"Ephemeral","veg_pct":95.0,"pts":6,"enforce":"narrow"},"geometry":{"type":"Polygon","coordinates":[[[-108.737337,42.550603],[-108.737413,42.550549],[-108.737985,42.550671],[-108.738125,42.550814],[-108.738044,42.550889],[-108.737363,42.550678],[-108.737337,42.550603]]]}},{"type":"Feature","properties":{"id":"excl-a-905","kind":"exclusion","name":"Creek exclusion zone","acres":0.7,"editable":true,"source":"MAP mesic valley bottoms + 10-yr NDVI persistence + IrrMapper + NWI (V3 rule) + collar shape rules (4 Sep 2026)","strm_type":"Ephemeral","veg_pct":95.1,"pts":6,"enforce":"narrow"},"geometry":{"type":"Polygon","coordinates":[[[-108.734426,42.65786],[-108.734436,42.657805],[-108.735693,42.657851],[-108.736751,42.658468],[-108.736707,42.658516],[-108.735514,42.658026],[-108.734426,42.65786]]]}},{"type":"Feature","properties":{"id":"excl-a-906","kind":"exclusion","name":"Creek exclusion zone","acres":2.1,"editable":true,"source":"MAP mesic valley bottoms + 10-yr NDVI persistence + IrrMapper + NWI (V3 rule) + collar shape rules (4 Sep 2026)","strm_type":"Ephemeral","veg_pct":70.7,"pts":6,"enforce":"ok"},"geometry":{"type":"Polygon","coordinates":[[[-108.736386,42.63558],[-108.736342,42.635414],[-108.737906,42.634887],[-108.738415,42.634831],[-108.738547,42.635029],[-108.737717,42.635625],[-108.736386,42.63558]]]}},{"type":"Feature","properties":{"id":"excl-a-907","kind":"exclusion","name":"Creek exclusion zone","acres":0.5,"editable":true,"source":"MAP mesic valley bottoms + 10-yr NDVI persistence + IrrMapper + NWI (V3 rule) + collar shape rules (4 Sep 2026)","strm_type":"Intermittent","veg_pct":85.8,"pts":5,"enforce":"ok"},"geometry":{"type":"Polygon","coordinates":[[[-108.731757,42.75056],[-108.732727,42.750527],[-108.732826,42.750636],[-108.732747,42.750752],[-108.731801,42.75079],[-108.731757,42.75056]]]}},{"type":"Feature","properties":{"id":"excl-a-908","kind":"exclusion","name":"Creek exclusion zone","acres":4.2,"editable":true,"source":"MAP mesic valley bottoms + 10-yr NDVI persistence + IrrMapper + NWI (V3 rule) + collar shape rules (4 Sep 2026)","strm_type":"Intermittent","veg_pct":55.5,"pts":7,"enforce":"ok"},"geometry":{"type":"Polygon","coordinates":[[[-108.734273,42.715304],[-108.734257,42.71521],[-108.735514,42.714973],[-108.737736,42.715194],[-108.748007,42.712619],[-108.748011,42.712626],[-108.737922,42.715341],[-108.734273,42.715304]]]}},{"type":"Feature","properties":{"id":"excl-a-909","kind":"exclusion","name":"Creek exclusion zone","acres":9.6,"editable":true,"source":"MAP mesic valley bottoms + 10-yr NDVI persistence + IrrMapper + NWI (V3 rule) + collar shape rules (4 Sep 2026)","strm_type":"Perennial","veg_pct":60.2,"pts":10,"enforce":"ok"},"geometry":{"type":"Polygon","coordinates":[[[-108.74381,42.524846],[-108.743545,42.524869],[-108.743288,42.524407],[-108.742202,42.524378],[-108.742375,42.522269],[-108.742841,42.522069],[-108.744227,42.522577],[-108.743891,42.523167],[-108.744699,42.523994],[-108.743923,42.524346],[-108.74381,42.524846]]]}},{"type":"Feature","properties":{"id":"excl-a-910","kind":"exclusion","name":"Creek exclusion zone","acres":1.1,"editable":true,"source":"MAP mesic valley bottoms + 10-yr NDVI persistence + IrrMapper + NWI (V3 rule) + collar shape rules (4 Sep 2026)","strm_type":"Intermittent","veg_pct":91.3,"pts":5,"enforce":"ok"},"geometry":{"type":"Polygon","coordinates":[[[-108.735261,42.722111],[-108.735875,42.72194],[-108.736321,42.722132],[-108.736383,42.722431],[-108.735361,42.722555],[-108.735261,42.722111]]]}},{"type":"Feature","properties":{"id":"excl-a-911","kind":"exclusion","name":"Creek exclusion zone","acres":3.5,"editable":true,"source":"MAP mesic valley bottoms + 10-yr NDVI persistence + IrrMapper + NWI (V3 rule) + collar shape rules (4 Sep 2026)","strm_type":"Intermittent","veg_pct":69.4,"pts":9,"enforce":"ok"},"geometry":{"type":"Polygon","coordinates":[[[-108.737092,42.740409],[-108.735138,42.740879],[-108.734916,42.740737],[-108.734976,42.740534],[-108.736731,42.740154],[-108.738573,42.740349],[-108.739945,42.742009],[-108.739888,42.742039],[-108.738259,42.740586],[-108.737092,42.740409]]]}},{"type":"Feature","properties":{"id":"excl-a-912","kind":"exclusion","name":"Creek exclusion zone","acres":2.6,"editable":true,"source":"MAP mesic valley bottoms + 10-yr NDVI persistence + IrrMapper + NWI (V3 rule) + collar shape rules (4 Sep 2026)","strm_type":"Perennial","veg_pct":39.2,"pts":5,"enforce":"ok"},"geometry":{"type":"Polygon","coordinates":[[[-108.743959,42.520804],[-108.743122,42.520476],[-108.743718,42.519251],[-108.744113,42.519318],[-108.744329,42.520616],[-108.743959,42.520804]]]}},{"type":"Feature","properties":{"id":"excl-a-913","kind":"exclusion","name":"Creek exclusion zone","acres":0.9,"editable":true,"source":"MAP mesic valley bottoms + 10-yr NDVI persistence + IrrMapper + NWI (V3 rule) + collar shape rules (4 Sep 2026)","strm_type":"Ephemeral","veg_pct":97.6,"pts":6,"enforce":"ok"},"geometry":{"type":"Polygon","coordinates":[[[-108.743182,42.557207],[-108.743294,42.557145],[-108.743929,42.557614],[-108.745514,42.558212],[-108.745492,42.558249],[-108.743547,42.557705],[-108.743182,42.557207]]]}},{"type":"Feature","properties":{"id":"excl-a-914","kind":"exclusion","name":"Creek exclusion zone","acres":1.8,"editable":true,"source":"MAP mesic valley bottoms + 10-yr NDVI persistence + IrrMapper + NWI (V3 rule) + collar shape rules (4 Sep 2026)","strm_type":"Ephemeral","veg_pct":87.4,"pts":6,"enforce":"ok"},"geometry":{"type":"Polygon","coordinates":[[[-108.739696,42.660286],[-108.73956,42.659951],[-108.740144,42.65951],[-108.740811,42.659398],[-108.741003,42.659611],[-108.740261,42.660377],[-108.739696,42.660286]]]}},{"type":"Feature","properties":{"id":"excl-a-915","kind":"exclusion","name":"Creek exclusion zone","acres":3.8,"editable":true,"source":"MAP mesic valley bottoms + 10-yr NDVI persistence + IrrMapper + NWI (V3 rule) + collar shape rules (4 Sep 2026)","strm_type":"Ephemeral","veg_pct":78.8,"pts":8,"enforce":"ok"},"geometry":{"type":"Polygon","coordinates":[[[-108.744247,42.576767],[-108.744197,42.57668],[-108.746369,42.575732],[-108.746711,42.575868],[-108.746731,42.576145],[-108.748565,42.576774],[-108.748526,42.576863],[-108.745612,42.576489],[-108.744247,42.576767]]]}},{"type":"Feature","properties":{"id":"excl-a-916","kind":"exclusion","name":"Creek exclusion zone","acres":2.5,"editable":true,"source":"MAP mesic valley bottoms + 10-yr NDVI persistence + IrrMapper + NWI (V3 rule) + collar shape rules (4 Sep 2026)","strm_type":"Intermittent","veg_pct":27.8,"pts":7,"enforce":"ok"},"geometry":{"type":"Polygon","coordinates":[[[-108.737326,42.776255],[-108.737216,42.77626],[-108.736903,42.774958],[-108.737826,42.773578],[-108.738872,42.772954],[-108.738952,42.773012],[-108.737455,42.774432],[-108.737326,42.776255]]]}},{"type":"Feature","properties":{"id":"excl-a-917","kind":"exclusion","name":"Creek exclusion zone","acres":0.7,"editable":true,"source":"MAP mesic valley bottoms + 10-yr NDVI persistence + IrrMapper + NWI (V3 rule) + collar shape rules (4 Sep 2026)","strm_type":"Intermittent","veg_pct":32.7,"pts":6,"enforce":"narrow"},"geometry":{"type":"Polygon","coordinates":[[[-108.736781,42.780381],[-108.736738,42.780384],[-108.736526,42.779238],[-108.737093,42.777678],[-108.737128,42.777684],[-108.73671,42.779301],[-108.736781,42.780381]]]}},{"type":"Feature","properties":{"id":"excl-a-918","kind":"exclusion","name":"Creek exclusion zone","acres":0.3,"editable":true,"source":"MAP mesic valley bottoms + 10-yr NDVI persistence + IrrMapper + NWI (V3 rule) + collar shape rules (4 Sep 2026)","strm_type":"Perennial","veg_pct":95.3,"pts":4,"enforce":"ok"},"geometry":{"type":"Polygon","coordinates":[[[-108.743911,42.698786],[-108.744263,42.698613],[-108.744513,42.69889],[-108.744164,42.699067],[-108.743911,42.698786]]]}},{"type":"Feature","properties":{"id":"excl-a-919","kind":"exclusion","name":"Creek exclusion zone","acres":0.2,"editable":true,"source":"MAP mesic valley bottoms + 10-yr NDVI persistence + IrrMapper + NWI (V3 rule) + collar shape rules (4 Sep 2026)","strm_type":"Perennial","veg_pct":95.3,"pts":4,"enforce":"narrow"},"geometry":{"type":"Polygon","coordinates":[[[-108.744263,42.698613],[-108.74444,42.698527],[-108.744687,42.698802],[-108.744513,42.69889],[-108.744263,42.698613]]]}},{"type":"Feature","properties":{"id":"excl-a-920","kind":"exclusion","name":"Creek exclusion zone","acres":0.1,"editable":true,"source":"MAP mesic valley bottoms + 10-yr NDVI persistence + IrrMapper + NWI (V3 rule) + collar shape rules (4 Sep 2026)","strm_type":"Perennial","veg_pct":95.6,"pts":6,"enforce":"narrow"},"geometry":{"type":"Polygon","coordinates":[[[-108.744687,42.698802],[-108.74444,42.698527],[-108.744528,42.698483],[-108.74465,42.69862],[-108.744891,42.698617],[-108.744773,42.698756],[-108.744687,42.698802]]]}},{"type":"Feature","properties":{"id":"excl-a-921","kind":"exclusion","name":"Creek exclusion zone","acres":0.3,"editable":true,"source":"MAP mesic valley bottoms + 10-yr NDVI persistence + IrrMapper + NWI (V3 rule) + collar shape rules (4 Sep 2026)","strm_type":"Perennial","veg_pct":97.6,"pts":5,"enforce":"ok"},"geometry":{"type":"Polygon","coordinates":[[[-108.767321,42.684995],[-108.767106,42.685138],[-108.766915,42.6851],[-108.766859,42.68485],[-108.767277,42.684798],[-108.767321,42.684995]]]}},{"type":"Feature","properties":{"id":"excl-a-922","kind":"exclusion","name":"Creek exclusion zone","acres":7.6,"editable":true,"source":"MAP mesic valley bottoms + 10-yr NDVI persistence + IrrMapper + NWI (V3 rule) + collar shape rules (4 Sep 2026)","strm_type":"Perennial","veg_pct":97.4,"pts":21,"enforce":"ok"},"geometry":{"type":"Polygon","coordinates":[[[-108.762084,42.684973],[-108.76491,42.684334],[-108.765436,42.683965],[-108.765583,42.684079],[-108.765715,42.68407],[-108.765774,42.684143],[-108.765532,42.684419],[-108.766441,42.684902],[-108.766545,42.684889],[-108.766561,42.684958],[-108.766485,42.685009],[-108.764475,42.684605],[-108.761932,42.685327],[-108.760029,42.686311],[-108.758562,42.689415],[-108.755837,42.691898],[-108.75573,42.691895],[-108.755678,42.691894],[-108.755657,42.691862],[-108.758376,42.689235],[-108.760139,42.685902],[-108.762084,42.684973]]]}},{"type":"Feature","properties":{"id":"excl-a-923","kind":"exclusion","name":"Creek exclusion zone","acres":13.1,"editable":true,"source":"MAP mesic valley bottoms + 10-yr NDVI persistence + IrrMapper + NWI (V3 rule) + collar shape rules (4 Sep 2026)","strm_type":"Perennial","veg_pct":92.3,"pts":27,"enforce":"ok"},"geometry":{"type":"Polygon","coordinates":[[[-108.75399,42.693987],[-108.753006,42.69375],[-108.751597,42.694249],[-108.748468,42.696455],[-108.745872,42.697467],[-108.744891,42.698617],[-108.74465,42.69862],[-108.744528,42.698483],[-108.744616,42.69844],[-108.745131,42.697728],[-108.745114,42.695867],[-108.744215,42.694877],[-108.744029,42.693868],[-108.744249,42.693133],[-108.74451,42.693173],[-108.744223,42.694178],[-108.745317,42.695795],[-108.745248,42.696764],[-108.745676,42.697225],[-108.748139,42.696282],[-108.751063,42.694234],[-108.755148,42.692355],[-108.755626,42.691893],[-108.75573,42.691895],[-108.755781,42.691949],[-108.754102,42.693479],[-108.754255,42.693783],[-108.75399,42.693987]]]}},{"type":"Feature","properties":{"id":"excl-a-924","kind":"exclusion","name":"Creek exclusion zone","acres":14.3,"editable":true,"source":"MAP mesic valley bottoms + 10-yr NDVI persistence + IrrMapper + NWI (V3 rule) + collar shape rules (4 Sep 2026)","strm_type":"Perennial","veg_pct":97.6,"pts":19,"enforce":"ok"},"geometry":{"type":"Polygon","coordinates":[[[-108.771116,42.681782],[-108.770227,42.683212],[-108.768874,42.684466],[-108.76901,42.684904],[-108.770753,42.685528],[-108.772633,42.685258],[-108.77458,42.683218],[-108.775424,42.681222],[-108.775765,42.681208],[-108.776134,42.68183],[-108.773385,42.685245],[-108.771622,42.685711],[-108.769501,42.685624],[-108.767246,42.685166],[-108.767213,42.685066],[-108.767321,42.684995],[-108.767277,42.684798],[-108.768112,42.684695],[-108.771032,42.681746],[-108.771116,42.681782]]]}},{"type":"Feature","properties":{"id":"excl-a-925","kind":"exclusion","name":"Creek exclusion zone","acres":7.6,"editable":true,"source":"MAP mesic valley bottoms + 10-yr NDVI persistence + IrrMapper + NWI (V3 rule) + collar shape rules (4 Sep 2026)","strm_type":"Perennial","veg_pct":97.6,"pts":20,"enforce":"ok"},"geometry":{"type":"Polygon","coordinates":[[[-108.768293,42.678056],[-108.768026,42.678332],[-108.76875,42.679336],[-108.768819,42.680465],[-108.766815,42.681991],[-108.766433,42.683393],[-108.765846,42.684061],[-108.765583,42.684079],[-108.765436,42.683965],[-108.765962,42.683596],[-108.76653,42.681916],[-108.768655,42.680197],[-108.767545,42.678314],[-108.769123,42.677103],[-108.770306,42.676796],[-108.770426,42.676857],[-108.770431,42.676946],[-108.770669,42.676941],[-108.770685,42.676999],[-108.769717,42.677273],[-108.768293,42.678056]]]}},{"type":"Feature","properties":{"id":"excl-a-926","kind":"exclusion","name":"Creek exclusion zone","acres":3.6,"editable":true,"source":"MAP mesic valley bottoms + 10-yr NDVI persistence + IrrMapper + NWI (V3 rule) + collar shape rules (4 Sep 2026)","strm_type":"Perennial","veg_pct":96.9,"pts":17,"enforce":"ok"},"geometry":{"type":"Polygon","coordinates":[[[-108.774403,42.676153],[-108.774379,42.675974],[-108.773621,42.676029],[-108.773596,42.675945],[-108.774475,42.675718],[-108.777604,42.675804],[-108.779972,42.675345],[-108.780263,42.675462],[-108.780256,42.67555],[-108.780241,42.67555],[-108.780233,42.675459],[-108.78007,42.675467],[-108.779079,42.675621],[-108.778114,42.675939],[-108.777645,42.675962],[-108.77766,42.676142],[-108.775049,42.676048],[-108.774403,42.676153]]]}},{"type":"Feature","properties":{"id":"excl-a-927","kind":"exclusion","name":"Creek exclusion zone","acres":0.1,"editable":true,"source":"MAP mesic valley bottoms + 10-yr NDVI persistence + IrrMapper + NWI (V3 rule) + collar shape rules (4 Sep 2026)","strm_type":"Perennial","veg_pct":97.6,"pts":6,"enforce":"narrow"},"geometry":{"type":"Polygon","coordinates":[[[-108.770844,42.676764],[-108.770749,42.676879],[-108.770656,42.676895],[-108.7705,42.676825],[-108.770481,42.676751],[-108.77079,42.676671],[-108.770844,42.676764]]]}},{"type":"Feature","properties":{"id":"excl-a-928","kind":"exclusion","name":"Creek exclusion zone","acres":0.7,"editable":true,"source":"MAP mesic valley bottoms + 10-yr NDVI persistence + IrrMapper + NWI (V3 rule) + collar shape rules (4 Sep 2026)","strm_type":"Perennial","veg_pct":91.0,"pts":5,"enforce":"ok"},"geometry":{"type":"Polygon","coordinates":[[[-108.743203,42.699343],[-108.743206,42.699131],[-108.743911,42.698786],[-108.744164,42.699067],[-108.743436,42.699436],[-108.743203,42.699343]]]}},{"type":"Feature","properties":{"id":"excl-a-929","kind":"exclusion","name":"Creek exclusion zone","acres":0.3,"editable":true,"source":"MAP mesic valley bottoms + 10-yr NDVI persistence + IrrMapper + NWI (V3 rule) + collar shape rules (4 Sep 2026)","strm_type":"Perennial","veg_pct":61.7,"pts":4,"enforce":"narrow"},"geometry":{"type":"Polygon","coordinates":[[[-108.744249,42.693133],[-108.7444,42.692631],[-108.744654,42.692671],[-108.74451,42.693173],[-108.744249,42.693133]]]}},{"type":"Feature","properties":{"id":"excl-a-930","kind":"exclusion","name":"Creek exclusion zone","acres":0.1,"editable":true,"source":"MAP mesic valley bottoms + 10-yr NDVI persistence + IrrMapper + NWI (V3 rule) + collar shape rules (4 Sep 2026)","strm_type":"Perennial","veg_pct":67.8,"pts":4,"enforce":"narrow"},"geometry":{"type":"Polygon","coordinates":[[[-108.7444,42.692631],[-108.744475,42.69238],[-108.744725,42.692419],[-108.744654,42.692671],[-108.7444,42.692631]]]}},{"type":"Feature","properties":{"id":"excl-a-931","kind":"exclusion","name":"Creek exclusion zone","acres":1.1,"editable":true,"source":"MAP mesic valley bottoms + 10-yr NDVI persistence + IrrMapper + NWI (V3 rule) + collar shape rules (4 Sep 2026)","strm_type":"Intermittent","veg_pct":95.3,"pts":4,"enforce":"ok"},"geometry":{"type":"Polygon","coordinates":[[[-108.747832,42.675315],[-108.74747,42.675949],[-108.746832,42.675751],[-108.747139,42.675099],[-108.747832,42.675315]]]}},{"type":"Feature","properties":{"id":"excl-a-932","kind":"exclusion","name":"Creek exclusion zone","acres":0.5,"editable":true,"source":"MAP mesic valley bottoms + 10-yr NDVI persistence + IrrMapper + NWI (V3 rule) + collar shape rules (4 Sep 2026)","strm_type":"Intermittent","veg_pct":94.9,"pts":4,"enforce":"ok"},"geometry":{"type":"Polygon","coordinates":[[[-108.74747,42.675949],[-108.747289,42.676266],[-108.746679,42.676077],[-108.746832,42.675751],[-108.74747,42.675949]]]}},{"type":"Feature","properties":{"id":"excl-a-933","kind":"exclusion","name":"Creek exclusion zone","acres":0.2,"editable":true,"source":"MAP mesic valley bottoms + 10-yr NDVI persistence + IrrMapper + NWI (V3 rule) + collar shape rules (4 Sep 2026)","strm_type":"Intermittent","veg_pct":38.6,"pts":4,"enforce":"ok"},"geometry":{"type":"Polygon","coordinates":[[[-108.751645,42.688262],[-108.751469,42.688565],[-108.751179,42.688506],[-108.751297,42.68819],[-108.751645,42.688262]]]}},{"type":"Feature","properties":{"id":"excl-a-934","kind":"exclusion","name":"Creek exclusion zone","acres":0.1,"editable":true,"source":"MAP mesic valley bottoms + 10-yr NDVI persistence + IrrMapper + NWI (V3 rule) + collar shape rules (4 Sep 2026)","strm_type":"Intermittent","veg_pct":30.7,"pts":4,"enforce":"narrow"},"geometry":{"type":"Polygon","coordinates":[[[-108.751469,42.688565],[-108.751381,42.688717],[-108.751119,42.688663],[-108.751179,42.688506],[-108.751469,42.688565]]]}},{"type":"Feature","properties":{"id":"excl-a-935","kind":"exclusion","name":"Creek exclusion zone","acres":8.4,"editable":true,"source":"MAP mesic valley bottoms + 10-yr NDVI persistence + IrrMapper + NWI (V3 rule) + collar shape rules (4 Sep 2026)","strm_type":"Perennial","veg_pct":73.7,"pts":17,"enforce":"ok"},"geometry":{"type":"Polygon","coordinates":[[[-108.746432,42.688594],[-108.74558,42.691288],[-108.746425,42.691353],[-108.749845,42.689863],[-108.75106,42.688821],[-108.75109,42.688742],[-108.751337,42.688793],[-108.750874,42.689592],[-108.744797,42.692168],[-108.744779,42.692231],[-108.744531,42.692192],[-108.744586,42.692007],[-108.746159,42.689407],[-108.745696,42.686263],[-108.746803,42.683443],[-108.74691,42.683466],[-108.745877,42.686216],[-108.746432,42.688594]]]}},{"type":"Feature","properties":{"id":"excl-a-936","kind":"exclusion","name":"Creek exclusion zone","acres":9.2,"editable":true,"source":"MAP mesic valley bottoms + 10-yr NDVI persistence + IrrMapper + NWI (V3 rule) + collar shape rules (4 Sep 2026)","strm_type":"Intermittent","veg_pct":97.4,"pts":18,"enforce":"ok"},"geometry":{"type":"Polygon","coordinates":[[[-108.746931,42.676858],[-108.745411,42.676424],[-108.742004,42.677193],[-108.74165,42.677062],[-108.741683,42.676866],[-108.745221,42.676274],[-108.746525,42.676404],[-108.746679,42.676077],[-108.747289,42.676266],[-108.747107,42.676584],[-108.748355,42.681212],[-108.750431,42.681375],[-108.750428,42.681418],[-108.748319,42.681439],[-108.747165,42.682786],[-108.74691,42.683466],[-108.746803,42.683443],[-108.747911,42.680622],[-108.746931,42.676858]]]}},{"type":"Feature","properties":{"id":"excl-a-937","kind":"exclusion","name":"Creek exclusion zone","acres":0.8,"editable":true,"source":"MAP mesic valley bottoms + 10-yr NDVI persistence + IrrMapper + NWI (V3 rule) + collar shape rules (4 Sep 2026)","strm_type":"Intermittent","veg_pct":52.2,"pts":5,"enforce":"ok"},"geometry":{"type":"Polygon","coordinates":[[[-108.7519,42.687375],[-108.752091,42.687491],[-108.751645,42.688262],[-108.751297,42.68819],[-108.751534,42.68756],[-108.7519,42.687375]]]}},{"type":"Feature","properties":{"id":"excl-a-938","kind":"exclusion","name":"Creek exclusion zone","acres":5.1,"editable":true,"source":"MAP mesic valley bottoms + 10-yr NDVI persistence + IrrMapper + NWI (V3 rule) + collar shape rules (4 Sep 2026)","strm_type":"Intermittent","veg_pct":96.6,"pts":10,"enforce":"ok"},"geometry":{"type":"Polygon","coordinates":[[[-108.748557,42.674046],[-108.747832,42.675315],[-108.747139,42.675099],[-108.748284,42.672666],[-108.749151,42.672545],[-108.749205,42.672604],[-108.749139,42.67268],[-108.749497,42.672855],[-108.749436,42.673101],[-108.748444,42.673267],[-108.748557,42.674046]]]}},{"type":"Feature","properties":{"id":"excl-a-939","kind":"exclusion","name":"Creek exclusion zone","acres":10.6,"editable":true,"source":"MAP mesic valley bottoms + 10-yr NDVI persistence + IrrMapper + NWI (V3 rule) + collar shape rules (4 Sep 2026)","strm_type":"Perennial","veg_pct":96.5,"pts":14,"enforce":"ok"},"geometry":{"type":"Polygon","coordinates":[[[-108.768605,42.522918],[-108.770169,42.523515],[-108.778306,42.52375],[-108.780684,42.524605],[-108.780737,42.52495],[-108.780396,42.525153],[-108.780378,42.525563],[-108.780139,42.525602],[-108.779552,42.524756],[-108.777432,42.523835],[-108.773988,42.524025],[-108.767195,42.523297],[-108.76713,42.523187],[-108.767285,42.523061],[-108.768605,42.522918]]]}},{"type":"Feature","properties":{"id":"excl-a-940","kind":"exclusion","name":"Creek exclusion zone","acres":0.7,"editable":true,"source":"MAP mesic valley bottoms + 10-yr NDVI persistence + IrrMapper + NWI (V3 rule) + collar shape rules (4 Sep 2026)","strm_type":"Ephemeral","veg_pct":99.9,"pts":7,"enforce":"ok"},"geometry":{"type":"Polygon","coordinates":[[[-108.765636,42.521158],[-108.765666,42.521286],[-108.764588,42.521423],[-108.764224,42.521808],[-108.764001,42.521693],[-108.76403,42.521503],[-108.765444,42.521078],[-108.765636,42.521158]]]}},{"type":"Feature","properties":{"id":"excl-a-941","kind":"exclusion","name":"Creek exclusion zone","acres":14.4,"editable":true,"source":"MAP mesic valley bottoms + 10-yr NDVI persistence + IrrMapper + NWI (V3 rule) + collar shape rules (4 Sep 2026)","strm_type":"Perennial","veg_pct":96.7,"pts":27,"enforce":"ok"},"geometry":{"type":"Polygon","coordinates":[[[-108.762741,42.52189],[-108.76391,42.521539],[-108.764016,42.521598],[-108.764001,42.521693],[-108.764224,42.521808],[-108.763861,42.522194],[-108.764533,42.52273],[-108.765537,42.522548],[-108.767171,42.523055],[-108.767195,42.523135],[-108.767115,42.523297],[-108.765346,42.523302],[-108.764654,42.523651],[-108.764588,42.524089],[-108.765414,42.52458],[-108.765214,42.524742],[-108.764157,42.524124],[-108.764073,42.523065],[-108.762617,42.522343],[-108.761648,42.52245],[-108.760268,42.521709],[-108.758867,42.521619],[-108.75782,42.521967],[-108.757515,42.521786],[-108.757603,42.521474],[-108.757771,42.52143],[-108.760251,42.521342],[-108.762741,42.52189]]]}},{"type":"Feature","properties":{"id":"excl-a-942","kind":"exclusion","name":"Creek exclusion zone","acres":12.9,"editable":true,"source":"MAP mesic valley bottoms + 10-yr NDVI persistence + IrrMapper + NWI (V3 rule) + collar shape rules (4 Sep 2026)","strm_type":"Perennial","veg_pct":99.9,"pts":12,"enforce":"ok"},"geometry":{"type":"Polygon","coordinates":[[[-108.748036,42.519735],[-108.748212,42.519673],[-108.750123,42.52069],[-108.751031,42.522009],[-108.753903,42.522442],[-108.757197,42.52158],[-108.757515,42.521786],[-108.757667,42.521876],[-108.757641,42.522026],[-108.755249,42.52282],[-108.750925,42.522543],[-108.747985,42.519907],[-108.748036,42.519735]]]}},{"type":"Feature","properties":{"id":"excl-a-943","kind":"exclusion","name":"Creek exclusion zone","acres":2.3,"editable":true,"source":"MAP mesic valley bottoms + 10-yr NDVI persistence + IrrMapper + NWI (V3 rule) + collar shape rules (4 Sep 2026)","strm_type":"Ephemeral","veg_pct":86.8,"pts":7,"enforce":"ok"},"geometry":{"type":"Polygon","coordinates":[[[-108.765666,42.521286],[-108.765636,42.521158],[-108.76554,42.521118],[-108.765546,42.521048],[-108.768981,42.520016],[-108.769022,42.520074],[-108.766744,42.521149],[-108.765666,42.521286]]]}},{"type":"Feature","properties":{"id":"excl-a-944","kind":"exclusion","name":"Creek exclusion zone","acres":4.7,"editable":true,"source":"MAP mesic valley bottoms + 10-yr NDVI persistence + IrrMapper + NWI (V3 rule) + collar shape rules (4 Sep 2026)","strm_type":"Intermittent","veg_pct":92.1,"pts":19,"enforce":"ok"},"geometry":{"type":"Polygon","coordinates":[[[-108.769826,42.529026],[-108.769902,42.52952],[-108.771305,42.529799],[-108.771343,42.52999],[-108.771064,42.530118],[-108.769407,42.529664],[-108.768279,42.529875],[-108.768302,42.529959],[-108.767281,42.530117],[-108.767255,42.530209],[-108.767126,42.530246],[-108.767022,42.53019],[-108.767034,42.52993],[-108.768162,42.529415],[-108.768995,42.52923],[-108.768972,42.529045],[-108.768934,42.528742],[-108.769323,42.528885],[-108.769372,42.528863],[-108.769826,42.529026]]]}},{"type":"Feature","properties":{"id":"excl-a-945","kind":"exclusion","name":"Creek exclusion zone","acres":2.8,"editable":true,"source":"MAP mesic valley bottoms + 10-yr NDVI persistence + IrrMapper + NWI (V3 rule) + collar shape rules (4 Sep 2026)","strm_type":"Intermittent","veg_pct":93.9,"pts":24,"enforce":"ok"},"geometry":{"type":"Polygon","coordinates":[[[-108.769372,42.528863],[-108.769323,42.528885],[-108.768934,42.528742],[-108.768895,42.528438],[-108.768959,42.528415],[-108.769032,42.528464],[-108.769075,42.528429],[-108.768992,42.528313],[-108.769018,42.528246],[-108.769179,42.528181],[-108.769314,42.528236],[-108.76936,42.528198],[-108.768913,42.527866],[-108.768822,42.527926],[-108.768668,42.527908],[-108.768493,42.527694],[-108.768546,42.527589],[-108.768662,42.527562],[-108.768494,42.527237],[-108.76899,42.52702],[-108.769695,42.528176],[-108.769772,42.528681],[-108.769826,42.529026],[-108.769372,42.528863]]]}},{"type":"Feature","properties":{"id":"excl-a-946","kind":"exclusion","name":"Creek exclusion zone","acres":0.2,"editable":true,"source":"MAP mesic valley bottoms + 10-yr NDVI persistence + IrrMapper + NWI (V3 rule) + collar shape rules (4 Sep 2026)","strm_type":"Ephemeral","veg_pct":88.0,"pts":10,"enforce":"narrow"},"geometry":{"type":"Polygon","coordinates":[[[-108.767075,42.529912],[-108.76708,42.529908],[-108.7672,42.529853],[-108.76718,42.529834],[-108.76728,42.529761],[-108.767182,42.529707],[-108.767201,42.529627],[-108.767696,42.529518],[-108.767748,42.529604],[-108.767075,42.529912]]]}},{"type":"Feature","properties":{"id":"excl-a-947","kind":"exclusion","name":"Creek exclusion zone","acres":0.2,"editable":true,"source":"MAP mesic valley bottoms + 10-yr NDVI persistence + IrrMapper + NWI (V3 rule) + collar shape rules (4 Sep 2026)","strm_type":"Intermittent","veg_pct":97.7,"pts":4,"enforce":"narrow"},"geometry":{"type":"Polygon","coordinates":[[[-108.769372,42.528863],[-108.769772,42.528681],[-108.769826,42.529026],[-108.769372,42.528863]]]}},{"type":"Feature","properties":{"id":"excl-a-948","kind":"exclusion","name":"Creek exclusion zone","acres":0.3,"editable":true,"source":"MAP mesic valley bottoms + 10-yr NDVI persistence + IrrMapper + NWI (V3 rule) + collar shape rules (4 Sep 2026)","strm_type":"Ephemeral","veg_pct":84.3,"pts":7,"enforce":"narrow"},"geometry":{"type":"Polygon","coordinates":[[[-108.768326,42.530043],[-108.767563,42.530161],[-108.767523,42.530299],[-108.767329,42.530354],[-108.767229,42.5303],[-108.767281,42.530117],[-108.768302,42.529959],[-108.768326,42.530043]]]}},{"type":"Feature","properties":{"id":"excl-a-949","kind":"exclusion","name":"Creek exclusion zone","acres":7.0,"editable":true,"source":"MAP mesic valley bottoms + 10-yr NDVI persistence + IrrMapper + NWI (V3 rule) + collar shape rules (4 Sep 2026)","strm_type":"Intermittent","veg_pct":90.2,"pts":12,"enforce":"ok"},"geometry":{"type":"Polygon","coordinates":[[[-108.768146,42.526953],[-108.768078,42.527028],[-108.767948,42.527026],[-108.767843,42.526897],[-108.766033,42.526438],[-108.765817,42.52601],[-108.76631,42.525383],[-108.765214,42.524742],[-108.765414,42.52458],[-108.768691,42.52653],[-108.76899,42.52702],[-108.768494,42.527237],[-108.768146,42.526953]]]}},{"type":"Feature","properties":{"id":"excl-a-950","kind":"exclusion","name":"Creek exclusion zone","acres":0.4,"editable":true,"source":"MAP mesic valley bottoms + 10-yr NDVI persistence + IrrMapper + NWI (V3 rule) + collar shape rules (4 Sep 2026)","strm_type":"Ephemeral","veg_pct":84.3,"pts":7,"enforce":"narrow"},"geometry":{"type":"Polygon","coordinates":[[[-108.768374,42.530211],[-108.767664,42.530321],[-108.767627,42.530447],[-108.767547,42.53047],[-108.767484,42.530436],[-108.767563,42.530161],[-108.768326,42.530043],[-108.768374,42.530211]]]}},{"type":"Feature","properties":{"id":"excl-a-951","kind":"exclusion","name":"Creek exclusion zone","acres":0.6,"editable":true,"source":"MAP mesic valley bottoms + 10-yr NDVI persistence + IrrMapper + NWI (V3 rule) + collar shape rules (4 Sep 2026)","strm_type":"Ephemeral","veg_pct":87.7,"pts":5,"enforce":"ok"},"geometry":{"type":"Polygon","coordinates":[[[-108.768469,42.530547],[-108.767866,42.53064],[-108.767611,42.530504],[-108.767664,42.530321],[-108.768374,42.530211],[-108.768469,42.530547]]]}},{"type":"Feature","properties":{"id":"excl-a-952","kind":"exclusion","name":"Creek exclusion zone","acres":0.5,"editable":true,"source":"MAP mesic valley bottoms + 10-yr NDVI persistence + IrrMapper + NWI (V3 rule) + collar shape rules (4 Sep 2026)","strm_type":"Ephemeral","veg_pct":98.5,"pts":5,"enforce":"ok"},"geometry":{"type":"Polygon","coordinates":[[[-108.768659,42.531218],[-108.768533,42.531276],[-108.768055,42.53082],[-108.768167,42.530593],[-108.768469,42.530547],[-108.768659,42.531218]]]}},{"type":"Feature","properties":{"id":"excl-a-953","kind":"exclusion","name":"Creek exclusion zone","acres":0.3,"editable":true,"source":"MAP mesic valley bottoms + 10-yr NDVI persistence + IrrMapper + NWI (V3 rule) + collar shape rules (4 Sep 2026)","strm_type":"Ephemeral","veg_pct":99.2,"pts":4,"enforce":"narrow"},"geometry":{"type":"Polygon","coordinates":[[[-108.769943,42.532664],[-108.769923,42.532674],[-108.768533,42.531276],[-108.768659,42.531218],[-108.769943,42.532664]]]}},{"type":"Feature","properties":{"id":"excl-a-954","kind":"exclusion","name":"Creek exclusion zone","acres":9.7,"editable":true,"source":"MAP mesic valley bottoms + 10-yr NDVI persistence + IrrMapper + NWI (V3 rule) + collar shape rules (4 Sep 2026)","strm_type":"Intermittent","veg_pct":97.8,"pts":14,"enforce":"ok"},"geometry":{"type":"Polygon","coordinates":[[[-108.772471,42.531139],[-108.773502,42.531909],[-108.774697,42.535414],[-108.774055,42.536519],[-108.772959,42.537374],[-108.772837,42.537311],[-108.774114,42.535365],[-108.773465,42.532783],[-108.772207,42.531618],[-108.771572,42.530257],[-108.771318,42.530187],[-108.771294,42.530012],[-108.771623,42.529862],[-108.772196,42.529976],[-108.772471,42.531139]]]}},{"type":"Feature","properties":{"id":"excl-a-955","kind":"exclusion","name":"Creek exclusion zone","acres":4.1,"editable":true,"source":"MAP mesic valley bottoms + 10-yr NDVI persistence + IrrMapper + NWI (V3 rule) + collar shape rules (4 Sep 2026)","strm_type":"Ephemeral","veg_pct":94.2,"pts":10,"enforce":"ok"},"geometry":{"type":"Polygon","coordinates":[[[-108.747517,42.648242],[-108.747076,42.648304],[-108.745097,42.646442],[-108.745139,42.646414],[-108.746557,42.647472],[-108.747232,42.647568],[-108.748111,42.646464],[-108.749197,42.642627],[-108.749216,42.64263],[-108.748468,42.64591],[-108.747517,42.648242]]]}},{"type":"Feature","properties":{"id":"excl-a-956","kind":"exclusion","name":"Creek exclusion zone","acres":2.8,"editable":true,"source":"MAP mesic valley bottoms + 10-yr NDVI persistence + IrrMapper + NWI (V3 rule) + collar shape rules (4 Sep 2026)","strm_type":"Intermittent","veg_pct":24.5,"pts":6,"enforce":"ok"},"geometry":{"type":"Polygon","coordinates":[[[-108.742339,42.722944],[-108.742506,42.722587],[-108.74416,42.722802],[-108.74704,42.72238],[-108.747108,42.72261],[-108.743271,42.723116],[-108.742339,42.722944]]]}},{"type":"Feature","properties":{"id":"excl-a-957","kind":"exclusion","name":"Creek exclusion zone","acres":2.8,"editable":true,"source":"MAP mesic valley bottoms + 10-yr NDVI persistence + IrrMapper + NWI (V3 rule) + collar shape rules (4 Sep 2026)","strm_type":"Intermittent","veg_pct":50.6,"pts":7,"enforce":"ok"},"geometry":{"type":"Polygon","coordinates":[[[-108.742446,42.721512],[-108.742567,42.721369],[-108.744816,42.721537],[-108.746003,42.721163],[-108.746057,42.721233],[-108.744564,42.722036],[-108.742548,42.721693],[-108.742446,42.721512]]]}},{"type":"Feature","properties":{"id":"excl-a-958","kind":"exclusion","name":"Creek exclusion zone","acres":0.3,"editable":true,"source":"MAP mesic valley bottoms + 10-yr NDVI persistence + IrrMapper + NWI (V3 rule) + collar shape rules (4 Sep 2026)","strm_type":"Intermittent","veg_pct":35.2,"pts":5,"enforce":"narrow"},"geometry":{"type":"Polygon","coordinates":[[[-108.740478,42.779985],[-108.740375,42.779921],[-108.740771,42.779308],[-108.740868,42.779333],[-108.740693,42.779874],[-108.740478,42.779985]]]}},{"type":"Feature","properties":{"id":"excl-a-959","kind":"exclusion","name":"Creek exclusion zone","acres":3.7,"editable":true,"source":"MAP mesic valley bottoms + 10-yr NDVI persistence + IrrMapper + NWI (V3 rule) + collar shape rules (4 Sep 2026)","strm_type":"Intermittent","veg_pct":25.9,"pts":6,"enforce":"ok"},"geometry":{"type":"Polygon","coordinates":[[[-108.742665,42.736169],[-108.742868,42.736051],[-108.744033,42.736271],[-108.748159,42.73807],[-108.748133,42.738108],[-108.742668,42.736325],[-108.742665,42.736169]]]}},{"type":"Feature","properties":{"id":"excl-a-960","kind":"exclusion","name":"Creek exclusion zone","acres":0.4,"editable":true,"source":"MAP mesic valley bottoms + 10-yr NDVI persistence + IrrMapper + NWI (V3 rule) + collar shape rules (4 Sep 2026)","strm_type":"Intermittent","veg_pct":36.5,"pts":5,"enforce":"narrow"},"geometry":{"type":"Polygon","coordinates":[[[-108.741526,42.775569],[-108.741527,42.775058],[-108.741864,42.77451],[-108.741947,42.774532],[-108.741622,42.775576],[-108.741526,42.775569]]]}},{"type":"Feature","properties":{"id":"excl-a-961","kind":"exclusion","name":"Creek exclusion zone","acres":1.7,"editable":true,"source":"MAP mesic valley bottoms + 10-yr NDVI persistence + IrrMapper + NWI (V3 rule) + collar shape rules (4 Sep 2026)","strm_type":"Ephemeral","veg_pct":88.9,"pts":5,"enforce":"ok"},"geometry":{"type":"Polygon","coordinates":[[[-108.747356,42.655497],[-108.747295,42.6554],[-108.750134,42.654008],[-108.750186,42.654056],[-108.748471,42.655251],[-108.747356,42.655497]]]}},{"type":"Feature","properties":{"id":"excl-a-962","kind":"exclusion","name":"Creek exclusion zone","acres":0.3,"editable":true,"source":"MAP mesic valley bottoms + 10-yr NDVI persistence + IrrMapper + NWI (V3 rule) + collar shape rules (4 Sep 2026)","strm_type":"Ephemeral","veg_pct":93.6,"pts":5,"enforce":"narrow"},"geometry":{"type":"Polygon","coordinates":[[[-108.746802,42.666165],[-108.746917,42.666144],[-108.747324,42.666768],[-108.747245,42.666803],[-108.74681,42.666373],[-108.746802,42.666165]]]}},{"type":"Feature","properties":{"id":"excl-a-963","kind":"exclusion","name":"Creek exclusion zone","acres":1.5,"editable":true,"source":"MAP mesic valley bottoms + 10-yr NDVI persistence + IrrMapper + NWI (V3 rule) + collar shape rules (4 Sep 2026)","strm_type":"Intermittent","veg_pct":43.9,"pts":6,"enforce":"ok"},"geometry":{"type":"Polygon","coordinates":[[[-108.745654,42.708887],[-108.745656,42.708808],[-108.745889,42.708771],[-108.748348,42.709002],[-108.748388,42.709181],[-108.748002,42.70932],[-108.745654,42.708887]]]}},{"type":"Feature","properties":{"id":"excl-a-964","kind":"exclusion","name":"Creek exclusion zone","acres":0.1,"editable":true,"source":"MAP mesic valley bottoms + 10-yr NDVI persistence + IrrMapper + NWI (V3 rule) + collar shape rules (4 Sep 2026)","strm_type":"Ephemeral","veg_pct":97.6,"pts":5,"enforce":"narrow"},"geometry":{"type":"Polygon","coordinates":[[[-108.747479,42.668202],[-108.747512,42.668193],[-108.747544,42.668217],[-108.747432,42.669393],[-108.747416,42.669392],[-108.747479,42.668202]]]}},{"type":"Feature","properties":{"id":"excl-a-965","kind":"exclusion","name":"Creek exclusion zone","acres":1.7,"editable":true,"source":"MAP mesic valley bottoms + 10-yr NDVI persistence + IrrMapper + NWI (V3 rule) + collar shape rules (4 Sep 2026)","strm_type":"Intermittent","veg_pct":40.1,"pts":6,"enforce":"ok"},"geometry":{"type":"Polygon","coordinates":[[[-108.744506,42.77991],[-108.744675,42.778208],[-108.74485,42.778005],[-108.745026,42.778042],[-108.74504,42.77949],[-108.744702,42.779952],[-108.744506,42.77991]]]}},{"type":"Feature","properties":{"id":"excl-a-966","kind":"exclusion","name":"Creek exclusion zone","acres":0.5,"editable":true,"source":"MAP mesic valley bottoms + 10-yr NDVI persistence + IrrMapper + NWI (V3 rule) + collar shape rules (4 Sep 2026)","strm_type":"Intermittent","veg_pct":53.3,"pts":6,"enforce":"narrow"},"geometry":{"type":"Polygon","coordinates":[[[-108.750467,42.628633],[-108.750431,42.628625],[-108.750881,42.627294],[-108.751203,42.627055],[-108.751296,42.627107],[-108.750963,42.62753],[-108.750467,42.628633]]]}},{"type":"Feature","properties":{"id":"excl-a-967","kind":"exclusion","name":"Creek exclusion zone","acres":16.1,"editable":true,"source":"MAP mesic valley bottoms + 10-yr NDVI persistence + IrrMapper + NWI (V3 rule) + collar shape rules (4 Sep 2026)","strm_type":"Intermittent","veg_pct":43.0,"pts":27,"enforce":"ok"},"geometry":{"type":"Polygon","coordinates":[[[-108.763177,42.769222],[-108.764279,42.770231],[-108.764653,42.771798],[-108.763833,42.773478],[-108.764279,42.775967],[-108.762103,42.776818],[-108.761316,42.778327],[-108.761595,42.779507],[-108.76102,42.780327],[-108.760462,42.780111],[-108.761115,42.779308],[-108.760822,42.778839],[-108.761604,42.776717],[-108.7639,42.775671],[-108.763909,42.774259],[-108.763282,42.773472],[-108.764258,42.771752],[-108.763753,42.770209],[-108.762807,42.769586],[-108.761674,42.767719],[-108.761671,42.766719],[-108.760719,42.766371],[-108.760725,42.766197],[-108.760916,42.766134],[-108.760916,42.766113],[-108.760942,42.766101],[-108.761697,42.766353],[-108.763177,42.769222]]]}},{"type":"Feature","properties":{"id":"excl-a-968","kind":"exclusion","name":"Creek exclusion zone","acres":13.7,"editable":true,"source":"MAP mesic valley bottoms + 10-yr NDVI persistence + IrrMapper + NWI (V3 rule) + collar shape rules (4 Sep 2026)","strm_type":"Intermittent","veg_pct":74.9,"pts":22,"enforce":"ok"},"geometry":{"type":"Polygon","coordinates":[[[-108.755127,42.763758],[-108.754054,42.761225],[-108.752256,42.759305],[-108.750398,42.758562],[-108.749313,42.75755],[-108.746428,42.756635],[-108.746443,42.756606],[-108.749562,42.757369],[-108.752428,42.759033],[-108.754562,42.761171],[-108.755644,42.763831],[-108.757451,42.76563],[-108.758685,42.766154],[-108.760853,42.766071],[-108.760885,42.766103],[-108.760867,42.76615],[-108.760725,42.766197],[-108.760722,42.766274],[-108.760626,42.766316],[-108.760529,42.766278],[-108.758058,42.766325],[-108.757072,42.765766],[-108.755127,42.763758]]]}},{"type":"Feature","properties":{"id":"excl-a-969","kind":"exclusion","name":"Creek exclusion zone","acres":0.7,"editable":true,"source":"MAP mesic valley bottoms + 10-yr NDVI persistence + IrrMapper + NWI (V3 rule) + collar shape rules (4 Sep 2026)","strm_type":"Intermittent","veg_pct":23.2,"pts":6,"enforce":"narrow"},"geometry":{"type":"Polygon","coordinates":[[[-108.748481,42.722563],[-108.748554,42.722474],[-108.749944,42.722748],[-108.750235,42.722899],[-108.750181,42.722986],[-108.748653,42.722701],[-108.748481,42.722563]]]}},{"type":"Feature","properties":{"id":"excl-a-970","kind":"exclusion","name":"Creek exclusion zone","acres":3.2,"editable":true,"source":"MAP mesic valley bottoms + 10-yr NDVI persistence + IrrMapper + NWI (V3 rule) + collar shape rules (4 Sep 2026)","strm_type":"Ephemeral","veg_pct":93.1,"pts":7,"enforce":"ok"},"geometry":{"type":"Polygon","coordinates":[[[-108.754124,42.578415],[-108.753869,42.57818],[-108.754285,42.577564],[-108.756052,42.578275],[-108.756365,42.579087],[-108.75616,42.579175],[-108.75496,42.578261],[-108.754124,42.578415]]]}},{"type":"Feature","properties":{"id":"excl-a-971","kind":"exclusion","name":"Creek exclusion zone","acres":1.2,"editable":true,"source":"MAP mesic valley bottoms + 10-yr NDVI persistence + IrrMapper + NWI (V3 rule) + collar shape rules (4 Sep 2026)","strm_type":"Ephemeral","veg_pct":56.9,"pts":6,"enforce":"ok"},"geometry":{"type":"Polygon","coordinates":[[[-108.761142,42.53486],[-108.761144,42.534969],[-108.759477,42.535174],[-108.759411,42.534497],[-108.759452,42.534493],[-108.759513,42.534693],[-108.761142,42.53486]]]}},{"type":"Feature","properties":{"id":"excl-a-972","kind":"exclusion","name":"Creek exclusion zone","acres":0.6,"editable":true,"source":"MAP mesic valley bottoms + 10-yr NDVI persistence + IrrMapper + NWI (V3 rule) + collar shape rules (4 Sep 2026)","strm_type":"Ephemeral","veg_pct":23.2,"pts":8,"enforce":"ok"},"geometry":{"type":"Polygon","coordinates":[[[-108.760125,42.533417],[-108.760162,42.53364],[-108.759541,42.534077],[-108.759458,42.534038],[-108.759522,42.533896],[-108.759415,42.533852],[-108.759392,42.533743],[-108.75988,42.533358],[-108.760125,42.533417]]]}},{"type":"Feature","properties":{"id":"excl-a-973","kind":"exclusion","name":"Creek exclusion zone","acres":1.6,"editable":true,"source":"MAP mesic valley bottoms + 10-yr NDVI persistence + IrrMapper + NWI (V3 rule) + collar shape rules (4 Sep 2026)","strm_type":"Ephemeral","veg_pct":51.0,"pts":10,"enforce":"ok"},"geometry":{"type":"Polygon","coordinates":[[[-108.756174,42.535253],[-108.756156,42.535225],[-108.757577,42.534676],[-108.758863,42.53475],[-108.758899,42.534649],[-108.758944,42.534652],[-108.758988,42.535149],[-108.759104,42.535177],[-108.759099,42.535191],[-108.75715,42.534951],[-108.756174,42.535253]]]}},{"type":"Feature","properties":{"id":"excl-a-974","kind":"exclusion","name":"Creek exclusion zone","acres":0.2,"editable":true,"source":"MAP mesic valley bottoms + 10-yr NDVI persistence + IrrMapper + NWI (V3 rule) + collar shape rules (4 Sep 2026)","strm_type":"Ephemeral","veg_pct":23.2,"pts":8,"enforce":"ok"},"geometry":{"type":"Polygon","coordinates":[[[-108.759247,42.534864],[-108.759338,42.534884],[-108.759403,42.534935],[-108.759398,42.53507],[-108.759238,42.535134],[-108.759147,42.535115],[-108.759082,42.535064],[-108.759087,42.534929],[-108.759247,42.534864]]]}},{"type":"Feature","properties":{"id":"excl-a-975","kind":"exclusion","name":"Creek exclusion zone","acres":1.1,"editable":true,"source":"MAP mesic valley bottoms + 10-yr NDVI persistence + IrrMapper + NWI (V3 rule) + collar shape rules (4 Sep 2026)","strm_type":"Ephemeral","veg_pct":66.1,"pts":5,"enforce":"ok"},"geometry":{"type":"Polygon","coordinates":[[[-108.758898,42.542206],[-108.758583,42.542168],[-108.757349,42.541194],[-108.757553,42.541037],[-108.758985,42.542078],[-108.758898,42.542206]]]}},{"type":"Feature","properties":{"id":"excl-a-976","kind":"exclusion","name":"Creek exclusion zone","acres":1.8,"editable":true,"source":"MAP mesic valley bottoms + 10-yr NDVI persistence + IrrMapper + NWI (V3 rule) + collar shape rules (4 Sep 2026)","strm_type":"Ephemeral","veg_pct":25.6,"pts":9,"enforce":"ok"},"geometry":{"type":"Polygon","coordinates":[[[-108.756156,42.539888],[-108.757316,42.539933],[-108.757343,42.540042],[-108.757039,42.540139],[-108.756993,42.540629],[-108.757425,42.540946],[-108.75742,42.541081],[-108.757282,42.541142],[-108.756002,42.540132],[-108.756156,42.539888]]]}},{"type":"Feature","properties":{"id":"excl-a-977","kind":"exclusion","name":"Creek exclusion zone","acres":26.3,"editable":true,"source":"MAP mesic valley bottoms + 10-yr NDVI persistence + IrrMapper + NWI (V3 rule) + collar shape rules (4 Sep 2026)","strm_type":"Intermittent","veg_pct":83.8,"pts":28,"enforce":"ok"},"geometry":{"type":"Polygon","coordinates":[[[-108.773076,42.701753],[-108.773468,42.699977],[-108.77707,42.697301],[-108.777323,42.697464],[-108.775503,42.699102],[-108.773754,42.700145],[-108.773574,42.701402],[-108.771618,42.704326],[-108.772304,42.704738],[-108.774926,42.705003],[-108.779732,42.701981],[-108.779866,42.702062],[-108.779209,42.70293],[-108.77607,42.704709],[-108.775783,42.705241],[-108.776261,42.705529],[-108.780169,42.705312],[-108.780223,42.705451],[-108.779314,42.7058],[-108.775054,42.70608],[-108.773282,42.705067],[-108.770776,42.70465],[-108.767423,42.706644],[-108.766568,42.707451],[-108.766384,42.707446],[-108.766326,42.707342],[-108.768748,42.705436],[-108.771438,42.703965],[-108.773076,42.701753]]]}},{"type":"Feature","properties":{"id":"excl-a-978","kind":"exclusion","name":"Creek exclusion zone","acres":10.9,"editable":true,"source":"MAP mesic valley bottoms + 10-yr NDVI persistence + IrrMapper + NWI (V3 rule) + collar shape rules (4 Sep 2026)","strm_type":"Intermittent","veg_pct":64.2,"pts":27,"enforce":"ok"},"geometry":{"type":"Polygon","coordinates":[[[-108.76625,42.710155],[-108.763358,42.708394],[-108.761192,42.708146],[-108.758397,42.708768],[-108.756618,42.710156],[-108.753092,42.711733],[-108.751344,42.712189],[-108.750137,42.712164],[-108.750129,42.712089],[-108.752077,42.711826],[-108.753915,42.711159],[-108.756297,42.71006],[-108.758287,42.708584],[-108.760791,42.707939],[-108.763391,42.708212],[-108.765803,42.707754],[-108.7662,42.707441],[-108.766495,42.707449],[-108.766523,42.707493],[-108.766478,42.707536],[-108.766152,42.707843],[-108.764223,42.708466],[-108.764552,42.709055],[-108.766309,42.709959],[-108.768784,42.709822],[-108.768851,42.709818],[-108.768798,42.709908],[-108.76625,42.710155]]]}},{"type":"Feature","properties":{"id":"excl-a-979","kind":"exclusion","name":"Creek exclusion zone","acres":2.2,"editable":true,"source":"MAP mesic valley bottoms + 10-yr NDVI persistence + IrrMapper + NWI (V3 rule) + collar shape rules (4 Sep 2026)","strm_type":"Intermittent","veg_pct":53.4,"pts":9,"enforce":"narrow"},"geometry":{"type":"Polygon","coordinates":[[[-108.769394,42.709788],[-108.77296,42.710433],[-108.775005,42.710136],[-108.77506,42.710222],[-108.774862,42.710344],[-108.772468,42.710527],[-108.76886,42.7099],[-108.768829,42.709855],[-108.768851,42.709818],[-108.769394,42.709788]]]}},{"type":"Feature","properties":{"id":"excl-a-980","kind":"exclusion","name":"Creek exclusion zone","acres":1.8,"editable":true,"source":"MAP mesic valley bottoms + 10-yr NDVI persistence + IrrMapper + NWI (V3 rule) + collar shape rules (4 Sep 2026)","strm_type":"Intermittent","veg_pct":30.4,"pts":7,"enforce":"ok"},"geometry":{"type":"Polygon","coordinates":[[[-108.747782,42.780345],[-108.747643,42.78037],[-108.747366,42.779856],[-108.747919,42.777834],[-108.74819,42.777595],[-108.748355,42.777658],[-108.747689,42.779533],[-108.747782,42.780345]]]}},{"type":"Feature","properties":{"id":"excl-a-981","kind":"exclusion","name":"Creek exclusion zone","acres":2.6,"editable":true,"source":"MAP mesic valley bottoms + 10-yr NDVI persistence + IrrMapper + NWI (V3 rule) + collar shape rules (4 Sep 2026)","strm_type":"Intermittent","veg_pct":53.0,"pts":9,"enforce":"ok"},"geometry":{"type":"Polygon","coordinates":[[[-108.748123,42.772196],[-108.748078,42.772186],[-108.74847,42.770901],[-108.74938,42.769573],[-108.748896,42.768295],[-108.749102,42.768209],[-108.749579,42.768579],[-108.749576,42.769864],[-108.7486,42.771129],[-108.748123,42.772196]]]}},{"type":"Feature","properties":{"id":"excl-a-982","kind":"exclusion","name":"Creek exclusion zone","acres":1.7,"editable":true,"source":"MAP mesic valley bottoms + 10-yr NDVI persistence + IrrMapper + NWI (V3 rule) + collar shape rules (4 Sep 2026)","strm_type":"Intermittent","veg_pct":30.3,"pts":7,"enforce":"ok"},"geometry":{"type":"Polygon","coordinates":[[[-108.748382,42.776137],[-108.748293,42.776154],[-108.747796,42.775156],[-108.747638,42.773319],[-108.747796,42.773081],[-108.747917,42.773106],[-108.747834,42.773688],[-108.748382,42.776137]]]}},{"type":"Feature","properties":{"id":"excl-a-983","kind":"exclusion","name":"Creek exclusion zone","acres":15.0,"editable":true,"source":"MAP mesic valley bottoms + 10-yr NDVI persistence + IrrMapper + NWI (V3 rule) + collar shape rules (4 Sep 2026)","strm_type":"Intermittent","veg_pct":93.6,"pts":22,"enforce":"ok"},"geometry":{"type":"Polygon","coordinates":[[[-108.780231,42.669048],[-108.780403,42.66921],[-108.780338,42.66937],[-108.780151,42.669416],[-108.778301,42.668407],[-108.776552,42.666156],[-108.771609,42.66395],[-108.770415,42.663214],[-108.770153,42.662573],[-108.770264,42.662537],[-108.770818,42.663215],[-108.774928,42.6649],[-108.777544,42.666447],[-108.780067,42.665615],[-108.780306,42.665782],[-108.780149,42.66608],[-108.778283,42.666682],[-108.777999,42.667326],[-108.779134,42.668489],[-108.780369,42.668456],[-108.780418,42.668599],[-108.780364,42.668619],[-108.780231,42.669048]]]}},{"type":"Feature","properties":{"id":"excl-a-984","kind":"exclusion","name":"Creek exclusion zone","acres":6.1,"editable":true,"source":"MAP mesic valley bottoms + 10-yr NDVI persistence + IrrMapper + NWI (V3 rule) + collar shape rules (4 Sep 2026)","strm_type":"Perennial","veg_pct":97.6,"pts":23,"enforce":"ok"},"geometry":{"type":"Polygon","coordinates":[[[-108.770175,42.661481],[-108.769918,42.661468],[-108.769779,42.660955],[-108.769021,42.66068],[-108.766662,42.661282],[-108.766058,42.660904],[-108.765269,42.661444],[-108.765094,42.661393],[-108.765019,42.661223],[-108.765404,42.660764],[-108.764968,42.660549],[-108.764978,42.660428],[-108.765123,42.660373],[-108.765127,42.660312],[-108.7652,42.660284],[-108.76527,42.660316],[-108.765421,42.660257],[-108.766257,42.660637],[-108.770249,42.660555],[-108.770405,42.660428],[-108.770581,42.660472],[-108.770617,42.660776],[-108.770497,42.660806],[-108.770175,42.661481]]]}},{"type":"Feature","properties":{"id":"excl-a-985","kind":"exclusion","name":"Creek exclusion zone","acres":8.5,"editable":true,"source":"MAP mesic valley bottoms + 10-yr NDVI persistence + IrrMapper + NWI (V3 rule) + collar shape rules (4 Sep 2026)","strm_type":"Perennial","veg_pct":97.6,"pts":14,"enforce":"ok"},"geometry":{"type":"Polygon","coordinates":[[[-108.773676,42.6608],[-108.777454,42.658497],[-108.778027,42.658442],[-108.778143,42.658632],[-108.775027,42.660631],[-108.774207,42.660901],[-108.771919,42.660994],[-108.770622,42.660823],[-108.770581,42.660472],[-108.770493,42.66045],[-108.770468,42.660377],[-108.771042,42.659909],[-108.771464,42.659996],[-108.771618,42.660566],[-108.773676,42.6608]]]}},{"type":"Feature","properties":{"id":"excl-a-986","kind":"exclusion","name":"Creek exclusion zone","acres":9.8,"editable":true,"source":"MAP mesic valley bottoms + 10-yr NDVI persistence + IrrMapper + NWI (V3 rule) + collar shape rules (4 Sep 2026)","strm_type":"Perennial","veg_pct":97.1,"pts":22,"enforce":"ok"},"geometry":{"type":"Polygon","coordinates":[[[-108.762681,42.659423],[-108.757877,42.659838],[-108.756288,42.660397],[-108.756264,42.660839],[-108.75592,42.660929],[-108.755477,42.660562],[-108.754301,42.660525],[-108.752246,42.659718],[-108.752271,42.659678],[-108.754615,42.660342],[-108.757144,42.659813],[-108.757561,42.659348],[-108.75805,42.659667],[-108.759576,42.65958],[-108.761048,42.658924],[-108.760759,42.657895],[-108.760814,42.657884],[-108.761383,42.659148],[-108.763383,42.659331],[-108.765138,42.660129],[-108.765123,42.660373],[-108.764833,42.660482],[-108.762681,42.659423]]]}},{"type":"Feature","properties":{"id":"excl-a-987","kind":"exclusion","name":"Creek exclusion zone","acres":0.3,"editable":true,"source":"MAP mesic valley bottoms + 10-yr NDVI persistence + IrrMapper + NWI (V3 rule) + collar shape rules (4 Sep 2026)","strm_type":"Ephemeral","veg_pct":96.9,"pts":6,"enforce":"ok"},"geometry":{"type":"Polygon","coordinates":[[[-108.764504,42.661837],[-108.76492,42.661341],[-108.765131,42.661403],[-108.76516,42.661519],[-108.765051,42.661593],[-108.764605,42.661898],[-108.764504,42.661837]]]}},{"type":"Feature","properties":{"id":"excl-a-988","kind":"exclusion","name":"Creek exclusion zone","acres":4.0,"editable":true,"source":"MAP mesic valley bottoms + 10-yr NDVI persistence + IrrMapper + NWI (V3 rule) + collar shape rules (4 Sep 2026)","strm_type":"Intermittent","veg_pct":96.2,"pts":6,"enforce":"ok"},"geometry":{"type":"Polygon","coordinates":[[[-108.760246,42.653499],[-108.760384,42.653521],[-108.76032,42.654241],[-108.757789,42.658852],[-108.757673,42.65883],[-108.757732,42.658489],[-108.760246,42.653499]]]}},{"type":"Feature","properties":{"id":"excl-a-989","kind":"exclusion","name":"Creek exclusion zone","acres":3.0,"editable":true,"source":"MAP mesic valley bottoms + 10-yr NDVI persistence + IrrMapper + NWI (V3 rule) + collar shape rules (4 Sep 2026)","strm_type":"Ephemeral","veg_pct":97.0,"pts":12,"enforce":"ok"},"geometry":{"type":"Polygon","coordinates":[[[-108.762423,42.65411],[-108.762649,42.65418],[-108.762606,42.654489],[-108.76367,42.65471],[-108.764164,42.655215],[-108.764055,42.655295],[-108.763282,42.654882],[-108.762215,42.654798],[-108.761438,42.655371],[-108.760819,42.656731],[-108.760771,42.656721],[-108.761248,42.655159],[-108.762423,42.65411]]]}},{"type":"Feature","properties":{"id":"excl-a-990","kind":"exclusion","name":"Creek exclusion zone","acres":2.8,"editable":true,"source":"MAP mesic valley bottoms + 10-yr NDVI persistence + IrrMapper + NWI (V3 rule) + collar shape rules (4 Sep 2026)","strm_type":"Ephemeral","veg_pct":89.1,"pts":6,"enforce":"ok"},"geometry":{"type":"Polygon","coordinates":[[[-108.768603,42.665912],[-108.768516,42.665933],[-108.767917,42.664891],[-108.766801,42.661772],[-108.766858,42.661758],[-108.768003,42.663854],[-108.768603,42.665912]]]}},{"type":"Feature","properties":{"id":"excl-a-991","kind":"exclusion","name":"Creek exclusion zone","acres":10.9,"editable":true,"source":"MAP mesic valley bottoms + 10-yr NDVI persistence + IrrMapper + NWI (V3 rule) + collar shape rules (4 Sep 2026)","strm_type":"Ephemeral","veg_pct":97.8,"pts":11,"enforce":"ok"},"geometry":{"type":"Polygon","coordinates":[[[-108.774132,42.540607],[-108.776217,42.540567],[-108.776952,42.540044],[-108.777465,42.540306],[-108.777004,42.540689],[-108.773505,42.541237],[-108.770808,42.543097],[-108.766768,42.544081],[-108.764863,42.544846],[-108.764789,42.544725],[-108.767932,42.543666],[-108.774132,42.540607]]]}},{"type":"Feature","properties":{"id":"excl-a-992","kind":"exclusion","name":"Creek exclusion zone","acres":1.1,"editable":true,"source":"MAP mesic valley bottoms + 10-yr NDVI persistence + IrrMapper + NWI (V3 rule) + collar shape rules (4 Sep 2026)","strm_type":"Ephemeral","veg_pct":94.4,"pts":11,"enforce":"ok"},"geometry":{"type":"Polygon","coordinates":[[[-108.764863,42.544846],[-108.762601,42.545754],[-108.76248,42.545691],[-108.762485,42.545556],[-108.762554,42.545508],[-108.762736,42.545511],[-108.762823,42.545628],[-108.762827,42.545489],[-108.762747,42.545464],[-108.762746,42.545413],[-108.764789,42.544725],[-108.764863,42.544846]]]}},{"type":"Feature","properties":{"id":"excl-a-993","kind":"exclusion","name":"Creek exclusion zone","acres":18.0,"editable":true,"source":"MAP mesic valley bottoms + 10-yr NDVI persistence + IrrMapper + NWI (V3 rule) + collar shape rules (4 Sep 2026)","strm_type":"Perennial","veg_pct":88.8,"pts":28,"enforce":"ok"},"geometry":{"type":"Polygon","coordinates":[[[-108.760803,42.546881],[-108.761074,42.547154],[-108.76296,42.548186],[-108.763351,42.54803],[-108.763647,42.548194],[-108.763522,42.548613],[-108.76315,42.548672],[-108.762878,42.548401],[-108.761963,42.548356],[-108.759232,42.551435],[-108.757951,42.552066],[-108.757714,42.551935],[-108.757844,42.551625],[-108.760563,42.549659],[-108.761361,42.548266],[-108.761069,42.54788],[-108.757204,42.547446],[-108.756587,42.546908],[-108.756732,42.546752],[-108.75726,42.546888],[-108.760574,42.546647],[-108.761645,42.545783],[-108.762251,42.545579],[-108.762321,42.545627],[-108.762279,42.545711],[-108.762401,42.545748],[-108.762407,42.545832],[-108.761211,42.546312],[-108.760803,42.546881]]]}},{"type":"Feature","properties":{"id":"excl-a-994","kind":"exclusion","name":"Creek exclusion zone","acres":0.3,"editable":true,"source":"MAP mesic valley bottoms + 10-yr NDVI persistence + IrrMapper + NWI (V3 rule) + collar shape rules (4 Sep 2026)","strm_type":"Ephemeral","veg_pct":80.2,"pts":5,"enforce":"ok"},"geometry":{"type":"Polygon","coordinates":[[[-108.757018,42.537423],[-108.757071,42.537288],[-108.757791,42.537299],[-108.757826,42.537421],[-108.757482,42.537538],[-108.757018,42.537423]]]}},{"type":"Feature","properties":{"id":"excl-a-995","kind":"exclusion","name":"Creek exclusion zone","acres":2.5,"editable":true,"source":"MAP mesic valley bottoms + 10-yr NDVI persistence + IrrMapper + NWI (V3 rule) + collar shape rules (4 Sep 2026)","strm_type":"Intermittent","veg_pct":58.5,"pts":7,"enforce":"ok"},"geometry":{"type":"Polygon","coordinates":[[[-108.751365,42.708642],[-108.751311,42.708526],[-108.752081,42.708215],[-108.754604,42.708119],[-108.75591,42.707773],[-108.756027,42.707898],[-108.755764,42.708123],[-108.751365,42.708642]]]}},{"type":"Feature","properties":{"id":"excl-a-996","kind":"exclusion","name":"Creek exclusion zone","acres":0.1,"editable":true,"source":"MAP mesic valley bottoms + 10-yr NDVI persistence + IrrMapper + NWI (V3 rule) + collar shape rules (4 Sep 2026)","strm_type":"Ephemeral","veg_pct":21.3,"pts":5,"enforce":"narrow"},"geometry":{"type":"Polygon","coordinates":[[[-108.754036,42.627542],[-108.753963,42.627486],[-108.754223,42.627166],[-108.754317,42.627196],[-108.754211,42.627473],[-108.754036,42.627542]]]}},{"type":"Feature","properties":{"id":"excl-a-997","kind":"exclusion","name":"Creek exclusion zone","acres":2.8,"editable":true,"source":"MAP mesic valley bottoms + 10-yr NDVI persistence + IrrMapper + NWI (V3 rule) + collar shape rules (4 Sep 2026)","strm_type":"Ephemeral","veg_pct":97.6,"pts":8,"enforce":"ok"},"geometry":{"type":"Polygon","coordinates":[[[-108.761368,42.675901],[-108.761465,42.676031],[-108.75949,42.678246],[-108.759683,42.678334],[-108.759671,42.67835],[-108.759354,42.67824],[-108.759206,42.677801],[-108.761153,42.675904],[-108.761368,42.675901]]]}},{"type":"Feature","properties":{"id":"excl-a-998","kind":"exclusion","name":"Creek exclusion zone","acres":5.6,"editable":true,"source":"MAP mesic valley bottoms + 10-yr NDVI persistence + IrrMapper + NWI (V3 rule) + collar shape rules (4 Sep 2026)","strm_type":"Intermittent","veg_pct":91.9,"pts":12,"enforce":"ok"},"geometry":{"type":"Polygon","coordinates":[[[-108.757267,42.679878],[-108.752486,42.681387],[-108.752417,42.681303],[-108.753572,42.680618],[-108.757438,42.679524],[-108.758688,42.678306],[-108.758708,42.678315],[-108.758655,42.678396],[-108.759586,42.678729],[-108.759899,42.678807],[-108.759887,42.678841],[-108.75905,42.678728],[-108.757267,42.679878]]]}},{"type":"Feature","properties":{"id":"excl-a-999","kind":"exclusion","name":"Creek exclusion zone","acres":0.1,"editable":true,"source":"MAP mesic valley bottoms + 10-yr NDVI persistence + IrrMapper + NWI (V3 rule) + collar shape rules (4 Sep 2026)","strm_type":"Ephemeral","veg_pct":97.6,"pts":6,"enforce":"narrow"},"geometry":{"type":"Polygon","coordinates":[[[-108.760548,42.67881],[-108.760387,42.678875],[-108.760231,42.678804],[-108.760209,42.678736],[-108.760314,42.678619],[-108.760572,42.678736],[-108.760548,42.67881]]]}},{"type":"Feature","properties":{"id":"excl-a-1000","kind":"exclusion","name":"Creek exclusion zone","acres":0.2,"editable":true,"source":"MAP mesic valley bottoms + 10-yr NDVI persistence + IrrMapper + NWI (V3 rule) + collar shape rules (4 Sep 2026)","strm_type":"Ephemeral","veg_pct":97.6,"pts":8,"enforce":"ok"},"geometry":{"type":"Polygon","coordinates":[[[-108.759,42.678183],[-108.759091,42.678203],[-108.759156,42.678253],[-108.759152,42.678388],[-108.758991,42.678453],[-108.7589,42.678433],[-108.758835,42.678382],[-108.75884,42.678247],[-108.759,42.678183]]]}},{"type":"Feature","properties":{"id":"excl-a-1001","kind":"exclusion","name":"Creek exclusion zone","acres":0.2,"editable":true,"source":"MAP mesic valley bottoms + 10-yr NDVI persistence + IrrMapper + NWI (V3 rule) + collar shape rules (4 Sep 2026)","strm_type":"Ephemeral","veg_pct":97.6,"pts":8,"enforce":"ok"},"geometry":{"type":"Polygon","coordinates":[[[-108.760026,42.678512],[-108.760117,42.678532],[-108.760182,42.678583],[-108.760177,42.678718],[-108.760016,42.678782],[-108.759925,42.678762],[-108.75986,42.678711],[-108.759865,42.678576],[-108.760026,42.678512]]]}},{"type":"Feature","properties":{"id":"excl-a-1002","kind":"exclusion","name":"Creek exclusion zone","acres":0.7,"editable":true,"source":"MAP mesic valley bottoms + 10-yr NDVI persistence + IrrMapper + NWI (V3 rule) + collar shape rules (4 Sep 2026)","strm_type":"Ephemeral","veg_pct":63.5,"pts":5,"enforce":"ok"},"geometry":{"type":"Polygon","coordinates":[[[-108.756838,42.57538],[-108.756877,42.575228],[-108.757941,42.575205],[-108.757987,42.575526],[-108.75744,42.575571],[-108.756838,42.57538]]]}},{"type":"Feature","properties":{"id":"excl-a-1003","kind":"exclusion","name":"Creek exclusion zone","acres":3.2,"editable":true,"source":"MAP mesic valley bottoms + 10-yr NDVI persistence + IrrMapper + NWI (V3 rule) + collar shape rules (4 Sep 2026)","strm_type":"Intermittent","veg_pct":25.9,"pts":6,"enforce":"ok"},"geometry":{"type":"Polygon","coordinates":[[[-108.750715,42.738701],[-108.750793,42.738634],[-108.752831,42.738776],[-108.756719,42.739872],[-108.756703,42.739911],[-108.75074,42.738775],[-108.750715,42.738701]]]}},{"type":"Feature","properties":{"id":"excl-a-1004","kind":"exclusion","name":"Creek exclusion zone","acres":2.8,"editable":true,"source":"MAP mesic valley bottoms + 10-yr NDVI persistence + IrrMapper + NWI (V3 rule) + collar shape rules (4 Sep 2026)","strm_type":"Ephemeral","veg_pct":83.0,"pts":7,"enforce":"ok"},"geometry":{"type":"Polygon","coordinates":[[[-108.758882,42.525382],[-108.759297,42.525025],[-108.759551,42.525109],[-108.759443,42.525724],[-108.760548,42.526783],[-108.760368,42.526999],[-108.759526,42.526877],[-108.758882,42.525382]]]}},{"type":"Feature","properties":{"id":"excl-a-1005","kind":"exclusion","name":"Creek exclusion zone","acres":4.4,"editable":true,"source":"MAP mesic valley bottoms + 10-yr NDVI persistence + IrrMapper + NWI (V3 rule) + collar shape rules (4 Sep 2026)","strm_type":"Intermittent","veg_pct":46.4,"pts":10,"enforce":"ok"},"geometry":{"type":"Polygon","coordinates":[[[-108.754597,42.727184],[-108.751996,42.727098],[-108.751861,42.72691],[-108.752008,42.726733],[-108.753564,42.72664],[-108.755232,42.726919],[-108.756391,42.727611],[-108.757652,42.727709],[-108.75767,42.727837],[-108.757266,42.727933],[-108.754597,42.727184]]]}},{"type":"Feature","properties":{"id":"excl-a-1006","kind":"exclusion","name":"Creek exclusion zone","acres":0.4,"editable":true,"source":"MAP mesic valley bottoms + 10-yr NDVI persistence + IrrMapper + NWI (V3 rule) + collar shape rules (4 Sep 2026)","strm_type":"Ephemeral","veg_pct":96.9,"pts":6,"enforce":"narrow"},"geometry":{"type":"Polygon","coordinates":[[[-108.755581,42.634288],[-108.755499,42.634228],[-108.755968,42.633777],[-108.756482,42.633694],[-108.756529,42.633781],[-108.756178,42.633933],[-108.755581,42.634288]]]}},{"type":"Feature","properties":{"id":"excl-a-1007","kind":"exclusion","name":"Creek exclusion zone","acres":4.2,"editable":true,"source":"MAP mesic valley bottoms + 10-yr NDVI persistence + IrrMapper + NWI (V3 rule) + collar shape rules (4 Sep 2026)","strm_type":"Intermittent","veg_pct":28.9,"pts":6,"enforce":"ok"},"geometry":{"type":"Polygon","coordinates":[[[-108.752275,42.735657],[-108.752313,42.735598],[-108.753746,42.73599],[-108.758366,42.737941],[-108.758351,42.738125],[-108.758091,42.738205],[-108.752275,42.735657]]]}},{"type":"Feature","properties":{"id":"excl-a-1008","kind":"exclusion","name":"Creek exclusion zone","acres":1.4,"editable":true,"source":"MAP mesic valley bottoms + 10-yr NDVI persistence + IrrMapper + NWI (V3 rule) + collar shape rules (4 Sep 2026)","strm_type":"Intermittent","veg_pct":41.8,"pts":6,"enforce":"narrow"},"geometry":{"type":"Polygon","coordinates":[[[-108.753353,42.722115],[-108.753343,42.722098],[-108.757547,42.72053],[-108.758873,42.720386],[-108.758883,42.720421],[-108.758044,42.720577],[-108.753353,42.722115]]]}},{"type":"Feature","properties":{"id":"excl-a-1009","kind":"exclusion","name":"Creek exclusion zone","acres":0.3,"editable":true,"source":"MAP mesic valley bottoms + 10-yr NDVI persistence + IrrMapper + NWI (V3 rule) + collar shape rules (4 Sep 2026)","strm_type":"Ephemeral","veg_pct":45.5,"pts":6,"enforce":"ok"},"geometry":{"type":"Polygon","coordinates":[[[-108.755908,42.630922],[-108.755806,42.630876],[-108.755801,42.630797],[-108.756242,42.630466],[-108.756384,42.630532],[-108.756249,42.630806],[-108.755908,42.630922]]]}},{"type":"Feature","properties":{"id":"excl-a-1010","kind":"exclusion","name":"Creek exclusion zone","acres":2.6,"editable":true,"source":"MAP mesic valley bottoms + 10-yr NDVI persistence + IrrMapper + NWI (V3 rule) + collar shape rules (4 Sep 2026)","strm_type":"Other","veg_pct":55.1,"pts":8,"enforce":"ok"},"geometry":{"type":"Polygon","coordinates":[[[-108.759362,42.539285],[-108.759284,42.538692],[-108.759589,42.538582],[-108.760033,42.538895],[-108.761142,42.539038],[-108.761748,42.539852],[-108.7616,42.539945],[-108.760464,42.539284],[-108.759362,42.539285]]]}},{"type":"Feature","properties":{"id":"excl-a-1011","kind":"exclusion","name":"Creek exclusion zone","acres":0.8,"editable":true,"source":"MAP mesic valley bottoms + 10-yr NDVI persistence + IrrMapper + NWI (V3 rule) + collar shape rules (4 Sep 2026)","strm_type":"Ephemeral","veg_pct":38.5,"pts":6,"enforce":"ok"},"geometry":{"type":"Polygon","coordinates":[[[-108.75998,42.53705],[-108.759837,42.536875],[-108.760267,42.536524],[-108.760908,42.536653],[-108.760956,42.536788],[-108.760821,42.536886],[-108.75998,42.53705]]]}},{"type":"Feature","properties":{"id":"excl-a-1012","kind":"exclusion","name":"Creek exclusion zone","acres":3.7,"editable":true,"source":"MAP mesic valley bottoms + 10-yr NDVI persistence + IrrMapper + NWI (V3 rule) + collar shape rules (4 Sep 2026)","strm_type":"Ephemeral","veg_pct":97.4,"pts":9,"enforce":"ok"},"geometry":{"type":"Polygon","coordinates":[[[-108.759176,42.589865],[-108.75914,42.589857],[-108.75994,42.587792],[-108.758295,42.586032],[-108.758367,42.585988],[-108.760545,42.587562],[-108.760972,42.587625],[-108.761046,42.587875],[-108.759857,42.588511],[-108.759176,42.589865]]]}},{"type":"Feature","properties":{"id":"excl-a-1013","kind":"exclusion","name":"Creek exclusion zone","acres":0.5,"editable":true,"source":"MAP mesic valley bottoms + 10-yr NDVI persistence + IrrMapper + NWI (V3 rule) + collar shape rules (4 Sep 2026)","strm_type":"Ephemeral","veg_pct":28.8,"pts":5,"enforce":"narrow"},"geometry":{"type":"Polygon","coordinates":[[[-108.757822,42.628688],[-108.758474,42.627937],[-108.758951,42.627733],[-108.759037,42.627814],[-108.757888,42.628713],[-108.757822,42.628688]]]}},{"type":"Feature","properties":{"id":"excl-a-1014","kind":"exclusion","name":"Creek exclusion zone","acres":3.9,"editable":true,"source":"MAP mesic valley bottoms + 10-yr NDVI persistence + IrrMapper + NWI (V3 rule) + collar shape rules (4 Sep 2026)","strm_type":"Intermittent","veg_pct":64.9,"pts":7,"enforce":"ok"},"geometry":{"type":"Polygon","coordinates":[[[-108.757365,42.693673],[-108.755999,42.69399],[-108.755957,42.693919],[-108.761339,42.691641],[-108.763013,42.691534],[-108.763018,42.691567],[-108.761786,42.69173],[-108.757365,42.693673]]]}},{"type":"Feature","properties":{"id":"excl-a-1015","kind":"exclusion","name":"Creek exclusion zone","acres":0.8,"editable":true,"source":"MAP mesic valley bottoms + 10-yr NDVI persistence + IrrMapper + NWI (V3 rule) + collar shape rules (4 Sep 2026)","strm_type":"Ephemeral","veg_pct":38.8,"pts":6,"enforce":"ok"},"geometry":{"type":"Polygon","coordinates":[[[-108.761842,42.530691],[-108.761639,42.530462],[-108.761772,42.530234],[-108.762686,42.530426],[-108.762732,42.530583],[-108.762555,42.530693],[-108.761842,42.530691]]]}},{"type":"Feature","properties":{"id":"excl-a-1016","kind":"exclusion","name":"Creek exclusion zone","acres":0.4,"editable":true,"source":"MAP mesic valley bottoms + 10-yr NDVI persistence + IrrMapper + NWI (V3 rule) + collar shape rules (4 Sep 2026)","strm_type":"Ephemeral","veg_pct":45.5,"pts":6,"enforce":"narrow"},"geometry":{"type":"Polygon","coordinates":[[[-108.756944,42.662047],[-108.757044,42.662032],[-108.757723,42.662653],[-108.757852,42.662885],[-108.75777,42.66292],[-108.756914,42.662126],[-108.756944,42.662047]]]}},{"type":"Feature","properties":{"id":"excl-a-1017","kind":"exclusion","name":"Creek exclusion zone","acres":3.8,"editable":true,"source":"MAP mesic valley bottoms + 10-yr NDVI persistence + IrrMapper + NWI (V3 rule) + collar shape rules (4 Sep 2026)","strm_type":"Ephemeral","veg_pct":90.0,"pts":12,"enforce":"ok"},"geometry":{"type":"Polygon","coordinates":[[[-108.760299,42.6479],[-108.760307,42.648474],[-108.762083,42.649305],[-108.762023,42.649441],[-108.761628,42.64942],[-108.760227,42.648673],[-108.759229,42.647633],[-108.759425,42.647411],[-108.761713,42.647755],[-108.762525,42.648208],[-108.762477,42.648266],[-108.761328,42.647848],[-108.760299,42.6479]]]}},{"type":"Feature","properties":{"id":"excl-a-1018","kind":"exclusion","name":"Creek exclusion zone","acres":22.8,"editable":true,"source":"MAP mesic valley bottoms + 10-yr NDVI persistence + IrrMapper + NWI (V3 rule) + collar shape rules (4 Sep 2026)","strm_type":"Intermittent","veg_pct":84.2,"pts":28,"enforce":"ok"},"geometry":{"type":"Polygon","coordinates":[[[-108.769611,42.694481],[-108.766311,42.697805],[-108.765412,42.699786],[-108.762828,42.702003],[-108.761619,42.703674],[-108.75777,42.706387],[-108.757751,42.706374],[-108.761413,42.703499],[-108.762733,42.701729],[-108.765047,42.699703],[-108.766341,42.697383],[-108.769117,42.694236],[-108.777448,42.690529],[-108.778802,42.688818],[-108.778542,42.687944],[-108.778781,42.687826],[-108.779105,42.68799],[-108.779881,42.687656],[-108.780042,42.687767],[-108.779872,42.688021],[-108.780143,42.688354],[-108.779923,42.688758],[-108.779051,42.688933],[-108.778253,42.690142],[-108.778521,42.690522],[-108.78,42.690697],[-108.779993,42.690756],[-108.777487,42.690766],[-108.769611,42.694481]]]}},{"type":"Feature","properties":{"id":"excl-a-1019","kind":"exclusion","name":"Creek exclusion zone","acres":7.6,"editable":true,"source":"MAP mesic valley bottoms + 10-yr NDVI persistence + IrrMapper + NWI (V3 rule) + collar shape rules (4 Sep 2026)","strm_type":"Ephemeral","veg_pct":99.5,"pts":16,"enforce":"ok"},"geometry":{"type":"Polygon","coordinates":[[[-108.767038,42.534561],[-108.766071,42.534736],[-108.767064,42.537486],[-108.76921,42.538827],[-108.768963,42.539023],[-108.766751,42.537462],[-108.766461,42.53634],[-108.765061,42.534552],[-108.765304,42.534253],[-108.767369,42.534307],[-108.768349,42.53481],[-108.770251,42.535042],[-108.771176,42.535415],[-108.771307,42.535712],[-108.771092,42.53583],[-108.769641,42.535083],[-108.767038,42.534561]]]}},{"type":"Feature","properties":{"id":"excl-a-1020","kind":"exclusion","name":"Creek exclusion zone","acres":0.3,"editable":true,"source":"MAP mesic valley bottoms + 10-yr NDVI persistence + IrrMapper + NWI (V3 rule) + collar shape rules (4 Sep 2026)","strm_type":"Ephemeral","veg_pct":94.0,"pts":5,"enforce":"ok"},"geometry":{"type":"Polygon","coordinates":[[[-108.764406,42.584621],[-108.764594,42.584631],[-108.76479,42.584924],[-108.764636,42.585033],[-108.764324,42.584906],[-108.764406,42.584621]]]}},{"type":"Feature","properties":{"id":"excl-a-1021","kind":"exclusion","name":"Creek exclusion zone","acres":0.3,"editable":true,"source":"MAP mesic valley bottoms + 10-yr NDVI persistence + IrrMapper + NWI (V3 rule) + collar shape rules (4 Sep 2026)","strm_type":"Intermittent","veg_pct":88.4,"pts":5,"enforce":"narrow"},"geometry":{"type":"Polygon","coordinates":[[[-108.75885,42.742694],[-108.759211,42.742192],[-108.759404,42.742146],[-108.759475,42.742219],[-108.758952,42.74273],[-108.75885,42.742694]]]}},{"type":"Feature","properties":{"id":"excl-a-1022","kind":"exclusion","name":"Creek exclusion zone","acres":6.3,"editable":true,"source":"MAP mesic valley bottoms + 10-yr NDVI persistence + IrrMapper + NWI (V3 rule) + collar shape rules (4 Sep 2026)","strm_type":"Intermittent","veg_pct":51.1,"pts":9,"enforce":"ok"},"geometry":{"type":"Polygon","coordinates":[[[-108.767999,42.717009],[-108.760952,42.719854],[-108.760891,42.71979],[-108.76189,42.719142],[-108.766935,42.717245],[-108.770598,42.715156],[-108.771952,42.715082],[-108.771958,42.715115],[-108.770868,42.715251],[-108.767999,42.717009]]]}},{"type":"Feature","properties":{"id":"excl-a-1023","kind":"exclusion","name":"Creek exclusion zone","acres":1.6,"editable":true,"source":"MAP mesic valley bottoms + 10-yr NDVI persistence + IrrMapper + NWI (V3 rule) + collar shape rules (4 Sep 2026)","strm_type":"Intermittent","veg_pct":36.1,"pts":6,"enforce":"ok"},"geometry":{"type":"Polygon","coordinates":[[[-108.760497,42.74103],[-108.760366,42.741013],[-108.760002,42.739221],[-108.760183,42.739173],[-108.760685,42.739783],[-108.760597,42.740893],[-108.760497,42.74103]]]}},{"type":"Feature","properties":{"id":"excl-a-1024","kind":"exclusion","name":"Creek exclusion zone","acres":2.7,"editable":true,"source":"MAP mesic valley bottoms + 10-yr NDVI persistence + IrrMapper + NWI (V3 rule) + collar shape rules (4 Sep 2026)","strm_type":"Ephemeral","veg_pct":70.6,"pts":8,"enforce":"ok"},"geometry":{"type":"Polygon","coordinates":[[[-108.767224,42.547223],[-108.767117,42.547088],[-108.767665,42.546711],[-108.769276,42.546364],[-108.77014,42.545615],[-108.7703,42.545674],[-108.770348,42.545835],[-108.769401,42.546706],[-108.767224,42.547223]]]}},{"type":"Feature","properties":{"id":"excl-a-1025","kind":"exclusion","name":"Creek exclusion zone","acres":0.4,"editable":true,"source":"MAP mesic valley bottoms + 10-yr NDVI persistence + IrrMapper + NWI (V3 rule) + collar shape rules (4 Sep 2026)","strm_type":"Ephemeral","veg_pct":96.6,"pts":6,"enforce":"ok"},"geometry":{"type":"Polygon","coordinates":[[[-108.762825,42.679026],[-108.762786,42.678902],[-108.763292,42.678677],[-108.76352,42.678754],[-108.763519,42.678906],[-108.7631,42.679044],[-108.762825,42.679026]]]}},{"type":"Feature","properties":{"id":"excl-a-1026","kind":"exclusion","name":"Creek exclusion zone","acres":0.2,"editable":true,"source":"MAP mesic valley bottoms + 10-yr NDVI persistence + IrrMapper + NWI (V3 rule) + collar shape rules (4 Sep 2026)","strm_type":"Intermittent","veg_pct":28.7,"pts":5,"enforce":"narrow"},"geometry":{"type":"Polygon","coordinates":[[[-108.762669,42.727883],[-108.762842,42.727654],[-108.76331,42.727644],[-108.763338,42.727752],[-108.762742,42.727912],[-108.762669,42.727883]]]}},{"type":"Feature","properties":{"id":"excl-a-1027","kind":"exclusion","name":"Creek exclusion zone","acres":5.8,"editable":true,"source":"MAP mesic valley bottoms + 10-yr NDVI persistence + IrrMapper + NWI (V3 rule) + collar shape rules (4 Sep 2026)","strm_type":"Ephemeral","veg_pct":93.4,"pts":10,"enforce":"ok"},"geometry":{"type":"Polygon","coordinates":[[[-108.769712,42.558237],[-108.769718,42.557999],[-108.772987,42.557196],[-108.773008,42.557235],[-108.771474,42.557762],[-108.771311,42.557999],[-108.771496,42.558304],[-108.776101,42.559194],[-108.776089,42.559239],[-108.771914,42.558836],[-108.769712,42.558237]]]}},{"type":"Feature","properties":{"id":"excl-a-1028","kind":"exclusion","name":"Creek exclusion zone","acres":3.1,"editable":true,"source":"MAP mesic valley bottoms + 10-yr NDVI persistence + IrrMapper + NWI (V3 rule) + collar shape rules (4 Sep 2026)","strm_type":"Intermittent","veg_pct":91.0,"pts":10,"enforce":"ok"},"geometry":{"type":"Polygon","coordinates":[[[-108.765141,42.691337],[-108.765097,42.691251],[-108.765872,42.690949],[-108.766316,42.690345],[-108.766518,42.690386],[-108.766502,42.690723],[-108.767142,42.69092],[-108.770095,42.689425],[-108.77014,42.689466],[-108.768193,42.690804],[-108.765141,42.691337]]]}},{"type":"Feature","properties":{"id":"excl-a-1029","kind":"exclusion","name":"Creek exclusion zone","acres":2.1,"editable":true,"source":"MAP mesic valley bottoms + 10-yr NDVI persistence + IrrMapper + NWI (V3 rule) + collar shape rules (4 Sep 2026)","strm_type":"Ephemeral","veg_pct":95.7,"pts":8,"enforce":"ok"},"geometry":{"type":"Polygon","coordinates":[[[-108.769675,42.573908],[-108.769588,42.573722],[-108.770821,42.573082],[-108.771192,42.573226],[-108.771191,42.573563],[-108.771487,42.57379],[-108.771367,42.573946],[-108.770853,42.573857],[-108.769675,42.573908]]]}},{"type":"Feature","properties":{"id":"excl-a-1030","kind":"exclusion","name":"Creek exclusion zone","acres":3.3,"editable":true,"source":"MAP mesic valley bottoms + 10-yr NDVI persistence + IrrMapper + NWI (V3 rule) + collar shape rules (4 Sep 2026)","strm_type":"Ephemeral","veg_pct":95.0,"pts":10,"enforce":"ok"},"geometry":{"type":"Polygon","coordinates":[[[-108.770263,42.553568],[-108.76998,42.552633],[-108.770175,42.551886],[-108.770418,42.551763],[-108.770599,42.551853],[-108.770257,42.553031],[-108.771633,42.554757],[-108.774418,42.554179],[-108.774436,42.554218],[-108.771722,42.555033],[-108.770263,42.553568]]]}},{"type":"Feature","properties":{"id":"excl-a-1031","kind":"exclusion","name":"Creek exclusion zone","acres":10.4,"editable":true,"source":"MAP mesic valley bottoms + 10-yr NDVI persistence + IrrMapper + NWI (V3 rule) + collar shape rules (4 Sep 2026)","strm_type":"Intermittent","veg_pct":56.9,"pts":15,"enforce":"ok"},"geometry":{"type":"Polygon","coordinates":[[[-108.778189,42.722472],[-108.777355,42.72312],[-108.772703,42.724234],[-108.769674,42.726174],[-108.765223,42.727403],[-108.765161,42.727318],[-108.766428,42.726642],[-108.769636,42.725938],[-108.772181,42.724228],[-108.777211,42.722932],[-108.778393,42.721349],[-108.779935,42.720281],[-108.78022,42.720343],[-108.780275,42.720545],[-108.778658,42.721523],[-108.778189,42.722472]]]}},{"type":"Feature","properties":{"id":"excl-a-1032","kind":"exclusion","name":"Creek exclusion zone","acres":0.4,"editable":true,"source":"MAP mesic valley bottoms + 10-yr NDVI persistence + IrrMapper + NWI (V3 rule) + collar shape rules (4 Sep 2026)","strm_type":"Ephemeral","veg_pct":38.3,"pts":5,"enforce":"narrow"},"geometry":{"type":"Polygon","coordinates":[[[-108.769148,42.636067],[-108.768354,42.635388],[-108.768428,42.635303],[-108.768657,42.635352],[-108.769214,42.636031],[-108.769148,42.636067]]]}},{"type":"Feature","properties":{"id":"excl-a-1033","kind":"exclusion","name":"Creek exclusion zone","acres":0.4,"editable":true,"source":"MAP mesic valley bottoms + 10-yr NDVI persistence + IrrMapper + NWI (V3 rule) + collar shape rules (4 Sep 2026)","strm_type":"Ephemeral","veg_pct":86.7,"pts":5,"enforce":"narrow"},"geometry":{"type":"Polygon","coordinates":[[[-108.76656,42.689107],[-108.766534,42.688761],[-108.766996,42.688224],[-108.767085,42.688257],[-108.766645,42.689115],[-108.76656,42.689107]]]}},{"type":"Feature","properties":{"id":"excl-a-1034","kind":"exclusion","name":"Creek exclusion zone","acres":0.5,"editable":true,"source":"MAP mesic valley bottoms + 10-yr NDVI persistence + IrrMapper + NWI (V3 rule) + collar shape rules (4 Sep 2026)","strm_type":"Ephemeral","veg_pct":98.5,"pts":6,"enforce":"narrow"},"geometry":{"type":"Polygon","coordinates":[[[-108.772198,42.545666],[-108.772159,42.54558],[-108.773128,42.545228],[-108.773497,42.545212],[-108.773529,42.545309],[-108.772662,42.545598],[-108.772198,42.545666]]]}},{"type":"Feature","properties":{"id":"excl-a-1035","kind":"exclusion","name":"Creek exclusion zone","acres":1.4,"editable":true,"source":"MAP mesic valley bottoms + 10-yr NDVI persistence + IrrMapper + NWI (V3 rule) + collar shape rules (4 Sep 2026)","strm_type":"Ephemeral","veg_pct":92.2,"pts":6,"enforce":"ok"},"geometry":{"type":"Polygon","coordinates":[[[-108.771176,42.56782],[-108.771421,42.567824],[-108.771688,42.56863],[-108.771689,42.569521],[-108.77156,42.569534],[-108.771045,42.568159],[-108.771176,42.56782]]]}},{"type":"Feature","properties":{"id":"excl-a-1036","kind":"exclusion","name":"Creek exclusion zone","acres":6.2,"editable":true,"source":"MAP mesic valley bottoms + 10-yr NDVI persistence + IrrMapper + NWI (V3 rule) + collar shape rules (4 Sep 2026)","strm_type":"Ephemeral","veg_pct":90.1,"pts":10,"enforce":"ok"},"geometry":{"type":"Polygon","coordinates":[[[-108.775916,42.527631],[-108.775862,42.528108],[-108.775515,42.528187],[-108.774144,42.52693],[-108.774324,42.526662],[-108.776369,42.526713],[-108.777562,42.527353],[-108.777608,42.52756],[-108.777391,42.52769],[-108.776409,42.527404],[-108.775916,42.527631]]]}},{"type":"Feature","properties":{"id":"excl-a-1037","kind":"exclusion","name":"Creek exclusion zone","acres":16.9,"editable":true,"source":"MAP mesic valley bottoms + 10-yr NDVI persistence + IrrMapper + NWI (V3 rule) + collar shape rules (4 Sep 2026)","strm_type":"Perennial","veg_pct":88.5,"pts":21,"enforce":"ok"},"geometry":{"type":"Polygon","coordinates":[[[-108.77939,42.551976],[-108.779301,42.551989],[-108.778505,42.550039],[-108.775754,42.549597],[-108.773171,42.550026],[-108.773086,42.549171],[-108.774865,42.549141],[-108.775535,42.547356],[-108.776549,42.546253],[-108.777745,42.545609],[-108.778696,42.545601],[-108.779516,42.545815],[-108.779489,42.545921],[-108.778241,42.545885],[-108.77691,42.546352],[-108.775622,42.547583],[-108.775271,42.54915],[-108.776394,42.549485],[-108.781048,42.549396],[-108.781185,42.550116],[-108.779197,42.550646],[-108.77939,42.551976]]]}},{"type":"Feature","properties":{"id":"excl-a-1038","kind":"exclusion","name":"Creek exclusion zone","acres":18.7,"editable":true,"source":"MAP mesic valley bottoms + 10-yr NDVI persistence + IrrMapper + NWI (V3 rule) + collar shape rules (4 Sep 2026)","strm_type":"Intermittent","veg_pct":96.8,"pts":25,"enforce":"ok"},"geometry":{"type":"Polygon","coordinates":[[[-108.772923,42.657936],[-108.771738,42.658584],[-108.771157,42.658466],[-108.769491,42.655535],[-108.769492,42.65441],[-108.771985,42.651093],[-108.774472,42.64888],[-108.776925,42.64542],[-108.777066,42.645455],[-108.776893,42.646178],[-108.775435,42.647805],[-108.775486,42.648031],[-108.775816,42.648156],[-108.778456,42.647199],[-108.77849,42.647242],[-108.774494,42.64923],[-108.773221,42.650302],[-108.769915,42.653986],[-108.769681,42.655434],[-108.771667,42.658229],[-108.775575,42.657119],[-108.777734,42.655284],[-108.780074,42.654051],[-108.780125,42.654095],[-108.775782,42.657288],[-108.772923,42.657936]]]}},{"type":"Feature","properties":{"id":"excl-a-1039","kind":"exclusion","name":"Creek exclusion zone","acres":0.3,"editable":true,"source":"MAP mesic valley bottoms + 10-yr NDVI persistence + IrrMapper + NWI (V3 rule) + collar shape rules (4 Sep 2026)","strm_type":"Intermittent","veg_pct":47.9,"pts":6,"enforce":"narrow"},"geometry":{"type":"Polygon","coordinates":[[[-108.767182,42.729949],[-108.767193,42.729836],[-108.767377,42.729789],[-108.767858,42.72997],[-108.767856,42.730088],[-108.767693,42.730145],[-108.767182,42.729949]]]}},{"type":"Feature","properties":{"id":"excl-a-1040","kind":"exclusion","name":"Creek exclusion zone","acres":3.5,"editable":true,"source":"MAP mesic valley bottoms + 10-yr NDVI persistence + IrrMapper + NWI (V3 rule) + collar shape rules (4 Sep 2026)","strm_type":"Ephemeral","veg_pct":96.7,"pts":10,"enforce":"ok"},"geometry":{"type":"Polygon","coordinates":[[[-108.774038,42.641461],[-108.772084,42.639881],[-108.771064,42.638771],[-108.770959,42.638006],[-108.771111,42.637975],[-108.772165,42.63969],[-108.774267,42.641366],[-108.775537,42.641741],[-108.775505,42.641893],[-108.775042,42.641917],[-108.774038,42.641461]]]}},{"type":"Feature","properties":{"id":"excl-a-1041","kind":"exclusion","name":"Creek exclusion zone","acres":3.9,"editable":true,"source":"MAP mesic valley bottoms + 10-yr NDVI persistence + IrrMapper + NWI (V3 rule) + collar shape rules (4 Sep 2026)","strm_type":"Intermittent","veg_pct":54.3,"pts":8,"enforce":"ok"},"geometry":{"type":"Polygon","coordinates":[[[-108.774944,42.728308],[-108.770165,42.729707],[-108.770158,42.729696],[-108.774357,42.728347],[-108.778193,42.725622],[-108.780006,42.725018],[-108.780036,42.725059],[-108.77801,42.725984],[-108.774944,42.728308]]]}},{"type":"Feature","properties":{"id":"excl-a-1042","kind":"exclusion","name":"Creek exclusion zone","acres":1.1,"editable":true,"source":"MAP mesic valley bottoms + 10-yr NDVI persistence + IrrMapper + NWI (V3 rule) + collar shape rules (4 Sep 2026)","strm_type":"Ephemeral","veg_pct":71.8,"pts":5,"enforce":"ok"},"geometry":{"type":"Polygon","coordinates":[[[-108.777411,42.555455],[-108.777377,42.555271],[-108.779156,42.554721],[-108.779215,42.554798],[-108.77794,42.555504],[-108.777411,42.555455]]]}},{"type":"Feature","properties":{"id":"excl-a-1043","kind":"exclusion","name":"Creek exclusion zone","acres":3.8,"editable":true,"source":"MAP mesic valley bottoms + 10-yr NDVI persistence + IrrMapper + NWI (V3 rule) + collar shape rules (4 Sep 2026)","strm_type":"Ephemeral","veg_pct":97.2,"pts":7,"enforce":"ok"},"geometry":{"type":"Polygon","coordinates":[[[-108.778336,42.521512],[-108.779078,42.519837],[-108.779322,42.519848],[-108.779474,42.520427],[-108.780226,42.520354],[-108.780366,42.520563],[-108.778979,42.521604],[-108.778336,42.521512]]]}},{"type":"Feature","properties":{"id":"excl-a-1044","kind":"exclusion","name":"Creek exclusion zone","acres":0.1,"editable":true,"source":"MAP mesic valley bottoms + 10-yr NDVI persistence + IrrMapper + NWI (V3 rule) + collar shape rules (4 Sep 2026)","strm_type":"Ephemeral","veg_pct":97.6,"pts":4,"enforce":"narrow"},"geometry":{"type":"Polygon","coordinates":[[[-108.775156,42.62661],[-108.775397,42.625529],[-108.775414,42.625531],[-108.775226,42.626609],[-108.775156,42.62661]]]}},{"type":"Feature","properties":{"id":"excl-a-1045","kind":"exclusion","name":"Creek exclusion zone","acres":3.7,"editable":true,"source":"MAP mesic valley bottoms + 10-yr NDVI persistence + IrrMapper + NWI (V3 rule) + collar shape rules (4 Sep 2026)","strm_type":"Ephemeral","veg_pct":50.1,"pts":6,"enforce":"ok"},"geometry":{"type":"Polygon","coordinates":[[[-108.778194,42.572865],[-108.778086,42.572788],[-108.779696,42.571092],[-108.780075,42.57115],[-108.780379,42.572232],[-108.778822,42.572513],[-108.778194,42.572865]]]}},{"type":"Feature","properties":{"id":"excl-a-1046","kind":"exclusion","name":"Creek exclusion zone","acres":1.9,"editable":true,"source":"MAP mesic valley bottoms + 10-yr NDVI persistence + IrrMapper + NWI (V3 rule) + collar shape rules (4 Sep 2026)","strm_type":"Ephemeral","veg_pct":51.0,"pts":6,"enforce":"ok"},"geometry":{"type":"Polygon","coordinates":[[[-108.779893,42.535584],[-108.779719,42.535261],[-108.780504,42.534274],[-108.780805,42.534246],[-108.78098,42.534375],[-108.78026,42.535663],[-108.779893,42.535584]]]}},{"type":"Feature","properties":{"id":"excl-a-1047","kind":"exclusion","name":"Creek exclusion zone","acres":15.0,"editable":true,"source":"MAP mesic valley bottoms + 10-yr NDVI persistence + IrrMapper + NWI (V3 rule) + collar shape rules (4 Sep 2026)","strm_type":"Perennial","veg_pct":96.3,"pts":22,"enforce":"ok"},"geometry":{"type":"Polygon","coordinates":[[[-108.778908,42.773204],[-108.776533,42.774476],[-108.776298,42.775981],[-108.776155,42.776072],[-108.77611,42.776049],[-108.776158,42.775966],[-108.775449,42.775736],[-108.774768,42.775405],[-108.774665,42.775453],[-108.774602,42.775416],[-108.774763,42.775083],[-108.774895,42.775057],[-108.774987,42.775117],[-108.775506,42.77467],[-108.775666,42.774462],[-108.775727,42.774089],[-108.775461,42.774073],[-108.775325,42.773917],[-108.775394,42.773774],[-108.776936,42.77329],[-108.779041,42.771392],[-108.779927,42.771919],[-108.778908,42.773204]]]}},{"type":"Feature","properties":{"id":"excl-a-1048","kind":"exclusion","name":"Creek exclusion zone","acres":16.3,"editable":true,"source":"MAP mesic valley bottoms + 10-yr NDVI persistence + IrrMapper + NWI (V3 rule) + collar shape rules (4 Sep 2026)","strm_type":"Perennial","veg_pct":93.4,"pts":13,"enforce":"ok"},"geometry":{"type":"Polygon","coordinates":[[[-108.779208,42.771242],[-108.779946,42.769398],[-108.781015,42.769105],[-108.781594,42.76851],[-108.78285,42.768764],[-108.784138,42.767805],[-108.784525,42.76799],[-108.783611,42.769314],[-108.781958,42.769498],[-108.78121,42.771344],[-108.780222,42.771546],[-108.779927,42.771919],[-108.779041,42.771392],[-108.779208,42.771242]]]}},{"type":"Feature","properties":{"id":"excl-a-1049","kind":"exclusion","name":"Creek exclusion zone","acres":15.7,"editable":true,"source":"MAP mesic valley bottoms + 10-yr NDVI persistence + IrrMapper + NWI (V3 rule) + collar shape rules (4 Sep 2026)","strm_type":"Perennial","veg_pct":97.6,"pts":14,"enforce":"ok"},"geometry":{"type":"Polygon","coordinates":[[[-108.773328,42.778724],[-108.774185,42.779405],[-108.774372,42.780511],[-108.773624,42.781232],[-108.773144,42.781185],[-108.772403,42.779836],[-108.772712,42.776997],[-108.774127,42.776401],[-108.774378,42.775881],[-108.774686,42.77581],[-108.774905,42.775926],[-108.775417,42.776107],[-108.77549,42.7765],[-108.773352,42.777873],[-108.773328,42.778724]]]}},{"type":"Feature","properties":{"id":"excl-a-1050","kind":"exclusion","name":"Creek exclusion zone","acres":0.1,"editable":true,"source":"MAP mesic valley bottoms + 10-yr NDVI persistence + IrrMapper + NWI (V3 rule) + collar shape rules (4 Sep 2026)","strm_type":"Perennial","veg_pct":99.1,"pts":7,"enforce":"ok"},"geometry":{"type":"Polygon","coordinates":[[[-108.774927,42.775573],[-108.774922,42.775708],[-108.774853,42.775756],[-108.774761,42.775772],[-108.774605,42.775702],[-108.77461,42.775567],[-108.774771,42.775502],[-108.774927,42.775573]]]}},{"type":"Feature","properties":{"id":"excl-a-1051","kind":"exclusion","name":"Creek exclusion zone","acres":0.4,"editable":true,"source":"MAP mesic valley bottoms + 10-yr NDVI persistence + IrrMapper + NWI (V3 rule) + collar shape rules (4 Sep 2026)","strm_type":"Ephemeral","veg_pct":98.6,"pts":6,"enforce":"ok"},"geometry":{"type":"Polygon","coordinates":[[[-108.780004,42.64189],[-108.780061,42.641846],[-108.780128,42.641852],[-108.780478,42.642407],[-108.780354,42.64256],[-108.78014,42.642569],[-108.780004,42.64189]]]}},{"type":"Feature","properties":{"id":"excl-a-1052","kind":"exclusion","name":"Creek exclusion zone","acres":0.2,"editable":true,"source":"MAP mesic valley bottoms + 10-yr NDVI persistence + IrrMapper + NWI (V3 rule) + collar shape rules (4 Sep 2026)","strm_type":"Perennial","veg_pct":97.6,"pts":5,"enforce":"narrow"},"geometry":{"type":"Polygon","coordinates":[[[-108.780397,42.658565],[-108.780002,42.658444],[-108.780024,42.658335],[-108.780322,42.65831],[-108.78049,42.658478],[-108.780397,42.658565]]]}},{"type":"Feature","properties":{"id":"excl-a-1053","kind":"exclusion","name":"Creek exclusion zone","acres":0.4,"editable":true,"source":"MAP mesic valley bottoms + 10-yr NDVI persistence + IrrMapper + NWI (V3 rule) + collar shape rules (4 Sep 2026)","strm_type":"Intermittent","veg_pct":97.6,"pts":6,"enforce":"ok"},"geometry":{"type":"Polygon","coordinates":[[[-108.77987,42.697543],[-108.779886,42.697426],[-108.780135,42.697384],[-108.780584,42.69751],[-108.780622,42.697651],[-108.780489,42.697745],[-108.77987,42.697543]]]}},{"type":"Feature","properties":{"id":"excl-a-1054","kind":"exclusion","name":"Creek exclusion zone","acres":0.5,"editable":true,"source":"MAP mesic valley bottoms + 10-yr NDVI persistence + IrrMapper + NWI (V3 rule) + collar shape rules (4 Sep 2026)","strm_type":"Perennial","veg_pct":60.0,"pts":5,"enforce":"ok"},"geometry":{"type":"Polygon","coordinates":[[[-108.786329,42.628057],[-108.786309,42.627985],[-108.787607,42.627684],[-108.787688,42.627789],[-108.787403,42.627978],[-108.786329,42.628057]]]}},{"type":"Feature","properties":{"id":"excl-a-1055","kind":"exclusion","name":"Creek exclusion zone","acres":0.3,"editable":true,"source":"MAP mesic valley bottoms + 10-yr NDVI persistence + IrrMapper + NWI (V3 rule) + collar shape rules (4 Sep 2026)","strm_type":"Perennial","veg_pct":60.0,"pts":6,"enforce":"narrow"},"geometry":{"type":"Polygon","coordinates":[[[-108.791532,42.62755],[-108.791555,42.627499],[-108.791627,42.627488],[-108.79227,42.627842],[-108.792222,42.627934],[-108.791975,42.627916],[-108.791532,42.62755]]]}},{"type":"Feature","properties":{"id":"excl-a-1056","kind":"exclusion","name":"Creek exclusion zone","acres":0.1,"editable":true,"source":"MAP mesic valley bottoms + 10-yr NDVI persistence + IrrMapper + NWI (V3 rule) + collar shape rules (4 Sep 2026)","strm_type":"Perennial","veg_pct":60.0,"pts":5,"enforce":"narrow"},"geometry":{"type":"Polygon","coordinates":[[[-108.790319,42.627404],[-108.7898,42.627388],[-108.789786,42.62731],[-108.790082,42.627243],[-108.790343,42.627328],[-108.790319,42.627404]]]}},{"type":"Feature","properties":{"id":"excl-a-1057","kind":"exclusion","name":"Creek exclusion zone","acres":0.8,"editable":true,"source":"MAP mesic valley bottoms + 10-yr NDVI persistence + IrrMapper + NWI (V3 rule) + collar shape rules (4 Sep 2026)","strm_type":"Perennial","veg_pct":60.0,"pts":6,"enforce":"ok"},"geometry":{"type":"Polygon","coordinates":[[[-108.795317,42.6287],[-108.795316,42.628628],[-108.796774,42.628202],[-108.797028,42.628309],[-108.796997,42.628466],[-108.795445,42.628736],[-108.795317,42.6287]]]}},{"type":"Feature","properties":{"id":"irr-a-fb242a7ca2d5","kind":"exclusion","name":"Watered ground","acres":3.5,"editable":true,"source":"MAP mesic valley bottoms + 10-yr NDVI persistence + IrrMapper + NWI (V3 rule, 3 Sep 2026)","strm_type":"Ephemeral","veg_pct":94.9,"green10":10,"irr_freq":0.25,"enforce":"irrigated"},"geometry":{"type":"Polygon","coordinates":[[[-108.74028,42.61896],[-108.73958,42.618772],[-108.73958,42.618126],[-108.73921,42.617849],[-108.739397,42.617569],[-108.741047,42.617662],[-108.74028,42.61896]]]}},{"type":"Feature","properties":{"id":"irr-a-c576de39e713","kind":"exclusion","name":"Watered ground","acres":0.8,"editable":true,"source":"MAP mesic valley bottoms + 10-yr NDVI persistence + IrrMapper + NWI (V3 rule, 3 Sep 2026)","strm_type":"Intermittent","veg_pct":93.5,"green10":10,"irr_freq":0.3,"enforce":"irrigated"},"geometry":{"type":"MultiPolygon","coordinates":[[[[-108.667267,42.663863],[-108.667267,42.664037],[-108.666897,42.663818],[-108.666991,42.663493],[-108.667361,42.663087],[-108.667731,42.663212],[-108.667267,42.663863]]],[[[-108.667361,42.66409],[-108.667289,42.66405],[-108.667361,42.66405],[-108.667361,42.66409]]]]}},{"type":"Feature","properties":{"id":"irr-a-74325f7dbed5","kind":"exclusion","name":"Watered ground","acres":1.2,"editable":true,"source":"MAP mesic valley bottoms + 10-yr NDVI persistence + IrrMapper + NWI (V3 rule, 3 Sep 2026)","strm_type":"Intermittent","veg_pct":97.5,"green10":10,"irr_freq":0.57,"enforce":"irrigated"},"geometry":{"type":"Polygon","coordinates":[[[-108.666897,42.664603],[-108.666808,42.664906],[-108.666438,42.664603],[-108.666621,42.663957],[-108.666897,42.663818],[-108.667361,42.66409],[-108.666897,42.664603]]]}},{"type":"Feature","properties":{"id":"irr-a-8bdf6da128a0","kind":"exclusion","name":"Watered ground","acres":1.5,"editable":true,"source":"MAP mesic valley bottoms + 10-yr NDVI persistence + IrrMapper + NWI (V3 rule, 3 Sep 2026)","strm_type":"Intermittent","veg_pct":92.9,"green10":10,"irr_freq":0.22,"enforce":"irrigated"},"geometry":{"type":"Polygon","coordinates":[[[-108.665693,42.666735],[-108.665323,42.667011],[-108.664676,42.666668],[-108.664953,42.666177],[-108.664676,42.665861],[-108.66551,42.666092],[-108.665693,42.666735]]]}},{"type":"Feature","properties":{"id":"irr-a-704c19f9307d","kind":"exclusion","name":"Watered ground","acres":1.4,"editable":true,"source":"MAP mesic valley bottoms + 10-yr NDVI persistence + IrrMapper + NWI (V3 rule, 3 Sep 2026)","strm_type":"Intermittent","veg_pct":94.0,"green10":10,"irr_freq":0.3,"enforce":"irrigated"},"geometry":{"type":"Polygon","coordinates":[[[-108.664864,42.667751],[-108.664155,42.667381],[-108.664676,42.666668],[-108.665287,42.667011],[-108.664864,42.667751]]]}},{"type":"Feature","properties":{"id":"irr-a-e88e729f40e7","kind":"exclusion","name":"Watered ground","acres":1.1,"editable":true,"source":"MAP mesic valley bottoms + 10-yr NDVI persistence + IrrMapper + NWI (V3 rule, 3 Sep 2026)","strm_type":"Intermittent","veg_pct":79.3,"green10":10,"irr_freq":0.36,"enforce":"irrigated"},"geometry":{"type":"Polygon","coordinates":[[[-108.661341,42.67201],[-108.661675,42.671827],[-108.661992,42.672157],[-108.661898,42.672661],[-108.660882,42.673124],[-108.661341,42.672754],[-108.661341,42.67201]],[[-108.661528,42.67238],[-108.661528,42.672197],[-108.661435,42.672197],[-108.661528,42.67238]]]}},{"type":"Feature","properties":{"id":"irr-a-de5a1aa487c0","kind":"exclusion","name":"Watered ground","acres":0.9,"editable":true,"source":"MAP mesic valley bottoms + 10-yr NDVI persistence + IrrMapper + NWI (V3 rule, 3 Sep 2026)","strm_type":"Intermittent","veg_pct":80.8,"green10":10,"irr_freq":0.2,"enforce":"irrigated"},"geometry":{"type":"Polygon","coordinates":[[[-108.663749,42.670529],[-108.663379,42.670855],[-108.663013,42.670436],[-108.66329,42.670346],[-108.66366,42.669789],[-108.663936,42.66999],[-108.663749,42.670529]]]}},{"type":"Feature","properties":{"id":"irr-a-54dfe4e8133f","kind":"exclusion","name":"Watered ground","acres":1.2,"editable":true,"source":"MAP mesic valley bottoms + 10-yr NDVI persistence + IrrMapper + NWI (V3 rule, 3 Sep 2026)","strm_type":"Intermittent","veg_pct":84.4,"green10":10,"irr_freq":0.3,"enforce":"irrigated"},"geometry":{"type":"Polygon","coordinates":[[[-108.662826,42.671269],[-108.662826,42.67155],[-108.662161,42.671087],[-108.662545,42.670993],[-108.662915,42.670436],[-108.663379,42.670855],[-108.662826,42.671269]]]}},{"type":"Feature","properties":{"id":"irr-a-bfb1400b1744","kind":"exclusion","name":"Watered ground","acres":1.3,"editable":true,"source":"MAP mesic valley bottoms + 10-yr NDVI persistence + IrrMapper + NWI (V3 rule, 3 Sep 2026)","strm_type":"Intermittent","veg_pct":80.3,"green10":10,"irr_freq":0.46,"enforce":"irrigated"},"geometry":{"type":"Polygon","coordinates":[[[-108.662638,42.67192],[-108.661992,42.672157],[-108.661675,42.671827],[-108.662086,42.67155],[-108.662086,42.671087],[-108.662772,42.67155],[-108.662638,42.67192]]]}},{"type":"Feature","properties":{"id":"irr-a-5b796088a4b3","kind":"exclusion","name":"Watered ground","acres":0.3,"editable":true,"source":"MAP mesic valley bottoms + 10-yr NDVI persistence + IrrMapper + NWI (V3 rule, 3 Sep 2026)","strm_type":"Perennial","veg_pct":96.6,"green10":10,"irr_freq":0.2,"enforce":"irrigated"},"geometry":{"type":"Polygon","coordinates":[[[-108.692733,42.649884],[-108.692363,42.649237],[-108.692457,42.64905],[-108.692916,42.649696],[-108.692733,42.649884]]]}},{"type":"Feature","properties":{"id":"irr-a-a6b5db7374c8","kind":"exclusion","name":"Watered ground","acres":0.7,"editable":true,"source":"MAP mesic valley bottoms + 10-yr NDVI persistence + IrrMapper + NWI (V3 rule, 3 Sep 2026)","strm_type":"Perennial","veg_pct":89.4,"green10":10,"irr_freq":0.28,"enforce":"irrigated"},"geometry":{"type":"Polygon","coordinates":[[[-108.707916,42.64266],[-108.707372,42.642847],[-108.70727,42.642477],[-108.708099,42.642107],[-108.708295,42.64229],[-108.707916,42.64266]]]}},{"type":"Feature","properties":{"id":"irr-a-d269569dd910","kind":"exclusion","name":"Watered ground","acres":2.2,"editable":true,"source":"MAP mesic valley bottoms + 10-yr NDVI persistence + IrrMapper + NWI (V3 rule, 3 Sep 2026)","strm_type":"Perennial","veg_pct":99.9,"green10":10,"irr_freq":0.23,"enforce":"irrigated"},"geometry":{"type":"Polygon","coordinates":[[[-108.71514,42.622201],[-108.714547,42.622291],[-108.713936,42.621131],[-108.714306,42.621087],[-108.714489,42.62081],[-108.715046,42.620913],[-108.714859,42.621831],[-108.71514,42.622201]]]}},{"type":"Feature","properties":{"id":"irr-a-b72bc6729112","kind":"exclusion","name":"Watered ground","acres":2.1,"editable":true,"source":"MAP mesic valley bottoms + 10-yr NDVI persistence + IrrMapper + NWI (V3 rule, 3 Sep 2026)","strm_type":"Perennial","veg_pct":94.2,"green10":10,"irr_freq":0.24,"enforce":"irrigated"},"geometry":{"type":"Polygon","coordinates":[[[-108.664489,42.676085],[-108.664119,42.676085],[-108.66366,42.676362],[-108.663936,42.677374],[-108.66329,42.677659],[-108.662915,42.677013],[-108.664043,42.675898],[-108.664489,42.675898],[-108.664489,42.676085]]]}},{"type":"Feature","properties":{"id":"irr-a-47c761ac5325","kind":"exclusion","name":"Watered ground","acres":17.7,"editable":true,"source":"MAP mesic valley bottoms + 10-yr NDVI persistence + IrrMapper + NWI (V3 rule, 3 Sep 2026)","strm_type":"Perennial","veg_pct":97.3,"green10":10,"irr_freq":0.35,"enforce":"irrigated"},"geometry":{"type":"Polygon","coordinates":[[[-108.678009,42.677753],[-108.676899,42.677472],[-108.676435,42.678123],[-108.676529,42.679046],[-108.676065,42.679421],[-108.675276,42.679421],[-108.674027,42.677196],[-108.674491,42.676732],[-108.674861,42.676732],[-108.675231,42.676362],[-108.675788,42.676273],[-108.678009,42.676549],[-108.678384,42.677383],[-108.678009,42.677753]]]}},{"type":"Feature","properties":{"id":"irr-a-90f822da7d05","kind":"exclusion","name":"Watered ground","acres":2.6,"editable":true,"source":"MAP mesic valley bottoms + 10-yr NDVI persistence + IrrMapper + NWI (V3 rule, 3 Sep 2026)","strm_type":"Perennial","veg_pct":96.5,"green10":10,"irr_freq":0.25,"enforce":"irrigated"},"geometry":{"type":"Polygon","coordinates":[[[-108.666063,42.679755],[-108.664583,42.679911],[-108.664516,42.679327],[-108.665234,42.678729],[-108.665787,42.679046],[-108.666063,42.679755]]]}},{"type":"Feature","properties":{"id":"irr-a-93d6e691e2e8","kind":"exclusion","name":"Watered ground","acres":20.5,"editable":true,"source":"MAP mesic valley bottoms + 10-yr NDVI persistence + IrrMapper + NWI (V3 rule, 3 Sep 2026)","strm_type":"Perennial","veg_pct":97.6,"green10":10,"irr_freq":0.72,"enforce":"irrigated"},"geometry":{"type":"MultiPolygon","coordinates":[[[[-108.675231,42.679421],[-108.675231,42.679349],[-108.675276,42.679421],[-108.675231,42.679421]]],[[[-108.674491,42.679421],[-108.673657,42.680437],[-108.672823,42.68062],[-108.67264,42.681436],[-108.670973,42.680228],[-108.671249,42.678676],[-108.67153,42.6784],[-108.671806,42.6784],[-108.672359,42.677753],[-108.673751,42.677936],[-108.674027,42.677472],[-108.675213,42.679327],[-108.674491,42.679421]]]]}},{"type":"Feature","properties":{"id":"irr-a-59949d76e228","kind":"exclusion","name":"Watered ground","acres":2.8,"editable":true,"source":"MAP mesic valley bottoms + 10-yr NDVI persistence + IrrMapper + NWI (V3 rule, 3 Sep 2026)","strm_type":"Perennial","veg_pct":96.9,"green10":10,"irr_freq":0.61,"enforce":"irrigated"},"geometry":{"type":"Polygon","coordinates":[[[-108.665974,42.680714],[-108.664583,42.68066],[-108.664583,42.679911],[-108.666063,42.679755],[-108.665974,42.680714]]]}},{"type":"Feature","properties":{"id":"irr-a-11407e2abf58","kind":"exclusion","name":"Watered ground","acres":17.9,"editable":true,"source":"MAP mesic valley bottoms + 10-yr NDVI persistence + IrrMapper + NWI (V3 rule, 3 Sep 2026)","strm_type":"Perennial","veg_pct":97.5,"green10":10,"irr_freq":0.6,"enforce":"irrigated"},"geometry":{"type":"Polygon","coordinates":[[[-108.672083,42.681641],[-108.67153,42.682381],[-108.6719,42.682752],[-108.67153,42.683028],[-108.671436,42.683585],[-108.670509,42.684232],[-108.670602,42.684937],[-108.668471,42.682845],[-108.669305,42.682288],[-108.669862,42.681548],[-108.670696,42.681178],[-108.670973,42.680228],[-108.67264,42.681436],[-108.672083,42.681641]]]}},{"type":"Feature","properties":{"id":"irr-a-5937f58a7407","kind":"exclusion","name":"Watered ground","acres":29.6,"editable":true,"source":"MAP mesic valley bottoms + 10-yr NDVI persistence + IrrMapper + NWI (V3 rule, 3 Sep 2026)","strm_type":"Perennial","veg_pct":96.2,"green10":10,"irr_freq":0.41,"enforce":"irrigated"},"geometry":{"type":"Polygon","coordinates":[[[-108.669305,42.685993],[-108.668471,42.686083],[-108.667178,42.687077],[-108.665604,42.685449],[-108.665787,42.68516],[-108.665234,42.684326],[-108.665234,42.683768],[-108.665604,42.683585],[-108.66588,42.683028],[-108.665046,42.682194],[-108.665323,42.681824],[-108.665234,42.681454],[-108.665787,42.681454],[-108.66588,42.681641],[-108.666063,42.681548],[-108.665974,42.682105],[-108.666344,42.682475],[-108.666344,42.683122],[-108.666621,42.683398],[-108.666621,42.683768],[-108.666344,42.684049],[-108.666527,42.684789],[-108.666714,42.684789],[-108.666991,42.684232],[-108.668471,42.682881],[-108.670602,42.684937],[-108.669305,42.685993]]]}},{"type":"Feature","properties":{"id":"irr-a-1dc6b05e4d7a","kind":"exclusion","name":"Watered ground","acres":13.2,"editable":true,"source":"MAP mesic valley bottoms + 10-yr NDVI persistence + IrrMapper + NWI (V3 rule, 3 Sep 2026)","strm_type":"Perennial","veg_pct":95.1,"green10":10,"irr_freq":0.22,"enforce":"irrigated"},"geometry":{"type":"Polygon","coordinates":[[[-108.66625,42.687287],[-108.66588,42.688214],[-108.66514,42.688954],[-108.664489,42.689141],[-108.664306,42.689418],[-108.663379,42.68887],[-108.663936,42.687844],[-108.665046,42.686916],[-108.665046,42.686083],[-108.665604,42.685712],[-108.665604,42.685449],[-108.667178,42.687077],[-108.66625,42.687287]]]}},{"type":"Feature","properties":{"id":"irr-a-e81b0cba6e0d","kind":"exclusion","name":"Watered ground","acres":3.0,"editable":true,"source":"MAP mesic valley bottoms + 10-yr NDVI persistence + IrrMapper + NWI (V3 rule, 3 Sep 2026)","strm_type":"Perennial","veg_pct":100.0,"green10":10,"irr_freq":0.21,"enforce":"irrigated"},"geometry":{"type":"Polygon","coordinates":[[[-108.713035,42.622108],[-108.713245,42.62081],[-108.713936,42.621131],[-108.714547,42.622291],[-108.713035,42.622108]]]}},{"type":"Feature","properties":{"id":"irr-a-2207ab205da7","kind":"exclusion","name":"Watered ground","acres":1.1,"editable":true,"source":"MAP mesic valley bottoms + 10-yr NDVI persistence + IrrMapper + NWI (V3 rule, 3 Sep 2026)","strm_type":"Intermittent","veg_pct":70.2,"green10":9,"irr_freq":0.26,"enforce":"irrigated"},"geometry":{"type":"Polygon","coordinates":[[[-108.627465,42.619236],[-108.627086,42.61933],[-108.626622,42.618496],[-108.627175,42.618683],[-108.627456,42.618407],[-108.627639,42.618527],[-108.627465,42.619236]]]}},{"type":"Feature","properties":{"id":"irr-a-9dcd865f03f6","kind":"exclusion","name":"Watered ground","acres":0.9,"editable":true,"source":"MAP mesic valley bottoms + 10-yr NDVI persistence + IrrMapper + NWI (V3 rule, 3 Sep 2026)","strm_type":"Intermittent","veg_pct":92.4,"green10":10,"irr_freq":0.75,"enforce":"irrigated"},"geometry":{"type":"Polygon","coordinates":[[[-108.627733,42.620164],[-108.627175,42.619343],[-108.627545,42.619236],[-108.628165,42.619794],[-108.627733,42.620164]]]}},{"type":"Feature","properties":{"id":"irr-a-9cb978f91356","kind":"exclusion","name":"Watered ground","acres":0.9,"editable":true,"source":"MAP mesic valley bottoms + 10-yr NDVI persistence + IrrMapper + NWI (V3 rule, 3 Sep 2026)","strm_type":"Intermittent","veg_pct":99.1,"green10":10,"irr_freq":0.27,"enforce":"irrigated"},"geometry":{"type":"Polygon","coordinates":[[[-108.628473,42.62081],[-108.627742,42.620164],[-108.628165,42.619794],[-108.628379,42.619976],[-108.62829,42.620257],[-108.628749,42.620534],[-108.628473,42.62081]]]}},{"type":"Feature","properties":{"id":"irr-a-63956ffe0355","kind":"exclusion","name":"Watered ground","acres":1.5,"editable":true,"source":"MAP mesic valley bottoms + 10-yr NDVI persistence + IrrMapper + NWI (V3 rule, 3 Sep 2026)","strm_type":"Intermittent","veg_pct":89.4,"green10":10,"irr_freq":0.26,"enforce":"irrigated"},"geometry":{"type":"Polygon","coordinates":[[[-108.630787,42.625711],[-108.630141,42.625412],[-108.630323,42.624792],[-108.630881,42.624658],[-108.631157,42.62498],[-108.630787,42.625711]]]}},{"type":"Feature","properties":{"id":"irr-a-02846e468ded","kind":"exclusion","name":"Watered ground","acres":1.3,"editable":true,"source":"MAP mesic valley bottoms + 10-yr NDVI persistence + IrrMapper + NWI (V3 rule, 3 Sep 2026)","strm_type":"Intermittent","veg_pct":95.2,"green10":10,"irr_freq":0.36,"enforce":"irrigated"},"geometry":{"type":"Polygon","coordinates":[[[-108.630511,42.625903],[-108.630604,42.626273],[-108.630417,42.626518],[-108.62977,42.626224],[-108.630141,42.625412],[-108.630787,42.625711],[-108.630511,42.625903]]]}},{"type":"Feature","properties":{"id":"irr-a-9fee243d98c8","kind":"exclusion","name":"Watered ground","acres":1.2,"editable":true,"source":"MAP mesic valley bottoms + 10-yr NDVI persistence + IrrMapper + NWI (V3 rule, 3 Sep 2026)","strm_type":"Intermittent","veg_pct":86.7,"green10":10,"irr_freq":0.22,"enforce":"irrigated"},"geometry":{"type":"Polygon","coordinates":[[[-108.630234,42.626924],[-108.62977,42.627267],[-108.6294,42.626924],[-108.62977,42.626224],[-108.630417,42.626518],[-108.630234,42.626924]]]}},{"type":"Feature","properties":{"id":"irr-a-e6103b4e1f5c","kind":"exclusion","name":"Watered ground","acres":0.9,"editable":true,"source":"MAP mesic valley bottoms + 10-yr NDVI persistence + IrrMapper + NWI (V3 rule, 3 Sep 2026)","strm_type":"Intermittent","veg_pct":89.4,"green10":10,"irr_freq":0.26,"enforce":"irrigated"},"geometry":{"type":"Polygon","coordinates":[[[-108.6294,42.628498],[-108.629307,42.628498],[-108.6294,42.62757],[-108.628937,42.627477],[-108.629307,42.627013],[-108.62977,42.627267],[-108.6294,42.628498]]]}},{"type":"Feature","properties":{"id":"irr-a-06c051718104","kind":"exclusion","name":"Watered ground","acres":1.8,"editable":true,"source":"MAP mesic valley bottoms + 10-yr NDVI persistence + IrrMapper + NWI (V3 rule, 3 Sep 2026)","strm_type":"Perennial","veg_pct":92.5,"green10":10,"irr_freq":0.47,"enforce":"irrigated"},"geometry":{"type":"Polygon","coordinates":[[[-108.629307,42.628244],[-108.62866,42.628672],[-108.628237,42.62794],[-108.628455,42.627664],[-108.62866,42.627753],[-108.628937,42.62757],[-108.6294,42.62757],[-108.629307,42.628244]]]}},{"type":"Feature","properties":{"id":"irr-a-4111c2e3f4cf","kind":"exclusion","name":"Watered ground","acres":0.7,"editable":true,"source":"MAP mesic valley bottoms + 10-yr NDVI persistence + IrrMapper + NWI (V3 rule, 3 Sep 2026)","strm_type":"Perennial","veg_pct":97.6,"green10":10,"irr_freq":0.24,"enforce":"irrigated"},"geometry":{"type":"Polygon","coordinates":[[[-108.635697,42.632105],[-108.635327,42.632493],[-108.635139,42.632105],[-108.635327,42.631922],[-108.636098,42.631829],[-108.63616,42.631949],[-108.635697,42.632105]]]}},{"type":"Feature","properties":{"id":"irr-a-080248759e2d","kind":"exclusion","name":"Watered ground","acres":1.9,"editable":true,"source":"MAP mesic valley bottoms + 10-yr NDVI persistence + IrrMapper + NWI (V3 rule, 3 Sep 2026)","strm_type":"Perennial","veg_pct":95.9,"green10":10,"irr_freq":0.35,"enforce":"irrigated"},"geometry":{"type":"Polygon","coordinates":[[[-108.625418,42.618683],[-108.625418,42.618884],[-108.624772,42.618393],[-108.624955,42.618219],[-108.624861,42.617943],[-108.625512,42.617359],[-108.625873,42.618402],[-108.625418,42.618683]]]}},{"type":"Feature","properties":{"id":"irr-a-a7fd36f59e60","kind":"exclusion","name":"Watered ground","acres":0.8,"editable":true,"source":"MAP mesic valley bottoms + 10-yr NDVI persistence + IrrMapper + NWI (V3 rule, 3 Sep 2026)","strm_type":"Perennial","veg_pct":96.8,"green10":10,"irr_freq":0.23,"enforce":"irrigated"},"geometry":{"type":"Polygon","coordinates":[[[-108.63175,42.632845],[-108.631621,42.632756],[-108.631438,42.632043],[-108.631808,42.631962],[-108.632085,42.632663],[-108.63175,42.632845]]]}},{"type":"Feature","properties":{"id":"irr-a-0d5e8b9ea1e2","kind":"exclusion","name":"Watered ground","acres":1.2,"editable":true,"source":"MAP mesic valley bottoms + 10-yr NDVI persistence + IrrMapper + NWI (V3 rule, 3 Sep 2026)","strm_type":"Perennial","veg_pct":96.5,"green10":10,"irr_freq":0.9,"enforce":"irrigated"},"geometry":{"type":"Polygon","coordinates":[[[-108.635233,42.632756],[-108.634493,42.632939],[-108.634172,42.632475],[-108.635139,42.632185],[-108.635233,42.632756]]]}},{"type":"Feature","properties":{"id":"irr-a-44d116afb280","kind":"exclusion","name":"Watered ground","acres":1.7,"editable":true,"source":"MAP mesic valley bottoms + 10-yr NDVI persistence + IrrMapper + NWI (V3 rule, 3 Sep 2026)","strm_type":"Perennial","veg_pct":97.2,"green10":10,"irr_freq":0.5,"enforce":"irrigated"},"geometry":{"type":"Polygon","coordinates":[[[-108.633842,42.633429],[-108.633195,42.633033],[-108.633195,42.632569],[-108.634172,42.632475],[-108.634341,42.632845],[-108.633842,42.633429]]]}},{"type":"Feature","properties":{"id":"irr-a-b019dfe90174","kind":"exclusion","name":"Watered ground","acres":0.8,"editable":true,"source":"MAP mesic valley bottoms + 10-yr NDVI persistence + IrrMapper + NWI (V3 rule, 3 Sep 2026)","strm_type":"Perennial","veg_pct":97.1,"green10":10,"irr_freq":0.37,"enforce":"irrigated"},"geometry":{"type":"Polygon","coordinates":[[[-108.632178,42.635423],[-108.631897,42.635441],[-108.631808,42.63458],[-108.632178,42.634553],[-108.632178,42.635423]]]}},{"type":"Feature","properties":{"id":"irr-a-cda1ee71b8d6","kind":"exclusion","name":"Watered ground","acres":0.8,"editable":true,"source":"MAP mesic valley bottoms + 10-yr NDVI persistence + IrrMapper + NWI (V3 rule, 3 Sep 2026)","strm_type":"Perennial","veg_pct":97.5,"green10":10,"irr_freq":0.33,"enforce":"irrigated"},"geometry":{"type":"Polygon","coordinates":[[[-108.637547,42.643311],[-108.637547,42.643819],[-108.637177,42.643699],[-108.637271,42.643124],[-108.637083,42.642959],[-108.637547,42.642825],[-108.637547,42.643311]]]}},{"type":"Feature","properties":{"id":"irr-a-dba3be8f18f5","kind":"exclusion","name":"Watered ground","acres":1.4,"editable":true,"source":"MAP mesic valley bottoms + 10-yr NDVI persistence + IrrMapper + NWI (V3 rule, 3 Sep 2026)","strm_type":"Perennial","veg_pct":97.4,"green10":10,"irr_freq":0.62,"enforce":"irrigated"},"geometry":{"type":"Polygon","coordinates":[[[-108.641899,42.649674],[-108.641342,42.649514],[-108.641159,42.648818],[-108.641386,42.648586],[-108.641712,42.64868],[-108.642082,42.649143],[-108.641899,42.649674]]]}},{"type":"Feature","properties":{"id":"irr-a-4c15e75726d3","kind":"exclusion","name":"Watered ground","acres":2.1,"editable":true,"source":"MAP mesic valley bottoms + 10-yr NDVI persistence + IrrMapper + NWI (V3 rule, 3 Sep 2026)","strm_type":"Perennial","veg_pct":97.0,"green10":10,"irr_freq":0.32,"enforce":"irrigated"},"geometry":{"type":"Polygon","coordinates":[[[-108.644954,42.650606],[-108.644031,42.651101],[-108.64375,42.650392],[-108.644031,42.649915],[-108.644401,42.649884],[-108.644954,42.650254],[-108.644954,42.650606]]]}},{"type":"Feature","properties":{"id":"irr-a-99ef50de814a","kind":"exclusion","name":"Watered ground","acres":1.7,"editable":true,"source":"MAP mesic valley bottoms + 10-yr NDVI persistence + IrrMapper + NWI (V3 rule, 3 Sep 2026)","strm_type":"Perennial","veg_pct":97.1,"green10":10,"irr_freq":0.47,"enforce":"irrigated"},"geometry":{"type":"Polygon","coordinates":[[[-108.644914,42.651734],[-108.644677,42.651734],[-108.644307,42.651551],[-108.644031,42.651101],[-108.644954,42.650606],[-108.64486,42.650994],[-108.64523,42.65127],[-108.644914,42.651734]]]}},{"type":"Feature","properties":{"id":"irr-a-8f047a25d826","kind":"exclusion","name":"Watered ground","acres":1.5,"editable":true,"source":"MAP mesic valley bottoms + 10-yr NDVI persistence + IrrMapper + NWI (V3 rule, 3 Sep 2026)","strm_type":"Perennial","veg_pct":97.4,"green10":10,"irr_freq":0.25,"enforce":"irrigated"},"geometry":{"type":"Polygon","coordinates":[[[-108.647188,42.654789],[-108.646621,42.654512],[-108.646434,42.654115],[-108.646898,42.653652],[-108.647513,42.654419],[-108.647188,42.654789]]]}},{"type":"Feature","properties":{"id":"irr-a-2c21e2e661aa","kind":"exclusion","name":"Watered ground","acres":1.0,"editable":true,"source":"MAP mesic valley bottoms + 10-yr NDVI persistence + IrrMapper + NWI (V3 rule, 3 Sep 2026)","strm_type":"Perennial","veg_pct":92.5,"green10":10,"irr_freq":0.47,"enforce":"irrigated"},"geometry":{"type":"Polygon","coordinates":[[[-108.595881,42.656568],[-108.594954,42.65655],[-108.595235,42.655685],[-108.595511,42.65577],[-108.595418,42.655993],[-108.595881,42.656568]]]}},{"type":"Feature","properties":{"id":"irr-a-1c90482b8450","kind":"exclusion","name":"Watered ground","acres":1.9,"editable":true,"source":"MAP mesic valley bottoms + 10-yr NDVI persistence + IrrMapper + NWI (V3 rule, 3 Sep 2026)","strm_type":"Perennial","veg_pct":96.9,"green10":10,"irr_freq":0.69,"enforce":"irrigated"},"geometry":{"type":"Polygon","coordinates":[[[-108.595788,42.657897],[-108.594771,42.657147],[-108.595048,42.65692],[-108.595048,42.656603],[-108.595881,42.656568],[-108.595605,42.657103],[-108.595975,42.657384],[-108.595788,42.657897]]]}},{"type":"Feature","properties":{"id":"irr-a-72bc32fdd963","kind":"exclusion","name":"Watered ground","acres":2.3,"editable":true,"source":"MAP mesic valley bottoms + 10-yr NDVI persistence + IrrMapper + NWI (V3 rule, 3 Sep 2026)","strm_type":"Perennial","veg_pct":97.1,"green10":10,"irr_freq":0.59,"enforce":"irrigated"},"geometry":{"type":"Polygon","coordinates":[[[-108.595418,42.658218],[-108.594405,42.658124],[-108.594214,42.657477],[-108.594771,42.657147],[-108.595788,42.657897],[-108.595418,42.658218]]]}},{"type":"Feature","properties":{"id":"irr-a-912f9746a10a","kind":"exclusion","name":"Watered ground","acres":1.7,"editable":true,"source":"MAP mesic valley bottoms + 10-yr NDVI persistence + IrrMapper + NWI (V3 rule, 3 Sep 2026)","strm_type":"Perennial","veg_pct":97.5,"green10":10,"irr_freq":0.79,"enforce":"irrigated"},"geometry":{"type":"Polygon","coordinates":[[[-108.594031,42.658218],[-108.593674,42.658677],[-108.593108,42.657937],[-108.593473,42.65766],[-108.593937,42.657754],[-108.594214,42.657567],[-108.594405,42.658124],[-108.594031,42.658218]]]}},{"type":"Feature","properties":{"id":"irr-a-faa6b06b5f52","kind":"exclusion","name":"Watered ground","acres":1.9,"editable":true,"source":"MAP mesic valley bottoms + 10-yr NDVI persistence + IrrMapper + NWI (V3 rule, 3 Sep 2026)","strm_type":"Perennial","veg_pct":93.4,"green10":10,"irr_freq":0.38,"enforce":"irrigated"},"geometry":{"type":"Polygon","coordinates":[[[-108.593197,42.659052],[-108.593197,42.65939],[-108.592501,42.658864],[-108.59264,42.6584],[-108.593103,42.657937],[-108.593674,42.658677],[-108.593197,42.659052]]]}},{"type":"Feature","properties":{"id":"irr-a-0c436240ccf9","kind":"exclusion","name":"Watered ground","acres":1.4,"editable":true,"source":"MAP mesic valley bottoms + 10-yr NDVI persistence + IrrMapper + NWI (V3 rule, 3 Sep 2026)","strm_type":"Perennial","veg_pct":96.7,"green10":10,"irr_freq":0.26,"enforce":"irrigated"},"geometry":{"type":"Polygon","coordinates":[[[-108.591436,42.66059],[-108.591106,42.660162],[-108.591806,42.659511],[-108.592345,42.660068],[-108.591436,42.66059]]]}},{"type":"Feature","properties":{"id":"irr-a-49e1b826057f","kind":"exclusion","name":"Watered ground","acres":1.0,"editable":true,"source":"MAP mesic valley bottoms + 10-yr NDVI persistence + IrrMapper + NWI (V3 rule, 3 Sep 2026)","strm_type":"Perennial","veg_pct":97.5,"green10":10,"irr_freq":0.49,"enforce":"irrigated"},"geometry":{"type":"Polygon","coordinates":[[[-108.591159,42.660902],[-108.590695,42.660902],[-108.590513,42.661085],[-108.590419,42.660715],[-108.591066,42.660162],[-108.591436,42.66059],[-108.591159,42.660902]]]}},{"type":"Feature","properties":{"id":"irr-a-23368b573aec","kind":"exclusion","name":"Watered ground","acres":1.1,"editable":true,"source":"MAP mesic valley bottoms + 10-yr NDVI persistence + IrrMapper + NWI (V3 rule, 3 Sep 2026)","strm_type":"Perennial","veg_pct":95.3,"green10":10,"irr_freq":0.44,"enforce":"irrigated"},"geometry":{"type":"Polygon","coordinates":[[[-108.590143,42.661455],[-108.589563,42.661549],[-108.589434,42.661179],[-108.589862,42.660808],[-108.590374,42.660808],[-108.590513,42.661085],[-108.590143,42.661455]]]}},{"type":"Feature","properties":{"id":"irr-a-9afe9d275c51","kind":"exclusion","name":"Watered ground","acres":0.7,"editable":true,"source":"MAP mesic valley bottoms + 10-yr NDVI persistence + IrrMapper + NWI (V3 rule, 3 Sep 2026)","strm_type":"Perennial","veg_pct":97.7,"green10":10,"irr_freq":0.33,"enforce":"irrigated"},"geometry":{"type":"Polygon","coordinates":[[[-108.625178,42.616458],[-108.624861,42.616458],[-108.624277,42.615905],[-108.624585,42.615624],[-108.624772,42.616088],[-108.625298,42.616182],[-108.625178,42.616458]]]}},{"type":"Feature","properties":{"id":"irr-a-358d43ac68a4","kind":"exclusion","name":"Watered ground","acres":1.3,"editable":true,"source":"MAP mesic valley bottoms + 10-yr NDVI persistence + IrrMapper + NWI (V3 rule, 3 Sep 2026)","strm_type":"Perennial","veg_pct":86.1,"green10":10,"irr_freq":0.23,"enforce":"irrigated"},"geometry":{"type":"Polygon","coordinates":[[[-108.626346,42.617943],[-108.626529,42.618313],[-108.625873,42.618402],[-108.625575,42.617377],[-108.625882,42.617421],[-108.626065,42.617849],[-108.626346,42.617537],[-108.626836,42.617662],[-108.626346,42.617943]]]}},{"type":"Feature","properties":{"id":"irr-a-66ce70b31f26","kind":"exclusion","name":"Watered ground","acres":1.0,"editable":true,"source":"MAP mesic valley bottoms + 10-yr NDVI persistence + IrrMapper + NWI (V3 rule, 3 Sep 2026)","strm_type":"Intermittent","veg_pct":87.9,"green10":10,"irr_freq":0.23,"enforce":"irrigated"},"geometry":{"type":"Polygon","coordinates":[[[-108.567178,42.626736],[-108.566995,42.627347],[-108.566532,42.627013],[-108.566808,42.62683],[-108.566808,42.626259],[-108.56741,42.62646],[-108.567178,42.626736]]]}},{"type":"Feature","properties":{"id":"irr-a-d0135355d370","kind":"exclusion","name":"Watered ground","acres":0.7,"editable":true,"source":"MAP mesic valley bottoms + 10-yr NDVI persistence + IrrMapper + NWI (V3 rule, 3 Sep 2026)","strm_type":"Intermittent","veg_pct":94.9,"green10":10,"irr_freq":1.0,"enforce":"irrigated"},"geometry":{"type":"Polygon","coordinates":[[[-108.740267,42.721269],[-108.73958,42.721082],[-108.739304,42.721403],[-108.739179,42.720899],[-108.740356,42.720899],[-108.740267,42.721269]]]}},{"type":"Feature","properties":{"id":"irr-a-f3190493bfd6","kind":"exclusion","name":"Watered ground","acres":1.5,"editable":true,"source":"MAP mesic valley bottoms + 10-yr NDVI persistence + IrrMapper + NWI (V3 rule, 3 Sep 2026)","strm_type":"Intermittent","veg_pct":95.9,"green10":10,"irr_freq":1.0,"enforce":"irrigated"},"geometry":{"type":"Polygon","coordinates":[[[-108.738934,42.721452],[-108.73847,42.721822],[-108.7381,42.721269],[-108.73847,42.720988],[-108.739179,42.720899],[-108.739304,42.721403],[-108.738934,42.721452]]]}},{"type":"Feature","properties":{"id":"irr-a-285769adef02","kind":"exclusion","name":"Watered ground","acres":1.0,"editable":true,"source":"MAP mesic valley bottoms + 10-yr NDVI persistence + IrrMapper + NWI (V3 rule, 3 Sep 2026)","strm_type":"Intermittent","veg_pct":96.5,"green10":10,"irr_freq":0.96,"enforce":"irrigated"},"geometry":{"type":"Polygon","coordinates":[[[-108.741248,42.721822],[-108.740878,42.721452],[-108.740267,42.721269],[-108.740356,42.720899],[-108.741373,42.721269],[-108.741248,42.721822]]]}},{"type":"Feature","properties":{"id":"irr-a-0d0a7d20936e","kind":"exclusion","name":"Watered ground","acres":1.4,"editable":true,"source":"MAP mesic valley bottoms + 10-yr NDVI persistence + IrrMapper + NWI (V3 rule, 3 Sep 2026)","strm_type":"Intermittent","veg_pct":76.6,"green10":10,"irr_freq":0.44,"enforce":"irrigated"},"geometry":{"type":"Polygon","coordinates":[[[-108.742421,42.721822],[-108.741252,42.721822],[-108.741373,42.721269],[-108.74247,42.721358],[-108.742421,42.721822]]]}},{"type":"Feature","properties":{"id":"irr-a-94ad8a75a7b0","kind":"exclusion","name":"Watered ground","acres":0.2,"editable":true,"source":"MAP mesic valley bottoms + 10-yr NDVI persistence + IrrMapper + NWI (V3 rule, 3 Sep 2026)","strm_type":"Intermittent","veg_pct":93.7,"green10":10,"irr_freq":0.65,"enforce":"irrigated"},"geometry":{"type":"Polygon","coordinates":[[[-108.739389,42.721822],[-108.738657,42.721822],[-108.738746,42.721639],[-108.73942,42.721639],[-108.739389,42.721822]]]}},{"type":"Feature","properties":{"id":"irr-a-d2ffd9c1e788","kind":"exclusion","name":"Watered ground","acres":1.5,"editable":true,"source":"MAP mesic valley bottoms + 10-yr NDVI persistence + IrrMapper + NWI (V3 rule, 3 Sep 2026)","strm_type":"Intermittent","veg_pct":97.1,"green10":10,"irr_freq":0.99,"enforce":"irrigated"},"geometry":{"type":"Polygon","coordinates":[[[-108.737917,42.722286],[-108.737507,42.722286],[-108.737279,42.721729],[-108.73773,42.721639],[-108.7381,42.721269],[-108.73847,42.721822],[-108.737917,42.722286]]]}},{"type":"Feature","properties":{"id":"irr-a-f9f6ab4c1acc","kind":"exclusion","name":"Watered ground","acres":0.6,"editable":true,"source":"MAP mesic valley bottoms + 10-yr NDVI persistence + IrrMapper + NWI (V3 rule, 3 Sep 2026)","strm_type":"Intermittent","veg_pct":93.6,"green10":10,"irr_freq":0.95,"enforce":"irrigated"},"geometry":{"type":"Polygon","coordinates":[[[-108.74041,42.722099],[-108.739674,42.72201],[-108.73942,42.721639],[-108.740477,42.721916],[-108.74041,42.722099]]]}},{"type":"Feature","properties":{"id":"irr-a-9e8bccf02733","kind":"exclusion","name":"Watered ground","acres":1.8,"editable":true,"source":"MAP mesic valley bottoms + 10-yr NDVI persistence + IrrMapper + NWI (V3 rule, 3 Sep 2026)","strm_type":"Intermittent","veg_pct":98.8,"green10":10,"irr_freq":0.66,"enforce":"irrigated"},"geometry":{"type":"Polygon","coordinates":[[[-108.734154,42.722562],[-108.733748,42.722473],[-108.733391,42.722656],[-108.733124,42.722099],[-108.733195,42.721729],[-108.733654,42.721639],[-108.733748,42.721822],[-108.734305,42.721916],[-108.734154,42.722562]]]}},{"type":"Feature","properties":{"id":"irr-a-800f72b1d7df","kind":"exclusion","name":"Watered ground","acres":1.2,"editable":true,"source":"MAP mesic valley bottoms + 10-yr NDVI persistence + IrrMapper + NWI (V3 rule, 3 Sep 2026)","strm_type":"Intermittent","veg_pct":96.4,"green10":10,"irr_freq":0.67,"enforce":"irrigated"},"geometry":{"type":"Polygon","coordinates":[[[-108.736432,42.722562],[-108.736383,42.721916],[-108.736802,42.722099],[-108.737279,42.721729],[-108.737507,42.722286],[-108.736432,42.722562]]]}},{"type":"Feature","properties":{"id":"irr-a-656b40c4ccad","kind":"exclusion","name":"Watered ground","acres":0.6,"editable":true,"source":"MAP mesic valley bottoms + 10-yr NDVI persistence + IrrMapper + NWI (V3 rule, 3 Sep 2026)","strm_type":"Intermittent","veg_pct":93.7,"green10":10,"irr_freq":0.93,"enforce":"irrigated"},"geometry":{"type":"Polygon","coordinates":[[[-108.741065,42.722562],[-108.740695,42.722192],[-108.740414,42.722192],[-108.740477,42.721916],[-108.741453,42.722286],[-108.741065,42.722562]]]}},{"type":"Feature","properties":{"id":"irr-a-ff6cb82ca2d9","kind":"exclusion","name":"Watered ground","acres":1.2,"editable":true,"source":"MAP mesic valley bottoms + 10-yr NDVI persistence + IrrMapper + NWI (V3 rule, 3 Sep 2026)","strm_type":"Intermittent","veg_pct":97.9,"green10":10,"irr_freq":0.9,"enforce":"irrigated"},"geometry":{"type":"Polygon","coordinates":[[[-108.734154,42.722562],[-108.734305,42.72201],[-108.734488,42.722192],[-108.734952,42.722192],[-108.735228,42.72201],[-108.735326,42.722562],[-108.734154,42.722562]]]}},{"type":"Feature","properties":{"id":"irr-a-86c1eb0f7650","kind":"exclusion","name":"Watered ground","acres":0.7,"editable":true,"source":"MAP mesic valley bottoms + 10-yr NDVI persistence + IrrMapper + NWI (V3 rule, 3 Sep 2026)","strm_type":"Intermittent","veg_pct":62.2,"green10":10,"irr_freq":0.38,"enforce":"irrigated"},"geometry":{"type":"Polygon","coordinates":[[[-108.742269,42.722933],[-108.7414,42.722473],[-108.741453,42.722286],[-108.742474,42.722562],[-108.742269,42.722933]]]}},{"type":"Feature","properties":{"id":"irr-a-dd93c773be8a","kind":"exclusion","name":"Watered ground","acres":1.8,"editable":true,"source":"MAP mesic valley bottoms + 10-yr NDVI persistence + IrrMapper + NWI (V3 rule, 3 Sep 2026)","strm_type":"Intermittent","veg_pct":97.3,"green10":10,"irr_freq":0.62,"enforce":"irrigated"},"geometry":{"type":"Polygon","coordinates":[[[-108.732825,42.723213],[-108.732174,42.722705],[-108.732544,42.722099],[-108.733124,42.722099],[-108.733391,42.722656],[-108.732825,42.723213]]]}},{"type":"Feature","properties":{"id":"irr-a-e17fec9e5d86","kind":"exclusion","name":"Watered ground","acres":1.2,"editable":true,"source":"MAP mesic valley bottoms + 10-yr NDVI persistence + IrrMapper + NWI (V3 rule, 3 Sep 2026)","strm_type":"Intermittent","veg_pct":95.2,"green10":10,"irr_freq":0.51,"enforce":"irrigated"},"geometry":{"type":"Polygon","coordinates":[[[-108.731804,42.723766],[-108.731804,42.72386],[-108.731621,42.723396],[-108.731991,42.723213],[-108.732174,42.722705],[-108.732753,42.723213],[-108.731804,42.723766]]]}},{"type":"Feature","properties":{"id":"irr-a-41351ec97476","kind":"exclusion","name":"Watered ground","acres":0.8,"editable":true,"source":"MAP mesic valley bottoms + 10-yr NDVI persistence + IrrMapper + NWI (V3 rule, 3 Sep 2026)","strm_type":"Intermittent","veg_pct":88.9,"green10":10,"irr_freq":0.2,"enforce":"irrigated"},"geometry":{"type":"Polygon","coordinates":[[[-108.718288,42.709323],[-108.718471,42.7096],[-108.718007,42.709881],[-108.718007,42.70886],[-108.718471,42.709025],[-108.718288,42.709323]]]}},{"type":"Feature","properties":{"id":"irr-a-84f07aec540f","kind":"exclusion","name":"Watered ground","acres":1.2,"editable":true,"source":"MAP mesic valley bottoms + 10-yr NDVI persistence + IrrMapper + NWI (V3 rule, 3 Sep 2026)","strm_type":"Intermittent","veg_pct":95.4,"green10":10,"irr_freq":0.28,"enforce":"irrigated"},"geometry":{"type":"Polygon","coordinates":[[[-108.718565,42.710251],[-108.717838,42.710434],[-108.71761,42.70997],[-108.718194,42.709881],[-108.718377,42.7096],[-108.718565,42.7096],[-108.718747,42.70997],[-108.718565,42.710251]]]}},{"type":"Feature","properties":{"id":"irr-a-c2584969852f","kind":"exclusion","name":"Watered ground","acres":1.1,"editable":true,"source":"MAP mesic valley bottoms + 10-yr NDVI persistence + IrrMapper + NWI (V3 rule, 3 Sep 2026)","strm_type":"Intermittent","veg_pct":86.1,"green10":10,"irr_freq":0.24,"enforce":"irrigated"},"geometry":{"type":"Polygon","coordinates":[[[-108.715599,42.712842],[-108.715207,42.713118],[-108.714841,42.712842],[-108.71514,42.712289],[-108.715323,42.712101],[-108.715787,42.712351],[-108.715599,42.712842]]]}},{"type":"Feature","properties":{"id":"irr-a-0fce2cc95df5","kind":"exclusion","name":"Watered ground","acres":1.1,"editable":true,"source":"MAP mesic valley bottoms + 10-yr NDVI persistence + IrrMapper + NWI (V3 rule, 3 Sep 2026)","strm_type":"Intermittent","veg_pct":85.6,"green10":10,"irr_freq":0.25,"enforce":"irrigated"},"geometry":{"type":"Polygon","coordinates":[[[-108.714859,42.713863],[-108.714212,42.713684],[-108.714765,42.712842],[-108.715207,42.713118],[-108.714859,42.713863]]]}},{"type":"Feature","properties":{"id":"irr-a-500e45d35eba","kind":"exclusion","name":"Watered ground","acres":0.9,"editable":true,"source":"MAP mesic valley bottoms + 10-yr NDVI persistence + IrrMapper + NWI (V3 rule, 3 Sep 2026)","strm_type":"Intermittent","veg_pct":97.3,"green10":10,"irr_freq":0.64,"enforce":"irrigated"},"geometry":{"type":"Polygon","coordinates":[[[-108.730417,42.714879],[-108.729677,42.714046],[-108.73023,42.714046],[-108.730716,42.714509],[-108.730417,42.714879]]]}},{"type":"Feature","properties":{"id":"irr-a-04967fbaeb5e","kind":"exclusion","name":"Watered ground","acres":0.7,"editable":true,"source":"MAP mesic valley bottoms + 10-yr NDVI persistence + IrrMapper + NWI (V3 rule, 3 Sep 2026)","strm_type":"Intermittent","veg_pct":97.6,"green10":10,"irr_freq":0.47,"enforce":"irrigated"},"geometry":{"type":"Polygon","coordinates":[[[-108.700322,42.728828],[-108.700046,42.728676],[-108.699306,42.728765],[-108.699243,42.728489],[-108.70014,42.728395],[-108.700322,42.728828]]]}},{"type":"Feature","properties":{"id":"irr-a-49ee66a1fe97","kind":"exclusion","name":"Watered ground","acres":0.7,"editable":true,"source":"MAP mesic valley bottoms + 10-yr NDVI persistence + IrrMapper + NWI (V3 rule, 3 Sep 2026)","strm_type":"Intermittent","veg_pct":97.3,"green10":10,"irr_freq":0.25,"enforce":"irrigated"},"geometry":{"type":"Polygon","coordinates":[[[-108.698231,42.728952],[-108.698151,42.728582],[-108.698748,42.728676],[-108.699243,42.728489],[-108.699306,42.728765],[-108.698231,42.728952]]]}},{"type":"Feature","properties":{"id":"irr-a-0a7e15c7ad79","kind":"exclusion","name":"Watered ground","acres":0.6,"editable":true,"source":"MAP mesic valley bottoms + 10-yr NDVI persistence + IrrMapper + NWI (V3 rule, 3 Sep 2026)","strm_type":"Intermittent","veg_pct":95.5,"green10":10,"irr_freq":0.25,"enforce":"irrigated"},"geometry":{"type":"Polygon","coordinates":[[[-108.679307,42.736176],[-108.678937,42.735895],[-108.678379,42.735989],[-108.678286,42.735802],[-108.677733,42.735802],[-108.677639,42.735619],[-108.679026,42.735802],[-108.679418,42.736082],[-108.679307,42.736176]]]}},{"type":"Feature","properties":{"id":"irr-a-7c6f9544ff72","kind":"exclusion","name":"Watered ground","acres":0.6,"editable":true,"source":"MAP mesic valley bottoms + 10-yr NDVI persistence + IrrMapper + NWI (V3 rule, 3 Sep 2026)","strm_type":"Intermittent","veg_pct":86.0,"green10":10,"irr_freq":0.6,"enforce":"irrigated"},"geometry":{"type":"Polygon","coordinates":[[[-108.685416,42.739681],[-108.685139,42.739601],[-108.684733,42.73895],[-108.684863,42.738825],[-108.685603,42.739413],[-108.685416,42.739681]]]}},{"type":"Feature","properties":{"id":"irr-a-1b2672d05880","kind":"exclusion","name":"Watered ground","acres":0.6,"editable":true,"source":"MAP mesic valley bottoms + 10-yr NDVI persistence + IrrMapper + NWI (V3 rule, 3 Sep 2026)","strm_type":"Intermittent","veg_pct":92.3,"green10":10,"irr_freq":0.83,"enforce":"irrigated"},"geometry":{"type":"Polygon","coordinates":[[[-108.686249,42.740301],[-108.685416,42.739681],[-108.685603,42.739458],[-108.685786,42.739784],[-108.686419,42.739971],[-108.686249,42.740301]]]}},{"type":"Feature","properties":{"id":"irr-a-5a7eab664677","kind":"exclusion","name":"Watered ground","acres":0.9,"editable":true,"source":"MAP mesic valley bottoms + 10-yr NDVI persistence + IrrMapper + NWI (V3 rule, 3 Sep 2026)","strm_type":"Intermittent","veg_pct":92.0,"green10":10,"irr_freq":0.65,"enforce":"irrigated"},"geometry":{"type":"Polygon","coordinates":[[[-108.687181,42.740805],[-108.686249,42.740341],[-108.686419,42.739971],[-108.68699,42.740341],[-108.687382,42.740247],[-108.687181,42.740805]]]}},{"type":"Feature","properties":{"id":"irr-a-0293963158e8","kind":"exclusion","name":"Watered ground","acres":1.0,"editable":true,"source":"MAP mesic valley bottoms + 10-yr NDVI persistence + IrrMapper + NWI (V3 rule, 3 Sep 2026)","strm_type":"Intermittent","veg_pct":96.2,"green10":10,"irr_freq":0.66,"enforce":"irrigated"},"geometry":{"type":"Polygon","coordinates":[[[-108.688011,42.741081],[-108.687917,42.740894],[-108.687181,42.740805],[-108.687382,42.740247],[-108.68773,42.740341],[-108.688252,42.740894],[-108.688011,42.741081]]]}},{"type":"Feature","properties":{"id":"irr-a-eef11ee9b0fa","kind":"exclusion","name":"Watered ground","acres":0.6,"editable":true,"source":"MAP mesic valley bottoms + 10-yr NDVI persistence + IrrMapper + NWI (V3 rule, 3 Sep 2026)","strm_type":"Intermittent","veg_pct":79.1,"green10":10,"irr_freq":0.22,"enforce":"irrigated"},"geometry":{"type":"Polygon","coordinates":[[[-108.688934,42.741451],[-108.68884,42.741268],[-108.688171,42.741081],[-108.688252,42.740894],[-108.688564,42.740894],[-108.689304,42.741175],[-108.688934,42.741451]]]}},{"type":"Feature","properties":{"id":"irr-a-0c9aa2aee3c5","kind":"exclusion","name":"Watered ground","acres":1.3,"editable":true,"source":"MAP mesic valley bottoms + 10-yr NDVI persistence + IrrMapper + NWI (V3 rule, 3 Sep 2026)","strm_type":"Intermittent","veg_pct":83.6,"green10":10,"irr_freq":0.24,"enforce":"irrigated"},"geometry":{"type":"Polygon","coordinates":[[[-108.661622,42.751266],[-108.661435,42.751636],[-108.660882,42.751266],[-108.660971,42.750989],[-108.661435,42.750708],[-108.661791,42.750708],[-108.662054,42.751172],[-108.661622,42.751266]]]}},{"type":"Feature","properties":{"id":"irr-a-1e6d54f81bdd","kind":"exclusion","name":"Watered ground","acres":0.9,"editable":true,"source":"MAP mesic valley bottoms + 10-yr NDVI persistence + IrrMapper + NWI (V3 rule, 3 Sep 2026)","strm_type":"Intermittent","veg_pct":38.0,"green10":10,"irr_freq":0.4,"enforce":"irrigated"},"geometry":{"type":"Polygon","coordinates":[[[-108.67108,42.751729],[-108.670986,42.751172],[-108.672056,42.751172],[-108.672177,42.751506],[-108.67108,42.751729]]]}},{"type":"Feature","properties":{"id":"irr-a-b454e49f2cb3","kind":"exclusion","name":"Watered ground","acres":1.0,"editable":true,"source":"MAP mesic valley bottoms + 10-yr NDVI persistence + IrrMapper + NWI (V3 rule, 3 Sep 2026)","strm_type":"Intermittent","veg_pct":68.4,"green10":10,"irr_freq":0.87,"enforce":"irrigated"},"geometry":{"type":"Polygon","coordinates":[[[-108.670027,42.751912],[-108.669956,42.751542],[-108.670986,42.751172],[-108.67108,42.751729],[-108.670027,42.751912]]]}},{"type":"Feature","properties":{"id":"irr-a-c5a11be4b628","kind":"exclusion","name":"Watered ground","acres":1.1,"editable":true,"source":"MAP mesic valley bottoms + 10-yr NDVI persistence + IrrMapper + NWI (V3 rule, 3 Sep 2026)","strm_type":"Intermittent","veg_pct":95.7,"green10":10,"irr_freq":0.5,"enforce":"irrigated"},"geometry":{"type":"Polygon","coordinates":[[[-108.660971,42.751912],[-108.660971,42.752282],[-108.660418,42.752224],[-108.660788,42.751266],[-108.661301,42.751636],[-108.660971,42.751912]]]}},{"type":"Feature","properties":{"id":"irr-a-48cf4e1145ea","kind":"exclusion","name":"Watered ground","acres":0.8,"editable":true,"source":"MAP mesic valley bottoms + 10-yr NDVI persistence + IrrMapper + NWI (V3 rule, 3 Sep 2026)","strm_type":"Intermittent","veg_pct":64.8,"green10":10,"irr_freq":1.0,"enforce":"irrigated"},"geometry":{"type":"Polygon","coordinates":[[[-108.669122,42.752006],[-108.669015,42.752193],[-108.668832,42.751636],[-108.669951,42.751636],[-108.670027,42.751912],[-108.669122,42.752006]]]}},{"type":"Feature","properties":{"id":"irr-a-0afb8ca9a80f","kind":"exclusion","name":"Watered ground","acres":2.7,"editable":true,"source":"MAP mesic valley bottoms + 10-yr NDVI persistence + IrrMapper + NWI (V3 rule, 3 Sep 2026)","strm_type":"Intermittent","veg_pct":75.3,"green10":10,"irr_freq":1.0,"enforce":"irrigated"},"geometry":{"type":"Polygon","coordinates":[[[-108.668658,42.753116],[-108.668221,42.753027],[-108.667847,42.751912],[-108.668832,42.751636],[-108.669028,42.752282],[-108.668658,42.753116]]]}},{"type":"Feature","properties":{"id":"irr-a-fd2613d48e48","kind":"exclusion","name":"Watered ground","acres":1.6,"editable":true,"source":"MAP mesic valley bottoms + 10-yr NDVI persistence + IrrMapper + NWI (V3 rule, 3 Sep 2026)","strm_type":"Intermittent","veg_pct":83.0,"green10":10,"irr_freq":0.84,"enforce":"irrigated"},"geometry":{"type":"Polygon","coordinates":[[[-108.666991,42.752652],[-108.667049,42.752282],[-108.667548,42.752193],[-108.667824,42.751912],[-108.668221,42.753027],[-108.666991,42.752652]]]}},{"type":"Feature","properties":{"id":"irr-a-595f983450a9","kind":"exclusion","name":"Watered ground","acres":1.4,"editable":true,"source":"MAP mesic valley bottoms + 10-yr NDVI persistence + IrrMapper + NWI (V3 rule, 3 Sep 2026)","strm_type":"Intermittent","veg_pct":97.3,"green10":10,"irr_freq":0.7,"enforce":"irrigated"},"geometry":{"type":"Polygon","coordinates":[[[-108.661158,42.75354],[-108.660141,42.752898],[-108.660418,42.752224],[-108.660882,42.752291],[-108.660788,42.752933],[-108.661252,42.753304],[-108.661158,42.75354]]]}},{"type":"Feature","properties":{"id":"irr-a-24eaa6224013","kind":"exclusion","name":"Watered ground","acres":1.2,"editable":true,"source":"MAP mesic valley bottoms + 10-yr NDVI persistence + IrrMapper + NWI (V3 rule, 3 Sep 2026)","strm_type":"Intermittent","veg_pct":97.5,"green10":10,"irr_freq":0.83,"enforce":"irrigated"},"geometry":{"type":"Polygon","coordinates":[[[-108.674304,42.75506],[-108.673795,42.755248],[-108.673563,42.75469],[-108.673844,42.754507],[-108.674027,42.754597],[-108.674304,42.754253],[-108.674584,42.75453],[-108.674304,42.75506]]]}},{"type":"Feature","properties":{"id":"irr-a-a7243d2ff676","kind":"exclusion","name":"Watered ground","acres":1.2,"editable":true,"source":"MAP mesic valley bottoms + 10-yr NDVI persistence + IrrMapper + NWI (V3 rule, 3 Sep 2026)","strm_type":"Intermittent","veg_pct":94.3,"green10":10,"irr_freq":0.59,"enforce":"irrigated"},"geometry":{"type":"Polygon","coordinates":[[[-108.673474,42.755524],[-108.672881,42.755801],[-108.672703,42.755341],[-108.672917,42.755341],[-108.673381,42.754784],[-108.673795,42.755248],[-108.673474,42.755524]]]}},{"type":"Feature","properties":{"id":"irr-a-9e716c6ddcd2","kind":"exclusion","name":"Watered ground","acres":1.6,"editable":true,"source":"MAP mesic valley bottoms + 10-yr NDVI persistence + IrrMapper + NWI (V3 rule, 3 Sep 2026)","strm_type":"Intermittent","veg_pct":95.5,"green10":10,"irr_freq":0.28,"enforce":"irrigated"},"geometry":{"type":"Polygon","coordinates":[[[-108.672065,42.756264],[-108.671579,42.755524],[-108.672453,42.755248],[-108.672703,42.755341],[-108.672881,42.755801],[-108.672065,42.756264]]]}},{"type":"Feature","properties":{"id":"irr-a-f1ae6e7610fe","kind":"exclusion","name":"Watered ground","acres":1.8,"editable":true,"source":"MAP mesic valley bottoms + 10-yr NDVI persistence + IrrMapper + NWI (V3 rule, 3 Sep 2026)","strm_type":"Intermittent","veg_pct":80.1,"green10":10,"irr_freq":0.31,"enforce":"irrigated"},"geometry":{"type":"Polygon","coordinates":[[[-108.670139,42.759167],[-108.669399,42.758579],[-108.669492,42.758209],[-108.669675,42.758302],[-108.670045,42.758048],[-108.670785,42.758445],[-108.670139,42.759167]]]}},{"type":"Feature","properties":{"id":"irr-a-5845b84279f1","kind":"exclusion","name":"Watered ground","acres":1.7,"editable":true,"source":"MAP mesic valley bottoms + 10-yr NDVI persistence + IrrMapper + NWI (V3 rule, 3 Sep 2026)","strm_type":"Intermittent","veg_pct":85.7,"green10":10,"irr_freq":0.3,"enforce":"irrigated"},"geometry":{"type":"Polygon","coordinates":[[[-108.670139,42.759319],[-108.669399,42.75993],[-108.669024,42.759506],[-108.669028,42.759042],[-108.669305,42.759042],[-108.669492,42.758753],[-108.670139,42.759319]]]}},{"type":"Feature","properties":{"id":"irr-a-d2b03ea02546","kind":"exclusion","name":"Watered ground","acres":0.6,"editable":true,"source":"MAP mesic valley bottoms + 10-yr NDVI persistence + IrrMapper + NWI (V3 rule, 3 Sep 2026)","strm_type":"Perennial","veg_pct":97.6,"green10":10,"irr_freq":0.28,"enforce":"irrigated"},"geometry":{"type":"MultiPolygon","coordinates":[[[[-108.69977,42.727191],[-108.699582,42.727472],[-108.699346,42.727102],[-108.699952,42.727102],[-108.700322,42.726732],[-108.700501,42.727102],[-108.69977,42.727191]]],[[[-108.699859,42.728025],[-108.699707,42.727748],[-108.69977,42.727842],[-108.700046,42.727936],[-108.699859,42.728025]]],[[[-108.699676,42.727695],[-108.699654,42.727655],[-108.699676,42.727655],[-108.699676,42.727695]]]]}},{"type":"Feature","properties":{"id":"irr-a-3ab526e1c662","kind":"exclusion","name":"Watered ground","acres":2.3,"editable":true,"source":"MAP mesic valley bottoms + 10-yr NDVI persistence + IrrMapper + NWI (V3 rule, 3 Sep 2026)","strm_type":"Perennial","veg_pct":96.9,"green10":10,"irr_freq":0.25,"enforce":"irrigated"},"geometry":{"type":"Polygon","coordinates":[[[-108.699212,42.728212],[-108.698726,42.728118],[-108.698472,42.727378],[-108.699346,42.727102],[-108.699859,42.728025],[-108.699212,42.728212]]]}},{"type":"Feature","properties":{"id":"irr-a-b423fb3162bd","kind":"exclusion","name":"Watered ground","acres":1.9,"editable":true,"source":"MAP mesic valley bottoms + 10-yr NDVI persistence + IrrMapper + NWI (V3 rule, 3 Sep 2026)","strm_type":"Perennial","veg_pct":91.9,"green10":10,"irr_freq":0.43,"enforce":"irrigated"},"geometry":{"type":"Polygon","coordinates":[[[-108.663026,42.743213],[-108.662795,42.742842],[-108.663009,42.742655],[-108.662915,42.742468],[-108.663566,42.742098],[-108.663749,42.742098],[-108.66399,42.743025],[-108.663026,42.743213]]]}},{"type":"Feature","properties":{"id":"irr-a-9069d4e817ce","kind":"exclusion","name":"Watered ground","acres":1.8,"editable":true,"source":"MAP mesic valley bottoms + 10-yr NDVI persistence + IrrMapper + NWI (V3 rule, 3 Sep 2026)","strm_type":"Perennial","veg_pct":90.9,"green10":10,"irr_freq":0.23,"enforce":"irrigated"},"geometry":{"type":"Polygon","coordinates":[[[-108.662456,42.743953],[-108.661729,42.743302],[-108.661992,42.742842],[-108.662795,42.742842],[-108.663026,42.743213],[-108.662456,42.743953]]]}},{"type":"Feature","properties":{"id":"irr-a-27757ea4178a","kind":"exclusion","name":"Watered ground","acres":19.0,"editable":true,"source":"MAP mesic valley bottoms + 10-yr NDVI persistence + IrrMapper + NWI (V3 rule, 3 Sep 2026)","strm_type":"Perennial","veg_pct":91.2,"green10":10,"irr_freq":0.28,"enforce":"irrigated"},"geometry":{"type":"Polygon","coordinates":[[[-108.662732,42.696731],[-108.662826,42.697288],[-108.662175,42.697471],[-108.661622,42.698216],[-108.661715,42.699045],[-108.661341,42.699139],[-108.660601,42.699821],[-108.658657,42.697841],[-108.659767,42.697288],[-108.660788,42.696178],[-108.661158,42.696267],[-108.661341,42.695777],[-108.662835,42.696361],[-108.662732,42.696731]]]}},{"type":"Feature","properties":{"id":"irr-a-821d155d8286","kind":"exclusion","name":"Watered ground","acres":22.8,"editable":true,"source":"MAP mesic valley bottoms + 10-yr NDVI persistence + IrrMapper + NWI (V3 rule, 3 Sep 2026)","strm_type":"Perennial","veg_pct":92.0,"green10":10,"irr_freq":0.52,"enforce":"irrigated"},"geometry":{"type":"Polygon","coordinates":[[[-108.660512,42.700066],[-108.659767,42.700249],[-108.65912,42.701359],[-108.658474,42.701917],[-108.657733,42.702104],[-108.656757,42.70201],[-108.655834,42.699785],[-108.656249,42.699415],[-108.65727,42.699509],[-108.657916,42.699326],[-108.658567,42.698028],[-108.660601,42.699821],[-108.660512,42.700066]]]}},{"type":"Feature","properties":{"id":"irr-a-96556ffcaabf","kind":"exclusion","name":"Watered ground","acres":2.2,"editable":true,"source":"MAP mesic valley bottoms + 10-yr NDVI persistence + IrrMapper + NWI (V3 rule, 3 Sep 2026)","strm_type":"Perennial","veg_pct":97.4,"green10":10,"irr_freq":0.84,"enforce":"irrigated"},"geometry":{"type":"Polygon","coordinates":[[[-108.73002,42.714046],[-108.729766,42.713952],[-108.729396,42.714233],[-108.729079,42.714233],[-108.728932,42.713212],[-108.729396,42.713118],[-108.730123,42.713399],[-108.73002,42.714046]]]}},{"type":"Feature","properties":{"id":"irr-a-5646a0454261","kind":"exclusion","name":"Watered ground","acres":1.5,"editable":true,"source":"MAP mesic valley bottoms + 10-yr NDVI persistence + IrrMapper + NWI (V3 rule, 3 Sep 2026)","strm_type":"Perennial","veg_pct":95.5,"green10":10,"irr_freq":0.81,"enforce":"irrigated"},"geometry":{"type":"Polygon","coordinates":[[[-108.73002,42.714046],[-108.730123,42.713399],[-108.731153,42.713582],[-108.731228,42.714233],[-108.73002,42.714046]]]}},{"type":"Feature","properties":{"id":"irr-a-354849245291","kind":"exclusion","name":"Watered ground","acres":2.3,"editable":true,"source":"MAP mesic valley bottoms + 10-yr NDVI persistence + IrrMapper + NWI (V3 rule, 3 Sep 2026)","strm_type":"Perennial","veg_pct":97.3,"green10":10,"irr_freq":0.95,"enforce":"irrigated"},"geometry":{"type":"Polygon","coordinates":[[[-108.728285,42.714322],[-108.728009,42.71459],[-108.727746,42.713488],[-108.728843,42.713305],[-108.729079,42.714233],[-108.728285,42.714322]]]}},{"type":"Feature","properties":{"id":"irr-a-3c215d147055","kind":"exclusion","name":"Watered ground","acres":3.0,"editable":true,"source":"MAP mesic valley bottoms + 10-yr NDVI persistence + IrrMapper + NWI (V3 rule, 3 Sep 2026)","strm_type":"Perennial","veg_pct":97.4,"green10":10,"irr_freq":0.59,"enforce":"irrigated"},"geometry":{"type":"Polygon","coordinates":[[[-108.727733,42.714603],[-108.727545,42.714973],[-108.727175,42.715027],[-108.726533,42.713769],[-108.727081,42.713769],[-108.727358,42.713488],[-108.727746,42.713488],[-108.728009,42.71459],[-108.727733,42.714603]]]}},{"type":"Feature","properties":{"id":"irr-a-53cef275dbec","kind":"exclusion","name":"Watered ground","acres":2.8,"editable":true,"source":"MAP mesic valley bottoms + 10-yr NDVI persistence + IrrMapper + NWI (V3 rule, 3 Sep 2026)","strm_type":"Perennial","veg_pct":96.9,"green10":10,"irr_freq":0.4,"enforce":"irrigated"},"geometry":{"type":"Polygon","coordinates":[[[-108.725971,42.71525],[-108.725753,42.714416],[-108.726158,42.714233],[-108.726341,42.713769],[-108.726533,42.713769],[-108.727175,42.715027],[-108.725971,42.71525]]]}},{"type":"Feature","properties":{"id":"irr-a-e17fe341697f","kind":"exclusion","name":"Watered ground","acres":2.2,"editable":true,"source":"MAP mesic valley bottoms + 10-yr NDVI persistence + IrrMapper + NWI (V3 rule, 3 Sep 2026)","strm_type":"Perennial","veg_pct":96.1,"green10":10,"irr_freq":0.49,"enforce":"irrigated"},"geometry":{"type":"Polygon","coordinates":[[[-108.724861,42.715437],[-108.724767,42.714509],[-108.725753,42.714416],[-108.725971,42.71525],[-108.724861,42.715437]]]}},{"type":"Feature","properties":{"id":"irr-a-d0cb66366ed1","kind":"exclusion","name":"Watered ground","acres":2.1,"editable":true,"source":"MAP mesic valley bottoms + 10-yr NDVI persistence + IrrMapper + NWI (V3 rule, 3 Sep 2026)","strm_type":"Perennial","veg_pct":97.4,"green10":10,"irr_freq":0.54,"enforce":"irrigated"},"geometry":{"type":"Polygon","coordinates":[[[-108.724491,42.715343],[-108.724303,42.715713],[-108.72384,42.71562],[-108.723532,42.714879],[-108.724674,42.714603],[-108.724789,42.715343],[-108.724491,42.715343]]]}},{"type":"Feature","properties":{"id":"irr-a-e40d5fdf8921","kind":"exclusion","name":"Watered ground","acres":1.6,"editable":true,"source":"MAP mesic valley bottoms + 10-yr NDVI persistence + IrrMapper + NWI (V3 rule, 3 Sep 2026)","strm_type":"Perennial","veg_pct":97.4,"green10":10,"irr_freq":0.7,"enforce":"irrigated"},"geometry":{"type":"Polygon","coordinates":[[[-108.722792,42.71599],[-108.722475,42.715343],[-108.723532,42.714879],[-108.723701,42.715526],[-108.722792,42.71599]]]}},{"type":"Feature","properties":{"id":"irr-a-8152c5c2752e","kind":"exclusion","name":"Watered ground","acres":2.4,"editable":true,"source":"MAP mesic valley bottoms + 10-yr NDVI persistence + IrrMapper + NWI (V3 rule, 3 Sep 2026)","strm_type":"Perennial","veg_pct":91.5,"green10":10,"irr_freq":0.49,"enforce":"irrigated"},"geometry":{"type":"Polygon","coordinates":[[[-108.722359,42.716454],[-108.721842,42.716636],[-108.721445,42.715526],[-108.722475,42.715343],[-108.722792,42.71599],[-108.722359,42.716454]]]}},{"type":"Feature","properties":{"id":"irr-a-b9ff2aafec04","kind":"exclusion","name":"Watered ground","acres":2.4,"editable":true,"source":"MAP mesic valley bottoms + 10-yr NDVI persistence + IrrMapper + NWI (V3 rule, 3 Sep 2026)","strm_type":"Perennial","veg_pct":86.0,"green10":10,"irr_freq":0.34,"enforce":"irrigated"},"geometry":{"type":"Polygon","coordinates":[[[-108.721343,42.716547],[-108.721062,42.716824],[-108.720692,42.716824],[-108.720491,42.71599],[-108.721445,42.715526],[-108.721842,42.716636],[-108.721343,42.716547]]]}},{"type":"Feature","properties":{"id":"irr-a-8553bfdd96f9","kind":"exclusion","name":"Watered ground","acres":1.9,"editable":true,"source":"MAP mesic valley bottoms + 10-yr NDVI persistence + IrrMapper + NWI (V3 rule, 3 Sep 2026)","strm_type":"Perennial","veg_pct":94.6,"green10":10,"irr_freq":0.64,"enforce":"irrigated"},"geometry":{"type":"Polygon","coordinates":[[[-108.719354,42.716636],[-108.718203,42.716547],[-108.718266,42.715713],[-108.719456,42.71599],[-108.719354,42.716636]]]}},{"type":"Feature","properties":{"id":"irr-a-c3e7cd81c105","kind":"exclusion","name":"Watered ground","acres":1.8,"editable":true,"source":"MAP mesic valley bottoms + 10-yr NDVI persistence + IrrMapper + NWI (V3 rule, 3 Sep 2026)","strm_type":"Perennial","veg_pct":92.5,"green10":10,"irr_freq":0.52,"enforce":"irrigated"},"geometry":{"type":"Polygon","coordinates":[[[-108.719398,42.71673],[-108.719456,42.71599],[-108.720491,42.71599],[-108.720616,42.71673],[-108.719398,42.71673]]]}},{"type":"Feature","properties":{"id":"irr-a-f449d0bffa37","kind":"exclusion","name":"Watered ground","acres":0.9,"editable":true,"source":"MAP mesic valley bottoms + 10-yr NDVI persistence + IrrMapper + NWI (V3 rule, 3 Sep 2026)","strm_type":"Perennial","veg_pct":95.0,"green10":10,"irr_freq":0.28,"enforce":"irrigated"},"geometry":{"type":"Polygon","coordinates":[[[-108.702177,42.726544],[-108.70236,42.726821],[-108.7015,42.726732],[-108.701526,42.726362],[-108.70199,42.726362],[-108.702084,42.726174],[-108.702498,42.726174],[-108.702565,42.726362],[-108.702177,42.726544]]]}},{"type":"Feature","properties":{"id":"irr-a-ef3355914d2a","kind":"exclusion","name":"Watered ground","acres":1.3,"editable":true,"source":"MAP mesic valley bottoms + 10-yr NDVI persistence + IrrMapper + NWI (V3 rule, 3 Sep 2026)","strm_type":"Perennial","veg_pct":96.5,"green10":10,"irr_freq":0.7,"enforce":"irrigated"},"geometry":{"type":"MultiPolygon","coordinates":[[[[-108.660418,42.727566],[-108.660066,42.727285],[-108.660418,42.726732],[-108.661167,42.726732],[-108.661238,42.727102],[-108.660418,42.727566]]],[[[-108.660048,42.727258],[-108.660008,42.727191],[-108.660048,42.727191],[-108.660048,42.727258]]]]}},{"type":"Feature","properties":{"id":"irr-a-7ee8c06148f5","kind":"exclusion","name":"Watered ground","acres":0.7,"editable":true,"source":"MAP mesic valley bottoms + 10-yr NDVI persistence + IrrMapper + NWI (V3 rule, 3 Sep 2026)","strm_type":"Perennial","veg_pct":95.5,"green10":10,"irr_freq":0.27,"enforce":"irrigated"},"geometry":{"type":"Polygon","coordinates":[[[-108.706525,42.727378],[-108.705972,42.727378],[-108.705905,42.727102],[-108.706525,42.726915],[-108.706984,42.726915],[-108.707024,42.727102],[-108.706525,42.727378]]]}},{"type":"Feature","properties":{"id":"irr-a-5a9bae4f46c9","kind":"exclusion","name":"Watered ground","acres":1.2,"editable":true,"source":"MAP mesic valley bottoms + 10-yr NDVI persistence + IrrMapper + NWI (V3 rule, 3 Sep 2026)","strm_type":"Perennial","veg_pct":96.4,"green10":10,"irr_freq":0.57,"enforce":"irrigated"},"geometry":{"type":"Polygon","coordinates":[[[-108.659767,42.727936],[-108.65912,42.728025],[-108.659027,42.727655],[-108.659678,42.727285],[-108.660008,42.727191],[-108.660235,42.727566],[-108.659767,42.727936]]]}},{"type":"Feature","properties":{"id":"irr-a-80fa31e54eb2","kind":"exclusion","name":"Watered ground","acres":0.8,"editable":true,"source":"MAP mesic valley bottoms + 10-yr NDVI persistence + IrrMapper + NWI (V3 rule, 3 Sep 2026)","strm_type":"Perennial","veg_pct":97.3,"green10":10,"irr_freq":0.98,"enforce":"irrigated"},"geometry":{"type":"Polygon","coordinates":[[[-108.668935,42.730709],[-108.669122,42.731173],[-108.668841,42.731267],[-108.668471,42.73099],[-108.668841,42.730339],[-108.669211,42.730433],[-108.668935,42.730709]]]}},{"type":"Feature","properties":{"id":"irr-a-243365cb80c6","kind":"exclusion","name":"Watered ground","acres":1.0,"editable":true,"source":"MAP mesic valley bottoms + 10-yr NDVI persistence + IrrMapper + NWI (V3 rule, 3 Sep 2026)","strm_type":"Perennial","veg_pct":95.8,"green10":10,"irr_freq":1.0,"enforce":"irrigated"},"geometry":{"type":"Polygon","coordinates":[[[-108.668382,42.73173],[-108.668382,42.732123],[-108.667824,42.731637],[-108.668471,42.73103],[-108.668841,42.731267],[-108.668382,42.73173]]]}},{"type":"Feature","properties":{"id":"irr-a-3b289656cdd9","kind":"exclusion","name":"Watered ground","acres":0.9,"editable":true,"source":"MAP mesic valley bottoms + 10-yr NDVI persistence + IrrMapper + NWI (V3 rule, 3 Sep 2026)","strm_type":"Perennial","veg_pct":97.2,"green10":10,"irr_freq":0.72,"enforce":"irrigated"},"geometry":{"type":"Polygon","coordinates":[[[-108.667918,42.732283],[-108.667521,42.732747],[-108.667361,42.732377],[-108.667731,42.7321],[-108.667824,42.731704],[-108.668382,42.732123],[-108.667918,42.732283]]]}},{"type":"Feature","properties":{"id":"irr-a-f311083dcc6a","kind":"exclusion","name":"Watered ground","acres":0.6,"editable":true,"source":"MAP mesic valley bottoms + 10-yr NDVI persistence + IrrMapper + NWI (V3 rule, 3 Sep 2026)","strm_type":"Perennial","veg_pct":97.4,"green10":10,"irr_freq":1.0,"enforce":"irrigated"},"geometry":{"type":"Polygon","coordinates":[[[-108.667084,42.733117],[-108.666531,42.733304],[-108.666447,42.732934],[-108.667178,42.732841],[-108.667361,42.732569],[-108.667521,42.732747],[-108.667084,42.733117]]]}},{"type":"Feature","properties":{"id":"irr-a-20c5df023a11","kind":"exclusion","name":"Watered ground","acres":1.0,"editable":true,"source":"MAP mesic valley bottoms + 10-yr NDVI persistence + IrrMapper + NWI (V3 rule, 3 Sep 2026)","strm_type":"Perennial","veg_pct":97.3,"green10":10,"irr_freq":0.89,"enforce":"irrigated"},"geometry":{"type":"Polygon","coordinates":[[[-108.665479,42.733487],[-108.665417,42.733117],[-108.665693,42.732841],[-108.666157,42.733028],[-108.666447,42.732934],[-108.666531,42.733304],[-108.665479,42.733487]]]}},{"type":"Feature","properties":{"id":"irr-a-b4381dfcc0a0","kind":"exclusion","name":"Watered ground","acres":0.5,"editable":true,"source":"MAP mesic valley bottoms + 10-yr NDVI persistence + IrrMapper + NWI (V3 rule, 3 Sep 2026)","strm_type":"Perennial","veg_pct":94.4,"green10":10,"irr_freq":0.8,"enforce":"irrigated"},"geometry":{"type":"Polygon","coordinates":[[[-108.664676,42.733675],[-108.664413,42.733581],[-108.665046,42.733211],[-108.665403,42.733211],[-108.665479,42.733487],[-108.664676,42.733675]]]}},{"type":"Feature","properties":{"id":"irr-a-8305a82a3c56","kind":"exclusion","name":"Watered ground","acres":0.4,"editable":true,"source":"MAP mesic valley bottoms + 10-yr NDVI persistence + IrrMapper + NWI (V3 rule, 3 Sep 2026)","strm_type":"Perennial","veg_pct":94.7,"green10":10,"irr_freq":0.43,"enforce":"irrigated"},"geometry":{"type":"Polygon","coordinates":[[[-108.664213,42.733768],[-108.66366,42.734308],[-108.663566,42.734045],[-108.664306,42.733581],[-108.664458,42.733675],[-108.664213,42.733768]]]}},{"type":"Feature","properties":{"id":"irr-a-8de2c0e08458","kind":"exclusion","name":"Watered ground","acres":0.8,"editable":true,"source":"MAP mesic valley bottoms + 10-yr NDVI persistence + IrrMapper + NWI (V3 rule, 3 Sep 2026)","strm_type":"Perennial","veg_pct":97.4,"green10":10,"irr_freq":0.42,"enforce":"irrigated"},"geometry":{"type":"Polygon","coordinates":[[[-108.676711,42.735802],[-108.676435,42.736069],[-108.676279,42.735802],[-108.676711,42.735525],[-108.677385,42.735431],[-108.677429,42.735802],[-108.676711,42.735802]]]}},{"type":"Feature","properties":{"id":"irr-a-e7a3a58316d7","kind":"exclusion","name":"Watered ground","acres":0.7,"editable":true,"source":"MAP mesic valley bottoms + 10-yr NDVI persistence + IrrMapper + NWI (V3 rule, 3 Sep 2026)","strm_type":"Perennial","veg_pct":97.5,"green10":10,"irr_freq":0.23,"enforce":"irrigated"},"geometry":{"type":"Polygon","coordinates":[[[-108.675048,42.736823],[-108.675048,42.737193],[-108.674584,42.737014],[-108.674861,42.736453],[-108.675137,42.736453],[-108.675325,42.736216],[-108.675499,42.736546],[-108.675048,42.736823]]]}},{"type":"Feature","properties":{"id":"irr-a-55ef76193c06","kind":"exclusion","name":"Watered ground","acres":0.6,"editable":true,"source":"MAP mesic valley bottoms + 10-yr NDVI persistence + IrrMapper + NWI (V3 rule, 3 Sep 2026)","strm_type":"Perennial","veg_pct":96.4,"green10":10,"irr_freq":0.24,"enforce":"irrigated"},"geometry":{"type":"Polygon","coordinates":[[[-108.669305,42.741545],[-108.669095,42.741268],[-108.669675,42.741175],[-108.670045,42.740894],[-108.670228,42.741175],[-108.669305,42.741545]]]}},{"type":"Feature","properties":{"id":"irr-a-2691446eb0a0","kind":"exclusion","name":"Watered ground","acres":1.4,"editable":true,"source":"MAP mesic valley bottoms + 10-yr NDVI persistence + IrrMapper + NWI (V3 rule, 3 Sep 2026)","strm_type":"Perennial","veg_pct":96.3,"green10":10,"irr_freq":0.57,"enforce":"irrigated"},"geometry":{"type":"Polygon","coordinates":[[[-108.668935,42.741821],[-108.669122,42.742191],[-108.668516,42.742379],[-108.668154,42.741728],[-108.669028,42.741268],[-108.669256,42.741545],[-108.668935,42.741821]]]}},{"type":"Feature","properties":{"id":"irr-a-7affe5ed3cb4","kind":"exclusion","name":"Watered ground","acres":2.8,"editable":true,"source":"MAP mesic valley bottoms + 10-yr NDVI persistence + IrrMapper + NWI (V3 rule, 3 Sep 2026)","strm_type":"Perennial","veg_pct":91.8,"green10":10,"irr_freq":0.52,"enforce":"irrigated"},"geometry":{"type":"Polygon","coordinates":[[[-108.668288,42.742749],[-108.667637,42.742749],[-108.667454,42.742932],[-108.667267,42.741545],[-108.667637,42.741451],[-108.667731,42.741638],[-108.668154,42.741728],[-108.668516,42.742379],[-108.668288,42.742749]]]}},{"type":"Feature","properties":{"id":"irr-a-a47009930964","kind":"exclusion","name":"Watered ground","acres":3.2,"editable":true,"source":"MAP mesic valley bottoms + 10-yr NDVI persistence + IrrMapper + NWI (V3 rule, 3 Sep 2026)","strm_type":"Perennial","veg_pct":92.4,"green10":10,"irr_freq":0.66,"enforce":"irrigated"},"geometry":{"type":"Polygon","coordinates":[[[-108.666282,42.743025],[-108.666085,42.741821],[-108.666438,42.741821],[-108.666527,42.741639],[-108.66724,42.741638],[-108.667343,42.742842],[-108.666282,42.743025]]]}},{"type":"Feature","properties":{"id":"irr-a-6eb67a95a302","kind":"exclusion","name":"Watered ground","acres":2.8,"editable":true,"source":"MAP mesic valley bottoms + 10-yr NDVI persistence + IrrMapper + NWI (V3 rule, 3 Sep 2026)","strm_type":"Perennial","veg_pct":85.8,"green10":10,"irr_freq":0.7,"enforce":"irrigated"},"geometry":{"type":"Polygon","coordinates":[[[-108.664966,42.743025],[-108.66399,42.743025],[-108.663749,42.742009],[-108.66403,42.741821],[-108.66506,42.741821],[-108.664966,42.743025]]]}},{"type":"Feature","properties":{"id":"irr-a-24566d1355e4","kind":"exclusion","name":"Watered ground","acres":3.3,"editable":true,"source":"MAP mesic valley bottoms + 10-yr NDVI persistence + IrrMapper + NWI (V3 rule, 3 Sep 2026)","strm_type":"Perennial","veg_pct":87.0,"green10":10,"irr_freq":0.75,"enforce":"irrigated"},"geometry":{"type":"Polygon","coordinates":[[[-108.664966,42.743025],[-108.66514,42.741728],[-108.665417,42.741915],[-108.666085,42.741821],[-108.666282,42.743025],[-108.664966,42.743025]]]}},{"type":"Feature","properties":{"id":"irr-a-90e3a266eed8","kind":"exclusion","name":"Watered ground","acres":2.8,"editable":true,"source":"MAP mesic valley bottoms + 10-yr NDVI persistence + IrrMapper + NWI (V3 rule, 3 Sep 2026)","strm_type":"Perennial","veg_pct":96.9,"green10":10,"irr_freq":0.43,"enforce":"irrigated"},"geometry":{"type":"Polygon","coordinates":[[[-108.662638,42.744938],[-108.660882,42.744113],[-108.661715,42.743302],[-108.662456,42.743953],[-108.662268,42.744412],[-108.662638,42.744938]]]}},{"type":"Feature","properties":{"id":"irr-a-1e1c98b17166","kind":"exclusion","name":"Watered ground","acres":4.9,"editable":true,"source":"MAP mesic valley bottoms + 10-yr NDVI persistence + IrrMapper + NWI (V3 rule, 3 Sep 2026)","strm_type":"Perennial","veg_pct":89.3,"green10":10,"irr_freq":0.31,"enforce":"irrigated"},"geometry":{"type":"Polygon","coordinates":[[[-108.662638,42.745527],[-108.661992,42.745527],[-108.661715,42.745616],[-108.661528,42.745986],[-108.661171,42.745986],[-108.660583,42.744229],[-108.660882,42.744113],[-108.662638,42.744938],[-108.662638,42.745527]]]}},{"type":"Feature","properties":{"id":"irr-a-e3d54fb635a6","kind":"exclusion","name":"Watered ground","acres":1.1,"editable":true,"source":"MAP mesic valley bottoms + 10-yr NDVI persistence + IrrMapper + NWI (V3 rule, 3 Sep 2026)","strm_type":"Intermittent","veg_pct":92.6,"green10":10,"irr_freq":0.74,"enforce":"irrigated"},"geometry":{"type":"Polygon","coordinates":[[[-108.64404,42.727378],[-108.64301,42.727102],[-108.643108,42.726732],[-108.64338,42.726638],[-108.644138,42.726915],[-108.64404,42.727378]]]}},{"type":"Feature","properties":{"id":"irr-a-a24ef05f53fc","kind":"exclusion","name":"Watered ground","acres":1.6,"editable":true,"source":"MAP mesic valley bottoms + 10-yr NDVI persistence + IrrMapper + NWI (V3 rule, 3 Sep 2026)","strm_type":"Intermittent","veg_pct":92.8,"green10":10,"irr_freq":0.81,"enforce":"irrigated"},"geometry":{"type":"Polygon","coordinates":[[[-108.644972,42.727748],[-108.644401,42.727378],[-108.64404,42.727378],[-108.644138,42.726915],[-108.644401,42.726732],[-108.645047,42.726821],[-108.645239,42.727102],[-108.644972,42.727748]]]}},{"type":"Feature","properties":{"id":"irr-a-2dfcdc6ad09e","kind":"exclusion","name":"Watered ground","acres":1.6,"editable":true,"source":"MAP mesic valley bottoms + 10-yr NDVI persistence + IrrMapper + NWI (V3 rule, 3 Sep 2026)","strm_type":"Intermittent","veg_pct":84.8,"green10":10,"irr_freq":0.48,"enforce":"irrigated"},"geometry":{"type":"Polygon","coordinates":[[[-108.645788,42.728306],[-108.645417,42.727748],[-108.644972,42.727748],[-108.645239,42.727102],[-108.645694,42.727472],[-108.646069,42.727472],[-108.646077,42.728306],[-108.645788,42.728306]]]}},{"type":"Feature","properties":{"id":"irr-a-7f965ecfd804","kind":"exclusion","name":"Watered ground","acres":1.1,"editable":true,"source":"MAP mesic valley bottoms + 10-yr NDVI persistence + IrrMapper + NWI (V3 rule, 3 Sep 2026)","strm_type":"Intermittent","veg_pct":82.4,"green10":10,"irr_freq":0.62,"enforce":"irrigated"},"geometry":{"type":"Polygon","coordinates":[[[-108.64449,42.750155],[-108.643103,42.750338],[-108.643001,42.750525],[-108.64301,42.749879],[-108.64375,42.750062],[-108.644584,42.749785],[-108.64449,42.750155]]]}},{"type":"Feature","properties":{"id":"irr-a-d5549e7318ba","kind":"exclusion","name":"Watered ground","acres":5.9,"editable":true,"source":"MAP mesic valley bottoms + 10-yr NDVI persistence + IrrMapper + NWI (V3 rule, 3 Sep 2026)","strm_type":"Intermittent","veg_pct":96.9,"green10":10,"irr_freq":0.94,"enforce":"irrigated"},"geometry":{"type":"Polygon","coordinates":[[[-108.651477,42.751591],[-108.651437,42.751622],[-108.651067,42.750173],[-108.65273,42.748858],[-108.653466,42.749045],[-108.651477,42.751591]]]}},{"type":"Feature","properties":{"id":"irr-a-571e31bfe7ec","kind":"exclusion","name":"Watered ground","acres":7.8,"editable":true,"source":"MAP mesic valley bottoms + 10-yr NDVI persistence + IrrMapper + NWI (V3 rule, 3 Sep 2026)","strm_type":"Intermittent","veg_pct":97.6,"green10":10,"irr_freq":0.99,"enforce":"irrigated"},"geometry":{"type":"Polygon","coordinates":[[[-108.651477,42.751591],[-108.653466,42.749045],[-108.654028,42.749045],[-108.654215,42.749228],[-108.654492,42.750432],[-108.655638,42.750249],[-108.651477,42.751591]]]}},{"type":"Feature","properties":{"id":"irr-a-cb34311e4451","kind":"exclusion","name":"Watered ground","acres":2.6,"editable":true,"source":"MAP mesic valley bottoms + 10-yr NDVI persistence + IrrMapper + NWI (V3 rule, 3 Sep 2026)","strm_type":"Intermittent","veg_pct":92.5,"green10":10,"irr_freq":0.76,"enforce":"irrigated"},"geometry":{"type":"Polygon","coordinates":[[[-108.641605,42.750989],[-108.641253,42.750155],[-108.641529,42.750062],[-108.641712,42.750249],[-108.641993,42.750062],[-108.642827,42.750155],[-108.642916,42.750044],[-108.64301,42.750619],[-108.641605,42.750989]]]}},{"type":"Feature","properties":{"id":"irr-a-a616060d658c","kind":"exclusion","name":"Watered ground","acres":8.5,"editable":true,"source":"MAP mesic valley bottoms + 10-yr NDVI persistence + IrrMapper + NWI (V3 rule, 3 Sep 2026)","strm_type":"Intermittent","veg_pct":97.6,"green10":10,"irr_freq":0.93,"enforce":"irrigated"},"geometry":{"type":"Polygon","coordinates":[[[-108.652209,42.752635],[-108.651437,42.75247],[-108.651477,42.751591],[-108.655638,42.750249],[-108.65611,42.750338],[-108.652209,42.752635]]]}},{"type":"Feature","properties":{"id":"irr-a-95357c634266","kind":"exclusion","name":"Watered ground","acres":5.0,"editable":true,"source":"MAP mesic valley bottoms + 10-yr NDVI persistence + IrrMapper + NWI (V3 rule, 3 Sep 2026)","strm_type":"Intermittent","veg_pct":96.8,"green10":10,"irr_freq":0.86,"enforce":"irrigated"},"geometry":{"type":"Polygon","coordinates":[[[-108.641623,42.752907],[-108.639893,42.750989],[-108.641159,42.750249],[-108.641605,42.750989],[-108.641342,42.751359],[-108.641712,42.751823],[-108.641623,42.752907]]]}},{"type":"Feature","properties":{"id":"irr-a-c25f73bfdbb8","kind":"exclusion","name":"Watered ground","acres":19.5,"editable":true,"source":"MAP mesic valley bottoms + 10-yr NDVI persistence + IrrMapper + NWI (V3 rule, 3 Sep 2026)","strm_type":"Intermittent","veg_pct":92.5,"green10":10,"irr_freq":0.69,"enforce":"irrigated"},"geometry":{"type":"Polygon","coordinates":[[[-108.65801,42.753023],[-108.652209,42.752635],[-108.656249,42.750338],[-108.656619,42.750802],[-108.656806,42.750619],[-108.657176,42.750619],[-108.657176,42.750896],[-108.65764,42.751172],[-108.65764,42.752282],[-108.65801,42.753023]]]}},{"type":"Feature","properties":{"id":"irr-a-0b76de8de0a6","kind":"exclusion","name":"Watered ground","acres":5.8,"editable":true,"source":"MAP mesic valley bottoms + 10-yr NDVI persistence + IrrMapper + NWI (V3 rule, 3 Sep 2026)","strm_type":"Intermittent","veg_pct":96.6,"green10":10,"irr_freq":0.88,"enforce":"irrigated"},"geometry":{"type":"Polygon","coordinates":[[[-108.658443,42.753486],[-108.657916,42.753397],[-108.65801,42.75284],[-108.65764,42.752282],[-108.65764,42.751172],[-108.657176,42.750896],[-108.657176,42.750619],[-108.656806,42.750619],[-108.656619,42.750802],[-108.656249,42.750338],[-108.655232,42.750249],[-108.654955,42.750432],[-108.654492,42.750432],[-108.654398,42.750155],[-108.654955,42.750155],[-108.655696,42.749879],[-108.657363,42.750338],[-108.65764,42.750619],[-108.658193,42.752282],[-108.65838,42.75247],[-108.658835,42.75247],[-108.658443,42.753486]]]}},{"type":"Feature","properties":{"id":"irr-a-979a59577786","kind":"exclusion","name":"Watered ground","acres":5.7,"editable":true,"source":"MAP mesic valley bottoms + 10-yr NDVI persistence + IrrMapper + NWI (V3 rule, 3 Sep 2026)","strm_type":"Intermittent","veg_pct":95.2,"green10":10,"irr_freq":0.75,"enforce":"irrigated"},"geometry":{"type":"Polygon","coordinates":[[[-108.637346,42.752746],[-108.637271,42.751078],[-108.637641,42.750989],[-108.637824,42.751266],[-108.638938,42.751266],[-108.639019,42.752652],[-108.637346,42.752746]]]}},{"type":"Feature","properties":{"id":"irr-a-d915b4e61d0d","kind":"exclusion","name":"Watered ground","acres":7.3,"editable":true,"source":"MAP mesic valley bottoms + 10-yr NDVI persistence + IrrMapper + NWI (V3 rule, 3 Sep 2026)","strm_type":"Intermittent","veg_pct":97.2,"green10":10,"irr_freq":0.93,"enforce":"irrigated"},"geometry":{"type":"Polygon","coordinates":[[[-108.641065,42.753303],[-108.640883,42.753116],[-108.640232,42.753027],[-108.639768,42.752652],[-108.639019,42.752652],[-108.638974,42.751359],[-108.639309,42.751359],[-108.639491,42.751078],[-108.639893,42.750989],[-108.641623,42.752907],[-108.641065,42.753303]]]}},{"type":"Feature","properties":{"id":"irr-a-374deb0ddba6","kind":"exclusion","name":"Watered ground","acres":6.2,"editable":true,"source":"MAP mesic valley bottoms + 10-yr NDVI persistence + IrrMapper + NWI (V3 rule, 3 Sep 2026)","strm_type":"Intermittent","veg_pct":92.7,"green10":10,"irr_freq":0.71,"enforce":"irrigated"},"geometry":{"type":"Polygon","coordinates":[[[-108.636343,42.753116],[-108.63575,42.753027],[-108.635603,42.751542],[-108.635973,42.751542],[-108.636343,42.751172],[-108.637173,42.751172],[-108.637346,42.752746],[-108.636343,42.753116]]]}},{"type":"Feature","properties":{"id":"irr-a-b0ef0f4e4f51","kind":"exclusion","name":"Watered ground","acres":4.6,"editable":true,"source":"MAP mesic valley bottoms + 10-yr NDVI persistence + IrrMapper + NWI (V3 rule, 3 Sep 2026)","strm_type":"Intermittent","veg_pct":78.5,"green10":10,"irr_freq":0.38,"enforce":"irrigated"},"geometry":{"type":"Polygon","coordinates":[[[-108.633904,42.752933],[-108.634033,42.751823],[-108.634863,42.751912],[-108.635509,42.751636],[-108.63575,42.753027],[-108.633904,42.752933]]]}},{"type":"Feature","properties":{"id":"irr-a-3128c62e8dad","kind":"exclusion","name":"Watered ground","acres":2.5,"editable":true,"source":"MAP mesic valley bottoms + 10-yr NDVI persistence + IrrMapper + NWI (V3 rule, 3 Sep 2026)","strm_type":"Intermittent","veg_pct":93.5,"green10":10,"irr_freq":0.55,"enforce":"irrigated"},"geometry":{"type":"Polygon","coordinates":[[[-108.65958,42.753674],[-108.65875,42.753767],[-108.658443,42.753486],[-108.658835,42.75247],[-108.659704,42.752933],[-108.65958,42.753674]]]}},{"type":"Feature","properties":{"id":"irr-a-8fcbd65f38bc","kind":"exclusion","name":"Watered ground","acres":15.8,"editable":true,"source":"MAP mesic valley bottoms + 10-yr NDVI persistence + IrrMapper + NWI (V3 rule, 3 Sep 2026)","strm_type":"Intermittent","veg_pct":70.6,"green10":10,"irr_freq":0.24,"enforce":"irrigated"},"geometry":{"type":"Polygon","coordinates":[[[-108.65801,42.753674],[-108.65764,42.753856],[-108.65764,42.754137],[-108.656619,42.754137],[-108.656342,42.75395],[-108.655419,42.754414],[-108.655602,42.754784],[-108.654697,42.75506],[-108.652334,42.752697],[-108.65801,42.753023],[-108.65801,42.753674]]]}},{"type":"Feature","properties":{"id":"irr-a-3e6b7be35d79","kind":"exclusion","name":"Watered ground","acres":8.4,"editable":true,"source":"MAP mesic valley bottoms + 10-yr NDVI persistence + IrrMapper + NWI (V3 rule, 3 Sep 2026)","strm_type":"Intermittent","veg_pct":88.6,"green10":10,"irr_freq":0.46,"enforce":"irrigated"},"geometry":{"type":"Polygon","coordinates":[[[-108.653658,42.755341],[-108.65352,42.755524],[-108.651393,42.753116],[-108.651526,42.752545],[-108.652334,42.752697],[-108.654697,42.75506],[-108.653658,42.755341]]]}},{"type":"Feature","properties":{"id":"irr-a-f4bb42cc60fa","kind":"exclusion","name":"Watered ground","acres":6.5,"editable":true,"source":"MAP mesic valley bottoms + 10-yr NDVI persistence + IrrMapper + NWI (V3 rule, 3 Sep 2026)","strm_type":"Intermittent","veg_pct":74.0,"green10":10,"irr_freq":0.34,"enforce":"irrigated"},"geometry":{"type":"Polygon","coordinates":[[[-108.652271,42.756452],[-108.65199,42.756171],[-108.651714,42.756545],[-108.651344,42.756483],[-108.650153,42.754597],[-108.65051,42.75358],[-108.652632,42.756264],[-108.652271,42.756452]]]}},{"type":"Feature","properties":{"id":"irr-a-a00338dcf5f9","kind":"exclusion","name":"Watered ground","acres":5.8,"editable":true,"source":"MAP mesic valley bottoms + 10-yr NDVI persistence + IrrMapper + NWI (V3 rule, 3 Sep 2026)","strm_type":"Intermittent","veg_pct":71.8,"green10":10,"irr_freq":0.38,"enforce":"irrigated"},"geometry":{"type":"Polygon","coordinates":[[[-108.650974,42.757013],[-108.648936,42.755355],[-108.649123,42.754971],[-108.650153,42.754597],[-108.651344,42.756483],[-108.650974,42.757013]]]}},{"type":"Feature","properties":{"id":"irr-a-72dd413e5a33","kind":"exclusion","name":"Watered ground","acres":4.7,"editable":true,"source":"MAP mesic valley bottoms + 10-yr NDVI persistence + IrrMapper + NWI (V3 rule, 3 Sep 2026)","strm_type":"Intermittent","veg_pct":76.5,"green10":10,"irr_freq":0.21,"enforce":"irrigated"},"geometry":{"type":"Polygon","coordinates":[[[-108.649863,42.758151],[-108.647732,42.757286],[-108.648102,42.757098],[-108.648432,42.756358],[-108.650327,42.757602],[-108.649863,42.758151]]]}},{"type":"Feature","properties":{"id":"irr-a-304ee89dd9ec","kind":"exclusion","name":"Watered ground","acres":1.5,"editable":true,"source":"MAP mesic valley bottoms + 10-yr NDVI persistence + IrrMapper + NWI (V3 rule, 3 Sep 2026)","strm_type":"Perennial","veg_pct":89.6,"green10":10,"irr_freq":0.32,"enforce":"irrigated"},"geometry":{"type":"Polygon","coordinates":[[[-108.655138,42.728765],[-108.655138,42.729046],[-108.654443,42.72914],[-108.654492,42.728489],[-108.655433,42.728119],[-108.655522,42.728582],[-108.655138,42.728765]]]}},{"type":"Feature","properties":{"id":"irr-a-6bb27ccd3273","kind":"exclusion","name":"Watered ground","acres":1.5,"editable":true,"source":"MAP mesic valley bottoms + 10-yr NDVI persistence + IrrMapper + NWI (V3 rule, 3 Sep 2026)","strm_type":"Perennial","veg_pct":93.3,"green10":10,"irr_freq":0.54,"enforce":"irrigated"},"geometry":{"type":"Polygon","coordinates":[[[-108.653185,42.728765],[-108.65273,42.728765],[-108.652454,42.729251],[-108.651714,42.728306],[-108.652084,42.728212],[-108.652271,42.728395],[-108.653225,42.728582],[-108.653185,42.728765]]]}},{"type":"Feature","properties":{"id":"irr-a-5e18aec2167e","kind":"exclusion","name":"Watered ground","acres":1.0,"editable":true,"source":"MAP mesic valley bottoms + 10-yr NDVI persistence + IrrMapper + NWI (V3 rule, 3 Sep 2026)","strm_type":"Perennial","veg_pct":92.9,"green10":10,"irr_freq":0.49,"enforce":"irrigated"},"geometry":{"type":"MultiPolygon","coordinates":[[[[-108.653658,42.72914],[-108.653194,42.728859],[-108.653225,42.728582],[-108.653475,42.728582],[-108.653564,42.728765],[-108.654349,42.728676],[-108.654443,42.72914],[-108.653658,42.72914]]],[[[-108.653087,42.730526],[-108.653051,42.730339],[-108.6531,42.730433],[-108.653087,42.730526]]],[[[-108.653011,42.730156],[-108.652976,42.729969],[-108.653011,42.730063],[-108.653011,42.730156]]]]}},{"type":"Feature","properties":{"id":"irr-a-b6ca42ac541b","kind":"exclusion","name":"Watered ground","acres":31.5,"editable":true,"source":"MAP mesic valley bottoms + 10-yr NDVI persistence + IrrMapper + NWI (V3 rule, 3 Sep 2026)","strm_type":"Perennial","veg_pct":91.4,"green10":10,"irr_freq":0.68,"enforce":"irrigated"},"geometry":{"type":"Polygon","coordinates":[[[-108.653564,42.705159],[-108.653658,42.705529],[-108.653288,42.705805],[-108.653288,42.706175],[-108.653564,42.706363],[-108.653288,42.707009],[-108.652641,42.707196],[-108.652454,42.707656],[-108.651923,42.707937],[-108.649252,42.704325],[-108.64977,42.704048],[-108.650046,42.703585],[-108.650416,42.703861],[-108.650786,42.703767],[-108.65125,42.703121],[-108.65162,42.703121],[-108.651901,42.703397],[-108.652271,42.702844],[-108.652084,42.702394],[-108.654304,42.704195],[-108.653564,42.705159]]]}},{"type":"Feature","properties":{"id":"irr-a-eb54dbdfe8b3","kind":"exclusion","name":"Watered ground","acres":28.4,"editable":true,"source":"MAP mesic valley bottoms + 10-yr NDVI persistence + IrrMapper + NWI (V3 rule, 3 Sep 2026)","strm_type":"Perennial","veg_pct":96.1,"green10":10,"irr_freq":0.73,"enforce":"irrigated"},"geometry":{"type":"Polygon","coordinates":[[[-108.651344,42.708026],[-108.65125,42.708213],[-108.650046,42.708213],[-108.649863,42.708026],[-108.649676,42.708677],[-108.649029,42.709047],[-108.648936,42.709439],[-108.646158,42.707567],[-108.646528,42.707009],[-108.647549,42.706733],[-108.648289,42.705899],[-108.648936,42.705529],[-108.648936,42.704508],[-108.649252,42.704325],[-108.651923,42.707937],[-108.651344,42.708026]]]}},{"type":"Feature","properties":{"id":"irr-a-c5c08b9cb596","kind":"exclusion","name":"Watered ground","acres":28.7,"editable":true,"source":"MAP mesic valley bottoms + 10-yr NDVI persistence + IrrMapper + NWI (V3 rule, 3 Sep 2026)","strm_type":"Perennial","veg_pct":95.4,"green10":10,"irr_freq":0.71,"enforce":"irrigated"},"geometry":{"type":"Polygon","coordinates":[[[-108.648936,42.7096],[-108.648659,42.709511],[-108.648472,42.709694],[-108.648659,42.709881],[-108.648472,42.710804],[-108.647638,42.711361],[-108.648196,42.711919],[-108.648196,42.712289],[-108.647732,42.712565],[-108.647638,42.713029],[-108.643826,42.710434],[-108.644584,42.709881],[-108.645417,42.709787],[-108.645975,42.70923],[-108.646158,42.707589],[-108.648936,42.709439],[-108.648936,42.7096]]]}},{"type":"Feature","properties":{"id":"irr-a-a80e3f47dff6","kind":"exclusion","name":"Watered ground","acres":31.9,"editable":true,"source":"MAP mesic valley bottoms + 10-yr NDVI persistence + IrrMapper + NWI (V3 rule, 3 Sep 2026)","strm_type":"Perennial","veg_pct":82.0,"green10":10,"irr_freq":0.46,"enforce":"irrigated"},"geometry":{"type":"Polygon","coordinates":[[[-108.646992,42.713769],[-108.645788,42.714416],[-108.645324,42.714879],[-108.644954,42.715807],[-108.645141,42.716177],[-108.64206,42.713675],[-108.642546,42.713582],[-108.642916,42.713118],[-108.642827,42.711919],[-108.643197,42.712565],[-108.643567,42.712289],[-108.64338,42.710897],[-108.64375,42.710434],[-108.647549,42.713038],[-108.646992,42.713769]]]}},{"type":"Feature","properties":{"id":"irr-a-3c96329d29d0","kind":"exclusion","name":"Watered ground","acres":25.2,"editable":true,"source":"MAP mesic valley bottoms + 10-yr NDVI persistence + IrrMapper + NWI (V3 rule, 3 Sep 2026)","strm_type":"Perennial","veg_pct":91.6,"green10":10,"irr_freq":0.57,"enforce":"irrigated"},"geometry":{"type":"Polygon","coordinates":[[[-108.64449,42.715807],[-108.644214,42.71599],[-108.644031,42.715807],[-108.643567,42.716547],[-108.64375,42.716917],[-108.643103,42.717751],[-108.642639,42.71821],[-108.641899,42.718398],[-108.64148,42.718861],[-108.639821,42.716083],[-108.640602,42.715807],[-108.641993,42.714786],[-108.642363,42.714322],[-108.641806,42.713863],[-108.64206,42.713675],[-108.645061,42.716177],[-108.64449,42.715807]]]}},{"type":"Feature","properties":{"id":"irr-a-eaac5a4bb9df","kind":"exclusion","name":"Watered ground","acres":26.0,"editable":true,"source":"MAP mesic valley bottoms + 10-yr NDVI persistence + IrrMapper + NWI (V3 rule, 3 Sep 2026)","strm_type":"Perennial","veg_pct":94.0,"green10":10,"irr_freq":0.54,"enforce":"irrigated"},"geometry":{"type":"Polygon","coordinates":[[[-108.641342,42.719138],[-108.641065,42.719138],[-108.640883,42.718955],[-108.640508,42.719044],[-108.640325,42.718768],[-108.639955,42.718768],[-108.639491,42.719325],[-108.639491,42.720065],[-108.639215,42.719972],[-108.639028,42.720155],[-108.639309,42.720618],[-108.638938,42.721095],[-108.636151,42.71821],[-108.636901,42.718028],[-108.637734,42.718398],[-108.638011,42.717564],[-108.637734,42.7171],[-108.638011,42.7171],[-108.638564,42.716547],[-108.638657,42.716083],[-108.639121,42.71599],[-108.639821,42.716083],[-108.64148,42.718861],[-108.641342,42.719138]]]}},{"type":"Feature","properties":{"id":"irr-a-831cad0a9fc5","kind":"exclusion","name":"Watered ground","acres":43.7,"editable":true,"source":"MAP mesic valley bottoms + 10-yr NDVI persistence + IrrMapper + NWI (V3 rule, 3 Sep 2026)","strm_type":"Perennial","veg_pct":86.1,"green10":10,"irr_freq":0.38,"enforce":"irrigated"},"geometry":{"type":"Polygon","coordinates":[[[-108.638105,42.72201],[-108.638194,42.722286],[-108.63699,42.723303],[-108.636901,42.723584],[-108.63616,42.723766],[-108.632731,42.720221],[-108.633012,42.719972],[-108.634216,42.719878],[-108.634493,42.719602],[-108.634493,42.719232],[-108.634029,42.718768],[-108.633472,42.71858],[-108.633472,42.71821],[-108.634029,42.718028],[-108.635509,42.718028],[-108.635697,42.71821],[-108.636151,42.71821],[-108.638938,42.721095],[-108.638105,42.72201]]]}},{"type":"Feature","properties":{"id":"irr-a-0a68d4c1c3f9","kind":"exclusion","name":"Watered ground","acres":39.1,"editable":true,"source":"MAP mesic valley bottoms + 10-yr NDVI persistence + IrrMapper + NWI (V3 rule, 3 Sep 2026)","strm_type":"Perennial","veg_pct":92.9,"green10":10,"irr_freq":0.35,"enforce":"irrigated"},"geometry":{"type":"Polygon","coordinates":[[[-108.635046,42.725064],[-108.634305,42.725528],[-108.634123,42.726174],[-108.633565,42.726451],[-108.633472,42.727004],[-108.630604,42.723463],[-108.632268,42.721916],[-108.632268,42.720806],[-108.632642,42.720248],[-108.63616,42.723766],[-108.635046,42.725064]]]}},{"type":"Feature","properties":{"id":"irr-a-da21c38970be","kind":"exclusion","name":"Watered ground","acres":45.2,"editable":true,"source":"MAP mesic valley bottoms + 10-yr NDVI persistence + IrrMapper + NWI (V3 rule, 3 Sep 2026)","strm_type":"Perennial","veg_pct":90.3,"green10":10,"irr_freq":0.44,"enforce":"irrigated"},"geometry":{"type":"Polygon","coordinates":[[[-108.631157,42.728952],[-108.630881,42.729046],[-108.630511,42.728765],[-108.630323,42.729046],[-108.630047,42.729046],[-108.627086,42.725158],[-108.627733,42.724877],[-108.628379,42.723954],[-108.629119,42.723954],[-108.629864,42.723584],[-108.630323,42.723673],[-108.630604,42.723463],[-108.633472,42.727004],[-108.631157,42.728952]]]}},{"type":"Feature","properties":{"id":"irr-a-c1508d25666a","kind":"exclusion","name":"Watered ground","acres":0.8,"editable":true,"source":"MAP mesic valley bottoms + 10-yr NDVI persistence + IrrMapper + NWI (V3 rule, 3 Sep 2026)","strm_type":"Perennial","veg_pct":96.2,"green10":10,"irr_freq":0.9,"enforce":"irrigated"},"geometry":{"type":"Polygon","coordinates":[[[-108.65801,42.728306],[-108.657876,42.728025],[-108.658937,42.727842],[-108.659027,42.727686],[-108.65912,42.728025],[-108.65801,42.728306]]]}},{"type":"Feature","properties":{"id":"irr-a-8bab2c44ef97","kind":"exclusion","name":"Watered ground","acres":0.9,"editable":true,"source":"MAP mesic valley bottoms + 10-yr NDVI persistence + IrrMapper + NWI (V3 rule, 3 Sep 2026)","strm_type":"Perennial","veg_pct":97.5,"green10":10,"irr_freq":0.88,"enforce":"irrigated"},"geometry":{"type":"Polygon","coordinates":[[[-108.656703,42.728489],[-108.656663,42.728212],[-108.657876,42.728025],[-108.657939,42.728306],[-108.656703,42.728489]]]}},{"type":"Feature","properties":{"id":"irr-a-1973394fa120","kind":"exclusion","name":"Watered ground","acres":0.9,"editable":true,"source":"MAP mesic valley bottoms + 10-yr NDVI persistence + IrrMapper + NWI (V3 rule, 3 Sep 2026)","strm_type":"Perennial","veg_pct":97.4,"green10":10,"irr_freq":0.81,"enforce":"irrigated"},"geometry":{"type":"Polygon","coordinates":[[[-108.655522,42.728582],[-108.655433,42.728119],[-108.656066,42.728306],[-108.656663,42.728212],[-108.656703,42.728489],[-108.655522,42.728582]]]}},{"type":"Feature","properties":{"id":"irr-a-50c26056078f","kind":"exclusion","name":"Watered ground","acres":3.5,"editable":true,"source":"MAP mesic valley bottoms + 10-yr NDVI persistence + IrrMapper + NWI (V3 rule, 3 Sep 2026)","strm_type":"Perennial","veg_pct":92.1,"green10":10,"irr_freq":0.41,"enforce":"irrigated"},"geometry":{"type":"Polygon","coordinates":[[[-108.65261,42.730433],[-108.651067,42.729407],[-108.651437,42.729046],[-108.65162,42.728395],[-108.652454,42.729251],[-108.652084,42.729693],[-108.652271,42.72988],[-108.652824,42.729786],[-108.653087,42.730526],[-108.65261,42.730433]]]}},{"type":"Feature","properties":{"id":"irr-a-3f76d8c624ad","kind":"exclusion","name":"Watered ground","acres":2.7,"editable":true,"source":"MAP mesic valley bottoms + 10-yr NDVI persistence + IrrMapper + NWI (V3 rule, 3 Sep 2026)","strm_type":"Perennial","veg_pct":95.9,"green10":10,"irr_freq":0.64,"enforce":"irrigated"},"geometry":{"type":"Polygon","coordinates":[[[-108.648289,42.73062],[-108.647919,42.73062],[-108.647188,42.730156],[-108.647732,42.729229],[-108.648008,42.729229],[-108.64853,42.72988],[-108.648289,42.73062]]]}},{"type":"Feature","properties":{"id":"irr-a-e86412bca90b","kind":"exclusion","name":"Watered ground","acres":2.6,"editable":true,"source":"MAP mesic valley bottoms + 10-yr NDVI persistence + IrrMapper + NWI (V3 rule, 3 Sep 2026)","strm_type":"Perennial","veg_pct":91.6,"green10":10,"irr_freq":0.58,"enforce":"irrigated"},"geometry":{"type":"Polygon","coordinates":[[[-108.650835,42.73062],[-108.650653,42.730156],[-108.651067,42.729786],[-108.650974,42.729416],[-108.65261,42.730433],[-108.650835,42.73062]]]}},{"type":"Feature","properties":{"id":"irr-a-db27205a2525","kind":"exclusion","name":"Watered ground","acres":2.3,"editable":true,"source":"MAP mesic valley bottoms + 10-yr NDVI persistence + IrrMapper + NWI (V3 rule, 3 Sep 2026)","strm_type":"Perennial","veg_pct":93.5,"green10":10,"irr_freq":0.72,"enforce":"irrigated"},"geometry":{"type":"Polygon","coordinates":[[[-108.649475,42.73099],[-108.649212,42.730709],[-108.648936,42.730803],[-108.648329,42.730526],[-108.648566,42.729786],[-108.649712,42.729969],[-108.649475,42.73099]]]}},{"type":"Feature","properties":{"id":"irr-a-596194ff536d","kind":"exclusion","name":"Watered ground","acres":3.0,"editable":true,"source":"MAP mesic valley bottoms + 10-yr NDVI persistence + IrrMapper + NWI (V3 rule, 3 Sep 2026)","strm_type":"Perennial","veg_pct":97.2,"green10":10,"irr_freq":0.83,"enforce":"irrigated"},"geometry":{"type":"Polygon","coordinates":[[[-108.650416,42.73099],[-108.650327,42.73136],[-108.649863,42.73136],[-108.649493,42.731084],[-108.649712,42.729969],[-108.650603,42.730063],[-108.650835,42.73062],[-108.650416,42.73099]]]}},{"type":"Feature","properties":{"id":"irr-a-ff894ec6565b","kind":"exclusion","name":"Watered ground","acres":2.6,"editable":true,"source":"MAP mesic valley bottoms + 10-yr NDVI persistence + IrrMapper + NWI (V3 rule, 3 Sep 2026)","strm_type":"Perennial","veg_pct":93.2,"green10":10,"irr_freq":0.45,"enforce":"irrigated"},"geometry":{"type":"MultiPolygon","coordinates":[[[[-108.644824,42.732658],[-108.644677,42.732471],[-108.644771,42.732471],[-108.644824,42.732658]]],[[[-108.644031,42.73099],[-108.643799,42.73136],[-108.643139,42.730526],[-108.644053,42.729693],[-108.644619,42.730709],[-108.644031,42.73099]]],[[[-108.643567,42.728859],[-108.643567,42.728819],[-108.643589,42.728859],[-108.643567,42.728859]]]]}},{"type":"Feature","properties":{"id":"irr-a-ce5694e5de23","kind":"exclusion","name":"Watered ground","acres":39.6,"editable":true,"source":"MAP mesic valley bottoms + 10-yr NDVI persistence + IrrMapper + NWI (V3 rule, 3 Sep 2026)","strm_type":"Perennial","veg_pct":91.4,"green10":10,"irr_freq":0.57,"enforce":"irrigated"},"geometry":{"type":"Polygon","coordinates":[[[-108.626716,42.732564],[-108.625882,42.732747],[-108.625512,42.733028],[-108.624772,42.733117],[-108.624214,42.733617],[-108.621976,42.730526],[-108.62264,42.72914],[-108.622917,42.72914],[-108.623287,42.728765],[-108.623104,42.728025],[-108.624874,42.728489],[-108.627826,42.731708],[-108.626716,42.732564]]]}},{"type":"Feature","properties":{"id":"irr-a-d304cff1e5e5","kind":"exclusion","name":"Watered ground","acres":25.9,"editable":true,"source":"MAP mesic valley bottoms + 10-yr NDVI persistence + IrrMapper + NWI (V3 rule, 3 Sep 2026)","strm_type":"Perennial","veg_pct":95.6,"green10":10,"irr_freq":0.58,"enforce":"irrigated"},"geometry":{"type":"Polygon","coordinates":[[[-108.623568,42.734045],[-108.623568,42.734321],[-108.622083,42.734415],[-108.621713,42.734138],[-108.621436,42.734415],[-108.62153,42.734878],[-108.620973,42.735431],[-108.619216,42.733893],[-108.619305,42.733675],[-108.620509,42.733028],[-108.620696,42.732101],[-108.620509,42.731543],[-108.62116,42.731454],[-108.62153,42.730709],[-108.6219,42.730526],[-108.624214,42.733617],[-108.623568,42.734045]]]}},{"type":"Feature","properties":{"id":"irr-a-b65c0598fea2","kind":"exclusion","name":"Watered ground","acres":1.7,"editable":true,"source":"MAP mesic valley bottoms + 10-yr NDVI persistence + IrrMapper + NWI (V3 rule, 3 Sep 2026)","strm_type":"Perennial","veg_pct":89.3,"green10":10,"irr_freq":0.22,"enforce":"irrigated"},"geometry":{"type":"Polygon","coordinates":[[[-108.635768,42.733675],[-108.635656,42.733211],[-108.636802,42.732747],[-108.636945,42.733398],[-108.635768,42.733675]]]}},{"type":"Feature","properties":{"id":"irr-a-df53e08a5583","kind":"exclusion","name":"Watered ground","acres":1.5,"editable":true,"source":"MAP mesic valley bottoms + 10-yr NDVI persistence + IrrMapper + NWI (V3 rule, 3 Sep 2026)","strm_type":"Perennial","veg_pct":92.1,"green10":10,"irr_freq":0.31,"enforce":"irrigated"},"geometry":{"type":"Polygon","coordinates":[[[-108.634493,42.733951],[-108.634546,42.733211],[-108.634675,42.733398],[-108.635656,42.733211],[-108.635768,42.733675],[-108.634493,42.733951]]]}},{"type":"Feature","properties":{"id":"irr-a-5d4afb2eec77","kind":"exclusion","name":"Watered ground","acres":0.8,"editable":true,"source":"MAP mesic valley bottoms + 10-yr NDVI persistence + IrrMapper + NWI (V3 rule, 3 Sep 2026)","strm_type":"Perennial","veg_pct":79.7,"green10":10,"irr_freq":0.25,"enforce":"irrigated"},"geometry":{"type":"Polygon","coordinates":[[[-108.624214,42.734972],[-108.623844,42.734785],[-108.623889,42.734321],[-108.624308,42.734691],[-108.624861,42.734691],[-108.624964,42.734879],[-108.624214,42.734972]]]}},{"type":"Feature","properties":{"id":"irr-a-47b7c1b22b9b","kind":"exclusion","name":"Watered ground","acres":0.8,"editable":true,"source":"MAP mesic valley bottoms + 10-yr NDVI persistence + IrrMapper + NWI (V3 rule, 3 Sep 2026)","strm_type":"Perennial","veg_pct":90.5,"green10":10,"irr_freq":0.78,"enforce":"irrigated"},"geometry":{"type":"Polygon","coordinates":[[[-108.657083,42.737607],[-108.65653,42.737607],[-108.65653,42.736751],[-108.656806,42.73672],[-108.656806,42.737099],[-108.657083,42.737607]]]}},{"type":"Feature","properties":{"id":"irr-a-12b7955fd77f","kind":"exclusion","name":"Watered ground","acres":0.7,"editable":true,"source":"MAP mesic valley bottoms + 10-yr NDVI persistence + IrrMapper + NWI (V3 rule, 3 Sep 2026)","strm_type":"Perennial","veg_pct":90.5,"green10":10,"irr_freq":0.94,"enforce":"irrigated"},"geometry":{"type":"Polygon","coordinates":[[[-108.656806,42.737933],[-108.6569,42.738455],[-108.65653,42.73849],[-108.65653,42.737607],[-108.657083,42.737607],[-108.656806,42.737933]]]}},{"type":"Feature","properties":{"id":"irr-a-4d700f639b7a","kind":"exclusion","name":"Watered ground","acres":0.9,"editable":true,"source":"MAP mesic valley bottoms + 10-yr NDVI persistence + IrrMapper + NWI (V3 rule, 3 Sep 2026)","strm_type":"Perennial","veg_pct":89.3,"green10":10,"irr_freq":0.87,"enforce":"irrigated"},"geometry":{"type":"Polygon","coordinates":[[[-108.6569,42.739324],[-108.65653,42.739333],[-108.65653,42.73849],[-108.657083,42.73858],[-108.6569,42.739324]]]}},{"type":"Feature","properties":{"id":"irr-a-63e76d00b587","kind":"exclusion","name":"Watered ground","acres":1.3,"editable":true,"source":"MAP mesic valley bottoms + 10-yr NDVI persistence + IrrMapper + NWI (V3 rule, 3 Sep 2026)","strm_type":"Perennial","veg_pct":84.2,"green10":10,"irr_freq":0.87,"enforce":"irrigated"},"geometry":{"type":"Polygon","coordinates":[[[-108.657083,42.740341],[-108.656833,42.740524],[-108.656235,42.739971],[-108.65653,42.739333],[-108.656806,42.73936],[-108.657083,42.739783],[-108.657083,42.740341]]]}},{"type":"Feature","properties":{"id":"irr-a-704f41dbb24c","kind":"exclusion","name":"Watered ground","acres":1.8,"editable":true,"source":"MAP mesic valley bottoms + 10-yr NDVI persistence + IrrMapper + NWI (V3 rule, 3 Sep 2026)","strm_type":"Perennial","veg_pct":83.0,"green10":10,"irr_freq":0.47,"enforce":"irrigated"},"geometry":{"type":"Polygon","coordinates":[[[-108.656342,42.740711],[-108.655968,42.741175],[-108.655566,42.740524],[-108.655879,42.739877],[-108.656235,42.739971],[-108.656833,42.740524],[-108.656342,42.740711]]]}},{"type":"Feature","properties":{"id":"irr-a-540987fb54a5","kind":"exclusion","name":"Watered ground","acres":1.3,"editable":true,"source":"MAP mesic valley bottoms + 10-yr NDVI persistence + IrrMapper + NWI (V3 rule, 3 Sep 2026)","strm_type":"Perennial","veg_pct":82.3,"green10":10,"irr_freq":0.29,"enforce":"irrigated"},"geometry":{"type":"MultiPolygon","coordinates":[[[[-108.655232,42.741175],[-108.654938,42.741358],[-108.654612,42.740894],[-108.654955,42.740894],[-108.655138,42.740617],[-108.655419,42.740711],[-108.655566,42.740524],[-108.655968,42.741175],[-108.655232,42.741175]]],[[[-108.654585,42.740858],[-108.654545,42.740805],[-108.654585,42.740805],[-108.654585,42.740858]]],[[[-108.654492,42.740724],[-108.654483,42.740711],[-108.654492,42.740711],[-108.654492,42.740724]]]]}},{"type":"Feature","properties":{"id":"irr-a-ea2ac2fe9ab4","kind":"exclusion","name":"Watered ground","acres":2.0,"editable":true,"source":"MAP mesic valley bottoms + 10-yr NDVI persistence + IrrMapper + NWI (V3 rule, 3 Sep 2026)","strm_type":"Perennial","veg_pct":97.6,"green10":10,"irr_freq":0.75,"enforce":"irrigated"},"geometry":{"type":"Polygon","coordinates":[[[-108.653381,42.745063],[-108.653145,42.745246],[-108.652824,42.744787],[-108.653194,42.744229],[-108.653899,42.744136],[-108.65405,42.745063],[-108.653381,42.745063]]]}},{"type":"Feature","properties":{"id":"irr-a-adfc7348e287","kind":"exclusion","name":"Watered ground","acres":3.8,"editable":true,"source":"MAP mesic valley bottoms + 10-yr NDVI persistence + IrrMapper + NWI (V3 rule, 3 Sep 2026)","strm_type":"Perennial","veg_pct":97.6,"green10":10,"irr_freq":0.96,"enforce":"irrigated"},"geometry":{"type":"Polygon","coordinates":[[[-108.652454,42.746637],[-108.652088,42.74682],[-108.650603,42.745616],[-108.65088,42.74534],[-108.651839,42.745157],[-108.652454,42.7462],[-108.652454,42.746637]]]}},{"type":"Feature","properties":{"id":"irr-a-e22427d989ea","kind":"exclusion","name":"Watered ground","acres":3.9,"editable":true,"source":"MAP mesic valley bottoms + 10-yr NDVI persistence + IrrMapper + NWI (V3 rule, 3 Sep 2026)","strm_type":"Perennial","veg_pct":89.1,"green10":10,"irr_freq":0.75,"enforce":"irrigated"},"geometry":{"type":"Polygon","coordinates":[[[-108.651714,42.747377],[-108.650327,42.746833],[-108.650233,42.74571],[-108.650603,42.745701],[-108.652084,42.74682],[-108.651714,42.747377]]]}},{"type":"Feature","properties":{"id":"irr-a-161f0a1bafbf","kind":"exclusion","name":"Watered ground","acres":2.2,"editable":true,"source":"MAP mesic valley bottoms + 10-yr NDVI persistence + IrrMapper + NWI (V3 rule, 3 Sep 2026)","strm_type":"Perennial","veg_pct":73.4,"green10":10,"irr_freq":0.54,"enforce":"irrigated"},"geometry":{"type":"Polygon","coordinates":[[[-108.651156,42.747935],[-108.650233,42.747935],[-108.650327,42.746833],[-108.651553,42.747377],[-108.651156,42.747935]]]}},{"type":"Feature","properties":{"id":"irr-a-fab12d9e8221","kind":"exclusion","name":"Watered ground","acres":2.1,"editable":true,"source":"MAP mesic valley bottoms + 10-yr NDVI persistence + IrrMapper + NWI (V3 rule, 3 Sep 2026)","strm_type":"Perennial","veg_pct":95.4,"green10":10,"irr_freq":0.68,"enforce":"irrigated"},"geometry":{"type":"Polygon","coordinates":[[[-108.650603,42.749192],[-108.65051,42.749134],[-108.650327,42.748028],[-108.651067,42.747953],[-108.65162,42.748394],[-108.650603,42.749192]]]}},{"type":"Feature","properties":{"id":"irr-a-104ef4b6eefb","kind":"exclusion","name":"Watered ground","acres":3.0,"editable":true,"source":"MAP mesic valley bottoms + 10-yr NDVI persistence + IrrMapper + NWI (V3 rule, 3 Sep 2026)","strm_type":"Perennial","veg_pct":96.1,"green10":10,"irr_freq":0.59,"enforce":"irrigated"},"geometry":{"type":"Polygon","coordinates":[[[-108.651067,42.750173],[-108.650974,42.750155],[-108.650974,42.749598],[-108.650603,42.749415],[-108.650603,42.749192],[-108.65162,42.748483],[-108.652084,42.749134],[-108.652409,42.749045],[-108.651067,42.750173]]]}},{"type":"Feature","properties":{"id":"irr-a-1f2d367f5172","kind":"exclusion","name":"Watered ground","acres":4.7,"editable":true,"source":"MAP mesic valley bottoms + 10-yr NDVI persistence + IrrMapper + NWI (V3 rule, 3 Sep 2026)","strm_type":"Other","veg_pct":81.2,"green10":9,"irr_freq":0.27,"enforce":"irrigated"},"geometry":{"type":"MultiPolygon","coordinates":[[[[-108.650233,42.727842],[-108.649863,42.727936],[-108.649676,42.728212],[-108.648289,42.728212],[-108.647955,42.727936],[-108.648048,42.727378],[-108.648566,42.727102],[-108.649212,42.727008],[-108.649582,42.727285],[-108.650233,42.727378],[-108.650233,42.727842]]],[[[-108.648378,42.725711],[-108.648329,42.725711],[-108.648347,42.725621],[-108.648378,42.725711]]]]}},{"type":"Feature","properties":{"id":"irr-a-fb0a11d3d16e","kind":"exclusion","name":"Watered ground","acres":2.0,"editable":true,"source":"MAP mesic valley bottoms + 10-yr NDVI persistence + IrrMapper + NWI (V3 rule, 3 Sep 2026)","strm_type":"Other","veg_pct":92.2,"green10":10,"irr_freq":0.35,"enforce":"irrigated"},"geometry":{"type":"Polygon","coordinates":[[[-108.634493,42.733898],[-108.634399,42.733768],[-108.633472,42.733768],[-108.633315,42.733581],[-108.633315,42.733211],[-108.633659,42.732841],[-108.634546,42.733211],[-108.634493,42.733898]]]}},{"type":"Feature","properties":{"id":"irr-a-ffbc48aa4bcf","kind":"exclusion","name":"Watered ground","acres":4.2,"editable":true,"source":"MAP mesic valley bottoms + 10-yr NDVI persistence + IrrMapper + NWI (V3 rule, 3 Sep 2026)","strm_type":"Perennial","veg_pct":90.4,"green10":10,"irr_freq":0.3,"enforce":"irrigated"},"geometry":{"type":"Polygon","coordinates":[[[-108.56403,42.693204],[-108.563776,42.69229],[-108.565051,42.691732],[-108.565234,42.691237],[-108.565698,42.692611],[-108.56403,42.693204]]]}},{"type":"Feature","properties":{"id":"irr-a-1026b39d84d1","kind":"exclusion","name":"Watered ground","acres":4.9,"editable":true,"source":"MAP mesic valley bottoms + 10-yr NDVI persistence + IrrMapper + NWI (V3 rule, 3 Sep 2026)","strm_type":"Perennial","veg_pct":96.4,"green10":10,"irr_freq":0.44,"enforce":"irrigated"},"geometry":{"type":"Polygon","coordinates":[[[-108.550055,42.693213],[-108.549863,42.693213],[-108.549587,42.69266],[-108.549217,42.69266],[-108.54894,42.692379],[-108.54824,42.692379],[-108.548289,42.691456],[-108.548753,42.691456],[-108.54903,42.691639],[-108.54977,42.691456],[-108.550274,42.691732],[-108.550055,42.693213]]]}},{"type":"Feature","properties":{"id":"irr-a-fa70d4411170","kind":"exclusion","name":"Watered ground","acres":5.5,"editable":true,"source":"MAP mesic valley bottoms + 10-yr NDVI persistence + IrrMapper + NWI (V3 rule, 3 Sep 2026)","strm_type":"Perennial","veg_pct":97.1,"green10":10,"irr_freq":0.49,"enforce":"irrigated"},"geometry":{"type":"Polygon","coordinates":[[[-108.551852,42.692936],[-108.550697,42.692936],[-108.550055,42.693213],[-108.550274,42.691732],[-108.551067,42.691549],[-108.551255,42.691826],[-108.551531,42.691639],[-108.551995,42.691639],[-108.552294,42.691826],[-108.551852,42.692936]]]}},{"type":"Feature","properties":{"id":"irr-a-e323769d5c1f","kind":"exclusion","name":"Watered ground","acres":4.1,"editable":true,"source":"MAP mesic valley bottoms + 10-yr NDVI persistence + IrrMapper + NWI (V3 rule, 3 Sep 2026)","strm_type":"Perennial","veg_pct":91.8,"green10":10,"irr_freq":0.36,"enforce":"irrigated"},"geometry":{"type":"Polygon","coordinates":[[[-108.553689,42.693583],[-108.553012,42.693306],[-108.551808,42.693306],[-108.552459,42.691732],[-108.553105,42.692749],[-108.553689,42.692749],[-108.553689,42.693583]]]}},{"type":"Feature","properties":{"id":"irr-a-5bd2b0574bf2","kind":"exclusion","name":"Watered ground","acres":5.4,"editable":true,"source":"MAP mesic valley bottoms + 10-yr NDVI persistence + IrrMapper + NWI (V3 rule, 3 Sep 2026)","strm_type":"Perennial","veg_pct":90.5,"green10":10,"irr_freq":0.31,"enforce":"irrigated"},"geometry":{"type":"Polygon","coordinates":[[[-108.555308,42.693864],[-108.555049,42.69377],[-108.554862,42.693953],[-108.554492,42.693494],[-108.553689,42.693583],[-108.553752,42.69266],[-108.554215,42.69266],[-108.554492,42.69229],[-108.554862,42.692379],[-108.555143,42.692009],[-108.555419,42.692009],[-108.555723,42.69229],[-108.555308,42.693864]]]}},{"type":"Feature","properties":{"id":"irr-a-2767e2e4f864","kind":"exclusion","name":"Watered ground","acres":8.7,"editable":true,"source":"MAP mesic valley bottoms + 10-yr NDVI persistence + IrrMapper + NWI (V3 rule, 3 Sep 2026)","strm_type":"Perennial","veg_pct":45.1,"green10":8,"irr_freq":0.21,"enforce":"irrigated"},"geometry":{"type":"Polygon","coordinates":[[[-108.561809,42.69414],[-108.560793,42.694417],[-108.559771,42.69229],[-108.560142,42.692379],[-108.560788,42.692102],[-108.561912,42.692009],[-108.562184,42.693864],[-108.561809,42.69414]]]}},{"type":"Feature","properties":{"id":"irr-a-bdb29ebe0ef6","kind":"exclusion","name":"Watered ground","acres":8.3,"editable":true,"source":"MAP mesic valley bottoms + 10-yr NDVI persistence + IrrMapper + NWI (V3 rule, 3 Sep 2026)","strm_type":"Perennial","veg_pct":90.0,"green10":10,"irr_freq":0.25,"enforce":"irrigated"},"geometry":{"type":"Polygon","coordinates":[[[-108.556543,42.69488],[-108.556436,42.694693],[-108.55616,42.694787],[-108.555308,42.693864],[-108.555723,42.69229],[-108.556436,42.69229],[-108.556717,42.692566],[-108.556994,42.692472],[-108.557622,42.692936],[-108.556543,42.69488]]]}},{"type":"Feature","properties":{"id":"irr-a-03fe9032b7f7","kind":"exclusion","name":"Watered ground","acres":10.1,"editable":true,"source":"MAP mesic valley bottoms + 10-yr NDVI persistence + IrrMapper + NWI (V3 rule, 3 Sep 2026)","strm_type":"Perennial","veg_pct":64.9,"green10":10,"irr_freq":0.36,"enforce":"irrigated"},"geometry":{"type":"Polygon","coordinates":[[[-108.560512,42.694693],[-108.560605,42.695068],[-108.558969,42.695438],[-108.558536,42.693124],[-108.559401,42.692472],[-108.559749,42.692379],[-108.560793,42.694417],[-108.560512,42.694693]]]}},{"type":"Feature","properties":{"id":"irr-a-f0be19ae74e0","kind":"exclusion","name":"Watered ground","acres":9.6,"editable":true,"source":"MAP mesic valley bottoms + 10-yr NDVI persistence + IrrMapper + NWI (V3 rule, 3 Sep 2026)","strm_type":"Perennial","veg_pct":58.6,"green10":10,"irr_freq":0.23,"enforce":"irrigated"},"geometry":{"type":"Polygon","coordinates":[[[-108.558385,42.695621],[-108.557181,42.695527],[-108.556543,42.69488],[-108.557622,42.692936],[-108.558197,42.693213],[-108.558536,42.693124],[-108.558969,42.695438],[-108.558385,42.695621]]]}},{"type":"Feature","properties":{"id":"irr-a-31aa88b6a578","kind":"exclusion","name":"Watered ground","acres":1.4,"editable":true,"source":"MAP mesic valley bottoms + 10-yr NDVI persistence + IrrMapper + NWI (V3 rule, 3 Sep 2026)","strm_type":"Intermittent","veg_pct":78.0,"green10":10,"irr_freq":0.23,"enforce":"irrigated"},"geometry":{"type":"Polygon","coordinates":[[[-108.6644,42.761263],[-108.664119,42.761473],[-108.66399,42.76071],[-108.6644,42.760893],[-108.664676,42.760616],[-108.665006,42.760616],[-108.665234,42.761209],[-108.6644,42.761263]]]}},{"type":"Feature","properties":{"id":"irr-a-1ab45e6b9f9d","kind":"exclusion","name":"Watered ground","acres":2.1,"editable":true,"source":"MAP mesic valley bottoms + 10-yr NDVI persistence + IrrMapper + NWI (V3 rule, 3 Sep 2026)","strm_type":"Intermittent","veg_pct":87.2,"green10":10,"irr_freq":0.27,"enforce":"irrigated"},"geometry":{"type":"Polygon","coordinates":[[[-108.689304,42.767559],[-108.688287,42.768023],[-108.68785,42.768674],[-108.687547,42.768304],[-108.687641,42.768023],[-108.688657,42.76747],[-108.688751,42.7671],[-108.689215,42.7671],[-108.689491,42.766913],[-108.689304,42.767559]]]}},{"type":"Feature","properties":{"id":"irr-a-121f88768b71","kind":"exclusion","name":"Watered ground","acres":1.4,"editable":true,"source":"MAP mesic valley bottoms + 10-yr NDVI persistence + IrrMapper + NWI (V3 rule, 3 Sep 2026)","strm_type":"Intermittent","veg_pct":95.0,"green10":10,"irr_freq":0.36,"enforce":"irrigated"},"geometry":{"type":"Polygon","coordinates":[[[-108.687824,42.76895],[-108.686526,42.769321],[-108.686307,42.769044],[-108.68662,42.769044],[-108.686807,42.768674],[-108.687177,42.768674],[-108.687547,42.768304],[-108.687824,42.76895]]]}},{"type":"Feature","properties":{"id":"irr-a-4be88330f41e","kind":"exclusion","name":"Watered ground","acres":2.3,"editable":true,"source":"MAP mesic valley bottoms + 10-yr NDVI persistence + IrrMapper + NWI (V3 rule, 3 Sep 2026)","strm_type":"Intermittent","veg_pct":96.5,"green10":10,"irr_freq":0.75,"enforce":"irrigated"},"geometry":{"type":"Polygon","coordinates":[[[-108.686156,42.770061],[-108.685692,42.770431],[-108.685139,42.77003],[-108.685603,42.769321],[-108.686156,42.769227],[-108.686249,42.769044],[-108.686486,42.769321],[-108.686156,42.769691],[-108.68662,42.769967],[-108.686156,42.770061]]]}},{"type":"Feature","properties":{"id":"irr-a-62704fb391bb","kind":"exclusion","name":"Watered ground","acres":1.2,"editable":true,"source":"MAP mesic valley bottoms + 10-yr NDVI persistence + IrrMapper + NWI (V3 rule, 3 Sep 2026)","strm_type":"Intermittent","veg_pct":97.2,"green10":10,"irr_freq":0.49,"enforce":"irrigated"},"geometry":{"type":"Polygon","coordinates":[[[-108.689398,42.770556],[-108.689103,42.770061],[-108.689955,42.769503],[-108.690231,42.770021],[-108.689398,42.770556]]]}},{"type":"Feature","properties":{"id":"irr-a-9b89f9e72a73","kind":"exclusion","name":"Watered ground","acres":1.0,"editable":true,"source":"MAP mesic valley bottoms + 10-yr NDVI persistence + IrrMapper + NWI (V3 rule, 3 Sep 2026)","strm_type":"Intermittent","veg_pct":97.4,"green10":10,"irr_freq":0.73,"enforce":"irrigated"},"geometry":{"type":"Polygon","coordinates":[[[-108.689304,42.770707],[-108.688207,42.770707],[-108.688207,42.770431],[-108.688751,42.770431],[-108.689027,42.770061],[-108.689398,42.770556],[-108.689304,42.770707]]]}},{"type":"Feature","properties":{"id":"irr-a-3e9920c93f38","kind":"exclusion","name":"Watered ground","acres":1.1,"editable":true,"source":"MAP mesic valley bottoms + 10-yr NDVI persistence + IrrMapper + NWI (V3 rule, 3 Sep 2026)","strm_type":"Intermittent","veg_pct":97.6,"green10":10,"irr_freq":1.0,"enforce":"irrigated"},"geometry":{"type":"Polygon","coordinates":[[[-108.688194,42.770801],[-108.687824,42.770895],[-108.687547,42.770895],[-108.68736,42.770618],[-108.687008,42.770618],[-108.686999,42.770431],[-108.68736,42.770337],[-108.688207,42.770431],[-108.688194,42.770801]]]}},{"type":"Feature","properties":{"id":"irr-a-a637fcd1d6d6","kind":"exclusion","name":"Watered ground","acres":1.3,"editable":true,"source":"MAP mesic valley bottoms + 10-yr NDVI persistence + IrrMapper + NWI (V3 rule, 3 Sep 2026)","strm_type":"Intermittent","veg_pct":96.3,"green10":10,"irr_freq":0.57,"enforce":"irrigated"},"geometry":{"type":"MultiPolygon","coordinates":[[[[-108.685046,42.770895],[-108.684952,42.771265],[-108.685139,42.771412],[-108.684675,42.771403],[-108.685046,42.770061],[-108.685656,42.770431],[-108.685046,42.770895]]],[[[-108.685509,42.771425],[-108.685322,42.771416],[-108.685416,42.771265],[-108.685509,42.771425]]]]}},{"type":"Feature","properties":{"id":"irr-a-c642e2d34c91","kind":"exclusion","name":"Watered ground","acres":1.6,"editable":true,"source":"MAP mesic valley bottoms + 10-yr NDVI persistence + IrrMapper + NWI (V3 rule, 3 Sep 2026)","strm_type":"Intermittent","veg_pct":97.1,"green10":10,"irr_freq":0.76,"enforce":"irrigated"},"geometry":{"type":"Polygon","coordinates":[[[-108.685046,42.772469],[-108.684546,42.772839],[-108.684399,42.772469],[-108.684769,42.772005],[-108.684675,42.771403],[-108.685509,42.771425],[-108.685046,42.772469]]]}},{"type":"Feature","properties":{"id":"irr-a-a50367928637","kind":"exclusion","name":"Watered ground","acres":1.8,"editable":true,"source":"MAP mesic valley bottoms + 10-yr NDVI persistence + IrrMapper + NWI (V3 rule, 3 Sep 2026)","strm_type":"Intermittent","veg_pct":95.8,"green10":10,"irr_freq":0.46,"enforce":"irrigated"},"geometry":{"type":"Polygon","coordinates":[[[-108.684399,42.772932],[-108.683842,42.772745],[-108.683052,42.773022],[-108.682918,42.772562],[-108.683378,42.772192],[-108.683842,42.772192],[-108.684305,42.772375],[-108.684546,42.772839],[-108.684399,42.772932]]]}},{"type":"Feature","properties":{"id":"irr-a-c076bbac8b02","kind":"exclusion","name":"Watered ground","acres":1.1,"editable":true,"source":"MAP mesic valley bottoms + 10-yr NDVI persistence + IrrMapper + NWI (V3 rule, 3 Sep 2026)","strm_type":"Intermittent","veg_pct":84.3,"green10":9,"irr_freq":0.62,"enforce":"irrigated"},"geometry":{"type":"Polygon","coordinates":[[[-108.689745,42.77543],[-108.688702,42.77534],[-108.688666,42.774783],[-108.688934,42.774966],[-108.689826,42.774966],[-108.689745,42.77543]]]}},{"type":"Feature","properties":{"id":"irr-a-34e7ed50baf4","kind":"exclusion","name":"Watered ground","acres":1.4,"editable":true,"source":"MAP mesic valley bottoms + 10-yr NDVI persistence + IrrMapper + NWI (V3 rule, 3 Sep 2026)","strm_type":"Intermittent","veg_pct":96.5,"green10":10,"irr_freq":0.91,"enforce":"irrigated"},"geometry":{"type":"Polygon","coordinates":[[[-108.687837,42.775711],[-108.687547,42.775153],[-108.688666,42.774783],[-108.688702,42.77534],[-108.687837,42.775711]]]}},{"type":"Feature","properties":{"id":"irr-a-ed1d8ce09ba8","kind":"exclusion","name":"Watered ground","acres":0.9,"editable":true,"source":"MAP mesic valley bottoms + 10-yr NDVI persistence + IrrMapper + NWI (V3 rule, 3 Sep 2026)","strm_type":"Intermittent","veg_pct":69.4,"green10":7,"irr_freq":0.2,"enforce":"irrigated"},"geometry":{"type":"Polygon","coordinates":[[[-108.689745,42.77543],[-108.689826,42.774966],[-108.690044,42.775153],[-108.690789,42.775247],[-108.690856,42.775617],[-108.689745,42.77543]]]}},{"type":"Feature","properties":{"id":"irr-a-7787db1da6d8","kind":"exclusion","name":"Watered ground","acres":1.5,"editable":true,"source":"MAP mesic valley bottoms + 10-yr NDVI persistence + IrrMapper + NWI (V3 rule, 3 Sep 2026)","strm_type":"Intermittent","veg_pct":97.4,"green10":10,"irr_freq":0.96,"enforce":"irrigated"},"geometry":{"type":"Polygon","coordinates":[[[-108.687266,42.776081],[-108.687061,42.776357],[-108.686669,42.77571],[-108.68699,42.77543],[-108.687177,42.775523],[-108.687547,42.77518],[-108.687837,42.775711],[-108.687266,42.776081]]]}},{"type":"Feature","properties":{"id":"irr-a-c75066184a51","kind":"exclusion","name":"Watered ground","acres":5.1,"editable":true,"source":"MAP mesic valley bottoms + 10-yr NDVI persistence + IrrMapper + NWI (V3 rule, 3 Sep 2026)","strm_type":"Intermittent","veg_pct":74.8,"green10":10,"irr_freq":0.57,"enforce":"irrigated"},"geometry":{"type":"Polygon","coordinates":[[[-108.671989,42.777026],[-108.670879,42.776063],[-108.671066,42.77534],[-108.671989,42.775247],[-108.672805,42.775987],[-108.672997,42.77654],[-108.671989,42.777026]]]}},{"type":"Feature","properties":{"id":"irr-a-13065f2063da","kind":"exclusion","name":"Watered ground","acres":1.4,"editable":true,"source":"MAP mesic valley bottoms + 10-yr NDVI persistence + IrrMapper + NWI (V3 rule, 3 Sep 2026)","strm_type":"Intermittent","veg_pct":97.4,"green10":10,"irr_freq":0.91,"enforce":"irrigated"},"geometry":{"type":"Polygon","coordinates":[[[-108.686526,42.776451],[-108.686339,42.77691],[-108.685786,42.77617],[-108.686249,42.77617],[-108.686669,42.77571],[-108.687061,42.776357],[-108.686526,42.776451]]]}},{"type":"Feature","properties":{"id":"irr-a-635bb41f8a27","kind":"exclusion","name":"Watered ground","acres":1.0,"editable":true,"source":"MAP mesic valley bottoms + 10-yr NDVI persistence + IrrMapper + NWI (V3 rule, 3 Sep 2026)","strm_type":"Intermittent","veg_pct":96.7,"green10":10,"irr_freq":0.53,"enforce":"irrigated"},"geometry":{"type":"Polygon","coordinates":[[[-108.685879,42.777004],[-108.685465,42.777467],[-108.685233,42.777004],[-108.685786,42.776634],[-108.685786,42.776357],[-108.686339,42.77691],[-108.685879,42.777004]]]}},{"type":"Feature","properties":{"id":"irr-a-56f639895e6b","kind":"exclusion","name":"Watered ground","acres":3.1,"editable":true,"source":"MAP mesic valley bottoms + 10-yr NDVI persistence + IrrMapper + NWI (V3 rule, 3 Sep 2026)","strm_type":"Intermittent","veg_pct":76.5,"green10":10,"irr_freq":0.63,"enforce":"irrigated"},"geometry":{"type":"Polygon","coordinates":[[[-108.672177,42.778092],[-108.670509,42.777726],[-108.671066,42.777467],[-108.670785,42.77691],[-108.670879,42.776063],[-108.671989,42.777026],[-108.67153,42.777561],[-108.671806,42.777837],[-108.671989,42.777744],[-108.67227,42.777931],[-108.672177,42.778092]]]}},{"type":"Feature","properties":{"id":"irr-a-c56218327b82","kind":"exclusion","name":"Watered ground","acres":1.1,"editable":true,"source":"MAP mesic valley bottoms + 10-yr NDVI persistence + IrrMapper + NWI (V3 rule, 3 Sep 2026)","strm_type":"Intermittent","veg_pct":96.2,"green10":10,"irr_freq":0.66,"enforce":"irrigated"},"geometry":{"type":"Polygon","coordinates":[[[-108.685322,42.777655],[-108.685046,42.777561],[-108.684582,42.778002],[-108.684328,42.777561],[-108.684952,42.777097],[-108.685215,42.777097],[-108.685465,42.777467],[-108.685322,42.777655]]]}},{"type":"Feature","properties":{"id":"irr-a-c134cfc003b2","kind":"exclusion","name":"Watered ground","acres":0.8,"editable":true,"source":"MAP mesic valley bottoms + 10-yr NDVI persistence + IrrMapper + NWI (V3 rule, 3 Sep 2026)","strm_type":"Intermittent","veg_pct":93.0,"green10":10,"irr_freq":0.36,"enforce":"irrigated"},"geometry":{"type":"Polygon","coordinates":[[[-108.684029,42.778114],[-108.683748,42.77848],[-108.683565,42.778266],[-108.683659,42.777931],[-108.684305,42.777561],[-108.684582,42.778002],[-108.684029,42.778114]]]}},{"type":"Feature","properties":{"id":"irr-a-7bd03bdf784f","kind":"exclusion","name":"Watered ground","acres":6.3,"editable":true,"source":"MAP mesic valley bottoms + 10-yr NDVI persistence + IrrMapper + NWI (V3 rule, 3 Sep 2026)","strm_type":"Intermittent","veg_pct":84.1,"green10":10,"irr_freq":0.48,"enforce":"irrigated"},"geometry":{"type":"Polygon","coordinates":[[[-108.671806,42.778484],[-108.6719,42.779229],[-108.671525,42.779875],[-108.669399,42.778025],[-108.670045,42.777931],[-108.670232,42.778114],[-108.670509,42.777726],[-108.672177,42.778092],[-108.671806,42.778484]]]}},{"type":"Feature","properties":{"id":"irr-a-7a6baaa352d3","kind":"exclusion","name":"Watered ground","acres":8.8,"editable":true,"source":"MAP mesic valley bottoms + 10-yr NDVI persistence + IrrMapper + NWI (V3 rule, 3 Sep 2026)","strm_type":"Intermittent","veg_pct":69.8,"green10":10,"irr_freq":0.24,"enforce":"irrigated"},"geometry":{"type":"Polygon","coordinates":[[[-108.671066,42.780152],[-108.670973,42.78054],[-108.668752,42.7798],[-108.668935,42.779135],[-108.668565,42.778671],[-108.668658,42.778114],[-108.669399,42.778025],[-108.671525,42.779875],[-108.671066,42.780152]]]}},{"type":"Feature","properties":{"id":"irr-a-1a8754b8db75","kind":"exclusion","name":"Watered ground","acres":0.8,"editable":true,"source":"MAP mesic valley bottoms + 10-yr NDVI persistence + IrrMapper + NWI (V3 rule, 3 Sep 2026)","strm_type":"Intermittent","veg_pct":94.9,"green10":10,"irr_freq":0.64,"enforce":"irrigated"},"geometry":{"type":"Polygon","coordinates":[[[-108.67986,42.780049],[-108.679677,42.779599],[-108.68072,42.779412],[-108.680805,42.779688],[-108.67986,42.780049]]]}},{"type":"Feature","properties":{"id":"irr-a-b9f5a1ccfd31","kind":"exclusion","name":"Watered ground","acres":1.1,"editable":true,"source":"MAP mesic valley bottoms + 10-yr NDVI persistence + IrrMapper + NWI (V3 rule, 3 Sep 2026)","strm_type":"Intermittent","veg_pct":94.3,"green10":10,"irr_freq":0.52,"enforce":"irrigated"},"geometry":{"type":"Polygon","coordinates":[[[-108.679307,42.780433],[-108.678901,42.780522],[-108.678754,42.780058],[-108.6794,42.779688],[-108.679677,42.779634],[-108.67986,42.780049],[-108.679307,42.780433]]]}},{"type":"Feature","properties":{"id":"irr-a-58691ab6e350","kind":"exclusion","name":"Watered ground","acres":1.1,"editable":true,"source":"MAP mesic valley bottoms + 10-yr NDVI persistence + IrrMapper + NWI (V3 rule, 3 Sep 2026)","strm_type":"Intermittent","veg_pct":96.6,"green10":10,"irr_freq":0.2,"enforce":"irrigated"},"geometry":{"type":"Polygon","coordinates":[[[-108.677791,42.780616],[-108.67775,42.779969],[-108.678196,42.779969],[-108.678286,42.780152],[-108.678754,42.780058],[-108.678901,42.780522],[-108.677791,42.780616]]]}},{"type":"Feature","properties":{"id":"irr-a-20c1f7eca36a","kind":"exclusion","name":"Watered ground","acres":0.0,"editable":true,"source":"MAP mesic valley bottoms + 10-yr NDVI persistence + IrrMapper + NWI (V3 rule, 3 Sep 2026)","strm_type":"Other","veg_pct":92.9,"green10":10,"irr_freq":0.8,"enforce":"irrigated"},"geometry":{"type":"Polygon","coordinates":[[[-108.649582,42.769503],[-108.649493,42.769503],[-108.649493,42.769414],[-108.649582,42.769503]]]}},{"type":"Feature","properties":{"id":"irr-a-561d621b4e65","kind":"exclusion","name":"Watered ground","acres":2.2,"editable":true,"source":"MAP mesic valley bottoms + 10-yr NDVI persistence + IrrMapper + NWI (V3 rule, 3 Sep 2026)","strm_type":"Intermittent","veg_pct":74.3,"green10":10,"irr_freq":0.34,"enforce":"irrigated"},"geometry":{"type":"Polygon","coordinates":[[[-108.650786,42.767929],[-108.65014,42.767929],[-108.649493,42.768674],[-108.649493,42.768393],[-108.65014,42.767653],[-108.64977,42.767929],[-108.649582,42.767929],[-108.649582,42.767747],[-108.65014,42.767283],[-108.650233,42.766913],[-108.650416,42.7671],[-108.650563,42.767006],[-108.651058,42.767653],[-108.650786,42.767929]]]}},{"type":"Feature","properties":{"id":"irr-a-1551860fe75d","kind":"exclusion","name":"Watered ground","acres":6.1,"editable":true,"source":"MAP mesic valley bottoms + 10-yr NDVI persistence + IrrMapper + NWI (V3 rule, 3 Sep 2026)","strm_type":"Intermittent","veg_pct":70.0,"green10":10,"irr_freq":0.22,"enforce":"irrigated"},"geometry":{"type":"Polygon","coordinates":[[[-108.656159,42.769503],[-108.655696,42.769691],[-108.655696,42.769967],[-108.654585,42.770061],[-108.65414,42.770337],[-108.654171,42.767747],[-108.654675,42.76784],[-108.655508,42.769321],[-108.656159,42.769227],[-108.656159,42.769503]]]}},{"type":"Feature","properties":{"id":"irr-a-e01ac522a059","kind":"exclusion","name":"Watered ground","acres":11.0,"editable":true,"source":"MAP mesic valley bottoms + 10-yr NDVI persistence + IrrMapper + NWI (V3 rule, 3 Sep 2026)","strm_type":"Intermittent","veg_pct":89.7,"green10":10,"irr_freq":0.75,"enforce":"irrigated"},"geometry":{"type":"Polygon","coordinates":[[[-108.654122,42.770431],[-108.653381,42.770525],[-108.652784,42.770895],[-108.65199,42.769615],[-108.651901,42.768763],[-108.652548,42.76858],[-108.65273,42.768674],[-108.653381,42.76784],[-108.654171,42.767747],[-108.654122,42.770431]]]}},{"type":"Feature","properties":{"id":"irr-a-c40c733493f8","kind":"exclusion","name":"Watered ground","acres":6.6,"editable":true,"source":"MAP mesic valley bottoms + 10-yr NDVI persistence + IrrMapper + NWI (V3 rule, 3 Sep 2026)","strm_type":"Intermittent","veg_pct":80.7,"green10":10,"irr_freq":0.31,"enforce":"irrigated"},"geometry":{"type":"Polygon","coordinates":[[[-108.65014,42.770988],[-108.650603,42.770988],[-108.650786,42.770801],[-108.650697,42.770154],[-108.651807,42.769874],[-108.65199,42.769615],[-108.652784,42.770895],[-108.652178,42.771171],[-108.650974,42.771358],[-108.650697,42.771818],[-108.650786,42.772099],[-108.650603,42.772099],[-108.650046,42.771448],[-108.649582,42.771541],[-108.649582,42.771265],[-108.64977,42.771078],[-108.650046,42.771358],[-108.650697,42.771171],[-108.65014,42.770988]],[[-108.650697,42.771265],[-108.650974,42.771265],[-108.650974,42.771171],[-108.650697,42.771265]]]}},{"type":"Feature","properties":{"id":"irr-a-53ffb912567c","kind":"exclusion","name":"Watered ground","acres":1.1,"editable":true,"source":"MAP mesic valley bottoms + 10-yr NDVI persistence + IrrMapper + NWI (V3 rule, 3 Sep 2026)","strm_type":"Intermittent","veg_pct":93.9,"green10":10,"irr_freq":0.27,"enforce":"irrigated"},"geometry":{"type":"Polygon","coordinates":[[[-108.639215,42.777931],[-108.638938,42.778025],[-108.638751,42.777744],[-108.638564,42.777931],[-108.638381,42.777838],[-108.638564,42.777655],[-108.638475,42.7772],[-108.639028,42.777186],[-108.639309,42.777561],[-108.639215,42.777931]]]}},{"type":"Feature","properties":{"id":"irr-a-235101ce2a0e","kind":"exclusion","name":"Watered ground","acres":1.3,"editable":true,"source":"MAP mesic valley bottoms + 10-yr NDVI persistence + IrrMapper + NWI (V3 rule, 3 Sep 2026)","strm_type":"Intermittent","veg_pct":96.2,"green10":10,"irr_freq":0.2,"enforce":"irrigated"},"geometry":{"type":"Polygon","coordinates":[[[-108.640049,42.776081],[-108.639398,42.776585],[-108.638938,42.775987],[-108.639585,42.7758],[-108.639768,42.77538],[-108.640138,42.775853],[-108.640049,42.776081]]]}},{"type":"Feature","properties":{"id":"irr-a-698c2b6078a2","kind":"exclusion","name":"Watered ground","acres":25.1,"editable":true,"source":"MAP mesic valley bottoms + 10-yr NDVI persistence + IrrMapper + NWI (V3 rule, 3 Sep 2026)","strm_type":"Perennial","veg_pct":96.3,"green10":10,"irr_freq":0.65,"enforce":"irrigated"},"geometry":{"type":"MultiPolygon","coordinates":[[[[-108.637824,42.774689],[-108.638011,42.77617],[-108.637641,42.77654],[-108.637734,42.777262],[-108.634769,42.777811],[-108.634956,42.777467],[-108.634586,42.777191],[-108.634586,42.77654],[-108.634216,42.77617],[-108.634863,42.77534],[-108.634769,42.773815],[-108.638564,42.774319],[-108.637824,42.774689]]],[[[-108.634586,42.777846],[-108.634586,42.777837],[-108.634622,42.777837],[-108.634586,42.777846]]]]}},{"type":"Feature","properties":{"id":"irr-a-5cbf0ad878eb","kind":"exclusion","name":"Watered ground","acres":29.3,"editable":true,"source":"MAP mesic valley bottoms + 10-yr NDVI persistence + IrrMapper + NWI (V3 rule, 3 Sep 2026)","strm_type":"Perennial","veg_pct":89.3,"green10":10,"irr_freq":0.5,"enforce":"irrigated"},"geometry":{"type":"Polygon","coordinates":[[[-108.639121,42.779938],[-108.636713,42.781485],[-108.63579,42.780522],[-108.635697,42.780152],[-108.634675,42.779229],[-108.634586,42.778859],[-108.634216,42.778671],[-108.634123,42.778301],[-108.634586,42.777846],[-108.637734,42.777262],[-108.638011,42.777931],[-108.638564,42.777931],[-108.638751,42.777744],[-108.639028,42.778208],[-108.638845,42.778859],[-108.639215,42.779135],[-108.639121,42.779938]]]}},{"type":"Feature","properties":{"id":"irr-a-dba611fca264","kind":"exclusion","name":"Watered ground","acres":15.2,"editable":true,"source":"MAP mesic valley bottoms + 10-yr NDVI persistence + IrrMapper + NWI (V3 rule, 3 Sep 2026)","strm_type":"Perennial","veg_pct":95.5,"green10":10,"irr_freq":0.58,"enforce":"irrigated"},"geometry":{"type":"Polygon","coordinates":[[[-108.632361,42.765709],[-108.631808,42.765062],[-108.631527,42.765062],[-108.631251,42.764781],[-108.630234,42.764875],[-108.629864,42.764692],[-108.6294,42.764041],[-108.628937,42.763765],[-108.628843,42.763207],[-108.630234,42.762315],[-108.630881,42.763118],[-108.631527,42.763394],[-108.632268,42.763394],[-108.632549,42.763858],[-108.633066,42.764135],[-108.632361,42.765709]]]}},{"type":"Feature","properties":{"id":"irr-a-fff9b881b44b","kind":"exclusion","name":"Watered ground","acres":19.3,"editable":true,"source":"MAP mesic valley bottoms + 10-yr NDVI persistence + IrrMapper + NWI (V3 rule, 3 Sep 2026)","strm_type":"Perennial","veg_pct":95.1,"green10":10,"irr_freq":0.64,"enforce":"irrigated"},"geometry":{"type":"Polygon","coordinates":[[[-108.636437,42.766079],[-108.63653,42.766734],[-108.634216,42.76784],[-108.633842,42.766172],[-108.633659,42.765985],[-108.632642,42.766079],[-108.632366,42.765709],[-108.633101,42.764135],[-108.633382,42.764411],[-108.634493,42.764411],[-108.634863,42.764692],[-108.635603,42.764781],[-108.635879,42.765156],[-108.63616,42.765156],[-108.636437,42.765432],[-108.63662,42.765802],[-108.636437,42.766079]]]}},{"type":"Feature","properties":{"id":"irr-a-cecb33821cef","kind":"exclusion","name":"Watered ground","acres":22.4,"editable":true,"source":"MAP mesic valley bottoms + 10-yr NDVI persistence + IrrMapper + NWI (V3 rule, 3 Sep 2026)","strm_type":"Perennial","veg_pct":95.9,"green10":10,"irr_freq":0.79,"enforce":"irrigated"},"geometry":{"type":"Polygon","coordinates":[[[-108.638751,42.770212],[-108.635327,42.770788],[-108.635327,42.769874],[-108.634239,42.76784],[-108.63653,42.766734],[-108.636807,42.76747],[-108.637453,42.767653],[-108.637271,42.768299],[-108.638011,42.768857],[-108.637824,42.769044],[-108.638011,42.769414],[-108.638845,42.769874],[-108.638751,42.770212]]]}},{"type":"Feature","properties":{"id":"irr-a-9b87efbbefbf","kind":"exclusion","name":"Watered ground","acres":26.5,"editable":true,"source":"MAP mesic valley bottoms + 10-yr NDVI persistence + IrrMapper + NWI (V3 rule, 3 Sep 2026)","strm_type":"Perennial","veg_pct":90.7,"green10":10,"irr_freq":0.77,"enforce":"irrigated"},"geometry":{"type":"Polygon","coordinates":[[[-108.638751,42.770707],[-108.638194,42.771078],[-108.638105,42.771358],[-108.638287,42.771911],[-108.638194,42.772745],[-108.638657,42.773303],[-108.638564,42.774319],[-108.634769,42.773815],[-108.635139,42.773303],[-108.634956,42.773115],[-108.634493,42.773115],[-108.634305,42.772745],[-108.634769,42.772469],[-108.635046,42.772652],[-108.635327,42.772469],[-108.635416,42.772099],[-108.634769,42.771818],[-108.635416,42.771541],[-108.635327,42.770788],[-108.638751,42.770212],[-108.638751,42.770707]]]}},{"type":"Feature","properties":{"id":"irr-a-9ef7cc8b9789","kind":"exclusion","name":"Watered ground","acres":0.7,"editable":true,"source":"MAP mesic valley bottoms + 10-yr NDVI persistence + IrrMapper + NWI (V3 rule, 3 Sep 2026)","strm_type":"Perennial","veg_pct":97.1,"green10":10,"irr_freq":0.47,"enforce":"irrigated"},"geometry":{"type":"Polygon","coordinates":[[[-108.719862,42.614701],[-108.719287,42.615071],[-108.719211,42.614608],[-108.720299,42.614425],[-108.720348,42.614701],[-108.719862,42.614701]]]}},{"type":"Feature","properties":{"id":"irr-a-c66f485f3613","kind":"exclusion","name":"Watered ground","acres":0.6,"editable":true,"source":"MAP mesic valley bottoms + 10-yr NDVI persistence + IrrMapper + NWI (V3 rule, 3 Sep 2026)","strm_type":"Perennial","veg_pct":99.4,"green10":10,"irr_freq":0.2,"enforce":"irrigated"},"geometry":{"type":"Polygon","coordinates":[[[-108.670139,42.609052],[-108.669247,42.608682],[-108.669336,42.608499],[-108.670348,42.608681],[-108.670139,42.609052]]]}},{"type":"Feature","properties":{"id":"irr-a-261e99f1e368","kind":"exclusion","name":"Watered ground","acres":1.1,"editable":true,"source":"MAP mesic valley bottoms + 10-yr NDVI persistence + IrrMapper + NWI (V3 rule, 3 Sep 2026)","strm_type":"Perennial","veg_pct":97.6,"green10":10,"irr_freq":0.3,"enforce":"irrigated"},"geometry":{"type":"Polygon","coordinates":[[[-108.718565,42.615071],[-108.718471,42.614884],[-108.718092,42.615071],[-108.718194,42.614425],[-108.718565,42.614608],[-108.719211,42.614608],[-108.719287,42.615071],[-108.718565,42.615071]]]}},{"type":"Feature","properties":{"id":"irr-a-2d95d4352c71","kind":"exclusion","name":"Watered ground","acres":1.0,"editable":true,"source":"MAP mesic valley bottoms + 10-yr NDVI persistence + IrrMapper + NWI (V3 rule, 3 Sep 2026)","strm_type":"Ephemeral","veg_pct":99.9,"green10":10,"irr_freq":0.2,"enforce":"irrigated"},"geometry":{"type":"Polygon","coordinates":[[[-108.730395,42.567332],[-108.730114,42.567426],[-108.729837,42.566155],[-108.730114,42.566155],[-108.730395,42.567332]]]}},{"type":"Feature","properties":{"id":"irr-a-4f40daeefd13","kind":"exclusion","name":"Watered ground","acres":1.2,"editable":true,"source":"MAP mesic valley bottoms + 10-yr NDVI persistence + IrrMapper + NWI (V3 rule, 3 Sep 2026)","strm_type":"Intermittent","veg_pct":93.5,"green10":10,"irr_freq":0.63,"enforce":"irrigated"},"geometry":{"type":"Polygon","coordinates":[[[-108.634769,42.593793],[-108.634029,42.593405],[-108.633935,42.593119],[-108.634399,42.592758],[-108.634769,42.593311],[-108.635059,42.593311],[-108.634769,42.593793]]]}},{"type":"Feature","properties":{"id":"irr-a-52a1cbc1c6bb","kind":"exclusion","name":"Watered ground","acres":1.4,"editable":true,"source":"MAP mesic valley bottoms + 10-yr NDVI persistence + IrrMapper + NWI (V3 rule, 3 Sep 2026)","strm_type":"Intermittent","veg_pct":84.3,"green10":10,"irr_freq":0.21,"enforce":"irrigated"},"geometry":{"type":"Polygon","coordinates":[[[-108.635897,42.594145],[-108.635046,42.594056],[-108.634769,42.593868],[-108.635059,42.593311],[-108.635509,42.593592],[-108.635942,42.593592],[-108.635897,42.594145]]]}},{"type":"Feature","properties":{"id":"irr-a-e71de0c7c6a9","kind":"exclusion","name":"Watered ground","acres":1.4,"editable":true,"source":"MAP mesic valley bottoms + 10-yr NDVI persistence + IrrMapper + NWI (V3 rule, 3 Sep 2026)","strm_type":"Intermittent","veg_pct":87.7,"green10":10,"irr_freq":0.34,"enforce":"irrigated"},"geometry":{"type":"Polygon","coordinates":[[[-108.638216,42.594238],[-108.637052,42.594238],[-108.637097,42.593681],[-108.638252,42.593775],[-108.638216,42.594238]]]}},{"type":"Feature","properties":{"id":"irr-a-747b928bd2a4","kind":"exclusion","name":"Watered ground","acres":0.6,"editable":true,"source":"MAP mesic valley bottoms + 10-yr NDVI persistence + IrrMapper + NWI (V3 rule, 3 Sep 2026)","strm_type":"Intermittent","veg_pct":97.1,"green10":10,"irr_freq":0.5,"enforce":"irrigated"},"geometry":{"type":"Polygon","coordinates":[[[-108.621436,42.613034],[-108.620973,42.612137],[-108.62116,42.612097],[-108.621436,42.61257],[-108.621731,42.612663],[-108.621436,42.613034]]]}},{"type":"Feature","properties":{"id":"irr-a-f45a561472f1","kind":"exclusion","name":"Watered ground","acres":0.7,"editable":true,"source":"MAP mesic valley bottoms + 10-yr NDVI persistence + IrrMapper + NWI (V3 rule, 3 Sep 2026)","strm_type":"Intermittent","veg_pct":99.1,"green10":10,"irr_freq":0.5,"enforce":"irrigated"},"geometry":{"type":"Polygon","coordinates":[[[-108.622083,42.613404],[-108.6219,42.613127],[-108.621481,42.613034],[-108.621731,42.612663],[-108.622453,42.61331],[-108.622083,42.613404]]]}},{"type":"Feature","properties":{"id":"irr-a-a5a80e9276db","kind":"exclusion","name":"Watered ground","acres":4.2,"editable":true,"source":"MAP mesic valley bottoms + 10-yr NDVI persistence + IrrMapper + NWI (V3 rule, 3 Sep 2026)","strm_type":"Perennial","veg_pct":98.1,"green10":10,"irr_freq":0.37,"enforce":"irrigated"},"geometry":{"type":"MultiPolygon","coordinates":[[[[-108.609308,42.587759],[-108.60875,42.587666],[-108.607921,42.58813],[-108.607457,42.587108],[-108.609236,42.586555],[-108.609504,42.587572],[-108.609308,42.587759]]],[[[-108.60801,42.588312],[-108.607965,42.588219],[-108.60801,42.588219],[-108.60801,42.588312]]]]}},{"type":"Feature","properties":{"id":"irr-a-617a5b664f18","kind":"exclusion","name":"Watered ground","acres":7.0,"editable":true,"source":"MAP mesic valley bottoms + 10-yr NDVI persistence + IrrMapper + NWI (V3 rule, 3 Sep 2026)","strm_type":"Perennial","veg_pct":96.2,"green10":10,"irr_freq":0.24,"enforce":"irrigated"},"geometry":{"type":"MultiPolygon","coordinates":[[[[-108.607042,42.591831],[-108.605589,42.590256],[-108.606717,42.590444],[-108.6069,42.59072],[-108.606806,42.591554],[-108.607042,42.591831]]],[[[-108.605696,42.58924],[-108.605232,42.589873],[-108.604046,42.588589],[-108.604768,42.58813],[-108.605143,42.58813],[-108.605883,42.587768],[-108.606338,42.588963],[-108.605696,42.58924]]]]}},{"type":"Feature","properties":{"id":"irr-a-9c57a516cfe7","kind":"exclusion","name":"Watered ground","acres":10.9,"editable":true,"source":"MAP mesic valley bottoms + 10-yr NDVI persistence + IrrMapper + NWI (V3 rule, 3 Sep 2026)","strm_type":"Perennial","veg_pct":97.3,"green10":10,"irr_freq":0.25,"enforce":"irrigated"},"geometry":{"type":"Polygon","coordinates":[[[-108.604398,42.592571],[-108.603752,42.592111],[-108.602454,42.591924],[-108.602178,42.591648],[-108.601857,42.591648],[-108.601683,42.589793],[-108.602365,42.589704],[-108.602824,42.589333],[-108.604768,42.592446],[-108.604398,42.592571]]]}},{"type":"Feature","properties":{"id":"irr-a-9bff4acb3bc8","kind":"exclusion","name":"Watered ground","acres":0.6,"editable":true,"source":"MAP mesic valley bottoms + 10-yr NDVI persistence + IrrMapper + NWI (V3 rule, 3 Sep 2026)","strm_type":"Perennial","veg_pct":94.0,"green10":10,"irr_freq":0.25,"enforce":"irrigated"},"geometry":{"type":"Polygon","coordinates":[[[-108.620326,42.61294],[-108.619769,42.612191],[-108.620139,42.612106],[-108.62054,42.612851],[-108.620326,42.61294]]]}},{"type":"Feature","properties":{"id":"irr-a-f74c96e0bb69","kind":"exclusion","name":"Watered ground","acres":1.1,"editable":true,"source":"MAP mesic valley bottoms + 10-yr NDVI persistence + IrrMapper + NWI (V3 rule, 3 Sep 2026)","strm_type":"Perennial","veg_pct":99.1,"green10":10,"irr_freq":0.21,"enforce":"irrigated"},"geometry":{"type":"Polygon","coordinates":[[[-108.623751,42.61508],[-108.623198,42.614701],[-108.622877,42.614795],[-108.623287,42.614171],[-108.624027,42.614701],[-108.623751,42.61508]]]}},{"type":"Feature","properties":{"id":"irr-a-0defd97f40ac","kind":"exclusion","name":"Watered ground","acres":0.9,"editable":true,"source":"MAP mesic valley bottoms + 10-yr NDVI persistence + IrrMapper + NWI (V3 rule, 3 Sep 2026)","strm_type":"Perennial","veg_pct":96.7,"green10":10,"irr_freq":0.24,"enforce":"irrigated"},"geometry":{"type":"Polygon","coordinates":[[[-108.624277,42.615905],[-108.623844,42.615812],[-108.623938,42.615254],[-108.623751,42.61508],[-108.624027,42.614898],[-108.624549,42.615624],[-108.624277,42.615905]]]}},{"type":"Feature","properties":{"id":"irr-a-28283782516e","kind":"exclusion","name":"Watered ground","acres":0.5,"editable":true,"source":"MAP mesic valley bottoms + 10-yr NDVI persistence + IrrMapper + NWI (V3 rule, 3 Sep 2026)","strm_type":"Perennial","veg_pct":97.6,"green10":10,"irr_freq":0.28,"enforce":"irrigated"},"geometry":{"type":"Polygon","coordinates":[[[-108.631991,42.633675],[-108.631715,42.633715],[-108.63175,42.632845],[-108.632085,42.632774],[-108.631991,42.633675]]]}},{"type":"Feature","properties":{"id":"irr-a-eb71a51285ed","kind":"exclusion","name":"Watered ground","acres":1.4,"editable":true,"source":"MAP mesic valley bottoms + 10-yr NDVI persistence + IrrMapper + NWI (V3 rule, 3 Sep 2026)","strm_type":"Perennial","veg_pct":97.6,"green10":10,"irr_freq":0.23,"enforce":"irrigated"},"geometry":{"type":"Polygon","coordinates":[[[-108.633842,42.634049],[-108.633752,42.634344],[-108.633101,42.634089],[-108.633012,42.633679],[-108.633382,42.633256],[-108.633842,42.633429],[-108.633842,42.634049]]]}},{"type":"Feature","properties":{"id":"irr-a-f93af428f3d6","kind":"exclusion","name":"Watered ground","acres":0.9,"editable":true,"source":"MAP mesic valley bottoms + 10-yr NDVI persistence + IrrMapper + NWI (V3 rule, 3 Sep 2026)","strm_type":"Perennial","veg_pct":97.6,"green10":10,"irr_freq":0.4,"enforce":"irrigated"},"geometry":{"type":"Polygon","coordinates":[[[-108.696804,42.729416],[-108.696991,42.729786],[-108.696621,42.729599],[-108.696269,42.729969],[-108.696064,42.72951],[-108.696621,42.729322],[-108.696804,42.729046],[-108.697063,42.729229],[-108.696804,42.729416]]]}},{"type":"Feature","properties":{"id":"irr-a-1e9ffce524ce","kind":"exclusion","name":"Watered ground","acres":1.0,"editable":true,"source":"MAP mesic valley bottoms + 10-yr NDVI persistence + IrrMapper + NWI (V3 rule, 3 Sep 2026)","strm_type":"Perennial","veg_pct":97.6,"green10":10,"irr_freq":0.32,"enforce":"irrigated"},"geometry":{"type":"MultiPolygon","coordinates":[[[[-108.696251,42.729969],[-108.696251,42.729942],[-108.696269,42.729969],[-108.696251,42.729969]]],[[[-108.69597,42.729969],[-108.695881,42.730339],[-108.695511,42.730558],[-108.695324,42.73025],[-108.695511,42.729693],[-108.696051,42.729599],[-108.696211,42.72988],[-108.69597,42.729969]]]]}},{"type":"Feature","properties":{"id":"irr-a-45b47286862f","kind":"exclusion","name":"Watered ground","acres":2.0,"editable":true,"source":"MAP mesic valley bottoms + 10-yr NDVI persistence + IrrMapper + NWI (V3 rule, 3 Sep 2026)","strm_type":"Perennial","veg_pct":97.6,"green10":10,"irr_freq":1.0,"enforce":"irrigated"},"geometry":{"type":"Polygon","coordinates":[[[-108.652918,42.74571],[-108.652454,42.7462],[-108.651901,42.745063],[-108.652641,42.745063],[-108.652824,42.744845],[-108.653145,42.745246],[-108.652918,42.74571]]]}},{"type":"Feature","properties":{"id":"irr-a-02dd5354bc38","kind":"exclusion","name":"Watered ground","acres":0.7,"editable":true,"source":"MAP mesic valley bottoms + 10-yr NDVI persistence + IrrMapper + NWI (V3 rule, 3 Sep 2026)","strm_type":"Intermittent","veg_pct":97.6,"green10":10,"irr_freq":0.68,"enforce":"irrigated"},"geometry":{"type":"Polygon","coordinates":[[[-108.68662,42.770618],[-108.686343,42.771171],[-108.685973,42.770877],[-108.686526,42.770431],[-108.686999,42.770431],[-108.687008,42.770618],[-108.68662,42.770618]]]}},{"type":"Feature","properties":{"id":"irr-a-e035bb0a2fc4","kind":"exclusion","name":"Watered ground","acres":0.7,"editable":true,"source":"MAP mesic valley bottoms + 10-yr NDVI persistence + IrrMapper + NWI (V3 rule, 3 Sep 2026)","strm_type":"Intermittent","veg_pct":97.6,"green10":10,"irr_freq":1.0,"enforce":"irrigated"},"geometry":{"type":"Polygon","coordinates":[[[-108.686156,42.771448],[-108.685692,42.771448],[-108.685416,42.771729],[-108.685879,42.770895],[-108.686267,42.771171],[-108.686156,42.771448]]]}},{"type":"Feature","properties":{"id":"irr-a-a1d70651434e","kind":"exclusion","name":"Watered ground","acres":0.8,"editable":true,"source":"MAP mesic valley bottoms + 10-yr NDVI persistence + IrrMapper + NWI (V3 rule, 3 Sep 2026)","strm_type":"Intermittent","veg_pct":97.6,"green10":10,"irr_freq":0.82,"enforce":"irrigated"},"geometry":{"type":"Polygon","coordinates":[[[-108.681804,42.773115],[-108.681402,42.773022],[-108.681389,42.772745],[-108.682361,42.772933],[-108.682918,42.772589],[-108.683052,42.773022],[-108.681804,42.773115]]]}},{"type":"Feature","properties":{"id":"irr-a-8340ef1a6055","kind":"exclusion","name":"Watered ground","acres":1.5,"editable":true,"source":"MAP mesic valley bottoms + 10-yr NDVI persistence + IrrMapper + NWI (V3 rule, 3 Sep 2026)","strm_type":"Intermittent","veg_pct":97.6,"green10":10,"irr_freq":1.0,"enforce":"irrigated"},"geometry":{"type":"Polygon","coordinates":[[[-108.681064,42.773022],[-108.680693,42.773303],[-108.679877,42.773485],[-108.679757,42.773022],[-108.680417,42.772745],[-108.681389,42.772745],[-108.681402,42.773022],[-108.681064,42.773022]]]}},{"type":"Feature","properties":{"id":"irr-a-70655aa090f6","kind":"exclusion","name":"Watered ground","acres":1.4,"editable":true,"source":"MAP mesic valley bottoms + 10-yr NDVI persistence + IrrMapper + NWI (V3 rule, 3 Sep 2026)","strm_type":"Intermittent","veg_pct":97.6,"green10":10,"irr_freq":1.0,"enforce":"irrigated"},"geometry":{"type":"Polygon","coordinates":[[[-108.678937,42.773766],[-108.67833,42.773766],[-108.678272,42.773579],[-108.678566,42.773303],[-108.679119,42.773303],[-108.679489,42.773022],[-108.679757,42.773022],[-108.679877,42.773485],[-108.678937,42.773766]]]}},{"type":"Feature","properties":{"id":"irr-a-566a98fabeea","kind":"exclusion","name":"Watered ground","acres":3.6,"editable":true,"source":"MAP mesic valley bottoms + 10-yr NDVI persistence + IrrMapper + NWI (V3 rule, 3 Sep 2026)","strm_type":"Intermittent","veg_pct":97.6,"green10":10,"irr_freq":1.0,"enforce":"irrigated"},"geometry":{"type":"Polygon","coordinates":[[[-108.677733,42.774043],[-108.678196,42.774507],[-108.678196,42.774877],[-108.678103,42.775153],[-108.677692,42.775247],[-108.676622,42.773673],[-108.677269,42.773485],[-108.677545,42.773673],[-108.678272,42.773579],[-108.67833,42.773766],[-108.677733,42.774043]]]}},{"type":"Feature","properties":{"id":"irr-a-fe9dfbc25e12","kind":"exclusion","name":"Watered ground","acres":3.5,"editable":true,"source":"MAP mesic valley bottoms + 10-yr NDVI persistence + IrrMapper + NWI (V3 rule, 3 Sep 2026)","strm_type":"Intermittent","veg_pct":97.6,"green10":10,"irr_freq":1.0,"enforce":"irrigated"},"geometry":{"type":"Polygon","coordinates":[[[-108.676992,42.775059],[-108.676529,42.775247],[-108.675748,42.775247],[-108.675601,42.774596],[-108.675971,42.774596],[-108.676529,42.773766],[-108.677692,42.775247],[-108.676992,42.775059]]]}},{"type":"Feature","properties":{"id":"irr-a-50e76c798f6e","kind":"exclusion","name":"Watered ground","acres":2.1,"editable":true,"source":"MAP mesic valley bottoms + 10-yr NDVI persistence + IrrMapper + NWI (V3 rule, 3 Sep 2026)","strm_type":"Intermittent","veg_pct":97.6,"green10":10,"irr_freq":0.95,"enforce":"irrigated"},"geometry":{"type":"Polygon","coordinates":[[[-108.674678,42.775523],[-108.674491,42.775893],[-108.674116,42.775247],[-108.674584,42.774877],[-108.675601,42.774649],[-108.675748,42.775247],[-108.674678,42.775523]]]}},{"type":"Feature","properties":{"id":"irr-a-c9b06e76cb92","kind":"exclusion","name":"Watered ground","acres":2.5,"editable":true,"source":"MAP mesic valley bottoms + 10-yr NDVI persistence + IrrMapper + NWI (V3 rule, 3 Sep 2026)","strm_type":"Intermittent","veg_pct":97.6,"green10":10,"irr_freq":1.0,"enforce":"irrigated"},"geometry":{"type":"Polygon","coordinates":[[[-108.673193,42.776357],[-108.672997,42.77654],[-108.672823,42.775893],[-108.673193,42.775523],[-108.674116,42.775247],[-108.674451,42.775893],[-108.673193,42.776357]]]}},{"type":"Feature","properties":{"id":"irr-a-2d19745ec5b2","kind":"exclusion","name":"Watered ground","acres":1.4,"editable":true,"source":"MAP mesic valley bottoms + 10-yr NDVI persistence + IrrMapper + NWI (V3 rule, 3 Sep 2026)","strm_type":"Perennial","veg_pct":100.0,"green10":10,"irr_freq":0.41,"enforce":"irrigated"},"geometry":{"type":"Polygon","coordinates":[[[-108.713035,42.622108],[-108.713009,42.622108],[-108.712451,42.621738],[-108.712175,42.621831],[-108.712175,42.621644],[-108.712545,42.62118],[-108.712915,42.62118],[-108.713245,42.62081],[-108.713035,42.622108]]]}},{"type":"Feature","properties":{"id":"irr-a-8e5038fb41dc","kind":"exclusion","name":"Watered ground","acres":0.0,"editable":true,"source":"MAP mesic valley bottoms + 10-yr NDVI persistence + IrrMapper + NWI (V3 rule, 3 Sep 2026)","strm_type":"Other","veg_pct":100.0,"green10":10,"irr_freq":0.5,"enforce":"irrigated"},"geometry":{"type":"Polygon","coordinates":[[[-108.71514,42.605904],[-108.715046,42.605903],[-108.715046,42.605814],[-108.71514,42.605904]]]}},{"type":"Feature","properties":{"id":"irr-a-577b3a1b9de5","kind":"exclusion","name":"Watered ground","acres":1.0,"editable":true,"source":"MAP mesic valley bottoms + 10-yr NDVI persistence + IrrMapper + NWI (V3 rule, 3 Sep 2026)","strm_type":"Perennial","veg_pct":100.0,"green10":10,"irr_freq":0.24,"enforce":"irrigated"},"geometry":{"type":"Polygon","coordinates":[[[-108.727701,42.614795],[-108.726546,42.614425],[-108.726546,42.614238],[-108.727701,42.614144],[-108.727701,42.614795]]]}},{"type":"Feature","properties":{"id":"irr-a-31878c146c7c","kind":"exclusion","name":"Watered ground","acres":0.8,"editable":true,"source":"MAP mesic valley bottoms + 10-yr NDVI persistence + IrrMapper + NWI (V3 rule, 3 Sep 2026)","strm_type":"Intermittent","veg_pct":100.0,"green10":10,"irr_freq":0.22,"enforce":"irrigated"},"geometry":{"type":"Polygon","coordinates":[[[-108.654585,42.580906],[-108.6543,42.580629],[-108.655045,42.580166],[-108.655388,42.580442],[-108.654585,42.580906]]]}},{"type":"Feature","properties":{"id":"irr-a-ba3f36de4b6c","kind":"exclusion","name":"Watered ground","acres":0.0,"editable":true,"source":"MAP mesic valley bottoms + 10-yr NDVI persistence + IrrMapper + NWI (V3 rule, 3 Sep 2026)","strm_type":"Other","veg_pct":76.2,"green10":10,"irr_freq":0.3,"enforce":"irrigated"},"geometry":{"type":"Polygon","coordinates":[[[-108.661435,42.672473],[-108.661341,42.672473],[-108.661341,42.67238],[-108.661435,42.672473]]]}},{"type":"Feature","properties":{"id":"irr-a-0745c2f54fbc","kind":"exclusion","name":"Watered ground","acres":1.4,"editable":true,"source":"MAP mesic valley bottoms + 10-yr NDVI persistence + IrrMapper + NWI (V3 rule, 3 Sep 2026)","strm_type":"Intermittent","veg_pct":93.2,"green10":10,"irr_freq":0.36,"enforce":"irrigated"},"geometry":{"type":"Polygon","coordinates":[[[-108.664306,42.668121],[-108.664489,42.668367],[-108.66329,42.668371],[-108.66403,42.667751],[-108.664119,42.667381],[-108.664645,42.667751],[-108.664306,42.668121]]]}},{"type":"Feature","properties":{"id":"irr-a-41f718876ca2","kind":"exclusion","name":"Watered ground","acres":0.9,"editable":true,"source":"MAP mesic valley bottoms + 10-yr NDVI persistence + IrrMapper + NWI (V3 rule, 3 Sep 2026)","strm_type":"Intermittent","veg_pct":88.6,"green10":10,"irr_freq":0.23,"enforce":"irrigated"},"geometry":{"type":"Polygon","coordinates":[[[-108.706244,42.651828],[-108.706195,42.651551],[-108.707176,42.651186],[-108.707359,42.651716],[-108.706244,42.651828]]]}},{"type":"Feature","properties":{"id":"irr-a-fda9594a4a78","kind":"exclusion","name":"Watered ground","acres":0.7,"editable":true,"source":"MAP mesic valley bottoms + 10-yr NDVI persistence + IrrMapper + NWI (V3 rule, 3 Sep 2026)","strm_type":"Intermittent","veg_pct":94.1,"green10":10,"irr_freq":0.2,"enforce":"irrigated"},"geometry":{"type":"Polygon","coordinates":[[[-108.70521,42.652104],[-108.705138,42.651734],[-108.706195,42.651551],[-108.706244,42.651828],[-108.70521,42.652104]]]}},{"type":"Feature","properties":{"id":"irr-a-2bf52bc965d4","kind":"exclusion","name":"Watered ground","acres":1.1,"editable":true,"source":"MAP mesic valley bottoms + 10-yr NDVI persistence + IrrMapper + NWI (V3 rule, 3 Sep 2026)","strm_type":"Intermittent","veg_pct":97.2,"green10":10,"irr_freq":0.4,"enforce":"irrigated"},"geometry":{"type":"Polygon","coordinates":[[[-108.717084,42.711013],[-108.716736,42.710621],[-108.717543,42.70997],[-108.717838,42.710434],[-108.717084,42.711013]]]}},{"type":"Feature","properties":{"id":"irr-a-bdaa3af5a6c6","kind":"exclusion","name":"Watered ground","acres":1.2,"editable":true,"source":"MAP mesic valley bottoms + 10-yr NDVI persistence + IrrMapper + NWI (V3 rule, 3 Sep 2026)","strm_type":"Intermittent","veg_pct":87.2,"green10":10,"irr_freq":0.25,"enforce":"irrigated"},"geometry":{"type":"Polygon","coordinates":[[[-108.714119,42.714759],[-108.714306,42.714603],[-108.714212,42.713684],[-108.714832,42.713863],[-108.71493,42.714603],[-108.714119,42.714759]]]}},{"type":"Feature","properties":{"id":"irr-a-1d0eb2275626","kind":"exclusion","name":"Watered ground","acres":0.5,"editable":true,"source":"MAP mesic valley bottoms + 10-yr NDVI persistence + IrrMapper + NWI (V3 rule, 3 Sep 2026)","strm_type":"Intermittent","veg_pct":81.2,"green10":10,"irr_freq":0.28,"enforce":"irrigated"},"geometry":{"type":"Polygon","coordinates":[[[-108.721619,42.709417],[-108.720705,42.709511],[-108.720683,42.709323],[-108.721249,42.709323],[-108.721713,42.709083],[-108.721619,42.709417]]]}},{"type":"Feature","properties":{"id":"irr-a-3b38a55aa4ce","kind":"exclusion","name":"Watered ground","acres":0.8,"editable":true,"source":"MAP mesic valley bottoms + 10-yr NDVI persistence + IrrMapper + NWI (V3 rule, 3 Sep 2026)","strm_type":"Intermittent","veg_pct":81.6,"green10":10,"irr_freq":0.24,"enforce":"irrigated"},"geometry":{"type":"Polygon","coordinates":[[[-108.719653,42.709694],[-108.71959,42.70923],[-108.720045,42.709141],[-108.720139,42.709323],[-108.720683,42.709323],[-108.720705,42.709511],[-108.719653,42.709694]]]}},{"type":"Feature","properties":{"id":"irr-a-103b7f0380ca","kind":"exclusion","name":"Watered ground","acres":1.0,"editable":true,"source":"MAP mesic valley bottoms + 10-yr NDVI persistence + IrrMapper + NWI (V3 rule, 3 Sep 2026)","strm_type":"Intermittent","veg_pct":96.0,"green10":10,"irr_freq":0.2,"enforce":"irrigated"},"geometry":{"type":"Polygon","coordinates":[[[-108.718747,42.70997],[-108.718565,42.7096],[-108.71959,42.70923],[-108.719653,42.709694],[-108.718747,42.70997]]]}},{"type":"Feature","properties":{"id":"irr-a-3be232287004","kind":"exclusion","name":"Watered ground","acres":2.2,"editable":true,"source":"MAP mesic valley bottoms + 10-yr NDVI persistence + IrrMapper + NWI (V3 rule, 3 Sep 2026)","strm_type":"Perennial","veg_pct":94.9,"green10":10,"irr_freq":0.27,"enforce":"irrigated"},"geometry":{"type":"Polygon","coordinates":[[[-108.718203,42.716547],[-108.717093,42.716547],[-108.717084,42.71562],[-108.718266,42.715713],[-108.718203,42.716547]]]}},{"type":"Feature","properties":{"id":"irr-a-f9a553c45f27","kind":"exclusion","name":"Watered ground","acres":0.5,"editable":true,"source":"MAP mesic valley bottoms + 10-yr NDVI persistence + IrrMapper + NWI (V3 rule, 3 Sep 2026)","strm_type":"Intermittent","veg_pct":96.0,"green10":10,"irr_freq":0.23,"enforce":"irrigated"},"geometry":{"type":"Polygon","coordinates":[[[-108.621807,42.610162],[-108.621624,42.610474],[-108.621436,42.610434],[-108.621624,42.609979],[-108.621436,42.609609],[-108.621807,42.609703],[-108.621807,42.610162]]]}},{"type":"Feature","properties":{"id":"sprg-a1","kind":"exclusion","name":"Spring guard","acres":1.1,"editable":true,"source":"USGS 3DHP spring point + 40 m guard (collar shape rules, 4 Sep 2026)","spring_guard":true,"enforce":"ok","pts":10},"geometry":{"type":"Polygon","coordinates":[[[-108.64565,42.537625],[-108.645467,42.537753],[-108.645222,42.537796],[-108.644981,42.537743],[-108.644807,42.537607],[-108.644749,42.537426],[-108.644821,42.537247],[-108.64498,42.537137],[-108.645611,42.537223],[-108.645722,42.537446],[-108.64565,42.537625]]]}},{"type":"Feature","properties":{"id":"sprg-a2","kind":"exclusion","name":"Spring guard","acres":1.2,"editable":true,"source":"USGS 3DHP spring point + 40 m guard (collar shape rules, 4 Sep 2026)","spring_guard":true,"enforce":"ok","pts":12},"geometry":{"type":"Polygon","coordinates":[[[-108.70147,42.56037],[-108.701287,42.560498],[-108.701042,42.560541],[-108.7008,42.560488],[-108.700627,42.560353],[-108.700568,42.560172],[-108.70064,42.559993],[-108.700823,42.559865],[-108.701068,42.559822],[-108.70131,42.559875],[-108.701483,42.56001],[-108.701542,42.560191],[-108.70147,42.56037]]]}},{"type":"Feature","properties":{"id":"sprg-a3","kind":"exclusion","name":"Spring guard","acres":1.2,"editable":true,"source":"USGS 3DHP spring point + 40 m guard (collar shape rules, 4 Sep 2026)","spring_guard":true,"enforce":"ok","pts":12},"geometry":{"type":"Polygon","coordinates":[[[-108.650721,42.597722],[-108.650538,42.59785],[-108.650292,42.597894],[-108.650051,42.59784],[-108.649877,42.597705],[-108.649819,42.597524],[-108.649891,42.597345],[-108.650074,42.597217],[-108.65032,42.597174],[-108.650561,42.597227],[-108.650735,42.597362],[-108.650793,42.597544],[-108.650721,42.597722]]]}},{"type":"Feature","properties":{"id":"sprg-a4","kind":"exclusion","name":"Spring guard","acres":1.2,"editable":true,"source":"USGS 3DHP spring point + 40 m guard (collar shape rules, 4 Sep 2026)","spring_guard":true,"enforce":"ok","pts":12},"geometry":{"type":"Polygon","coordinates":[[[-108.689848,42.605686],[-108.689665,42.605814],[-108.689419,42.605858],[-108.689178,42.605805],[-108.689004,42.605669],[-108.688945,42.605488],[-108.689017,42.605309],[-108.689201,42.605181],[-108.689446,42.605138],[-108.689688,42.605191],[-108.689861,42.605326],[-108.68992,42.605508],[-108.689848,42.605686]]]}},{"type":"Feature","properties":{"id":"sprg-a5","kind":"exclusion","name":"Spring guard","acres":0.6,"editable":true,"source":"USGS 3DHP spring point + 40 m guard (collar shape rules, 4 Sep 2026)","spring_guard":true,"enforce":"ok","pts":11},"geometry":{"type":"Polygon","coordinates":[[[-108.598954,42.63877],[-108.598771,42.638898],[-108.598525,42.638941],[-108.598283,42.638888],[-108.598211,42.638831],[-108.598231,42.638737],[-108.598481,42.638634],[-108.598742,42.638356],[-108.598888,42.638348],[-108.598968,42.63841],[-108.599026,42.638591],[-108.598954,42.63877]]]}},{"type":"Feature","properties":{"id":"sprg-a6","kind":"exclusion","name":"Spring guard","acres":1.2,"editable":true,"source":"USGS 3DHP spring point + 40 m guard (collar shape rules, 4 Sep 2026)","spring_guard":true,"enforce":"ok","pts":12},"geometry":{"type":"Polygon","coordinates":[[[-108.6238,42.662388],[-108.623617,42.662516],[-108.623371,42.662559],[-108.623129,42.662506],[-108.622956,42.662371],[-108.622897,42.662189],[-108.622969,42.662011],[-108.623153,42.661883],[-108.623399,42.661839],[-108.62364,42.661893],[-108.623814,42.662028],[-108.623872,42.66221],[-108.6238,42.662388]]]}},{"type":"Feature","properties":{"id":"sprg-a7","kind":"exclusion","name":"Spring guard","acres":1.2,"editable":true,"source":"USGS 3DHP spring point + 40 m guard (collar shape rules, 4 Sep 2026)","spring_guard":true,"enforce":"ok","pts":12},"geometry":{"type":"Polygon","coordinates":[[[-108.690603,42.667164],[-108.690419,42.667292],[-108.690174,42.667336],[-108.689932,42.667282],[-108.689758,42.667147],[-108.689699,42.666966],[-108.689771,42.666787],[-108.689955,42.666659],[-108.6902,42.666616],[-108.690442,42.666669],[-108.690616,42.666804],[-108.690675,42.666986],[-108.690603,42.667164]]]}},{"type":"Feature","properties":{"id":"sprg-a8","kind":"exclusion","name":"Spring guard","acres":1.2,"editable":true,"source":"USGS 3DHP spring point + 40 m guard (collar shape rules, 4 Sep 2026)","spring_guard":true,"enforce":"ok","pts":12},"geometry":{"type":"Polygon","coordinates":[[[-108.602362,42.671778],[-108.602289,42.671956],[-108.602106,42.672084],[-108.60186,42.672127],[-108.601618,42.672074],[-108.601445,42.671939],[-108.601386,42.671757],[-108.601458,42.671579],[-108.601642,42.671451],[-108.601888,42.671408],[-108.60213,42.671461],[-108.602303,42.671596],[-108.602362,42.671778]]]}},{"type":"Feature","properties":{"id":"sprg-a9","kind":"exclusion","name":"Spring guard","acres":1.1,"editable":true,"source":"USGS 3DHP spring point + 40 m guard (collar shape rules, 4 Sep 2026)","spring_guard":true,"enforce":"ok","pts":11},"geometry":{"type":"Polygon","coordinates":[[[-108.778635,42.675767],[-108.778114,42.675939],[-108.777938,42.675948],[-108.777765,42.675814],[-108.777706,42.675632],[-108.777778,42.675454],[-108.777961,42.675325],[-108.778207,42.675282],[-108.778449,42.675335],[-108.778623,42.67547],[-108.778682,42.675651],[-108.778635,42.675767]]]}},{"type":"Feature","properties":{"id":"sprg-a10","kind":"exclusion","name":"Spring guard","acres":1.2,"editable":true,"source":"USGS 3DHP spring point + 40 m guard (collar shape rules, 4 Sep 2026)","spring_guard":true,"enforce":"ok","pts":12},"geometry":{"type":"Polygon","coordinates":[[[-108.775976,42.680636],[-108.775793,42.680764],[-108.775547,42.680807],[-108.775305,42.680754],[-108.775131,42.680619],[-108.775072,42.680438],[-108.775144,42.680259],[-108.775327,42.680131],[-108.775573,42.680087],[-108.775815,42.68014],[-108.775989,42.680276],[-108.776048,42.680457],[-108.775976,42.680636]]]}},{"type":"Feature","properties":{"id":"sprg-a11","kind":"exclusion","name":"Spring guard","acres":1.2,"editable":true,"source":"USGS 3DHP spring point + 40 m guard (collar shape rules, 4 Sep 2026)","spring_guard":true,"enforce":"ok","pts":12},"geometry":{"type":"Polygon","coordinates":[[[-108.62228,42.690583],[-108.622096,42.690711],[-108.62185,42.690754],[-108.621608,42.690701],[-108.621435,42.690565],[-108.621376,42.690384],[-108.621448,42.690206],[-108.621632,42.690078],[-108.621878,42.690034],[-108.62212,42.690088],[-108.622294,42.690223],[-108.622352,42.690404],[-108.62228,42.690583]]]}},{"type":"Feature","properties":{"id":"sprg-a12","kind":"exclusion","name":"Spring guard","acres":1.2,"editable":true,"source":"USGS 3DHP spring point + 40 m guard (collar shape rules, 4 Sep 2026)","spring_guard":true,"enforce":"ok","pts":12},"geometry":{"type":"Polygon","coordinates":[[[-108.757854,42.732692],[-108.75767,42.732821],[-108.757424,42.732864],[-108.757182,42.732811],[-108.757008,42.732676],[-108.756949,42.732495],[-108.757021,42.732316],[-108.757204,42.732188],[-108.75745,42.732144],[-108.757693,42.732197],[-108.757867,42.732332],[-108.757925,42.732514],[-108.757854,42.732692]]]}},{"type":"Feature","properties":{"id":"sprg-a13","kind":"exclusion","name":"Spring guard","acres":1.2,"editable":true,"source":"USGS 3DHP spring point + 40 m guard (collar shape rules, 4 Sep 2026)","spring_guard":true,"enforce":"ok","pts":12},"geometry":{"type":"Polygon","coordinates":[[[-108.742722,42.739819],[-108.742539,42.739948],[-108.742293,42.739991],[-108.74205,42.739938],[-108.741876,42.739803],[-108.741818,42.739621],[-108.741889,42.739443],[-108.742073,42.739315],[-108.742319,42.739271],[-108.742561,42.739324],[-108.742735,42.739459],[-108.742794,42.739641],[-108.742722,42.739819]]]}},{"type":"Feature","properties":{"id":"sprg-a14","kind":"exclusion","name":"Spring guard","acres":1.2,"editable":true,"source":"USGS 3DHP spring point + 40 m guard (collar shape rules, 4 Sep 2026)","spring_guard":true,"enforce":"ok","pts":12},"geometry":{"type":"Polygon","coordinates":[[[-108.755792,42.753258],[-108.755609,42.753386],[-108.755363,42.753429],[-108.755121,42.753376],[-108.754946,42.753241],[-108.754888,42.75306],[-108.754959,42.752881],[-108.755143,42.752753],[-108.755389,42.752709],[-108.755631,42.752762],[-108.755805,42.752898],[-108.755864,42.753079],[-108.755792,42.753258]]]}},{"type":"Feature","properties":{"id":"sprg-a15","kind":"exclusion","name":"Spring guard","acres":1.2,"editable":true,"source":"USGS 3DHP spring point + 40 m guard (collar shape rules, 4 Sep 2026)","spring_guard":true,"enforce":"ok","pts":12},"geometry":{"type":"Polygon","coordinates":[[[-108.754471,42.761174],[-108.754399,42.761353],[-108.754216,42.761481],[-108.75397,42.761524],[-108.753727,42.761471],[-108.753553,42.761336],[-108.753494,42.761155],[-108.753566,42.760976],[-108.75375,42.760848],[-108.753996,42.760805],[-108.754238,42.760858],[-108.754412,42.760993],[-108.754471,42.761174]]]}},{"type":"Feature","properties":{"id":"sprg-a16","kind":"exclusion","name":"Spring guard","acres":1.0,"editable":true,"source":"USGS 3DHP spring point + 40 m guard (collar shape rules, 4 Sep 2026)","spring_guard":true,"enforce":"ok","pts":11},"geometry":{"type":"Polygon","coordinates":[[[-108.591757,42.521485],[-108.591574,42.521613],[-108.591329,42.521656],[-108.591087,42.521603],[-108.590914,42.521467],[-108.590856,42.521286],[-108.590883,42.521218],[-108.591345,42.52103],[-108.591603,42.520994],[-108.591771,42.521125],[-108.591829,42.521306],[-108.591757,42.521485]]]}},{"type":"Feature","properties":{"id":"sprg-a17","kind":"exclusion","name":"Spring guard","acres":0.3,"editable":true,"source":"USGS 3DHP spring point + 40 m guard (collar shape rules, 4 Sep 2026)","spring_guard":true,"enforce":"ok","pts":8},"geometry":{"type":"Polygon","coordinates":[[[-108.597949,42.556242],[-108.597708,42.556188],[-108.597535,42.556053],[-108.597516,42.555994],[-108.597578,42.555943],[-108.598245,42.556016],[-108.598294,42.556115],[-108.598195,42.556199],[-108.597949,42.556242]]]}},{"type":"Feature","properties":{"id":"sprg-a18","kind":"exclusion","name":"Spring guard","acres":1.2,"editable":true,"source":"USGS 3DHP spring point + 40 m guard (collar shape rules, 4 Sep 2026)","spring_guard":true,"enforce":"ok","pts":12},"geometry":{"type":"Polygon","coordinates":[[[-108.592875,42.639787],[-108.592692,42.639915],[-108.592446,42.639958],[-108.592204,42.639905],[-108.592031,42.639769],[-108.591972,42.639588],[-108.592045,42.639409],[-108.592228,42.639281],[-108.592474,42.639238],[-108.592716,42.639292],[-108.592889,42.639427],[-108.592947,42.639608],[-108.592875,42.639787]]]}},{"type":"Feature","properties":{"id":"sprg-a19","kind":"exclusion","name":"Spring guard","acres":1.2,"editable":true,"source":"USGS 3DHP spring point + 40 m guard (collar shape rules, 4 Sep 2026)","spring_guard":true,"enforce":"ok","pts":12},"geometry":{"type":"Polygon","coordinates":[[[-108.593961,42.642212],[-108.593778,42.64234],[-108.593532,42.642383],[-108.59329,42.64233],[-108.593117,42.642194],[-108.593059,42.642013],[-108.593131,42.641834],[-108.593314,42.641706],[-108.59356,42.641663],[-108.593802,42.641717],[-108.593975,42.641852],[-108.594034,42.642033],[-108.593961,42.642212]]]}},{"type":"Feature","properties":{"id":"sprg-a20","kind":"exclusion","name":"Spring guard","acres":1.2,"editable":true,"source":"USGS 3DHP spring point + 40 m guard (collar shape rules, 4 Sep 2026)","spring_guard":true,"enforce":"ok","pts":12},"geometry":{"type":"Polygon","coordinates":[[[-108.585051,42.643767],[-108.584867,42.643895],[-108.584621,42.643938],[-108.584379,42.643885],[-108.584206,42.643749],[-108.584148,42.643568],[-108.58422,42.643389],[-108.584404,42.643261],[-108.584649,42.643218],[-108.584891,42.643272],[-108.585064,42.643407],[-108.585123,42.643588],[-108.585051,42.643767]]]}},{"type":"Feature","properties":{"id":"sprg-a21","kind":"exclusion","name":"Spring guard","acres":1.2,"editable":true,"source":"USGS 3DHP spring point + 40 m guard (collar shape rules, 4 Sep 2026)","spring_guard":true,"enforce":"ok","pts":12},"geometry":{"type":"Polygon","coordinates":[[[-108.582393,42.654248],[-108.582209,42.654376],[-108.581963,42.654419],[-108.581722,42.654366],[-108.581548,42.65423],[-108.58149,42.654049],[-108.581562,42.653871],[-108.581746,42.653743],[-108.581991,42.653699],[-108.582233,42.653753],[-108.582407,42.653888],[-108.582465,42.65407],[-108.582393,42.654248]]]}},{"type":"Feature","properties":{"id":"sprg-a22","kind":"exclusion","name":"Spring guard","acres":1.2,"editable":true,"source":"USGS 3DHP spring point + 40 m guard (collar shape rules, 4 Sep 2026)","spring_guard":true,"enforce":"ok","pts":12},"geometry":{"type":"Polygon","coordinates":[[[-108.595745,42.655376],[-108.595561,42.655504],[-108.595315,42.655547],[-108.595074,42.655493],[-108.5949,42.655358],[-108.594842,42.655177],[-108.594914,42.654998],[-108.595098,42.65487],[-108.595343,42.654827],[-108.595585,42.65488],[-108.595759,42.655016],[-108.595817,42.655197],[-108.595745,42.655376]]]}},{"type":"Feature","properties":{"id":"sprg-a23","kind":"exclusion","name":"Spring guard","acres":1.2,"editable":true,"source":"USGS 3DHP spring point + 40 m guard (collar shape rules, 4 Sep 2026)","spring_guard":true,"enforce":"ok","pts":12},"geometry":{"type":"Polygon","coordinates":[[[-108.591621,42.660145],[-108.591437,42.660273],[-108.591191,42.660316],[-108.59095,42.660263],[-108.590776,42.660127],[-108.590718,42.659946],[-108.59079,42.659768],[-108.590974,42.65964],[-108.591219,42.659596],[-108.591461,42.65965],[-108.591635,42.659785],[-108.591693,42.659967],[-108.591621,42.660145]]]}},{"type":"Feature","properties":{"id":"sprg-a24","kind":"exclusion","name":"Spring guard","acres":1.2,"editable":true,"source":"USGS 3DHP spring point + 40 m guard (collar shape rules, 4 Sep 2026)","spring_guard":true,"enforce":"ok","pts":12},"geometry":{"type":"Polygon","coordinates":[[[-108.541994,42.664251],[-108.54181,42.664379],[-108.541564,42.664422],[-108.541322,42.664369],[-108.541149,42.664233],[-108.541091,42.664052],[-108.541163,42.663873],[-108.541347,42.663745],[-108.541593,42.663702],[-108.541834,42.663756],[-108.542008,42.663891],[-108.542066,42.664073],[-108.541994,42.664251]]]}},{"type":"Feature","properties":{"id":"sprg-a25","kind":"exclusion","name":"Spring guard","acres":1.2,"editable":true,"source":"USGS 3DHP spring point + 40 m guard (collar shape rules, 4 Sep 2026)","spring_guard":true,"enforce":"ok","pts":12},"geometry":{"type":"Polygon","coordinates":[[[-108.528509,42.697917],[-108.528325,42.698045],[-108.528079,42.698088],[-108.527837,42.698035],[-108.527664,42.697899],[-108.527606,42.697718],[-108.527678,42.697539],[-108.527862,42.697411],[-108.528108,42.697368],[-108.52835,42.697422],[-108.528523,42.697558],[-108.528582,42.697739],[-108.528509,42.697917]]]}},{"type":"Feature","properties":{"id":"sprg-a26","kind":"exclusion","name":"Spring guard","acres":0.7,"editable":true,"source":"USGS 3DHP spring point + 40 m guard (collar shape rules, 4 Sep 2026)","spring_guard":true,"enforce":"ok","pts":8},"geometry":{"type":"Polygon","coordinates":[[[-108.530934,42.698582],[-108.53075,42.69871],[-108.530598,42.698736],[-108.530333,42.698068],[-108.530533,42.698033],[-108.530775,42.698087],[-108.530948,42.698222],[-108.531006,42.698404],[-108.530934,42.698582]]]}},{"type":"Feature","properties":{"id":"sprg-a27","kind":"exclusion","name":"Spring guard","acres":0.1,"editable":true,"source":"USGS 3DHP spring point + 40 m guard (collar shape rules, 4 Sep 2026)","spring_guard":true,"enforce":"ok","pts":6},"geometry":{"type":"Polygon","coordinates":[[[-108.527003,42.703827],[-108.52692,42.703884],[-108.526865,42.703861],[-108.526972,42.703553],[-108.52704,42.703553],[-108.527075,42.703648],[-108.527003,42.703827]]]}},{"type":"Feature","properties":{"id":"sprg-a27-2","kind":"exclusion","name":"Spring guard","acres":0.3,"editable":true,"source":"USGS 3DHP spring point + 40 m guard (collar shape rules, 4 Sep 2026)","spring_guard":true,"enforce":"ok","pts":8},"geometry":{"type":"Polygon","coordinates":[[[-108.526099,42.703627],[-108.526172,42.703448],[-108.526356,42.703321],[-108.526458,42.703303],[-108.526535,42.70336],[-108.526363,42.703854],[-108.526245,42.703876],[-108.526158,42.703808],[-108.526099,42.703627]]]}},{"type":"Feature","properties":{"id":"sprg-a28","kind":"exclusion","name":"Spring guard","acres":1.2,"editable":true,"source":"USGS 3DHP spring point + 40 m guard (collar shape rules, 4 Sep 2026)","spring_guard":true,"enforce":"ok","pts":12},"geometry":{"type":"Polygon","coordinates":[[[-108.560188,42.730808],[-108.560005,42.730936],[-108.559759,42.730979],[-108.559516,42.730926],[-108.559343,42.73079],[-108.559285,42.730609],[-108.559357,42.73043],[-108.559541,42.730302],[-108.559787,42.730259],[-108.560029,42.730313],[-108.560203,42.730448],[-108.560261,42.73063],[-108.560188,42.730808]]]}},{"type":"Feature","properties":{"id":"sprg-a29","kind":"exclusion","name":"Spring guard","acres":1.2,"editable":true,"source":"USGS 3DHP spring point + 40 m guard (collar shape rules, 4 Sep 2026)","spring_guard":true,"enforce":"ok","pts":12},"geometry":{"type":"Polygon","coordinates":[[[-108.564021,42.740537],[-108.563837,42.740665],[-108.563591,42.740708],[-108.563349,42.740654],[-108.563175,42.740519],[-108.563117,42.740338],[-108.563189,42.740159],[-108.563373,42.740031],[-108.563619,42.739988],[-108.563862,42.740042],[-108.564035,42.740177],[-108.564093,42.740358],[-108.564021,42.740537]]]}}]}