{"type":"FeatureCollection","features":[{"type":"Feature","properties":{"id":"road-a1","kind":"road","name":"nan","acres":null,"editable":false,"source":"TIGER/UGRC road centerlines"},"geometry":{"type":"LineString","coordinates":[[-108.61874,42.747254],[-108.618367,42.748188],[-108.61816,42.748196],[-108.618061,42.748052],[-108.61874,42.747254]]}},{"type":"Feature","properties":{"id":"road-a2","kind":"road","name":"nan","acres":null,"editable":false,"source":"TIGER/UGRC road centerlines"},"geometry":{"type":"LineString","coordinates":[[-108.782484,42.698468],[-108.78236,42.698833],[-108.781895,42.699519],[-108.781801,42.700137],[-108.781367,42.700799],[-108.779909,42.701714],[-108.778762,42.702719],[-108.778079,42.703565],[-108.777365,42.704822],[-108.776312,42.705759],[-108.775537,42.706147],[-108.774049,42.706511]]}},{"type":"Feature","properties":{"id":"road-a3","kind":"road","name":"Deer Run Rd","acres":null,"editable":false,"source":"TIGER/UGRC road centerlines"},"geometry":{"type":"LineString","coordinates":[[-108.668847,42.708598],[-108.665991,42.707598],[-108.66497,42.707413],[-108.663757,42.706558],[-108.663474,42.706262],[-108.66331,42.705852],[-108.663234,42.703904]]}},{"type":"Feature","properties":{"id":"road-a4","kind":"road","name":"nan","acres":null,"editable":false,"source":"TIGER/UGRC road centerlines"},"geometry":{"type":"LineString","coordinates":[[-108.637137,42.741547],[-108.637072,42.743183],[-108.636723,42.743515],[-108.636827,42.744867],[-108.636824,42.747412],[-108.636327,42.748647],[-108.635243,42.749959],[-108.63391,42.751325],[-108.632172,42.752216],[-108.631376,42.752922]]}},{"type":"Feature","properties":{"id":"road-a5","kind":"road","name":"nan","acres":null,"editable":false,"source":"TIGER/UGRC road centerlines"},"geometry":{"type":"LineString","coordinates":[[-108.638638,42.775288],[-108.639482,42.774911]]}},{"type":"Feature","properties":{"id":"road-a6","kind":"road","name":"nan","acres":null,"editable":false,"source":"TIGER/UGRC road centerlines"},"geometry":{"type":"LineString","coordinates":[[-108.701964,42.566032],[-108.703297,42.567124],[-108.704928,42.567756],[-108.706379,42.567921],[-108.706655,42.56824],[-108.706438,42.568758],[-108.708062,42.569022],[-108.707884,42.569767]]}},{"type":"Feature","properties":{"id":"road-a7","kind":"road","name":"Sinks Canyon Rd","acres":null,"editable":false,"source":"TIGER/UGRC road centerlines"},"geometry":{"type":"LineString","coordinates":[[-108.858155,42.728293],[-108.858305,42.728549],[-108.858264,42.728869],[-108.858118,42.729135],[-108.857879,42.729332],[-108.857437,42.729441],[-108.856163,42.72943],[-108.855724,42.729562],[-108.855377,42.729783],[-108.855097,42.730172],[-108.854929,42.730853],[-108.854731,42.731238],[-108.854405,42.731574],[-108.854137,42.731718],[-108.853727,42.731848],[-108.851255,42.732303],[-108.850108,42.732644],[-108.848595,42.73327],[-108.846603,42.734306],[-108.845428,42.734814],[-108.841374,42.736076],[-108.839452,42.736889],[-108.836354,42.7376],[-108.834638,42.738331],[-108.833448,42.738706],[-108.83178,42.738812],[-108.831311,42.738936],[-108.828261,42.739387],[-108.827514,42.739583],[-108.826713,42.73998],[-108.825513,42.74102],[-108.824695,42.741487],[-108.823802,42.741745],[-108.822024,42.741981],[-108.821254,42.742187],[-108.819106,42.743321],[-108.817566,42.743847],[-108.815822,42.744703],[-108.81438,42.74504],[-108.813851,42.745249],[-108.812312,42.746153],[-108.809307,42.748809],[-108.808572,42.749572],[-108.807197,42.751288],[-108.806821,42.751549],[-108.804961,42.752446],[-108.804384,42.752828],[-108.802169,42.755498],[-108.800444,42.756988],[-108.799261,42.757633],[-108.798135,42.757986],[-108.796602,42.758315],[-108.796056,42.758541],[-108.79567,42.758801],[-108.795133,42.759392],[-108.794407,42.760613],[-108.794122,42.762931],[-108.793841,42.763447],[-108.793488,42.763848],[-108.791124,42.765719],[-108.788726,42.76718],[-108.787276,42.767936],[-108.78368,42.769563],[-108.782744,42.770065],[-108.781654,42.77088],[-108.780647,42.77198],[-108.780069,42.772944],[-108.779736,42.773848],[-108.778804,42.777416],[-108.778571,42.779146],[-108.777141,42.783023],[-108.776192,42.784349],[-108.772828,42.788187],[-108.772085,42.788906],[-108.770179,42.790482],[-108.76943,42.791334],[-108.767723,42.794367],[-108.766357,42.798979],[-108.765966,42.799614],[-108.765499,42.800041],[-108.764748,42.800493],[-108.759871,42.802789],[-108.758711,42.803541],[-108.757937,42.804516],[-108.756403,42.80727],[-108.753864,42.809896],[-108.75252,42.812171],[-108.751796,42.812729],[-108.750009,42.813622],[-108.749531,42.814112]]}},{"type":"Feature","properties":{"id":"road-a8","kind":"road","name":"nan","acres":null,"editable":false,"source":"TIGER/UGRC road centerlines"},"geometry":{"type":"LineString","coordinates":[[-108.549012,42.647441],[-108.549487,42.647511],[-108.550374,42.647853],[-108.550467,42.64783]]}},{"type":"Feature","properties":{"id":"road-a9","kind":"road","name":"nan","acres":null,"editable":false,"source":"TIGER/UGRC road centerlines"},"geometry":{"type":"LineString","coordinates":[[-108.648086,42.760073],[-108.648385,42.759925],[-108.649657,42.759905]]}},{"type":"Feature","properties":{"id":"road-a10","kind":"road","name":"nan","acres":null,"editable":false,"source":"TIGER/UGRC road centerlines"},"geometry":{"type":"LineString","coordinates":[[-108.640471,42.604076],[-108.641739,42.603924],[-108.643234,42.603544],[-108.645109,42.603623],[-108.648593,42.602877],[-108.649258,42.602899],[-108.65056,42.603514],[-108.651321,42.60374],[-108.652239,42.603876],[-108.65398,42.603758],[-108.656165,42.603502],[-108.661515,42.60333],[-108.663352,42.603396],[-108.663764,42.603533],[-108.664458,42.6049],[-108.665383,42.605514],[-108.665546,42.605743],[-108.66566,42.606426],[-108.666187,42.606954],[-108.666776,42.607092],[-108.669129,42.607211],[-108.670367,42.60742],[-108.671699,42.607445],[-108.67207,42.607584],[-108.672249,42.607907]]}},{"type":"Feature","properties":{"id":"road-a11","kind":"road","name":"Willow Creek Rd","acres":null,"editable":false,"source":"TIGER/UGRC road centerlines"},"geometry":{"type":"LineString","coordinates":[[-108.739173,42.727194],[-108.737459,42.726637],[-108.737165,42.726405],[-108.736461,42.72558],[-108.733459,42.724166],[-108.733029,42.724069],[-108.731257,42.724287],[-108.730259,42.723973],[-108.729944,42.723558],[-108.729929,42.722866],[-108.729786,42.722468],[-108.729354,42.721912],[-108.728836,42.721462],[-108.727911,42.72085],[-108.725877,42.719742],[-108.724821,42.719064],[-108.72413,42.718767],[-108.72262,42.717817],[-108.721271,42.717098],[-108.720804,42.716981],[-108.71749,42.716615],[-108.716136,42.716639],[-108.714668,42.716888],[-108.71338,42.717369],[-108.712494,42.717954],[-108.710607,42.718512],[-108.710175,42.718714],[-108.708997,42.72024],[-108.707363,42.72156],[-108.706393,42.722081],[-108.704054,42.723662],[-108.702396,42.72429],[-108.700497,42.725212],[-108.699786,42.725641],[-108.697804,42.727389],[-108.696877,42.728604],[-108.696468,42.728877],[-108.694103,42.729498],[-108.693061,42.729252],[-108.692748,42.729261],[-108.69192,42.729887],[-108.690577,42.730428],[-108.688672,42.731505],[-108.687867,42.731853],[-108.68363,42.732448],[-108.683248,42.732612],[-108.682215,42.733358],[-108.680423,42.733998],[-108.679454,42.734082],[-108.678903,42.734243],[-108.675792,42.735708],[-108.67481,42.735948],[-108.673309,42.736037],[-108.672999,42.736121],[-108.671831,42.736939],[-108.67142,42.737349],[-108.67129,42.737791],[-108.671164,42.739133],[-108.671014,42.739353],[-108.670554,42.739466],[-108.665986,42.739547],[-108.665396,42.739627],[-108.661939,42.741781],[-108.661612,42.74224],[-108.661508,42.742952],[-108.661297,42.743135],[-108.656855,42.743224],[-108.654928,42.743871],[-108.651509,42.744669],[-108.651091,42.744906],[-108.650549,42.745536],[-108.650398,42.746383],[-108.650573,42.747417],[-108.650417,42.74764],[-108.650203,42.747735]]}},{"type":"Feature","properties":{"id":"road-a12","kind":"road","name":"nan","acres":null,"editable":false,"source":"TIGER/UGRC road centerlines"},"geometry":{"type":"LineString","coordinates":[[-108.660003,42.674416],[-108.659806,42.675401]]}},{"type":"Feature","properties":{"id":"road-a13","kind":"road","name":"nan","acres":null,"editable":false,"source":"TIGER/UGRC road centerlines"},"geometry":{"type":"LineString","coordinates":[[-108.731895,42.547139],[-108.732115,42.547432],[-108.733521,42.54849],[-108.735325,42.549609],[-108.737809,42.550515],[-108.74079,42.551167],[-108.74567,42.551654],[-108.746866,42.552563]]}},{"type":"Feature","properties":{"id":"road-a14","kind":"road","name":"Indian Trl","acres":null,"editable":false,"source":"TIGER/UGRC road centerlines"},"geometry":{"type":"LineString","coordinates":[[-108.742526,42.618845],[-108.742636,42.619041],[-108.74303,42.619184],[-108.747476,42.620078],[-108.748347,42.620098],[-108.749091,42.620218],[-108.752515,42.621137],[-108.75268,42.62128],[-108.752806,42.621606],[-108.753436,42.621564],[-108.754372,42.621874],[-108.755814,42.622617],[-108.756581,42.623338],[-108.757262,42.623484],[-108.758446,42.623953],[-108.75986,42.624702],[-108.761105,42.625181],[-108.762023,42.625778],[-108.762653,42.626025],[-108.762937,42.62628],[-108.763343,42.62689],[-108.763176,42.627712],[-108.764067,42.628525],[-108.76485,42.629598],[-108.765291,42.630394],[-108.767236,42.631387],[-108.768081,42.631512],[-108.768656,42.631315],[-108.76958,42.631297],[-108.769937,42.631144],[-108.770292,42.630829],[-108.770517,42.630795],[-108.77106,42.630529],[-108.771131,42.630413],[-108.771888,42.630093],[-108.77344,42.630134],[-108.773972,42.630096],[-108.774553,42.629933],[-108.775915,42.629962],[-108.776352,42.630069],[-108.776664,42.630366],[-108.777885,42.630989],[-108.7783,42.631313],[-108.779184,42.631627],[-108.780085,42.632088],[-108.780978,42.632349],[-108.782146,42.632958],[-108.78288,42.633399],[-108.783539,42.633969],[-108.784222,42.634224],[-108.784642,42.634797],[-108.785258,42.635283],[-108.786844,42.636003],[-108.788645,42.636161],[-108.78956,42.63615],[-108.79005,42.636299],[-108.791503,42.635281],[-108.792039,42.634652],[-108.792163,42.634268],[-108.792277,42.634155],[-108.79242,42.63418],[-108.792966,42.63435],[-108.793536,42.634691],[-108.794216,42.634894],[-108.795416,42.636001],[-108.796034,42.636766],[-108.796857,42.637345],[-108.797644,42.638083],[-108.798005,42.638546],[-108.798833,42.63898],[-108.799969,42.639177],[-108.801882,42.63925],[-108.805309,42.638973],[-108.806283,42.638927],[-108.806766,42.638972],[-108.810103,42.640461],[-108.811674,42.640733],[-108.815688,42.641718],[-108.817123,42.642285],[-108.81812,42.642587],[-108.820152,42.643945],[-108.820546,42.644436],[-108.821471,42.646171],[-108.822144,42.648767],[-108.822203,42.649514],[-108.821792,42.651589],[-108.821532,42.652319],[-108.821096,42.652964],[-108.820823,42.653583],[-108.820697,42.654482]]}},{"type":"Feature","properties":{"id":"road-a15","kind":"road","name":"nan","acres":null,"editable":false,"source":"TIGER/UGRC road centerlines"},"geometry":{"type":"LineString","coordinates":[[-108.69259,42.559295],[-108.694755,42.559043],[-108.697539,42.559112],[-108.699054,42.559409],[-108.699549,42.559363]]}},{"type":"Feature","properties":{"id":"road-a16","kind":"road","name":"N Rock Creek Rd","acres":null,"editable":false,"source":"TIGER/UGRC road centerlines"},"geometry":{"type":"LineString","coordinates":[[-108.746866,42.552563],[-108.747515,42.552718],[-108.747886,42.552946],[-108.749181,42.553436],[-108.75029,42.553401],[-108.750823,42.553614],[-108.751879,42.554235],[-108.752076,42.554253],[-108.756337,42.552939],[-108.756648,42.552867],[-108.757727,42.552903],[-108.758836,42.55248],[-108.76037,42.551056],[-108.761063,42.550747],[-108.76141,42.550711],[-108.761437,42.550542],[-108.762098,42.550226],[-108.762559,42.549828],[-108.763215,42.549528],[-108.763257,42.548627],[-108.763444,42.547796],[-108.762904,42.547485],[-108.762779,42.546991],[-108.762126,42.546556],[-108.762215,42.546308],[-108.762947,42.545861],[-108.762925,42.545734],[-108.762796,42.545675]]}},{"type":"Feature","properties":{"id":"road-a17","kind":"road","name":"nan","acres":null,"editable":false,"source":"TIGER/UGRC road centerlines"},"geometry":{"type":"LineString","coordinates":[[-108.685601,42.550858],[-108.686405,42.551544],[-108.686807,42.552344],[-108.6869,42.553624],[-108.68523,42.556643],[-108.685261,42.55742],[-108.685508,42.5579],[-108.687828,42.559226],[-108.688724,42.559569],[-108.689374,42.559707]]}},{"type":"Feature","properties":{"id":"road-a18","kind":"road","name":"nan","acres":null,"editable":false,"source":"TIGER/UGRC road centerlines"},"geometry":{"type":"LineString","coordinates":[[-108.675453,42.568874],[-108.675144,42.569607],[-108.674322,42.570517],[-108.674988,42.571224],[-108.675138,42.57195],[-108.675054,42.572168],[-108.675453,42.572168],[-108.67601,42.571916],[-108.676258,42.571459],[-108.676567,42.571459],[-108.676691,42.571596],[-108.675855,42.573723],[-108.675824,42.574317],[-108.675453,42.574957],[-108.674308,42.575529],[-108.673534,42.576352],[-108.672791,42.576878],[-108.672419,42.577449],[-108.672264,42.578044],[-108.6718,42.578729],[-108.670655,42.579552],[-108.670036,42.579735],[-108.66753,42.579849],[-108.664807,42.58058],[-108.660104,42.581425],[-108.657938,42.581996],[-108.657474,42.582064],[-108.655092,42.582041],[-108.652957,42.582543],[-108.651812,42.582886],[-108.650636,42.583388],[-108.646643,42.58533],[-108.645959,42.585975],[-108.645559,42.586538],[-108.644879,42.586976]]}},{"type":"Feature","properties":{"id":"road-a19","kind":"road","name":"nan","acres":null,"editable":false,"source":"TIGER/UGRC road centerlines"},"geometry":{"type":"LineString","coordinates":[[-108.680382,42.736122],[-108.680371,42.73593],[-108.679945,42.73558],[-108.679851,42.735307],[-108.67988,42.735159],[-108.680234,42.734941],[-108.68027,42.734808],[-108.680051,42.734683],[-108.679147,42.734475],[-108.678955,42.734366],[-108.678903,42.734243]]}},{"type":"Feature","properties":{"id":"road-a20","kind":"road","name":"nan","acres":null,"editable":false,"source":"TIGER/UGRC road centerlines"},"geometry":{"type":"LineString","coordinates":[[-108.675508,42.595826],[-108.676221,42.59715],[-108.676627,42.597507],[-108.678809,42.597855],[-108.682107,42.598666],[-108.683383,42.599181],[-108.685001,42.59962],[-108.685935,42.600006],[-108.686839,42.600639],[-108.688649,42.602263],[-108.689496,42.603611],[-108.691368,42.604987],[-108.692398,42.605864],[-108.693898,42.607603],[-108.694995,42.60917],[-108.695588,42.609763],[-108.69643,42.610173],[-108.699074,42.610476],[-108.699813,42.610757],[-108.700176,42.611039]]}},{"type":"Feature","properties":{"id":"road-a21","kind":"road","name":"nan","acres":null,"editable":false,"source":"TIGER/UGRC road centerlines"},"geometry":{"type":"LineString","coordinates":[[-108.74764,42.615122],[-108.745862,42.61483],[-108.744706,42.614219],[-108.743703,42.614247],[-108.742633,42.614509],[-108.741988,42.614888],[-108.741541,42.615269],[-108.740525,42.615129],[-108.739186,42.613596],[-108.738182,42.612847],[-108.73792,42.61153],[-108.7367,42.610845],[-108.7344,42.610068],[-108.73307,42.609268],[-108.729665,42.608719],[-108.728649,42.608289],[-108.728189,42.607972],[-108.727883,42.607471],[-108.727643,42.606403],[-108.727243,42.606039],[-108.726997,42.605949],[-108.725519,42.605978],[-108.722442,42.606906],[-108.721734,42.607],[-108.718994,42.607126],[-108.717639,42.60736],[-108.717239,42.607499],[-108.716994,42.607775],[-108.716944,42.609407],[-108.716699,42.609775],[-108.716116,42.610258]]}},{"type":"Feature","properties":{"id":"road-a22","kind":"road","name":"nan","acres":null,"editable":false,"source":"TIGER/UGRC road centerlines"},"geometry":{"type":"LineString","coordinates":[[-108.70088,42.564371],[-108.693426,42.566086],[-108.690209,42.567115],[-108.687889,42.567595],[-108.685476,42.568235],[-108.683899,42.568486],[-108.682105,42.568326],[-108.681393,42.568166],[-108.679872,42.567526]]}},{"type":"Feature","properties":{"id":"road-a23","kind":"road","name":"nan","acres":null,"editable":false,"source":"TIGER/UGRC road centerlines"},"geometry":{"type":"LineString","coordinates":[[-108.760201,42.52488],[-108.760317,42.525219],[-108.760266,42.525647],[-108.759988,42.526107],[-108.759293,42.526756],[-108.759203,42.527383],[-108.759291,42.527837],[-108.759516,42.528195],[-108.760947,42.529492],[-108.760886,42.52991],[-108.760365,42.530735],[-108.759965,42.531009],[-108.759319,42.531056],[-108.757872,42.530759],[-108.755006,42.530783],[-108.753651,42.531083],[-108.752697,42.531861],[-108.752554,42.532154]]}},{"type":"Feature","properties":{"id":"road-a24","kind":"road","name":"Dallas Dome Rd","acres":null,"editable":false,"source":"TIGER/UGRC road centerlines"},"geometry":{"type":"LineString","coordinates":[[-108.618231,42.744873],[-108.618055,42.744914],[-108.617582,42.745283],[-108.617433,42.745527],[-108.617463,42.7457],[-108.617589,42.745825],[-108.618179,42.746073],[-108.618321,42.746568],[-108.618754,42.747267],[-108.619036,42.747371],[-108.619588,42.747428],[-108.619803,42.7476],[-108.620074,42.748643],[-108.620075,42.749483],[-108.62028,42.749663],[-108.620634,42.749601],[-108.621225,42.749329],[-108.621327,42.748921],[-108.621172,42.748623],[-108.621108,42.746886],[-108.620243,42.746138]]}},{"type":"Feature","properties":{"id":"road-a25","kind":"road","name":"nan","acres":null,"editable":false,"source":"TIGER/UGRC road centerlines"},"geometry":{"type":"LineString","coordinates":[[-108.721192,42.572844],[-108.721333,42.57313],[-108.721277,42.573475],[-108.72099,42.574085],[-108.721083,42.574771],[-108.721455,42.575479],[-108.721362,42.575754],[-108.721084,42.575845],[-108.719383,42.575892],[-108.718114,42.576372],[-108.715949,42.577493],[-108.715269,42.577722],[-108.714929,42.57827],[-108.715208,42.579665],[-108.715022,42.580283],[-108.714744,42.58058],[-108.713599,42.581289],[-108.712362,42.581632],[-108.711774,42.582135],[-108.711465,42.582753],[-108.71029,42.583576],[-108.710042,42.583873],[-108.709981,42.585222],[-108.709702,42.585931],[-108.708434,42.587509],[-108.707692,42.589498],[-108.706981,42.590573],[-108.706981,42.591876],[-108.706888,42.591968],[-108.70531,42.592334],[-108.704041,42.592723],[-108.703268,42.59318],[-108.703113,42.593409],[-108.702835,42.594323],[-108.702928,42.595307],[-108.703238,42.596313],[-108.703207,42.596679],[-108.702773,42.597365],[-108.702774,42.598165],[-108.703579,42.600977],[-108.703579,42.601617],[-108.7033,42.602304],[-108.703425,42.604065],[-108.703765,42.605002],[-108.703827,42.606054],[-108.702961,42.607472],[-108.702311,42.607883],[-108.701785,42.608341],[-108.701259,42.60921],[-108.701166,42.610673]]}},{"type":"Feature","properties":{"id":"road-a26","kind":"road","name":"nan","acres":null,"editable":false,"source":"TIGER/UGRC road centerlines"},"geometry":{"type":"LineString","coordinates":[[-108.766074,42.526493],[-108.766255,42.526057],[-108.766193,42.525771],[-108.763986,42.524217],[-108.764178,42.52323],[-108.763568,42.522669],[-108.76297,42.522319]]}},{"type":"Feature","properties":{"id":"road-a27","kind":"road","name":"nan","acres":null,"editable":false,"source":"TIGER/UGRC road centerlines"},"geometry":{"type":"LineString","coordinates":[[-108.529667,42.700299],[-108.52792,42.701509],[-108.527455,42.701966],[-108.527051,42.702606],[-108.526461,42.704297]]}},{"type":"Feature","properties":{"id":"road-a28","kind":"road","name":"nan","acres":null,"editable":false,"source":"TIGER/UGRC road centerlines"},"geometry":{"type":"LineString","coordinates":[[-108.716116,42.610258],[-108.715119,42.609958],[-108.71436,42.610029],[-108.712932,42.610492],[-108.712415,42.610585],[-108.711746,42.610565],[-108.709525,42.610276],[-108.70904,42.610027],[-108.707154,42.610171],[-108.704785,42.610843],[-108.703659,42.610984],[-108.702838,42.610964],[-108.701591,42.610603],[-108.701166,42.610673]]}},{"type":"Feature","properties":{"id":"road-a29","kind":"road","name":"nan","acres":null,"editable":false,"source":"TIGER/UGRC road centerlines"},"geometry":{"type":"LineString","coordinates":[[-108.541603,42.666006],[-108.537699,42.667057],[-108.537173,42.667446],[-108.535591,42.669686],[-108.533639,42.671491],[-108.533174,42.672246],[-108.532833,42.672154],[-108.532276,42.671079],[-108.531966,42.670828],[-108.53144,42.670668],[-108.530634,42.67069],[-108.530293,42.670804],[-108.530014,42.671102],[-108.529766,42.671833],[-108.529642,42.67197],[-108.529363,42.67197],[-108.528991,42.671879],[-108.52735,42.670712],[-108.525986,42.670094],[-108.523508,42.669568],[-108.522858,42.669339],[-108.521836,42.667875],[-108.521435,42.666343],[-108.519918,42.664216],[-108.519857,42.663553],[-108.520105,42.662525],[-108.520353,42.662227],[-108.520354,42.66193],[-108.520199,42.661747],[-108.51958,42.661564],[-108.517659,42.661426],[-108.515584,42.661585],[-108.513537,42.662002]]}},{"type":"Feature","properties":{"id":"road-a30","kind":"road","name":"Limestone Mountain Rd","acres":null,"editable":false,"source":"TIGER/UGRC road centerlines"},"geometry":{"type":"LineString","coordinates":[[-108.724593,42.62507],[-108.726028,42.626416],[-108.728051,42.627736],[-108.726636,42.628841],[-108.726269,42.629291],[-108.726186,42.629658],[-108.726283,42.630467],[-108.726538,42.631144],[-108.726468,42.63132],[-108.725032,42.632255],[-108.72486,42.632445],[-108.724515,42.63362],[-108.724478,42.634251],[-108.72411,42.634992],[-108.72411,42.635384],[-108.724007,42.635587],[-108.724147,42.636216],[-108.724162,42.636922]]}},{"type":"Feature","properties":{"id":"road-a31","kind":"road","name":"nan","acres":null,"editable":false,"source":"TIGER/UGRC road centerlines"},"geometry":{"type":"LineString","coordinates":[[-108.544147,42.655214],[-108.543713,42.655854],[-108.543155,42.656311],[-108.542505,42.657249],[-108.542171,42.658126]]}},{"type":"Feature","properties":{"id":"road-a32","kind":"road","name":"nan","acres":null,"editable":false,"source":"TIGER/UGRC road centerlines"},"geometry":{"type":"LineString","coordinates":[[-108.709256,42.574663],[-108.709973,42.575679],[-108.709569,42.576437],[-108.708904,42.576695],[-108.708152,42.5768],[-108.708227,42.577082],[-108.709359,42.577566],[-108.709956,42.57876],[-108.711315,42.579648],[-108.713069,42.579665],[-108.714648,42.579859],[-108.715163,42.579812]]}},{"type":"Feature","properties":{"id":"road-a33","kind":"road","name":"nan","acres":null,"editable":false,"source":"TIGER/UGRC road centerlines"},"geometry":{"type":"LineString","coordinates":[[-108.636849,42.595251],[-108.637855,42.594633]]}},{"type":"Feature","properties":{"id":"road-a34","kind":"road","name":"Pass Creek Rd","acres":null,"editable":false,"source":"TIGER/UGRC road centerlines"},"geometry":{"type":"LineString","coordinates":[[-108.758892,42.606747],[-108.759555,42.607074],[-108.759677,42.60721],[-108.75957,42.608037],[-108.759187,42.608685],[-108.758153,42.609112],[-108.757361,42.609634],[-108.756335,42.610154],[-108.756077,42.610406],[-108.755971,42.610714],[-108.756237,42.610927],[-108.757007,42.611047],[-108.757516,42.610864],[-108.757873,42.610611],[-108.758032,42.610623]]}},{"type":"Feature","properties":{"id":"road-a35","kind":"road","name":"nan","acres":null,"editable":false,"source":"TIGER/UGRC road centerlines"},"geometry":{"type":"LineString","coordinates":[[-108.762519,42.60925],[-108.762409,42.609013],[-108.761749,42.608928],[-108.76063,42.609246],[-108.759072,42.609285],[-108.758578,42.609158],[-108.758484,42.608962]]}},{"type":"Feature","properties":{"id":"road-a36","kind":"road","name":"Chimney Ln","acres":null,"editable":false,"source":"TIGER/UGRC road centerlines"},"geometry":{"type":"LineString","coordinates":[[-108.66497,42.707413],[-108.66408,42.708193]]}},{"type":"Feature","properties":{"id":"road-a37","kind":"road","name":"nan","acres":null,"editable":false,"source":"TIGER/UGRC road centerlines"},"geometry":{"type":"LineString","coordinates":[[-108.622252,42.650911],[-108.624618,42.652959],[-108.625114,42.653233],[-108.626085,42.653504],[-108.626529,42.653847],[-108.627858,42.656386],[-108.628601,42.657369],[-108.629096,42.657804],[-108.634727,42.665283],[-108.63482,42.665604]]}},{"type":"Feature","properties":{"id":"road-a38","kind":"road","name":"nan","acres":null,"editable":false,"source":"TIGER/UGRC road centerlines"},"geometry":{"type":"LineString","coordinates":[[-108.622252,42.650911],[-108.620687,42.651576],[-108.619872,42.6514],[-108.619022,42.650765],[-108.617968,42.650662],[-108.617449,42.651805],[-108.61744,42.652739],[-108.617072,42.653254],[-108.616942,42.653673],[-108.618132,42.655441],[-108.619024,42.656044],[-108.620015,42.656421],[-108.620527,42.656822],[-108.62031,42.657321],[-108.619247,42.657942],[-108.618998,42.658434],[-108.619314,42.65894],[-108.620174,42.659454],[-108.62124,42.659638],[-108.622329,42.660143],[-108.622831,42.660835],[-108.622952,42.661583],[-108.622921,42.662009],[-108.623106,42.662242],[-108.623698,42.662562],[-108.625064,42.665213],[-108.625286,42.667019],[-108.625271,42.668254],[-108.62516,42.66862],[-108.624541,42.668941],[-108.623488,42.66933],[-108.623116,42.669604],[-108.622404,42.670565]]}},{"type":"Feature","properties":{"id":"road-a39","kind":"road","name":"nan","acres":null,"editable":false,"source":"TIGER/UGRC road centerlines"},"geometry":{"type":"LineString","coordinates":[[-108.720692,42.712417],[-108.720538,42.712943],[-108.720135,42.713514],[-108.719515,42.713812],[-108.718864,42.713789],[-108.717872,42.713606],[-108.716662,42.713881],[-108.716352,42.713858],[-108.715825,42.713447],[-108.715267,42.71347],[-108.714709,42.713744],[-108.714306,42.714224],[-108.714244,42.714613]]}},{"type":"Feature","properties":{"id":"road-a40","kind":"road","name":"nan","acres":null,"editable":false,"source":"TIGER/UGRC road centerlines"},"geometry":{"type":"LineString","coordinates":[[-108.555149,42.681173],[-108.554595,42.681447],[-108.553856,42.681569],[-108.552964,42.681473],[-108.551429,42.680959],[-108.550417,42.68071],[-108.549721,42.680783],[-108.549308,42.681073],[-108.54794,42.682562],[-108.547364,42.683013],[-108.547322,42.68352],[-108.547496,42.683882],[-108.547855,42.684099],[-108.548649,42.684123],[-108.549302,42.684299],[-108.550457,42.68553],[-108.551197,42.685706],[-108.55147,42.686245],[-108.553248,42.686333],[-108.555015,42.686128],[-108.55582,42.686151],[-108.556936,42.686357],[-108.557576,42.686555],[-108.557233,42.685549],[-108.557036,42.684592],[-108.556785,42.684198],[-108.556252,42.683876],[-108.555402,42.683032],[-108.555151,42.682549],[-108.555031,42.682228],[-108.555009,42.681769],[-108.555149,42.681173]]}},{"type":"Feature","properties":{"id":"road-a41","kind":"road","name":"nan","acres":null,"editable":false,"source":"TIGER/UGRC road centerlines"},"geometry":{"type":"LineString","coordinates":[[-108.556979,42.550334],[-108.557133,42.551775]]}},{"type":"Feature","properties":{"id":"road-a42","kind":"road","name":"nan","acres":null,"editable":false,"source":"TIGER/UGRC road centerlines"},"geometry":{"type":"LineString","coordinates":[[-108.546067,42.696059],[-108.546205,42.696415],[-108.548987,42.69985],[-108.550449,42.702094],[-108.551061,42.702781],[-108.552964,42.703926],[-108.554718,42.70434],[-108.556498,42.705599],[-108.557138,42.706538],[-108.557131,42.707293],[-108.556752,42.707957],[-108.556747,42.708369],[-108.557853,42.708827],[-108.558528,42.709331],[-108.558769,42.710041],[-108.559936,42.710797],[-108.560419,42.712033],[-108.560572,42.712193],[-108.561064,42.712126],[-108.561155,42.71192],[-108.561401,42.711851],[-108.561748,42.712232],[-108.56198,42.712878],[-108.562787,42.713441],[-108.564068,42.713661],[-108.566004,42.714693],[-108.566775,42.714693],[-108.568128,42.714375],[-108.568713,42.714375],[-108.569266,42.714558],[-108.570251,42.715062],[-108.571232,42.715818],[-108.576557,42.715524],[-108.577326,42.715319],[-108.577971,42.714932],[-108.579133,42.713539],[-108.580194,42.711324],[-108.580499,42.710935],[-108.581205,42.710433],[-108.581697,42.710182],[-108.582219,42.710089],[-108.583635,42.710228],[-108.584558,42.710069],[-108.584835,42.709886],[-108.584956,42.709658],[-108.585382,42.709606]]}},{"type":"Feature","properties":{"id":"road-a43","kind":"road","name":"nan","acres":null,"editable":false,"source":"TIGER/UGRC road centerlines"},"geometry":{"type":"LineString","coordinates":[[-108.65147,42.534526],[-108.651205,42.534614],[-108.649777,42.534718],[-108.648596,42.534581],[-108.648662,42.534759],[-108.649168,42.535089],[-108.653076,42.536881]]}},{"type":"Feature","properties":{"id":"road-a44","kind":"road","name":"nan","acres":null,"editable":false,"source":"TIGER/UGRC road centerlines"},"geometry":{"type":"LineString","coordinates":[[-108.653076,42.536881],[-108.648934,42.53624],[-108.647945,42.536309],[-108.646893,42.536537],[-108.645595,42.53704],[-108.645131,42.536994],[-108.644729,42.536811],[-108.644235,42.536262],[-108.643926,42.536262],[-108.643523,42.536742],[-108.643276,42.536742],[-108.643215,42.536284],[-108.643369,42.535919],[-108.643246,42.535621],[-108.642875,42.53569],[-108.641761,42.536467],[-108.640555,42.536901],[-108.638885,42.537334],[-108.63601,42.53763],[-108.633939,42.537629],[-108.633289,42.537812],[-108.629627,42.539745],[-108.630328,42.539932],[-108.632538,42.540848],[-108.634533,42.542139],[-108.635321,42.543564],[-108.634755,42.544667],[-108.63485,42.545233],[-108.63629,42.546326],[-108.637511,42.547767],[-108.64177,42.550093],[-108.642784,42.550483],[-108.643315,42.550911],[-108.645871,42.55175],[-108.646612,42.552924],[-108.646469,42.55443],[-108.6465,42.556009],[-108.646661,42.556901],[-108.647626,42.557071],[-108.648468,42.557356],[-108.649187,42.557958],[-108.649812,42.558292],[-108.650468,42.558416],[-108.652429,42.558455],[-108.655665,42.55812],[-108.657621,42.558001],[-108.660395,42.558292],[-108.666384,42.556144]]}},{"type":"Feature","properties":{"id":"road-a45","kind":"road","name":"nan","acres":null,"editable":false,"source":"TIGER/UGRC road centerlines"},"geometry":{"type":"LineString","coordinates":[[-108.579652,42.68743],[-108.580024,42.68864],[-108.581976,42.692911],[-108.581976,42.693641],[-108.580984,42.694828],[-108.580767,42.695765],[-108.580767,42.696336],[-108.580456,42.696838],[-108.579097,42.698084]]}},{"type":"Feature","properties":{"id":"road-a46","kind":"road","name":"nan","acres":null,"editable":false,"source":"TIGER/UGRC road centerlines"},"geometry":{"type":"LineString","coordinates":[[-108.633383,42.504704],[-108.629838,42.504585],[-108.628221,42.504354],[-108.626215,42.503711],[-108.625759,42.503644],[-108.624749,42.503806],[-108.621806,42.504514],[-108.620877,42.504883],[-108.618864,42.50598],[-108.616943,42.506574],[-108.614993,42.507032],[-108.612143,42.50813],[-108.610222,42.509136],[-108.608642,42.509845],[-108.60759,42.510188],[-108.602385,42.510875],[-108.599721,42.510966],[-108.599473,42.51108],[-108.596869,42.513252],[-108.596217,42.51428],[-108.595256,42.514967],[-108.594513,42.515652],[-108.59358,42.517343],[-108.593115,42.517823],[-108.591409,42.51883],[-108.59113,42.519196],[-108.591099,42.519607],[-108.591345,42.519972],[-108.59126,42.520859]]}},{"type":"Feature","properties":{"id":"road-a47","kind":"road","name":"nan","acres":null,"editable":false,"source":"TIGER/UGRC road centerlines"},"geometry":{"type":"LineString","coordinates":[[-108.743943,42.707674],[-108.743787,42.707909],[-108.743818,42.708167],[-108.744282,42.708404],[-108.745986,42.708639],[-108.74614,42.70878],[-108.746107,42.709104],[-108.745919,42.70922],[-108.743793,42.709473],[-108.742667,42.709726],[-108.740633,42.710369],[-108.739382,42.710851],[-108.738974,42.711126],[-108.73847,42.711676],[-108.738154,42.712429],[-108.737997,42.712589],[-108.736995,42.71298],[-108.735837,42.713279],[-108.734649,42.713166],[-108.733586,42.713283],[-108.73149,42.713855],[-108.731176,42.714039],[-108.730639,42.714748],[-108.730206,42.714954],[-108.729313,42.714884],[-108.726879,42.715151],[-108.725184,42.715445],[-108.724631,42.715809],[-108.724232,42.716356],[-108.723925,42.716514],[-108.723155,42.716443],[-108.722415,42.716509],[-108.721215,42.717077]]}},{"type":"Feature","properties":{"id":"road-a48","kind":"road","name":"nan","acres":null,"editable":false,"source":"TIGER/UGRC road centerlines"},"geometry":{"type":"LineString","coordinates":[[-108.687085,42.539014],[-108.68724,42.539883],[-108.688137,42.540431],[-108.688509,42.540866],[-108.689033,42.541893],[-108.689498,42.542466],[-108.690271,42.543015],[-108.691168,42.543472],[-108.69157,42.544136],[-108.691724,42.546331],[-108.69191,42.547154],[-108.691817,42.54848],[-108.691137,42.551955],[-108.690085,42.555614],[-108.689931,42.555682],[-108.690177,42.556491],[-108.690146,42.5572],[-108.68956,42.559021]]}},{"type":"Feature","properties":{"id":"road-a49","kind":"road","name":"nan","acres":null,"editable":false,"source":"TIGER/UGRC road centerlines"},"geometry":{"type":"LineString","coordinates":[[-108.542171,42.658126],[-108.54159,42.657066],[-108.541198,42.656544],[-108.540926,42.655739]]}},{"type":"Feature","properties":{"id":"road-a50","kind":"road","name":"nan","acres":null,"editable":false,"source":"TIGER/UGRC road centerlines"},"geometry":{"type":"LineString","coordinates":[[-108.530004,42.697881],[-108.530401,42.69888]]}},{"type":"Feature","properties":{"id":"road-a51","kind":"road","name":"nan","acres":null,"editable":false,"source":"TIGER/UGRC road centerlines"},"geometry":{"type":"LineString","coordinates":[[-108.643734,42.714246],[-108.643334,42.714229],[-108.642709,42.713999],[-108.642018,42.714015],[-108.641186,42.713843],[-108.640915,42.713895],[-108.640282,42.714181],[-108.639494,42.714714],[-108.638941,42.714919],[-108.638638,42.715125],[-108.638451,42.715625],[-108.638034,42.715996]]}},{"type":"Feature","properties":{"id":"road-a52","kind":"road","name":"Pass Creek Rd","acres":null,"editable":false,"source":"TIGER/UGRC road centerlines"},"geometry":{"type":"LineString","coordinates":[[-108.758032,42.610623],[-108.75879,42.611193],[-108.759699,42.611581],[-108.75986,42.611789],[-108.759981,42.612225],[-108.760345,42.612383],[-108.760734,42.612026],[-108.760998,42.610986],[-108.761618,42.610821],[-108.762159,42.610497],[-108.762665,42.609695],[-108.762519,42.60925]]}},{"type":"Feature","properties":{"id":"road-a53","kind":"road","name":"nan","acres":null,"editable":false,"source":"TIGER/UGRC road centerlines"},"geometry":{"type":"LineString","coordinates":[[-108.614219,42.744374],[-108.614685,42.744579]]}},{"type":"Feature","properties":{"id":"road-a54","kind":"road","name":"nan","acres":null,"editable":false,"source":"TIGER/UGRC road centerlines"},"geometry":{"type":"LineString","coordinates":[[-108.672249,42.607907],[-108.672503,42.608362],[-108.67337,42.608934],[-108.673803,42.609437],[-108.674307,42.609714]]}},{"type":"Feature","properties":{"id":"road-a55","kind":"road","name":"nan","acres":null,"editable":false,"source":"TIGER/UGRC road centerlines"},"geometry":{"type":"LineString","coordinates":[[-108.615356,42.744558],[-108.615167,42.746302],[-108.615812,42.748335],[-108.616645,42.749959],[-108.617052,42.751212],[-108.617141,42.751994],[-108.617022,42.752477],[-108.61662,42.753388],[-108.616489,42.753477],[-108.616379,42.753195],[-108.616487,42.752663],[-108.616378,42.752285],[-108.615744,42.751819],[-108.614641,42.751546],[-108.614236,42.751063],[-108.614726,42.750281],[-108.614989,42.749378],[-108.614388,42.748477],[-108.613656,42.747963],[-108.612981,42.747674],[-108.612468,42.747578]]}},{"type":"Feature","properties":{"id":"road-a56","kind":"road","name":"nan","acres":null,"editable":false,"source":"TIGER/UGRC road centerlines"},"geometry":{"type":"LineString","coordinates":[[-108.70088,42.564371],[-108.700756,42.564577],[-108.700788,42.565106],[-108.700943,42.565313]]}},{"type":"Feature","properties":{"id":"road-a57","kind":"road","name":"nan","acres":null,"editable":false,"source":"TIGER/UGRC road centerlines"},"geometry":{"type":"LineString","coordinates":[[-108.546067,42.696059],[-108.544899,42.695587],[-108.544499,42.69536],[-108.54408,42.694949]]}},{"type":"Feature","properties":{"id":"road-a58","kind":"road","name":"Three Points Rd","acres":null,"editable":false,"source":"TIGER/UGRC road centerlines"},"geometry":{"type":"LineString","coordinates":[[-108.642134,42.730941],[-108.638776,42.732324],[-108.636982,42.732568]]}},{"type":"Feature","properties":{"id":"road-a59","kind":"road","name":"nan","acres":null,"editable":false,"source":"TIGER/UGRC road centerlines"},"geometry":{"type":"LineString","coordinates":[[-108.61208,42.743706],[-108.612548,42.743496],[-108.613474,42.743326],[-108.613604,42.74298],[-108.613625,42.742787],[-108.61332,42.742642],[-108.612742,42.742554],[-108.61245,42.74234],[-108.612263,42.741791],[-108.612325,42.741494],[-108.612449,42.741379],[-108.613814,42.74131],[-108.614217,42.741173],[-108.614527,42.741173],[-108.61462,42.741241],[-108.61456,42.743185],[-108.614219,42.743871],[-108.614219,42.744374]]}},{"type":"Feature","properties":{"id":"road-a60","kind":"road","name":"nan","acres":null,"editable":false,"source":"TIGER/UGRC road centerlines"},"geometry":{"type":"LineString","coordinates":[[-108.595768,42.642091],[-108.59411,42.641534],[-108.593618,42.64044],[-108.593659,42.639217],[-108.594083,42.639006],[-108.596518,42.639435]]}},{"type":"Feature","properties":{"id":"road-a61","kind":"road","name":"nan","acres":null,"editable":false,"source":"TIGER/UGRC road centerlines"},"geometry":{"type":"LineString","coordinates":[[-108.714212,42.712098],[-108.714677,42.711961],[-108.714739,42.711824],[-108.715452,42.71132],[-108.716072,42.711],[-108.716754,42.710154],[-108.717126,42.709902],[-108.718645,42.709605],[-108.72004,42.709056],[-108.720784,42.70917],[-108.721931,42.709947],[-108.721901,42.710381],[-108.721684,42.71077],[-108.720878,42.711502],[-108.720692,42.711868],[-108.720692,42.712417]]}},{"type":"Feature","properties":{"id":"road-a62","kind":"road","name":"nan","acres":null,"editable":false,"source":"TIGER/UGRC road centerlines"},"geometry":{"type":"LineString","coordinates":[[-108.621929,42.75567],[-108.623605,42.7564],[-108.623946,42.756675],[-108.625667,42.757336],[-108.627327,42.757769],[-108.628382,42.75777],[-108.629282,42.757633]]}},{"type":"Feature","properties":{"id":"road-a63","kind":"road","name":"Harvey Morgan Ln","acres":null,"editable":false,"source":"TIGER/UGRC road centerlines"},"geometry":{"type":"LineString","coordinates":[[-108.659242,42.763646],[-108.657938,42.763869]]}},{"type":"Feature","properties":{"id":"road-a64","kind":"road","name":"nan","acres":null,"editable":false,"source":"TIGER/UGRC road centerlines"},"geometry":{"type":"LineString","coordinates":[[-108.557414,42.535084],[-108.558125,42.53385],[-108.558125,42.533164],[-108.559331,42.531609],[-108.5593,42.530854],[-108.559547,42.530397],[-108.561526,42.528385],[-108.562855,42.527219],[-108.563535,42.52683],[-108.563264,42.526169],[-108.563009,42.525987],[-108.562281,42.525988],[-108.559872,42.52654],[-108.558158,42.527115],[-108.556954,42.527322],[-108.555497,42.52744],[-108.553407,42.527487],[-108.552651,42.527581],[-108.551909,42.527892],[-108.551475,42.528167],[-108.550497,42.52846],[-108.54911,42.528671],[-108.547204,42.528818],[-108.546783,42.528919],[-108.546089,42.528882],[-108.544343,42.528277],[-108.543489,42.52814],[-108.541656,42.528323],[-108.539898,42.528158],[-108.53897,42.528323],[-108.535391,42.529276],[-108.534822,42.529276],[-108.53445,42.529084],[-108.53393,42.528451],[-108.533125,42.527819],[-108.533039,42.527086],[-108.532209,42.526527],[-108.532209,42.526004],[-108.533039,42.524748],[-108.532952,42.524409],[-108.532704,42.524125],[-108.532246,42.52396],[-108.53138,42.52385],[-108.530092,42.52396],[-108.528866,42.524309],[-108.528358,42.524968],[-108.527975,42.525867],[-108.527083,42.526673],[-108.526377,42.527159],[-108.52426,42.528149],[-108.522452,42.528616],[-108.521685,42.528928],[-108.520484,42.529157],[-108.519468,42.529505],[-108.518366,42.530321],[-108.517277,42.531292],[-108.516645,42.531485],[-108.512201,42.531879]]}},{"type":"Feature","properties":{"id":"road-a65","kind":"road","name":"nan","acres":null,"editable":false,"source":"TIGER/UGRC road centerlines"},"geometry":{"type":"LineString","coordinates":[[-108.555687,42.551883],[-108.556979,42.550334]]}},{"type":"Feature","properties":{"id":"road-a66","kind":"road","name":"nan","acres":null,"editable":false,"source":"TIGER/UGRC road centerlines"},"geometry":{"type":"LineString","coordinates":[[-108.587175,42.664565],[-108.586493,42.664748],[-108.585657,42.665091],[-108.585007,42.66564],[-108.584109,42.666943],[-108.583209,42.667538],[-108.582032,42.668018],[-108.581227,42.66859],[-108.580824,42.669002],[-108.579802,42.669665],[-108.57531,42.671769],[-108.574846,42.672112],[-108.573359,42.672935],[-108.572367,42.673621],[-108.572181,42.673827]]}},{"type":"Feature","properties":{"id":"road-a67","kind":"road","name":"nan","acres":null,"editable":false,"source":"TIGER/UGRC road centerlines"},"geometry":{"type":"LineString","coordinates":[[-108.689374,42.559707],[-108.69058,42.560004]]}},{"type":"Feature","properties":{"id":"road-a68","kind":"road","name":"Crest Ln","acres":null,"editable":false,"source":"TIGER/UGRC road centerlines"},"geometry":{"type":"LineString","coordinates":[[-108.773605,42.542703],[-108.773598,42.544711]]}},{"type":"Feature","properties":{"id":"road-a69","kind":"road","name":"nan","acres":null,"editable":false,"source":"TIGER/UGRC road centerlines"},"geometry":{"type":"LineString","coordinates":[[-108.563847,42.67529],[-108.563975,42.675953],[-108.564065,42.676016],[-108.564232,42.677325],[-108.564508,42.677928],[-108.564562,42.678529],[-108.564567,42.678673],[-108.564165,42.678972],[-108.564195,42.679384],[-108.565868,42.680167],[-108.566672,42.680672],[-108.568778,42.683862],[-108.569026,42.68455],[-108.569149,42.685651],[-108.56788,42.688026],[-108.567678,42.688141],[-108.567448,42.688977],[-108.567707,42.689366],[-108.567462,42.690058],[-108.566813,42.69124],[-108.566568,42.691283],[-108.566064,42.691067],[-108.565357,42.690938],[-108.564766,42.690923],[-108.564435,42.690995],[-108.564089,42.691269]]}},{"type":"Feature","properties":{"id":"road-a70","kind":"road","name":"nan","acres":null,"editable":false,"source":"TIGER/UGRC road centerlines"},"geometry":{"type":"LineString","coordinates":[[-108.539228,42.684148],[-108.539829,42.685319],[-108.540217,42.685819],[-108.540821,42.686318],[-108.540945,42.687524],[-108.541654,42.688753],[-108.541759,42.689526],[-108.541681,42.691391],[-108.541856,42.691801],[-108.542219,42.692028],[-108.543102,42.692024],[-108.543923,42.691907],[-108.544226,42.692044],[-108.5444,42.692498],[-108.544731,42.692816],[-108.545874,42.69333],[-108.546422,42.693947]]}},{"type":"Feature","properties":{"id":"road-a71","kind":"road","name":"nan","acres":null,"editable":false,"source":"TIGER/UGRC road centerlines"},"geometry":{"type":"LineString","coordinates":[[-108.69058,42.560004],[-108.694168,42.560072],[-108.696766,42.560347],[-108.697601,42.560552],[-108.698034,42.56085],[-108.698343,42.561375],[-108.698653,42.561535],[-108.700477,42.561535],[-108.701467,42.561627],[-108.701869,42.561764],[-108.701993,42.561878],[-108.701993,42.562427],[-108.70088,42.564371]]}},{"type":"Feature","properties":{"id":"road-a72","kind":"road","name":"nan","acres":null,"editable":false,"source":"TIGER/UGRC road centerlines"},"geometry":{"type":"LineString","coordinates":[[-108.64967,42.761364],[-108.64781,42.761379],[-108.647654,42.761332],[-108.647468,42.761049]]}},{"type":"Feature","properties":{"id":"road-a73","kind":"road","name":"nan","acres":null,"editable":false,"source":"TIGER/UGRC road centerlines"},"geometry":{"type":"LineString","coordinates":[[-108.696023,42.570764],[-108.695219,42.570949],[-108.693835,42.57144],[-108.691722,42.572553],[-108.689043,42.573455],[-108.685623,42.574986],[-108.683663,42.575533],[-108.68106,42.576073],[-108.67753,42.577652],[-108.675122,42.579126],[-108.672279,42.580415],[-108.670035,42.580865],[-108.667204,42.58092],[-108.665154,42.580486]]}},{"type":"Feature","properties":{"id":"road-a74","kind":"road","name":"nan","acres":null,"editable":false,"source":"TIGER/UGRC road centerlines"},"geometry":{"type":"LineString","coordinates":[[-108.720218,42.649184],[-108.718819,42.649515],[-108.716201,42.649767]]}},{"type":"Feature","properties":{"id":"road-a75","kind":"road","name":"nan","acres":null,"editable":false,"source":"TIGER/UGRC road centerlines"},"geometry":{"type":"LineString","coordinates":[[-108.617991,42.74595],[-108.617381,42.746855]]}},{"type":"Feature","properties":{"id":"road-a76","kind":"road","name":"nan","acres":null,"editable":false,"source":"TIGER/UGRC road centerlines"},"geometry":{"type":"LineString","coordinates":[[-108.629829,42.72964],[-108.628903,42.730543],[-108.6286,42.730683],[-108.627704,42.730864]]}},{"type":"Feature","properties":{"id":"road-a77","kind":"road","name":"nan","acres":null,"editable":false,"source":"TIGER/UGRC road centerlines"},"geometry":{"type":"LineString","coordinates":[[-108.689374,42.559707],[-108.689065,42.56117]]}},{"type":"Feature","properties":{"id":"road-a78","kind":"road","name":"Peaks Rd","acres":null,"editable":false,"source":"TIGER/UGRC road centerlines"},"geometry":{"type":"LineString","coordinates":[[-108.681597,42.699913],[-108.68327,42.700304],[-108.685535,42.700649],[-108.686372,42.700879],[-108.687736,42.701452],[-108.689659,42.702942],[-108.69124,42.703904],[-108.692977,42.704546],[-108.694062,42.705577],[-108.69524,42.706492],[-108.696108,42.706882],[-108.697535,42.707113],[-108.698279,42.707388],[-108.70014,42.70835],[-108.701226,42.70874],[-108.703459,42.709337],[-108.704141,42.709612],[-108.704637,42.709955],[-108.706064,42.711467],[-108.706436,42.711764],[-108.707616,42.713208],[-108.709013,42.715131],[-108.709106,42.716321],[-108.710317,42.717787],[-108.710472,42.718566]]}},{"type":"Feature","properties":{"id":"road-a79","kind":"road","name":"Pass Creek Rd","acres":null,"editable":false,"source":"TIGER/UGRC road centerlines"},"geometry":{"type":"LineString","coordinates":[[-108.758032,42.610623],[-108.75877,42.609956],[-108.76118,42.609091]]}},{"type":"Feature","properties":{"id":"road-a80","kind":"road","name":"nan","acres":null,"editable":false,"source":"TIGER/UGRC road centerlines"},"geometry":{"type":"LineString","coordinates":[[-108.530401,42.69888],[-108.530526,42.699074]]}},{"type":"Feature","properties":{"id":"road-a81","kind":"road","name":"nan","acres":null,"editable":false,"source":"TIGER/UGRC road centerlines"},"geometry":{"type":"LineString","coordinates":[[-108.598722,42.604083],[-108.598567,42.604289],[-108.595071,42.605753],[-108.594112,42.606485],[-108.592255,42.608589],[-108.59074,42.610487],[-108.589904,42.612065],[-108.589286,42.613597],[-108.588976,42.61378],[-108.587707,42.6141],[-108.585789,42.615701],[-108.584272,42.617141],[-108.583592,42.61801],[-108.583778,42.619473],[-108.583344,42.620045],[-108.583221,42.620434],[-108.583437,42.620982],[-108.583809,42.621302],[-108.584862,42.621211],[-108.586471,42.620685],[-108.586997,42.62073],[-108.587245,42.62089],[-108.587245,42.621485],[-108.586967,42.622377],[-108.586967,42.6232],[-108.587872,42.625627],[-108.589792,42.627227],[-108.592642,42.630404],[-108.594097,42.63157],[-108.594997,42.632484],[-108.597847,42.635936],[-108.598839,42.637376],[-108.59887,42.637902],[-108.598313,42.638497],[-108.59692,42.639069],[-108.596518,42.639435]]}},{"type":"Feature","properties":{"id":"road-a82","kind":"road","name":"nan","acres":null,"editable":false,"source":"TIGER/UGRC road centerlines"},"geometry":{"type":"LineString","coordinates":[[-108.706965,42.534371],[-108.705667,42.534371],[-108.703843,42.533571],[-108.703224,42.533503],[-108.701369,42.533983],[-108.700782,42.53396],[-108.700009,42.533754],[-108.699391,42.533411],[-108.69837,42.532657],[-108.697598,42.532451],[-108.696423,42.532383],[-108.695124,42.53204],[-108.694104,42.532154],[-108.693115,42.53204],[-108.691908,42.531354],[-108.690919,42.531148],[-108.690146,42.531171],[-108.68993,42.531263],[-108.689219,42.531971],[-108.687457,42.53316],[-108.685942,42.533709],[-108.68387,42.534738],[-108.682912,42.535081],[-108.682263,42.535081],[-108.681768,42.534761],[-108.681552,42.534944],[-108.681521,42.53595],[-108.681644,42.536155],[-108.682077,42.536453],[-108.683468,42.536659],[-108.683994,42.536864],[-108.686714,42.538922],[-108.687085,42.539014]]}},{"type":"Feature","properties":{"id":"road-a83","kind":"road","name":"nan","acres":null,"editable":false,"source":"TIGER/UGRC road centerlines"},"geometry":{"type":"LineString","coordinates":[[-108.769429,42.527161],[-108.769518,42.52691],[-108.76945,42.526611],[-108.769177,42.526424],[-108.769089,42.525961],[-108.769251,42.524958]]}},{"type":"Feature","properties":{"id":"road-a84","kind":"road","name":"nan","acres":null,"editable":false,"source":"TIGER/UGRC road centerlines"},"geometry":{"type":"LineString","coordinates":[[-108.6696,42.591853],[-108.669747,42.59237],[-108.673121,42.594681],[-108.674907,42.595738],[-108.675508,42.595826]]}},{"type":"Feature","properties":{"id":"road-a85","kind":"road","name":"nan","acres":null,"editable":false,"source":"TIGER/UGRC road centerlines"},"geometry":{"type":"LineString","coordinates":[[-108.527297,42.654205],[-108.528258,42.653542],[-108.528846,42.65336],[-108.529837,42.6532],[-108.531759,42.653086],[-108.532347,42.652995],[-108.533277,42.652698],[-108.534268,42.652697],[-108.535166,42.653063],[-108.536652,42.653864],[-108.537395,42.654115],[-108.537829,42.654641],[-108.538324,42.654939],[-108.539377,42.655122],[-108.540585,42.655716],[-108.540926,42.655739]]}},{"type":"Feature","properties":{"id":"road-a86","kind":"road","name":"nan","acres":null,"editable":false,"source":"TIGER/UGRC road centerlines"},"geometry":{"type":"LineString","coordinates":[[-108.713702,42.559921],[-108.714589,42.560478]]}},{"type":"Feature","properties":{"id":"road-a87","kind":"road","name":"nan","acres":null,"editable":false,"source":"TIGER/UGRC road centerlines"},"geometry":{"type":"LineString","coordinates":[[-108.769429,42.527161],[-108.769932,42.527326],[-108.773583,42.529827],[-108.774797,42.530366],[-108.776039,42.53077],[-108.777273,42.53086],[-108.780813,42.530681],[-108.78309,42.530981],[-108.783275,42.532102],[-108.78312,42.532582],[-108.782007,42.534068],[-108.784171,42.533977],[-108.786891,42.534504],[-108.787262,42.534641],[-108.787911,42.535053],[-108.788931,42.53535],[-108.789859,42.535968],[-108.790353,42.536128],[-108.792734,42.535991],[-108.793136,42.53606],[-108.794187,42.535992],[-108.79598,42.535626],[-108.797249,42.535695],[-108.798759,42.535606],[-108.799439,42.535073],[-108.800424,42.534492],[-108.801795,42.534387],[-108.803136,42.534749],[-108.803897,42.534705],[-108.804414,42.534385],[-108.805257,42.53418],[-108.805836,42.533949],[-108.805865,42.53352],[-108.805579,42.532911],[-108.805693,42.532042],[-108.806553,42.531391],[-108.808704,42.530934]]}},{"type":"Feature","properties":{"id":"road-a88","kind":"road","name":"Hollow Rd","acres":null,"editable":false,"source":"TIGER/UGRC road centerlines"},"geometry":{"type":"LineString","coordinates":[[-108.762796,42.545675],[-108.763624,42.545107],[-108.764131,42.544958]]}},{"type":"Feature","properties":{"id":"road-a89","kind":"road","name":"nan","acres":null,"editable":false,"source":"TIGER/UGRC road centerlines"},"geometry":{"type":"LineString","coordinates":[[-108.617631,42.743069],[-108.617414,42.743435],[-108.616949,42.74371],[-108.616775,42.744106],[-108.616747,42.744751],[-108.616608,42.744931],[-108.616131,42.744516]]}},{"type":"Feature","properties":{"id":"road-a90","kind":"road","name":"nan","acres":null,"editable":false,"source":"TIGER/UGRC road centerlines"},"geometry":{"type":"LineString","coordinates":[[-108.720218,42.649184],[-108.720313,42.649412],[-108.721187,42.64998],[-108.722157,42.651279],[-108.722819,42.652852],[-108.722824,42.653535],[-108.72258,42.654081],[-108.721597,42.655084],[-108.720613,42.655607],[-108.719411,42.655581],[-108.719195,42.655672],[-108.718244,42.65672],[-108.717567,42.657267]]}},{"type":"Feature","properties":{"id":"road-a91","kind":"road","name":"nan","acres":null,"editable":false,"source":"TIGER/UGRC road centerlines"},"geometry":{"type":"LineString","coordinates":[[-108.58803,42.729603],[-108.587356,42.730336],[-108.584443,42.733968],[-108.58378,42.734935],[-108.583475,42.735547],[-108.58364,42.736182],[-108.585308,42.737517],[-108.586366,42.738514],[-108.58726,42.739608]]}},{"type":"Feature","properties":{"id":"road-a92","kind":"road","name":"nan","acres":null,"editable":false,"source":"TIGER/UGRC road centerlines"},"geometry":{"type":"LineString","coordinates":[[-108.555149,42.681173],[-108.555529,42.680723],[-108.555844,42.67999],[-108.5561,42.678559]]}},{"type":"Feature","properties":{"id":"road-a93","kind":"road","name":"Calvert Ln","acres":null,"editable":false,"source":"TIGER/UGRC road centerlines"},"geometry":{"type":"LineString","coordinates":[[-108.646584,42.728901],[-108.653026,42.728811],[-108.654782,42.728718],[-108.659744,42.728695],[-108.662784,42.72859]]}},{"type":"Feature","properties":{"id":"road-a94","kind":"road","name":"nan","acres":null,"editable":false,"source":"TIGER/UGRC road centerlines"},"geometry":{"type":"LineString","coordinates":[[-108.722094,42.527998],[-108.72104,42.528297],[-108.720142,42.528708],[-108.719769,42.529053],[-108.719704,42.530311],[-108.719425,42.530723],[-108.718959,42.531021],[-108.717317,42.531503],[-108.715303,42.531939],[-108.713412,42.532559],[-108.711645,42.532904],[-108.709197,42.534027],[-108.707926,42.534301],[-108.706965,42.534371]]}},{"type":"Feature","properties":{"id":"road-a95","kind":"road","name":"nan","acres":null,"editable":false,"source":"TIGER/UGRC road centerlines"},"geometry":{"type":"LineString","coordinates":[[-108.531696,42.620318],[-108.531334,42.620419],[-108.529919,42.621605],[-108.525587,42.624539],[-108.523357,42.625551],[-108.522661,42.626354],[-108.521571,42.628122],[-108.520546,42.629161],[-108.519983,42.630143],[-108.518091,42.63207],[-108.516757,42.633213],[-108.516189,42.633598],[-108.51561,42.634183],[-108.514685,42.6356],[-108.512921,42.638916],[-108.512615,42.639812],[-108.512364,42.641829],[-108.512316,42.644459],[-108.51214,42.645423],[-108.51194,42.645727],[-108.511694,42.64587]]}},{"type":"Feature","properties":{"id":"road-a96","kind":"road","name":"nan","acres":null,"editable":false,"source":"TIGER/UGRC road centerlines"},"geometry":{"type":"LineString","coordinates":[[-108.616791,42.739251],[-108.616235,42.739468],[-108.616068,42.739629],[-108.615951,42.740063],[-108.61516,42.741231],[-108.615019,42.742606],[-108.615206,42.743632],[-108.616131,42.744516]]}},{"type":"Feature","properties":{"id":"road-a97","kind":"road","name":"Forest Rd 352","acres":null,"editable":false,"source":"TIGER/UGRC road centerlines"},"geometry":{"type":"LineString","coordinates":[[-108.857384,42.711579],[-108.856963,42.711577],[-108.856192,42.711277],[-108.855624,42.7108],[-108.855353,42.710432],[-108.854891,42.710205],[-108.85242,42.709866],[-108.849775,42.709082],[-108.848125,42.708839],[-108.847228,42.708784],[-108.847177,42.708648],[-108.847505,42.70829],[-108.847686,42.707902],[-108.847667,42.707702],[-108.846953,42.707161],[-108.846303,42.706499],[-108.845787,42.706584],[-108.845236,42.706866],[-108.84482,42.707226],[-108.84395,42.707105],[-108.843317,42.707208],[-108.842638,42.707419],[-108.842285,42.707386],[-108.841729,42.707554],[-108.841448,42.707424],[-108.841619,42.707138],[-108.841501,42.70699],[-108.838486,42.706671],[-108.838558,42.706516],[-108.839144,42.706326],[-108.839555,42.706085],[-108.840251,42.705278],[-108.840695,42.703785],[-108.840792,42.703031],[-108.841318,42.701584],[-108.842575,42.699541],[-108.842777,42.698916],[-108.84295,42.697858],[-108.842707,42.697075],[-108.842558,42.695161],[-108.842994,42.692781],[-108.843047,42.691332],[-108.84296,42.690418],[-108.842709,42.68962],[-108.842647,42.68811],[-108.842766,42.687118],[-108.842663,42.686619],[-108.84245,42.686341],[-108.841919,42.686039],[-108.841608,42.685494],[-108.840895,42.68487],[-108.839386,42.683976],[-108.837413,42.683339],[-108.837076,42.682965],[-108.836758,42.682403],[-108.836451,42.680667],[-108.835802,42.679814],[-108.835564,42.678532],[-108.835638,42.678107],[-108.836604,42.677017],[-108.836916,42.676211],[-108.835305,42.674829],[-108.833976,42.673947],[-108.832002,42.671693],[-108.831682,42.671527],[-108.829749,42.670958],[-108.827519,42.66977],[-108.826182,42.668825],[-108.824317,42.667951],[-108.823476,42.667366],[-108.822488,42.66702],[-108.821219,42.666392],[-108.819495,42.66582],[-108.818502,42.665326],[-108.816739,42.664658],[-108.816429,42.664361],[-108.815065,42.663605],[-108.815177,42.663422],[-108.81564,42.663366],[-108.816045,42.663205],[-108.816052,42.662922],[-108.815565,42.662333],[-108.814276,42.66152],[-108.813671,42.660796],[-108.813672,42.660617],[-108.813898,42.66037],[-108.815633,42.659352],[-108.815831,42.658558],[-108.816595,42.657733],[-108.817686,42.656942],[-108.818632,42.656453],[-108.819763,42.65539],[-108.820715,42.65465],[-108.820823,42.653583],[-108.821096,42.652964],[-108.821532,42.652319],[-108.821792,42.651589],[-108.822222,42.649222],[-108.821471,42.646171],[-108.820996,42.645192],[-108.820152,42.643945],[-108.81812,42.642587],[-108.817123,42.642285],[-108.815688,42.641718],[-108.811674,42.640733],[-108.810103,42.640461],[-108.806766,42.638972],[-108.806283,42.638927],[-108.805309,42.638973],[-108.801882,42.63925],[-108.799969,42.639177],[-108.798833,42.63898],[-108.798005,42.638546],[-108.797644,42.638083],[-108.796857,42.637345],[-108.796034,42.636766],[-108.795416,42.636001],[-108.794216,42.634894],[-108.793536,42.634691],[-108.792966,42.63435],[-108.79242,42.63418],[-108.792277,42.634155],[-108.792163,42.634268],[-108.792039,42.634652],[-108.791503,42.635281],[-108.79005,42.636299],[-108.78956,42.63615],[-108.788645,42.636161],[-108.787109,42.636055],[-108.786681,42.635953],[-108.785258,42.635283],[-108.784642,42.634797],[-108.784222,42.634224],[-108.783539,42.633969],[-108.78288,42.633399],[-108.782146,42.632958],[-108.780978,42.632349],[-108.780085,42.632088],[-108.779184,42.631627],[-108.7783,42.631313],[-108.777885,42.630989],[-108.776664,42.630366],[-108.776301,42.63005],[-108.775477,42.629918],[-108.774468,42.62994],[-108.773972,42.630096],[-108.77344,42.630134],[-108.771888,42.630093],[-108.771131,42.630413],[-108.77106,42.630529],[-108.770517,42.630795],[-108.770292,42.630829],[-108.769937,42.631144],[-108.76958,42.631297],[-108.768656,42.631315],[-108.768081,42.631512],[-108.767236,42.631387],[-108.765291,42.630394],[-108.76485,42.629598],[-108.764067,42.628525],[-108.763176,42.627712],[-108.763343,42.62689],[-108.762937,42.62628],[-108.762653,42.626025],[-108.762023,42.625778],[-108.761105,42.625181],[-108.75986,42.624702],[-108.758446,42.623953],[-108.757262,42.623484],[-108.756581,42.623338],[-108.755814,42.622617],[-108.754372,42.621874],[-108.753436,42.621564],[-108.752806,42.621606],[-108.75268,42.62128],[-108.752515,42.621137],[-108.749091,42.620218],[-108.748347,42.620098],[-108.747476,42.620078],[-108.74303,42.619184],[-108.742636,42.619041],[-108.742526,42.618845]]}},{"type":"Feature","properties":{"id":"road-a98","kind":"road","name":"nan","acres":null,"editable":false,"source":"TIGER/UGRC road centerlines"},"geometry":{"type":"LineString","coordinates":[[-108.629742,42.723671],[-108.628842,42.723995],[-108.628424,42.724255],[-108.627264,42.72523],[-108.626484,42.725462],[-108.626113,42.725648],[-108.625871,42.725889],[-108.626076,42.726242],[-108.626178,42.726678],[-108.626057,42.727745],[-108.625853,42.728089],[-108.625621,42.728079],[-108.625426,42.7282],[-108.625312,42.728393]]}},{"type":"Feature","properties":{"id":"road-a99","kind":"road","name":"Wagon Hammer Ln","acres":null,"editable":false,"source":"TIGER/UGRC road centerlines"},"geometry":{"type":"LineString","coordinates":[[-108.653201,42.762261],[-108.654734,42.762074],[-108.655268,42.762228],[-108.655424,42.76245],[-108.655429,42.762632],[-108.654826,42.763688]]}},{"type":"Feature","properties":{"id":"road-a100","kind":"road","name":"nan","acres":null,"editable":false,"source":"TIGER/UGRC road centerlines"},"geometry":{"type":"LineString","coordinates":[[-108.708413,42.515849],[-108.708969,42.516901],[-108.708753,42.517975],[-108.707525,42.518497],[-108.706574,42.51946],[-108.706007,42.51987],[-108.705408,42.520045]]}},{"type":"Feature","properties":{"id":"road-a101","kind":"road","name":"nan","acres":null,"editable":false,"source":"TIGER/UGRC road centerlines"},"geometry":{"type":"LineString","coordinates":[[-108.672092,42.583606],[-108.672772,42.5839],[-108.673049,42.584105],[-108.672893,42.584811],[-108.673016,42.584901],[-108.673292,42.585743],[-108.673561,42.58959]]}},{"type":"Feature","properties":{"id":"road-a102","kind":"road","name":"nan","acres":null,"editable":false,"source":"TIGER/UGRC road centerlines"},"geometry":{"type":"LineString","coordinates":[[-108.549012,42.647441],[-108.549135,42.647922],[-108.549295,42.648166],[-108.549044,42.648922],[-108.549256,42.650349],[-108.548577,42.65158],[-108.546842,42.653431],[-108.544426,42.655191],[-108.544147,42.655214]]}},{"type":"Feature","properties":{"id":"road-a103","kind":"road","name":"nan","acres":null,"editable":false,"source":"TIGER/UGRC road centerlines"},"geometry":{"type":"LineString","coordinates":[[-108.731792,42.712001],[-108.731543,42.711612],[-108.731481,42.711201],[-108.731667,42.710652],[-108.731666,42.710057],[-108.731325,42.709875],[-108.730612,42.70976],[-108.728628,42.70983],[-108.727667,42.709921],[-108.726644,42.710219],[-108.725466,42.710723],[-108.722831,42.71157],[-108.721126,42.712371],[-108.720692,42.712417]]}},{"type":"Feature","properties":{"id":"road-a104","kind":"road","name":"nan","acres":null,"editable":false,"source":"TIGER/UGRC road centerlines"},"geometry":{"type":"LineString","coordinates":[[-108.68956,42.559021],[-108.692219,42.559204],[-108.69259,42.559295]]}},{"type":"Feature","properties":{"id":"road-a105","kind":"road","name":"nan","acres":null,"editable":false,"source":"TIGER/UGRC road centerlines"},"geometry":{"type":"LineString","coordinates":[[-108.716201,42.649767],[-108.716235,42.649516],[-108.717863,42.648164],[-108.71846,42.647431],[-108.718587,42.647064],[-108.718018,42.645117],[-108.718028,42.644156],[-108.718442,42.642988],[-108.719009,42.642049],[-108.720044,42.641041],[-108.721295,42.640193],[-108.721922,42.639574],[-108.723181,42.637581],[-108.723746,42.637031],[-108.724162,42.636922],[-108.724276,42.638986],[-108.724906,42.642155],[-108.725171,42.643014],[-108.725279,42.643894],[-108.725243,42.644667],[-108.724712,42.645629],[-108.724036,42.646374],[-108.72235,42.647625],[-108.721545,42.648045],[-108.72102,42.648629],[-108.720218,42.649184]]}},{"type":"Feature","properties":{"id":"road-a106","kind":"road","name":"View Cir","acres":null,"editable":false,"source":"TIGER/UGRC road centerlines"},"geometry":{"type":"LineString","coordinates":[[-108.675898,42.708777],[-108.675526,42.709068],[-108.674995,42.709298],[-108.673859,42.709384]]}},{"type":"Feature","properties":{"id":"road-a107","kind":"road","name":"Wolf Trl","acres":null,"editable":false,"source":"TIGER/UGRC road centerlines"},"geometry":{"type":"LineString","coordinates":[[-108.857384,42.711579],[-108.856963,42.711577],[-108.856192,42.711277],[-108.855624,42.7108],[-108.855353,42.710432],[-108.854891,42.710205],[-108.85242,42.709866],[-108.849775,42.709082],[-108.848125,42.708839],[-108.847228,42.708784],[-108.847177,42.708648],[-108.847505,42.70829],[-108.847686,42.707902],[-108.847667,42.707702],[-108.846953,42.707161],[-108.846505,42.706628],[-108.846201,42.70649],[-108.84596,42.70652],[-108.845372,42.706789],[-108.84482,42.707226],[-108.84395,42.707105],[-108.843317,42.707208],[-108.842638,42.707419],[-108.842285,42.707386],[-108.840287,42.708133],[-108.838344,42.708704],[-108.836629,42.709058],[-108.833268,42.709306],[-108.832122,42.709603],[-108.830788,42.710442],[-108.830166,42.710965],[-108.829794,42.711094],[-108.829522,42.711086],[-108.828082,42.710156],[-108.827837,42.710073],[-108.827648,42.709748],[-108.827102,42.707711],[-108.826444,42.707131],[-108.825819,42.706735],[-108.824944,42.706429],[-108.822976,42.706228],[-108.821852,42.705897],[-108.820257,42.704872],[-108.819414,42.704612],[-108.818227,42.70451],[-108.818164,42.70444],[-108.815901,42.704806],[-108.812491,42.704806],[-108.810135,42.70508],[-108.805763,42.705172],[-108.805267,42.705263],[-108.804244,42.705606],[-108.803345,42.706086],[-108.800306,42.708029],[-108.799748,42.708303],[-108.799407,42.70828],[-108.799346,42.707206],[-108.799811,42.705811],[-108.80099,42.703799],[-108.802416,42.702519],[-108.803253,42.701284],[-108.803249,42.700914],[-108.803431,42.700613],[-108.804379,42.69964],[-108.80437,42.698998],[-108.803998,42.698655],[-108.803842,42.698174],[-108.804677,42.694972],[-108.804738,42.694399],[-108.804552,42.693987],[-108.804274,42.693713],[-108.802599,42.693437],[-108.801855,42.693209],[-108.80142,42.692865],[-108.801234,42.692453],[-108.801171,42.691103],[-108.801357,42.690257],[-108.801388,42.689548],[-108.801263,42.689227],[-108.801108,42.689113],[-108.800271,42.68893],[-108.79959,42.688518],[-108.799125,42.688519],[-108.798536,42.688679],[-108.798009,42.689136],[-108.797731,42.689526],[-108.797762,42.68964],[-108.797452,42.690372],[-108.796616,42.691447],[-108.796406,42.692375],[-108.79609,42.692706],[-108.795377,42.693071],[-108.794138,42.693369],[-108.790699,42.693804],[-108.788685,42.694262],[-108.788647,42.693144],[-108.788466,42.692989],[-108.787072,42.692578],[-108.786317,42.692092],[-108.785862,42.691895],[-108.784642,42.691731],[-108.784363,42.69158],[-108.7835,42.690841],[-108.782517,42.690474],[-108.782103,42.690187],[-108.781992,42.689598],[-108.781481,42.689168],[-108.781584,42.688484],[-108.78239,42.687887],[-108.78241,42.687533],[-108.78215,42.68713],[-108.781681,42.686805],[-108.781188,42.686806],[-108.780015,42.686994],[-108.779552,42.686859],[-108.778659,42.686337],[-108.778011,42.686226],[-108.777764,42.686067],[-108.777551,42.685476],[-108.777713,42.684316],[-108.77753,42.683839],[-108.776085,42.682521],[-108.775684,42.682386],[-108.773431,42.682006],[-108.772906,42.681848],[-108.772506,42.681553],[-108.77223,42.681144],[-108.772052,42.680052],[-108.772241,42.679598],[-108.772679,42.678939],[-108.772717,42.677961],[-108.772997,42.677712],[-108.774461,42.677193],[-108.775521,42.676491],[-108.775647,42.67624]]}},{"type":"Feature","properties":{"id":"road-a108","kind":"road","name":"nan","acres":null,"editable":false,"source":"TIGER/UGRC road centerlines"},"geometry":{"type":"LineString","coordinates":[[-108.597244,42.555725],[-108.596595,42.555931],[-108.596131,42.556274],[-108.59508,42.557396],[-108.594462,42.55767],[-108.593812,42.558288],[-108.59338,42.559019],[-108.592359,42.559706],[-108.591927,42.560277],[-108.591216,42.562152],[-108.590042,42.564325],[-108.589485,42.564622],[-108.588032,42.56508],[-108.587104,42.565651]]}},{"type":"Feature","properties":{"id":"road-a109","kind":"road","name":"nan","acres":null,"editable":false,"source":"TIGER/UGRC road centerlines"},"geometry":{"type":"LineString","coordinates":[[-108.705408,42.520045],[-108.705095,42.519149],[-108.705037,42.51815],[-108.704458,42.516939]]}},{"type":"Feature","properties":{"id":"road-a110","kind":"road","name":"Limestone Mountain Rd","acres":null,"editable":false,"source":"TIGER/UGRC road centerlines"},"geometry":{"type":"LineString","coordinates":[[-108.699045,42.566948],[-108.699842,42.567479],[-108.700004,42.567509],[-108.700159,42.567421],[-108.70048,42.566917],[-108.700835,42.566556],[-108.701327,42.566282],[-108.70237,42.565889],[-108.704094,42.565574],[-108.706274,42.565611],[-108.707719,42.565817],[-108.709576,42.566274],[-108.713663,42.567655],[-108.714798,42.567954],[-108.715524,42.56836],[-108.71815,42.570431],[-108.719923,42.572103],[-108.720917,42.572727],[-108.724685,42.574094],[-108.726108,42.574691],[-108.728436,42.575464],[-108.731213,42.575989],[-108.733397,42.57626],[-108.734416,42.576588],[-108.735469,42.577142],[-108.737916,42.578897],[-108.741013,42.581886],[-108.743447,42.583457],[-108.746197,42.584903],[-108.747702,42.585603],[-108.748812,42.585881],[-108.750365,42.586009],[-108.751122,42.586273],[-108.751786,42.586793],[-108.752352,42.587523],[-108.752713,42.5881],[-108.753215,42.58924],[-108.754104,42.594106],[-108.756079,42.598224],[-108.756614,42.600697],[-108.75667,42.601456],[-108.756587,42.602205],[-108.75615,42.603567],[-108.755633,42.604494],[-108.755061,42.605267],[-108.754517,42.605798],[-108.753935,42.606009],[-108.753873,42.606247],[-108.753994,42.606314],[-108.754366,42.606215],[-108.75466,42.606013],[-108.755872,42.605535],[-108.756633,42.605097],[-108.759233,42.603095],[-108.759427,42.602834],[-108.75953,42.602454],[-108.759701,42.602423],[-108.759894,42.602575],[-108.759668,42.603663],[-108.758999,42.605483],[-108.758893,42.605986],[-108.758892,42.606747],[-108.758781,42.606978],[-108.758238,42.607462],[-108.755973,42.608786],[-108.754537,42.609351],[-108.754177,42.609579],[-108.753433,42.609726],[-108.753298,42.609956],[-108.752705,42.61048],[-108.752047,42.610858],[-108.750906,42.611829],[-108.749622,42.613498],[-108.748223,42.614614],[-108.747672,42.614875],[-108.74772,42.615391],[-108.748322,42.616246],[-108.748233,42.616636],[-108.747798,42.616934],[-108.746442,42.617318],[-108.745865,42.617326],[-108.744806,42.617158],[-108.744511,42.617214],[-108.744306,42.617319],[-108.744223,42.61747],[-108.744408,42.617841],[-108.744304,42.618053],[-108.74305,42.618402],[-108.742006,42.619208],[-108.740778,42.619459],[-108.740425,42.619665],[-108.740158,42.619701],[-108.739756,42.61963],[-108.738796,42.619094],[-108.736086,42.6183],[-108.733512,42.617874],[-108.73083,42.61685],[-108.730313,42.616738],[-108.728966,42.616881],[-108.72749,42.616855],[-108.726238,42.616947],[-108.725077,42.616879],[-108.724199,42.617075],[-108.723063,42.617552],[-108.721884,42.617944],[-108.721529,42.618357],[-108.720185,42.619455],[-108.719989,42.620102],[-108.720024,42.62051],[-108.720332,42.620984],[-108.720794,42.621391],[-108.722616,42.622377],[-108.722839,42.622667],[-108.723332,42.62378],[-108.723784,42.624173],[-108.724055,42.624597],[-108.724593,42.62507]]}},{"type":"Feature","properties":{"id":"road-a111","kind":"road","name":"nan","acres":null,"editable":false,"source":"TIGER/UGRC road centerlines"},"geometry":{"type":"LineString","coordinates":[[-108.701643,42.724655],[-108.701859,42.724797],[-108.702816,42.72447],[-108.703902,42.725056],[-108.703781,42.725595],[-108.702866,42.726638],[-108.702875,42.726909],[-108.702973,42.72702],[-108.703277,42.727112],[-108.703954,42.727059],[-108.704777,42.727134],[-108.70583,42.72667],[-108.709234,42.725842],[-108.711786,42.725768],[-108.712832,42.725596],[-108.714117,42.725582],[-108.714656,42.725495]]}},{"type":"Feature","properties":{"id":"road-a112","kind":"road","name":"nan","acres":null,"editable":false,"source":"TIGER/UGRC road centerlines"},"geometry":{"type":"LineString","coordinates":[[-108.616509,42.737422],[-108.616137,42.73756],[-108.6153,42.738292]]}},{"type":"Feature","properties":{"id":"road-a113","kind":"road","name":"nan","acres":null,"editable":false,"source":"TIGER/UGRC road centerlines"},"geometry":{"type":"LineString","coordinates":[[-108.719887,42.564601],[-108.721278,42.563942]]}},{"type":"Feature","properties":{"id":"road-a114","kind":"road","name":"Harvey Morgan Ln","acres":null,"editable":false,"source":"TIGER/UGRC road centerlines"},"geometry":{"type":"LineString","coordinates":[[-108.659248,42.765524],[-108.659242,42.76367]]}},{"type":"Feature","properties":{"id":"road-a115","kind":"road","name":"nan","acres":null,"editable":false,"source":"TIGER/UGRC road centerlines"},"geometry":{"type":"LineString","coordinates":[[-108.649655,42.759208],[-108.648046,42.759258]]}},{"type":"Feature","properties":{"id":"road-a116","kind":"road","name":"Harvey Morgan Ln","acres":null,"editable":false,"source":"TIGER/UGRC road centerlines"},"geometry":{"type":"LineString","coordinates":[[-108.659242,42.76367],[-108.660366,42.763538]]}},{"type":"Feature","properties":{"id":"road-a117","kind":"road","name":"Field Station Rd","acres":null,"editable":false,"source":"TIGER/UGRC road centerlines"},"geometry":{"type":"LineString","coordinates":[[-108.775484,42.774074],[-108.775384,42.774484],[-108.774631,42.775157],[-108.774551,42.775489],[-108.775337,42.775896],[-108.776541,42.77628]]}},{"type":"Feature","properties":{"id":"road-a118","kind":"road","name":"Harvey Morgan Ln","acres":null,"editable":false,"source":"TIGER/UGRC road centerlines"},"geometry":{"type":"LineString","coordinates":[[-108.659242,42.76367],[-108.659242,42.763646]]}},{"type":"Feature","properties":{"id":"road-a119","kind":"road","name":"nan","acres":null,"editable":false,"source":"TIGER/UGRC road centerlines"},"geometry":{"type":"LineString","coordinates":[[-108.616791,42.739251],[-108.617377,42.739694],[-108.616938,42.740826],[-108.616749,42.74182],[-108.617135,42.742521],[-108.617631,42.743069]]}},{"type":"Feature","properties":{"id":"road-a120","kind":"road","name":"nan","acres":null,"editable":false,"source":"TIGER/UGRC road centerlines"},"geometry":{"type":"LineString","coordinates":[[-108.75994,42.524399],[-108.760201,42.52488]]}},{"type":"Feature","properties":{"id":"road-a121","kind":"road","name":"nan","acres":null,"editable":false,"source":"TIGER/UGRC road centerlines"},"geometry":{"type":"LineString","coordinates":[[-108.617306,42.642817],[-108.617631,42.642431],[-108.617577,42.64172],[-108.617187,42.640938],[-108.616722,42.639275],[-108.616974,42.638992],[-108.617569,42.63863],[-108.617683,42.638309],[-108.620453,42.635994],[-108.620964,42.635723],[-108.622902,42.634201],[-108.623405,42.633591],[-108.623459,42.633339],[-108.62336,42.633247],[-108.621704,42.632866],[-108.62043,42.632462],[-108.619881,42.631962],[-108.619843,42.630825],[-108.620064,42.630188],[-108.620667,42.629665],[-108.620682,42.629417],[-108.620232,42.628849],[-108.619713,42.628532],[-108.619293,42.628078],[-108.618805,42.627396],[-108.618484,42.626373],[-108.617424,42.625084],[-108.616081,42.623806],[-108.614777,42.622055],[-108.614067,42.621601],[-108.613847,42.621536]]}},{"type":"Feature","properties":{"id":"road-a122","kind":"road","name":"Atlantic City Rd","acres":null,"editable":false,"source":"TIGER/UGRC road centerlines"},"geometry":{"type":"LineString","coordinates":[[-108.727083,42.496052],[-108.725389,42.497296],[-108.724265,42.497916],[-108.72386,42.498334],[-108.723555,42.498845],[-108.723672,42.501301],[-108.723816,42.501647],[-108.724265,42.502271],[-108.724629,42.503579],[-108.725388,42.504539],[-108.725723,42.506279],[-108.726235,42.507394],[-108.726262,42.508325],[-108.726088,42.50901],[-108.725545,42.509725],[-108.724442,42.510856],[-108.723297,42.511734],[-108.722803,42.512416],[-108.722569,42.513131],[-108.722596,42.514674],[-108.722495,42.515239],[-108.721386,42.517184],[-108.720506,42.519075],[-108.720294,42.519865],[-108.720245,42.520598],[-108.720636,42.521709],[-108.720765,42.523283],[-108.720969,42.52364],[-108.721642,42.524288],[-108.721756,42.524664],[-108.721648,42.524877],[-108.721407,42.525075],[-108.720282,42.525475],[-108.720102,42.525675],[-108.720046,42.525969],[-108.720238,42.526306],[-108.72044,42.52647],[-108.721631,42.527118],[-108.722344,42.52736]]}},{"type":"Feature","properties":{"id":"road-a123","kind":"road","name":"nan","acres":null,"editable":false,"source":"TIGER/UGRC road centerlines"},"geometry":{"type":"LineString","coordinates":[[-108.570013,42.674444],[-108.570106,42.674901],[-108.570384,42.675176],[-108.570384,42.675359],[-108.570849,42.675747]]}},{"type":"Feature","properties":{"id":"road-a124","kind":"road","name":"nan","acres":null,"editable":false,"source":"TIGER/UGRC road centerlines"},"geometry":{"type":"LineString","coordinates":[[-108.513537,42.662002],[-108.512474,42.662265],[-108.511535,42.662648],[-108.510908,42.66301],[-108.510466,42.663508],[-108.509988,42.664371],[-108.509911,42.665417],[-108.510553,42.668279],[-108.51051,42.669142],[-108.510095,42.669959],[-108.509016,42.671639],[-108.508948,42.672139],[-108.509246,42.672957],[-108.509794,42.673433],[-108.511021,42.673588],[-108.511111,42.67386],[-108.510792,42.674518],[-108.510755,42.674859],[-108.511675,42.675266],[-108.512962,42.675695],[-108.513014,42.676399],[-108.512747,42.677784],[-108.512624,42.679942],[-108.512852,42.681397],[-108.513213,42.6821],[-108.514739,42.683348],[-108.515217,42.684666],[-108.51561,42.685233],[-108.51677,42.686208],[-108.518355,42.687752],[-108.520099,42.688907],[-108.520492,42.68952],[-108.520368,42.691815],[-108.520514,42.692496],[-108.520784,42.693132],[-108.52267,42.695334],[-108.523524,42.696173],[-108.526182,42.698146],[-108.526456,42.698509]]}},{"type":"Feature","properties":{"id":"road-a125","kind":"road","name":"nan","acres":null,"editable":false,"source":"TIGER/UGRC road centerlines"},"geometry":{"type":"LineString","coordinates":[[-108.551504,42.645627],[-108.550622,42.647762],[-108.550467,42.64783]]}},{"type":"Feature","properties":{"id":"road-a126","kind":"road","name":"nan","acres":null,"editable":false,"source":"TIGER/UGRC road centerlines"},"geometry":{"type":"LineString","coordinates":[[-108.716201,42.649767],[-108.715706,42.649905],[-108.714683,42.649905],[-108.713785,42.649768],[-108.711896,42.649791],[-108.710626,42.649654],[-108.710007,42.649837]]}},{"type":"Feature","properties":{"id":"road-a127","kind":"road","name":"nan","acres":null,"editable":false,"source":"TIGER/UGRC road centerlines"},"geometry":{"type":"LineString","coordinates":[[-108.530401,42.69888],[-108.531122,42.698841],[-108.532983,42.699315],[-108.533571,42.699765],[-108.536944,42.700536],[-108.537455,42.700568],[-108.538272,42.70105],[-108.538838,42.701726],[-108.540188,42.702763],[-108.540635,42.702884],[-108.541331,42.702706],[-108.541494,42.703197],[-108.542257,42.703856],[-108.542953,42.704218],[-108.543803,42.704934],[-108.545536,42.706606],[-108.546179,42.707547],[-108.5468,42.708239]]}},{"type":"Feature","properties":{"id":"road-a128","kind":"road","name":"nan","acres":null,"editable":false,"source":"TIGER/UGRC road centerlines"},"geometry":{"type":"LineString","coordinates":[[-108.627493,42.627921],[-108.627941,42.627906],[-108.628576,42.628054],[-108.629078,42.62831],[-108.631046,42.629795],[-108.632056,42.63072],[-108.632787,42.631236],[-108.635276,42.63206],[-108.635407,42.632318],[-108.635389,42.632538],[-108.63484,42.633227],[-108.634812,42.633526],[-108.63497,42.633755],[-108.634942,42.634032],[-108.634361,42.634697],[-108.634334,42.635134],[-108.634522,42.635272],[-108.636489,42.635028],[-108.638612,42.634876],[-108.640266,42.634906],[-108.640765,42.635045],[-108.640524,42.635688],[-108.640498,42.636125],[-108.640747,42.63624],[-108.642309,42.63595],[-108.642745,42.635951],[-108.642902,42.636043],[-108.642971,42.63687],[-108.643411,42.637238],[-108.644597,42.637747],[-108.648002,42.638973],[-108.649564,42.639436],[-108.650782,42.639967],[-108.651283,42.640336],[-108.653222,42.641351],[-108.653658,42.641398],[-108.653572,42.640875],[-108.653206,42.640374],[-108.653088,42.639919],[-108.652814,42.63951],[-108.650954,42.634344],[-108.650478,42.632728],[-108.65076,42.632432],[-108.651166,42.632297]]}},{"type":"Feature","properties":{"id":"road-a129","kind":"road","name":"Snow Creek Ln","acres":null,"editable":false,"source":"TIGER/UGRC road centerlines"},"geometry":{"type":"LineString","coordinates":[[-108.722726,42.563092],[-108.724734,42.563923],[-108.72502,42.564145]]}},{"type":"Feature","properties":{"id":"road-a130","kind":"road","name":"Dallas Dome Rd","acres":null,"editable":false,"source":"TIGER/UGRC road centerlines"},"geometry":{"type":"LineString","coordinates":[[-108.63192,42.729887],[-108.631922,42.735503],[-108.63217,42.736271],[-108.633037,42.737372],[-108.633011,42.737539],[-108.632542,42.737672],[-108.629469,42.738061],[-108.624825,42.739592],[-108.623927,42.740267],[-108.623418,42.74049],[-108.620468,42.741225],[-108.619972,42.741468],[-108.619285,42.742029],[-108.61863,42.742965]]}},{"type":"Feature","properties":{"id":"road-a131","kind":"road","name":"nan","acres":null,"editable":false,"source":"TIGER/UGRC road centerlines"},"geometry":{"type":"LineString","coordinates":[[-108.714589,42.560478],[-108.715324,42.561167],[-108.716407,42.561784],[-108.719235,42.562828]]}},{"type":"Feature","properties":{"id":"road-a132","kind":"road","name":"nan","acres":null,"editable":false,"source":"TIGER/UGRC road centerlines"},"geometry":{"type":"LineString","coordinates":[[-108.688232,42.637355],[-108.687189,42.63982],[-108.685648,42.64233],[-108.683492,42.644017],[-108.682806,42.644336],[-108.681715,42.644539],[-108.681123,42.644745],[-108.680748,42.644996],[-108.677442,42.646384],[-108.674884,42.647134],[-108.674105,42.647545],[-108.672916,42.648616],[-108.672508,42.649165],[-108.672349,42.649644],[-108.672342,42.650443],[-108.672215,42.650899],[-108.671146,42.65245],[-108.671173,42.652998],[-108.671724,42.653569],[-108.672152,42.654254],[-108.672142,42.655258],[-108.671733,42.655941],[-108.67036,42.656557],[-108.670017,42.65683],[-108.668666,42.658792],[-108.668283,42.660115],[-108.668195,42.66306],[-108.668037,42.663401],[-108.66738,42.663948],[-108.666877,42.66477],[-108.666833,42.666299],[-108.665982,42.667736],[-108.664385,42.669515],[-108.662376,42.672093],[-108.661687,42.672868],[-108.660451,42.673463],[-108.660175,42.673843],[-108.660003,42.674416]]}},{"type":"Feature","properties":{"id":"road-a133","kind":"road","name":"Trapper Dr","acres":null,"editable":false,"source":"TIGER/UGRC road centerlines"},"geometry":{"type":"LineString","coordinates":[[-108.64979,42.765328],[-108.649743,42.766369],[-108.649571,42.766524],[-108.648746,42.766812],[-108.648662,42.767297]]}},{"type":"Feature","properties":{"id":"road-a134","kind":"road","name":"nan","acres":null,"editable":false,"source":"TIGER/UGRC road centerlines"},"geometry":{"type":"LineString","coordinates":[[-108.531696,42.620318],[-108.532632,42.62057],[-108.532789,42.62088],[-108.533026,42.620988],[-108.533891,42.621038],[-108.534786,42.621695],[-108.535385,42.621682],[-108.535789,42.621512],[-108.536749,42.62082],[-108.536962,42.620231],[-108.537132,42.620134],[-108.537697,42.620145],[-108.538165,42.620272],[-108.538632,42.620169],[-108.53963,42.620307],[-108.540131,42.62088],[-108.542094,42.620747],[-108.54263,42.620917],[-108.542678,42.621381],[-108.542594,42.621758],[-108.543031,42.622331],[-108.543202,42.622774],[-108.543212,42.624368],[-108.544032,42.626497],[-108.544542,42.627492],[-108.54478,42.628289],[-108.544765,42.630237],[-108.544837,42.630325],[-108.545339,42.630176],[-108.546021,42.629323],[-108.546984,42.628584],[-108.547152,42.628512],[-108.54775,42.628499],[-108.547991,42.628674],[-108.548181,42.628983],[-108.548115,42.629536],[-108.547236,42.631036],[-108.547165,42.631832],[-108.547241,42.632873],[-108.546989,42.633691],[-108.546235,42.634592],[-108.54612,42.634946],[-108.546141,42.635454],[-108.546466,42.635852],[-108.546535,42.636516],[-108.545514,42.638413],[-108.545612,42.639365],[-108.544959,42.641332],[-108.545142,42.642195],[-108.545173,42.643391],[-108.545314,42.643855],[-108.547227,42.645459],[-108.548383,42.646892],[-108.549012,42.647441]]}},{"type":"Feature","properties":{"id":"road-a135","kind":"road","name":"nan","acres":null,"editable":false,"source":"TIGER/UGRC road centerlines"},"geometry":{"type":"LineString","coordinates":[[-108.59126,42.520859],[-108.589746,42.521476],[-108.588664,42.522094],[-108.587799,42.522437],[-108.586655,42.522643],[-108.582513,42.52269],[-108.581988,42.522827],[-108.580937,42.523604],[-108.579176,42.524199],[-108.578094,42.524451],[-108.573921,42.524794],[-108.572716,42.525023],[-108.571789,42.52532],[-108.57049,42.525595],[-108.568852,42.526144],[-108.564926,42.527036],[-108.564246,42.526991],[-108.563535,42.52683]]}},{"type":"Feature","properties":{"id":"road-a136","kind":"road","name":"nan","acres":null,"editable":false,"source":"TIGER/UGRC road centerlines"},"geometry":{"type":"LineString","coordinates":[[-108.557414,42.535084],[-108.557444,42.535496],[-108.558063,42.53593],[-108.559639,42.53625],[-108.559918,42.53641],[-108.560227,42.537005],[-108.560196,42.537394],[-108.559979,42.537942],[-108.558526,42.539428],[-108.558279,42.539817],[-108.55834,42.540343],[-108.558495,42.540617],[-108.559546,42.541166],[-108.559732,42.541349],[-108.559979,42.542195],[-108.560226,42.542584],[-108.56069,42.542927],[-108.562732,42.543201],[-108.563535,42.54343],[-108.563937,42.544024],[-108.563937,42.544207],[-108.563288,42.544962],[-108.561402,42.546356],[-108.559731,42.548345],[-108.558711,42.549123],[-108.557505,42.549808],[-108.556979,42.550334]]}},{"type":"Feature","properties":{"id":"road-a137","kind":"road","name":"nan","acres":null,"editable":false,"source":"TIGER/UGRC road centerlines"},"geometry":{"type":"LineString","coordinates":[[-108.614685,42.744579],[-108.615356,42.744558]]}},{"type":"Feature","properties":{"id":"road-a138","kind":"road","name":"nan","acres":null,"editable":false,"source":"TIGER/UGRC road centerlines"},"geometry":{"type":"LineString","coordinates":[[-108.644879,42.586976],[-108.644121,42.58708],[-108.642938,42.587846],[-108.641985,42.58802],[-108.641047,42.588584],[-108.640658,42.588971],[-108.63794,42.589589],[-108.637135,42.589657],[-108.636701,42.589611],[-108.636299,42.589268],[-108.635835,42.588535],[-108.635742,42.587598],[-108.635617,42.587346],[-108.634999,42.587025],[-108.633016,42.586841],[-108.630818,42.586427],[-108.628651,42.585831],[-108.628403,42.585556],[-108.628062,42.584549],[-108.626948,42.583314],[-108.626979,42.582833],[-108.627102,42.582535],[-108.627783,42.581895],[-108.628061,42.581484],[-108.628092,42.581118],[-108.627875,42.580866],[-108.626792,42.580614],[-108.623889,42.580572],[-108.618945,42.580593],[-108.618202,42.580731],[-108.616654,42.579863],[-108.615602,42.578857],[-108.614673,42.578309],[-108.614364,42.57824],[-108.611269,42.57854],[-108.608485,42.578632],[-108.607464,42.578747],[-108.60632,42.579228],[-108.604681,42.580257],[-108.602949,42.581104],[-108.601433,42.581424],[-108.599732,42.581333],[-108.596298,42.581837],[-108.594101,42.581929],[-108.592802,42.581769],[-108.590203,42.581038]]}},{"type":"Feature","properties":{"id":"road-a139","kind":"road","name":"nan","acres":null,"editable":false,"source":"TIGER/UGRC road centerlines"},"geometry":{"type":"LineString","coordinates":[[-108.545263,42.694358],[-108.54558,42.694526],[-108.545726,42.695351],[-108.546067,42.696059]]}},{"type":"Feature","properties":{"id":"road-a140","kind":"road","name":"Mother Way","acres":null,"editable":false,"source":"TIGER/UGRC road centerlines"},"geometry":{"type":"LineString","coordinates":[[-108.76141,42.550711],[-108.761749,42.550781],[-108.762246,42.551042],[-108.76283,42.551476],[-108.763368,42.552031],[-108.763422,42.552505],[-108.763163,42.553436],[-108.763056,42.554461],[-108.764471,42.555528],[-108.764859,42.555636]]}},{"type":"Feature","properties":{"id":"road-a141","kind":"road","name":"Peaks Rd","acres":null,"editable":false,"source":"TIGER/UGRC road centerlines"},"geometry":{"type":"LineString","coordinates":[[-108.795978,42.667853],[-108.794016,42.669225],[-108.793192,42.670249],[-108.79258,42.670775],[-108.79126,42.671527],[-108.790308,42.671735],[-108.788955,42.671839],[-108.78831,42.672062],[-108.786688,42.673451],[-108.785276,42.674274],[-108.782789,42.675285],[-108.781587,42.675574],[-108.780103,42.675646],[-108.779155,42.675793],[-108.778174,42.676117],[-108.775647,42.67624],[-108.775137,42.676103],[-108.772723,42.676275],[-108.771829,42.676632],[-108.77132,42.676747],[-108.770265,42.676771],[-108.769639,42.676866],[-108.768691,42.677168],[-108.765316,42.678558],[-108.763539,42.679207],[-108.762706,42.67928],[-108.759678,42.678562],[-108.757603,42.677819],[-108.755081,42.677237],[-108.754341,42.676967],[-108.753724,42.676582],[-108.753056,42.675968],[-108.752657,42.6754],[-108.752216,42.674492],[-108.751491,42.673735],[-108.751018,42.673408],[-108.748765,42.672289],[-108.747728,42.671593],[-108.747042,42.67161],[-108.746709,42.671812],[-108.745933,42.67292],[-108.745205,42.67328],[-108.743663,42.673655],[-108.743196,42.673948],[-108.74258,42.67458],[-108.741721,42.674961],[-108.740868,42.675184],[-108.739937,42.675724],[-108.738796,42.67658],[-108.737509,42.677071],[-108.736262,42.677359],[-108.735054,42.677497],[-108.734,42.677794],[-108.73208,42.678755],[-108.728083,42.680266],[-108.727278,42.6807],[-108.726875,42.681021],[-108.726411,42.681867],[-108.725977,42.682233],[-108.723778,42.683445],[-108.721547,42.684864],[-108.720091,42.685275],[-108.719533,42.685527],[-108.718294,42.686282],[-108.717178,42.686808],[-108.714698,42.687632],[-108.711011,42.68841],[-108.710484,42.688684],[-108.709988,42.689439],[-108.709988,42.689919],[-108.70971,42.690628],[-108.709586,42.690742],[-108.709586,42.691086],[-108.709276,42.691772],[-108.708501,42.692458],[-108.708006,42.69255]]}},{"type":"Feature","properties":{"id":"road-a142","kind":"road","name":"nan","acres":null,"editable":false,"source":"TIGER/UGRC road centerlines"},"geometry":{"type":"LineString","coordinates":[[-108.596329,42.646573],[-108.594725,42.647095],[-108.594044,42.647736],[-108.593889,42.647759],[-108.593363,42.648193],[-108.593116,42.649085]]}},{"type":"Feature","properties":{"id":"road-a143","kind":"road","name":"nan","acres":null,"editable":false,"source":"TIGER/UGRC road centerlines"},"geometry":{"type":"LineString","coordinates":[[-108.600829,42.6504],[-108.599677,42.650717],[-108.598096,42.651795],[-108.597254,42.652441],[-108.596724,42.653452],[-108.596357,42.653745],[-108.595432,42.653817],[-108.594799,42.653668],[-108.594597,42.653371],[-108.594368,42.652699],[-108.594283,42.651963],[-108.593957,42.651466],[-108.593917,42.650375]]}},{"type":"Feature","properties":{"id":"road-a144","kind":"road","name":"nan","acres":null,"editable":false,"source":"TIGER/UGRC road centerlines"},"geometry":{"type":"LineString","coordinates":[[-108.61863,42.742965],[-108.617631,42.743069]]}},{"type":"Feature","properties":{"id":"road-a145","kind":"road","name":"nan","acres":null,"editable":false,"source":"TIGER/UGRC road centerlines"},"geometry":{"type":"LineString","coordinates":[[-108.59677,42.760985],[-108.595095,42.762294],[-108.592523,42.7653],[-108.591501,42.767178],[-108.590355,42.769032],[-108.589455,42.769891],[-108.589301,42.770276],[-108.5893,42.770751],[-108.589892,42.771814],[-108.589908,42.772264],[-108.589367,42.77298],[-108.589096,42.773099],[-108.587784,42.774961],[-108.586832,42.775905],[-108.585945,42.776639],[-108.585118,42.777536],[-108.585137,42.778216],[-108.586366,42.782162],[-108.589338,42.78516],[-108.59004,42.785566],[-108.591874,42.786245],[-108.593552,42.787177],[-108.594775,42.787615],[-108.596971,42.789019],[-108.598496,42.789879],[-108.598617,42.790067]]}},{"type":"Feature","properties":{"id":"road-a146","kind":"road","name":"nan","acres":null,"editable":false,"source":"TIGER/UGRC road centerlines"},"geometry":{"type":"LineString","coordinates":[[-108.764859,42.555636],[-108.764192,42.55687],[-108.764406,42.557053],[-108.766357,42.557848],[-108.76944,42.559611],[-108.770535,42.560076],[-108.771113,42.560218],[-108.771957,42.560291],[-108.776246,42.559976],[-108.777226,42.560005],[-108.779395,42.560499],[-108.782298,42.560472],[-108.783314,42.560663],[-108.783631,42.560894],[-108.783998,42.561587],[-108.784497,42.562004],[-108.784944,42.562213],[-108.786293,42.562291],[-108.786801,42.562407],[-108.787046,42.56257],[-108.787255,42.562986],[-108.787741,42.563265],[-108.788618,42.563201],[-108.790603,42.562461],[-108.792979,42.561907],[-108.793958,42.561982],[-108.794532,42.562514],[-108.79464,42.563368],[-108.79437,42.564107],[-108.793179,42.565867],[-108.793334,42.566351],[-108.793751,42.566607],[-108.795642,42.566482],[-108.795914,42.566553],[-108.796166,42.566783],[-108.796267,42.567338],[-108.795876,42.568078],[-108.795931,42.568518],[-108.796459,42.568911],[-108.798172,42.569632],[-108.799393,42.569891],[-108.800077,42.570148],[-108.801045,42.570682],[-108.802574,42.571103],[-108.804126,42.570996],[-108.804852,42.570667],[-108.80569,42.570864],[-108.806618,42.571696],[-108.807506,42.572008],[-108.808405,42.571905],[-108.80943,42.571527],[-108.81003,42.571523],[-108.810274,42.571587],[-108.810554,42.571858],[-108.810915,42.573417],[-108.811408,42.573822],[-108.813453,42.573777],[-108.815196,42.573529],[-108.815493,42.573617],[-108.815691,42.573866],[-108.815643,42.574363],[-108.815818,42.574567],[-108.816037,42.574566],[-108.816374,42.574285],[-108.817026,42.574163],[-108.817647,42.574384],[-108.818327,42.574515],[-108.81862,42.574351],[-108.81865,42.574167],[-108.818951,42.573795],[-108.819786,42.573466],[-108.820122,42.572933],[-108.819921,42.57118],[-108.820094,42.570508],[-108.820681,42.569926],[-108.82136,42.569784],[-108.822234,42.569224],[-108.822934,42.568941],[-108.823051,42.568731],[-108.822986,42.568295],[-108.821934,42.567785],[-108.821539,42.567506],[-108.821268,42.566952],[-108.821381,42.566698],[-108.823189,42.565346],[-108.824404,42.564256],[-108.826547,42.562074],[-108.826867,42.561886]]}},{"type":"Feature","properties":{"id":"road-a147","kind":"road","name":"Fort Stambaugh Loop","acres":null,"editable":false,"source":"TIGER/UGRC road centerlines"},"geometry":{"type":"LineString","coordinates":[[-108.677579,42.501971],[-108.675838,42.503059],[-108.67392,42.505015],[-108.671967,42.506257],[-108.671585,42.506622],[-108.671452,42.506996],[-108.671541,42.507356],[-108.67249,42.508487],[-108.67267,42.508834],[-108.672634,42.509242],[-108.672383,42.50956],[-108.672019,42.509748],[-108.671536,42.509838],[-108.669515,42.509578],[-108.66843,42.509664],[-108.667364,42.510086],[-108.666511,42.51093],[-108.666363,42.51133],[-108.666316,42.511875],[-108.666685,42.513096],[-108.666685,42.513601],[-108.665604,42.515551],[-108.66483,42.518039],[-108.664999,42.51857],[-108.665533,42.519575],[-108.666058,42.521041],[-108.666079,42.521342],[-108.66595,42.521565],[-108.665719,42.521722],[-108.665325,42.521792],[-108.664519,42.521621],[-108.662065,42.520154],[-108.661259,42.51985],[-108.660124,42.51968],[-108.659176,42.51979],[-108.65861,42.520057],[-108.658144,42.520585],[-108.657823,42.52133],[-108.657758,42.522042],[-108.65803,42.52248],[-108.659194,42.523155],[-108.659767,42.523811],[-108.660842,42.52442],[-108.663012,42.526294],[-108.665412,42.527876],[-108.666472,42.528456],[-108.667403,42.528756],[-108.669723,42.529184],[-108.676579,42.530903],[-108.67724,42.530957],[-108.67798,42.530838],[-108.685556,42.527528],[-108.686287,42.527278],[-108.688502,42.526745],[-108.689517,42.525853],[-108.689851,42.525664],[-108.690452,42.52557],[-108.692815,42.525678],[-108.693454,42.525633],[-108.693936,42.525513],[-108.696396,42.524554],[-108.696896,42.524453],[-108.697881,42.524419],[-108.698247,42.524286],[-108.698515,42.524104],[-108.69878,42.523772],[-108.698823,42.522601],[-108.699417,42.52149],[-108.699794,42.519758],[-108.700026,42.51947],[-108.700487,42.519306],[-108.700873,42.519312],[-108.701256,42.519468],[-108.701776,42.520243],[-108.70215,42.520472],[-108.702549,42.520517],[-108.703733,42.520389],[-108.704378,42.520518],[-108.704808,42.520848],[-108.705476,42.521725],[-108.70585,42.521908],[-108.706369,42.521988],[-108.706965,42.521881],[-108.707544,42.521447],[-108.707697,42.5211],[-108.707827,42.51992],[-108.708033,42.519573],[-108.708354,42.519349],[-108.709134,42.519161],[-108.712405,42.518892],[-108.713316,42.518928],[-108.714705,42.519279],[-108.717282,42.520283],[-108.717724,42.520336],[-108.718687,42.52018],[-108.719094,42.520187],[-108.720245,42.520598]]}},{"type":"Feature","properties":{"id":"road-a148","kind":"road","name":"nan","acres":null,"editable":false,"source":"TIGER/UGRC road centerlines"},"geometry":{"type":"LineString","coordinates":[[-108.570013,42.674444],[-108.568724,42.673913],[-108.567971,42.673983],[-108.565895,42.674739],[-108.563847,42.67529]]}},{"type":"Feature","properties":{"id":"road-a149","kind":"road","name":"nan","acres":null,"editable":false,"source":"TIGER/UGRC road centerlines"},"geometry":{"type":"LineString","coordinates":[[-108.550467,42.64783],[-108.550312,42.649454],[-108.55056,42.649682],[-108.551582,42.649888],[-108.551613,42.650368],[-108.55121,42.6511],[-108.551333,42.65238],[-108.551612,42.653318],[-108.552262,42.654301],[-108.552665,42.654644],[-108.55316,42.655353],[-108.553098,42.656199],[-108.552385,42.658485],[-108.552199,42.659742],[-108.552292,42.659788],[-108.552249,42.662181],[-108.552404,42.662763],[-108.553022,42.663595],[-108.555746,42.666204],[-108.55642,42.666696],[-108.557312,42.666804],[-108.557577,42.667573],[-108.558475,42.668837],[-108.558921,42.669221],[-108.559615,42.669579],[-108.560012,42.670686],[-108.561066,42.671973],[-108.561297,42.672606],[-108.562323,42.673983],[-108.563847,42.67529]]}},{"type":"Feature","properties":{"id":"road-a150","kind":"road","name":"nan","acres":null,"editable":false,"source":"TIGER/UGRC road centerlines"},"geometry":{"type":"LineString","coordinates":[[-108.542376,42.570795],[-108.543401,42.5711],[-108.543959,42.571379],[-108.544208,42.571634],[-108.544458,42.572164],[-108.544924,42.57265],[-108.544835,42.573364],[-108.54462,42.573895],[-108.544622,42.574334],[-108.544747,42.574473],[-108.545492,42.574798],[-108.547882,42.575319],[-108.548068,42.575434],[-108.548257,42.576103],[-108.548505,42.57645],[-108.548941,42.576797],[-108.550833,42.577474],[-108.551262,42.578233],[-108.551316,42.579613],[-108.551624,42.579865],[-108.55227,42.580144],[-108.55267,42.580577],[-108.553566,42.580708],[-108.554988,42.580541],[-108.555667,42.580559],[-108.557891,42.581414],[-108.559096,42.581728],[-108.560393,42.581766],[-108.560795,42.581901],[-108.561319,42.58249],[-108.562617,42.582597],[-108.562895,42.582709],[-108.563173,42.582935],[-108.564375,42.585021],[-108.564529,42.585475],[-108.564683,42.585589],[-108.564899,42.586155],[-108.565051,42.587675],[-108.565328,42.588174]]}},{"type":"Feature","properties":{"id":"road-a151","kind":"road","name":"nan","acres":null,"editable":false,"source":"TIGER/UGRC road centerlines"},"geometry":{"type":"LineString","coordinates":[[-108.542171,42.658126],[-108.541564,42.658859],[-108.540936,42.660062],[-108.541073,42.661308],[-108.541305,42.661919],[-108.541292,42.662576],[-108.542211,42.663653],[-108.543524,42.664081],[-108.544294,42.664653],[-108.544453,42.665183],[-108.545445,42.665549],[-108.546436,42.6658],[-108.54721,42.66612],[-108.550277,42.668156],[-108.550803,42.668659],[-108.55102,42.669322],[-108.55167,42.669894],[-108.552414,42.670328],[-108.552197,42.671585],[-108.552537,42.672477],[-108.552971,42.673369],[-108.55325,42.673552],[-108.553963,42.674672],[-108.554366,42.675655],[-108.555202,42.676936],[-108.555138,42.678125],[-108.5561,42.678559]]}},{"type":"Feature","properties":{"id":"road-a152","kind":"road","name":"nan","acres":null,"editable":false,"source":"TIGER/UGRC road centerlines"},"geometry":{"type":"LineString","coordinates":[[-108.686756,42.565728],[-108.686622,42.566142],[-108.686228,42.566731],[-108.684713,42.567585],[-108.682567,42.56764],[-108.680575,42.567251],[-108.679872,42.567526]]}},{"type":"Feature","properties":{"id":"road-a153","kind":"road","name":"nan","acres":null,"editable":false,"source":"TIGER/UGRC road centerlines"},"geometry":{"type":"LineString","coordinates":[[-108.719378,42.614633],[-108.718658,42.615394],[-108.717667,42.616053],[-108.715877,42.618934],[-108.715484,42.619988],[-108.715714,42.620866],[-108.715651,42.621208],[-108.715831,42.62187],[-108.717115,42.623512],[-108.71754,42.624379],[-108.718767,42.626178],[-108.721006,42.627888],[-108.722175,42.629305]]}},{"type":"Feature","properties":{"id":"road-a154","kind":"road","name":"nan","acres":null,"editable":false,"source":"TIGER/UGRC road centerlines"},"geometry":{"type":"LineString","coordinates":[[-108.614175,42.74582],[-108.614686,42.744902],[-108.614685,42.744579]]}},{"type":"Feature","properties":{"id":"road-a155","kind":"road","name":"nan","acres":null,"editable":false,"source":"TIGER/UGRC road centerlines"},"geometry":{"type":"LineString","coordinates":[[-108.640471,42.604076],[-108.635195,42.60493],[-108.632869,42.605424],[-108.631923,42.605819],[-108.630915,42.606351],[-108.62928,42.606842],[-108.627483,42.607837],[-108.626313,42.608692],[-108.625962,42.609199],[-108.62542,42.609503],[-108.623838,42.609697],[-108.623146,42.609999],[-108.622355,42.610715],[-108.620859,42.612656],[-108.62014,42.61336],[-108.619984,42.613844],[-108.619841,42.613913]]}},{"type":"Feature","properties":{"id":"road-a156","kind":"road","name":"nan","acres":null,"editable":false,"source":"TIGER/UGRC road centerlines"},"geometry":{"type":"LineString","coordinates":[[-108.706965,42.534371],[-108.706409,42.535354],[-108.705544,42.536063],[-108.704585,42.536429],[-108.703009,42.536818],[-108.702328,42.537115],[-108.701648,42.537596],[-108.701185,42.538099],[-108.700752,42.538785],[-108.700628,42.539265],[-108.699855,42.539654],[-108.699392,42.540065],[-108.69831,42.540111],[-108.696609,42.5405],[-108.695651,42.540477],[-108.693579,42.540157],[-108.692497,42.539723],[-108.690518,42.538694],[-108.690054,42.538602],[-108.689065,42.538648],[-108.687085,42.539014]]}},{"type":"Feature","properties":{"id":"road-a157","kind":"road","name":"nan","acres":null,"editable":false,"source":"TIGER/UGRC road centerlines"},"geometry":{"type":"LineString","coordinates":[[-108.705408,42.520045],[-108.704046,42.518274]]}},{"type":"Feature","properties":{"id":"road-a158","kind":"road","name":"Dallas Dome Rd","acres":null,"editable":false,"source":"TIGER/UGRC road centerlines"},"geometry":{"type":"LineString","coordinates":[[-108.61863,42.742965],[-108.618387,42.743429],[-108.618467,42.743743],[-108.61979,42.744651]]}},{"type":"Feature","properties":{"id":"road-a159","kind":"road","name":"nan","acres":null,"editable":false,"source":"TIGER/UGRC road centerlines"},"geometry":{"type":"LineString","coordinates":[[-108.550684,42.610841],[-108.548318,42.612055],[-108.543701,42.614184],[-108.542333,42.614901],[-108.53744,42.616925],[-108.534595,42.61834],[-108.531879,42.620015],[-108.531696,42.620318]]}},{"type":"Feature","properties":{"id":"road-a160","kind":"road","name":"nan","acres":null,"editable":false,"source":"TIGER/UGRC road centerlines"},"geometry":{"type":"LineString","coordinates":[[-108.641141,42.507806],[-108.643564,42.508772],[-108.644332,42.509287],[-108.644546,42.509693],[-108.645158,42.510436],[-108.645589,42.51075],[-108.64787,42.511691],[-108.649236,42.512105],[-108.649427,42.512748],[-108.649276,42.513389],[-108.649403,42.514121],[-108.650771,42.514902],[-108.651983,42.515432],[-108.654408,42.517038],[-108.655032,42.517634],[-108.655562,42.518413],[-108.655656,42.518689],[-108.655598,42.519261],[-108.654619,42.520751],[-108.654652,42.521094],[-108.656051,42.521898],[-108.657016,42.522746],[-108.65767,42.523159],[-108.660746,42.524354]]}},{"type":"Feature","properties":{"id":"road-a161","kind":"road","name":"nan","acres":null,"editable":false,"source":"TIGER/UGRC road centerlines"},"geometry":{"type":"LineString","coordinates":[[-108.769429,42.527161],[-108.769501,42.527912],[-108.769196,42.528331],[-108.769665,42.529346],[-108.769502,42.529753],[-108.768575,42.530268],[-108.767749,42.530517],[-108.76643,42.531306],[-108.765175,42.531517],[-108.764672,42.531831]]}},{"type":"Feature","properties":{"id":"road-a162","kind":"road","name":"nan","acres":null,"editable":false,"source":"TIGER/UGRC road centerlines"},"geometry":{"type":"LineString","coordinates":[[-108.601434,42.649755],[-108.602502,42.64957],[-108.603675,42.648403],[-108.605632,42.646984],[-108.606766,42.646433],[-108.607899,42.646021],[-108.609972,42.645654],[-108.612202,42.645652],[-108.613962,42.645926],[-108.615504,42.646518],[-108.616607,42.647112],[-108.622252,42.650911]]}},{"type":"Feature","properties":{"id":"road-a163","kind":"road","name":"nan","acres":null,"editable":false,"source":"TIGER/UGRC road centerlines"},"geometry":{"type":"LineString","coordinates":[[-108.638891,42.774689],[-108.639482,42.774911]]}},{"type":"Feature","properties":{"id":"road-a164","kind":"road","name":"nan","acres":null,"editable":false,"source":"TIGER/UGRC road centerlines"},"geometry":{"type":"LineString","coordinates":[[-108.638638,42.775288],[-108.638366,42.776311],[-108.638594,42.77772],[-108.638008,42.778114],[-108.637979,42.778412]]}},{"type":"Feature","properties":{"id":"road-a165","kind":"road","name":"nan","acres":null,"editable":false,"source":"TIGER/UGRC road centerlines"},"geometry":{"type":"LineString","coordinates":[[-108.637855,42.594633],[-108.637477,42.595089]]}},{"type":"Feature","properties":{"id":"road-a166","kind":"road","name":"Rock Creek Canal Rd","acres":null,"editable":false,"source":"TIGER/UGRC road centerlines"},"geometry":{"type":"LineString","coordinates":[[-108.762796,42.545675],[-108.762011,42.545507],[-108.759596,42.545976],[-108.759099,42.545998],[-108.758209,42.545878],[-108.757683,42.545691],[-108.757446,42.545439],[-108.757488,42.544882],[-108.757392,42.544676],[-108.757039,42.544528],[-108.756355,42.544392],[-108.756124,42.544165],[-108.756241,42.542675],[-108.756018,42.541655],[-108.756093,42.541436],[-108.7563,42.541269],[-108.757067,42.541117],[-108.757375,42.540914],[-108.75818,42.539555],[-108.758363,42.539392],[-108.758884,42.539176],[-108.759046,42.538898],[-108.759181,42.538479],[-108.758986,42.537924],[-108.759306,42.537597],[-108.759364,42.537404],[-108.759237,42.537249],[-108.758037,42.537051],[-108.757803,42.53677],[-108.757919,42.536501],[-108.758647,42.535875],[-108.759187,42.535277],[-108.759241,42.534953],[-108.759144,42.534206],[-108.759232,42.533912],[-108.759511,42.533599],[-108.76052,42.532851],[-108.76119,42.532582],[-108.761703,42.532575],[-108.762875,42.532903],[-108.763152,42.53289],[-108.763368,42.532627],[-108.763348,42.532451],[-108.762838,42.531666],[-108.762789,42.531366],[-108.762883,42.531072]]}},{"type":"Feature","properties":{"id":"road-a167","kind":"road","name":"Limestone Ln","acres":null,"editable":false,"source":"TIGER/UGRC road centerlines"},"geometry":{"type":"LineString","coordinates":[[-108.724476,42.55442],[-108.724299,42.554715],[-108.723661,42.555109],[-108.722807,42.555399],[-108.722496,42.555779],[-108.722221,42.556805],[-108.721886,42.557506],[-108.721727,42.55762],[-108.719717,42.557797],[-108.719424,42.557743],[-108.719224,42.557599],[-108.719168,42.556409],[-108.71956,42.55608],[-108.719138,42.555655]]}},{"type":"Feature","properties":{"id":"road-a168","kind":"road","name":"nan","acres":null,"editable":false,"source":"TIGER/UGRC road centerlines"},"geometry":{"type":"LineString","coordinates":[[-108.645959,42.585975],[-108.645788,42.585724],[-108.646062,42.584998],[-108.646773,42.583959],[-108.64657,42.582684],[-108.647761,42.581548],[-108.650958,42.579745],[-108.651787,42.579431],[-108.65253,42.578778],[-108.652727,42.578383]]}},{"type":"Feature","properties":{"id":"road-a169","kind":"road","name":"nan","acres":null,"editable":false,"source":"TIGER/UGRC road centerlines"},"geometry":{"type":"LineString","coordinates":[[-108.572181,42.673827],[-108.571283,42.673987],[-108.570322,42.674421],[-108.570013,42.674444]]}},{"type":"Feature","properties":{"id":"road-a170","kind":"road","name":"Trapper Ridge Trl","acres":null,"editable":false,"source":"TIGER/UGRC road centerlines"},"geometry":{"type":"LineString","coordinates":[[-108.698981,42.567133],[-108.697009,42.566252],[-108.694469,42.566611],[-108.692485,42.566484],[-108.691325,42.566878],[-108.690176,42.567574]]}},{"type":"Feature","properties":{"id":"road-a171","kind":"road","name":"nan","acres":null,"editable":false,"source":"TIGER/UGRC road centerlines"},"geometry":{"type":"LineString","coordinates":[[-108.644879,42.586976],[-108.644689,42.587397],[-108.64397,42.587985],[-108.643033,42.58853],[-108.642657,42.588883],[-108.642343,42.589375],[-108.641832,42.590848],[-108.641423,42.591574],[-108.640733,42.592255],[-108.638546,42.593789],[-108.637855,42.594633]]}},{"type":"Feature","properties":{"id":"road-a172","kind":"road","name":"nan","acres":null,"editable":false,"source":"TIGER/UGRC road centerlines"},"geometry":{"type":"LineString","coordinates":[[-108.686756,42.732036],[-108.686754,42.733091],[-108.686899,42.733969],[-108.686429,42.73472]]}},{"type":"Feature","properties":{"id":"road-a173","kind":"road","name":"nan","acres":null,"editable":false,"source":"TIGER/UGRC road centerlines"},"geometry":{"type":"LineString","coordinates":[[-108.719235,42.562828],[-108.721278,42.563942]]}},{"type":"Feature","properties":{"id":"road-a174","kind":"road","name":"nan","acres":null,"editable":false,"source":"TIGER/UGRC road centerlines"},"geometry":{"type":"LineString","coordinates":[[-108.636838,42.729602],[-108.636883,42.730017],[-108.637032,42.730261],[-108.63703,42.741431]]}},{"type":"Feature","properties":{"id":"road-a175","kind":"road","name":"nan","acres":null,"editable":false,"source":"TIGER/UGRC road centerlines"},"geometry":{"type":"LineString","coordinates":[[-108.710007,42.649837],[-108.710069,42.650066],[-108.709914,42.650683],[-108.709047,42.651827],[-108.708552,42.652216],[-108.706786,42.653268],[-108.704804,42.654731],[-108.704773,42.655028],[-108.705579,42.656172],[-108.705301,42.657109],[-108.704805,42.657109],[-108.704061,42.656675],[-108.703535,42.656629],[-108.703039,42.656835],[-108.702513,42.657315],[-108.70211,42.657933],[-108.701615,42.658184],[-108.699849,42.658459],[-108.699259,42.658665],[-108.698578,42.659213],[-108.697215,42.659534],[-108.696998,42.659648],[-108.696596,42.660174],[-108.696255,42.660402],[-108.695945,42.660494],[-108.694461,42.6604]]}},{"type":"Feature","properties":{"id":"road-a176","kind":"road","name":"nan","acres":null,"editable":false,"source":"TIGER/UGRC road centerlines"},"geometry":{"type":"LineString","coordinates":[[-108.710007,42.649837],[-108.709511,42.649952],[-108.708489,42.651164],[-108.706228,42.651964],[-108.703658,42.652422],[-108.702078,42.65288],[-108.700405,42.653749],[-108.700126,42.653817],[-108.697989,42.65368],[-108.697369,42.653749],[-108.697059,42.653932],[-108.696502,42.655098],[-108.695883,42.655555],[-108.695759,42.655944],[-108.695821,42.657704],[-108.695542,42.658322],[-108.69503,42.658818]]}},{"type":"Feature","properties":{"id":"road-a177","kind":"road","name":"Speyer Dr","acres":null,"editable":false,"source":"TIGER/UGRC road centerlines"},"geometry":{"type":"LineString","coordinates":[[-108.652372,42.757692],[-108.649914,42.757715],[-108.649714,42.757765],[-108.649647,42.757861],[-108.64979,42.765328],[-108.653828,42.765272]]}},{"type":"Feature","properties":{"id":"road-a178","kind":"road","name":"nan","acres":null,"editable":false,"source":"TIGER/UGRC road centerlines"},"geometry":{"type":"LineString","coordinates":[[-108.673561,42.58959],[-108.673437,42.589659],[-108.673344,42.590139],[-108.672725,42.590916],[-108.671457,42.591465],[-108.669662,42.591762],[-108.6696,42.591853]]}},{"type":"Feature","properties":{"id":"road-a179","kind":"road","name":"Field Station Rd","acres":null,"editable":false,"source":"TIGER/UGRC road centerlines"},"geometry":{"type":"LineString","coordinates":[[-108.776541,42.77628],[-108.777432,42.776312],[-108.779043,42.776498]]}},{"type":"Feature","properties":{"id":"road-a180","kind":"road","name":"nan","acres":null,"editable":false,"source":"TIGER/UGRC road centerlines"},"geometry":{"type":"LineString","coordinates":[[-108.614979,42.717296],[-108.615285,42.717729],[-108.615457,42.717826],[-108.615672,42.717805],[-108.615817,42.717591],[-108.615901,42.716979],[-108.615658,42.716492],[-108.615575,42.716008],[-108.615685,42.715511],[-108.615879,42.715303]]}},{"type":"Feature","properties":{"id":"road-a181","kind":"road","name":"nan","acres":null,"editable":false,"source":"TIGER/UGRC road centerlines"},"geometry":{"type":"LineString","coordinates":[[-108.614589,42.550963],[-108.614342,42.550918],[-108.612115,42.551079],[-108.609386,42.550989],[-108.608137,42.551416],[-108.607597,42.551513],[-108.606917,42.552269],[-108.606362,42.553256],[-108.605868,42.553624],[-108.602963,42.554957],[-108.601542,42.555739],[-108.600923,42.555946],[-108.600119,42.556038],[-108.597244,42.555725]]}},{"type":"Feature","properties":{"id":"road-a182","kind":"road","name":"nan","acres":null,"editable":false,"source":"TIGER/UGRC road centerlines"},"geometry":{"type":"LineString","coordinates":[[-108.760201,42.52488],[-108.760858,42.525014],[-108.762211,42.525016]]}},{"type":"Feature","properties":{"id":"road-a183","kind":"road","name":"nan","acres":null,"editable":false,"source":"TIGER/UGRC road centerlines"},"geometry":{"type":"LineString","coordinates":[[-108.763185,42.533818],[-108.762505,42.533992],[-108.762085,42.533784],[-108.761476,42.533681],[-108.76046,42.533799]]}},{"type":"Feature","properties":{"id":"road-a184","kind":"road","name":"nan","acres":null,"editable":false,"source":"TIGER/UGRC road centerlines"},"geometry":{"type":"LineString","coordinates":[[-108.617306,42.642817],[-108.616056,42.64054],[-108.61573,42.639328],[-108.614699,42.638375],[-108.613363,42.63621],[-108.613339,42.63591],[-108.613477,42.635523],[-108.61276,42.634335],[-108.612504,42.633738],[-108.61214,42.633196],[-108.611186,42.632381],[-108.610974,42.631782],[-108.610958,42.631209],[-108.610723,42.630466],[-108.610228,42.629836],[-108.609722,42.628065]]}},{"type":"Feature","properties":{"id":"road-a185","kind":"road","name":"nan","acres":null,"editable":false,"source":"TIGER/UGRC road centerlines"},"geometry":{"type":"LineString","coordinates":[[-108.643315,42.550911],[-108.641791,42.550703],[-108.640234,42.55096],[-108.636993,42.54994],[-108.631135,42.549893],[-108.628892,42.549996],[-108.627672,42.550236]]}},{"type":"Feature","properties":{"id":"road-a186","kind":"road","name":"nan","acres":null,"editable":false,"source":"TIGER/UGRC road centerlines"},"geometry":{"type":"LineString","coordinates":[[-108.616789,42.738284],[-108.616079,42.738607],[-108.615698,42.738977]]}},{"type":"Feature","properties":{"id":"road-a187","kind":"road","name":"nan","acres":null,"editable":false,"source":"TIGER/UGRC road centerlines"},"geometry":{"type":"LineString","coordinates":[[-108.544453,42.665183],[-108.541603,42.666006]]}},{"type":"Feature","properties":{"id":"road-a188","kind":"road","name":"nan","acres":null,"editable":false,"source":"TIGER/UGRC road centerlines"},"geometry":{"type":"LineString","coordinates":[[-108.540926,42.655739],[-108.542103,42.655602],[-108.543187,42.655283],[-108.544147,42.655214]]}},{"type":"Feature","properties":{"id":"road-a189","kind":"road","name":"nan","acres":null,"editable":false,"source":"TIGER/UGRC road centerlines"},"geometry":{"type":"LineString","coordinates":[[-108.703972,42.560712],[-108.703199,42.56213],[-108.702117,42.563456],[-108.70088,42.564371]]}},{"type":"Feature","properties":{"id":"road-a190","kind":"road","name":"nan","acres":null,"editable":false,"source":"TIGER/UGRC road centerlines"},"geometry":{"type":"LineString","coordinates":[[-108.619746,42.670305],[-108.619112,42.670693],[-108.618004,42.671791],[-108.614649,42.672808],[-108.614177,42.672874],[-108.613788,42.672731],[-108.61352,42.672458]]}},{"type":"Feature","properties":{"id":"road-a191","kind":"road","name":"nan","acres":null,"editable":false,"source":"TIGER/UGRC road centerlines"},"geometry":{"type":"LineString","coordinates":[[-108.707884,42.569767],[-108.707816,42.57067],[-108.70714,42.570976],[-108.706399,42.5715],[-108.705602,42.571895],[-108.705045,42.572685],[-108.705839,42.573589],[-108.707733,42.573961],[-108.709256,42.574663]]}},{"type":"Feature","properties":{"id":"road-a192","kind":"road","name":"nan","acres":null,"editable":false,"source":"TIGER/UGRC road centerlines"},"geometry":{"type":"LineString","coordinates":[[-108.719378,42.614633],[-108.72185,42.614622],[-108.722815,42.614882],[-108.727655,42.614803],[-108.72825,42.615379],[-108.728167,42.616274],[-108.728649,42.616452],[-108.729169,42.616867]]}},{"type":"Feature","properties":{"id":"road-a193","kind":"road","name":"Surveyor Rd","acres":null,"editable":false,"source":"TIGER/UGRC road centerlines"},"geometry":{"type":"LineString","coordinates":[[-108.657548,42.757865],[-108.660135,42.757484],[-108.661589,42.756831],[-108.663742,42.756007],[-108.664441,42.755812],[-108.665709,42.755548],[-108.666966,42.755395],[-108.668048,42.755377],[-108.668406,42.755804],[-108.668425,42.756139],[-108.668298,42.756527],[-108.66835,42.756852],[-108.669143,42.758561],[-108.66904,42.759333],[-108.668734,42.76046],[-108.669106,42.761004],[-108.669317,42.761671],[-108.669058,42.761884],[-108.667876,42.762292],[-108.666894,42.762901]]}},{"type":"Feature","properties":{"id":"road-a194","kind":"road","name":"nan","acres":null,"editable":false,"source":"TIGER/UGRC road centerlines"},"geometry":{"type":"LineString","coordinates":[[-108.59126,42.520859],[-108.592403,42.520698],[-108.594846,42.520101],[-108.597195,42.519734],[-108.60007,42.519045],[-108.602173,42.518861],[-108.603627,42.51886],[-108.606224,42.51904],[-108.606873,42.519154],[-108.607986,42.519221],[-108.60916,42.519518],[-108.612129,42.520681],[-108.615191,42.521546],[-108.620819,42.522318],[-108.625675,42.523695],[-108.626357,42.523682],[-108.626945,42.523522],[-108.627532,42.523523],[-108.628952,42.523822],[-108.632877,42.52513],[-108.633618,42.525314],[-108.634885,42.525384],[-108.635811,42.525613],[-108.640537,42.5277],[-108.642791,42.52857],[-108.644213,42.529257],[-108.645386,42.530082],[-108.647331,42.531685],[-108.648258,42.532327],[-108.649123,42.532762],[-108.649586,42.533151],[-108.649988,42.533633],[-108.651037,42.534389],[-108.65147,42.534526]]}},{"type":"Feature","properties":{"id":"road-a195","kind":"road","name":"nan","acres":null,"editable":false,"source":"TIGER/UGRC road centerlines"},"geometry":{"type":"LineString","coordinates":[[-108.564089,42.691269],[-108.563484,42.691947],[-108.563234,42.692082],[-108.562662,42.692062],[-108.562215,42.692134],[-108.55939,42.693056],[-108.559073,42.693287],[-108.558438,42.694325],[-108.558424,42.694484],[-108.559048,42.695397]]}},{"type":"Feature","properties":{"id":"road-a196","kind":"road","name":"nan","acres":null,"editable":false,"source":"TIGER/UGRC road centerlines"},"geometry":{"type":"LineString","coordinates":[[-108.595768,42.642091],[-108.595962,42.642934],[-108.5959,42.643368],[-108.595622,42.643871],[-108.595653,42.644443],[-108.596335,42.64538],[-108.596329,42.646573]]}},{"type":"Feature","properties":{"id":"road-a197","kind":"road","name":"nan","acres":null,"editable":false,"source":"TIGER/UGRC road centerlines"},"geometry":{"type":"LineString","coordinates":[[-108.709256,42.574663],[-108.709497,42.574034],[-108.709662,42.573227],[-108.709413,42.572622],[-108.709578,42.572002],[-108.710625,42.571292],[-108.710811,42.570913],[-108.707884,42.569767]]}},{"type":"Feature","properties":{"id":"road-a198","kind":"road","name":"Field Station Rd","acres":null,"editable":false,"source":"TIGER/UGRC road centerlines"},"geometry":{"type":"LineString","coordinates":[[-108.77447,42.776766],[-108.774727,42.776865],[-108.775059,42.776871],[-108.776541,42.77628]]}},{"type":"Feature","properties":{"id":"road-a199","kind":"road","name":"Harvey Morgan Ln","acres":null,"editable":false,"source":"TIGER/UGRC road centerlines"},"geometry":{"type":"LineString","coordinates":[[-108.659242,42.763646],[-108.659294,42.762825],[-108.65966,42.76263]]}},{"type":"Feature","properties":{"id":"road-a200","kind":"road","name":"nan","acres":null,"editable":false,"source":"TIGER/UGRC road centerlines"},"geometry":{"type":"LineString","coordinates":[[-108.5561,42.678559],[-108.558176,42.679245],[-108.558672,42.67952],[-108.559478,42.681074],[-108.560159,42.68192],[-108.561677,42.683452],[-108.562235,42.68423],[-108.562328,42.68455],[-108.562297,42.685007],[-108.561708,42.686082],[-108.561801,42.686517],[-108.562204,42.687111],[-108.563227,42.688049],[-108.565582,42.689763],[-108.565582,42.689991],[-108.564528,42.690084],[-108.563908,42.690495],[-108.563722,42.690792],[-108.564089,42.691269]]}},{"type":"Feature","properties":{"id":"road-a201","kind":"road","name":"Deadman Gulch Rd","acres":null,"editable":false,"source":"TIGER/UGRC road centerlines"},"geometry":{"type":"LineString","coordinates":[[-108.671553,42.761225],[-108.670811,42.761703],[-108.66968,42.762129],[-108.667368,42.762841],[-108.66656,42.762976],[-108.664511,42.763847],[-108.659248,42.765524],[-108.656907,42.766377],[-108.655696,42.766929],[-108.655543,42.766931],[-108.654885,42.766637],[-108.654481,42.766686]]}},{"type":"Feature","properties":{"id":"road-a202","kind":"road","name":"nan","acres":null,"editable":false,"source":"TIGER/UGRC road centerlines"},"geometry":{"type":"LineString","coordinates":[[-108.557133,42.551775],[-108.558926,42.553552],[-108.558956,42.553917],[-108.558553,42.554555],[-108.558552,42.55517],[-108.561363,42.557744],[-108.562567,42.55959],[-108.562968,42.560616],[-108.563555,42.561505],[-108.565285,42.563009],[-108.565657,42.56429],[-108.566585,42.564864],[-108.566801,42.564932],[-108.567575,42.564865],[-108.569556,42.564274],[-108.570484,42.564092],[-108.572433,42.564095],[-108.573362,42.563982],[-108.57494,42.563596],[-108.579891,42.561866],[-108.580603,42.561753],[-108.581778,42.561776],[-108.582707,42.561915],[-108.583418,42.562122],[-108.584254,42.562534],[-108.585214,42.563245],[-108.587104,42.565651],[-108.586981,42.56606],[-108.586056,42.567737],[-108.585409,42.569393],[-108.58501,42.571207],[-108.585041,42.57157],[-108.585224,42.571858],[-108.585817,42.572295],[-108.590091,42.574026],[-108.59037,42.574275],[-108.590619,42.574956],[-108.590711,42.57631],[-108.590431,42.576869],[-108.589314,42.578314],[-108.589126,42.578733],[-108.589156,42.579268],[-108.590203,42.581038]]}},{"type":"Feature","properties":{"id":"road-a203","kind":"road","name":"nan","acres":null,"editable":false,"source":"TIGER/UGRC road centerlines"},"geometry":{"type":"LineString","coordinates":[[-108.716116,42.610258],[-108.716449,42.611018],[-108.717062,42.611732],[-108.717101,42.611985],[-108.717562,42.612906],[-108.718042,42.613274],[-108.719406,42.613785],[-108.719482,42.614268],[-108.719378,42.614633]]}},{"type":"Feature","properties":{"id":"road-a204","kind":"road","name":"nan","acres":null,"editable":false,"source":"TIGER/UGRC road centerlines"},"geometry":{"type":"LineString","coordinates":[[-108.592683,42.65176],[-108.592552,42.651872],[-108.592355,42.652617],[-108.592272,42.65413],[-108.592775,42.655031],[-108.593159,42.655186],[-108.593992,42.655109],[-108.594837,42.654387],[-108.595545,42.654059],[-108.595872,42.654079],[-108.596145,42.654311],[-108.596592,42.654958],[-108.596971,42.655273],[-108.597474,42.65522],[-108.59779,42.654938],[-108.597991,42.654215],[-108.598149,42.65404],[-108.598401,42.653981],[-108.59903,42.654069],[-108.601418,42.654972],[-108.601638,42.654934]]}},{"type":"Feature","properties":{"id":"road-a205","kind":"road","name":"nan","acres":null,"editable":false,"source":"TIGER/UGRC road centerlines"},"geometry":{"type":"LineString","coordinates":[[-108.620158,42.753339],[-108.619755,42.753522],[-108.619291,42.754779],[-108.619322,42.755282],[-108.619943,42.755671],[-108.620657,42.755739],[-108.621929,42.75567]]}},{"type":"Feature","properties":{"id":"road-a206","kind":"road","name":"nan","acres":null,"editable":false,"source":"TIGER/UGRC road centerlines"},"geometry":{"type":"LineString","coordinates":[[-108.736262,42.677359],[-108.735491,42.679079],[-108.735432,42.680225],[-108.735899,42.681648],[-108.735784,42.685568],[-108.735479,42.687151],[-108.734862,42.688618],[-108.733842,42.690018],[-108.732636,42.690913],[-108.731769,42.691213],[-108.72954,42.69163],[-108.728704,42.691906],[-108.722886,42.694575],[-108.721183,42.695265],[-108.719884,42.695932],[-108.71911,42.696186],[-108.71784,42.696394],[-108.717036,42.696876],[-108.71586,42.69807],[-108.715675,42.698461],[-108.715677,42.69924],[-108.71577,42.699286],[-108.715926,42.699951],[-108.716702,42.701394],[-108.716947,42.702072],[-108.716875,42.70379],[-108.716687,42.704264],[-108.715968,42.705303],[-108.714969,42.706273],[-108.714065,42.706903],[-108.712134,42.707663]]}},{"type":"Feature","properties":{"id":"road-a207","kind":"road","name":"nan","acres":null,"editable":false,"source":"TIGER/UGRC road centerlines"},"geometry":{"type":"LineString","coordinates":[[-108.615356,42.744558],[-108.615918,42.744704],[-108.616131,42.744516]]}},{"type":"Feature","properties":{"id":"road-a208","kind":"road","name":"nan","acres":null,"editable":false,"source":"TIGER/UGRC road centerlines"},"geometry":{"type":"LineString","coordinates":[[-108.653076,42.536881],[-108.655789,42.537675],[-108.656381,42.537692],[-108.657565,42.537544],[-108.660719,42.53759],[-108.661004,42.537531],[-108.661023,42.537432],[-108.660992,42.537364],[-108.657497,42.5367],[-108.656199,42.536334],[-108.65147,42.534526]]}},{"type":"Feature","properties":{"id":"road-a209","kind":"road","name":"nan","acres":null,"editable":false,"source":"TIGER/UGRC road centerlines"},"geometry":{"type":"LineString","coordinates":[[-108.543935,42.66438],[-108.542894,42.664802],[-108.542007,42.665277],[-108.541603,42.666006]]}},{"type":"Feature","properties":{"id":"road-a210","kind":"road","name":"nan","acres":null,"editable":false,"source":"TIGER/UGRC road centerlines"},"geometry":{"type":"LineString","coordinates":[[-108.590203,42.581038],[-108.589422,42.581066],[-108.587268,42.58147],[-108.584614,42.581467],[-108.581491,42.581328],[-108.580148,42.581132],[-108.57918,42.58123],[-108.578243,42.58142],[-108.575463,42.581622],[-108.574777,42.581765],[-108.574214,42.582043],[-108.572216,42.582126],[-108.571778,42.582243],[-108.5715,42.582471],[-108.571536,42.582856],[-108.571885,42.583468],[-108.572575,42.584077],[-108.573426,42.585118],[-108.57384,42.586069],[-108.57382,42.58693],[-108.5737,42.587178],[-108.573859,42.587541],[-108.574205,42.587857],[-108.575056,42.589011],[-108.575218,42.589555],[-108.575224,42.590053],[-108.574889,42.590301],[-108.574122,42.590593],[-108.573941,42.590819],[-108.573975,42.591114],[-108.574385,42.591702],[-108.574421,42.592041],[-108.572839,42.593942],[-108.572507,42.594507]]}},{"type":"Feature","properties":{"id":"road-a211","kind":"road","name":"nan","acres":null,"editable":false,"source":"TIGER/UGRC road centerlines"},"geometry":{"type":"LineString","coordinates":[[-108.666384,42.556144],[-108.667485,42.556312],[-108.668212,42.556669],[-108.668977,42.557569],[-108.669817,42.557846],[-108.670302,42.558092],[-108.671597,42.559393],[-108.671916,42.559903],[-108.672089,42.560402],[-108.672167,42.562728],[-108.672278,42.563469],[-108.672433,42.563839],[-108.672488,42.564552],[-108.672393,42.565016],[-108.672626,42.565735],[-108.674216,42.567228]]}},{"type":"Feature","properties":{"id":"road-a212","kind":"road","name":"nan","acres":null,"editable":false,"source":"TIGER/UGRC road centerlines"},"geometry":{"type":"LineString","coordinates":[[-108.69259,42.559295],[-108.691044,42.559775],[-108.69058,42.560004]]}},{"type":"Feature","properties":{"id":"road-a213","kind":"road","name":"nan","acres":null,"editable":false,"source":"TIGER/UGRC road centerlines"},"geometry":{"type":"LineString","coordinates":[[-108.69058,42.560004],[-108.689559,42.56069],[-108.689065,42.56117]]}},{"type":"Feature","properties":{"id":"road-a214","kind":"road","name":"nan","acres":null,"editable":false,"source":"TIGER/UGRC road centerlines"},"geometry":{"type":"LineString","coordinates":[[-108.593219,42.672132],[-108.593033,42.67204],[-108.592196,42.669754],[-108.592195,42.668474],[-108.591699,42.667559],[-108.591141,42.666942],[-108.589007,42.665528],[-108.587795,42.664748],[-108.587175,42.664565]]}},{"type":"Feature","properties":{"id":"road-a215","kind":"road","name":"nan","acres":null,"editable":false,"source":"TIGER/UGRC road centerlines"},"geometry":{"type":"LineString","coordinates":[[-108.629627,42.539745],[-108.62566,42.541633],[-108.623542,42.542346],[-108.622212,42.542692],[-108.615558,42.543411],[-108.613732,42.543505],[-108.612959,42.543735],[-108.612834,42.544032],[-108.613329,42.544307],[-108.614101,42.544514],[-108.615028,42.544629],[-108.615183,42.54472],[-108.615152,42.544926],[-108.613419,42.545272],[-108.612676,42.545502],[-108.612149,42.545823],[-108.611067,42.546923],[-108.608962,42.548298],[-108.608188,42.54855],[-108.606393,42.548873],[-108.60596,42.549217],[-108.605712,42.54963],[-108.604939,42.55002],[-108.604567,42.550638],[-108.604164,42.552081],[-108.603886,42.552492],[-108.603205,42.553021],[-108.602957,42.553478],[-108.602586,42.553776],[-108.601131,42.55435],[-108.599769,42.55458],[-108.597973,42.554583],[-108.597572,42.554743],[-108.597323,42.55511],[-108.597244,42.555725]]}},{"type":"Feature","properties":{"id":"road-a216","kind":"road","name":"nan","acres":null,"editable":false,"source":"TIGER/UGRC road centerlines"},"geometry":{"type":"LineString","coordinates":[[-108.612604,42.738914],[-108.611424,42.739253],[-108.610059,42.739437],[-108.609883,42.739555],[-108.609884,42.739869],[-108.610004,42.740142],[-108.610244,42.740247],[-108.610505,42.740238]]}},{"type":"Feature","properties":{"id":"road-a217","kind":"road","name":"nan","acres":null,"editable":false,"source":"TIGER/UGRC road centerlines"},"geometry":{"type":"LineString","coordinates":[[-108.616509,42.737422],[-108.616633,42.737468],[-108.616789,42.737719],[-108.616789,42.738284]]}},{"type":"Feature","properties":{"id":"road-a218","kind":"road","name":"Canal Rd","acres":null,"editable":false,"source":"TIGER/UGRC road centerlines"},"geometry":{"type":"LineString","coordinates":[[-108.763115,42.534103],[-108.76258,42.534622],[-108.761657,42.53514],[-108.761344,42.535705],[-108.761497,42.536544],[-108.761299,42.537059],[-108.761344,42.53767],[-108.761116,42.53844],[-108.761291,42.538776],[-108.761764,42.539291],[-108.761795,42.539524],[-108.761581,42.53981],[-108.761416,42.539896],[-108.761108,42.539913],[-108.759925,42.540267],[-108.75949,42.540534],[-108.75914,42.540904],[-108.75917,42.541263],[-108.759529,42.541759],[-108.760208,42.541782],[-108.760559,42.541915]]}},{"type":"Feature","properties":{"id":"road-a219","kind":"road","name":"nan","acres":null,"editable":false,"source":"TIGER/UGRC road centerlines"},"geometry":{"type":"LineString","coordinates":[[-108.631376,42.752922],[-108.630992,42.753335],[-108.629626,42.754043],[-108.629316,42.754706],[-108.628664,42.75498],[-108.628229,42.755346],[-108.628043,42.755849],[-108.628011,42.75642],[-108.6286,42.756992],[-108.629251,42.757381],[-108.629282,42.757633]]}},{"type":"Feature","properties":{"id":"road-a220","kind":"road","name":"nan","acres":null,"editable":false,"source":"TIGER/UGRC road centerlines"},"geometry":{"type":"LineString","coordinates":[[-108.587175,42.664565],[-108.588122,42.663692],[-108.587077,42.663041]]}},{"type":"Feature","properties":{"id":"road-a221","kind":"road","name":"nan","acres":null,"editable":false,"source":"TIGER/UGRC road centerlines"},"geometry":{"type":"LineString","coordinates":[[-108.631376,42.752922],[-108.632887,42.752713],[-108.634501,42.752842],[-108.6403,42.753699]]}},{"type":"Feature","properties":{"id":"road-a222","kind":"road","name":"nan","acres":null,"editable":false,"source":"TIGER/UGRC road centerlines"},"geometry":{"type":"LineString","coordinates":[[-108.674307,42.609714],[-108.675742,42.610628],[-108.677122,42.611888],[-108.679058,42.613057],[-108.680226,42.613607],[-108.681057,42.613906],[-108.681456,42.614227],[-108.682163,42.614571],[-108.684102,42.614687],[-108.686073,42.614597],[-108.687119,42.614255],[-108.68792,42.614256],[-108.68875,42.614646],[-108.689213,42.614647],[-108.690719,42.613689],[-108.691672,42.613484],[-108.693088,42.613302],[-108.694103,42.612755],[-108.694811,42.612505],[-108.69749,42.612015],[-108.699034,42.611599],[-108.700041,42.611201],[-108.700176,42.611039]]}},{"type":"Feature","properties":{"id":"road-a223","kind":"road","name":"nan","acres":null,"editable":false,"source":"TIGER/UGRC road centerlines"},"geometry":{"type":"LineString","coordinates":[[-108.622252,42.650911],[-108.622272,42.650447],[-108.621214,42.64937],[-108.619786,42.64769],[-108.619262,42.646758],[-108.619173,42.645977],[-108.618933,42.645446],[-108.617918,42.644112],[-108.617306,42.642817]]}},{"type":"Feature","properties":{"id":"road-a224","kind":"road","name":"Dallas Dome Rd","acres":null,"editable":false,"source":"TIGER/UGRC road centerlines"},"geometry":{"type":"LineString","coordinates":[[-108.618231,42.744873],[-108.618276,42.744666],[-108.617754,42.744085],[-108.617646,42.743854],[-108.616643,42.742845],[-108.61583,42.741651],[-108.615376,42.741257],[-108.615493,42.741182],[-108.615723,42.741221],[-108.616924,42.741141],[-108.617418,42.741306],[-108.617692,42.741786],[-108.618382,42.742442],[-108.61863,42.742965]]}},{"type":"Feature","properties":{"id":"road-a225","kind":"road","name":"nan","acres":null,"editable":false,"source":"TIGER/UGRC road centerlines"},"geometry":{"type":"LineString","coordinates":[[-108.616789,42.738284],[-108.616791,42.739251]]}},{"type":"Feature","properties":{"id":"road-a226","kind":"road","name":"nan","acres":null,"editable":false,"source":"TIGER/UGRC road centerlines"},"geometry":{"type":"LineString","coordinates":[[-108.673561,42.58959],[-108.673856,42.589705],[-108.674198,42.590108],[-108.67485,42.592204],[-108.67479,42.592699],[-108.674513,42.593405],[-108.674606,42.594017],[-108.675506,42.595481],[-108.675508,42.595826]]}},{"type":"Feature","properties":{"id":"road-a227","kind":"road","name":"nan","acres":null,"editable":false,"source":"TIGER/UGRC road centerlines"},"geometry":{"type":"LineString","coordinates":[[-108.541603,42.666006],[-108.541478,42.668384],[-108.540641,42.67003],[-108.540703,42.670533],[-108.541043,42.671265],[-108.541849,42.672271],[-108.541817,42.672751],[-108.541136,42.673299],[-108.540547,42.673642],[-108.540547,42.674077],[-108.541073,42.675083],[-108.541065,42.675341]]}},{"type":"Feature","properties":{"id":"road-a228","kind":"road","name":"South Pass","acres":null,"editable":false,"source":"TIGER/UGRC road centerlines"},"geometry":{"type":"LineString","coordinates":[[-108.722344,42.52736],[-108.723275,42.527337],[-108.724092,42.526789],[-108.724578,42.52629],[-108.727164,42.524849]]}},{"type":"Feature","properties":{"id":"road-a229","kind":"road","name":"nan","acres":null,"editable":false,"source":"TIGER/UGRC road centerlines"},"geometry":{"type":"LineString","coordinates":[[-108.769196,42.528331],[-108.768596,42.527862],[-108.768329,42.527374],[-108.768,42.527098],[-108.767789,42.527414],[-108.766714,42.52817],[-108.766771,42.528469],[-108.767298,42.52914],[-108.767357,42.529383],[-108.766919,42.529774]]}},{"type":"Feature","properties":{"id":"road-a230","kind":"road","name":"nan","acres":null,"editable":false,"source":"TIGER/UGRC road centerlines"},"geometry":{"type":"LineString","coordinates":[[-108.617381,42.746855],[-108.617229,42.74733],[-108.617349,42.747411],[-108.617512,42.747306],[-108.617523,42.747177],[-108.617381,42.746855]]}},{"type":"Feature","properties":{"id":"road-a231","kind":"road","name":"Red Canyon Rd","acres":null,"editable":false,"source":"TIGER/UGRC road centerlines"},"geometry":{"type":"LineString","coordinates":[[-108.633428,42.594742],[-108.633455,42.595],[-108.633317,42.595279],[-108.631372,42.596784],[-108.630237,42.597469],[-108.629275,42.598304],[-108.627836,42.599788],[-108.625963,42.601356],[-108.624721,42.601887],[-108.624463,42.601794],[-108.624291,42.601468],[-108.624117,42.60137],[-108.623769,42.601343],[-108.623386,42.601586],[-108.622882,42.602302],[-108.621778,42.604405],[-108.62028,42.605807],[-108.618953,42.606594],[-108.618477,42.607067],[-108.61825,42.607529],[-108.617754,42.609303],[-108.617221,42.610059],[-108.617142,42.610298],[-108.617251,42.610441],[-108.617843,42.61057],[-108.618099,42.610725],[-108.618169,42.61091],[-108.618122,42.611778],[-108.618539,42.612467],[-108.62053,42.614572],[-108.621293,42.615599],[-108.622606,42.616888],[-108.623482,42.61797],[-108.623621,42.618334],[-108.623601,42.618722],[-108.623006,42.620616],[-108.623318,42.622413],[-108.625025,42.625246],[-108.626515,42.626995],[-108.629726,42.630193],[-108.630604,42.631412],[-108.630925,42.632042],[-108.631085,42.632701],[-108.631409,42.635441],[-108.631933,42.637698],[-108.63277,42.639088],[-108.633314,42.639744],[-108.633408,42.640454],[-108.6337,42.641152],[-108.634327,42.641569],[-108.634521,42.64215],[-108.636003,42.644337],[-108.638318,42.647002],[-108.638601,42.647434],[-108.639125,42.647834],[-108.640349,42.649169],[-108.640615,42.649812],[-108.641258,42.652643],[-108.64171,42.652963],[-108.6432,42.65312],[-108.644011,42.653394],[-108.644535,42.653715],[-108.646553,42.65595],[-108.647185,42.656409],[-108.647445,42.656744],[-108.648662,42.65788],[-108.649064,42.658549],[-108.649447,42.658893],[-108.650567,42.660233],[-108.650898,42.660767],[-108.651191,42.661512],[-108.65169,42.662136],[-108.65431,42.66668],[-108.654739,42.66724],[-108.655295,42.668816],[-108.656279,42.670915],[-108.65698,42.67217],[-108.658264,42.674147],[-108.65909,42.674903],[-108.662499,42.677358],[-108.662929,42.677945],[-108.663637,42.678646],[-108.664096,42.679687],[-108.664153,42.682689],[-108.664783,42.683885],[-108.664977,42.684466],[-108.66551,42.684924],[-108.666406,42.685175],[-108.666947,42.685413],[-108.667897,42.686118],[-108.668102,42.686502],[-108.668052,42.686711],[-108.667837,42.686951],[-108.667088,42.687353],[-108.666803,42.687692],[-108.666048,42.690751],[-108.665617,42.69267],[-108.665382,42.69433],[-108.665462,42.694549],[-108.665913,42.694723],[-108.666139,42.694905],[-108.666079,42.695112],[-108.665593,42.695485],[-108.664642,42.69665],[-108.663758,42.697424],[-108.66241,42.699209],[-108.660096,42.701252],[-108.658955,42.701925],[-108.657452,42.702458],[-108.657178,42.702672],[-108.656404,42.703915],[-108.655831,42.705565],[-108.654884,42.707184],[-108.653695,42.707775],[-108.651625,42.708493],[-108.651029,42.708868],[-108.650476,42.709393],[-108.649874,42.710469],[-108.648797,42.711563],[-108.648642,42.712538],[-108.648247,42.713192],[-108.64698,42.714141],[-108.645716,42.714818],[-108.644981,42.715567],[-108.644102,42.715734]]}},{"type":"Feature","properties":{"id":"road-a232","kind":"road","name":"Carpenter Rd","acres":null,"editable":false,"source":"TIGER/UGRC road centerlines"},"geometry":{"type":"LineString","coordinates":[[-108.68331,42.773331],[-108.682166,42.776824],[-108.682427,42.779355],[-108.682376,42.779789],[-108.679285,42.78106],[-108.676837,42.781952],[-108.674402,42.782648],[-108.672929,42.783508],[-108.671023,42.784919],[-108.670445,42.78516],[-108.670093,42.785639]]}},{"type":"Feature","properties":{"id":"road-a233","kind":"road","name":"nan","acres":null,"editable":false,"source":"TIGER/UGRC road centerlines"},"geometry":{"type":"LineString","coordinates":[[-108.650468,42.558416],[-108.647602,42.558652],[-108.645414,42.558513],[-108.643706,42.55806],[-108.641673,42.557082],[-108.638656,42.557273],[-108.636064,42.557649]]}},{"type":"Feature","properties":{"id":"road-a234","kind":"road","name":"nan","acres":null,"editable":false,"source":"TIGER/UGRC road centerlines"},"geometry":{"type":"LineString","coordinates":[[-108.596518,42.639435],[-108.595745,42.641836],[-108.595768,42.642091]]}},{"type":"Feature","properties":{"id":"road-a235","kind":"road","name":"nan","acres":null,"editable":false,"source":"TIGER/UGRC road centerlines"},"geometry":{"type":"LineString","coordinates":[[-108.674307,42.609714],[-108.673251,42.609926],[-108.67215,42.609965],[-108.670876,42.609722],[-108.670528,42.609278],[-108.670737,42.608754],[-108.671381,42.608311],[-108.672249,42.607907]]}},{"type":"Feature","properties":{"id":"road-a236","kind":"road","name":"Peaks Rd","acres":null,"editable":false,"source":"TIGER/UGRC road centerlines"},"geometry":{"type":"LineString","coordinates":[[-108.666525,42.688982],[-108.670923,42.688974],[-108.67143,42.689048],[-108.671911,42.689321],[-108.672018,42.68952],[-108.671405,42.690525],[-108.671264,42.691071],[-108.671792,42.691424],[-108.672033,42.691797],[-108.672439,42.691876],[-108.673379,42.691783],[-108.674665,42.691973],[-108.675283,42.691936],[-108.677254,42.692607],[-108.678775,42.693418],[-108.679122,42.694009],[-108.679807,42.69388],[-108.6803,42.693929],[-108.680831,42.694396],[-108.681657,42.694732],[-108.682517,42.695268],[-108.684043,42.695579],[-108.685175,42.695999],[-108.686193,42.696774],[-108.687588,42.697634],[-108.689337,42.699021],[-108.691685,42.700208],[-108.692832,42.70058],[-108.693372,42.701025],[-108.694213,42.701227],[-108.694885,42.701245],[-108.69575,42.700869],[-108.697792,42.700524],[-108.699225,42.700462],[-108.699735,42.700189],[-108.69993,42.699938],[-108.700482,42.6998],[-108.700442,42.699426],[-108.700645,42.699134],[-108.701522,42.698687],[-108.702026,42.698249],[-108.702965,42.697832],[-108.704307,42.697453],[-108.704636,42.69731],[-108.704895,42.69708],[-108.705055,42.697033],[-108.705181,42.697082]]}},{"type":"Feature","properties":{"id":"road-a237","kind":"road","name":"nan","acres":null,"editable":false,"source":"TIGER/UGRC road centerlines"},"geometry":{"type":"LineString","coordinates":[[-108.557133,42.551775],[-108.555618,42.551889],[-108.554752,42.552117],[-108.553546,42.552735],[-108.55302,42.552757],[-108.551938,42.552231],[-108.551134,42.55166],[-108.550083,42.551431],[-108.54863,42.551545],[-108.547702,42.551705],[-108.544331,42.55255],[-108.542104,42.55351],[-108.541207,42.553716],[-108.535146,42.554354],[-108.532548,42.555108],[-108.532332,42.555428],[-108.529733,42.557074]]}},{"type":"Feature","properties":{"id":"road-a238","kind":"road","name":"nan","acres":null,"editable":false,"source":"TIGER/UGRC road centerlines"},"geometry":{"type":"LineString","coordinates":[[-108.5395,42.570383],[-108.539345,42.570612],[-108.537241,42.571548],[-108.536313,42.572212],[-108.535323,42.573104],[-108.533032,42.575572],[-108.531392,42.576738],[-108.528483,42.578131],[-108.527772,42.578657],[-108.526688,42.580006],[-108.525419,42.580828],[-108.523531,42.581879],[-108.522943,42.582382],[-108.522355,42.583068],[-108.521271,42.583913],[-108.517154,42.586289],[-108.515575,42.587523],[-108.514801,42.588003]]}},{"type":"Feature","properties":{"id":"road-a239","kind":"road","name":"nan","acres":null,"editable":false,"source":"TIGER/UGRC road centerlines"},"geometry":{"type":"LineString","coordinates":[[-108.689065,42.56117],[-108.688508,42.561947],[-108.688291,42.562473],[-108.688075,42.563731],[-108.687796,42.564508],[-108.687332,42.565286],[-108.686756,42.565728]]}},{"type":"Feature","properties":{"id":"road-a240","kind":"road","name":"nan","acres":null,"editable":false,"source":"TIGER/UGRC road centerlines"},"geometry":{"type":"LineString","coordinates":[[-108.68956,42.559021],[-108.689374,42.559707]]}}]}