{"type":"FeatureCollection","features":[{"type":"Feature","properties":{"id":"wat-a1","kind":"water","name":"Beason Creek","acres":null,"editable":false,"source":"USGS 3DHP flowlines (Channel Line)"},"geometry":{"type":"LineString","coordinates":[[-108.755898,42.732609],[-108.754791,42.732822],[-108.753085,42.733391],[-108.752216,42.733428],[-108.751643,42.73375],[-108.751335,42.733816],[-108.749257,42.733432],[-108.74857,42.733073],[-108.74783,42.732822],[-108.747212,42.732887],[-108.746617,42.732783],[-108.745587,42.732951]]}},{"type":"Feature","properties":{"id":"wat-a2","kind":"water","name":"Willow Creek","acres":null,"editable":false,"source":"USGS 3DHP flowlines (Channel Line)"},"geometry":{"type":"LineString","coordinates":[[-108.654237,42.744934],[-108.65416,42.744923]]}},{"type":"Feature","properties":{"id":"wat-a3","kind":"water","name":"Creek","acres":null,"editable":false,"source":"USGS 3DHP flowlines (Channel Line)"},"geometry":{"type":"LineString","coordinates":[[-108.754389,42.577711],[-108.754213,42.57728],[-108.754428,42.575528],[-108.754288,42.575065]]}},{"type":"Feature","properties":{"id":"wat-a4","kind":"water","name":"Creek","acres":null,"editable":false,"source":"USGS 3DHP flowlines (Channel Line)"},"geometry":{"type":"LineString","coordinates":[[-108.712242,42.77318],[-108.711721,42.773345],[-108.710767,42.77346],[-108.710447,42.773641],[-108.709754,42.773554],[-108.707468,42.77486],[-108.706954,42.775475],[-108.706597,42.775749],[-108.706113,42.775799],[-108.705174,42.776177],[-108.704355,42.776123],[-108.703282,42.776457],[-108.702619,42.777253],[-108.70148,42.777917],[-108.70142,42.778055],[-108.701495,42.778291],[-108.701227,42.778592],[-108.700906,42.778724],[-108.70037,42.778697],[-108.699826,42.778818]]}},{"type":"Feature","properties":{"id":"wat-a5","kind":"water","name":"Creek","acres":null,"editable":false,"source":"USGS 3DHP flowlines (Channel Line)"},"geometry":{"type":"LineString","coordinates":[[-108.690187,42.666976],[-108.689118,42.668109],[-108.688524,42.668338],[-108.687653,42.668914],[-108.684716,42.670398],[-108.683824,42.670955],[-108.680863,42.671833],[-108.680291,42.672137],[-108.679528,42.673232],[-108.678727,42.673915],[-108.678582,42.674133],[-108.67846,42.674671],[-108.678063,42.674968],[-108.677796,42.675323],[-108.677857,42.675708],[-108.678483,42.676437],[-108.67856,42.676876]]}},{"type":"Feature","properties":{"id":"wat-a6","kind":"water","name":"Creek","acres":null,"editable":false,"source":"USGS 3DHP flowlines (Channel Line)"},"geometry":{"type":"LineString","coordinates":[[-108.762849,42.648406],[-108.762195,42.648152],[-108.761556,42.647783],[-108.759601,42.647561],[-108.75898,42.647386]]}},{"type":"Feature","properties":{"id":"wat-a7","kind":"water","name":"Creek","acres":null,"editable":false,"source":"USGS 3DHP flowlines (Channel Line)"},"geometry":{"type":"LineString","coordinates":[[-108.777467,42.560353],[-108.77603,42.560906],[-108.774789,42.561274],[-108.774455,42.561461],[-108.774107,42.561841],[-108.772518,42.562085],[-108.770283,42.562033],[-108.769615,42.562254],[-108.76917,42.562488],[-108.768344,42.563245]]}},{"type":"Feature","properties":{"id":"wat-a8","kind":"water","name":"Creek","acres":null,"editable":false,"source":"USGS 3DHP flowlines (Channel Line)"},"geometry":{"type":"LineString","coordinates":[[-108.63314,42.729264],[-108.632576,42.729378],[-108.631416,42.729428],[-108.630416,42.729161],[-108.629165,42.72913]]}},{"type":"Feature","properties":{"id":"wat-a9","kind":"water","name":"Creek","acres":null,"editable":false,"source":"USGS 3DHP flowlines (Channel Line)"},"geometry":{"type":"LineString","coordinates":[[-108.726199,42.529646],[-108.726636,42.529498],[-108.727333,42.528975],[-108.728289,42.528644],[-108.729235,42.527703]]}},{"type":"Feature","properties":{"id":"wat-a10","kind":"water","name":"Little Popo Agie River","acres":null,"editable":false,"source":"USGS 3DHP flowlines (Channel Line)"},"geometry":{"type":"LineString","coordinates":[[-108.769546,42.630531],[-108.769423,42.63088],[-108.76903,42.631322],[-108.76866,42.632459],[-108.768263,42.632933]]}},{"type":"Feature","properties":{"id":"wat-a11","kind":"water","name":"Creek","acres":null,"editable":false,"source":"USGS 3DHP flowlines (Channel Line)"},"geometry":{"type":"LineString","coordinates":[[-108.730493,42.776116],[-108.729763,42.776566],[-108.729175,42.777044],[-108.728542,42.777274],[-108.727596,42.777983],[-108.72741,42.77835],[-108.727254,42.77908],[-108.726837,42.779503],[-108.726294,42.779843],[-108.725974,42.780211],[-108.725914,42.780485],[-108.725997,42.781116],[-108.725848,42.781638],[-108.725602,42.781912],[-108.725558,42.78256],[-108.725312,42.783021],[-108.725067,42.783131],[-108.724687,42.783526],[-108.72459,42.784119],[-108.724442,42.784283],[-108.724382,42.784613],[-108.724673,42.785397],[-108.724644,42.786341],[-108.724972,42.786961],[-108.725382,42.787241],[-108.725695,42.787625],[-108.725591,42.7883],[-108.72548,42.788486]]}},{"type":"Feature","properties":{"id":"wat-a12","kind":"water","name":"Beaver Creek","acres":null,"editable":false,"source":"USGS 3DHP flowlines (Channel Line)"},"geometry":{"type":"LineString","coordinates":[[-108.749971,42.562672],[-108.748899,42.562839],[-108.74802,42.563227],[-108.747769,42.56342],[-108.747,42.564343]]}},{"type":"Feature","properties":{"id":"wat-a13","kind":"water","name":"Creek","acres":null,"editable":false,"source":"USGS 3DHP flowlines (Channel Line)"},"geometry":{"type":"LineString","coordinates":[[-108.65612,42.769288],[-108.654414,42.769677],[-108.65387,42.769989],[-108.653312,42.770083],[-108.653066,42.770203],[-108.65235,42.7709],[-108.650868,42.771262],[-108.650049,42.771245],[-108.649639,42.771009],[-108.649304,42.771502],[-108.648775,42.771623]]}},{"type":"Feature","properties":{"id":"wat-a14","kind":"water","name":"Creek","acres":null,"editable":false,"source":"USGS 3DHP flowlines (Channel Line)"},"geometry":{"type":"LineString","coordinates":[[-108.776389,42.588192],[-108.778203,42.588186]]}},{"type":"Feature","properties":{"id":"wat-a15","kind":"water","name":"Creek","acres":null,"editable":false,"source":"USGS 3DHP flowlines (Channel Line)"},"geometry":{"type":"LineString","coordinates":[[-108.767057,42.573328],[-108.765917,42.572557]]}},{"type":"Feature","properties":{"id":"wat-a16","kind":"water","name":"Cherry Creek","acres":null,"editable":false,"source":"USGS 3DHP flowlines (Channel Line)"},"geometry":{"type":"LineString","coordinates":[[-108.711125,42.622382],[-108.711157,42.622499],[-108.710917,42.622738],[-108.710635,42.622759],[-108.709628,42.623973],[-108.709697,42.624064],[-108.710216,42.624218],[-108.710496,42.624575],[-108.711534,42.625296],[-108.711633,42.62615],[-108.712427,42.626944],[-108.712983,42.62715],[-108.713144,42.6276],[-108.713533,42.628001],[-108.713281,42.628588],[-108.713342,42.628885],[-108.713518,42.629038],[-108.713884,42.629183],[-108.714464,42.629747],[-108.714807,42.629946],[-108.714937,42.630423],[-108.715624,42.630789],[-108.715631,42.631224],[-108.71599,42.632101]]}},{"type":"Feature","properties":{"id":"wat-a17","kind":"water","name":"Creek","acres":null,"editable":false,"source":"USGS 3DHP flowlines (Channel Line)"},"geometry":{"type":"LineString","coordinates":[[-108.66879,42.730484],[-108.668723,42.730915],[-108.668816,42.731065],[-108.668604,42.731438],[-108.66713,42.732975],[-108.666414,42.733295],[-108.665254,42.733429],[-108.664499,42.733612],[-108.664041,42.733876],[-108.663293,42.73449],[-108.662667,42.734646]]}},{"type":"Feature","properties":{"id":"wat-a18","kind":"water","name":"Weiser Creek","acres":null,"editable":false,"source":"USGS 3DHP flowlines (Channel Line)"},"geometry":{"type":"LineString","coordinates":[[-108.607506,42.643506],[-108.607231,42.643654],[-108.6068,42.644104],[-108.606778,42.644653],[-108.606466,42.645065],[-108.606266,42.645696],[-108.605731,42.646365]]}},{"type":"Feature","properties":{"id":"wat-a19","kind":"water","name":"Creek","acres":null,"editable":false,"source":"USGS 3DHP flowlines (Channel Line)"},"geometry":{"type":"LineString","coordinates":[[-108.77265,42.537553],[-108.773177,42.536921],[-108.773911,42.536268],[-108.774223,42.535878],[-108.77433,42.535452]]}},{"type":"Feature","properties":{"id":"wat-a20","kind":"water","name":"Creek","acres":null,"editable":false,"source":"USGS 3DHP flowlines (Channel Line)"},"geometry":{"type":"LineString","coordinates":[[-108.755301,42.568195],[-108.754239,42.566851],[-108.753496,42.565429],[-108.751134,42.56319],[-108.750755,42.562938],[-108.750682,42.562995],[-108.749971,42.562672]]}},{"type":"Feature","properties":{"id":"wat-a21","kind":"water","name":"Creek","acres":null,"editable":false,"source":"USGS 3DHP flowlines (Channel Line)"},"geometry":{"type":"LineString","coordinates":[[-108.618804,42.661604],[-108.618961,42.662224],[-108.618865,42.662394],[-108.618939,42.66275],[-108.618835,42.66314],[-108.618888,42.664111],[-108.618391,42.664649],[-108.618198,42.664995],[-108.617804,42.665253],[-108.61738,42.665396],[-108.61741,42.66544],[-108.616518,42.665512],[-108.61573,42.665759],[-108.615581,42.665885],[-108.615195,42.666604],[-108.61521,42.666956],[-108.615084,42.667257],[-108.614624,42.667647],[-108.613903,42.668575],[-108.613509,42.668805],[-108.61255,42.668965],[-108.612401,42.668916],[-108.612163,42.669042]]}},{"type":"Feature","properties":{"id":"wat-a22","kind":"water","name":"Creek","acres":null,"editable":false,"source":"USGS 3DHP flowlines (Channel Line)"},"geometry":{"type":"LineString","coordinates":[[-108.782872,42.705435],[-108.781611,42.705536],[-108.780065,42.705407],[-108.779154,42.705624],[-108.778533,42.705567],[-108.778137,42.705712],[-108.77759,42.705647],[-108.7766,42.705682],[-108.775471,42.70585],[-108.774679,42.705798],[-108.774095,42.705287]]}},{"type":"Feature","properties":{"id":"wat-a23","kind":"water","name":"Creek","acres":null,"editable":false,"source":"USGS 3DHP flowlines (Channel Line)"},"geometry":{"type":"LineString","coordinates":[[-108.740123,42.639246],[-108.739184,42.639623],[-108.737788,42.640017],[-108.737353,42.640364],[-108.736582,42.640806],[-108.735644,42.641233]]}},{"type":"Feature","properties":{"id":"wat-a24","kind":"water","name":"Creek","acres":null,"editable":false,"source":"USGS 3DHP flowlines (Channel Line)"},"geometry":{"type":"LineString","coordinates":[[-108.703657,42.534315],[-108.701601,42.536005]]}},{"type":"Feature","properties":{"id":"wat-a25","kind":"water","name":"Stambaugh Creek","acres":null,"editable":false,"source":"USGS 3DHP flowlines (Channel Line)"},"geometry":{"type":"LineString","coordinates":[[-108.594592,42.551981],[-108.594362,42.551734],[-108.593983,42.551553],[-108.593522,42.551169],[-108.593226,42.551098],[-108.592038,42.551159],[-108.59137,42.551565]]}},{"type":"Feature","properties":{"id":"wat-a26","kind":"water","name":"Creek","acres":null,"editable":false,"source":"USGS 3DHP flowlines (Channel Line)"},"geometry":{"type":"LineString","coordinates":[[-108.739139,42.735915],[-108.739032,42.735576],[-108.738766,42.735385],[-108.736813,42.734599],[-108.736256,42.734302],[-108.73576,42.734165],[-108.735653,42.733852],[-108.735531,42.733764],[-108.734981,42.733527],[-108.734394,42.73344],[-108.733913,42.733234],[-108.733585,42.733177],[-108.733616,42.732295],[-108.733509,42.731753],[-108.732509,42.730792],[-108.730655,42.729663],[-108.729526,42.728793],[-108.729335,42.728724],[-108.72874,42.728957],[-108.727962,42.728931],[-108.727451,42.728988],[-108.727069,42.72885],[-108.726665,42.728869],[-108.72588,42.728675],[-108.724399,42.728732],[-108.723811,42.728618],[-108.723384,42.728366],[-108.72314,42.728008],[-108.72285,42.72784],[-108.722774,42.727493],[-108.722179,42.726867],[-108.721439,42.726593],[-108.720989,42.726314],[-108.7205,42.726211]]}},{"type":"Feature","properties":{"id":"wat-a27","kind":"water","name":"Creek","acres":null,"editable":false,"source":"USGS 3DHP flowlines (Channel Line)"},"geometry":{"type":"LineString","coordinates":[[-108.750239,42.629278],[-108.750453,42.628953],[-108.750937,42.627448],[-108.751526,42.626685],[-108.751644,42.625435],[-108.751972,42.624433],[-108.752247,42.624258],[-108.752937,42.624047],[-108.755979,42.62389],[-108.756744,42.623653],[-108.757317,42.623304]]}},{"type":"Feature","properties":{"id":"wat-a28","kind":"water","name":"Creek","acres":null,"editable":false,"source":"USGS 3DHP flowlines (Channel Line)"},"geometry":{"type":"LineString","coordinates":[[-108.779664,42.556294],[-108.779567,42.555053],[-108.779729,42.554649]]}},{"type":"Feature","properties":{"id":"wat-a29","kind":"water","name":"Creek","acres":null,"editable":false,"source":"USGS 3DHP flowlines (Channel Line)"},"geometry":{"type":"LineString","coordinates":[[-108.611215,42.58124],[-108.610837,42.581668],[-108.609931,42.582047],[-108.609842,42.582179],[-108.609323,42.582432],[-108.609227,42.582712],[-108.608915,42.583014],[-108.607646,42.583645],[-108.607252,42.583947],[-108.605478,42.584392],[-108.604876,42.584733],[-108.603614,42.585079],[-108.602583,42.586418],[-108.601277,42.587247],[-108.601061,42.587467],[-108.599458,42.588268],[-108.598693,42.588823],[-108.598121,42.588944],[-108.598003,42.589048],[-108.598107,42.589377],[-108.597891,42.589531],[-108.597921,42.589619],[-108.597179,42.590305],[-108.596852,42.590409],[-108.596511,42.590662],[-108.596377,42.591057]]}},{"type":"Feature","properties":{"id":"wat-a30","kind":"water","name":"Rock Creek","acres":null,"editable":false,"source":"USGS 3DHP flowlines (Channel Line)"},"geometry":{"type":"LineString","coordinates":[[-108.743016,42.525919],[-108.74353,42.52546],[-108.743721,42.525092],[-108.743727,42.524738],[-108.743611,42.524345],[-108.742871,42.522884]]}},{"type":"Feature","properties":{"id":"wat-a31","kind":"water","name":"Creek","acres":null,"editable":false,"source":"USGS 3DHP flowlines (Channel Line)"},"geometry":{"type":"LineString","coordinates":[[-108.771757,42.606],[-108.771727,42.605637],[-108.771259,42.605237],[-108.770315,42.604622],[-108.769871,42.604208]]}},{"type":"Feature","properties":{"id":"wat-a32","kind":"water","name":"Creek","acres":null,"editable":false,"source":"USGS 3DHP flowlines (Channel Line)"},"geometry":{"type":"LineString","coordinates":[[-108.65661,42.736149],[-108.656564,42.73975],[-108.656411,42.740132],[-108.655762,42.740807],[-108.654526,42.741288],[-108.654397,42.741413],[-108.654382,42.741894],[-108.654862,42.74289],[-108.654656,42.743271],[-108.654702,42.743626],[-108.654558,42.744366],[-108.654237,42.744934]]}},{"type":"Feature","properties":{"id":"wat-a33","kind":"water","name":"Creek","acres":null,"editable":false,"source":"USGS 3DHP flowlines (Channel Line)"},"geometry":{"type":"LineString","coordinates":[[-108.718098,42.54847],[-108.717024,42.549158],[-108.716269,42.550103],[-108.715838,42.550487]]}},{"type":"Feature","properties":{"id":"wat-a34","kind":"water","name":"Creek","acres":null,"editable":false,"source":"USGS 3DHP flowlines (Channel Line)"},"geometry":{"type":"LineString","coordinates":[[-108.597167,42.643493],[-108.596847,42.643992],[-108.596572,42.64414],[-108.596097,42.644942],[-108.595362,42.645606],[-108.594871,42.645881],[-108.594596,42.646204],[-108.594366,42.646748],[-108.593593,42.647434],[-108.593021,42.647664],[-108.592196,42.648197],[-108.591491,42.64891],[-108.591126,42.649031],[-108.590487,42.649525],[-108.590064,42.649734],[-108.589796,42.650365],[-108.589403,42.650711],[-108.588563,42.650826],[-108.588474,42.65093],[-108.588139,42.650991],[-108.587715,42.6512],[-108.586794,42.651293],[-108.586816,42.651337],[-108.58631,42.651414]]}},{"type":"Feature","properties":{"id":"wat-a35","kind":"water","name":"Creek","acres":null,"editable":false,"source":"USGS 3DHP flowlines (Channel Line)"},"geometry":{"type":"LineString","coordinates":[[-108.629317,42.638508],[-108.630225,42.638767],[-108.630644,42.63908],[-108.632155,42.639762],[-108.632651,42.639873],[-108.632888,42.640045],[-108.633299,42.640182],[-108.633727,42.640167],[-108.634406,42.639812],[-108.63494,42.639354],[-108.635245,42.639278]]}},{"type":"Feature","properties":{"id":"wat-a36","kind":"water","name":"Beason Creek","acres":null,"editable":false,"source":"USGS 3DHP flowlines (Channel Line)"},"geometry":{"type":"LineString","coordinates":[[-108.76123,42.733785],[-108.760258,42.733658],[-108.759346,42.733883],[-108.759053,42.733869],[-108.758248,42.733493],[-108.758084,42.733309]]}},{"type":"Feature","properties":{"id":"wat-a37","kind":"water","name":"Creek","acres":null,"editable":false,"source":"USGS 3DHP flowlines (Channel Line)"},"geometry":{"type":"LineString","coordinates":[[-108.557602,42.54855],[-108.557402,42.548726],[-108.556927,42.54878],[-108.55683,42.548956],[-108.556585,42.549126]]}},{"type":"Feature","properties":{"id":"wat-a38","kind":"water","name":"Willow Creek","acres":null,"editable":false,"source":"USGS 3DHP flowlines (Channel Line)"},"geometry":{"type":"LineString","coordinates":[[-108.696955,42.729194],[-108.696741,42.729435],[-108.695902,42.729984],[-108.695223,42.73069],[-108.694613,42.730759],[-108.69449,42.730911],[-108.693857,42.730881],[-108.693278,42.730946],[-108.692728,42.730888],[-108.692065,42.731144],[-108.691881,42.731289],[-108.691744,42.731457],[-108.691592,42.732021],[-108.691424,42.732124],[-108.690569,42.732109],[-108.690332,42.732181],[-108.690187,42.732418],[-108.68976,42.732498],[-108.689394,42.732437],[-108.689089,42.732643],[-108.688532,42.73267],[-108.68754,42.73304],[-108.68722,42.733387],[-108.686548,42.733421],[-108.686358,42.73325],[-108.686175,42.733311],[-108.686098,42.733486],[-108.686152,42.733722],[-108.685632,42.734257],[-108.685488,42.734608],[-108.685518,42.73502],[-108.685328,42.735283],[-108.68535,42.735619],[-108.685099,42.735801],[-108.684953,42.735824],[-108.684641,42.735687],[-108.684183,42.735813],[-108.683848,42.735726],[-108.683344,42.735722],[-108.682634,42.735241],[-108.682382,42.735218],[-108.682222,42.735313],[-108.68168,42.735061],[-108.680872,42.735069],[-108.680017,42.734947]]}},{"type":"Feature","properties":{"id":"wat-a39","kind":"water","name":"Creek","acres":null,"editable":false,"source":"USGS 3DHP flowlines (Channel Line)"},"geometry":{"type":"LineString","coordinates":[[-108.571289,42.665617],[-108.570412,42.666012],[-108.568018,42.669606],[-108.567311,42.670276],[-108.566612,42.672125],[-108.56575,42.672987],[-108.565482,42.673727],[-108.565259,42.674029],[-108.565215,42.674424],[-108.565029,42.674616]]}},{"type":"Feature","properties":{"id":"wat-a40","kind":"water","name":"Creek","acres":null,"editable":false,"source":"USGS 3DHP flowlines (Channel Line)"},"geometry":{"type":"LineString","coordinates":[[-108.708922,42.571087],[-108.707836,42.570479],[-108.706781,42.570113],[-108.705689,42.570103],[-108.704819,42.569973]]}},{"type":"Feature","properties":{"id":"wat-a41","kind":"water","name":"Creek","acres":null,"editable":false,"source":"USGS 3DHP flowlines (Channel Line)"},"geometry":{"type":"LineString","coordinates":[[-108.605497,42.545267],[-108.604838,42.546326],[-108.604111,42.546644],[-108.603227,42.546535],[-108.602537,42.546722],[-108.601929,42.546969],[-108.600764,42.548001],[-108.600163,42.54821],[-108.599399,42.548896],[-108.598583,42.549999],[-108.598383,42.55052],[-108.598198,42.550734],[-108.597857,42.551124],[-108.597337,42.551465],[-108.596647,42.551695],[-108.596247,42.552014],[-108.59592,42.552162],[-108.59523,42.552212],[-108.594592,42.551981]]}},{"type":"Feature","properties":{"id":"wat-a42","kind":"water","name":"Creek","acres":null,"editable":false,"source":"USGS 3DHP flowlines (Channel Line)"},"geometry":{"type":"LineString","coordinates":[[-108.684995,42.77186],[-108.684802,42.772409],[-108.684429,42.772705],[-108.683789,42.772705],[-108.68323,42.772606],[-108.682277,42.772996],[-108.681718,42.772941],[-108.681122,42.772979],[-108.680407,42.773237],[-108.680087,42.773248],[-108.678947,42.773599],[-108.678463,42.773583],[-108.677562,42.773758],[-108.677286,42.773725],[-108.677003,42.773863],[-108.676526,42.774559],[-108.673695,42.775739],[-108.673457,42.775777],[-108.673226,42.775914],[-108.673226,42.776216],[-108.673017,42.776397],[-108.672138,42.776759],[-108.6712,42.777429],[-108.670991,42.777686],[-108.670574,42.777895],[-108.670551,42.778389],[-108.670149,42.779113],[-108.670149,42.779563],[-108.669806,42.779854],[-108.669359,42.780057]]}},{"type":"Feature","properties":{"id":"wat-a43","kind":"water","name":"Creek","acres":null,"editable":false,"source":"USGS 3DHP flowlines (Channel Line)"},"geometry":{"type":"LineString","coordinates":[[-108.776659,42.559352],[-108.774625,42.558952],[-108.771833,42.558739],[-108.769344,42.558182]]}},{"type":"Feature","properties":{"id":"wat-a44","kind":"water","name":"Creek","acres":null,"editable":false,"source":"USGS 3DHP flowlines (Channel Line)"},"geometry":{"type":"LineString","coordinates":[[-108.732429,42.633321],[-108.731031,42.633195],[-108.72901,42.633131],[-108.728372,42.63332],[-108.727321,42.633851]]}},{"type":"Feature","properties":{"id":"wat-a45","kind":"water","name":"Creek","acres":null,"editable":false,"source":"USGS 3DHP flowlines (Channel Line)"},"geometry":{"type":"LineString","coordinates":[[-108.673463,42.587565],[-108.673653,42.589009],[-108.673626,42.589738],[-108.673329,42.590498],[-108.672828,42.59119],[-108.672811,42.591338]]}},{"type":"Feature","properties":{"id":"wat-a46","kind":"water","name":"Creek","acres":null,"editable":false,"source":"USGS 3DHP flowlines (Channel Line)"},"geometry":{"type":"LineString","coordinates":[[-108.730288,42.5671],[-108.730076,42.565975],[-108.730566,42.564819]]}},{"type":"Feature","properties":{"id":"wat-a47","kind":"water","name":"Creek","acres":null,"editable":false,"source":"USGS 3DHP flowlines (Channel Line)"},"geometry":{"type":"LineString","coordinates":[[-108.771547,42.658847],[-108.771359,42.660023],[-108.77092,42.660338],[-108.770652,42.660675]]}},{"type":"Feature","properties":{"id":"wat-a48","kind":"water","name":"Little Popo Agie River","acres":null,"editable":false,"source":"USGS 3DHP flowlines (Channel Line)"},"geometry":{"type":"LineString","coordinates":[[-108.626289,42.727448],[-108.626358,42.727586]]}},{"type":"Feature","properties":{"id":"wat-a49","kind":"water","name":"West Fork Cottonwood Creek","acres":null,"editable":false,"source":"USGS 3DHP flowlines (Channel Line)"},"geometry":{"type":"LineString","coordinates":[[-108.568561,42.678106],[-108.56807,42.678392],[-108.568055,42.678715],[-108.567721,42.678929],[-108.567498,42.679275]]}},{"type":"Feature","properties":{"id":"wat-a50","kind":"water","name":"Little Popo Agie River","acres":null,"editable":false,"source":"USGS 3DHP flowlines (Channel Line)"},"geometry":{"type":"LineString","coordinates":[[-108.67856,42.676876],[-108.678529,42.677124],[-108.678323,42.677375],[-108.677873,42.677524]]}},{"type":"Feature","properties":{"id":"wat-a51","kind":"water","name":"Creek","acres":null,"editable":false,"source":"USGS 3DHP flowlines (Channel Line)"},"geometry":{"type":"LineString","coordinates":[[-108.615195,42.630333],[-108.614467,42.630755],[-108.614289,42.630728],[-108.614073,42.630838],[-108.613835,42.630854],[-108.612862,42.631469],[-108.612328,42.632249],[-108.611533,42.632826],[-108.610992,42.633781],[-108.610375,42.634428],[-108.609952,42.634681],[-108.609283,42.634912]]}},{"type":"Feature","properties":{"id":"wat-a52","kind":"water","name":"Red Canyon Creek","acres":null,"editable":false,"source":"USGS 3DHP flowlines (Channel Line)"},"geometry":{"type":"LineString","coordinates":[[-108.627953,42.596375],[-108.626719,42.596773],[-108.62618,42.596834],[-108.625957,42.596946],[-108.62568,42.597268],[-108.625101,42.597466],[-108.624641,42.59774],[-108.624574,42.59796],[-108.624708,42.598399],[-108.624367,42.598789],[-108.624368,42.599601],[-108.624272,42.599776],[-108.624369,42.601027],[-108.623961,42.601675],[-108.623628,42.602767],[-108.623287,42.603069],[-108.623183,42.603486],[-108.622938,42.603657],[-108.622812,42.604551],[-108.622122,42.60487],[-108.621996,42.605018],[-108.622137,42.605243],[-108.6221,42.605419],[-108.621974,42.605677],[-108.621729,42.605847],[-108.621596,42.60622],[-108.621195,42.606538],[-108.620772,42.606665],[-108.620215,42.607016],[-108.619762,42.607543],[-108.619339,42.60773],[-108.619391,42.607993],[-108.619191,42.608455],[-108.619206,42.608981],[-108.619013,42.609283],[-108.619095,42.609481],[-108.618843,42.609914],[-108.619103,42.610057],[-108.619534,42.610501],[-108.620048,42.612487],[-108.620249,42.612734],[-108.621149,42.613365],[-108.622115,42.61365],[-108.622494,42.613858],[-108.622613,42.613836]]}},{"type":"Feature","properties":{"id":"wat-a53","kind":"water","name":"Creek","acres":null,"editable":false,"source":"USGS 3DHP flowlines (Channel Line)"},"geometry":{"type":"LineString","coordinates":[[-108.561785,42.701877],[-108.56171,42.701433],[-108.561815,42.701087],[-108.562804,42.700033],[-108.56328,42.699205],[-108.564098,42.698854],[-108.564225,42.698722],[-108.565014,42.697103],[-108.565155,42.696626],[-108.565586,42.696192],[-108.565438,42.69538],[-108.565929,42.69414],[-108.565929,42.69341],[-108.566546,42.692856],[-108.566345,42.692313]]}},{"type":"Feature","properties":{"id":"wat-a54","kind":"water","name":"Creek","acres":null,"editable":false,"source":"USGS 3DHP flowlines (Channel Line)"},"geometry":{"type":"LineString","coordinates":[[-108.714243,42.545011],[-108.713488,42.546387]]}},{"type":"Feature","properties":{"id":"wat-a55","kind":"water","name":"Creek","acres":null,"editable":false,"source":"USGS 3DHP flowlines (Channel Line)"},"geometry":{"type":"LineString","coordinates":[[-108.598539,42.638581],[-108.597209,42.639213],[-108.596666,42.639268],[-108.59634,42.639389],[-108.596042,42.639701]]}},{"type":"Feature","properties":{"id":"wat-a56","kind":"water","name":"Creek","acres":null,"editable":false,"source":"USGS 3DHP flowlines (Channel Line)"},"geometry":{"type":"LineString","coordinates":[[-108.741984,42.617531],[-108.741649,42.617455],[-108.740852,42.617438]]}},{"type":"Feature","properties":{"id":"wat-a57","kind":"water","name":"Snow Creek","acres":null,"editable":false,"source":"USGS 3DHP flowlines (Channel Line)"},"geometry":{"type":"LineString","coordinates":[[-108.729512,42.610662],[-108.729119,42.611078],[-108.727074,42.612334],[-108.725718,42.612739],[-108.724677,42.612863],[-108.724545,42.613148],[-108.723746,42.613988],[-108.723128,42.614228],[-108.722554,42.614595]]}},{"type":"Feature","properties":{"id":"wat-a58","kind":"water","name":"Creek","acres":null,"editable":false,"source":"USGS 3DHP flowlines (Channel Line)"},"geometry":{"type":"LineString","coordinates":[[-108.707384,42.604514],[-108.708707,42.604413],[-108.709339,42.604544],[-108.710015,42.604587],[-108.711293,42.604404],[-108.712607,42.603979],[-108.713736,42.603955]]}},{"type":"Feature","properties":{"id":"wat-a59","kind":"water","name":"Cherry Creek","acres":null,"editable":false,"source":"USGS 3DHP flowlines (Channel Line)"},"geometry":{"type":"LineString","coordinates":[[-108.713736,42.603955],[-108.713843,42.604065],[-108.713854,42.604768],[-108.714343,42.605408],[-108.714421,42.605932],[-108.714539,42.606051],[-108.715168,42.606172]]}},{"type":"Feature","properties":{"id":"wat-a60","kind":"water","name":"Beaver Creek","acres":null,"editable":false,"source":"USGS 3DHP flowlines (Channel Line)"},"geometry":{"type":"LineString","coordinates":[[-108.772487,42.566325],[-108.771565,42.565687]]}},{"type":"Feature","properties":{"id":"wat-a61","kind":"water","name":"Creek","acres":null,"editable":false,"source":"USGS 3DHP flowlines (Channel Line)"},"geometry":{"type":"LineString","coordinates":[[-108.778973,42.576527],[-108.778112,42.576598],[-108.776708,42.576533],[-108.776279,42.576441]]}},{"type":"Feature","properties":{"id":"wat-a62","kind":"water","name":"Creek","acres":null,"editable":false,"source":"USGS 3DHP flowlines (Channel Line)"},"geometry":{"type":"LineString","coordinates":[[-108.716212,42.757024],[-108.715334,42.757244],[-108.714596,42.757721],[-108.714224,42.757787],[-108.713696,42.75821],[-108.712802,42.758649],[-108.712199,42.758775],[-108.710904,42.759281],[-108.709608,42.760291],[-108.708871,42.760697],[-108.707992,42.761322],[-108.707523,42.761542],[-108.706831,42.761646],[-108.704738,42.761735],[-108.704083,42.76191],[-108.703651,42.761905],[-108.70313,42.762042],[-108.701871,42.76264],[-108.701462,42.762662],[-108.701015,42.762865],[-108.699607,42.762997],[-108.6989,42.763376],[-108.698498,42.763815],[-108.698029,42.763991],[-108.697396,42.764128],[-108.696182,42.764062],[-108.694104,42.764946],[-108.693508,42.765297],[-108.693315,42.765533],[-108.691646,42.765659],[-108.69041,42.766038],[-108.68974,42.766406],[-108.689561,42.766828],[-108.689189,42.767174]]}},{"type":"Feature","properties":{"id":"wat-a63","kind":"water","name":"Creek","acres":null,"editable":false,"source":"USGS 3DHP flowlines (Channel Line)"},"geometry":{"type":"LineString","coordinates":[[-108.769884,42.581891],[-108.769745,42.581523],[-108.769871,42.581229],[-108.770606,42.5805]]}},{"type":"Feature","properties":{"id":"wat-a64","kind":"water","name":"Creek","acres":null,"editable":false,"source":"USGS 3DHP flowlines (Channel Line)"},"geometry":{"type":"LineString","coordinates":[[-108.740176,42.660371],[-108.740747,42.659456]]}},{"type":"Feature","properties":{"id":"wat-a65","kind":"water","name":"Beaver Creek","acres":null,"editable":false,"source":"USGS 3DHP flowlines (Channel Line)"},"geometry":{"type":"LineString","coordinates":[[-108.731177,42.564993],[-108.730566,42.564819]]}},{"type":"Feature","properties":{"id":"wat-a66","kind":"water","name":"Creek","acres":null,"editable":false,"source":"USGS 3DHP flowlines (Channel Line)"},"geometry":{"type":"LineString","coordinates":[[-108.778898,42.587245],[-108.778811,42.587783],[-108.778424,42.588262]]}},{"type":"Feature","properties":{"id":"wat-a67","kind":"water","name":"Creek","acres":null,"editable":false,"source":"USGS 3DHP flowlines (Channel Line)"},"geometry":{"type":"LineString","coordinates":[[-108.769047,42.690271],[-108.768109,42.69074],[-108.766806,42.691079],[-108.765828,42.691181]]}},{"type":"Feature","properties":{"id":"wat-a68","kind":"water","name":"Creek","acres":null,"editable":false,"source":"USGS 3DHP flowlines (Channel Line)"},"geometry":{"type":"LineString","coordinates":[[-108.719718,42.603683],[-108.719289,42.604106],[-108.719089,42.604491],[-108.719135,42.604985],[-108.719321,42.605039],[-108.719426,42.605396],[-108.719346,42.60594],[-108.718284,42.606639]]}},{"type":"Feature","properties":{"id":"wat-a69","kind":"water","name":"Creek","acres":null,"editable":false,"source":"USGS 3DHP flowlines (Channel Line)"},"geometry":{"type":"LineString","coordinates":[[-108.774471,42.585173],[-108.77583,42.585206],[-108.776417,42.58514],[-108.777695,42.58554],[-108.778081,42.585726],[-108.778639,42.586418],[-108.778898,42.587245]]}},{"type":"Feature","properties":{"id":"wat-a70","kind":"water","name":"Creek","acres":null,"editable":false,"source":"USGS 3DHP flowlines (Channel Line)"},"geometry":{"type":"LineString","coordinates":[[-108.547215,42.540477],[-108.546754,42.541607],[-108.546695,42.542376],[-108.546413,42.542853],[-108.545032,42.543967],[-108.544067,42.544405],[-108.543481,42.544987],[-108.54265,42.545629],[-108.542323,42.545755],[-108.541647,42.546243],[-108.541202,42.547022],[-108.540281,42.54784],[-108.539947,42.547966],[-108.539361,42.547906],[-108.53873,42.547982],[-108.537691,42.548838],[-108.537565,42.549035],[-108.536711,42.549633],[-108.533734,42.551301],[-108.532168,42.551926],[-108.531901,42.551964],[-108.531136,42.551816],[-108.530417,42.551893],[-108.528271,42.553604],[-108.526519,42.554443],[-108.525917,42.554563],[-108.525487,42.555057],[-108.524321,42.556023],[-108.524224,42.556215],[-108.524231,42.556747],[-108.523986,42.557049],[-108.522954,42.557641],[-108.522538,42.558332],[-108.5225,42.55921],[-108.521668,42.560049],[-108.521312,42.560088],[-108.520748,42.560005],[-108.519931,42.560493],[-108.519723,42.560515],[-108.519233,42.560767],[-108.519174,42.560899],[-108.51881,42.561041],[-108.518572,42.561036],[-108.518298,42.561206],[-108.51809,42.5612],[-108.517971,42.56131],[-108.517756,42.561348],[-108.517629,42.561546],[-108.516642,42.561831],[-108.516308,42.562044],[-108.515498,42.562225],[-108.515372,42.562417],[-108.515127,42.562565],[-108.514919,42.562582],[-108.514585,42.562774],[-108.514132,42.5629],[-108.513709,42.563174],[-108.513382,42.563124],[-108.513174,42.563272],[-108.512937,42.563201],[-108.51264,42.563261],[-108.511815,42.563793],[-108.511392,42.563957],[-108.510983,42.564457],[-108.510657,42.564577],[-108.510448,42.566091]]}},{"type":"Feature","properties":{"id":"wat-a71","kind":"water","name":"Beason Creek","acres":null,"editable":false,"source":"USGS 3DHP flowlines (Channel Line)"},"geometry":{"type":"LineString","coordinates":[[-108.72768,42.725856],[-108.727115,42.726012],[-108.725879,42.72581],[-108.723575,42.725932],[-108.72298,42.726268],[-108.721843,42.725971],[-108.721401,42.725963],[-108.7205,42.726211]]}},{"type":"Feature","properties":{"id":"wat-a72","kind":"water","name":"Creek","acres":null,"editable":false,"source":"USGS 3DHP flowlines (Channel Line)"},"geometry":{"type":"LineString","coordinates":[[-108.723114,42.629889],[-108.722491,42.630059]]}},{"type":"Feature","properties":{"id":"wat-a73","kind":"water","name":"Creek","acres":null,"editable":false,"source":"USGS 3DHP flowlines (Channel Line)"},"geometry":{"type":"LineString","coordinates":[[-108.51727,42.65955],[-108.517337,42.659484],[-108.518021,42.659408],[-108.518117,42.659326],[-108.518378,42.659331],[-108.519671,42.65903],[-108.520133,42.658684],[-108.520824,42.658438],[-108.521553,42.658059],[-108.522059,42.658005],[-108.522616,42.658147],[-108.522951,42.657956],[-108.52336,42.65744],[-108.524223,42.656666],[-108.524914,42.656508],[-108.525212,42.65636],[-108.525338,42.656162],[-108.526253,42.655679],[-108.527085,42.655586]]}},{"type":"Feature","properties":{"id":"wat-a74","kind":"water","name":"Beaver Creek","acres":null,"editable":false,"source":"USGS 3DHP flowlines (Channel Line)"},"geometry":{"type":"LineString","coordinates":[[-108.780969,42.56971],[-108.780661,42.56965],[-108.779976,42.569317],[-108.779317,42.569219],[-108.778189,42.568868]]}},{"type":"Feature","properties":{"id":"wat-a75","kind":"water","name":"Creek","acres":null,"editable":false,"source":"USGS 3DHP flowlines (Channel Line)"},"geometry":{"type":"LineString","coordinates":[[-108.748564,42.656908],[-108.747747,42.656906],[-108.74687,42.65703],[-108.745457,42.656926],[-108.744449,42.656663]]}},{"type":"Feature","properties":{"id":"wat-a76","kind":"water","name":"Creek","acres":null,"editable":false,"source":"USGS 3DHP flowlines (Channel Line)"},"geometry":{"type":"LineString","coordinates":[[-108.734439,42.701404],[-108.733584,42.701838],[-108.731662,42.702452],[-108.731006,42.702906],[-108.726573,42.705356],[-108.726115,42.705718],[-108.72414,42.706736],[-108.723399,42.708072],[-108.723186,42.708324],[-108.722232,42.708999],[-108.721401,42.709327],[-108.718959,42.709762],[-108.718211,42.70996]]}},{"type":"Feature","properties":{"id":"wat-a77","kind":"water","name":"Willow Creek","acres":null,"editable":false,"source":"USGS 3DHP flowlines (Channel Line)"},"geometry":{"type":"LineString","coordinates":[[-108.648775,42.771623],[-108.648663,42.771799],[-108.648268,42.772073],[-108.647627,42.772248],[-108.647426,42.772215],[-108.646577,42.77272],[-108.646264,42.772731],[-108.645944,42.772582],[-108.645177,42.772725],[-108.644744,42.773339],[-108.644327,42.773602],[-108.644103,42.774025],[-108.643634,42.774255],[-108.642397,42.774562],[-108.641503,42.774655],[-108.641198,42.774792],[-108.640579,42.77528],[-108.639998,42.775538],[-108.639692,42.775976],[-108.638925,42.77641],[-108.638693,42.776711],[-108.638708,42.777002],[-108.639006,42.777403],[-108.63861,42.778072],[-108.637932,42.77845],[-108.63756,42.778423],[-108.636934,42.778856],[-108.637157,42.779218],[-108.637074,42.779833],[-108.637164,42.780124],[-108.636977,42.780371]]}},{"type":"Feature","properties":{"id":"wat-a78","kind":"water","name":"Beaver Creek","acres":null,"editable":false,"source":"USGS 3DHP flowlines (Channel Line)"},"geometry":{"type":"LineString","coordinates":[[-108.70023,42.558838],[-108.698935,42.558361],[-108.6987,42.558132],[-108.69853,42.558119],[-108.698255,42.558294],[-108.697719,42.55831],[-108.697632,42.558011],[-108.697214,42.558111],[-108.696867,42.557951],[-108.696472,42.558105],[-108.695666,42.558152],[-108.694945,42.557876],[-108.694711,42.557961],[-108.69467,42.558078],[-108.694377,42.558081],[-108.6942,42.558194]]}},{"type":"Feature","properties":{"id":"wat-a79","kind":"water","name":"Creek","acres":null,"editable":false,"source":"USGS 3DHP flowlines (Channel Line)"},"geometry":{"type":"LineString","coordinates":[[-108.729958,42.613066],[-108.729654,42.613439],[-108.729388,42.614033],[-108.729054,42.614381]]}},{"type":"Feature","properties":{"id":"wat-a80","kind":"water","name":"Creek","acres":null,"editable":false,"source":"USGS 3DHP flowlines (Channel Line)"},"geometry":{"type":"LineString","coordinates":[[-108.662387,42.726665],[-108.661756,42.726927],[-108.660873,42.726987],[-108.660376,42.727098],[-108.659997,42.727482],[-108.658959,42.728012],[-108.656701,42.728478],[-108.65522,42.728604],[-108.655106,42.728691],[-108.655083,42.728943],[-108.654923,42.729069],[-108.654008,42.729103],[-108.653657,42.729031],[-108.653199,42.728729],[-108.65297,42.728684],[-108.651772,42.728775],[-108.651643,42.728821],[-108.651062,42.72955],[-108.651459,42.730385],[-108.651276,42.730439],[-108.650688,42.730397],[-108.650177,42.730569]]}},{"type":"Feature","properties":{"id":"wat-a81","kind":"water","name":"Creek","acres":null,"editable":false,"source":"USGS 3DHP flowlines (Channel Line)"},"geometry":{"type":"LineString","coordinates":[[-108.719168,42.6325],[-108.717018,42.632151],[-108.716433,42.632517]]}},{"type":"Feature","properties":{"id":"wat-a82","kind":"water","name":"Creek","acres":null,"editable":false,"source":"USGS 3DHP flowlines (Channel Line)"},"geometry":{"type":"LineString","coordinates":[[-108.699826,42.778818],[-108.69923,42.778883],[-108.698962,42.778988],[-108.69859,42.779443],[-108.698046,42.779685],[-108.697286,42.78048],[-108.697048,42.780557],[-108.696445,42.78053],[-108.694873,42.781013],[-108.694255,42.78149],[-108.694158,42.78171],[-108.693972,42.781792],[-108.693554,42.782423],[-108.693361,42.782588],[-108.693063,42.782692]]}},{"type":"Feature","properties":{"id":"wat-a83","kind":"water","name":"Creek","acres":null,"editable":false,"source":"USGS 3DHP flowlines (Channel Line)"},"geometry":{"type":"LineString","coordinates":[[-108.771899,42.620968],[-108.77069,42.622034],[-108.770169,42.622628],[-108.769982,42.623092],[-108.769848,42.624125],[-108.769663,42.624556]]}},{"type":"Feature","properties":{"id":"wat-a84","kind":"water","name":"Twin Creek","acres":null,"editable":false,"source":"USGS 3DHP flowlines (Channel Line)"},"geometry":{"type":"LineString","coordinates":[[-108.704169,42.581718],[-108.703631,42.581752],[-108.702992,42.581902],[-108.702421,42.582188],[-108.701833,42.582617],[-108.700875,42.582481],[-108.699929,42.582696],[-108.698471,42.583225],[-108.69738,42.58341],[-108.696844,42.583417],[-108.694011,42.58192],[-108.692689,42.58074],[-108.692214,42.580416],[-108.691745,42.580235],[-108.69082,42.580207],[-108.68954,42.579893]]}},{"type":"Feature","properties":{"id":"wat-a85","kind":"water","name":"Willow Creek","acres":null,"editable":false,"source":"USGS 3DHP flowlines (Channel Line)"},"geometry":{"type":"LineString","coordinates":[[-108.748561,42.673018],[-108.748309,42.673254],[-108.747989,42.673815],[-108.747325,42.675753],[-108.747005,42.676344],[-108.746989,42.6766]]}},{"type":"Feature","properties":{"id":"wat-a86","kind":"water","name":"Creek","acres":null,"editable":false,"source":"USGS 3DHP flowlines (Channel Line)"},"geometry":{"type":"LineString","coordinates":[[-108.725356,42.55304],[-108.724288,42.553879],[-108.723793,42.554144]]}},{"type":"Feature","properties":{"id":"wat-a87","kind":"water","name":"Creek","acres":null,"editable":false,"source":"USGS 3DHP flowlines (Channel Line)"},"geometry":{"type":"LineString","coordinates":[[-108.618104,42.669034],[-108.617748,42.66916],[-108.617034,42.669781],[-108.616343,42.670138],[-108.615942,42.67044],[-108.615749,42.670939],[-108.614924,42.671384],[-108.614649,42.671664],[-108.614552,42.671905],[-108.614434,42.671922],[-108.613824,42.672427]]}},{"type":"Feature","properties":{"id":"wat-a88","kind":"water","name":"Creek","acres":null,"editable":false,"source":"USGS 3DHP flowlines (Channel Line)"},"geometry":{"type":"LineString","coordinates":[[-108.659058,42.716186],[-108.658547,42.716144],[-108.657745,42.716358],[-108.657227,42.716229],[-108.656456,42.716343],[-108.655953,42.716156],[-108.655526,42.715775],[-108.653809,42.715515],[-108.651802,42.715836],[-108.649773,42.715859],[-108.648842,42.716034],[-108.648315,42.715985],[-108.647553,42.71576],[-108.647027,42.715752],[-108.646332,42.716206],[-108.646042,42.716236],[-108.644699,42.715935],[-108.643165,42.716076]]}},{"type":"Feature","properties":{"id":"wat-a89","kind":"water","name":"Willow Creek","acres":null,"editable":false,"source":"USGS 3DHP flowlines (Channel Line)"},"geometry":{"type":"LineString","coordinates":[[-108.70154,42.726604],[-108.700938,42.72673],[-108.70022,42.727077],[-108.699679,42.727187],[-108.699153,42.727196],[-108.698733,42.727359],[-108.698229,42.728042],[-108.697138,42.729106],[-108.696955,42.729194]]}},{"type":"Feature","properties":{"id":"wat-a90","kind":"water","name":"Canyon Creek","acres":null,"editable":false,"source":"USGS 3DHP flowlines (Channel Line)"},"geometry":{"type":"LineString","coordinates":[[-108.786945,42.659848],[-108.786354,42.659656],[-108.785467,42.659567],[-108.782835,42.658796],[-108.782408,42.658788],[-108.781985,42.658662],[-108.781131,42.658655],[-108.779386,42.658324],[-108.778775,42.658348],[-108.778175,42.658426],[-108.777459,42.658647],[-108.776712,42.659416],[-108.775373,42.660011],[-108.774892,42.660515],[-108.774285,42.660773],[-108.773412,42.660954],[-108.773046,42.660947],[-108.77201,42.660909],[-108.771227,42.660624],[-108.770652,42.660675]]}},{"type":"Feature","properties":{"id":"wat-a91","kind":"water","name":"Creek","acres":null,"editable":false,"source":"USGS 3DHP flowlines (Channel Line)"},"geometry":{"type":"LineString","coordinates":[[-108.668686,42.558137],[-108.667764,42.558343],[-108.666798,42.558792],[-108.664949,42.559376],[-108.664512,42.559646],[-108.664049,42.560312],[-108.663749,42.561162],[-108.66294,42.561622],[-108.66248,42.56254],[-108.660462,42.563715],[-108.660299,42.563838],[-108.659872,42.564513],[-108.657497,42.566131],[-108.656517,42.567237],[-108.656131,42.567805],[-108.655804,42.568068],[-108.654795,42.568651],[-108.65434,42.569101],[-108.652796,42.569673],[-108.652594,42.569849],[-108.652249,42.56995],[-108.652011,42.570134],[-108.651697,42.570713],[-108.652204,42.571795],[-108.652275,42.572175],[-108.652066,42.573206],[-108.652068,42.573809],[-108.652011,42.574024],[-108.651666,42.57445],[-108.65162,42.574701]]}},{"type":"Feature","properties":{"id":"wat-a92","kind":"water","name":"Creek","acres":null,"editable":false,"source":"USGS 3DHP flowlines (Channel Line)"},"geometry":{"type":"LineString","coordinates":[[-108.729235,42.527703],[-108.730505,42.527394]]}},{"type":"Feature","properties":{"id":"wat-a93","kind":"water","name":"Creek","acres":null,"editable":false,"source":"USGS 3DHP flowlines (Channel Line)"},"geometry":{"type":"LineString","coordinates":[[-108.732275,42.527704],[-108.732969,42.527987]]}},{"type":"Feature","properties":{"id":"wat-a94","kind":"water","name":"Creek","acres":null,"editable":false,"source":"USGS 3DHP flowlines (Channel Line)"},"geometry":{"type":"LineString","coordinates":[[-108.72589,42.528334],[-108.726795,42.528214],[-108.728257,42.528205],[-108.728457,42.528156],[-108.728836,42.527865],[-108.729153,42.527731]]}},{"type":"Feature","properties":{"id":"wat-a95","kind":"water","name":"Creek","acres":null,"editable":false,"source":"USGS 3DHP flowlines (Channel Line)"},"geometry":{"type":"LineString","coordinates":[[-108.714222,42.534783],[-108.713909,42.534459],[-108.71393,42.534124],[-108.714196,42.533679],[-108.714187,42.533169],[-108.714378,42.532378]]}},{"type":"Feature","properties":{"id":"wat-a96","kind":"water","name":"Creek","acres":null,"editable":false,"source":"USGS 3DHP flowlines (Channel Line)"},"geometry":{"type":"LineString","coordinates":[[-108.769663,42.624556],[-108.769261,42.625185],[-108.768045,42.625765],[-108.767433,42.626185],[-108.767064,42.626601],[-108.765785,42.627603],[-108.764874,42.628504]]}},{"type":"Feature","properties":{"id":"wat-a97","kind":"water","name":"Creek","acres":null,"editable":false,"source":"USGS 3DHP flowlines (Channel Line)"},"geometry":{"type":"LineString","coordinates":[[-108.651734,42.590805],[-108.651183,42.590883],[-108.647539,42.590881],[-108.646765,42.591684],[-108.645948,42.592352],[-108.645614,42.592471],[-108.645161,42.592867],[-108.64475,42.593093],[-108.643313,42.593711],[-108.642038,42.593919],[-108.641262,42.594129],[-108.639486,42.594029],[-108.638582,42.594091],[-108.637905,42.593942],[-108.636928,42.594003]]}},{"type":"Feature","properties":{"id":"wat-a98","kind":"water","name":"Creek","acres":null,"editable":false,"source":"USGS 3DHP flowlines (Channel Line)"},"geometry":{"type":"LineString","coordinates":[[-108.705596,42.535114],[-108.703942,42.535709],[-108.701601,42.536005]]}},{"type":"Feature","properties":{"id":"wat-a99","kind":"water","name":"Creek","acres":null,"editable":false,"source":"USGS 3DHP flowlines (Channel Line)"},"geometry":{"type":"LineString","coordinates":[[-108.780659,42.517985],[-108.779791,42.518002],[-108.778107,42.517728],[-108.777098,42.517783],[-108.77433,42.517318],[-108.773551,42.517417],[-108.77186,42.518378],[-108.770784,42.519158],[-108.769249,42.52007],[-108.768692,42.520256],[-108.767683,42.520306],[-108.766148,42.521102],[-108.764278,42.521443],[-108.762866,42.522061]]}},{"type":"Feature","properties":{"id":"wat-a100","kind":"water","name":"Creek","acres":null,"editable":false,"source":"USGS 3DHP flowlines (Channel Line)"},"geometry":{"type":"LineString","coordinates":[[-108.585643,42.515053],[-108.585094,42.515179],[-108.580837,42.515575],[-108.578508,42.516777],[-108.577848,42.51692],[-108.57724,42.517282],[-108.57655,42.517573],[-108.575949,42.517716],[-108.575133,42.51805],[-108.574421,42.518078],[-108.574184,42.51816],[-108.573234,42.518139],[-108.572752,42.518221],[-108.572144,42.5186],[-108.571603,42.518764],[-108.570097,42.518737],[-108.569496,42.518918],[-108.568509,42.519011],[-108.565913,42.519527],[-108.563962,42.520098],[-108.563443,42.52035],[-108.562672,42.520422],[-108.561522,42.520949],[-108.560802,42.52113],[-108.559897,42.52164],[-108.559474,42.521717],[-108.55917,42.521931],[-108.558681,42.522469],[-108.558362,42.52299],[-108.558287,42.523429],[-108.557946,42.523709],[-108.55779,42.523989],[-108.557738,42.524537],[-108.557575,42.524949],[-108.557301,42.525185],[-108.556907,42.525355],[-108.556841,42.525465],[-108.557152,42.525821],[-108.557234,42.526041]]}},{"type":"Feature","properties":{"id":"wat-a101","kind":"water","name":"Creek","acres":null,"editable":false,"source":"USGS 3DHP flowlines (Channel Line)"},"geometry":{"type":"LineString","coordinates":[[-108.773476,42.586442],[-108.774576,42.586776],[-108.775668,42.587456],[-108.776166,42.587588],[-108.777867,42.587582],[-108.778187,42.587834],[-108.778203,42.588186]]}},{"type":"Feature","properties":{"id":"wat-a102","kind":"water","name":"East Fork Cottonwood Creek","acres":null,"editable":false,"source":"USGS 3DHP flowlines (Channel Line)"},"geometry":{"type":"LineString","coordinates":[[-108.558648,42.678918],[-108.558819,42.679138],[-108.558968,42.679165],[-108.559072,42.678902],[-108.55928,42.678732],[-108.559845,42.678743],[-108.56012,42.678617],[-108.5605,42.678781],[-108.560961,42.679209],[-108.561013,42.679407],[-108.560849,42.679687],[-108.560938,42.679774],[-108.561295,42.679763],[-108.561481,42.679659],[-108.561533,42.679725],[-108.562024,42.679319],[-108.562381,42.679368],[-108.562373,42.679632],[-108.562515,42.679698],[-108.562887,42.679401],[-108.563192,42.679231],[-108.56337,42.679237],[-108.563638,42.679111],[-108.563794,42.678891],[-108.564523,42.678534],[-108.565118,42.678567],[-108.565467,42.678732],[-108.565735,42.678693]]}},{"type":"Feature","properties":{"id":"wat-a103","kind":"water","name":"Creek","acres":null,"editable":false,"source":"USGS 3DHP flowlines (Channel Line)"},"geometry":{"type":"LineString","coordinates":[[-108.77917,42.668644],[-108.778343,42.668164],[-108.777831,42.667191],[-108.777311,42.666549]]}},{"type":"Feature","properties":{"id":"wat-a104","kind":"water","name":"Creek","acres":null,"editable":false,"source":"USGS 3DHP flowlines (Channel Line)"},"geometry":{"type":"LineString","coordinates":[[-108.645851,42.583606],[-108.645493,42.584049],[-108.645023,42.584237],[-108.644672,42.584491],[-108.644234,42.585121],[-108.644109,42.585524],[-108.643484,42.585943],[-108.64251,42.587202]]}},{"type":"Feature","properties":{"id":"wat-a105","kind":"water","name":"Little Popo Agie River","acres":null,"editable":false,"source":"USGS 3DHP flowlines (Channel Line)"},"geometry":{"type":"LineString","coordinates":[[-108.635405,42.771903],[-108.635517,42.772123]]}},{"type":"Feature","properties":{"id":"wat-a106","kind":"water","name":"Pass Creek","acres":null,"editable":false,"source":"USGS 3DHP flowlines (Channel Line)"},"geometry":{"type":"LineString","coordinates":[[-108.762998,42.609147],[-108.762503,42.609263],[-108.76208,42.60916]]}},{"type":"Feature","properties":{"id":"wat-a107","kind":"water","name":"East Fork Cottonwood Creek","acres":null,"editable":false,"source":"USGS 3DHP flowlines (Channel Line)"},"geometry":{"type":"LineString","coordinates":[[-108.554298,42.673733],[-108.554588,42.673958],[-108.554595,42.674594],[-108.554767,42.674753],[-108.554759,42.675017],[-108.554923,42.675351],[-108.554588,42.675604],[-108.55458,42.675736],[-108.554952,42.676142],[-108.555056,42.676449],[-108.555554,42.676767],[-108.5558,42.677321],[-108.555398,42.677618],[-108.555443,42.67804],[-108.555673,42.678221],[-108.55603,42.678249]]}},{"type":"Feature","properties":{"id":"wat-a108","kind":"water","name":"Creek","acres":null,"editable":false,"source":"USGS 3DHP flowlines (Channel Line)"},"geometry":{"type":"LineString","coordinates":[[-108.725051,42.637563],[-108.723859,42.638089],[-108.72226,42.63906],[-108.721675,42.639249],[-108.720271,42.639375],[-108.719567,42.639586],[-108.718694,42.640199],[-108.718326,42.640627]]}},{"type":"Feature","properties":{"id":"wat-a109","kind":"water","name":"Creek","acres":null,"editable":false,"source":"USGS 3DHP flowlines (Channel Line)"},"geometry":{"type":"LineString","coordinates":[[-108.571758,42.586989],[-108.571298,42.586671],[-108.570912,42.585963],[-108.570296,42.585645],[-108.569984,42.585326],[-108.569842,42.585129],[-108.569813,42.584405],[-108.569701,42.584223],[-108.568387,42.583538],[-108.568261,42.582967],[-108.567414,42.581935],[-108.567125,42.581666],[-108.566308,42.581233],[-108.566263,42.580882],[-108.566063,42.580657],[-108.566293,42.580092],[-108.567169,42.579647],[-108.567592,42.579592]]}},{"type":"Feature","properties":{"id":"wat-a110","kind":"water","name":"Creek","acres":null,"editable":false,"source":"USGS 3DHP flowlines (Channel Line)"},"geometry":{"type":"LineString","coordinates":[[-108.695379,42.774883],[-108.693852,42.774955],[-108.693308,42.775048],[-108.692615,42.775334],[-108.69088,42.775405],[-108.689874,42.775345],[-108.688995,42.775163],[-108.688563,42.775185],[-108.687856,42.77535],[-108.686105,42.776409],[-108.685219,42.777463],[-108.684243,42.777913],[-108.682947,42.778785],[-108.682194,42.779065],[-108.682142,42.779147],[-108.679326,42.780052],[-108.678879,42.78031],[-108.678581,42.780393],[-108.677456,42.780321],[-108.676786,42.780711],[-108.676391,42.780755],[-108.674678,42.780535],[-108.669359,42.780057]]}},{"type":"Feature","properties":{"id":"wat-a111","kind":"water","name":"Creek","acres":null,"editable":false,"source":"USGS 3DHP flowlines (Channel Line)"},"geometry":{"type":"LineString","coordinates":[[-108.777132,42.690829],[-108.775587,42.69166],[-108.771225,42.693475],[-108.769759,42.694167],[-108.769272,42.694481],[-108.768502,42.695187],[-108.767367,42.696533],[-108.767239,42.696693],[-108.767217,42.696972],[-108.766782,42.697206],[-108.766314,42.697639],[-108.765111,42.699875],[-108.764434,42.700357],[-108.763257,42.701523],[-108.762882,42.701759],[-108.762128,42.702699],[-108.761713,42.703384],[-108.760147,42.704479],[-108.759099,42.70544],[-108.758528,42.705699],[-108.75745,42.70648],[-108.75655,42.707416],[-108.755947,42.707873],[-108.755501,42.708044],[-108.754359,42.70822],[-108.753274,42.708199],[-108.75222,42.708295],[-108.751863,42.708378],[-108.751366,42.70862],[-108.750164,42.708708],[-108.748043,42.709147],[-108.74728,42.708987],[-108.746273,42.708972],[-108.745594,42.708819],[-108.74496,42.708922],[-108.742725,42.708819],[-108.742259,42.708964],[-108.74168,42.709029],[-108.740482,42.708804],[-108.739612,42.708724],[-108.738933,42.708785]]}},{"type":"Feature","properties":{"id":"wat-a112","kind":"water","name":"Creek","acres":null,"editable":false,"source":"USGS 3DHP flowlines (Channel Line)"},"geometry":{"type":"LineString","coordinates":[[-108.777272,42.645038],[-108.776764,42.646185],[-108.776212,42.646684],[-108.776025,42.647002],[-108.775593,42.647446],[-108.775398,42.647803],[-108.774675,42.648653],[-108.774404,42.649141]]}},{"type":"Feature","properties":{"id":"wat-a113","kind":"water","name":"Creek","acres":null,"editable":false,"source":"USGS 3DHP flowlines (Channel Line)"},"geometry":{"type":"LineString","coordinates":[[-108.736271,42.592401],[-108.736175,42.593625]]}},{"type":"Feature","properties":{"id":"wat-a114","kind":"water","name":"Little Popo Agie River","acres":null,"editable":false,"source":"USGS 3DHP flowlines (Channel Line)"},"geometry":{"type":"LineString","coordinates":[[-108.643165,42.716076],[-108.64273,42.717221],[-108.642792,42.717777],[-108.642555,42.718022],[-108.642219,42.718159],[-108.641228,42.718308],[-108.640342,42.71814],[-108.638863,42.718159],[-108.638123,42.717926],[-108.638046,42.718033],[-108.6381,42.71835],[-108.637932,42.718571]]}},{"type":"Feature","properties":{"id":"wat-a115","kind":"water","name":"Creek","acres":null,"editable":false,"source":"USGS 3DHP flowlines (Channel Line)"},"geometry":{"type":"LineString","coordinates":[[-108.633446,42.733388],[-108.632866,42.733475],[-108.632072,42.733433],[-108.631729,42.733323],[-108.63121,42.733662],[-108.630478,42.733617],[-108.629898,42.734067],[-108.629188,42.73396],[-108.628242,42.734185],[-108.627815,42.733971],[-108.627166,42.733891],[-108.62664,42.734036],[-108.626449,42.734479],[-108.625342,42.734434],[-108.625246,42.7345],[-108.625238,42.734698],[-108.624546,42.734945],[-108.624018,42.734759],[-108.623645,42.734424],[-108.623437,42.734463],[-108.623288,42.734348],[-108.62305,42.734414],[-108.62296,42.734364],[-108.622886,42.734013]]}},{"type":"Feature","properties":{"id":"wat-a116","kind":"water","name":"Creek","acres":null,"editable":false,"source":"USGS 3DHP flowlines (Channel Line)"},"geometry":{"type":"LineString","coordinates":[[-108.53083,42.568848],[-108.530786,42.569178],[-108.531016,42.569403],[-108.530882,42.569798],[-108.530577,42.569968],[-108.530481,42.57016],[-108.53002,42.570522],[-108.529195,42.571822],[-108.529128,42.572085],[-108.528593,42.57276],[-108.52817,42.573715],[-108.527895,42.573951],[-108.527858,42.574143],[-108.526996,42.574982],[-108.525317,42.576156],[-108.524285,42.576682],[-108.52294,42.577642],[-108.522094,42.577998],[-108.521603,42.578448],[-108.521277,42.578552],[-108.519538,42.579676],[-108.518446,42.580181],[-108.517859,42.580718],[-108.51725,42.58108],[-108.516077,42.581601],[-108.515683,42.581683],[-108.515104,42.582083],[-108.513344,42.582423]]}},{"type":"Feature","properties":{"id":"wat-a117","kind":"water","name":"Creek","acres":null,"editable":false,"source":"USGS 3DHP flowlines (Channel Line)"},"geometry":{"type":"LineString","coordinates":[[-108.545292,42.610895],[-108.544809,42.611214],[-108.544229,42.611422],[-108.540737,42.613523],[-108.537801,42.615657],[-108.536494,42.616419],[-108.534688,42.617653],[-108.5339,42.618054],[-108.532859,42.618866],[-108.532346,42.619074],[-108.531358,42.620133],[-108.53031,42.620922],[-108.528578,42.621959],[-108.52831,42.621997],[-108.528095,42.622123],[-108.527723,42.622579],[-108.526682,42.623303],[-108.526437,42.623604],[-108.526102,42.623796],[-108.525634,42.624246],[-108.524764,42.624811],[-108.524339,42.625329],[-108.524012,42.625367],[-108.523439,42.626366],[-108.523224,42.62647],[-108.523097,42.626799],[-108.522941,42.626882],[-108.522376,42.627617],[-108.520866,42.629032],[-108.520079,42.629388],[-108.519714,42.629668],[-108.519387,42.629728],[-108.518503,42.63032],[-108.518309,42.630693],[-108.517729,42.631072],[-108.517506,42.631467],[-108.517528,42.631577],[-108.516896,42.632613],[-108.51668,42.632761],[-108.516123,42.632641],[-108.515855,42.632701],[-108.515357,42.633282],[-108.514666,42.633403],[-108.51445,42.633595],[-108.513997,42.633803],[-108.51393,42.633935],[-108.513298,42.634231],[-108.512696,42.63439],[-108.512116,42.634773],[-108.512086,42.634729],[-108.511967,42.634817],[-108.510585,42.635135],[-108.509946,42.635113],[-108.509879,42.634311],[-108.509553,42.633538],[-108.509271,42.633115],[-108.508952,42.632862],[-108.508922,42.632928],[-108.508535,42.632879],[-108.507533,42.632659],[-108.50676,42.632752],[-108.506433,42.632702],[-108.506173,42.632543],[-108.505125,42.632608],[-108.504478,42.632553],[-108.503906,42.632717],[-108.503899,42.632805],[-108.503542,42.632991],[-108.503296,42.633008],[-108.502992,42.633288],[-108.502902,42.634034],[-108.502619,42.634511],[-108.502433,42.634615],[-108.501088,42.634488],[-108.500821,42.634406]]}},{"type":"Feature","properties":{"id":"wat-a118","kind":"water","name":"Creek","acres":null,"editable":false,"source":"USGS 3DHP flowlines (Channel Line)"},"geometry":{"type":"LineString","coordinates":[[-108.537492,42.52837],[-108.537433,42.527986],[-108.537322,42.527838],[-108.536454,42.527097],[-108.536291,42.526806],[-108.536084,42.52516]]}},{"type":"Feature","properties":{"id":"wat-a119","kind":"water","name":"Creek","acres":null,"editable":false,"source":"USGS 3DHP flowlines (Channel Line)"},"geometry":{"type":"LineString","coordinates":[[-108.745979,42.64904],[-108.746259,42.649697],[-108.747378,42.650747]]}},{"type":"Feature","properties":{"id":"wat-a120","kind":"water","name":"Beaver Creek","acres":null,"editable":false,"source":"USGS 3DHP flowlines (Channel Line)"},"geometry":{"type":"LineString","coordinates":[[-108.589154,42.520819],[-108.588894,42.520528],[-108.588597,42.520479],[-108.588049,42.520929]]}},{"type":"Feature","properties":{"id":"wat-a121","kind":"water","name":"Tweed Creek","acres":null,"editable":false,"source":"USGS 3DHP flowlines (Channel Line)"},"geometry":{"type":"LineString","coordinates":[[-108.637131,42.553465],[-108.634947,42.55324],[-108.634284,42.553046],[-108.632963,42.552884],[-108.632313,42.552682],[-108.631791,42.552635],[-108.630909,42.552779],[-108.628251,42.55348],[-108.626037,42.55374],[-108.625261,42.554103],[-108.625009,42.554471],[-108.624311,42.555026],[-108.622368,42.55613],[-108.621945,42.556273],[-108.62052,42.556992],[-108.618791,42.557372],[-108.617916,42.557685],[-108.61773,42.557855],[-108.617664,42.558141],[-108.617508,42.558289],[-108.616692,42.55869],[-108.616009,42.55936],[-108.615802,42.559486],[-108.615052,42.559667],[-108.614088,42.560019],[-108.61342,42.560491]]}},{"type":"Feature","properties":{"id":"wat-a122","kind":"water","name":"Creek","acres":null,"editable":false,"source":"USGS 3DHP flowlines (Channel Line)"},"geometry":{"type":"LineString","coordinates":[[-108.512962,42.672536],[-108.51398,42.672998],[-108.514671,42.673733],[-108.515251,42.674096],[-108.515273,42.674249],[-108.515957,42.674969],[-108.516165,42.675084],[-108.516395,42.675089],[-108.516893,42.675293],[-108.517816,42.675315],[-108.519057,42.675453],[-108.519964,42.675974],[-108.520321,42.676002],[-108.520693,42.676342],[-108.521302,42.676639],[-108.521845,42.677177],[-108.522068,42.677599],[-108.522618,42.67794],[-108.523004,42.678083],[-108.523361,42.678747],[-108.52371,42.678928],[-108.524171,42.679466],[-108.524252,42.679619],[-108.524215,42.679817],[-108.524639,42.680267],[-108.525732,42.680553],[-108.527159,42.681327],[-108.527761,42.682567],[-108.528549,42.682935],[-108.52927,42.683566],[-108.52979,42.683885],[-108.52979,42.683994],[-108.530051,42.68422],[-108.530251,42.684291],[-108.53153,42.684341],[-108.532423,42.68427]]}},{"type":"Feature","properties":{"id":"wat-a123","kind":"water","name":"Creek","acres":null,"editable":false,"source":"USGS 3DHP flowlines (Channel Line)"},"geometry":{"type":"LineString","coordinates":[[-108.556561,42.609904],[-108.556338,42.610271],[-108.556093,42.610463],[-108.555759,42.611599],[-108.555149,42.611983],[-108.554161,42.612773],[-108.553604,42.614189],[-108.55321,42.614485],[-108.552771,42.615051],[-108.552407,42.615281],[-108.55211,42.615934],[-108.552103,42.616197],[-108.551753,42.61674],[-108.550862,42.617514],[-108.550757,42.617904],[-108.550237,42.618332],[-108.549888,42.618919],[-108.549026,42.619692],[-108.548899,42.619906],[-108.548944,42.620175],[-108.549687,42.621064],[-108.549672,42.621328],[-108.549545,42.621525],[-108.548758,42.622013],[-108.548899,42.622919],[-108.548586,42.623259],[-108.5484,42.624247],[-108.548512,42.62451],[-108.548443,42.625241],[-108.548554,42.625351],[-108.548532,42.626009],[-108.548346,42.626223],[-108.548339,42.626355],[-108.54894,42.626876],[-108.549267,42.627738]]}},{"type":"Feature","properties":{"id":"wat-a124","kind":"water","name":"Critnan Creek","acres":null,"editable":false,"source":"USGS 3DHP flowlines (Channel Line)"},"geometry":{"type":"LineString","coordinates":[[-108.53534,42.665175],[-108.5356,42.665312],[-108.535898,42.66534],[-108.53621,42.66574],[-108.5365,42.665899],[-108.537005,42.665867],[-108.537622,42.665988],[-108.538782,42.666037],[-108.539347,42.665938],[-108.539533,42.665747],[-108.539808,42.665686],[-108.540195,42.665714],[-108.541065,42.665467],[-108.541578,42.665215],[-108.542113,42.665226],[-108.543192,42.664963],[-108.543697,42.665039],[-108.543883,42.66476],[-108.544069,42.664677],[-108.544783,42.664623],[-108.545117,42.664458],[-108.545831,42.664337]]}},{"type":"Feature","properties":{"id":"wat-a125","kind":"water","name":"Creek","acres":null,"editable":false,"source":"USGS 3DHP flowlines (Channel Line)"},"geometry":{"type":"LineString","coordinates":[[-108.55078,42.707221],[-108.549761,42.706562],[-108.548259,42.704707],[-108.547887,42.704394],[-108.547775,42.704104],[-108.546563,42.70316],[-108.546087,42.702424],[-108.545515,42.701096],[-108.545002,42.700515],[-108.544979,42.700295],[-108.544838,42.700136],[-108.544861,42.699587],[-108.544184,42.698654],[-108.543009,42.697354],[-108.542563,42.696574],[-108.542467,42.696091],[-108.542571,42.695696],[-108.542854,42.695246],[-108.542653,42.695021],[-108.542631,42.694868]]}},{"type":"Feature","properties":{"id":"wat-a126","kind":"water","name":"Creek","acres":null,"editable":false,"source":"USGS 3DHP flowlines (Channel Line)"},"geometry":{"type":"LineString","coordinates":[[-108.680849,42.730602],[-108.680994,42.731171],[-108.680971,42.732246],[-108.680735,42.733074],[-108.681024,42.733502],[-108.680948,42.733741],[-108.681131,42.734287],[-108.68104,42.734417],[-108.680017,42.734947]]}},{"type":"Feature","properties":{"id":"wat-a127","kind":"water","name":"Creek","acres":null,"editable":false,"source":"USGS 3DHP flowlines (Channel Line)"},"geometry":{"type":"LineString","coordinates":[[-108.760429,42.542429],[-108.75936,42.542363],[-108.759078,42.542276],[-108.757428,42.541136]]}},{"type":"Feature","properties":{"id":"wat-a128","kind":"water","name":"Creek","acres":null,"editable":false,"source":"USGS 3DHP flowlines (Channel Line)"},"geometry":{"type":"LineString","coordinates":[[-108.771642,42.573971],[-108.770966,42.573703],[-108.7698,42.57395],[-108.769319,42.573941]]}},{"type":"Feature","properties":{"id":"wat-a129","kind":"water","name":"Creek","acres":null,"editable":false,"source":"USGS 3DHP flowlines (Channel Line)"},"geometry":{"type":"LineString","coordinates":[[-108.745493,42.636566],[-108.74519,42.636831],[-108.744042,42.637334],[-108.743273,42.637875],[-108.742215,42.638428],[-108.741653,42.638853],[-108.740123,42.639246]]}},{"type":"Feature","properties":{"id":"wat-a130","kind":"water","name":"Creek","acres":null,"editable":false,"source":"USGS 3DHP flowlines (Channel Line)"},"geometry":{"type":"LineString","coordinates":[[-108.63363,42.535238],[-108.63454,42.534681],[-108.635188,42.533965],[-108.636066,42.531668],[-108.636714,42.530628],[-108.637037,42.529806],[-108.63746,42.52923],[-108.638257,42.528778],[-108.638603,42.528317],[-108.638699,42.527715]]}},{"type":"Feature","properties":{"id":"wat-a131","kind":"water","name":"Creek","acres":null,"editable":false,"source":"USGS 3DHP flowlines (Channel Line)"},"geometry":{"type":"LineString","coordinates":[[-108.774113,42.582994],[-108.773036,42.582814],[-108.772196,42.58283],[-108.771766,42.582754],[-108.771245,42.582496],[-108.770703,42.58237],[-108.769884,42.581891]]}},{"type":"Feature","properties":{"id":"wat-a132","kind":"water","name":"Twin Creek","acres":null,"editable":false,"source":"USGS 3DHP flowlines (Channel Line)"},"geometry":{"type":"LineString","coordinates":[[-108.568874,42.692192],[-108.569313,42.692461],[-108.569075,42.692543],[-108.569127,42.692659],[-108.569663,42.692713],[-108.569804,42.692845],[-108.569447,42.694288],[-108.569291,42.694568],[-108.569373,42.694771],[-108.569551,42.694837],[-108.569968,42.694716],[-108.570518,42.695166],[-108.570905,42.695106],[-108.570994,42.695155],[-108.571136,42.695287],[-108.57121,42.695665],[-108.571441,42.695825],[-108.571344,42.696104],[-108.571828,42.696752],[-108.572267,42.696807],[-108.572512,42.696746],[-108.572884,42.697125],[-108.573152,42.697021],[-108.572981,42.696818],[-108.573048,42.696604],[-108.573226,42.696647],[-108.573338,42.696851],[-108.574082,42.696823],[-108.574134,42.696955],[-108.574044,42.697103],[-108.574178,42.69746],[-108.574379,42.697641],[-108.574826,42.697668],[-108.575034,42.697586],[-108.57551,42.697553],[-108.575413,42.697728],[-108.575503,42.697816],[-108.576157,42.697854],[-108.576358,42.697964],[-108.576715,42.697953],[-108.576834,42.698019],[-108.577013,42.698727],[-108.577236,42.699084],[-108.577169,42.699363],[-108.576857,42.699621],[-108.576849,42.699841],[-108.576485,42.700121]]}},{"type":"Feature","properties":{"id":"wat-a133","kind":"water","name":"Little Popo Agie River","acres":null,"editable":false,"source":"USGS 3DHP flowlines (Channel Line)"},"geometry":{"type":"LineString","coordinates":[[-108.734873,42.653192],[-108.733721,42.653341],[-108.731723,42.653956],[-108.730929,42.654062],[-108.730372,42.654318],[-108.729998,42.654643]]}},{"type":"Feature","properties":{"id":"wat-a134","kind":"water","name":"Rock Creek","acres":null,"editable":false,"source":"USGS 3DHP flowlines (Channel Line)"},"geometry":{"type":"LineString","coordinates":[[-108.761908,42.54771],[-108.761223,42.547361],[-108.759585,42.546978]]}},{"type":"Feature","properties":{"id":"wat-a135","kind":"water","name":"Creek","acres":null,"editable":false,"source":"USGS 3DHP flowlines (Channel Line)"},"geometry":{"type":"LineString","coordinates":[[-108.770771,42.596734],[-108.771529,42.59742],[-108.77173,42.598008],[-108.771682,42.598536]]}},{"type":"Feature","properties":{"id":"wat-a136","kind":"water","name":"Little Popo Agie River","acres":null,"editable":false,"source":"USGS 3DHP flowlines (Channel Line)"},"geometry":{"type":"LineString","coordinates":[[-108.677873,42.677524],[-108.677247,42.677314],[-108.676606,42.676914],[-108.676056,42.676788],[-108.675592,42.676841],[-108.675149,42.677375],[-108.674607,42.67752],[-108.674577,42.677669],[-108.674783,42.678111],[-108.674706,42.678489],[-108.674408,42.678947],[-108.674119,42.679141],[-108.673173,42.680332],[-108.67273,42.680606],[-108.672196,42.680782],[-108.671899,42.681072],[-108.670983,42.681205],[-108.670868,42.681293],[-108.670777,42.681697],[-108.670373,42.682144],[-108.670128,42.682293],[-108.669022,42.682606],[-108.668793,42.682865],[-108.668587,42.683669],[-108.668412,42.683971],[-108.668167,42.684162],[-108.667176,42.68436],[-108.666848,42.685138]]}},{"type":"Feature","properties":{"id":"wat-a137","kind":"water","name":"Creek","acres":null,"editable":false,"source":"USGS 3DHP flowlines (Channel Line)"},"geometry":{"type":"LineString","coordinates":[[-108.783539,42.687794],[-108.782177,42.687776],[-108.781447,42.687989],[-108.780128,42.688641],[-108.778851,42.688911]]}},{"type":"Feature","properties":{"id":"wat-a138","kind":"water","name":"Tweed Creek","acres":null,"editable":false,"source":"USGS 3DHP flowlines (Channel Line)"},"geometry":{"type":"LineString","coordinates":[[-108.61342,42.560491],[-108.612663,42.560848],[-108.611884,42.561073],[-108.611335,42.561392],[-108.610941,42.561518],[-108.610511,42.561881],[-108.609636,42.562347],[-108.609153,42.562468],[-108.608671,42.562743],[-108.608278,42.562869],[-108.607877,42.563385],[-108.606957,42.564115],[-108.606475,42.564324],[-108.606126,42.56484],[-108.605911,42.565016],[-108.605035,42.565389],[-108.604701,42.565625],[-108.604019,42.565724],[-108.603588,42.566065],[-108.603106,42.56623],[-108.602891,42.566422],[-108.602141,42.566603],[-108.601688,42.566817],[-108.601295,42.567048],[-108.601198,42.567289],[-108.600983,42.567459],[-108.600775,42.567498]]}},{"type":"Feature","properties":{"id":"wat-a139","kind":"water","name":"Creek","acres":null,"editable":false,"source":"USGS 3DHP flowlines (Channel Line)"},"geometry":{"type":"LineString","coordinates":[[-108.718284,42.606639],[-108.717867,42.606712],[-108.717272,42.606655],[-108.717124,42.606706],[-108.716917,42.607035],[-108.716693,42.607157]]}},{"type":"Feature","properties":{"id":"wat-a140","kind":"water","name":"Creek","acres":null,"editable":false,"source":"USGS 3DHP flowlines (Channel Line)"},"geometry":{"type":"LineString","coordinates":[[-108.740852,42.617438],[-108.740497,42.617541]]}},{"type":"Feature","properties":{"id":"wat-a141","kind":"water","name":"Creek","acres":null,"editable":false,"source":"USGS 3DHP flowlines (Channel Line)"},"geometry":{"type":"LineString","coordinates":[[-108.713087,42.543146],[-108.713252,42.543744],[-108.713067,42.544272],[-108.713018,42.545271],[-108.713183,42.545847],[-108.713488,42.546387]]}},{"type":"Feature","properties":{"id":"wat-a142","kind":"water","name":"Creek","acres":null,"editable":false,"source":"USGS 3DHP flowlines (Channel Line)"},"geometry":{"type":"LineString","coordinates":[[-108.723059,42.636451],[-108.722313,42.635971],[-108.721396,42.635509],[-108.720518,42.635325],[-108.719589,42.635247],[-108.717539,42.635485],[-108.716372,42.635428]]}},{"type":"Feature","properties":{"id":"wat-a143","kind":"water","name":"Creek","acres":null,"editable":false,"source":"USGS 3DHP flowlines (Channel Line)"},"geometry":{"type":"LineString","coordinates":[[-108.716929,42.601794],[-108.716491,42.603325],[-108.71628,42.60378],[-108.715963,42.604098],[-108.716304,42.605132],[-108.716223,42.605679],[-108.716284,42.606005],[-108.716488,42.606432],[-108.716529,42.606964],[-108.716693,42.607157]]}},{"type":"Feature","properties":{"id":"wat-a144","kind":"water","name":"Creek","acres":null,"editable":false,"source":"USGS 3DHP flowlines (Channel Line)"},"geometry":{"type":"LineString","coordinates":[[-108.617475,42.743794],[-108.617475,42.743882]]}},{"type":"Feature","properties":{"id":"wat-a145","kind":"water","name":"Creek","acres":null,"editable":false,"source":"USGS 3DHP flowlines (Channel Line)"},"geometry":{"type":"LineString","coordinates":[[-108.686928,42.626067],[-108.686226,42.626589],[-108.684479,42.627036],[-108.683717,42.627341],[-108.681588,42.628493],[-108.680878,42.629031],[-108.678192,42.630732],[-108.677368,42.631022],[-108.677246,42.631125],[-108.677002,42.631823],[-108.675789,42.633517],[-108.674942,42.634017],[-108.674271,42.634837],[-108.674019,42.635749],[-108.674042,42.636134],[-108.674789,42.637023],[-108.674942,42.637088],[-108.675011,42.637301]]}},{"type":"Feature","properties":{"id":"wat-a146","kind":"water","name":"Beason Creek","acres":null,"editable":false,"source":"USGS 3DHP flowlines (Channel Line)"},"geometry":{"type":"LineString","coordinates":[[-108.773966,42.738014],[-108.772993,42.738247],[-108.772051,42.738274],[-108.771519,42.738128],[-108.770776,42.73806],[-108.769554,42.73809],[-108.769166,42.73801],[-108.768155,42.737585],[-108.766963,42.737436],[-108.766004,42.736931],[-108.765525,42.736319],[-108.764963,42.735983],[-108.764841,42.735621],[-108.764144,42.734977],[-108.763902,42.734567],[-108.763444,42.734063],[-108.762948,42.733909],[-108.76123,42.733785]]}},{"type":"Feature","properties":{"id":"wat-a147","kind":"water","name":"Creek","acres":null,"editable":false,"source":"USGS 3DHP flowlines (Channel Line)"},"geometry":{"type":"LineString","coordinates":[[-108.566539,42.718921],[-108.567238,42.71863],[-108.567625,42.718591],[-108.56828,42.718674],[-108.568518,42.718613],[-108.569515,42.718147],[-108.570036,42.717828],[-108.570438,42.717466],[-108.57081,42.716923],[-108.571249,42.716517],[-108.571316,42.716276],[-108.572164,42.715853],[-108.573109,42.715151],[-108.574076,42.714843],[-108.574493,42.714849],[-108.574992,42.715057],[-108.575557,42.71509],[-108.576696,42.714788],[-108.577759,42.713471],[-108.578645,42.712873],[-108.578771,42.712615],[-108.579947,42.711408],[-108.580177,42.710974],[-108.581085,42.710469],[-108.581145,42.710513],[-108.581836,42.710282],[-108.5829,42.709777],[-108.5829,42.709668],[-108.583458,42.709519],[-108.583704,42.709327],[-108.583845,42.708669],[-108.584076,42.708488]]}},{"type":"Feature","properties":{"id":"wat-a148","kind":"water","name":"Creek","acres":null,"editable":false,"source":"USGS 3DHP flowlines (Channel Line)"},"geometry":{"type":"LineString","coordinates":[[-108.711743,42.54322],[-108.711019,42.544555],[-108.710991,42.545005],[-108.71088,42.545225],[-108.710183,42.545654],[-108.709457,42.546259],[-108.709265,42.546693],[-108.708851,42.547166],[-108.708682,42.547534]]}},{"type":"Feature","properties":{"id":"wat-a149","kind":"water","name":"Creek","acres":null,"editable":false,"source":"USGS 3DHP flowlines (Channel Line)"},"geometry":{"type":"LineString","coordinates":[[-108.576732,42.53848],[-108.575093,42.538689],[-108.574544,42.539007],[-108.573245,42.540297],[-108.572852,42.540549],[-108.571739,42.540988],[-108.570247,42.541949],[-108.569379,42.542871],[-108.568073,42.543655],[-108.567851,42.54405],[-108.567109,42.544824],[-108.565432,42.545164],[-108.56296,42.546163],[-108.562463,42.546701],[-108.561669,42.547343],[-108.561083,42.548012],[-108.560801,42.548402],[-108.560214,42.549664],[-108.559695,42.550158],[-108.559175,42.550388],[-108.557877,42.550317],[-108.557691,42.550553],[-108.557676,42.550838],[-108.557483,42.551211],[-108.556555,42.552199],[-108.556377,42.552259],[-108.555702,42.552819],[-108.555345,42.553691],[-108.554187,42.554432],[-108.553705,42.554553],[-108.553549,42.55475],[-108.553037,42.555003]]}},{"type":"Feature","properties":{"id":"wat-a150","kind":"water","name":"Creek","acres":null,"editable":false,"source":"USGS 3DHP flowlines (Channel Line)"},"geometry":{"type":"LineString","coordinates":[[-108.532423,42.68427],[-108.533382,42.684972],[-108.533419,42.685565],[-108.53391,42.685905],[-108.534103,42.686278],[-108.534147,42.686591],[-108.534653,42.686734],[-108.534846,42.686932],[-108.534958,42.687157],[-108.534928,42.68731],[-108.535716,42.688293],[-108.535627,42.688287],[-108.535768,42.68849],[-108.535835,42.688468],[-108.536065,42.689033],[-108.537724,42.689539],[-108.537686,42.689626],[-108.53814,42.690296],[-108.538095,42.690713],[-108.538325,42.691569],[-108.538132,42.692074],[-108.538012,42.692793],[-108.538272,42.69372],[-108.538919,42.693978],[-108.538971,42.694176],[-108.539343,42.694576],[-108.539529,42.695043],[-108.539848,42.695355]]}},{"type":"Feature","properties":{"id":"wat-a151","kind":"water","name":"Creek","acres":null,"editable":false,"source":"USGS 3DHP flowlines (Channel Line)"},"geometry":{"type":"LineString","coordinates":[[-108.711203,42.565599],[-108.710664,42.564035],[-108.710721,42.563129],[-108.710919,42.562448]]}},{"type":"Feature","properties":{"id":"wat-a152","kind":"water","name":"Creek","acres":null,"editable":false,"source":"USGS 3DHP flowlines (Channel Line)"},"geometry":{"type":"LineString","coordinates":[[-108.589154,42.520819],[-108.588931,42.521121],[-108.588954,42.521324],[-108.588798,42.521516],[-108.58862,42.521511],[-108.588049,42.520929]]}},{"type":"Feature","properties":{"id":"wat-a153","kind":"water","name":"Creek","acres":null,"editable":false,"source":"USGS 3DHP flowlines (Channel Line)"},"geometry":{"type":"LineString","coordinates":[[-108.72061,42.633145],[-108.720357,42.63291],[-108.7199,42.632702],[-108.719168,42.6325]]}},{"type":"Feature","properties":{"id":"wat-a154","kind":"water","name":"Creek","acres":null,"editable":false,"source":"USGS 3DHP flowlines (Channel Line)"},"geometry":{"type":"LineString","coordinates":[[-108.780389,42.72029],[-108.779619,42.720644],[-108.77909,42.721103],[-108.778466,42.721469],[-108.77831,42.722078],[-108.778142,42.722345],[-108.777761,42.722761],[-108.777375,42.722951],[-108.776458,42.723339],[-108.774591,42.723636],[-108.772629,42.724192],[-108.771434,42.724808],[-108.770455,42.725563],[-108.769669,42.726016],[-108.768283,42.726512],[-108.766541,42.72673],[-108.76551,42.727214],[-108.764484,42.727554],[-108.762999,42.727732],[-108.762206,42.728068],[-108.761849,42.728142],[-108.761041,42.727838],[-108.760535,42.727981],[-108.760059,42.72799],[-108.759313,42.727669],[-108.757378,42.727802],[-108.756784,42.727683],[-108.756077,42.727642],[-108.755859,42.727602],[-108.754937,42.727088],[-108.753865,42.726995],[-108.75315,42.726846],[-108.752403,42.726894],[-108.751835,42.727063]]}},{"type":"Feature","properties":{"id":"wat-a155","kind":"water","name":"Creek","acres":null,"editable":false,"source":"USGS 3DHP flowlines (Channel Line)"},"geometry":{"type":"LineString","coordinates":[[-108.663525,42.619358],[-108.662885,42.620165],[-108.662649,42.620286],[-108.662318,42.620315],[-108.661956,42.620551],[-108.661699,42.620897],[-108.661235,42.621239],[-108.660816,42.621689],[-108.659483,42.622104],[-108.658786,42.622494],[-108.658242,42.623015],[-108.657692,42.623706],[-108.65744,42.623917],[-108.656719,42.62428],[-108.656104,42.624763],[-108.655395,42.625724],[-108.655128,42.626551],[-108.656135,42.627532],[-108.656898,42.627986],[-108.657272,42.628364]]}},{"type":"Feature","properties":{"id":"wat-a156","kind":"water","name":"Creek","acres":null,"editable":false,"source":"USGS 3DHP flowlines (Channel Line)"},"geometry":{"type":"LineString","coordinates":[[-108.748993,42.576907],[-108.748272,42.576869],[-108.746644,42.576406],[-108.745611,42.576342],[-108.745358,42.576237]]}},{"type":"Feature","properties":{"id":"wat-a157","kind":"water","name":"Creek","acres":null,"editable":false,"source":"USGS 3DHP flowlines (Channel Line)"},"geometry":{"type":"LineString","coordinates":[[-108.565341,42.709104],[-108.565378,42.709016],[-108.566152,42.709011],[-108.567379,42.708797],[-108.569031,42.709115],[-108.569478,42.70906],[-108.569656,42.709109],[-108.569812,42.708978],[-108.569835,42.709027],[-108.570467,42.708862],[-108.571196,42.708571],[-108.572022,42.707973],[-108.572349,42.707847],[-108.572714,42.70777],[-108.573064,42.707798],[-108.573882,42.707507],[-108.574485,42.707386],[-108.574953,42.707397],[-108.57543,42.707518],[-108.575727,42.707435],[-108.575995,42.707529],[-108.576382,42.707517],[-108.577438,42.707122],[-108.577959,42.706672],[-108.578495,42.705827],[-108.579655,42.704631],[-108.580035,42.704537],[-108.580585,42.704905]]}},{"type":"Feature","properties":{"id":"wat-a158","kind":"water","name":"Creek","acres":null,"editable":false,"source":"USGS 3DHP flowlines (Channel Line)"},"geometry":{"type":"LineString","coordinates":[[-108.725877,42.583205],[-108.725746,42.583635],[-108.725912,42.584552],[-108.725821,42.584784]]}},{"type":"Feature","properties":{"id":"wat-a159","kind":"water","name":"Creek","acres":null,"editable":false,"source":"USGS 3DHP flowlines (Channel Line)"},"geometry":{"type":"LineString","coordinates":[[-108.77471,42.564375],[-108.77373,42.564354],[-108.772787,42.564464],[-108.771217,42.564802]]}},{"type":"Feature","properties":{"id":"wat-a160","kind":"water","name":"Creek","acres":null,"editable":false,"source":"USGS 3DHP flowlines (Channel Line)"},"geometry":{"type":"LineString","coordinates":[[-108.764732,42.583338],[-108.765883,42.58275],[-108.768459,42.58119],[-108.77044,42.579493]]}},{"type":"Feature","properties":{"id":"wat-a161","kind":"water","name":"Creek","acres":null,"editable":false,"source":"USGS 3DHP flowlines (Channel Line)"},"geometry":{"type":"LineString","coordinates":[[-108.727786,42.580089],[-108.727144,42.581649],[-108.726553,42.582584],[-108.726108,42.582919],[-108.725877,42.583205]]}},{"type":"Feature","properties":{"id":"wat-a162","kind":"water","name":"Creek","acres":null,"editable":false,"source":"USGS 3DHP flowlines (Channel Line)"},"geometry":{"type":"LineString","coordinates":[[-108.569734,42.524351],[-108.569192,42.524449],[-108.569074,42.524532]]}},{"type":"Feature","properties":{"id":"wat-a163","kind":"water","name":"Creek","acres":null,"editable":false,"source":"USGS 3DHP flowlines (Channel Line)"},"geometry":{"type":"LineString","coordinates":[[-108.75625,42.583866],[-108.755893,42.583795],[-108.755277,42.583362],[-108.753323,42.582736],[-108.752714,42.582396],[-108.751993,42.581776],[-108.751429,42.581414],[-108.751172,42.581403]]}},{"type":"Feature","properties":{"id":"wat-a164","kind":"water","name":"Beaver Creek","acres":null,"editable":false,"source":"USGS 3DHP flowlines (Channel Line)"},"geometry":{"type":"LineString","coordinates":[[-108.638699,42.527715],[-108.638196,42.527489],[-108.637805,42.527184],[-108.637193,42.52727],[-108.636724,42.527125],[-108.635983,42.527092],[-108.634272,42.526291],[-108.632892,42.525443],[-108.631695,42.525229],[-108.630498,42.524664],[-108.629343,42.524307],[-108.628708,42.524033],[-108.628165,42.523905],[-108.627218,42.52384],[-108.62645,42.523554],[-108.625602,42.523543],[-108.623338,42.522842],[-108.622485,42.522667],[-108.621736,42.52219],[-108.621498,42.522206],[-108.621201,42.522113],[-108.620711,42.521707],[-108.619524,42.521774],[-108.61922,42.521922],[-108.618805,42.521933],[-108.618397,42.521774],[-108.617863,42.521786],[-108.617329,42.521687],[-108.616891,42.521501],[-108.616624,42.521561],[-108.615533,42.52132],[-108.615251,42.521073],[-108.615073,42.521024],[-108.614264,42.521162],[-108.613975,42.520981],[-108.6135,42.52097],[-108.6133,42.520723],[-108.612973,42.520762],[-108.612595,42.520641],[-108.612075,42.520191],[-108.61137,42.519961],[-108.610955,42.520016],[-108.610584,42.519616],[-108.610294,42.519457],[-108.609679,42.519353],[-108.609286,42.519413],[-108.609026,42.519254],[-108.60867,42.519287],[-108.608291,42.519085],[-108.608069,42.518794],[-108.607824,42.51881],[-108.607045,42.51908],[-108.606785,42.518942],[-108.606474,42.518564],[-108.606206,42.518449]]}},{"type":"Feature","properties":{"id":"wat-a165","kind":"water","name":"Creek","acres":null,"editable":false,"source":"USGS 3DHP flowlines (Channel Line)"},"geometry":{"type":"LineString","coordinates":[[-108.516129,42.643812],[-108.516797,42.645053],[-108.516715,42.645667],[-108.517057,42.645936],[-108.517592,42.646057],[-108.518342,42.646557],[-108.518721,42.64749],[-108.519003,42.647934],[-108.519047,42.648264],[-108.5195,42.64884],[-108.519493,42.649016],[-108.519901,42.650014],[-108.520041,42.651002],[-108.520383,42.651474],[-108.520398,42.651738],[-108.520806,42.652094],[-108.521215,42.652281]]}},{"type":"Feature","properties":{"id":"wat-a166","kind":"water","name":"Creek","acres":null,"editable":false,"source":"USGS 3DHP flowlines (Channel Line)"},"geometry":{"type":"LineString","coordinates":[[-108.714567,42.619614],[-108.714029,42.61999],[-108.713447,42.620231]]}},{"type":"Feature","properties":{"id":"wat-a167","kind":"water","name":"Creek","acres":null,"editable":false,"source":"USGS 3DHP flowlines (Channel Line)"},"geometry":{"type":"LineString","coordinates":[[-108.624113,42.677652],[-108.624389,42.678678],[-108.624635,42.678891],[-108.624687,42.679111],[-108.624591,42.679221],[-108.624302,42.680554],[-108.624414,42.680818],[-108.625968,42.681855],[-108.627265,42.682842],[-108.627585,42.683338],[-108.627631,42.683815],[-108.628028,42.68454],[-108.628791,42.685242],[-108.629035,42.685627],[-108.629096,42.685967],[-108.629355,42.686279],[-108.629401,42.686787],[-108.629287,42.687263],[-108.629386,42.687989],[-108.629317,42.688393],[-108.629371,42.688591],[-108.629745,42.688976],[-108.630172,42.689716],[-108.630111,42.690182],[-108.630301,42.691055],[-108.631019,42.691769],[-108.631171,42.692059],[-108.631675,42.692429],[-108.632362,42.693169],[-108.632568,42.693646],[-108.632598,42.694008],[-108.633056,42.69463],[-108.634391,42.695469],[-108.634811,42.695938],[-108.635521,42.69648],[-108.635582,42.696606],[-108.635436,42.696877],[-108.635421,42.697868],[-108.635269,42.698055],[-108.635368,42.698383],[-108.635085,42.698765],[-108.635887,42.699887],[-108.636726,42.700398],[-108.636978,42.700474],[-108.637336,42.700836],[-108.637428,42.701359],[-108.637222,42.70277],[-108.637237,42.703709],[-108.637642,42.704273],[-108.638336,42.704769],[-108.638641,42.70533],[-108.639557,42.706009],[-108.639732,42.706532],[-108.640198,42.707058],[-108.640236,42.707466],[-108.640579,42.708157],[-108.641266,42.708649],[-108.641662,42.70911],[-108.641876,42.709713],[-108.642265,42.710396],[-108.64228,42.710598],[-108.641861,42.71143],[-108.6418,42.712174],[-108.641609,42.712738],[-108.641762,42.713616],[-108.641968,42.713902],[-108.643562,42.714222],[-108.643646,42.71434],[-108.643563,42.714672],[-108.643662,42.71494]]}},{"type":"Feature","properties":{"id":"wat-a168","kind":"water","name":"Beaver Creek","acres":null,"editable":false,"source":"USGS 3DHP flowlines (Channel Line)"},"geometry":{"type":"LineString","coordinates":[[-108.751571,42.56137],[-108.750543,42.562511],[-108.749971,42.562672]]}},{"type":"Feature","properties":{"id":"wat-a169","kind":"water","name":"Cherry Creek","acres":null,"editable":false,"source":"USGS 3DHP flowlines (Channel Line)"},"geometry":{"type":"LineString","coordinates":[[-108.71599,42.632101],[-108.716112,42.632304],[-108.716433,42.632517]]}},{"type":"Feature","properties":{"id":"wat-a170","kind":"water","name":"Creek","acres":null,"editable":false,"source":"USGS 3DHP flowlines (Channel Line)"},"geometry":{"type":"LineString","coordinates":[[-108.688293,42.539222],[-108.687629,42.539294],[-108.686903,42.539496],[-108.685926,42.539891],[-108.685454,42.54016],[-108.684764,42.540353],[-108.684278,42.540659],[-108.683785,42.540838],[-108.682697,42.541599],[-108.681508,42.542143],[-108.679584,42.542779],[-108.677382,42.543707],[-108.67676,42.544064]]}},{"type":"Feature","properties":{"id":"wat-a171","kind":"water","name":"Willow Creek","acres":null,"editable":false,"source":"USGS 3DHP flowlines (Channel Line)"},"geometry":{"type":"LineString","coordinates":[[-108.677522,42.7356],[-108.676592,42.735821],[-108.676118,42.736206],[-108.675172,42.736576],[-108.674814,42.737179],[-108.674447,42.737404],[-108.674249,42.737904],[-108.674104,42.73803],[-108.673364,42.738316],[-108.673097,42.738602],[-108.672563,42.738823],[-108.672419,42.739331],[-108.671617,42.739735],[-108.671457,42.739998],[-108.671197,42.74015],[-108.670739,42.740799],[-108.670503,42.740959],[-108.668313,42.741833],[-108.667741,42.741909],[-108.667169,42.742176],[-108.665856,42.742394],[-108.665269,42.742722],[-108.663537,42.74281],[-108.662889,42.743073],[-108.662316,42.743031],[-108.66205,42.743092],[-108.661958,42.743283],[-108.661973,42.743817],[-108.661828,42.744141],[-108.661637,42.744316],[-108.660997,42.744717],[-108.660653,42.74477],[-108.660142,42.744698],[-108.65989,42.744763]]}},{"type":"Feature","properties":{"id":"wat-a172","kind":"water","name":"Beason Creek","acres":null,"editable":false,"source":"USGS 3DHP flowlines (Channel Line)"},"geometry":{"type":"LineString","coordinates":[[-108.743011,42.730854],[-108.741741,42.730178],[-108.740436,42.730029],[-108.740063,42.72961],[-108.73943,42.729369],[-108.739002,42.729041],[-108.738529,42.728881],[-108.73801,42.728892],[-108.736775,42.728534],[-108.735081,42.727435],[-108.734104,42.726962],[-108.733394,42.726871],[-108.732273,42.726588],[-108.731365,42.726733],[-108.731106,42.726566],[-108.730411,42.726497],[-108.729785,42.726096],[-108.728497,42.725829],[-108.72768,42.725856]]}},{"type":"Feature","properties":{"id":"wat-a173","kind":"water","name":"Creek","acres":null,"editable":false,"source":"USGS 3DHP flowlines (Channel Line)"},"geometry":{"type":"LineString","coordinates":[[-108.771307,42.535927],[-108.770928,42.535471],[-108.769614,42.535011],[-108.768226,42.534868],[-108.766949,42.534336],[-108.766185,42.534496],[-108.765509,42.53443],[-108.765249,42.534276],[-108.764814,42.534226]]}},{"type":"Feature","properties":{"id":"wat-a174","kind":"water","name":"Creek","acres":null,"editable":false,"source":"USGS 3DHP flowlines (Channel Line)"},"geometry":{"type":"LineString","coordinates":[[-108.729155,42.531525],[-108.729459,42.531371],[-108.729748,42.531041],[-108.730081,42.530909],[-108.73051,42.530364],[-108.730894,42.529612],[-108.731168,42.529326],[-108.731894,42.528825]]}},{"type":"Feature","properties":{"id":"wat-a175","kind":"water","name":"Pass Creek","acres":null,"editable":false,"source":"USGS 3DHP flowlines (Channel Line)"},"geometry":{"type":"LineString","coordinates":[[-108.762459,42.625585],[-108.76299,42.625946],[-108.763709,42.626662],[-108.764246,42.62697],[-108.764583,42.628138],[-108.764874,42.628504]]}},{"type":"Feature","properties":{"id":"wat-a176","kind":"water","name":"Twin Creek","acres":null,"editable":false,"source":"USGS 3DHP flowlines (Channel Line)"},"geometry":{"type":"LineString","coordinates":[[-108.643946,42.586943],[-108.64251,42.587202]]}},{"type":"Feature","properties":{"id":"wat-a177","kind":"water","name":"Creek","acres":null,"editable":false,"source":"USGS 3DHP flowlines (Channel Line)"},"geometry":{"type":"LineString","coordinates":[[-108.783582,42.563345],[-108.782135,42.564071],[-108.781527,42.56502],[-108.781193,42.565295],[-108.779931,42.565724],[-108.779055,42.565806],[-108.777102,42.565769],[-108.774927,42.566445],[-108.773441,42.566484],[-108.772884,42.56644],[-108.772487,42.566325]]}},{"type":"Feature","properties":{"id":"wat-a178","kind":"water","name":"Creek","acres":null,"editable":false,"source":"USGS 3DHP flowlines (Channel Line)"},"geometry":{"type":"LineString","coordinates":[[-108.728128,42.572539],[-108.728363,42.571798],[-108.728682,42.571468],[-108.729297,42.571099],[-108.729689,42.570456],[-108.729836,42.569918],[-108.730058,42.56967],[-108.73034,42.569538],[-108.730599,42.569214],[-108.730642,42.568901],[-108.73079,42.56878],[-108.731607,42.568619],[-108.731941,42.568389]]}},{"type":"Feature","properties":{"id":"wat-a179","kind":"water","name":"Twin Creek","acres":null,"editable":false,"source":"USGS 3DHP flowlines (Channel Line)"},"geometry":{"type":"LineString","coordinates":[[-108.593382,42.721172],[-108.59394,42.721249],[-108.594193,42.720969],[-108.59458,42.720914],[-108.595249,42.721232],[-108.595971,42.721051],[-108.59647,42.721325]]}},{"type":"Feature","properties":{"id":"wat-a180","kind":"water","name":"Creek","acres":null,"editable":false,"source":"USGS 3DHP flowlines (Channel Line)"},"geometry":{"type":"LineString","coordinates":[[-108.52318,42.617057],[-108.522823,42.617095],[-108.522615,42.617199],[-108.521872,42.617956],[-108.521017,42.618461],[-108.52066,42.618543],[-108.520415,42.618713],[-108.520281,42.619108],[-108.519761,42.619404],[-108.519255,42.619481],[-108.518921,42.619623],[-108.517851,42.619754],[-108.517546,42.61988],[-108.516989,42.619716],[-108.516023,42.619979],[-108.515221,42.620006],[-108.51499,42.619896],[-108.514693,42.619885],[-108.514366,42.620175],[-108.513727,42.620285],[-108.513571,42.620477],[-108.513118,42.620663],[-108.512791,42.620657],[-108.512404,42.62063],[-108.511966,42.620487],[-108.511409,42.620168],[-108.510808,42.619471]]}},{"type":"Feature","properties":{"id":"wat-a181","kind":"water","name":"Creek","acres":null,"editable":false,"source":"USGS 3DHP flowlines (Channel Line)"},"geometry":{"type":"LineString","coordinates":[[-108.725395,42.542011],[-108.726375,42.541308],[-108.726627,42.540995],[-108.726909,42.540529],[-108.727121,42.539706],[-108.729079,42.538397]]}},{"type":"Feature","properties":{"id":"wat-a182","kind":"water","name":"Creek","acres":null,"editable":false,"source":"USGS 3DHP flowlines (Channel Line)"},"geometry":{"type":"LineString","coordinates":[[-108.609365,42.696584],[-108.60935,42.696957],[-108.609127,42.697303],[-108.609507,42.698324],[-108.610453,42.69924],[-108.611249,42.700244],[-108.611681,42.700606],[-108.612359,42.701675],[-108.612463,42.702026],[-108.613059,42.70274],[-108.613729,42.703195],[-108.613722,42.703327],[-108.613982,42.703486],[-108.613975,42.703705],[-108.614094,42.703727],[-108.614057,42.703903],[-108.614303,42.704457],[-108.61443,42.705077],[-108.614676,42.705521],[-108.614691,42.705916],[-108.614475,42.706262],[-108.614491,42.706613],[-108.615027,42.70816],[-108.614797,42.708769],[-108.614671,42.709647],[-108.614545,42.709845],[-108.614658,42.710855],[-108.614911,42.711167],[-108.614986,42.711606],[-108.615187,42.711831],[-108.614867,42.712309],[-108.61486,42.712506],[-108.614994,42.712967],[-108.615575,42.714015],[-108.61559,42.714432],[-108.616052,42.714904],[-108.616038,42.716001],[-108.61621,42.716287],[-108.616299,42.716928],[-108.616523,42.71728]]}},{"type":"Feature","properties":{"id":"wat-a183","kind":"water","name":"Creek","acres":null,"editable":false,"source":"USGS 3DHP flowlines (Channel Line)"},"geometry":{"type":"LineString","coordinates":[[-108.740747,42.659456],[-108.741263,42.659323]]}},{"type":"Feature","properties":{"id":"wat-a184","kind":"water","name":"Creek","acres":null,"editable":false,"source":"USGS 3DHP flowlines (Channel Line)"},"geometry":{"type":"LineString","coordinates":[[-108.751625,42.622784],[-108.751997,42.622751],[-108.752294,42.622465],[-108.752725,42.622015],[-108.752814,42.621571],[-108.753564,42.620864]]}},{"type":"Feature","properties":{"id":"wat-a185","kind":"water","name":"Creek","acres":null,"editable":false,"source":"USGS 3DHP flowlines (Channel Line)"},"geometry":{"type":"LineString","coordinates":[[-108.728396,42.560581],[-108.727551,42.560934],[-108.72681,42.561451],[-108.726514,42.561814],[-108.725286,42.562395]]}},{"type":"Feature","properties":{"id":"wat-a186","kind":"water","name":"Creek","acres":null,"editable":false,"source":"USGS 3DHP flowlines (Channel Line)"},"geometry":{"type":"LineString","coordinates":[[-108.577116,42.738109],[-108.577421,42.737851],[-108.578181,42.737472],[-108.579185,42.736814],[-108.580093,42.736479],[-108.580421,42.736512],[-108.580815,42.73632],[-108.581344,42.73633],[-108.581589,42.736182],[-108.581768,42.736166],[-108.582795,42.735134],[-108.582936,42.734755],[-108.582914,42.734344],[-108.583122,42.734284],[-108.583494,42.733894],[-108.583688,42.733526],[-108.583703,42.733065],[-108.583621,42.732956],[-108.584491,42.73194],[-108.584625,42.731441],[-108.584722,42.731419],[-108.58493,42.730546],[-108.585205,42.73042],[-108.585637,42.730052],[-108.585533,42.729657],[-108.586359,42.728927],[-108.587482,42.728384],[-108.587378,42.728049],[-108.587914,42.72727],[-108.58772,42.726891],[-108.587727,42.726672],[-108.588003,42.726546],[-108.588353,42.726557],[-108.588345,42.72603],[-108.589163,42.725695],[-108.58926,42.725388],[-108.589148,42.725256],[-108.589401,42.724954],[-108.589669,42.72496],[-108.590332,42.724729],[-108.590972,42.724218],[-108.59112,42.724218],[-108.591522,42.723856],[-108.591567,42.723439],[-108.59179,42.723181],[-108.591738,42.722918],[-108.591842,42.722589],[-108.592206,42.722353],[-108.592615,42.721793],[-108.593069,42.72154],[-108.593077,42.72143],[-108.593382,42.721172]]}},{"type":"Feature","properties":{"id":"wat-a187","kind":"water","name":"West Fork Cottonwood Creek","acres":null,"editable":false,"source":"USGS 3DHP flowlines (Channel Line)"},"geometry":{"type":"LineString","coordinates":[[-108.582721,42.654844],[-108.582223,42.655678],[-108.581889,42.655958],[-108.581725,42.656348],[-108.58148,42.656562],[-108.580707,42.656611],[-108.579637,42.657226],[-108.578923,42.657363],[-108.578789,42.65778],[-108.578291,42.658296],[-108.577719,42.658505],[-108.577481,42.65929],[-108.577147,42.659548],[-108.577043,42.659805],[-108.576894,42.659871],[-108.576842,42.66042],[-108.576716,42.660678],[-108.576991,42.661166],[-108.577095,42.661589],[-108.576805,42.662083],[-108.576835,42.662176],[-108.577445,42.662604],[-108.577467,42.662802],[-108.577668,42.662961],[-108.577608,42.663021],[-108.577683,42.66329],[-108.577497,42.663592],[-108.577512,42.663877],[-108.577385,42.664009],[-108.577274,42.664728],[-108.576969,42.664898]]}},{"type":"Feature","properties":{"id":"wat-a188","kind":"water","name":"Slate Creek","acres":null,"editable":false,"source":"USGS 3DHP flowlines (Channel Line)"},"geometry":{"type":"LineString","coordinates":[[-108.779879,42.524675],[-108.778803,42.524154],[-108.777364,42.523728],[-108.77651,42.52374],[-108.775394,42.523603],[-108.775071,42.523685],[-108.774767,42.523866],[-108.774299,42.523916],[-108.773157,42.523652],[-108.770096,42.52359],[-108.768457,42.523299],[-108.76609,42.523127],[-108.764576,42.522913]]}},{"type":"Feature","properties":{"id":"wat-a189","kind":"water","name":"Creek","acres":null,"editable":false,"source":"USGS 3DHP flowlines (Channel Line)"},"geometry":{"type":"LineString","coordinates":[[-108.565133,42.677448],[-108.565081,42.67804],[-108.565735,42.678693]]}},{"type":"Feature","properties":{"id":"wat-a190","kind":"water","name":"Creek","acres":null,"editable":false,"source":"USGS 3DHP flowlines (Channel Line)"},"geometry":{"type":"LineString","coordinates":[[-108.722183,42.626952],[-108.720894,42.628124]]}},{"type":"Feature","properties":{"id":"wat-a191","kind":"water","name":"Creek","acres":null,"editable":false,"source":"USGS 3DHP flowlines (Channel Line)"},"geometry":{"type":"LineString","coordinates":[[-108.738244,42.550978],[-108.737871,42.55071],[-108.737307,42.550546],[-108.736304,42.550532],[-108.734534,42.549486],[-108.734028,42.549317],[-108.733545,42.549301],[-108.732774,42.549418],[-108.732336,42.549588],[-108.731928,42.549869],[-108.732108,42.549846]]}},{"type":"Feature","properties":{"id":"wat-a192","kind":"water","name":"Canyon Creek","acres":null,"editable":false,"source":"USGS 3DHP flowlines (Channel Line)"},"geometry":{"type":"LineString","coordinates":[[-108.757444,42.659841],[-108.755754,42.660343]]}},{"type":"Feature","properties":{"id":"wat-a193","kind":"water","name":"Creek","acres":null,"editable":false,"source":"USGS 3DHP flowlines (Channel Line)"},"geometry":{"type":"LineString","coordinates":[[-108.726706,42.559074],[-108.726454,42.55925],[-108.726068,42.559377],[-108.725014,42.559456],[-108.723983,42.559902],[-108.722773,42.56003],[-108.721631,42.560534]]}},{"type":"Feature","properties":{"id":"wat-a194","kind":"water","name":"Twin Creek","acres":null,"editable":false,"source":"USGS 3DHP flowlines (Channel Line)"},"geometry":{"type":"LineString","coordinates":[[-108.583344,42.590895],[-108.583381,42.590725],[-108.583002,42.590494],[-108.583128,42.590368],[-108.582779,42.590116],[-108.582504,42.590264],[-108.582274,42.590193],[-108.58217,42.589841],[-108.582022,42.589682],[-108.582036,42.589441],[-108.581947,42.589375],[-108.58165,42.589413],[-108.581531,42.589342],[-108.581398,42.588969],[-108.581308,42.588925],[-108.58119,42.588986],[-108.581071,42.58892],[-108.581108,42.588788],[-108.581026,42.588695],[-108.580818,42.588673],[-108.580855,42.588475],[-108.580744,42.588162],[-108.580655,42.588119],[-108.580566,42.588206],[-108.580484,42.588025],[-108.580038,42.587932],[-108.579801,42.588014],[-108.579548,42.587614],[-108.579645,42.587416],[-108.579296,42.587301],[-108.579392,42.586994],[-108.579192,42.586857],[-108.579229,42.586752],[-108.578999,42.586549],[-108.578872,42.58661],[-108.578664,42.586582],[-108.578323,42.586291],[-108.578449,42.586121],[-108.578189,42.585853],[-108.5781,42.585891],[-108.577981,42.585825],[-108.578078,42.585715],[-108.577699,42.585512],[-108.577684,42.585183],[-108.577327,42.585106],[-108.577231,42.58526],[-108.577082,42.585276],[-108.577045,42.585452],[-108.576964,42.585386],[-108.576815,42.585403],[-108.576696,42.585315],[-108.57686,42.585008],[-108.576979,42.584969],[-108.576741,42.584832],[-108.576563,42.58498],[-108.576444,42.58498],[-108.576184,42.584821],[-108.576332,42.584711],[-108.57628,42.58447],[-108.57608,42.584333],[-108.575931,42.584442],[-108.575783,42.584393],[-108.575753,42.584283],[-108.575968,42.584135],[-108.575976,42.584047],[-108.575738,42.584042],[-108.575679,42.583976],[-108.575805,42.583844],[-108.575478,42.583729],[-108.575486,42.583598],[-108.575248,42.583526],[-108.575196,42.583351],[-108.574929,42.583389],[-108.574921,42.583652],[-108.574795,42.583718],[-108.574483,42.5834],[-108.57455,42.583098],[-108.574409,42.582983],[-108.574171,42.583043],[-108.573971,42.582797],[-108.573674,42.582813],[-108.573384,42.582698],[-108.573139,42.582736],[-108.57305,42.58289],[-108.572783,42.582731],[-108.572723,42.582862],[-108.572605,42.582879],[-108.572256,42.582632],[-108.572137,42.58267],[-108.571988,42.582583],[-108.571439,42.582133],[-108.571357,42.581974]]}},{"type":"Feature","properties":{"id":"wat-a195","kind":"water","name":"Beaver Creek","acres":null,"editable":false,"source":"USGS 3DHP flowlines (Channel Line)"},"geometry":{"type":"LineString","coordinates":[[-108.544466,42.527071],[-108.544117,42.526906],[-108.543583,42.526961],[-108.543079,42.526906],[-108.541966,42.526533],[-108.541603,42.526747],[-108.541276,42.526736],[-108.541061,42.526824],[-108.540416,42.526631],[-108.54003,42.526736],[-108.540022,42.526889],[-108.540171,42.526977],[-108.540223,42.527153],[-108.539688,42.52746],[-108.539436,42.527465],[-108.539154,42.527196],[-108.538761,42.527278],[-108.538642,42.527361],[-108.538687,42.527652],[-108.538538,42.527712],[-108.537982,42.527437],[-108.538294,42.527158],[-108.53836,42.526938],[-108.538131,42.526735],[-108.538138,42.52645],[-108.537827,42.526115],[-108.536929,42.525572],[-108.536536,42.525078]]}},{"type":"Feature","properties":{"id":"wat-a196","kind":"water","name":"Cherry Creek","acres":null,"editable":false,"source":"USGS 3DHP flowlines (Channel Line)"},"geometry":{"type":"LineString","coordinates":[[-108.732947,42.582841],[-108.731008,42.58355],[-108.727679,42.584276],[-108.726716,42.584626],[-108.725821,42.584784]]}},{"type":"Feature","properties":{"id":"wat-a197","kind":"water","name":"Creek","acres":null,"editable":false,"source":"USGS 3DHP flowlines (Channel Line)"},"geometry":{"type":"LineString","coordinates":[[-108.749118,42.583324],[-108.748649,42.5831],[-108.74824,42.583024],[-108.747921,42.583156],[-108.747434,42.583124]]}},{"type":"Feature","properties":{"id":"wat-a198","kind":"water","name":"Creek","acres":null,"editable":false,"source":"USGS 3DHP flowlines (Channel Line)"},"geometry":{"type":"LineString","coordinates":[[-108.757099,42.739972],[-108.754069,42.739291],[-108.752198,42.738993],[-108.7487,42.738215],[-108.746021,42.737266],[-108.745182,42.737041],[-108.74403,42.736503],[-108.743054,42.736205],[-108.742016,42.736083],[-108.741306,42.736094],[-108.740566,42.735938],[-108.739406,42.736003],[-108.739139,42.735915]]}},{"type":"Feature","properties":{"id":"wat-a199","kind":"water","name":"Creek","acres":null,"editable":false,"source":"USGS 3DHP flowlines (Channel Line)"},"geometry":{"type":"LineString","coordinates":[[-108.612352,42.673306],[-108.61181,42.673646],[-108.611676,42.67391]]}},{"type":"Feature","properties":{"id":"wat-a200","kind":"water","name":"Creek","acres":null,"editable":false,"source":"USGS 3DHP flowlines (Channel Line)"},"geometry":{"type":"LineString","coordinates":[[-108.772912,42.592554],[-108.774127,42.593658],[-108.77441,42.59425]]}},{"type":"Feature","properties":{"id":"wat-a201","kind":"water","name":"Creek","acres":null,"editable":false,"source":"USGS 3DHP flowlines (Channel Line)"},"geometry":{"type":"LineString","coordinates":[[-108.763255,42.618253],[-108.762616,42.618429],[-108.762274,42.618418],[-108.761902,42.618325],[-108.761679,42.618073],[-108.761206,42.617846]]}},{"type":"Feature","properties":{"id":"wat-a202","kind":"water","name":"Creek","acres":null,"editable":false,"source":"USGS 3DHP flowlines (Channel Line)"},"geometry":{"type":"LineString","coordinates":[[-108.716516,42.615663],[-108.71654,42.616006],[-108.716275,42.616262],[-108.71628,42.616442],[-108.716107,42.616519],[-108.716178,42.616917],[-108.715851,42.617172],[-108.715828,42.617468],[-108.715651,42.617636],[-108.71558,42.617914]]}},{"type":"Feature","properties":{"id":"wat-a203","kind":"water","name":"Pass Creek","acres":null,"editable":false,"source":"USGS 3DHP flowlines (Channel Line)"},"geometry":{"type":"LineString","coordinates":[[-108.76892,42.604129],[-108.767528,42.605439],[-108.766637,42.606133],[-108.766029,42.606779],[-108.763975,42.608323],[-108.763761,42.608504],[-108.763674,42.608777],[-108.763472,42.608836]]}},{"type":"Feature","properties":{"id":"wat-a204","kind":"water","name":"Creek","acres":null,"editable":false,"source":"USGS 3DHP flowlines (Channel Line)"},"geometry":{"type":"LineString","coordinates":[[-108.727085,42.593576],[-108.726965,42.593601]]}},{"type":"Feature","properties":{"id":"wat-a205","kind":"water","name":"Creek","acres":null,"editable":false,"source":"USGS 3DHP flowlines (Channel Line)"},"geometry":{"type":"LineString","coordinates":[[-108.731371,42.552506],[-108.730071,42.552688]]}},{"type":"Feature","properties":{"id":"wat-a206","kind":"water","name":"Little Popo Agie River","acres":null,"editable":false,"source":"USGS 3DHP flowlines (Channel Line)"},"geometry":{"type":"LineString","coordinates":[[-108.76265,42.640888],[-108.762019,42.641137],[-108.761772,42.641555],[-108.761142,42.642128],[-108.76074,42.642805],[-108.758903,42.644029],[-108.757741,42.645278]]}},{"type":"Feature","properties":{"id":"wat-a207","kind":"water","name":"Creek","acres":null,"editable":false,"source":"USGS 3DHP flowlines (Channel Line)"},"geometry":{"type":"LineString","coordinates":[[-108.757437,42.732504],[-108.756635,42.732489],[-108.756352,42.732564],[-108.756073,42.732487],[-108.755778,42.732544]]}},{"type":"Feature","properties":{"id":"wat-a208","kind":"water","name":"Creek","acres":null,"editable":false,"source":"USGS 3DHP flowlines (Channel Line)"},"geometry":{"type":"LineString","coordinates":[[-108.761206,42.617846],[-108.760311,42.618041],[-108.758328,42.618871],[-108.755497,42.619846],[-108.754312,42.620422]]}},{"type":"Feature","properties":{"id":"wat-a209","kind":"water","name":"Beaver Creek","acres":null,"editable":false,"source":"USGS 3DHP flowlines (Channel Line)"},"geometry":{"type":"LineString","coordinates":[[-108.703896,42.560074],[-108.703092,42.55994],[-108.702771,42.559726],[-108.702301,42.559564],[-108.702114,42.559353],[-108.701281,42.559147]]}},{"type":"Feature","properties":{"id":"wat-a210","kind":"water","name":"Weiser Creek","acres":null,"editable":false,"source":"USGS 3DHP flowlines (Channel Line)"},"geometry":{"type":"LineString","coordinates":[[-108.608981,42.628075],[-108.609405,42.628612],[-108.609064,42.62977],[-108.608938,42.630665],[-108.608842,42.630906],[-108.6085,42.631296],[-108.608293,42.632037],[-108.608561,42.632876],[-108.608628,42.633535],[-108.609186,42.634363],[-108.609283,42.634912]]}},{"type":"Feature","properties":{"id":"wat-a211","kind":"water","name":"Creek","acres":null,"editable":false,"source":"USGS 3DHP flowlines (Channel Line)"},"geometry":{"type":"LineString","coordinates":[[-108.758554,42.738226],[-108.757974,42.738053],[-108.755967,42.737131],[-108.755156,42.736917],[-108.754056,42.736265],[-108.753406,42.736009],[-108.751762,42.735518],[-108.749852,42.734782],[-108.749279,42.734706],[-108.748554,42.734385],[-108.747464,42.73416],[-108.745991,42.733523],[-108.745754,42.733302],[-108.745587,42.732951]]}},{"type":"Feature","properties":{"id":"wat-a212","kind":"water","name":"Creek","acres":null,"editable":false,"source":"USGS 3DHP flowlines (Channel Line)"},"geometry":{"type":"LineString","coordinates":[[-108.741287,42.52733],[-108.742654,42.526251]]}},{"type":"Feature","properties":{"id":"wat-a213","kind":"water","name":"Creek","acres":null,"editable":false,"source":"USGS 3DHP flowlines (Channel Line)"},"geometry":{"type":"LineString","coordinates":[[-108.773821,42.545159],[-108.771491,42.545763],[-108.770103,42.545769],[-108.769821,42.545956],[-108.769136,42.546658]]}},{"type":"Feature","properties":{"id":"wat-a214","kind":"water","name":"Creek","acres":null,"editable":false,"source":"USGS 3DHP flowlines (Channel Line)"},"geometry":{"type":"LineString","coordinates":[[-108.753564,42.620864],[-108.754336,42.620769]]}},{"type":"Feature","properties":{"id":"wat-a215","kind":"water","name":"Creek","acres":null,"editable":false,"source":"USGS 3DHP flowlines (Channel Line)"},"geometry":{"type":"LineString","coordinates":[[-108.78176,42.690669],[-108.778143,42.690867],[-108.777132,42.690829]]}},{"type":"Feature","properties":{"id":"wat-a216","kind":"water","name":"Creek","acres":null,"editable":false,"source":"USGS 3DHP flowlines (Channel Line)"},"geometry":{"type":"LineString","coordinates":[[-108.606254,42.556768],[-108.60578,42.558206],[-108.60489,42.559084],[-108.604386,42.559759],[-108.603444,42.560484],[-108.603192,42.56083],[-108.602702,42.562048],[-108.602837,42.563239],[-108.602295,42.564084],[-108.602177,42.564913],[-108.601895,42.565324],[-108.601784,42.565873],[-108.601361,42.56606],[-108.600946,42.566889],[-108.600775,42.567498]]}},{"type":"Feature","properties":{"id":"wat-a217","kind":"water","name":"Creek","acres":null,"editable":false,"source":"USGS 3DHP flowlines (Channel Line)"},"geometry":{"type":"LineString","coordinates":[[-108.736407,42.562149],[-108.735569,42.562359],[-108.734671,42.562822],[-108.73364,42.563059],[-108.732699,42.563742],[-108.732248,42.564407],[-108.731833,42.564732],[-108.731177,42.564993]]}},{"type":"Feature","properties":{"id":"wat-a218","kind":"water","name":"Critnan Creek","acres":null,"editable":false,"source":"USGS 3DHP flowlines (Channel Line)"},"geometry":{"type":"LineString","coordinates":[[-108.531055,42.626835],[-108.531285,42.627164],[-108.531798,42.62757],[-108.531887,42.627707],[-108.531835,42.628185],[-108.532444,42.628706],[-108.532577,42.628969],[-108.532607,42.629716],[-108.532428,42.63055],[-108.532235,42.630852],[-108.532227,42.631159],[-108.532101,42.631241],[-108.532034,42.631592],[-108.531558,42.632393],[-108.531446,42.632942],[-108.53158,42.633271],[-108.532129,42.633612],[-108.532374,42.634276],[-108.532121,42.634577],[-108.532084,42.634885],[-108.531898,42.635033],[-108.531578,42.636432],[-108.531749,42.636635],[-108.531734,42.63692],[-108.531867,42.637293],[-108.532068,42.637519],[-108.532328,42.638556],[-108.53261,42.63889],[-108.532483,42.639154],[-108.532565,42.639329],[-108.532461,42.639675],[-108.532549,42.640537],[-108.532416,42.640904],[-108.53223,42.641102],[-108.532088,42.641623],[-108.531805,42.6421],[-108.531679,42.642139],[-108.531679,42.64227],[-108.531397,42.642506],[-108.531099,42.643313],[-108.530348,42.64435],[-108.530243,42.644701],[-108.529462,42.64576],[-108.528875,42.646341],[-108.528681,42.647411],[-108.528286,42.648541],[-108.527818,42.649128],[-108.527736,42.649584],[-108.527453,42.650083]]}},{"type":"Feature","properties":{"id":"wat-a219","kind":"water","name":"Creek","acres":null,"editable":false,"source":"USGS 3DHP flowlines (Channel Line)"},"geometry":{"type":"LineString","coordinates":[[-108.77441,42.59425],[-108.774388,42.594563],[-108.774148,42.595053]]}},{"type":"Feature","properties":{"id":"wat-a220","kind":"water","name":"Creek","acres":null,"editable":false,"source":"USGS 3DHP flowlines (Channel Line)"},"geometry":{"type":"LineString","coordinates":[[-108.57651,42.638701],[-108.575879,42.639766],[-108.575478,42.640172],[-108.575314,42.640584],[-108.574913,42.640885],[-108.5742,42.641725],[-108.574244,42.642032],[-108.574772,42.642993],[-108.575151,42.643261]]}},{"type":"Feature","properties":{"id":"wat-a221","kind":"water","name":"Creek","acres":null,"editable":false,"source":"USGS 3DHP flowlines (Channel Line)"},"geometry":{"type":"LineString","coordinates":[[-108.759902,42.5671],[-108.759883,42.567076]]}},{"type":"Feature","properties":{"id":"wat-a222","kind":"water","name":"Creek","acres":null,"editable":false,"source":"USGS 3DHP flowlines (Channel Line)"},"geometry":{"type":"LineString","coordinates":[[-108.730505,42.527394],[-108.730876,42.527257],[-108.731136,42.527284],[-108.732275,42.527704]]}},{"type":"Feature","properties":{"id":"wat-a223","kind":"water","name":"Creek","acres":null,"editable":false,"source":"USGS 3DHP flowlines (Channel Line)"},"geometry":{"type":"LineString","coordinates":[[-108.774644,42.553996],[-108.771934,42.555034],[-108.771014,42.554529],[-108.7703,42.553399],[-108.770051,42.552122]]}},{"type":"Feature","properties":{"id":"wat-a224","kind":"water","name":"Creek","acres":null,"editable":false,"source":"USGS 3DHP flowlines (Channel Line)"},"geometry":{"type":"LineString","coordinates":[[-108.721875,42.54573],[-108.722615,42.545031],[-108.724027,42.543003],[-108.724783,42.542343],[-108.725395,42.542011]]}},{"type":"Feature","properties":{"id":"wat-a225","kind":"water","name":"Creek","acres":null,"editable":false,"source":"USGS 3DHP flowlines (Channel Line)"},"geometry":{"type":"LineString","coordinates":[[-108.543113,42.535999],[-108.54246,42.536054],[-108.54131,42.535872],[-108.540449,42.535834],[-108.539967,42.535998],[-108.539433,42.536075],[-108.538305,42.536031],[-108.536977,42.53574],[-108.536272,42.535701],[-108.534299,42.535349],[-108.531976,42.535502],[-108.531197,42.535661],[-108.529349,42.535842],[-108.528548,42.535781],[-108.528251,42.535836],[-108.527131,42.535616]]}},{"type":"Feature","properties":{"id":"wat-a226","kind":"water","name":"Beaver Creek","acres":null,"editable":false,"source":"USGS 3DHP flowlines (Channel Line)"},"geometry":{"type":"LineString","coordinates":[[-108.688011,42.557628],[-108.687876,42.557346],[-108.687694,42.557316],[-108.687253,42.557397],[-108.687149,42.557242],[-108.686897,42.557137],[-108.686817,42.556983],[-108.686341,42.556694],[-108.686332,42.556586]]}},{"type":"Feature","properties":{"id":"wat-a227","kind":"water","name":"Tweed Creek","acres":null,"editable":false,"source":"USGS 3DHP flowlines (Channel Line)"},"geometry":{"type":"LineString","coordinates":[[-108.646279,42.55668],[-108.645715,42.556452],[-108.645628,42.55618],[-108.645049,42.555709],[-108.644378,42.554767],[-108.643768,42.554133],[-108.643362,42.553909],[-108.641008,42.55368],[-108.640263,42.553737],[-108.638098,42.553665],[-108.637131,42.553465]]}},{"type":"Feature","properties":{"id":"wat-a228","kind":"water","name":"Twin Creek","acres":null,"editable":false,"source":"USGS 3DHP flowlines (Channel Line)"},"geometry":{"type":"LineString","coordinates":[[-108.511278,42.702561],[-108.511493,42.702523],[-108.511858,42.702178],[-108.512008,42.701481],[-108.512164,42.701217],[-108.512491,42.701316],[-108.512208,42.701678],[-108.512327,42.70175],[-108.512506,42.701733],[-108.513064,42.70113],[-108.513362,42.700982],[-108.513451,42.70107],[-108.51328,42.701618],[-108.51348,42.70175],[-108.513599,42.7018],[-108.513904,42.701717],[-108.514395,42.701992],[-108.514887,42.701586],[-108.51499,42.702003],[-108.515139,42.702119],[-108.515288,42.702097],[-108.515534,42.701861],[-108.515541,42.701532],[-108.515408,42.701246],[-108.515527,42.70118],[-108.515794,42.701274],[-108.516189,42.701131],[-108.516538,42.701159],[-108.516546,42.70094],[-108.516821,42.700835],[-108.516829,42.700682],[-108.517186,42.700737],[-108.517104,42.700446],[-108.51732,42.700232],[-108.517648,42.70015],[-108.517737,42.700199],[-108.517581,42.700435],[-108.517603,42.700677],[-108.517349,42.701022],[-108.517468,42.701094],[-108.518302,42.701023],[-108.519001,42.700683],[-108.51915,42.70071],[-108.519194,42.701017],[-108.519492,42.701045],[-108.519827,42.700881],[-108.519983,42.700573],[-108.520221,42.700557],[-108.52031,42.700601],[-108.520303,42.700733],[-108.520541,42.70076],[-108.520697,42.700568],[-108.520675,42.700349],[-108.520452,42.699948],[-108.520638,42.699778],[-108.521196,42.700009],[-108.521367,42.700168],[-108.521672,42.699998],[-108.521628,42.69969],[-108.522067,42.699872],[-108.522156,42.699767],[-108.522015,42.699586]]}},{"type":"Feature","properties":{"id":"wat-a229","kind":"water","name":"Creek","acres":null,"editable":false,"source":"USGS 3DHP flowlines (Channel Line)"},"geometry":{"type":"LineString","coordinates":[[-108.71464,42.618922],[-108.714919,42.619332]]}},{"type":"Feature","properties":{"id":"wat-a230","kind":"water","name":"Creek","acres":null,"editable":false,"source":"USGS 3DHP flowlines (Channel Line)"},"geometry":{"type":"LineString","coordinates":[[-108.7505,42.565632],[-108.749199,42.565294],[-108.747,42.564343]]}},{"type":"Feature","properties":{"id":"wat-a231","kind":"water","name":"Beaver Creek","acres":null,"editable":false,"source":"USGS 3DHP flowlines (Channel Line)"},"geometry":{"type":"LineString","coordinates":[[-108.55641,42.52598],[-108.556232,42.525931],[-108.555987,42.525991],[-108.555654,42.526205],[-108.555149,42.52637],[-108.554711,42.526803]]}},{"type":"Feature","properties":{"id":"wat-a232","kind":"water","name":"Creek","acres":null,"editable":false,"source":"USGS 3DHP flowlines (Channel Line)"},"geometry":{"type":"LineString","coordinates":[[-108.762746,42.576685],[-108.763132,42.576076],[-108.763206,42.575554],[-108.763421,42.575253],[-108.765366,42.573852],[-108.765826,42.572968],[-108.765917,42.572557]]}},{"type":"Feature","properties":{"id":"wat-a233","kind":"water","name":"Creek","acres":null,"editable":false,"source":"USGS 3DHP flowlines (Channel Line)"},"geometry":{"type":"LineString","coordinates":[[-108.722276,42.631791],[-108.721066,42.631933],[-108.719718,42.632437],[-108.719168,42.6325]]}},{"type":"Feature","properties":{"id":"wat-a234","kind":"water","name":"West Fork Cottonwood Creek","acres":null,"editable":false,"source":"USGS 3DHP flowlines (Channel Line)"},"geometry":{"type":"LineString","coordinates":[[-108.582386,42.654169],[-108.582721,42.654844]]}},{"type":"Feature","properties":{"id":"wat-a235","kind":"water","name":"Creek","acres":null,"editable":false,"source":"USGS 3DHP flowlines (Channel Line)"},"geometry":{"type":"LineString","coordinates":[[-108.783056,42.528865],[-108.78266,42.528537],[-108.78165,42.528148],[-108.781257,42.527863],[-108.780912,42.527237],[-108.780874,42.526326],[-108.78011,42.525349],[-108.779879,42.524675]]}},{"type":"Feature","properties":{"id":"wat-a236","kind":"water","name":"Creek","acres":null,"editable":false,"source":"USGS 3DHP flowlines (Channel Line)"},"geometry":{"type":"LineString","coordinates":[[-108.579857,42.542848],[-108.57913,42.543336],[-108.577564,42.543923],[-108.576986,42.544302],[-108.57594,42.545246],[-108.575146,42.545713],[-108.572289,42.546777],[-108.570686,42.547623],[-108.570255,42.547941],[-108.569662,42.548676],[-108.569558,42.549],[-108.568964,42.549823],[-108.568363,42.550888],[-108.568282,42.551458],[-108.56797,42.551848],[-108.567829,42.552303],[-108.567354,42.553105],[-108.567309,42.553588],[-108.568259,42.554312],[-108.568311,42.554575],[-108.568066,42.554811],[-108.568044,42.555206],[-108.567681,42.555464],[-108.567168,42.555629],[-108.566894,42.555821],[-108.566582,42.556254],[-108.566181,42.556573],[-108.565372,42.556842],[-108.565046,42.55677],[-108.564778,42.556853],[-108.564467,42.55722],[-108.564111,42.557297],[-108.563866,42.557445],[-108.562967,42.558329],[-108.563019,42.558548],[-108.562804,42.558784],[-108.562826,42.558938],[-108.562678,42.559091],[-108.562671,42.559267],[-108.562485,42.559393],[-108.561943,42.560392],[-108.561928,42.560677],[-108.561698,42.561286],[-108.56178,42.561511],[-108.561683,42.562472],[-108.561156,42.563141],[-108.561527,42.563525],[-108.561319,42.5642]]}},{"type":"Feature","properties":{"id":"wat-a237","kind":"water","name":"Creek","acres":null,"editable":false,"source":"USGS 3DHP flowlines (Channel Line)"},"geometry":{"type":"LineString","coordinates":[[-108.674721,42.749965],[-108.67452,42.750261],[-108.673954,42.75064],[-108.673247,42.75076],[-108.672003,42.751331],[-108.670231,42.751693],[-108.669293,42.751962],[-108.66901,42.751989],[-108.668697,42.751918],[-108.668117,42.751983],[-108.667402,42.752307],[-108.667029,42.752345],[-108.666545,42.752043],[-108.666233,42.751626],[-108.665898,42.751379],[-108.66592,42.751314],[-108.665511,42.751088],[-108.663501,42.75027],[-108.663054,42.750172],[-108.66219,42.750715],[-108.662041,42.750918],[-108.661758,42.751099],[-108.66114,42.751258],[-108.660805,42.75145],[-108.660671,42.751587],[-108.66038,42.752832],[-108.66006,42.753364],[-108.65968,42.753611],[-108.659456,42.75365],[-108.658786,42.75354],[-108.657841,42.753106],[-108.657022,42.752881],[-108.65592,42.752892],[-108.654981,42.753259],[-108.654453,42.75372],[-108.6537,42.754208],[-108.653492,42.754499],[-108.653082,42.75474],[-108.652628,42.754795]]}},{"type":"Feature","properties":{"id":"wat-a238","kind":"water","name":"Creek","acres":null,"editable":false,"source":"USGS 3DHP flowlines (Channel Line)"},"geometry":{"type":"LineString","coordinates":[[-108.539166,42.571265],[-108.538416,42.571512],[-108.536448,42.572504],[-108.536166,42.572762],[-108.535549,42.57409],[-108.534814,42.574688],[-108.534821,42.575237],[-108.534702,42.575412],[-108.534717,42.57572],[-108.534976,42.575967],[-108.535355,42.576104],[-108.536127,42.576142],[-108.536654,42.576263],[-108.537003,42.576576],[-108.538146,42.576955],[-108.538547,42.577312],[-108.538673,42.577866],[-108.538896,42.578245],[-108.538984,42.578991],[-108.53891,42.579342],[-108.539162,42.579853],[-108.539021,42.580286],[-108.539162,42.580489],[-108.539125,42.580687]]}},{"type":"Feature","properties":{"id":"wat-a239","kind":"water","name":"Creek","acres":null,"editable":false,"source":"USGS 3DHP flowlines (Channel Line)"},"geometry":{"type":"LineString","coordinates":[[-108.730071,42.552688],[-108.72913,42.552575],[-108.727585,42.552566]]}},{"type":"Feature","properties":{"id":"wat-a240","kind":"water","name":"Creek","acres":null,"editable":false,"source":"USGS 3DHP flowlines (Channel Line)"},"geometry":{"type":"LineString","coordinates":[[-108.762532,42.580127],[-108.762324,42.579891],[-108.761655,42.579578],[-108.760549,42.579705],[-108.760215,42.579671]]}},{"type":"Feature","properties":{"id":"wat-a241","kind":"water","name":"Creek","acres":null,"editable":false,"source":"USGS 3DHP flowlines (Channel Line)"},"geometry":{"type":"LineString","coordinates":[[-108.733208,42.771516],[-108.732925,42.771774],[-108.732807,42.772241],[-108.732285,42.772499],[-108.731772,42.773048],[-108.731318,42.773838],[-108.731348,42.774277],[-108.731975,42.775215],[-108.7319,42.775479],[-108.731654,42.7756]]}},{"type":"Feature","properties":{"id":"wat-a242","kind":"water","name":"Creek","acres":null,"editable":false,"source":"USGS 3DHP flowlines (Channel Line)"},"geometry":{"type":"LineString","coordinates":[[-108.700602,42.708072],[-108.699908,42.70761],[-108.699122,42.70726],[-108.696619,42.706405],[-108.695864,42.706279],[-108.69536,42.705997],[-108.694879,42.705573],[-108.694521,42.705444],[-108.69246,42.70507],[-108.691248,42.704715],[-108.690919,42.704563],[-108.690027,42.703891],[-108.687387,42.702575],[-108.686991,42.702293],[-108.685907,42.702346],[-108.685411,42.70227],[-108.684114,42.701877],[-108.683633,42.701602],[-108.683191,42.701111],[-108.682184,42.700542],[-108.681077,42.700206],[-108.68036,42.699466],[-108.67936,42.699043],[-108.678674,42.698966],[-108.676377,42.698947],[-108.675896,42.699119],[-108.675629,42.699119],[-108.675447,42.698902],[-108.675378,42.697891],[-108.675264,42.697692],[-108.67405,42.697143],[-108.672303,42.69667],[-108.671822,42.696407],[-108.671372,42.696274],[-108.67122,42.696079],[-108.670999,42.695972],[-108.669808,42.695732],[-108.669579,42.695427],[-108.668847,42.695079],[-108.668252,42.695041],[-108.667558,42.695194],[-108.66626,42.695281],[-108.66581,42.695499],[-108.664773,42.696255],[-108.663529,42.696754],[-108.662858,42.696674],[-108.662667,42.696762]]}},{"type":"Feature","properties":{"id":"wat-a243","kind":"water","name":"Little Popo Agie River","acres":null,"editable":false,"source":"USGS 3DHP flowlines (Channel Line)"},"geometry":{"type":"LineString","coordinates":[[-108.637932,42.718571],[-108.637596,42.718815],[-108.63755,42.71906],[-108.638062,42.719227],[-108.638268,42.719475],[-108.63826,42.719723],[-108.637985,42.720039],[-108.637482,42.720288],[-108.637107,42.720661],[-108.636917,42.720742],[-108.636657,42.720738],[-108.636467,42.720528],[-108.636261,42.719925],[-108.635917,42.719765],[-108.635528,42.71975],[-108.635345,42.719899],[-108.635536,42.720265],[-108.635376,42.720616],[-108.635185,42.720662],[-108.634666,42.720513],[-108.634216,42.720662],[-108.634102,42.720799],[-108.634139,42.721894],[-108.634026,42.722016],[-108.633796,42.722004],[-108.633667,42.721764],[-108.633415,42.721715],[-108.632942,42.721879],[-108.632736,42.722043],[-108.632606,42.722317],[-108.632751,42.722569],[-108.633179,42.722573],[-108.633476,42.722283],[-108.633682,42.722226],[-108.633865,42.722508],[-108.634316,42.72242],[-108.634453,42.722454],[-108.634826,42.722878],[-108.634895,42.723179],[-108.63472,42.723389],[-108.634475,42.723477],[-108.634087,42.723282],[-108.633827,42.723279],[-108.63356,42.723572],[-108.633187,42.723729],[-108.633186,42.723866],[-108.633438,42.723916],[-108.634049,42.72374],[-108.634277,42.72374],[-108.63443,42.723855],[-108.634437,42.724019],[-108.633766,42.724408],[-108.631736,42.724965],[-108.631675,42.725049],[-108.631927,42.725235],[-108.631996,42.725399],[-108.631782,42.725751],[-108.631599,42.725777],[-108.631141,42.725518],[-108.630966,42.725601],[-108.630936,42.72583],[-108.631019,42.72598],[-108.631591,42.726373],[-108.631431,42.726712],[-108.631256,42.726769],[-108.630958,42.726693],[-108.630615,42.726132],[-108.630157,42.725827],[-108.629997,42.7258],[-108.629692,42.725876],[-108.629616,42.725987],[-108.629692,42.726674],[-108.629455,42.726765],[-108.629195,42.726662],[-108.628738,42.726723],[-108.628456,42.726673],[-108.628257,42.726754],[-108.628112,42.72694]]}},{"type":"Feature","properties":{"id":"wat-a244","kind":"water","name":"Creek","acres":null,"editable":false,"source":"USGS 3DHP flowlines (Channel Line)"},"geometry":{"type":"LineString","coordinates":[[-108.745713,42.573585],[-108.745431,42.573454],[-108.745293,42.572115],[-108.745098,42.571725],[-108.744689,42.571413],[-108.74436,42.570947],[-108.744448,42.570414],[-108.744967,42.570314],[-108.745152,42.570073],[-108.745121,42.569699],[-108.743718,42.567478],[-108.743624,42.566062],[-108.743457,42.565635]]}},{"type":"Feature","properties":{"id":"wat-a245","kind":"water","name":"Creek","acres":null,"editable":false,"source":"USGS 3DHP flowlines (Channel Line)"},"geometry":{"type":"LineString","coordinates":[[-108.718959,42.736839],[-108.718616,42.736747],[-108.718311,42.73677],[-108.717365,42.736457],[-108.715839,42.735431],[-108.715289,42.735256],[-108.71503,42.734977],[-108.713931,42.734543],[-108.71326,42.733844],[-108.712451,42.733341],[-108.711635,42.733089],[-108.710398,42.732559],[-108.710055,42.732273],[-108.709483,42.732028],[-108.70898,42.731586],[-108.708659,42.73141],[-108.708369,42.731029],[-108.707011,42.729877],[-108.705859,42.729316],[-108.704592,42.72911]]}},{"type":"Feature","properties":{"id":"wat-a246","kind":"water","name":"Red Canyon Creek","acres":null,"editable":false,"source":"USGS 3DHP flowlines (Channel Line)"},"geometry":{"type":"LineString","coordinates":[[-108.630995,42.630291],[-108.63127,42.630794],[-108.631575,42.632262],[-108.631834,42.632831],[-108.631789,42.633628],[-108.631995,42.634243],[-108.631941,42.634971],[-108.632437,42.636695],[-108.632681,42.637092]]}},{"type":"Feature","properties":{"id":"wat-a247","kind":"water","name":"Creek","acres":null,"editable":false,"source":"USGS 3DHP flowlines (Channel Line)"},"geometry":{"type":"LineString","coordinates":[[-108.762746,42.530545],[-108.761923,42.530391],[-108.761061,42.529782],[-108.760735,42.529653]]}},{"type":"Feature","properties":{"id":"wat-a248","kind":"water","name":"Creek","acres":null,"editable":false,"source":"USGS 3DHP flowlines (Channel Line)"},"geometry":{"type":"LineString","coordinates":[[-108.742306,42.739631],[-108.742611,42.739284],[-108.742626,42.739158],[-108.74223,42.738547],[-108.741231,42.737742],[-108.740116,42.737235],[-108.739735,42.736675],[-108.739292,42.736312],[-108.739139,42.735915]]}},{"type":"Feature","properties":{"id":"wat-a249","kind":"water","name":"Creek","acres":null,"editable":false,"source":"USGS 3DHP flowlines (Channel Line)"},"geometry":{"type":"LineString","coordinates":[[-108.749626,42.672781],[-108.749054,42.672773],[-108.748561,42.673018]]}},{"type":"Feature","properties":{"id":"wat-a250","kind":"water","name":"Willow Creek","acres":null,"editable":false,"source":"USGS 3DHP flowlines (Channel Line)"},"geometry":{"type":"LineString","coordinates":[[-108.714831,42.716376],[-108.714594,42.716464],[-108.714046,42.716926],[-108.71316,42.717117],[-108.712275,42.717643],[-108.712161,42.717849],[-108.712245,42.718296],[-108.711939,42.718616],[-108.711268,42.719001],[-108.711253,42.71957],[-108.710558,42.720138],[-108.709948,42.720267],[-108.709628,42.720455],[-108.709559,42.720592],[-108.709788,42.72068],[-108.709773,42.720768],[-108.709078,42.720844],[-108.708705,42.721042],[-108.708338,42.721641],[-108.707568,42.721931],[-108.70711,42.722503],[-108.706538,42.722835],[-108.705813,42.723594],[-108.704303,42.724395],[-108.70357,42.724513],[-108.703494,42.724609],[-108.703555,42.724964],[-108.703479,42.725131],[-108.703715,42.725208],[-108.703738,42.725345],[-108.703639,42.725696],[-108.703158,42.726165],[-108.702318,42.726344],[-108.702044,42.726505],[-108.70154,42.726604]]}},{"type":"Feature","properties":{"id":"wat-a251","kind":"water","name":"Creek","acres":null,"editable":false,"source":"USGS 3DHP flowlines (Channel Line)"},"geometry":{"type":"LineString","coordinates":[[-108.771955,42.602508],[-108.770225,42.604064],[-108.769871,42.604208]]}},{"type":"Feature","properties":{"id":"wat-a252","kind":"water","name":"Creek","acres":null,"editable":false,"source":"USGS 3DHP flowlines (Channel Line)"},"geometry":{"type":"LineString","coordinates":[[-108.727279,42.604644],[-108.727124,42.604924],[-108.726536,42.605335],[-108.725259,42.605571],[-108.724368,42.60595],[-108.723704,42.606107],[-108.723009,42.606445],[-108.721826,42.606782],[-108.721056,42.606838],[-108.720637,42.606974],[-108.71948,42.606951],[-108.718284,42.606639]]}},{"type":"Feature","properties":{"id":"wat-a253","kind":"water","name":"Critnan Creek","acres":null,"editable":false,"source":"USGS 3DHP flowlines (Channel Line)"},"geometry":{"type":"LineString","coordinates":[[-108.527085,42.655586],[-108.527561,42.655729],[-108.528088,42.656574],[-108.528609,42.657041],[-108.529069,42.657316],[-108.529686,42.657552],[-108.53063,42.6577],[-108.53144,42.658419],[-108.532979,42.659374],[-108.533298,42.659446],[-108.533774,42.659435],[-108.534495,42.660022],[-108.534502,42.660615],[-108.534903,42.660928],[-108.535208,42.661548],[-108.535312,42.661992],[-108.535795,42.662569],[-108.535928,42.663035],[-108.535527,42.663375],[-108.53543,42.663595],[-108.53534,42.665175]]}},{"type":"Feature","properties":{"id":"wat-a254","kind":"water","name":"Creek","acres":null,"editable":false,"source":"USGS 3DHP flowlines (Channel Line)"},"geometry":{"type":"LineString","coordinates":[[-108.510056,42.679142],[-108.509981,42.679537],[-108.510056,42.679844],[-108.509497,42.680491],[-108.509705,42.681221],[-108.510284,42.681693],[-108.510507,42.682028],[-108.510916,42.682231],[-108.511184,42.682237],[-108.512239,42.683335],[-108.512908,42.683791],[-108.514424,42.684614],[-108.51484,42.685213],[-108.515873,42.686267],[-108.516141,42.686316],[-108.516357,42.686146],[-108.516565,42.68613],[-108.517138,42.685834],[-108.518067,42.686421],[-108.518119,42.68669],[-108.51829,42.6868],[-108.518677,42.686789],[-108.518967,42.687102],[-108.518617,42.687623],[-108.518639,42.687799],[-108.518282,42.688281],[-108.51811,42.68872],[-108.518266,42.688907],[-108.518675,42.689116],[-108.518735,42.689072],[-108.519032,42.689143],[-108.519203,42.689258],[-108.520058,42.689473],[-108.520772,42.689468],[-108.520973,42.689731],[-108.521434,42.690028],[-108.521545,42.690275],[-108.521448,42.691257],[-108.521663,42.691745],[-108.521894,42.69197],[-108.522034,42.692958],[-108.522027,42.693265],[-108.5219,42.693485],[-108.52242,42.694571],[-108.522316,42.694961],[-108.522539,42.695274],[-108.522605,42.695954],[-108.522173,42.697112],[-108.522061,42.697699],[-108.522098,42.69827],[-108.521733,42.698527],[-108.521286,42.699284],[-108.521636,42.699493],[-108.522015,42.699586]]}},{"type":"Feature","properties":{"id":"wat-a255","kind":"water","name":"Little Popo Agie River","acres":null,"editable":false,"source":"USGS 3DHP flowlines (Channel Line)"},"geometry":{"type":"LineString","coordinates":[[-108.755422,42.647901],[-108.754916,42.648112]]}},{"type":"Feature","properties":{"id":"wat-a256","kind":"water","name":"Creek","acres":null,"editable":false,"source":"USGS 3DHP flowlines (Channel Line)"},"geometry":{"type":"LineString","coordinates":[[-108.714276,42.525274],[-108.713831,42.524012],[-108.713951,42.5223],[-108.714296,42.521312],[-108.714668,42.520648],[-108.714705,42.519715],[-108.715151,42.519029],[-108.715403,42.518381]]}},{"type":"Feature","properties":{"id":"wat-a257","kind":"water","name":"Creek","acres":null,"editable":false,"source":"USGS 3DHP flowlines (Channel Line)"},"geometry":{"type":"LineString","coordinates":[[-108.743624,42.520428],[-108.743803,42.52],[-108.743721,42.519259]]}},{"type":"Feature","properties":{"id":"wat-a258","kind":"water","name":"Creek","acres":null,"editable":false,"source":"USGS 3DHP flowlines (Channel Line)"},"geometry":{"type":"LineString","coordinates":[[-108.760434,42.652987],[-108.7605,42.65324],[-108.75998,42.654672]]}},{"type":"Feature","properties":{"id":"wat-a259","kind":"water","name":"Creek","acres":null,"editable":false,"source":"USGS 3DHP flowlines (Channel Line)"},"geometry":{"type":"LineString","coordinates":[[-108.718326,42.640627],[-108.718027,42.640688],[-108.717264,42.64105],[-108.715784,42.642073],[-108.715021,42.642229],[-108.714578,42.642222],[-108.713518,42.642031],[-108.712862,42.641585],[-108.712244,42.640887],[-108.711671,42.640554],[-108.711313,42.640444]]}},{"type":"Feature","properties":{"id":"wat-a260","kind":"water","name":"Creek","acres":null,"editable":false,"source":"USGS 3DHP flowlines (Channel Line)"},"geometry":{"type":"LineString","coordinates":[[-108.774887,42.62179],[-108.774256,42.622241],[-108.771938,42.623394],[-108.771239,42.623954],[-108.769663,42.624556]]}},{"type":"Feature","properties":{"id":"wat-a261","kind":"water","name":"Canyon Creek","acres":null,"editable":false,"source":"USGS 3DHP flowlines (Channel Line)"},"geometry":{"type":"LineString","coordinates":[[-108.770652,42.660675],[-108.769956,42.660689]]}},{"type":"Feature","properties":{"id":"wat-a262","kind":"water","name":"Beaver Creek","acres":null,"editable":false,"source":"USGS 3DHP flowlines (Channel Line)"},"geometry":{"type":"LineString","coordinates":[[-108.662665,42.538004],[-108.657852,42.537105],[-108.65748,42.536962],[-108.655875,42.536884],[-108.654361,42.53634],[-108.653985,42.536314],[-108.653531,42.536071],[-108.652844,42.535886],[-108.65196,42.535435],[-108.651667,42.535447],[-108.650714,42.535221],[-108.650322,42.53496],[-108.649544,42.534611],[-108.649355,42.534445],[-108.649174,42.534063],[-108.649111,42.533477],[-108.648281,42.533216],[-108.646604,42.532489],[-108.646295,42.53196],[-108.645553,42.531296],[-108.644253,42.530558],[-108.643532,42.529976],[-108.641431,42.528861],[-108.639132,42.527841],[-108.638699,42.527715]]}},{"type":"Feature","properties":{"id":"wat-a263","kind":"water","name":"Creek","acres":null,"editable":false,"source":"USGS 3DHP flowlines (Channel Line)"},"geometry":{"type":"LineString","coordinates":[[-108.771368,42.576971],[-108.770613,42.576691]]}},{"type":"Feature","properties":{"id":"wat-a264","kind":"water","name":"Little Popo Agie River","acres":null,"editable":false,"source":"USGS 3DHP flowlines (Channel Line)"},"geometry":{"type":"LineString","coordinates":[[-108.747516,42.650732],[-108.747378,42.650747]]}},{"type":"Feature","properties":{"id":"wat-a265","kind":"water","name":"Creek","acres":null,"editable":false,"source":"USGS 3DHP flowlines (Channel Line)"},"geometry":{"type":"LineString","coordinates":[[-108.697037,42.555036],[-108.69593,42.555716],[-108.695427,42.556211],[-108.694501,42.557448],[-108.6942,42.558194]]}},{"type":"Feature","properties":{"id":"wat-a266","kind":"water","name":"Creek","acres":null,"editable":false,"source":"USGS 3DHP flowlines (Channel Line)"},"geometry":{"type":"LineString","coordinates":[[-108.72937,42.595586],[-108.728636,42.596158],[-108.727568,42.596648],[-108.727167,42.596731],[-108.725749,42.597277],[-108.724108,42.59779],[-108.722831,42.598105],[-108.721464,42.598212],[-108.720468,42.598202]]}},{"type":"Feature","properties":{"id":"wat-a267","kind":"water","name":"Creek","acres":null,"editable":false,"source":"USGS 3DHP flowlines (Channel Line)"},"geometry":{"type":"LineString","coordinates":[[-108.762437,42.649449],[-108.761731,42.649343],[-108.761389,42.649172],[-108.761137,42.64893],[-108.760341,42.648655],[-108.760022,42.648363],[-108.759615,42.647775],[-108.75898,42.647386]]}},{"type":"Feature","properties":{"id":"wat-a268","kind":"water","name":"Weiser Creek","acres":null,"editable":false,"source":"USGS 3DHP flowlines (Channel Line)"},"geometry":{"type":"LineString","coordinates":[[-108.608068,42.640356],[-108.60821,42.641299],[-108.608025,42.641667],[-108.607832,42.642699],[-108.607676,42.642913],[-108.607736,42.642935],[-108.607646,42.642957],[-108.607506,42.643506]]}},{"type":"Feature","properties":{"id":"wat-a269","kind":"water","name":"Creek","acres":null,"editable":false,"source":"USGS 3DHP flowlines (Channel Line)"},"geometry":{"type":"LineString","coordinates":[[-108.703255,42.528233],[-108.703326,42.527179],[-108.703481,42.526706],[-108.703256,42.525861],[-108.703565,42.524487]]}},{"type":"Feature","properties":{"id":"wat-a270","kind":"water","name":"Creek","acres":null,"editable":false,"source":"USGS 3DHP flowlines (Channel Line)"},"geometry":{"type":"LineString","coordinates":[[-108.623574,42.697489],[-108.623939,42.698202],[-108.623947,42.698795],[-108.624328,42.699678],[-108.624381,42.701439],[-108.624664,42.701774],[-108.624561,42.702142],[-108.624658,42.7028],[-108.624487,42.703278],[-108.624503,42.703804],[-108.624786,42.704973],[-108.624482,42.705483],[-108.62452,42.70612],[-108.624654,42.706455],[-108.624572,42.706795]]}},{"type":"Feature","properties":{"id":"wat-a271","kind":"water","name":"Deep Creek","acres":null,"editable":false,"source":"USGS 3DHP flowlines (Channel Line)"},"geometry":{"type":"LineString","coordinates":[[-108.696738,42.591664],[-108.69614,42.59194],[-108.694317,42.592462],[-108.691494,42.593648],[-108.689827,42.593893],[-108.688845,42.593775],[-108.688207,42.593888],[-108.687231,42.593895],[-108.686311,42.594075],[-108.685496,42.594022],[-108.682785,42.594481],[-108.682302,42.594705],[-108.681602,42.595492],[-108.681132,42.59569],[-108.680556,42.596102],[-108.679526,42.596585],[-108.678863,42.596716],[-108.67733,42.59664],[-108.676677,42.596824],[-108.67656,42.597029]]}},{"type":"Feature","properties":{"id":"wat-a272","kind":"water","name":"Beaver Creek","acres":null,"editable":false,"source":"USGS 3DHP flowlines (Channel Line)"},"geometry":{"type":"LineString","coordinates":[[-108.686332,42.556586],[-108.686846,42.556542],[-108.687111,42.556277],[-108.686945,42.555833],[-108.686621,42.555691],[-108.686518,42.555527],[-108.686508,42.555121],[-108.686792,42.555019],[-108.686969,42.554861],[-108.687184,42.554973],[-108.687331,42.55494],[-108.687436,42.554735],[-108.687032,42.554466],[-108.686952,42.55432],[-108.687462,42.553709],[-108.68752,42.553125],[-108.687243,42.552723],[-108.687399,42.552456],[-108.687379,42.55232],[-108.686811,42.551543],[-108.686543,42.551214],[-108.686017,42.550951],[-108.685493,42.550283],[-108.685086,42.550104],[-108.683316,42.548888],[-108.681808,42.548182],[-108.680963,42.54731],[-108.68052,42.547121],[-108.679842,42.546675],[-108.679228,42.546491],[-108.678791,42.546104],[-108.678316,42.545455],[-108.677431,42.544699],[-108.677073,42.544502],[-108.67676,42.544064]]}},{"type":"Feature","properties":{"id":"wat-a273","kind":"water","name":"Twin Creek","acres":null,"editable":false,"source":"USGS 3DHP flowlines (Channel Line)"},"geometry":{"type":"LineString","coordinates":[[-108.673584,42.580066],[-108.673297,42.580222],[-108.67291,42.5808],[-108.671808,42.581281],[-108.669954,42.582649],[-108.669272,42.58295],[-108.668441,42.583014],[-108.667802,42.583172],[-108.667283,42.583026],[-108.666573,42.583111],[-108.665916,42.58308],[-108.665166,42.583271],[-108.664708,42.583118],[-108.663798,42.583037],[-108.663221,42.582809],[-108.661824,42.58269],[-108.660795,42.582849],[-108.657303,42.58366],[-108.655629,42.583473],[-108.65335,42.583787],[-108.651812,42.583881],[-108.651501,42.584028],[-108.65092,42.584574],[-108.649941,42.585004],[-108.647517,42.585639],[-108.646929,42.58605],[-108.646109,42.586448],[-108.643946,42.586943]]}},{"type":"Feature","properties":{"id":"wat-a274","kind":"water","name":"Creek","acres":null,"editable":false,"source":"USGS 3DHP flowlines (Channel Line)"},"geometry":{"type":"LineString","coordinates":[[-108.76005,42.556916],[-108.758453,42.557556],[-108.755395,42.559121],[-108.754972,42.559248],[-108.753776,42.559333],[-108.753175,42.559276],[-108.752955,42.559177]]}},{"type":"Feature","properties":{"id":"wat-a275","kind":"water","name":"Creek","acres":null,"editable":false,"source":"USGS 3DHP flowlines (Channel Line)"},"geometry":{"type":"LineString","coordinates":[[-108.78041,42.724856],[-108.778465,42.72562],[-108.777728,42.726083],[-108.775289,42.728008],[-108.773181,42.728894],[-108.76969,42.729871],[-108.768158,42.729994],[-108.767344,42.729888],[-108.766034,42.729971],[-108.76449,42.730454],[-108.763942,42.731065],[-108.763072,42.731822],[-108.762642,42.733245],[-108.762254,42.733517],[-108.76123,42.733785]]}},{"type":"Feature","properties":{"id":"wat-a276","kind":"water","name":"Creek","acres":null,"editable":false,"source":"USGS 3DHP flowlines (Channel Line)"},"geometry":{"type":"LineString","coordinates":[[-108.634809,42.559802],[-108.63382,42.560493],[-108.63361,42.560579],[-108.632348,42.56076],[-108.631665,42.561115],[-108.630067,42.561163],[-108.629406,42.561258],[-108.626281,42.560788],[-108.625675,42.560518],[-108.624673,42.560436],[-108.623953,42.56053],[-108.6233,42.560497],[-108.62229,42.560564],[-108.621429,42.560498],[-108.621192,42.560586],[-108.62016,42.560345],[-108.619388,42.560307],[-108.618942,42.560341],[-108.617896,42.56067],[-108.615417,42.560885],[-108.614207,42.560727],[-108.61342,42.560491]]}},{"type":"Feature","properties":{"id":"wat-a277","kind":"water","name":"Canyon Creek","acres":null,"editable":false,"source":"USGS 3DHP flowlines (Channel Line)"},"geometry":{"type":"LineString","coordinates":[[-108.74441,42.655661],[-108.744121,42.65486],[-108.743678,42.654222],[-108.743693,42.652834],[-108.74348,42.652643]]}},{"type":"Feature","properties":{"id":"wat-a278","kind":"water","name":"Creek","acres":null,"editable":false,"source":"USGS 3DHP flowlines (Channel Line)"},"geometry":{"type":"LineString","coordinates":[[-108.757667,42.540042],[-108.757095,42.539861],[-108.756175,42.539856],[-108.755662,42.53993]]}},{"type":"Feature","properties":{"id":"wat-a279","kind":"water","name":"Twin Creek","acres":null,"editable":false,"source":"USGS 3DHP flowlines (Channel Line)"},"geometry":{"type":"LineString","coordinates":[[-108.685113,42.577373],[-108.684892,42.577422],[-108.683411,42.577266],[-108.682819,42.577452],[-108.681819,42.577486],[-108.680033,42.57799],[-108.679163,42.57845],[-108.678971,42.578716],[-108.678524,42.578932],[-108.67771,42.578862],[-108.677429,42.578901],[-108.676964,42.579261],[-108.676122,42.579298],[-108.675481,42.579834],[-108.674035,42.580057],[-108.673584,42.580066]]}},{"type":"Feature","properties":{"id":"wat-a280","kind":"water","name":"Creek","acres":null,"editable":false,"source":"USGS 3DHP flowlines (Channel Line)"},"geometry":{"type":"LineString","coordinates":[[-108.727931,42.556393],[-108.72721,42.556273],[-108.726645,42.556071],[-108.726265,42.555748],[-108.725751,42.555035],[-108.725342,42.554684],[-108.72465,42.554312],[-108.723793,42.554144]]}},{"type":"Feature","properties":{"id":"wat-a281","kind":"water","name":"Creek","acres":null,"editable":false,"source":"USGS 3DHP flowlines (Channel Line)"},"geometry":{"type":"LineString","coordinates":[[-108.680175,42.538018],[-108.679051,42.538446],[-108.677994,42.538694],[-108.676073,42.538953],[-108.673003,42.539638],[-108.671706,42.540134],[-108.670154,42.540291],[-108.66968,42.540264]]}},{"type":"Feature","properties":{"id":"wat-a282","kind":"water","name":"Creek","acres":null,"editable":false,"source":"USGS 3DHP flowlines (Channel Line)"},"geometry":{"type":"LineString","coordinates":[[-108.525916,42.635218],[-108.526584,42.635585],[-108.527966,42.636052],[-108.528397,42.636365],[-108.52937,42.637353],[-108.5296,42.638281],[-108.528759,42.640788],[-108.528714,42.641287],[-108.528245,42.642708],[-108.528066,42.644239],[-108.52753,42.645721],[-108.527537,42.646291],[-108.527366,42.6469],[-108.52744,42.647361],[-108.527298,42.6478],[-108.527402,42.648305],[-108.527231,42.648788],[-108.527282,42.649841],[-108.527453,42.650083]]}},{"type":"Feature","properties":{"id":"wat-a283","kind":"water","name":"Creek","acres":null,"editable":false,"source":"USGS 3DHP flowlines (Channel Line)"},"geometry":{"type":"LineString","coordinates":[[-108.722524,42.574058],[-108.72239,42.573822],[-108.722877,42.572767],[-108.723037,42.571658],[-108.722939,42.571065],[-108.722773,42.570729]]}},{"type":"Feature","properties":{"id":"wat-a284","kind":"water","name":"Creek","acres":null,"editable":false,"source":"USGS 3DHP flowlines (Channel Line)"},"geometry":{"type":"LineString","coordinates":[[-108.526281,42.70615],[-108.525768,42.705547],[-108.525723,42.705152],[-108.525917,42.704872],[-108.525813,42.704471],[-108.525902,42.704367],[-108.525955,42.703796],[-108.526335,42.703231],[-108.526372,42.702996],[-108.526647,42.702781],[-108.526678,42.701333],[-108.526835,42.701092],[-108.526701,42.700674],[-108.526746,42.700345],[-108.526642,42.69995],[-108.526954,42.699561]]}},{"type":"Feature","properties":{"id":"wat-a285","kind":"water","name":"Creek","acres":null,"editable":false,"source":"USGS 3DHP flowlines (Channel Line)"},"geometry":{"type":"LineString","coordinates":[[-108.759481,42.537204],[-108.758913,42.537319],[-108.758141,42.537292],[-108.757198,42.537396],[-108.755936,42.537166]]}},{"type":"Feature","properties":{"id":"wat-a286","kind":"water","name":"Cherry Creek","acres":null,"editable":false,"source":"USGS 3DHP flowlines (Channel Line)"},"geometry":{"type":"LineString","coordinates":[[-108.713203,42.599659],[-108.712695,42.601485],[-108.712742,42.601747]]}},{"type":"Feature","properties":{"id":"wat-a287","kind":"water","name":"West Fork Cottonwood Creek","acres":null,"editable":false,"source":"USGS 3DHP flowlines (Channel Line)"},"geometry":{"type":"LineString","coordinates":[[-108.57526,42.670791],[-108.575045,42.670939],[-108.574561,42.671082],[-108.574368,42.67156],[-108.574115,42.671861],[-108.573967,42.671927],[-108.573312,42.671911],[-108.572435,42.672317]]}},{"type":"Feature","properties":{"id":"wat-a288","kind":"water","name":"Creek","acres":null,"editable":false,"source":"USGS 3DHP flowlines (Channel Line)"},"geometry":{"type":"LineString","coordinates":[[-108.747356,42.64836],[-108.747516,42.650732]]}},{"type":"Feature","properties":{"id":"wat-a289","kind":"water","name":"Creek","acres":null,"editable":false,"source":"USGS 3DHP flowlines (Channel Line)"},"geometry":{"type":"LineString","coordinates":[[-108.719601,42.549302],[-108.716953,42.550426],[-108.715838,42.550487]]}},{"type":"Feature","properties":{"id":"wat-a290","kind":"water","name":"Creek","acres":null,"editable":false,"source":"USGS 3DHP flowlines (Channel Line)"},"geometry":{"type":"LineString","coordinates":[[-108.765093,42.684395],[-108.763876,42.684614],[-108.761704,42.685283],[-108.761006,42.685684],[-108.760425,42.685889],[-108.759899,42.686266],[-108.759291,42.687226],[-108.759053,42.688068],[-108.758457,42.689371],[-108.756669,42.690885],[-108.755436,42.69223],[-108.754518,42.692986],[-108.753097,42.693499]]}},{"type":"Feature","properties":{"id":"wat-a291","kind":"water","name":"Creek","acres":null,"editable":false,"source":"USGS 3DHP flowlines (Channel Line)"},"geometry":{"type":"LineString","coordinates":[[-108.628112,42.72694],[-108.62815,42.727082],[-108.628586,42.727162],[-108.628738,42.727303],[-108.628692,42.727555],[-108.628532,42.727692],[-108.627395,42.727807],[-108.626762,42.727543],[-108.626358,42.727586]]}},{"type":"Feature","properties":{"id":"wat-a292","kind":"water","name":"Willow Creek","acres":null,"editable":false,"source":"USGS 3DHP flowlines (Channel Line)"},"geometry":{"type":"LineString","coordinates":[[-108.680017,42.734947],[-108.67946,42.734958],[-108.679148,42.735046],[-108.678728,42.734951],[-108.678042,42.735454],[-108.677522,42.7356]]}},{"type":"Feature","properties":{"id":"wat-a293","kind":"water","name":"Creek","acres":null,"editable":false,"source":"USGS 3DHP flowlines (Channel Line)"},"geometry":{"type":"LineString","coordinates":[[-108.721129,42.582187],[-108.721055,42.582605],[-108.720685,42.583048],[-108.720471,42.583561],[-108.719672,42.584896],[-108.719459,42.585518],[-108.719301,42.58568]]}},{"type":"Feature","properties":{"id":"wat-a294","kind":"water","name":"Creek","acres":null,"editable":false,"source":"USGS 3DHP flowlines (Channel Line)"},"geometry":{"type":"LineString","coordinates":[[-108.774148,42.595053],[-108.774024,42.595317],[-108.774054,42.595647],[-108.774537,42.596156],[-108.774909,42.596717],[-108.775003,42.59702]]}},{"type":"Feature","properties":{"id":"wat-a295","kind":"water","name":"Creek","acres":null,"editable":false,"source":"USGS 3DHP flowlines (Channel Line)"},"geometry":{"type":"LineString","coordinates":[[-108.760949,42.527164],[-108.760519,42.527049],[-108.759813,42.526412],[-108.758937,42.525303],[-108.758365,42.524988]]}},{"type":"Feature","properties":{"id":"wat-a296","kind":"water","name":"Creek","acres":null,"editable":false,"source":"USGS 3DHP flowlines (Channel Line)"},"geometry":{"type":"LineString","coordinates":[[-108.717259,42.527388],[-108.717377,42.52713],[-108.718082,42.52692],[-108.718475,42.526958],[-108.718727,42.526848],[-108.719183,42.526409]]}},{"type":"Feature","properties":{"id":"wat-a297","kind":"water","name":"Creek","acres":null,"editable":false,"source":"USGS 3DHP flowlines (Channel Line)"},"geometry":{"type":"LineString","coordinates":[[-108.735001,42.523274],[-108.734991,42.524888],[-108.735217,42.525739]]}},{"type":"Feature","properties":{"id":"wat-a298","kind":"water","name":"Cherry Creek","acres":null,"editable":false,"source":"USGS 3DHP flowlines (Channel Line)"},"geometry":{"type":"LineString","coordinates":[[-108.716479,42.607341],[-108.71655,42.60773],[-108.716464,42.608404],[-108.716628,42.608929],[-108.716242,42.609471],[-108.715716,42.609875],[-108.715429,42.610373],[-108.715357,42.611011],[-108.715455,42.611346],[-108.71535,42.611885],[-108.71536,42.611948],[-108.715589,42.612007],[-108.715581,42.612231],[-108.715713,42.61227],[-108.715777,42.612542],[-108.716073,42.612782],[-108.715897,42.613246],[-108.716012,42.613438],[-108.71626,42.613668],[-108.717016,42.613989],[-108.717215,42.614223]]}},{"type":"Feature","properties":{"id":"wat-a299","kind":"water","name":"Creek","acres":null,"editable":false,"source":"USGS 3DHP flowlines (Channel Line)"},"geometry":{"type":"LineString","coordinates":[[-108.774404,42.649141],[-108.771518,42.651795],[-108.76992,42.653844],[-108.769592,42.654504],[-108.769521,42.655124],[-108.769605,42.655504],[-108.76973,42.65575],[-108.770562,42.656702],[-108.770766,42.65749],[-108.771371,42.658303],[-108.771547,42.658847]]}},{"type":"Feature","properties":{"id":"wat-a300","kind":"water","name":"Canyon Creek","acres":null,"editable":false,"source":"USGS 3DHP flowlines (Channel Line)"},"geometry":{"type":"LineString","coordinates":[[-108.769956,42.660689],[-108.769106,42.660573],[-108.768617,42.660618],[-108.767411,42.660891],[-108.766734,42.660941]]}},{"type":"Feature","properties":{"id":"wat-a301","kind":"water","name":"Creek","acres":null,"editable":false,"source":"USGS 3DHP flowlines (Channel Line)"},"geometry":{"type":"LineString","coordinates":[[-108.701701,42.547347],[-108.701526,42.548494],[-108.701626,42.549354]]}},{"type":"Feature","properties":{"id":"wat-a302","kind":"water","name":"Madison Creek","acres":null,"editable":false,"source":"USGS 3DHP flowlines (Channel Line)"},"geometry":{"type":"LineString","coordinates":[[-108.734386,42.695067],[-108.733615,42.695349],[-108.731654,42.69583],[-108.728175,42.696967],[-108.725261,42.697375],[-108.724956,42.697474],[-108.724101,42.697966],[-108.723651,42.698405],[-108.722689,42.699107],[-108.720843,42.699409],[-108.720064,42.699729],[-108.719592,42.700011],[-108.719172,42.700064],[-108.718669,42.700248],[-108.717524,42.701003],[-108.716845,42.701224],[-108.715892,42.701408],[-108.715335,42.701411],[-108.713648,42.701163],[-108.711131,42.702052],[-108.710268,42.702499],[-108.709712,42.70251],[-108.708674,42.702682],[-108.708178,42.702922],[-108.7074,42.703147],[-108.706088,42.703281],[-108.704584,42.703735],[-108.703448,42.703784],[-108.702944,42.703933],[-108.702723,42.703887],[-108.701311,42.703372],[-108.7008,42.703025],[-108.699572,42.702533],[-108.698351,42.70177],[-108.696428,42.701232],[-108.696108,42.701221],[-108.694963,42.701446],[-108.694361,42.701396],[-108.69391,42.701244],[-108.693659,42.700981]]}},{"type":"Feature","properties":{"id":"wat-a303","kind":"water","name":"Twin Creek","acres":null,"editable":false,"source":"USGS 3DHP flowlines (Channel Line)"},"geometry":{"type":"LineString","coordinates":[[-108.528555,42.586676],[-108.527932,42.586687],[-108.527753,42.586835],[-108.527708,42.587186],[-108.527493,42.587312],[-108.527196,42.587306],[-108.526699,42.587054],[-108.526342,42.587158],[-108.52554,42.587202],[-108.52511,42.586845],[-108.524961,42.586817],[-108.523104,42.587941],[-108.522837,42.587958],[-108.522599,42.587886],[-108.522116,42.588078],[-108.521722,42.588287],[-108.521774,42.588594],[-108.520979,42.589082],[-108.520972,42.58928],[-108.520689,42.589603],[-108.520592,42.589932],[-108.520347,42.590102],[-108.519983,42.590207],[-108.519634,42.590152],[-108.518958,42.590601],[-108.518832,42.590925],[-108.518846,42.591166],[-108.518601,42.591336],[-108.518304,42.591353],[-108.51797,42.591589],[-108.517658,42.591956],[-108.517331,42.592082],[-108.517093,42.592077],[-108.516722,42.592373],[-108.516023,42.592756],[-108.515184,42.592893]]}},{"type":"Feature","properties":{"id":"wat-a304","kind":"water","name":"Creek","acres":null,"editable":false,"source":"USGS 3DHP flowlines (Channel Line)"},"geometry":{"type":"LineString","coordinates":[[-108.548429,42.602857],[-108.548333,42.602967],[-108.547181,42.603515],[-108.546386,42.604201],[-108.545309,42.604399],[-108.544908,42.604651],[-108.544469,42.604601],[-108.544098,42.604876],[-108.543652,42.604909],[-108.542612,42.605748],[-108.542137,42.605781],[-108.541349,42.606115],[-108.541163,42.606285],[-108.541059,42.606615],[-108.540777,42.606982],[-108.540078,42.607448],[-108.539707,42.607904],[-108.538407,42.608469],[-108.538124,42.608792],[-108.53802,42.609182],[-108.537715,42.609374],[-108.537381,42.609522],[-108.535769,42.609752],[-108.535553,42.609966],[-108.534996,42.610141],[-108.534662,42.610443],[-108.534283,42.610531],[-108.533733,42.610959],[-108.533138,42.611035],[-108.532663,42.611408],[-108.532329,42.611512],[-108.532002,42.611825]]}},{"type":"Feature","properties":{"id":"wat-a305","kind":"water","name":"Creek","acres":null,"editable":false,"source":"USGS 3DHP flowlines (Channel Line)"},"geometry":{"type":"LineString","coordinates":[[-108.689898,42.748627],[-108.689318,42.748738],[-108.688257,42.748596],[-108.687762,42.748638],[-108.68587,42.74799],[-108.685671,42.748028],[-108.684862,42.748512],[-108.683977,42.748745],[-108.682779,42.74918],[-108.681879,42.749379],[-108.680208,42.749615],[-108.679941,42.749741],[-108.679673,42.750108],[-108.679204,42.750366],[-108.679099,42.751123],[-108.678667,42.751809],[-108.67831,42.75205],[-108.677759,42.752709],[-108.676426,42.753318],[-108.67592,42.753658]]}},{"type":"Feature","properties":{"id":"wat-a306","kind":"water","name":"Creek","acres":null,"editable":false,"source":"USGS 3DHP flowlines (Channel Line)"},"geometry":{"type":"LineString","coordinates":[[-108.619623,42.637513],[-108.619185,42.63792],[-108.618828,42.638046],[-108.61862,42.638041],[-108.617862,42.638486],[-108.617194,42.638738],[-108.616339,42.639293],[-108.615039,42.639903],[-108.614267,42.640699],[-108.612714,42.641764],[-108.611273,42.642088],[-108.610968,42.642281],[-108.610423,42.642218],[-108.609963,42.642364],[-108.609495,42.642723],[-108.608046,42.643403],[-108.607506,42.643506]]}},{"type":"Feature","properties":{"id":"wat-a307","kind":"water","name":"Rock Creek","acres":null,"editable":false,"source":"USGS 3DHP flowlines (Channel Line)"},"geometry":{"type":"LineString","coordinates":[[-108.743921,42.520488],[-108.744129,42.520345],[-108.744159,42.520203],[-108.744025,42.519791],[-108.74381,42.519648],[-108.743943,42.519407],[-108.743721,42.519259]]}},{"type":"Feature","properties":{"id":"wat-a308","kind":"water","name":"Creek","acres":null,"editable":false,"source":"USGS 3DHP flowlines (Channel Line)"},"geometry":{"type":"LineString","coordinates":[[-108.759921,42.579494],[-108.758937,42.578881],[-108.758736,42.578197],[-108.758921,42.577404],[-108.759322,42.576709],[-108.759514,42.575241],[-108.759819,42.574864],[-108.760821,42.574199],[-108.762477,42.573628],[-108.763858,42.572696],[-108.764701,42.57183]]}},{"type":"Feature","properties":{"id":"wat-a309","kind":"water","name":"Creek","acres":null,"editable":false,"source":"USGS 3DHP flowlines (Channel Line)"},"geometry":{"type":"LineString","coordinates":[[-108.625682,42.739109],[-108.62528,42.739285],[-108.62519,42.739241],[-108.625175,42.73878],[-108.625041,42.738534],[-108.6244,42.738018],[-108.623336,42.737953],[-108.622926,42.73781],[-108.622025,42.737904],[-108.621073,42.737904],[-108.620835,42.737943],[-108.620678,42.738053],[-108.620291,42.738064],[-108.619971,42.737905],[-108.619643,42.7379],[-108.619368,42.73745],[-108.61933,42.736901],[-108.619002,42.736786]]}},{"type":"Feature","properties":{"id":"wat-a310","kind":"water","name":"Creek","acres":null,"editable":false,"source":"USGS 3DHP flowlines (Channel Line)"},"geometry":{"type":"LineString","coordinates":[[-108.637904,42.609774],[-108.637002,42.610088],[-108.634344,42.611384],[-108.633257,42.612397],[-108.632455,42.612651],[-108.631438,42.613431],[-108.631103,42.613911],[-108.63062,42.614117],[-108.630252,42.614803],[-108.629803,42.615081],[-108.62917,42.616347],[-108.628109,42.617316],[-108.627691,42.61837],[-108.627332,42.618831],[-108.627266,42.619288],[-108.627422,42.619679],[-108.628949,42.621187],[-108.629679,42.622535],[-108.630317,42.624016],[-108.630629,42.625381],[-108.630179,42.626033],[-108.629934,42.626735],[-108.629339,42.627315],[-108.629126,42.628097],[-108.629187,42.628364],[-108.629355,42.628585],[-108.630751,42.629676],[-108.630995,42.630291]]}},{"type":"Feature","properties":{"id":"wat-a311","kind":"water","name":"Creek","acres":null,"editable":false,"source":"USGS 3DHP flowlines (Channel Line)"},"geometry":{"type":"LineString","coordinates":[[-108.777483,42.527735],[-108.776332,42.526912],[-108.775642,42.526676],[-108.775048,42.526638],[-108.774484,42.526721],[-108.773793,42.526645]]}},{"type":"Feature","properties":{"id":"wat-a312","kind":"water","name":"Creek","acres":null,"editable":false,"source":"USGS 3DHP flowlines (Channel Line)"},"geometry":{"type":"LineString","coordinates":[[-108.736582,42.587433],[-108.735996,42.587471],[-108.733457,42.588078],[-108.731771,42.588144],[-108.730679,42.588406],[-108.728955,42.588354],[-108.726875,42.588569],[-108.723126,42.589639],[-108.722324,42.589942],[-108.720788,42.590322],[-108.719202,42.591024]]}},{"type":"Feature","properties":{"id":"wat-a313","kind":"water","name":"Creek","acres":null,"editable":false,"source":"USGS 3DHP flowlines (Channel Line)"},"geometry":{"type":"LineString","coordinates":[[-108.73239,42.615348],[-108.731981,42.615196],[-108.731721,42.614957],[-108.730993,42.614638]]}},{"type":"Feature","properties":{"id":"wat-a314","kind":"water","name":"Creek","acres":null,"editable":false,"source":"USGS 3DHP flowlines (Channel Line)"},"geometry":{"type":"LineString","coordinates":[[-108.584638,42.525962],[-108.582998,42.523372],[-108.582597,42.522988],[-108.5823,42.523005],[-108.581922,42.522846],[-108.581328,42.522813],[-108.580646,42.522906]]}},{"type":"Feature","properties":{"id":"wat-a315","kind":"water","name":"Creek","acres":null,"editable":false,"source":"USGS 3DHP flowlines (Channel Line)"},"geometry":{"type":"LineString","coordinates":[[-108.65162,42.574701],[-108.651027,42.574923],[-108.65046,42.575406],[-108.650074,42.57629],[-108.649781,42.576635],[-108.649396,42.577456],[-108.648853,42.577976],[-108.648595,42.578367],[-108.647459,42.579406],[-108.647149,42.580507],[-108.646733,42.580877],[-108.646482,42.581412],[-108.646088,42.581846],[-108.645851,42.583606]]}},{"type":"Feature","properties":{"id":"wat-a316","kind":"water","name":"Creek","acres":null,"editable":false,"source":"USGS 3DHP flowlines (Channel Line)"},"geometry":{"type":"LineString","coordinates":[[-108.735321,42.767422],[-108.734703,42.767636],[-108.733973,42.767592],[-108.733772,42.767647],[-108.732193,42.768488],[-108.731627,42.768625],[-108.730458,42.768494],[-108.729765,42.768571],[-108.729221,42.768527],[-108.727762,42.768917],[-108.726064,42.76894],[-108.725259,42.769033],[-108.724359,42.76956],[-108.723547,42.770411],[-108.721969,42.771295],[-108.721537,42.771839],[-108.721358,42.772387],[-108.721061,42.772607],[-108.719526,42.772739],[-108.718871,42.772898],[-108.718297,42.772855],[-108.718111,42.772729],[-108.717642,42.77263],[-108.717135,42.772712],[-108.716785,42.772916],[-108.716577,42.772943],[-108.71607,42.7728],[-108.715698,42.772899],[-108.715363,42.773212],[-108.715259,42.773816],[-108.714916,42.774282],[-108.714916,42.774419],[-108.714611,42.774924],[-108.714574,42.77521],[-108.714351,42.775539],[-108.714045,42.775577],[-108.713747,42.77544],[-108.713062,42.77538],[-108.712571,42.775545],[-108.712042,42.775836],[-108.711394,42.775951],[-108.710753,42.776237],[-108.710306,42.776659],[-108.708839,42.777433],[-108.708519,42.777774],[-108.70846,42.777982],[-108.708065,42.778394],[-108.707797,42.779118],[-108.707864,42.779354],[-108.707507,42.779859],[-108.707037,42.780018],[-108.706457,42.780386],[-108.705913,42.780606],[-108.705161,42.781259]]}},{"type":"Feature","properties":{"id":"wat-a317","kind":"water","name":"Little Popo Agie River","acres":null,"editable":false,"source":"USGS 3DHP flowlines (Channel Line)"},"geometry":{"type":"LineString","coordinates":[[-108.645752,42.709659],[-108.64547,42.709938],[-108.644401,42.710659],[-108.643883,42.71127],[-108.643791,42.711834],[-108.644111,42.712856],[-108.644096,42.713376],[-108.644241,42.713627],[-108.644836,42.714196],[-108.644776,42.714398],[-108.644569,42.714596],[-108.644326,42.714741],[-108.643662,42.71494]]}},{"type":"Feature","properties":{"id":"wat-a318","kind":"water","name":"Creek","acres":null,"editable":false,"source":"USGS 3DHP flowlines (Channel Line)"},"geometry":{"type":"LineString","coordinates":[[-108.607077,42.599531],[-108.606898,42.599509],[-108.605828,42.598846],[-108.604826,42.59872],[-108.60406,42.598353],[-108.603533,42.598342],[-108.60256,42.598123],[-108.601802,42.597645],[-108.60172,42.597404],[-108.601029,42.596949],[-108.600584,42.59685],[-108.599841,42.596883],[-108.599366,42.596807],[-108.598964,42.596554],[-108.598385,42.596061],[-108.597478,42.594919],[-108.596616,42.594289],[-108.596527,42.593433],[-108.596638,42.592774],[-108.597009,42.592472],[-108.597388,42.591825],[-108.597283,42.591534],[-108.59715,42.591435],[-108.597187,42.591188]]}},{"type":"Feature","properties":{"id":"wat-a319","kind":"water","name":"Creek","acres":null,"editable":false,"source":"USGS 3DHP flowlines (Channel Line)"},"geometry":{"type":"LineString","coordinates":[[-108.78374,42.519372],[-108.782167,42.520032],[-108.780661,42.520307],[-108.780008,42.520757],[-108.778346,42.521516]]}},{"type":"Feature","properties":{"id":"wat-a320","kind":"water","name":"Creek","acres":null,"editable":false,"source":"USGS 3DHP flowlines (Channel Line)"},"geometry":{"type":"LineString","coordinates":[[-108.627105,42.69946],[-108.627548,42.701195],[-108.627578,42.70192],[-108.627837,42.702736],[-108.628082,42.705109],[-108.629501,42.708321],[-108.631126,42.711266],[-108.631126,42.71135],[-108.63063,42.711567],[-108.62976,42.712189],[-108.629158,42.71246],[-108.628738,42.712788],[-108.628586,42.713055]]}},{"type":"Feature","properties":{"id":"wat-a321","kind":"water","name":"Creek","acres":null,"editable":false,"source":"USGS 3DHP flowlines (Channel Line)"},"geometry":{"type":"LineString","coordinates":[[-108.759081,42.555465],[-108.758705,42.555724]]}},{"type":"Feature","properties":{"id":"wat-a322","kind":"water","name":"Creek","acres":null,"editable":false,"source":"USGS 3DHP flowlines (Channel Line)"},"geometry":{"type":"LineString","coordinates":[[-108.715838,42.550487],[-108.715306,42.550778],[-108.714831,42.550885],[-108.713836,42.550942],[-108.712961,42.551213],[-108.711657,42.551322]]}},{"type":"Feature","properties":{"id":"wat-a323","kind":"water","name":"Creek","acres":null,"editable":false,"source":"USGS 3DHP flowlines (Channel Line)"},"geometry":{"type":"LineString","coordinates":[[-108.556852,42.643986],[-108.559535,42.645177],[-108.560472,42.645484],[-108.56181,42.645512],[-108.562367,42.645633],[-108.563891,42.646982],[-108.564084,42.64729],[-108.564642,42.647586],[-108.565355,42.648371],[-108.566047,42.648892],[-108.567191,42.650143],[-108.567392,42.650258],[-108.567474,42.650434],[-108.567965,42.650796],[-108.568321,42.650889],[-108.568797,42.650878],[-108.569503,42.651048],[-108.56986,42.650944],[-108.570187,42.650972]]}},{"type":"Feature","properties":{"id":"wat-a324","kind":"water","name":"Creek","acres":null,"editable":false,"source":"USGS 3DHP flowlines (Channel Line)"},"geometry":{"type":"LineString","coordinates":[[-108.55641,42.52598],[-108.556247,42.525492],[-108.555987,42.525333],[-108.555743,42.525481],[-108.555705,42.525744],[-108.555253,42.525936],[-108.554845,42.526386],[-108.554407,42.52631],[-108.553888,42.525881],[-108.553643,42.526008],[-108.553198,42.526002],[-108.552901,42.526172],[-108.552834,42.52632],[-108.552389,42.526337]]}},{"type":"Feature","properties":{"id":"wat-a325","kind":"water","name":"Creek","acres":null,"editable":false,"source":"USGS 3DHP flowlines (Channel Line)"},"geometry":{"type":"LineString","coordinates":[[-108.772589,42.581656],[-108.77091,42.580888],[-108.770673,42.580734],[-108.770606,42.5805]]}},{"type":"Feature","properties":{"id":"wat-a326","kind":"water","name":"Little Popo Agie River","acres":null,"editable":false,"source":"USGS 3DHP flowlines (Channel Line)"},"geometry":{"type":"LineString","coordinates":[[-108.635412,42.772874],[-108.635277,42.773385],[-108.635455,42.774114],[-108.635269,42.774252]]}},{"type":"Feature","properties":{"id":"wat-a327","kind":"water","name":"Pass Creek","acres":null,"editable":false,"source":"USGS 3DHP flowlines (Channel Line)"},"geometry":{"type":"LineString","coordinates":[[-108.762287,42.625491],[-108.762459,42.625585]]}},{"type":"Feature","properties":{"id":"wat-a328","kind":"water","name":"Cherry Creek","acres":null,"editable":false,"source":"USGS 3DHP flowlines (Channel Line)"},"geometry":{"type":"LineString","coordinates":[[-108.719585,42.589304],[-108.719386,42.590802],[-108.719202,42.591024]]}},{"type":"Feature","properties":{"id":"wat-a329","kind":"water","name":"Creek","acres":null,"editable":false,"source":"USGS 3DHP flowlines (Channel Line)"},"geometry":{"type":"LineString","coordinates":[[-108.724463,42.629967],[-108.723913,42.629996],[-108.723114,42.629889]]}},{"type":"Feature","properties":{"id":"wat-a330","kind":"water","name":"Little Popo Agie River","acres":null,"editable":false,"source":"USGS 3DHP flowlines (Channel Line)"},"geometry":{"type":"LineString","coordinates":[[-108.729998,42.654643],[-108.728709,42.655527],[-108.726343,42.656508],[-108.725848,42.656866],[-108.723078,42.65837],[-108.719798,42.660353],[-108.718673,42.660947]]}},{"type":"Feature","properties":{"id":"wat-a331","kind":"water","name":"Beaver Creek","acres":null,"editable":false,"source":"USGS 3DHP flowlines (Channel Line)"},"geometry":{"type":"LineString","coordinates":[[-108.701281,42.559147],[-108.700957,42.559023],[-108.700483,42.558996],[-108.70023,42.558838]]}},{"type":"Feature","properties":{"id":"wat-a332","kind":"water","name":"Creek","acres":null,"editable":false,"source":"USGS 3DHP flowlines (Channel Line)"},"geometry":{"type":"LineString","coordinates":[[-108.637623,42.577547],[-108.637638,42.578754],[-108.637908,42.579354],[-108.637712,42.579683],[-108.637604,42.580293],[-108.636349,42.581591],[-108.634466,42.582732],[-108.633746,42.583059],[-108.63332,42.583375],[-108.633085,42.583478],[-108.632288,42.583614],[-108.630803,42.583566],[-108.629994,42.583684],[-108.627447,42.583694],[-108.627079,42.584083],[-108.626262,42.584408],[-108.625676,42.584515],[-108.625022,42.584356],[-108.62422,42.584335],[-108.622676,42.585296]]}},{"type":"Feature","properties":{"id":"wat-a333","kind":"water","name":"Creek","acres":null,"editable":false,"source":"USGS 3DHP flowlines (Channel Line)"},"geometry":{"type":"LineString","coordinates":[[-108.750682,42.5966],[-108.750166,42.596829],[-108.74952,42.596863],[-108.748851,42.597029],[-108.748021,42.597744],[-108.747057,42.59819],[-108.746163,42.599212]]}},{"type":"Feature","properties":{"id":"wat-a334","kind":"water","name":"Creek","acres":null,"editable":false,"source":"USGS 3DHP flowlines (Channel Line)"},"geometry":{"type":"LineString","coordinates":[[-108.710917,42.754117],[-108.709181,42.753942],[-108.707104,42.754551],[-108.706434,42.754573],[-108.703724,42.754903],[-108.702972,42.755144],[-108.702435,42.755172],[-108.701058,42.754618],[-108.700834,42.754448],[-108.699717,42.754075],[-108.69895,42.754152],[-108.69828,42.753916],[-108.6972,42.75391],[-108.696545,42.753674],[-108.695652,42.753488],[-108.695116,42.753159],[-108.693537,42.752462],[-108.692435,42.752248],[-108.691579,42.751985],[-108.691139,42.751694],[-108.689799,42.751151],[-108.689144,42.751068],[-108.688883,42.751079],[-108.687967,42.751568],[-108.686277,42.751875],[-108.685495,42.752199],[-108.685212,42.752226],[-108.684691,42.752566],[-108.684386,42.75266],[-108.684214,42.752868],[-108.683313,42.753357],[-108.682621,42.753916],[-108.681891,42.753911],[-108.680886,42.753768],[-108.680439,42.753916]]}},{"type":"Feature","properties":{"id":"wat-a335","kind":"water","name":"Creek","acres":null,"editable":false,"source":"USGS 3DHP flowlines (Channel Line)"},"geometry":{"type":"LineString","coordinates":[[-108.722773,42.570729],[-108.722679,42.570348]]}},{"type":"Feature","properties":{"id":"wat-a336","kind":"water","name":"Creek","acres":null,"editable":false,"source":"USGS 3DHP flowlines (Channel Line)"},"geometry":{"type":"LineString","coordinates":[[-108.531264,42.562099],[-108.530878,42.562878],[-108.530804,42.563251],[-108.530492,42.563795],[-108.530499,42.564234],[-108.530179,42.564864],[-108.530238,42.565567],[-108.530112,42.565869],[-108.529154,42.566905],[-108.528463,42.567064],[-108.527416,42.56713],[-108.527112,42.567475],[-108.527067,42.567805],[-108.526429,42.568189],[-108.526421,42.568452],[-108.526012,42.56888],[-108.525775,42.568962],[-108.525559,42.569198],[-108.524327,42.569636],[-108.524163,42.56985],[-108.523525,42.570234],[-108.523487,42.570542],[-108.523153,42.570662],[-108.522982,42.571277],[-108.522707,42.571513],[-108.522944,42.572242],[-108.522921,42.572769],[-108.522758,42.573312],[-108.521651,42.574168],[-108.520893,42.574634],[-108.520581,42.574958],[-108.519118,42.575912],[-108.518628,42.576362],[-108.517684,42.576894],[-108.516154,42.578067],[-108.515901,42.578413],[-108.515389,42.578731],[-108.515277,42.57928],[-108.514326,42.580025],[-108.513873,42.580217],[-108.513501,42.580689],[-108.513293,42.581347],[-108.513404,42.581633],[-108.513307,42.581852],[-108.513344,42.582423]]}},{"type":"Feature","properties":{"id":"wat-a337","kind":"water","name":"Creek","acres":null,"editable":false,"source":"USGS 3DHP flowlines (Channel Line)"},"geometry":{"type":"LineString","coordinates":[[-108.727481,42.665879],[-108.726664,42.665861],[-108.724925,42.664989],[-108.724188,42.664806],[-108.723307,42.664321],[-108.722134,42.663459],[-108.720963,42.662799],[-108.718673,42.660947]]}},{"type":"Feature","properties":{"id":"wat-a338","kind":"water","name":"Creek","acres":null,"editable":false,"source":"USGS 3DHP flowlines (Channel Line)"},"geometry":{"type":"LineString","coordinates":[[-108.58631,42.651414],[-108.585196,42.651897],[-108.584542,42.652605],[-108.583843,42.653011],[-108.583799,42.653362],[-108.583553,42.65362],[-108.583665,42.653862],[-108.58362,42.654081],[-108.582721,42.654844]]}},{"type":"Feature","properties":{"id":"wat-a339","kind":"water","name":"Creek","acres":null,"editable":false,"source":"USGS 3DHP flowlines (Channel Line)"},"geometry":{"type":"LineString","coordinates":[[-108.705582,42.557932],[-108.705347,42.558756],[-108.70537,42.559244],[-108.705573,42.559842],[-108.705447,42.560104]]}},{"type":"Feature","properties":{"id":"wat-a340","kind":"water","name":"Red Canyon Creek","acres":null,"editable":false,"source":"USGS 3DHP flowlines (Channel Line)"},"geometry":{"type":"LineString","coordinates":[[-108.635245,42.639278],[-108.63568,42.639492],[-108.6361,42.639594],[-108.636405,42.639797],[-108.636481,42.640414],[-108.637511,42.641628],[-108.637488,42.641918],[-108.637221,42.642371],[-108.63758,42.643081],[-108.63748,42.643798],[-108.637191,42.644042],[-108.637275,42.644592],[-108.637755,42.64516],[-108.638587,42.645809],[-108.638885,42.646392],[-108.639251,42.64664],[-108.639465,42.647209],[-108.639655,42.647365],[-108.640022,42.647281],[-108.640487,42.647842],[-108.640632,42.64825],[-108.641555,42.648906],[-108.641586,42.64928],[-108.642127,42.649322],[-108.642531,42.649483],[-108.64315,42.649883],[-108.64395,42.650039],[-108.644325,42.650566],[-108.644431,42.65089],[-108.644927,42.651294],[-108.645247,42.651752],[-108.645881,42.652374],[-108.646094,42.653106],[-108.646415,42.653499],[-108.646857,42.653785],[-108.647109,42.654399],[-108.647812,42.654643],[-108.648429,42.655658],[-108.649101,42.655868],[-108.64917,42.65612],[-108.649749,42.656131],[-108.649986,42.656269],[-108.650016,42.656658],[-108.650451,42.657054],[-108.650276,42.657539],[-108.65081,42.657848],[-108.651328,42.658386],[-108.651435,42.65871],[-108.651642,42.65892],[-108.65168,42.659255],[-108.65184,42.659355],[-108.652671,42.659496],[-108.653,42.65971],[-108.653496,42.660483],[-108.653122,42.66117],[-108.653152,42.66146],[-108.653518,42.661773],[-108.653618,42.662071],[-108.654182,42.662841],[-108.654686,42.663333],[-108.655022,42.663531],[-108.655166,42.663967],[-108.655502,42.66444],[-108.655555,42.665153],[-108.655799,42.665538],[-108.655685,42.665813],[-108.6558,42.66616],[-108.655716,42.66634],[-108.656082,42.666515],[-108.656258,42.666797],[-108.65625,42.667129],[-108.656387,42.667339],[-108.656296,42.667675],[-108.656547,42.667866],[-108.656791,42.668323],[-108.657127,42.668689],[-108.657158,42.669086],[-108.657402,42.669326],[-108.657448,42.670078],[-108.65773,42.670303],[-108.657768,42.670624],[-108.65802,42.67065],[-108.658142,42.670772],[-108.658035,42.671291],[-108.658172,42.671436],[-108.658188,42.671638],[-108.65886,42.672126],[-108.658676,42.672477],[-108.659111,42.672603],[-108.659271,42.672897],[-108.659668,42.673133],[-108.65992,42.673633],[-108.660126,42.673675],[-108.660492,42.673446]]}},{"type":"Feature","properties":{"id":"wat-a341","kind":"water","name":"Twin Creek","acres":null,"editable":false,"source":"USGS 3DHP flowlines (Channel Line)"},"geometry":{"type":"LineString","coordinates":[[-108.539848,42.695355],[-108.540555,42.695526],[-108.540704,42.69546],[-108.540778,42.695158],[-108.541299,42.69473],[-108.541418,42.69473],[-108.541589,42.694868],[-108.542631,42.694868]]}},{"type":"Feature","properties":{"id":"wat-a342","kind":"water","name":"Beaver Creek","acres":null,"editable":false,"source":"USGS 3DHP flowlines (Channel Line)"},"geometry":{"type":"LineString","coordinates":[[-108.747,42.564343],[-108.746677,42.564651],[-108.746027,42.564782],[-108.745127,42.565363]]}},{"type":"Feature","properties":{"id":"wat-a343","kind":"water","name":"Creek","acres":null,"editable":false,"source":"USGS 3DHP flowlines (Channel Line)"},"geometry":{"type":"LineString","coordinates":[[-108.746938,42.596673],[-108.745197,42.596505]]}},{"type":"Feature","properties":{"id":"wat-a344","kind":"water","name":"Stambaugh Creek","acres":null,"editable":false,"source":"USGS 3DHP flowlines (Channel Line)"},"geometry":{"type":"LineString","coordinates":[[-108.59137,42.551565],[-108.591118,42.551977],[-108.590784,42.552163],[-108.590599,42.552383],[-108.589479,42.552948],[-108.588914,42.552959],[-108.588699,42.553047],[-108.587905,42.553645],[-108.587468,42.554183],[-108.587111,42.554353],[-108.586785,42.554364],[-108.586072,42.55499],[-108.585152,42.555122],[-108.584573,42.555441],[-108.584158,42.555539],[-108.58392,42.555512],[-108.583074,42.555803],[-108.582748,42.555798],[-108.582473,42.55599],[-108.582302,42.555918],[-108.581991,42.556308],[-108.581746,42.556456],[-108.581419,42.556429],[-108.581048,42.556731],[-108.580484,42.556824],[-108.580083,42.557236],[-108.579289,42.557702],[-108.578183,42.557944],[-108.577723,42.558306],[-108.577367,42.55841],[-108.577033,42.558619],[-108.576929,42.558926],[-108.5771,42.559195],[-108.576907,42.560375],[-108.577056,42.560995],[-108.576573,42.561357],[-108.575876,42.561604],[-108.575163,42.561747],[-108.574673,42.561999],[-108.573961,42.562115],[-108.573337,42.56206],[-108.57304,42.562115],[-108.572743,42.561977],[-108.572394,42.561928],[-108.57206,42.562098],[-108.571296,42.56195],[-108.570865,42.562181],[-108.570309,42.562082],[-108.56967,42.562422],[-108.569447,42.562153],[-108.569329,42.56217],[-108.569173,42.562301],[-108.569136,42.562499],[-108.56895,42.562581],[-108.56875,42.562422],[-108.568623,42.562576],[-108.568304,42.562439],[-108.567592,42.5624],[-108.567376,42.56257],[-108.56699,42.562631],[-108.566686,42.562883],[-108.566449,42.562922],[-108.566263,42.563119],[-108.565669,42.563086],[-108.565543,42.563212],[-108.565306,42.563251],[-108.56509,42.563399],[-108.56483,42.563328],[-108.564578,42.563673],[-108.564459,42.563673],[-108.564318,42.563514],[-108.564103,42.563602],[-108.563954,42.563706],[-108.564006,42.563904],[-108.56391,42.563992],[-108.563531,42.563739],[-108.563324,42.563761],[-108.563234,42.563865],[-108.563398,42.564134],[-108.56322,42.564304],[-108.563331,42.564398],[-108.563264,42.564546],[-108.563405,42.564793],[-108.562923,42.565791]]}},{"type":"Feature","properties":{"id":"wat-a345","kind":"water","name":"Creek","acres":null,"editable":false,"source":"USGS 3DHP flowlines (Channel Line)"},"geometry":{"type":"LineString","coordinates":[[-108.524984,42.663026],[-108.525616,42.66295],[-108.52659,42.663104],[-108.52717,42.663356],[-108.528055,42.663593],[-108.529452,42.664389],[-108.530329,42.664696],[-108.53082,42.665146],[-108.531437,42.665311],[-108.532641,42.664982],[-108.533177,42.664949],[-108.533496,42.665026],[-108.534277,42.664977],[-108.534626,42.665136],[-108.534894,42.665076],[-108.53534,42.665175]]}},{"type":"Feature","properties":{"id":"wat-a346","kind":"water","name":"Twin Creek","acres":null,"editable":false,"source":"USGS 3DHP flowlines (Channel Line)"},"geometry":{"type":"LineString","coordinates":[[-108.584076,42.708488],[-108.584425,42.708757],[-108.584574,42.708762],[-108.584894,42.708153],[-108.585162,42.708093],[-108.585363,42.70823],[-108.585348,42.708669],[-108.585564,42.709201],[-108.585363,42.709766],[-108.585832,42.710062],[-108.586003,42.711072],[-108.586167,42.711407],[-108.586554,42.711456],[-108.586807,42.711725],[-108.586859,42.71195],[-108.586852,42.712103],[-108.586368,42.712334],[-108.586502,42.712817],[-108.58625,42.713228],[-108.586257,42.713777],[-108.585922,42.713947],[-108.585684,42.713942],[-108.585595,42.714008],[-108.585908,42.714233],[-108.58657,42.714161],[-108.587217,42.714282],[-108.587337,42.715012],[-108.58724,42.715226],[-108.587352,42.715363],[-108.587627,42.715302],[-108.587694,42.715039],[-108.587843,42.715044],[-108.588297,42.715642],[-108.588371,42.716043],[-108.588788,42.716092],[-108.588929,42.716251],[-108.588706,42.716663],[-108.588163,42.716784],[-108.587769,42.717036],[-108.587702,42.71719],[-108.587754,42.717344],[-108.587903,42.717437],[-108.58832,42.717354]]}},{"type":"Feature","properties":{"id":"wat-a347","kind":"water","name":"Creek","acres":null,"editable":false,"source":"USGS 3DHP flowlines (Channel Line)"},"geometry":{"type":"LineString","coordinates":[[-108.773815,42.594346],[-108.774148,42.595053]]}},{"type":"Feature","properties":{"id":"wat-a348","kind":"water","name":"Creek","acres":null,"editable":false,"source":"USGS 3DHP flowlines (Channel Line)"},"geometry":{"type":"LineString","coordinates":[[-108.692605,42.540412],[-108.690243,42.539401],[-108.689906,42.539286],[-108.689124,42.539199]]}},{"type":"Feature","properties":{"id":"wat-a349","kind":"water","name":"Creek","acres":null,"editable":false,"source":"USGS 3DHP flowlines (Channel Line)"},"geometry":{"type":"LineString","coordinates":[[-108.616863,42.678429],[-108.614752,42.6799],[-108.614299,42.680131],[-108.61412,42.680148],[-108.61357,42.680466],[-108.613243,42.680505],[-108.612358,42.680357],[-108.611793,42.680346],[-108.611488,42.680577],[-108.610878,42.680851],[-108.610551,42.680934],[-108.609837,42.680962],[-108.609532,42.681088],[-108.609026,42.681077],[-108.608848,42.681159],[-108.608596,42.681593],[-108.607837,42.681978],[-108.607191,42.682532],[-108.606982,42.68257],[-108.606737,42.682807],[-108.60635,42.682779],[-108.605748,42.68301],[-108.605562,42.683158],[-108.605413,42.683153],[-108.604566,42.68351],[-108.604298,42.683548],[-108.603651,42.684196],[-108.603302,42.684734],[-108.602477,42.685201],[-108.601726,42.685431],[-108.601325,42.685969],[-108.600826,42.686441],[-108.600246,42.686804],[-108.599867,42.686688],[-108.599755,42.686442]]}},{"type":"Feature","properties":{"id":"wat-a350","kind":"water","name":"Creek","acres":null,"editable":false,"source":"USGS 3DHP flowlines (Channel Line)"},"geometry":{"type":"LineString","coordinates":[[-108.769097,42.538957],[-108.767886,42.538222],[-108.76681,42.53741],[-108.766638,42.536236],[-108.765955,42.535297],[-108.765153,42.53471],[-108.764814,42.534226]]}},{"type":"Feature","properties":{"id":"wat-a351","kind":"water","name":"Beaver Creek","acres":null,"editable":false,"source":"USGS 3DHP flowlines (Channel Line)"},"geometry":{"type":"LineString","coordinates":[[-108.536536,42.525078],[-108.536358,42.525012],[-108.536084,42.52516]]}},{"type":"Feature","properties":{"id":"wat-a352","kind":"water","name":"Creek","acres":null,"editable":false,"source":"USGS 3DHP flowlines (Channel Line)"},"geometry":{"type":"LineString","coordinates":[[-108.768414,42.575079],[-108.767934,42.574585],[-108.76795,42.574154],[-108.767709,42.573726],[-108.767057,42.573328]]}},{"type":"Feature","properties":{"id":"wat-a353","kind":"water","name":"Creek","acres":null,"editable":false,"source":"USGS 3DHP flowlines (Channel Line)"},"geometry":{"type":"LineString","coordinates":[[-108.737129,42.58631],[-108.736582,42.587433]]}},{"type":"Feature","properties":{"id":"wat-a354","kind":"water","name":"Canyon Creek","acres":null,"editable":false,"source":"USGS 3DHP flowlines (Channel Line)"},"geometry":{"type":"LineString","coordinates":[[-108.744449,42.656663],[-108.744525,42.656236],[-108.74441,42.655661]]}},{"type":"Feature","properties":{"id":"wat-a355","kind":"water","name":"Creek","acres":null,"editable":false,"source":"USGS 3DHP flowlines (Channel Line)"},"geometry":{"type":"LineString","coordinates":[[-108.770295,42.582782],[-108.769884,42.581891]]}},{"type":"Feature","properties":{"id":"wat-a356","kind":"water","name":"Beaver Creek","acres":null,"editable":false,"source":"USGS 3DHP flowlines (Channel Line)"},"geometry":{"type":"LineString","coordinates":[[-108.580646,42.522906],[-108.580609,42.523126],[-108.580468,42.523285],[-108.579467,42.523543],[-108.579289,42.523515],[-108.578851,42.523241],[-108.578702,42.523219],[-108.578465,42.523345],[-108.578146,42.523181],[-108.577968,42.523181],[-108.577783,42.523285],[-108.577412,42.523763],[-108.576989,42.523818],[-108.576759,42.523768],[-108.576522,42.523609],[-108.575936,42.523576],[-108.575565,42.523878],[-108.575439,42.524136],[-108.57529,42.524136],[-108.575031,42.523955],[-108.574674,42.523856],[-108.573918,42.524257],[-108.573428,42.523856],[-108.57322,42.523983],[-108.573183,42.524158],[-108.572827,42.524081],[-108.572234,42.52418],[-108.57167,42.524081],[-108.570409,42.524427],[-108.569734,42.524351]]}},{"type":"Feature","properties":{"id":"wat-a357","kind":"water","name":"Creek","acres":null,"editable":false,"source":"USGS 3DHP flowlines (Channel Line)"},"geometry":{"type":"LineString","coordinates":[[-108.591986,42.643434],[-108.591689,42.643686],[-108.591466,42.644054],[-108.590433,42.644691],[-108.589623,42.645684],[-108.588331,42.64687],[-108.588041,42.647391],[-108.588063,42.647611],[-108.587655,42.648061],[-108.587714,42.648127],[-108.587499,42.649202],[-108.587165,42.650157],[-108.58631,42.651414]]}},{"type":"Feature","properties":{"id":"wat-a358","kind":"water","name":"Creek","acres":null,"editable":false,"source":"USGS 3DHP flowlines (Channel Line)"},"geometry":{"type":"LineString","coordinates":[[-108.730993,42.614638],[-108.730694,42.614378],[-108.730464,42.61431],[-108.729721,42.614287],[-108.729054,42.614381]]}},{"type":"Feature","properties":{"id":"wat-a359","kind":"water","name":"Creek","acres":null,"editable":false,"source":"USGS 3DHP flowlines (Channel Line)"},"geometry":{"type":"LineString","coordinates":[[-108.701601,42.536005],[-108.70139,42.536158],[-108.698868,42.53726],[-108.697258,42.537746],[-108.695478,42.538196],[-108.694506,42.538298],[-108.692598,42.538355],[-108.690839,42.538598],[-108.69012,42.538777],[-108.689124,42.539199]]}},{"type":"Feature","properties":{"id":"wat-a360","kind":"water","name":"East Fork Cottonwood Creek","acres":null,"editable":false,"source":"USGS 3DHP flowlines (Channel Line)"},"geometry":{"type":"LineString","coordinates":[[-108.547906,42.635217],[-108.547839,42.636221],[-108.547772,42.636397],[-108.547496,42.636633]]}},{"type":"Feature","properties":{"id":"wat-a361","kind":"water","name":"Creek","acres":null,"editable":false,"source":"USGS 3DHP flowlines (Channel Line)"},"geometry":{"type":"LineString","coordinates":[[-108.755778,42.732544],[-108.755898,42.732609]]}},{"type":"Feature","properties":{"id":"wat-a362","kind":"water","name":"Creek","acres":null,"editable":false,"source":"USGS 3DHP flowlines (Channel Line)"},"geometry":{"type":"LineString","coordinates":[[-108.748836,42.655828],[-108.746548,42.655563]]}},{"type":"Feature","properties":{"id":"wat-a363","kind":"water","name":"Canyon Creek","acres":null,"editable":false,"source":"USGS 3DHP flowlines (Channel Line)"},"geometry":{"type":"LineString","coordinates":[[-108.766734,42.660941],[-108.766326,42.660861],[-108.765778,42.660627]]}},{"type":"Feature","properties":{"id":"wat-a364","kind":"water","name":"Creek","acres":null,"editable":false,"source":"USGS 3DHP flowlines (Channel Line)"},"geometry":{"type":"LineString","coordinates":[[-108.606313,42.741153],[-108.606469,42.740961],[-108.60641,42.740852],[-108.606477,42.740764],[-108.607236,42.740319],[-108.607809,42.740154],[-108.608226,42.740121],[-108.609007,42.73983],[-108.609513,42.739951],[-108.610087,42.740422],[-108.610295,42.740494],[-108.611427,42.740383],[-108.612052,42.740416],[-108.612536,42.740251],[-108.612804,42.740235],[-108.612983,42.74024],[-108.613385,42.740492],[-108.61401,42.740547],[-108.614196,42.740333],[-108.614687,42.740014],[-108.615565,42.73957],[-108.616422,42.739673],[-108.616883,42.739399],[-108.61689,42.739179],[-108.616689,42.738889],[-108.61686,42.738477],[-108.617195,42.738285],[-108.617373,42.738268]]}},{"type":"Feature","properties":{"id":"wat-a365","kind":"water","name":"Creek","acres":null,"editable":false,"source":"USGS 3DHP flowlines (Channel Line)"},"geometry":{"type":"LineString","coordinates":[[-108.75882,42.742716],[-108.760337,42.741287],[-108.760523,42.740885],[-108.760421,42.740325],[-108.760576,42.739752],[-108.760113,42.73904],[-108.75971,42.738708],[-108.75966,42.737717],[-108.758942,42.736604],[-108.758762,42.735853],[-108.758586,42.735643],[-108.757562,42.735235],[-108.756081,42.733972],[-108.755913,42.733537],[-108.756203,42.732957]]}},{"type":"Feature","properties":{"id":"wat-a366","kind":"water","name":"Creek","acres":null,"editable":false,"source":"USGS 3DHP flowlines (Channel Line)"},"geometry":{"type":"LineString","coordinates":[[-108.777877,42.580227],[-108.778033,42.580633],[-108.777953,42.580895]]}},{"type":"Feature","properties":{"id":"wat-a367","kind":"water","name":"Cottonwood Creek","acres":null,"editable":false,"source":"USGS 3DHP flowlines (Channel Line)"},"geometry":{"type":"LineString","coordinates":[[-108.569082,42.688894],[-108.569365,42.689251],[-108.568725,42.689476],[-108.568688,42.689651],[-108.568896,42.689833],[-108.568881,42.690162],[-108.568658,42.690485],[-108.5688,42.690617],[-108.569015,42.691215],[-108.569566,42.691643],[-108.569707,42.69189],[-108.569581,42.692038],[-108.569216,42.692165],[-108.568874,42.692192]]}},{"type":"Feature","properties":{"id":"wat-a368","kind":"water","name":"Creek","acres":null,"editable":false,"source":"USGS 3DHP flowlines (Channel Line)"},"geometry":{"type":"LineString","coordinates":[[-108.683654,42.567401],[-108.685895,42.566447],[-108.686327,42.56596],[-108.687043,42.56538],[-108.687696,42.564529],[-108.687778,42.564287],[-108.687723,42.563791],[-108.687365,42.563253],[-108.68741,42.562353],[-108.686674,42.561528],[-108.68649,42.561218],[-108.686445,42.560784],[-108.686663,42.560159],[-108.686763,42.558765],[-108.687101,42.558519],[-108.687595,42.558349],[-108.688011,42.557628]]}},{"type":"Feature","properties":{"id":"wat-a369","kind":"water","name":"Creek","acres":null,"editable":false,"source":"USGS 3DHP flowlines (Channel Line)"},"geometry":{"type":"LineString","coordinates":[[-108.779045,42.582927],[-108.779988,42.583179],[-108.780857,42.583206],[-108.781452,42.583398]]}},{"type":"Feature","properties":{"id":"wat-a370","kind":"water","name":"Creek","acres":null,"editable":false,"source":"USGS 3DHP flowlines (Channel Line)"},"geometry":{"type":"LineString","coordinates":[[-108.771182,42.688409],[-108.770242,42.689407],[-108.769047,42.690271]]}},{"type":"Feature","properties":{"id":"wat-a371","kind":"water","name":"Beaver Creek","acres":null,"editable":false,"source":"USGS 3DHP flowlines (Channel Line)"},"geometry":{"type":"LineString","coordinates":[[-108.551892,42.526874],[-108.551618,42.527067],[-108.551365,42.5275],[-108.550913,42.527643],[-108.550416,42.5275],[-108.550008,42.527275],[-108.5498,42.527291],[-108.549704,42.527423],[-108.549526,42.527461],[-108.549325,42.527324],[-108.549236,42.527346],[-108.549192,42.527587],[-108.548672,42.527247],[-108.547515,42.527307],[-108.546936,42.527604],[-108.546669,42.527642],[-108.546083,42.527434]]}},{"type":"Feature","properties":{"id":"wat-a372","kind":"water","name":"Creek","acres":null,"editable":false,"source":"USGS 3DHP flowlines (Channel Line)"},"geometry":{"type":"LineString","coordinates":[[-108.763415,42.678766],[-108.762774,42.678958],[-108.761896,42.679028],[-108.761278,42.679016],[-108.760156,42.678663],[-108.759635,42.678602],[-108.758757,42.678716],[-108.758616,42.678829]]}},{"type":"Feature","properties":{"id":"wat-a373","kind":"water","name":"Creek","acres":null,"editable":false,"source":"USGS 3DHP flowlines (Channel Line)"},"geometry":{"type":"LineString","coordinates":[[-108.778957,42.688546],[-108.778851,42.688911]]}},{"type":"Feature","properties":{"id":"wat-a374","kind":"water","name":"Creek","acres":null,"editable":false,"source":"USGS 3DHP flowlines (Channel Line)"},"geometry":{"type":"LineString","coordinates":[[-108.67567,42.56588],[-108.676065,42.565419],[-108.676439,42.564544],[-108.676538,42.562853],[-108.676689,42.561731],[-108.677001,42.560548],[-108.676991,42.559846],[-108.677258,42.559194],[-108.677512,42.558929],[-108.678207,42.558592],[-108.679455,42.558428],[-108.683763,42.558218],[-108.684265,42.558138],[-108.684825,42.557825],[-108.68531,42.556889],[-108.686151,42.556564],[-108.686332,42.556586]]}},{"type":"Feature","properties":{"id":"wat-a375","kind":"water","name":"Little Popo Agie River","acres":null,"editable":false,"source":"USGS 3DHP flowlines (Channel Line)"},"geometry":{"type":"LineString","coordinates":[[-108.618787,42.737],[-108.618809,42.737198],[-108.618616,42.737527],[-108.618043,42.737818],[-108.617805,42.737818],[-108.617455,42.737588],[-108.617358,42.737829],[-108.617373,42.738268]]}},{"type":"Feature","properties":{"id":"wat-a376","kind":"water","name":"Creek","acres":null,"editable":false,"source":"USGS 3DHP flowlines (Channel Line)"},"geometry":{"type":"LineString","coordinates":[[-108.750043,42.577778],[-108.749836,42.578063],[-108.748842,42.578422]]}},{"type":"Feature","properties":{"id":"wat-a377","kind":"water","name":"Creek","acres":null,"editable":false,"source":"USGS 3DHP flowlines (Channel Line)"},"geometry":{"type":"LineString","coordinates":[[-108.752955,42.559177],[-108.752099,42.560362],[-108.751571,42.56137]]}},{"type":"Feature","properties":{"id":"wat-a378","kind":"water","name":"Little Popo Agie River","acres":null,"editable":false,"source":"USGS 3DHP flowlines (Channel Line)"},"geometry":{"type":"LineString","coordinates":[[-108.754916,42.648112],[-108.753849,42.648532],[-108.753185,42.648672],[-108.752168,42.64949],[-108.751479,42.649647],[-108.75119,42.649876],[-108.750682,42.650095],[-108.75027,42.650232],[-108.749461,42.650312],[-108.748691,42.650648],[-108.748095,42.650621],[-108.747516,42.650732]]}},{"type":"Feature","properties":{"id":"wat-a379","kind":"water","name":"Cherry Creek","acres":null,"editable":false,"source":"USGS 3DHP flowlines (Channel Line)"},"geometry":{"type":"LineString","coordinates":[[-108.716433,42.632517],[-108.716592,42.632864],[-108.716509,42.634146],[-108.716242,42.63476],[-108.716379,42.635142],[-108.716372,42.635428]]}},{"type":"Feature","properties":{"id":"wat-a380","kind":"water","name":"Creek","acres":null,"editable":false,"source":"USGS 3DHP flowlines (Channel Line)"},"geometry":{"type":"LineString","coordinates":[[-108.777102,42.555444],[-108.777971,42.555323],[-108.778698,42.555015],[-108.779462,42.554812],[-108.779729,42.554649]]}},{"type":"Feature","properties":{"id":"wat-a381","kind":"water","name":"Creek","acres":null,"editable":false,"source":"USGS 3DHP flowlines (Channel Line)"},"geometry":{"type":"LineString","coordinates":[[-108.718065,42.531455],[-108.718783,42.530713],[-108.718848,42.530323],[-108.718653,42.529527],[-108.718786,42.528713]]}},{"type":"Feature","properties":{"id":"wat-a382","kind":"water","name":"Creek","acres":null,"editable":false,"source":"USGS 3DHP flowlines (Channel Line)"},"geometry":{"type":"LineString","coordinates":[[-108.781107,42.580121],[-108.779028,42.580418],[-108.778092,42.580759],[-108.777953,42.580895]]}},{"type":"Feature","properties":{"id":"wat-a383","kind":"water","name":"Creek","acres":null,"editable":false,"source":"USGS 3DHP flowlines (Channel Line)"},"geometry":{"type":"LineString","coordinates":[[-108.743382,42.639919],[-108.742277,42.640187],[-108.740378,42.641675],[-108.739313,42.641974]]}},{"type":"Feature","properties":{"id":"wat-a384","kind":"water","name":"Creek","acres":null,"editable":false,"source":"USGS 3DHP flowlines (Channel Line)"},"geometry":{"type":"LineString","coordinates":[[-108.740001,42.615931],[-108.740368,42.616644],[-108.740497,42.617541]]}},{"type":"Feature","properties":{"id":"wat-a385","kind":"water","name":"Creek","acres":null,"editable":false,"source":"USGS 3DHP flowlines (Channel Line)"},"geometry":{"type":"LineString","coordinates":[[-108.649645,42.59793],[-108.649237,42.598228],[-108.649059,42.598746],[-108.648763,42.598848],[-108.648496,42.599122],[-108.648334,42.599542],[-108.647879,42.599983],[-108.647795,42.60026],[-108.647129,42.600805],[-108.646983,42.601441],[-108.646567,42.602144],[-108.646637,42.602533],[-108.646984,42.603035],[-108.647049,42.603586],[-108.647704,42.604302],[-108.647788,42.604673],[-108.648247,42.605115],[-108.648716,42.605286],[-108.649702,42.605964],[-108.649805,42.606128],[-108.649634,42.606467],[-108.648878,42.606802],[-108.648344,42.607395],[-108.64775,42.609562],[-108.647922,42.610169],[-108.647372,42.611508],[-108.647668,42.612055],[-108.647963,42.612331],[-108.649498,42.612696],[-108.649982,42.613102],[-108.650482,42.61376],[-108.651062,42.614205],[-108.651213,42.614406],[-108.651197,42.615486],[-108.651345,42.616084],[-108.650865,42.617172],[-108.649862,42.618241],[-108.649864,42.618521],[-108.64968,42.61885],[-108.649223,42.619336],[-108.649085,42.619765],[-108.648755,42.62011],[-108.647707,42.621709],[-108.646893,42.622278]]}},{"type":"Feature","properties":{"id":"wat-a386","kind":"water","name":"Creek","acres":null,"editable":false,"source":"USGS 3DHP flowlines (Channel Line)"},"geometry":{"type":"LineString","coordinates":[[-108.725238,42.651437],[-108.724595,42.651878],[-108.724353,42.652291],[-108.724358,42.653156]]}},{"type":"Feature","properties":{"id":"wat-a387","kind":"water","name":"Creek","acres":null,"editable":false,"source":"USGS 3DHP flowlines (Channel Line)"},"geometry":{"type":"LineString","coordinates":[[-108.740191,42.636044],[-108.739738,42.636128],[-108.738886,42.636461],[-108.738196,42.636496],[-108.737149,42.636715],[-108.735884,42.637378],[-108.734853,42.637651],[-108.733204,42.637712],[-108.732163,42.637601],[-108.730883,42.637398],[-108.72978,42.636936],[-108.728173,42.636657]]}},{"type":"Feature","properties":{"id":"wat-a388","kind":"water","name":"Canyon Creek","acres":null,"editable":false,"source":"USGS 3DHP flowlines (Channel Line)"},"geometry":{"type":"LineString","coordinates":[[-108.755754,42.660343],[-108.755091,42.660461],[-108.754603,42.660461],[-108.752291,42.659632],[-108.751611,42.659538],[-108.749416,42.659903],[-108.748034,42.660421],[-108.747424,42.660494],[-108.747004,42.660433]]}},{"type":"Feature","properties":{"id":"wat-a389","kind":"water","name":"Twin Creek","acres":null,"editable":false,"source":"USGS 3DHP flowlines (Channel Line)"},"geometry":{"type":"LineString","coordinates":[[-108.571357,42.581974],[-108.570941,42.581946],[-108.570659,42.581677],[-108.570362,42.581606],[-108.570184,42.581688],[-108.570414,42.581869],[-108.570436,42.582045],[-108.570318,42.582061],[-108.57031,42.582259],[-108.570073,42.582188],[-108.569865,42.582297],[-108.569649,42.582127],[-108.569627,42.581908],[-108.569211,42.582149],[-108.569219,42.581996],[-108.569018,42.581924],[-108.569078,42.581754],[-108.568907,42.581661],[-108.568758,42.581721],[-108.568699,42.581677],[-108.568706,42.581414],[-108.568892,42.581332],[-108.568803,42.5812],[-108.568535,42.58126],[-108.568275,42.581079],[-108.568038,42.581074],[-108.568075,42.580964]]}},{"type":"Feature","properties":{"id":"wat-a390","kind":"water","name":"Little Popo Agie River","acres":null,"editable":false,"source":"USGS 3DHP flowlines (Channel Line)"},"geometry":{"type":"LineString","coordinates":[[-108.626358,42.727586],[-108.626495,42.728146],[-108.626472,42.728509]]}},{"type":"Feature","properties":{"id":"wat-a391","kind":"water","name":"Creek","acres":null,"editable":false,"source":"USGS 3DHP flowlines (Channel Line)"},"geometry":{"type":"LineString","coordinates":[[-108.708014,42.534216],[-108.708237,42.534221],[-108.7086,42.534023],[-108.709711,42.53328],[-108.710534,42.532834],[-108.711469,42.532547],[-108.71181,42.53236],[-108.712883,42.531419],[-108.713045,42.53081],[-108.712583,42.530272],[-108.712508,42.529773],[-108.712805,42.52848]]}},{"type":"Feature","properties":{"id":"wat-a392","kind":"water","name":"Creek","acres":null,"editable":false,"source":"USGS 3DHP flowlines (Channel Line)"},"geometry":{"type":"LineString","coordinates":[[-108.669579,42.536425],[-108.667097,42.536708],[-108.666282,42.536664],[-108.665353,42.536781],[-108.664971,42.536899],[-108.662665,42.538004]]}},{"type":"Feature","properties":{"id":"wat-a393","kind":"water","name":"Creek","acres":null,"editable":false,"source":"USGS 3DHP flowlines (Channel Line)"},"geometry":{"type":"LineString","coordinates":[[-108.757525,42.639514],[-108.756943,42.640183],[-108.756196,42.64151],[-108.756023,42.64201],[-108.756074,42.642361],[-108.756607,42.643504],[-108.757741,42.645278]]}},{"type":"Feature","properties":{"id":"wat-a394","kind":"water","name":"Creek","acres":null,"editable":false,"source":"USGS 3DHP flowlines (Channel Line)"},"geometry":{"type":"LineString","coordinates":[[-108.781653,42.634301],[-108.779687,42.633061],[-108.778473,42.63256],[-108.776205,42.631876],[-108.775376,42.631536],[-108.774083,42.631529],[-108.772598,42.631113],[-108.772074,42.631103],[-108.771168,42.630869],[-108.770302,42.63087],[-108.770109,42.630812],[-108.769753,42.630535],[-108.769546,42.630531]]}},{"type":"Feature","properties":{"id":"wat-a395","kind":"water","name":"Creek","acres":null,"editable":false,"source":"USGS 3DHP flowlines (Channel Line)"},"geometry":{"type":"LineString","coordinates":[[-108.778735,42.575588],[-108.778334,42.575445],[-108.777532,42.575753],[-108.776279,42.576441]]}},{"type":"Feature","properties":{"id":"wat-a396","kind":"water","name":"Creek","acres":null,"editable":false,"source":"USGS 3DHP flowlines (Channel Line)"},"geometry":{"type":"LineString","coordinates":[[-108.782803,42.669696],[-108.781301,42.669403],[-108.780267,42.669369],[-108.779799,42.669138],[-108.779502,42.668808],[-108.77917,42.668644]]}},{"type":"Feature","properties":{"id":"wat-a397","kind":"water","name":"Beaver Creek","acres":null,"editable":false,"source":"USGS 3DHP flowlines (Channel Line)"},"geometry":{"type":"LineString","coordinates":[[-108.6942,42.558194],[-108.694005,42.55828],[-108.693963,42.558433],[-108.693483,42.558558],[-108.693157,42.558804],[-108.692961,42.558845],[-108.692115,42.558665],[-108.691202,42.558629],[-108.69012,42.558265],[-108.689549,42.558218],[-108.689304,42.557924],[-108.688795,42.55786],[-108.688425,42.557961],[-108.688248,42.557822],[-108.688241,42.557669],[-108.688011,42.557628]]}},{"type":"Feature","properties":{"id":"wat-a398","kind":"water","name":"Devils Creek","acres":null,"editable":false,"source":"USGS 3DHP flowlines (Channel Line)"},"geometry":{"type":"LineString","coordinates":[[-108.623116,42.669377],[-108.622678,42.669641],[-108.621578,42.669982],[-108.621243,42.670284],[-108.620783,42.670536],[-108.6203,42.670723],[-108.619965,42.670959],[-108.619913,42.670893],[-108.619475,42.671453],[-108.618895,42.671838],[-108.618464,42.672244],[-108.617862,42.672453],[-108.616918,42.67292],[-108.616316,42.673101],[-108.615907,42.673754],[-108.614948,42.673886],[-108.613647,42.673837],[-108.613283,42.673986],[-108.612695,42.673821],[-108.611676,42.67391]]}},{"type":"Feature","properties":{"id":"wat-a399","kind":"water","name":"Twin Creek","acres":null,"editable":false,"source":"USGS 3DHP flowlines (Channel Line)"},"geometry":{"type":"LineString","coordinates":[[-108.567592,42.579592],[-108.567681,42.57946],[-108.567369,42.579082],[-108.567251,42.57917],[-108.567102,42.579098],[-108.567058,42.578791],[-108.566939,42.578698],[-108.566605,42.578956],[-108.566456,42.578934],[-108.566471,42.578626],[-108.566382,42.578533],[-108.566085,42.578637],[-108.565974,42.578374],[-108.565736,42.578412],[-108.565536,42.578209],[-108.565662,42.578056],[-108.565573,42.577946],[-108.565276,42.578006],[-108.565157,42.57794],[-108.565075,42.577715],[-108.56532,42.577501],[-108.565209,42.577392],[-108.564942,42.577364],[-108.565105,42.577101],[-108.564897,42.576986],[-108.565112,42.576728],[-108.564971,42.576684],[-108.564756,42.576766],[-108.564318,42.576536],[-108.563969,42.576464],[-108.563613,42.576481],[-108.562944,42.576903],[-108.562707,42.576898],[-108.562284,42.577068],[-108.561927,42.576969],[-108.562113,42.576799],[-108.561764,42.576574],[-108.561445,42.576519],[-108.561021,42.576602],[-108.560145,42.577041],[-108.560138,42.57715],[-108.5599,42.577276],[-108.559893,42.57743],[-108.559529,42.577512],[-108.559462,42.57771],[-108.559225,42.577814],[-108.559277,42.577946],[-108.559121,42.578099],[-108.558697,42.578286],[-108.558482,42.578544],[-108.558185,42.578626],[-108.557947,42.578577],[-108.557457,42.578895],[-108.557339,42.579005],[-108.557264,42.579422],[-108.557168,42.579504],[-108.556967,42.579433],[-108.556945,42.579169],[-108.556856,42.579104],[-108.556707,42.57923]]}},{"type":"Feature","properties":{"id":"wat-a400","kind":"water","name":"Red Canyon Creek","acres":null,"editable":false,"source":"USGS 3DHP flowlines (Channel Line)"},"geometry":{"type":"LineString","coordinates":[[-108.663697,42.677112],[-108.663887,42.677425],[-108.663819,42.67815],[-108.664032,42.678393],[-108.664811,42.67873],[-108.665436,42.67953],[-108.665307,42.679748],[-108.66481,42.679943],[-108.664772,42.680038],[-108.664857,42.681377],[-108.665131,42.681453],[-108.665405,42.681263],[-108.665642,42.681465],[-108.665963,42.681499],[-108.666139,42.682159],[-108.66639,42.682494],[-108.666283,42.682681],[-108.665833,42.682674],[-108.665718,42.68277],[-108.665703,42.682883],[-108.665993,42.683109],[-108.665993,42.683502],[-108.665749,42.683571],[-108.665619,42.683777],[-108.66539,42.683914],[-108.66526,42.684219],[-108.66549,42.684265],[-108.665589,42.684471],[-108.665871,42.684349],[-108.665993,42.684433],[-108.666192,42.684345],[-108.666284,42.684398],[-108.666093,42.68481],[-108.666543,42.684746],[-108.666848,42.685138]]}},{"type":"Feature","properties":{"id":"wat-a401","kind":"water","name":"Creek","acres":null,"editable":false,"source":"USGS 3DHP flowlines (Channel Line)"},"geometry":{"type":"LineString","coordinates":[[-108.59778,42.736849],[-108.597765,42.736651],[-108.59807,42.736327],[-108.598137,42.736135],[-108.598099,42.734774],[-108.598515,42.733989],[-108.598515,42.733353],[-108.598016,42.732991],[-108.597971,42.732596],[-108.597644,42.731954],[-108.59777,42.731032],[-108.597569,42.730851],[-108.597062,42.730708],[-108.596259,42.73078],[-108.596169,42.730736],[-108.595901,42.730819],[-108.595723,42.730725],[-108.59579,42.730572],[-108.595648,42.730396],[-108.594561,42.729957],[-108.594688,42.72976],[-108.594837,42.729743],[-108.59506,42.729419],[-108.595461,42.729139],[-108.595491,42.728964],[-108.595714,42.728684],[-108.596131,42.728585],[-108.596168,42.728431],[-108.596056,42.728294],[-108.596637,42.727872],[-108.59686,42.72752],[-108.597277,42.727531],[-108.59776,42.727345],[-108.597775,42.726949],[-108.597864,42.726884],[-108.598162,42.726977],[-108.598311,42.726916],[-108.598318,42.726785],[-108.598527,42.72668],[-108.598534,42.726439],[-108.598809,42.726291],[-108.598965,42.726033],[-108.599456,42.725731],[-108.600781,42.725319],[-108.601257,42.725286],[-108.602381,42.724764],[-108.603095,42.724753],[-108.60471,42.72444],[-108.605395,42.72445],[-108.605804,42.724637],[-108.605983,42.724571],[-108.60602,42.724401]]}},{"type":"Feature","properties":{"id":"wat-a402","kind":"water","name":"Creek","acres":null,"editable":false,"source":"USGS 3DHP flowlines (Channel Line)"},"geometry":{"type":"LineString","coordinates":[[-108.787712,42.732796],[-108.786999,42.732917],[-108.785736,42.733397],[-108.783513,42.733751],[-108.782755,42.733763],[-108.781673,42.733967],[-108.781078,42.734199],[-108.780556,42.73445],[-108.780176,42.734829],[-108.779413,42.735328],[-108.777795,42.736161],[-108.776879,42.736522],[-108.775993,42.737027],[-108.775547,42.737549]]}},{"type":"Feature","properties":{"id":"wat-a403","kind":"water","name":"Creek","acres":null,"editable":false,"source":"USGS 3DHP flowlines (Channel Line)"},"geometry":{"type":"LineString","coordinates":[[-108.707277,42.533607],[-108.707373,42.533256],[-108.707684,42.533025],[-108.707838,42.532344],[-108.708067,42.531833],[-108.708918,42.530898],[-108.710332,42.529666],[-108.710933,42.529254],[-108.711637,42.529038],[-108.712805,42.52848]]}},{"type":"Feature","properties":{"id":"wat-a404","kind":"water","name":"Creek","acres":null,"editable":false,"source":"USGS 3DHP flowlines (Channel Line)"},"geometry":{"type":"LineString","coordinates":[[-108.755711,42.652848],[-108.756011,42.651795],[-108.756453,42.650801],[-108.755928,42.649686],[-108.755616,42.649373],[-108.755365,42.648752],[-108.754916,42.648112]]}},{"type":"Feature","properties":{"id":"wat-a405","kind":"water","name":"Creek","acres":null,"editable":false,"source":"USGS 3DHP flowlines (Channel Line)"},"geometry":{"type":"LineString","coordinates":[[-108.723793,42.554144],[-108.723075,42.554413],[-108.72259,42.554692],[-108.721938,42.554868],[-108.720973,42.55529],[-108.720308,42.555826],[-108.720052,42.556145],[-108.719995,42.556729],[-108.719211,42.557506],[-108.71786,42.559487]]}},{"type":"Feature","properties":{"id":"wat-a406","kind":"water","name":"Little Popo Agie River","acres":null,"editable":false,"source":"USGS 3DHP flowlines (Channel Line)"},"geometry":{"type":"LineString","coordinates":[[-108.617373,42.738268],[-108.617835,42.738499],[-108.617821,42.739003],[-108.617955,42.739311],[-108.618134,42.73936],[-108.618319,42.73919],[-108.618558,42.739124],[-108.618699,42.739283],[-108.618737,42.739941],[-108.618633,42.740205],[-108.618425,42.740375],[-108.618447,42.740463],[-108.617621,42.741105],[-108.617234,42.741138],[-108.615991,42.740919],[-108.615805,42.741024],[-108.615582,42.741501],[-108.615575,42.741633],[-108.615664,42.741677],[-108.61553,42.742028],[-108.615821,42.742341],[-108.615813,42.742516],[-108.615627,42.742708],[-108.615583,42.742972],[-108.615955,42.743378],[-108.616283,42.743493]]}},{"type":"Feature","properties":{"id":"wat-a407","kind":"water","name":"Beaver Creek","acres":null,"editable":false,"source":"USGS 3DHP flowlines (Channel Line)"},"geometry":{"type":"LineString","coordinates":[[-108.557234,42.526041],[-108.556781,42.526249]]}},{"type":"Feature","properties":{"id":"wat-a408","kind":"water","name":"Creek","acres":null,"editable":false,"source":"USGS 3DHP flowlines (Channel Line)"},"geometry":{"type":"LineString","coordinates":[[-108.71758,42.561938],[-108.717994,42.561257],[-108.718119,42.56085]]}},{"type":"Feature","properties":{"id":"wat-a409","kind":"water","name":"Creek","acres":null,"editable":false,"source":"USGS 3DHP flowlines (Channel Line)"},"geometry":{"type":"LineString","coordinates":[[-108.623177,42.532846],[-108.623022,42.533746],[-108.622874,42.533872],[-108.622704,42.534355],[-108.622489,42.534569],[-108.622385,42.534877],[-108.622081,42.535085],[-108.621926,42.535371],[-108.621845,42.535854],[-108.621593,42.536397],[-108.621683,42.537165],[-108.621275,42.537599],[-108.620607,42.538]]}},{"type":"Feature","properties":{"id":"wat-a410","kind":"water","name":"Creek","acres":null,"editable":false,"source":"USGS 3DHP flowlines (Channel Line)"},"geometry":{"type":"LineString","coordinates":[[-108.699295,42.526855],[-108.699494,42.526344],[-108.699358,42.525263],[-108.699616,42.524713],[-108.700475,42.523834],[-108.701505,42.523201],[-108.702014,42.522151],[-108.702124,42.52163],[-108.70232,42.516974],[-108.702593,42.516287],[-108.702822,42.515941],[-108.703355,42.515539],[-108.703643,42.514854]]}},{"type":"Feature","properties":{"id":"wat-a411","kind":"water","name":"Creek","acres":null,"editable":false,"source":"USGS 3DHP flowlines (Channel Line)"},"geometry":{"type":"LineString","coordinates":[[-108.764407,42.655459],[-108.763635,42.654947],[-108.763115,42.654721],[-108.762564,42.654676],[-108.762133,42.654736],[-108.761647,42.654948]]}},{"type":"Feature","properties":{"id":"wat-a412","kind":"water","name":"Creek","acres":null,"editable":false,"source":"USGS 3DHP flowlines (Channel Line)"},"geometry":{"type":"LineString","coordinates":[[-108.517765,42.653745],[-108.518427,42.653515],[-108.518873,42.653526],[-108.51917,42.653619],[-108.520047,42.653219],[-108.520813,42.652599],[-108.521118,42.652451],[-108.521215,42.652281]]}},{"type":"Feature","properties":{"id":"wat-a413","kind":"water","name":"Creek","acres":null,"editable":false,"source":"USGS 3DHP flowlines (Channel Line)"},"geometry":{"type":"LineString","coordinates":[[-108.585262,42.629728],[-108.584445,42.630239],[-108.583791,42.630859],[-108.583821,42.630925],[-108.583635,42.631144],[-108.582625,42.631913],[-108.582558,42.632088],[-108.582164,42.632385],[-108.582023,42.632824],[-108.581481,42.633098],[-108.580923,42.633696],[-108.580285,42.634168],[-108.579809,42.634882],[-108.579438,42.635205],[-108.578628,42.636221],[-108.578427,42.636742],[-108.577588,42.637867],[-108.577246,42.638103],[-108.576875,42.638531],[-108.57651,42.638701]]}},{"type":"Feature","properties":{"id":"wat-a414","kind":"water","name":"Creek","acres":null,"editable":false,"source":"USGS 3DHP flowlines (Channel Line)"},"geometry":{"type":"LineString","coordinates":[[-108.537909,42.637092],[-108.537797,42.638431],[-108.537879,42.63876],[-108.537738,42.639303],[-108.537514,42.639737],[-108.537358,42.639802],[-108.537083,42.640126],[-108.537135,42.64017],[-108.536912,42.64056],[-108.536897,42.640977],[-108.536748,42.641086],[-108.536614,42.641454],[-108.536629,42.641871],[-108.536361,42.642546],[-108.536205,42.642716],[-108.536458,42.643226],[-108.536286,42.643753],[-108.536234,42.64507],[-108.536955,42.645718],[-108.537229,42.646272],[-108.537162,42.646403],[-108.537311,42.646497],[-108.537259,42.646952],[-108.536939,42.647517],[-108.536797,42.64822],[-108.536671,42.648324],[-108.53676,42.649202],[-108.537688,42.650563],[-108.538647,42.651529]]}},{"type":"Feature","properties":{"id":"wat-a415","kind":"water","name":"Creek","acres":null,"editable":false,"source":"USGS 3DHP flowlines (Channel Line)"},"geometry":{"type":"LineString","coordinates":[[-108.544316,42.681819],[-108.544845,42.679932],[-108.545797,42.679482],[-108.546422,42.679054],[-108.547262,42.678242],[-108.547679,42.678072],[-108.548757,42.678029],[-108.549597,42.67844],[-108.550631,42.678726],[-108.551553,42.678748],[-108.55197,42.678665],[-108.553003,42.678951],[-108.554253,42.678847],[-108.554974,42.678666],[-108.555338,42.678474],[-108.555971,42.678336],[-108.55603,42.678249]]}},{"type":"Feature","properties":{"id":"wat-a416","kind":"water","name":"Critnan Creek","acres":null,"editable":false,"source":"USGS 3DHP flowlines (Channel Line)"},"geometry":{"type":"LineString","coordinates":[[-108.526662,42.654665],[-108.526781,42.655142],[-108.527085,42.655586]]}},{"type":"Feature","properties":{"id":"wat-a417","kind":"water","name":"Creek","acres":null,"editable":false,"source":"USGS 3DHP flowlines (Channel Line)"},"geometry":{"type":"LineString","coordinates":[[-108.755397,42.592585],[-108.756468,42.594434],[-108.756863,42.595298],[-108.757651,42.596407],[-108.758327,42.597578],[-108.759896,42.601328],[-108.760302,42.602798]]}},{"type":"Feature","properties":{"id":"wat-a418","kind":"water","name":"Creek","acres":null,"editable":false,"source":"USGS 3DHP flowlines (Channel Line)"},"geometry":{"type":"LineString","coordinates":[[-108.767254,42.673285],[-108.763588,42.672379],[-108.762748,42.671917],[-108.762317,42.67179],[-108.761804,42.671839],[-108.760865,42.672216],[-108.760432,42.672578],[-108.760097,42.672654],[-108.759308,42.672703],[-108.758312,42.672602],[-108.757427,42.67226],[-108.756201,42.6716],[-108.755659,42.671072],[-108.754738,42.670576],[-108.754503,42.670374]]}},{"type":"Feature","properties":{"id":"wat-a419","kind":"water","name":"Creek","acres":null,"editable":false,"source":"USGS 3DHP flowlines (Channel Line)"},"geometry":{"type":"LineString","coordinates":[[-108.541578,42.664062],[-108.542657,42.663371]]}},{"type":"Feature","properties":{"id":"wat-a420","kind":"water","name":"Creek","acres":null,"editable":false,"source":"USGS 3DHP flowlines (Channel Line)"},"geometry":{"type":"LineString","coordinates":[[-108.742052,42.774207],[-108.741703,42.775085],[-108.741444,42.777181],[-108.741139,42.777664],[-108.741036,42.778981],[-108.740917,42.77942],[-108.740708,42.779722],[-108.739562,42.780705],[-108.738989,42.782198],[-108.738171,42.783115],[-108.737925,42.783526],[-108.737799,42.783647],[-108.736898,42.784026],[-108.736294,42.784422]]}},{"type":"Feature","properties":{"id":"wat-a421","kind":"water","name":"Creek","acres":null,"editable":false,"source":"USGS 3DHP flowlines (Channel Line)"},"geometry":{"type":"LineString","coordinates":[[-108.761474,42.555805],[-108.758705,42.555724]]}},{"type":"Feature","properties":{"id":"wat-a422","kind":"water","name":"Creek","acres":null,"editable":false,"source":"USGS 3DHP flowlines (Channel Line)"},"geometry":{"type":"LineString","coordinates":[[-108.745358,42.576237],[-108.744409,42.576741],[-108.743874,42.576915],[-108.743079,42.576868],[-108.742745,42.576901],[-108.742427,42.577044],[-108.741528,42.577067],[-108.741231,42.577227],[-108.740559,42.577912]]}},{"type":"Feature","properties":{"id":"wat-a423","kind":"water","name":"Creek","acres":null,"editable":false,"source":"USGS 3DHP flowlines (Channel Line)"},"geometry":{"type":"LineString","coordinates":[[-108.71039,42.581068],[-108.709766,42.580992],[-108.708896,42.580746],[-108.708398,42.580747],[-108.707448,42.581007],[-108.706586,42.581107],[-108.705992,42.581064],[-108.705465,42.581207],[-108.7045,42.581659],[-108.704169,42.581718]]}},{"type":"Feature","properties":{"id":"wat-a424","kind":"water","name":"Creek","acres":null,"editable":false,"source":"USGS 3DHP flowlines (Channel Line)"},"geometry":{"type":"LineString","coordinates":[[-108.778977,42.582109],[-108.780158,42.582344],[-108.781145,42.582689]]}},{"type":"Feature","properties":{"id":"wat-a425","kind":"water","name":"Creek","acres":null,"editable":false,"source":"USGS 3DHP flowlines (Channel Line)"},"geometry":{"type":"LineString","coordinates":[[-108.742248,42.553887],[-108.741773,42.553882],[-108.740248,42.553248],[-108.739075,42.553206],[-108.738152,42.552505],[-108.737594,42.552336],[-108.736755,42.55237],[-108.735695,42.552729],[-108.7345,42.552917],[-108.733274,42.55265],[-108.732501,42.552718],[-108.731781,42.552532],[-108.731371,42.552506]]}},{"type":"Feature","properties":{"id":"wat-a426","kind":"water","name":"Creek","acres":null,"editable":false,"source":"USGS 3DHP flowlines (Channel Line)"},"geometry":{"type":"LineString","coordinates":[[-108.770613,42.576691],[-108.768414,42.575079]]}},{"type":"Feature","properties":{"id":"wat-a427","kind":"water","name":"Creek","acres":null,"editable":false,"source":"USGS 3DHP flowlines (Channel Line)"},"geometry":{"type":"LineString","coordinates":[[-108.753097,42.693499],[-108.752069,42.693875],[-108.750263,42.694857],[-108.749019,42.695941],[-108.748439,42.696303],[-108.746509,42.697085],[-108.745403,42.697619]]}},{"type":"Feature","properties":{"id":"wat-a428","kind":"water","name":"Red Canyon Creek","acres":null,"editable":false,"source":"USGS 3DHP flowlines (Channel Line)"},"geometry":{"type":"LineString","coordinates":[[-108.622613,42.613836],[-108.622925,42.61428],[-108.623505,42.614692],[-108.623943,42.614895],[-108.624323,42.615893],[-108.625678,42.616594],[-108.626484,42.617305],[-108.62622,42.617988],[-108.625173,42.618499],[-108.624972,42.619086],[-108.624066,42.619531],[-108.623851,42.619767],[-108.623875,42.621414]]}},{"type":"Feature","properties":{"id":"wat-a429","kind":"water","name":"Creek","acres":null,"editable":false,"source":"USGS 3DHP flowlines (Channel Line)"},"geometry":{"type":"LineString","coordinates":[[-108.72643,42.526285],[-108.72704,42.526597],[-108.72747,42.526629],[-108.729236,42.526412],[-108.729646,42.526501]]}},{"type":"Feature","properties":{"id":"wat-a430","kind":"water","name":"Creek","acres":null,"editable":false,"source":"USGS 3DHP flowlines (Channel Line)"},"geometry":{"type":"LineString","coordinates":[[-108.639862,42.732331],[-108.637962,42.733002],[-108.637261,42.733052],[-108.636246,42.733319],[-108.635559,42.733582],[-108.63472,42.733662],[-108.634178,42.733624]]}},{"type":"Feature","properties":{"id":"wat-a431","kind":"water","name":"Little Popo Agie River","acres":null,"editable":false,"source":"USGS 3DHP flowlines (Channel Line)"},"geometry":{"type":"LineString","coordinates":[[-108.626525,42.726597],[-108.626395,42.726781],[-108.626289,42.727448]]}},{"type":"Feature","properties":{"id":"wat-a432","kind":"water","name":"Little Popo Agie River","acres":null,"editable":false,"source":"USGS 3DHP flowlines (Channel Line)"},"geometry":{"type":"LineString","coordinates":[[-108.775073,42.627833],[-108.774475,42.628051],[-108.773201,42.628216],[-108.772437,42.628777],[-108.770811,42.628908],[-108.770304,42.629114],[-108.770054,42.62928],[-108.769681,42.629804],[-108.769546,42.630531]]}},{"type":"Feature","properties":{"id":"wat-a433","kind":"water","name":"Pass Creek","acres":null,"editable":false,"source":"USGS 3DHP flowlines (Channel Line)"},"geometry":{"type":"LineString","coordinates":[[-108.764874,42.628504],[-108.764822,42.628935],[-108.764983,42.629226],[-108.765522,42.629831],[-108.765669,42.630149],[-108.766017,42.630318],[-108.766386,42.630843],[-108.766791,42.631],[-108.767236,42.631049],[-108.767249,42.630986],[-108.767449,42.63113],[-108.767613,42.631151],[-108.767553,42.631667],[-108.767678,42.631733],[-108.767994,42.632248],[-108.768017,42.632879],[-108.768263,42.632933]]}},{"type":"Feature","properties":{"id":"wat-a434","kind":"water","name":"Rock Creek","acres":null,"editable":false,"source":"USGS 3DHP flowlines (Channel Line)"},"geometry":{"type":"LineString","coordinates":[[-108.743358,42.535495],[-108.742977,42.535056],[-108.742035,42.534376],[-108.741747,42.533965]]}},{"type":"Feature","properties":{"id":"wat-a435","kind":"water","name":"Creek","acres":null,"editable":false,"source":"USGS 3DHP flowlines (Channel Line)"},"geometry":{"type":"LineString","coordinates":[[-108.705254,42.591274],[-108.704801,42.591297],[-108.70408,42.591177],[-108.703582,42.591172],[-108.702208,42.591449],[-108.701324,42.591417],[-108.699548,42.591628],[-108.698634,42.591536],[-108.697988,42.591548],[-108.697163,42.591703],[-108.696738,42.591664]]}},{"type":"Feature","properties":{"id":"wat-a436","kind":"water","name":"Creek","acres":null,"editable":false,"source":"USGS 3DHP flowlines (Channel Line)"},"geometry":{"type":"LineString","coordinates":[[-108.556167,42.511439],[-108.556056,42.512031],[-108.5557,42.512701],[-108.555744,42.513189],[-108.556145,42.514314],[-108.556678,42.515049],[-108.556753,42.515428],[-108.556345,42.515922],[-108.556433,42.516756],[-108.556804,42.517118],[-108.556938,42.517491],[-108.55656,42.518232],[-108.556671,42.519028],[-108.556485,42.51933],[-108.556025,42.519736],[-108.555142,42.520224],[-108.553184,42.52108],[-108.552553,42.521266],[-108.552227,42.522885],[-108.552397,42.523703],[-108.552345,42.52429],[-108.552034,42.524767],[-108.552234,42.524905],[-108.552249,42.525344],[-108.551967,42.525711],[-108.552018,42.525953],[-108.552389,42.526337]]}},{"type":"Feature","properties":{"id":"wat-a437","kind":"water","name":"Creek","acres":null,"editable":false,"source":"USGS 3DHP flowlines (Channel Line)"},"geometry":{"type":"LineString","coordinates":[[-108.74789,42.57884],[-108.746439,42.579545],[-108.745488,42.579801],[-108.744836,42.580171],[-108.743452,42.580391]]}},{"type":"Feature","properties":{"id":"wat-a438","kind":"water","name":"Stambaugh Creek","acres":null,"editable":false,"source":"USGS 3DHP flowlines (Channel Line)"},"geometry":{"type":"LineString","coordinates":[[-108.562923,42.565791],[-108.562626,42.565874],[-108.562403,42.566132]]}},{"type":"Feature","properties":{"id":"wat-a439","kind":"water","name":"Creek","acres":null,"editable":false,"source":"USGS 3DHP flowlines (Channel Line)"},"geometry":{"type":"LineString","coordinates":[[-108.738941,42.617596],[-108.736949,42.616924],[-108.736071,42.616718]]}},{"type":"Feature","properties":{"id":"wat-a440","kind":"water","name":"Creek","acres":null,"editable":false,"source":"USGS 3DHP flowlines (Channel Line)"},"geometry":{"type":"LineString","coordinates":[[-108.538237,42.622735],[-108.538533,42.623575],[-108.539008,42.624354],[-108.539051,42.624965],[-108.539318,42.625207],[-108.53937,42.625404],[-108.539147,42.625904],[-108.539199,42.626057],[-108.539095,42.62643],[-108.53937,42.626941],[-108.539355,42.627402],[-108.5396,42.627912],[-108.539042,42.628532],[-108.538864,42.629344],[-108.538804,42.630985],[-108.539041,42.631583],[-108.539034,42.631934],[-108.538795,42.632675],[-108.53881,42.633114],[-108.53933,42.633476],[-108.540519,42.633504],[-108.540935,42.633421],[-108.541441,42.633433],[-108.542266,42.633537],[-108.542763,42.633702],[-108.543068,42.633641],[-108.544131,42.633729],[-108.545572,42.634201]]}},{"type":"Feature","properties":{"id":"wat-a441","kind":"water","name":"Iiams Creek","acres":null,"editable":false,"source":"USGS 3DHP flowlines (Channel Line)"},"geometry":{"type":"LineString","coordinates":[[-108.74872,42.768074],[-108.749182,42.768337],[-108.749383,42.768666],[-108.749473,42.76893],[-108.749384,42.769023],[-108.749377,42.769286],[-108.749489,42.769835],[-108.748544,42.771081],[-108.74844,42.771493],[-108.748024,42.772327],[-108.74798,42.77304],[-108.747824,42.77348],[-108.747929,42.774522],[-108.748078,42.774824],[-108.74849,42.776492],[-108.748386,42.777326],[-108.747992,42.778094],[-108.748023,42.778605],[-108.747584,42.77956],[-108.747577,42.779851],[-108.747905,42.780608],[-108.74798,42.781047],[-108.747847,42.781568],[-108.747557,42.782117],[-108.74752,42.782375],[-108.747654,42.782721]]}},{"type":"Feature","properties":{"id":"wat-a442","kind":"water","name":"Creek","acres":null,"editable":false,"source":"USGS 3DHP flowlines (Channel Line)"},"geometry":{"type":"LineString","coordinates":[[-108.777623,42.589229],[-108.777898,42.589179],[-108.778625,42.588723],[-108.77873,42.58874]]}},{"type":"Feature","properties":{"id":"wat-a443","kind":"water","name":"West Fork Cottonwood Creek","acres":null,"editable":false,"source":"USGS 3DHP flowlines (Channel Line)"},"geometry":{"type":"LineString","coordinates":[[-108.563653,42.63462],[-108.564441,42.634965],[-108.564686,42.63552],[-108.565035,42.635723],[-108.565005,42.635766],[-108.565385,42.635904],[-108.565607,42.636238],[-108.566016,42.636535],[-108.567131,42.637698],[-108.567124,42.637895],[-108.567265,42.638049],[-108.567473,42.638098]]}},{"type":"Feature","properties":{"id":"wat-a444","kind":"water","name":"Creek","acres":null,"editable":false,"source":"USGS 3DHP flowlines (Channel Line)"},"geometry":{"type":"LineString","coordinates":[[-108.714567,42.619614],[-108.714507,42.619919],[-108.714174,42.620353],[-108.714101,42.620685],[-108.713729,42.620858],[-108.713676,42.620974],[-108.714065,42.621351],[-108.714173,42.622055]]}},{"type":"Feature","properties":{"id":"wat-a445","kind":"water","name":"Creek","acres":null,"editable":false,"source":"USGS 3DHP flowlines (Channel Line)"},"geometry":{"type":"LineString","coordinates":[[-108.613876,42.69143],[-108.613891,42.691759],[-108.61509,42.693125],[-108.615938,42.693448],[-108.616281,42.693717],[-108.616757,42.693859],[-108.617218,42.694177],[-108.617643,42.694737],[-108.617777,42.695198],[-108.61774,42.695395],[-108.617986,42.695906],[-108.618321,42.696394],[-108.618932,42.696915],[-108.619111,42.697595],[-108.619364,42.69793],[-108.619521,42.69866],[-108.619462,42.699428],[-108.61979,42.70007],[-108.619775,42.700531],[-108.620051,42.701151],[-108.620171,42.701924],[-108.620849,42.702791],[-108.621407,42.702955],[-108.621631,42.704256],[-108.621527,42.704563],[-108.6219,42.704985],[-108.622086,42.705452],[-108.622562,42.705693],[-108.622585,42.705962],[-108.622816,42.706242]]}},{"type":"Feature","properties":{"id":"wat-a446","kind":"water","name":"Creek","acres":null,"editable":false,"source":"USGS 3DHP flowlines (Channel Line)"},"geometry":{"type":"LineString","coordinates":[[-108.636438,42.774587],[-108.636312,42.774433],[-108.636103,42.774406],[-108.635716,42.774581],[-108.63541,42.774581],[-108.635247,42.774444],[-108.635269,42.774252]]}},{"type":"Feature","properties":{"id":"wat-a447","kind":"water","name":"Creek","acres":null,"editable":false,"source":"USGS 3DHP flowlines (Channel Line)"},"geometry":{"type":"LineString","coordinates":[[-108.748829,42.583888],[-108.748473,42.583791],[-108.747434,42.583124]]}},{"type":"Feature","properties":{"id":"wat-a448","kind":"water","name":"Creek","acres":null,"editable":false,"source":"USGS 3DHP flowlines (Channel Line)"},"geometry":{"type":"LineString","coordinates":[[-108.753138,42.720758],[-108.751073,42.720781],[-108.750607,42.720584],[-108.749463,42.720458],[-108.748699,42.7205],[-108.747333,42.720683],[-108.74696,42.720793],[-108.744862,42.721656]]}},{"type":"Feature","properties":{"id":"wat-a449","kind":"water","name":"Cherry Creek","acres":null,"editable":false,"source":"USGS 3DHP flowlines (Channel Line)"},"geometry":{"type":"LineString","coordinates":[[-108.716516,42.615663],[-108.716405,42.615697],[-108.716284,42.61601],[-108.715739,42.616233],[-108.715649,42.616375],[-108.715406,42.617001],[-108.715102,42.617319],[-108.715014,42.618056]]}},{"type":"Feature","properties":{"id":"wat-a450","kind":"water","name":"Creek","acres":null,"editable":false,"source":"USGS 3DHP flowlines (Channel Line)"},"geometry":{"type":"LineString","coordinates":[[-108.745939,42.756486],[-108.74646,42.75654],[-108.747182,42.756781],[-108.748352,42.757362],[-108.749007,42.757351],[-108.749417,42.757461],[-108.749767,42.757641],[-108.750684,42.758481],[-108.751477,42.75862],[-108.752416,42.759181],[-108.753636,42.760631],[-108.754147,42.761115],[-108.754537,42.762175],[-108.755765,42.764133],[-108.756551,42.765087],[-108.757406,42.765712],[-108.758367,42.766223],[-108.758604,42.766277],[-108.760061,42.766116],[-108.760977,42.766204],[-108.761648,42.766444],[-108.761961,42.76675],[-108.762014,42.766967],[-108.761922,42.767768],[-108.762822,42.768718],[-108.762968,42.769397],[-108.763471,42.76966],[-108.763746,42.769927],[-108.764341,42.771118],[-108.764647,42.771461],[-108.764547,42.771754],[-108.764028,42.772262],[-108.764318,42.772704],[-108.763792,42.773113],[-108.763707,42.77344],[-108.763723,42.773631],[-108.764066,42.774001],[-108.764097,42.774138],[-108.763983,42.774539],[-108.764204,42.775127],[-108.763975,42.775504],[-108.764227,42.775866],[-108.764143,42.77597],[-108.762663,42.776523],[-108.761937,42.776622],[-108.761716,42.776824],[-108.761663,42.777026],[-108.761876,42.7774],[-108.761167,42.778014],[-108.761221,42.778743],[-108.761488,42.779136],[-108.761441,42.779441]]}},{"type":"Feature","properties":{"id":"wat-a451","kind":"water","name":"Creek","acres":null,"editable":false,"source":"USGS 3DHP flowlines (Channel Line)"},"geometry":{"type":"LineString","coordinates":[[-108.719183,42.526409],[-108.71951,42.52608],[-108.71951,42.525921],[-108.719091,42.525344],[-108.718505,42.524888],[-108.718268,42.524543],[-108.718231,42.524296],[-108.718432,42.522633],[-108.718791,42.521656]]}},{"type":"Feature","properties":{"id":"wat-a452","kind":"water","name":"Creek","acres":null,"editable":false,"source":"USGS 3DHP flowlines (Channel Line)"},"geometry":{"type":"LineString","coordinates":[[-108.725156,42.529769],[-108.72395,42.530869],[-108.723804,42.531781],[-108.724344,42.533707],[-108.725068,42.534985],[-108.725753,42.535665],[-108.726772,42.536344],[-108.728222,42.537121],[-108.72927,42.537526],[-108.730158,42.537767]]}},{"type":"Feature","properties":{"id":"wat-a453","kind":"water","name":"Creek","acres":null,"editable":false,"source":"USGS 3DHP flowlines (Channel Line)"},"geometry":{"type":"LineString","coordinates":[[-108.770606,42.5805],[-108.77044,42.579493]]}},{"type":"Feature","properties":{"id":"wat-a454","kind":"water","name":"Creek","acres":null,"editable":false,"source":"USGS 3DHP flowlines (Channel Line)"},"geometry":{"type":"LineString","coordinates":[[-108.746753,42.575758],[-108.745944,42.575935],[-108.745358,42.576237]]}},{"type":"Feature","properties":{"id":"wat-a455","kind":"water","name":"Beaver Creek","acres":null,"editable":false,"source":"USGS 3DHP flowlines (Channel Line)"},"geometry":{"type":"LineString","coordinates":[[-108.725286,42.562395],[-108.724899,42.562212],[-108.724594,42.561891],[-108.723675,42.561701],[-108.723147,42.561484],[-108.722946,42.561327],[-108.722941,42.56111],[-108.722835,42.561018],[-108.721977,42.56083],[-108.721631,42.560534]]}},{"type":"Feature","properties":{"id":"wat-a456","kind":"water","name":"Creek","acres":null,"editable":false,"source":"USGS 3DHP flowlines (Channel Line)"},"geometry":{"type":"LineString","coordinates":[[-108.775911,42.641873],[-108.775458,42.6419],[-108.775131,42.641834],[-108.774462,42.641569],[-108.77409,42.641355],[-108.772836,42.640233],[-108.771908,42.639605],[-108.771159,42.638671],[-108.770888,42.637089],[-108.770673,42.636836],[-108.769596,42.636297],[-108.768676,42.635477],[-108.768194,42.635207],[-108.767212,42.635201],[-108.766811,42.635074],[-108.766539,42.634829]]}},{"type":"Feature","properties":{"id":"wat-a457","kind":"water","name":"Snow Creek","acres":null,"editable":false,"source":"USGS 3DHP flowlines (Channel Line)"},"geometry":{"type":"LineString","coordinates":[[-108.722554,42.614595],[-108.721868,42.614347],[-108.72126,42.614299],[-108.72034,42.614443],[-108.719712,42.614628],[-108.71939,42.61464]]}},{"type":"Feature","properties":{"id":"wat-a458","kind":"water","name":"Creek","acres":null,"editable":false,"source":"USGS 3DHP flowlines (Channel Line)"},"geometry":{"type":"LineString","coordinates":[[-108.768891,42.667886],[-108.768687,42.666139],[-108.767961,42.664738],[-108.767963,42.664046],[-108.767704,42.663376],[-108.767394,42.662716],[-108.766682,42.661601],[-108.766734,42.660941]]}},{"type":"Feature","properties":{"id":"wat-a459","kind":"water","name":"Beason Creek","acres":null,"editable":false,"source":"USGS 3DHP flowlines (Channel Line)"},"geometry":{"type":"LineString","coordinates":[[-108.756203,42.732957],[-108.756102,42.732703],[-108.755898,42.732609]]}},{"type":"Feature","properties":{"id":"wat-a460","kind":"water","name":"Creek","acres":null,"editable":false,"source":"USGS 3DHP flowlines (Channel Line)"},"geometry":{"type":"LineString","coordinates":[[-108.635517,42.772123],[-108.63621,42.77203],[-108.636485,42.772238],[-108.636537,42.77243],[-108.636291,42.772633],[-108.635412,42.772874]]}},{"type":"Feature","properties":{"id":"wat-a461","kind":"water","name":"Deep Creek","acres":null,"editable":false,"source":"USGS 3DHP flowlines (Channel Line)"},"geometry":{"type":"LineString","coordinates":[[-108.665176,42.607784],[-108.665018,42.608123],[-108.664524,42.608599],[-108.664224,42.609143],[-108.663272,42.609826],[-108.660168,42.611311],[-108.659597,42.612227],[-108.659386,42.612979],[-108.659128,42.613361],[-108.658823,42.613688],[-108.657947,42.614301],[-108.656833,42.616052],[-108.656249,42.617643],[-108.656252,42.618534],[-108.656035,42.619115],[-108.655996,42.619502],[-108.655781,42.619722],[-108.655444,42.620571],[-108.654699,42.621258],[-108.654194,42.622031],[-108.653334,42.622851],[-108.652778,42.623065],[-108.652642,42.623431],[-108.652428,42.623607],[-108.651832,42.623901],[-108.651296,42.623863],[-108.650586,42.623614],[-108.650125,42.623569],[-108.649369,42.623238],[-108.64905,42.62297],[-108.648457,42.622859],[-108.646893,42.622278]]}},{"type":"Feature","properties":{"id":"wat-a462","kind":"water","name":"Rock Creek","acres":null,"editable":false,"source":"USGS 3DHP flowlines (Channel Line)"},"geometry":{"type":"LineString","coordinates":[[-108.763658,42.548433],[-108.762656,42.548228],[-108.761908,42.54771]]}},{"type":"Feature","properties":{"id":"wat-a463","kind":"water","name":"Creek","acres":null,"editable":false,"source":"USGS 3DHP flowlines (Channel Line)"},"geometry":{"type":"LineString","coordinates":[[-108.758181,42.663439],[-108.757529,42.662598],[-108.756394,42.661366],[-108.755754,42.660343]]}},{"type":"Feature","properties":{"id":"wat-a464","kind":"water","name":"East Fork Cottonwood Creek","acres":null,"editable":false,"source":"USGS 3DHP flowlines (Channel Line)"},"geometry":{"type":"LineString","coordinates":[[-108.571975,42.607062],[-108.571485,42.607468],[-108.570609,42.608615],[-108.570378,42.609114],[-108.569457,42.609976],[-108.569123,42.610124],[-108.568774,42.61064],[-108.568076,42.611111],[-108.567199,42.612297],[-108.566909,42.612928],[-108.566077,42.613614],[-108.565505,42.6138],[-108.564458,42.614744],[-108.563819,42.615084],[-108.562979,42.616165],[-108.561129,42.617905],[-108.560334,42.619205],[-108.559502,42.620001],[-108.559026,42.620736],[-108.558981,42.621109],[-108.558766,42.621367],[-108.558491,42.621537],[-108.558223,42.621597],[-108.55757,42.621559],[-108.557116,42.621861],[-108.556983,42.622141],[-108.556247,42.622717],[-108.555868,42.623348],[-108.555043,42.62388],[-108.554478,42.623957],[-108.552693,42.625132],[-108.552485,42.625082],[-108.552032,42.625357],[-108.551073,42.626284],[-108.550501,42.626487],[-108.550323,42.626641],[-108.55036,42.627036],[-108.54978,42.627573],[-108.549267,42.627738]]}},{"type":"Feature","properties":{"id":"wat-a465","kind":"water","name":"Creek","acres":null,"editable":false,"source":"USGS 3DHP flowlines (Channel Line)"},"geometry":{"type":"LineString","coordinates":[[-108.782266,42.579407],[-108.781471,42.579484],[-108.777237,42.578866],[-108.776752,42.578989]]}},{"type":"Feature","properties":{"id":"wat-a466","kind":"water","name":"Creek","acres":null,"editable":false,"source":"USGS 3DHP flowlines (Channel Line)"},"geometry":{"type":"LineString","coordinates":[[-108.775547,42.737549],[-108.774972,42.737556],[-108.773966,42.738014]]}},{"type":"Feature","properties":{"id":"wat-a467","kind":"water","name":"Snow Creek","acres":null,"editable":false,"source":"USGS 3DHP flowlines (Channel Line)"},"geometry":{"type":"LineString","coordinates":[[-108.745197,42.596505],[-108.743941,42.597628],[-108.74305,42.597665],[-108.742255,42.59809],[-108.740933,42.598226],[-108.739664,42.598607],[-108.73796,42.599888],[-108.736553,42.600716],[-108.736063,42.60112],[-108.735567,42.601687],[-108.734561,42.603216],[-108.734355,42.603851],[-108.734404,42.604509]]}},{"type":"Feature","properties":{"id":"wat-a468","kind":"water","name":"Creek","acres":null,"editable":false,"source":"USGS 3DHP flowlines (Channel Line)"},"geometry":{"type":"LineString","coordinates":[[-108.747428,42.670085],[-108.747521,42.667627],[-108.747466,42.667144],[-108.746811,42.666066],[-108.746741,42.66571],[-108.746833,42.66421]]}},{"type":"Feature","properties":{"id":"wat-a469","kind":"water","name":"Creek","acres":null,"editable":false,"source":"USGS 3DHP flowlines (Channel Line)"},"geometry":{"type":"LineString","coordinates":[[-108.752091,42.585898],[-108.753562,42.58794],[-108.754016,42.589065],[-108.754469,42.590596],[-108.754848,42.591183],[-108.754945,42.591738],[-108.755397,42.592585]]}},{"type":"Feature","properties":{"id":"wat-a470","kind":"water","name":"Barrett Creek","acres":null,"editable":false,"source":"USGS 3DHP flowlines (Channel Line)"},"geometry":{"type":"LineString","coordinates":[[-108.657272,42.628364],[-108.657966,42.629611],[-108.658317,42.630016],[-108.658378,42.63058],[-108.659301,42.631259],[-108.659919,42.632212],[-108.660416,42.633654],[-108.66114,42.635158],[-108.661445,42.635516],[-108.661506,42.636065],[-108.662132,42.637465],[-108.662132,42.637847],[-108.662819,42.638824],[-108.662925,42.639323],[-108.663246,42.639629],[-108.663696,42.640311],[-108.663719,42.640578],[-108.663398,42.641208],[-108.663429,42.641345],[-108.663826,42.64186],[-108.663826,42.64241],[-108.664192,42.643294],[-108.664657,42.644882],[-108.665016,42.645537],[-108.665177,42.646388],[-108.665673,42.647151],[-108.66568,42.647861],[-108.665878,42.648181]]}},{"type":"Feature","properties":{"id":"wat-a471","kind":"water","name":"Creek","acres":null,"editable":false,"source":"USGS 3DHP flowlines (Channel Line)"},"geometry":{"type":"LineString","coordinates":[[-108.623385,42.662199],[-108.623831,42.66215],[-108.624373,42.661936],[-108.625072,42.661902],[-108.62528,42.661694],[-108.625503,42.661617],[-108.626761,42.661438],[-108.626975,42.661469]]}},{"type":"Feature","properties":{"id":"wat-a472","kind":"water","name":"Creek","acres":null,"editable":false,"source":"USGS 3DHP flowlines (Channel Line)"},"geometry":{"type":"LineString","coordinates":[[-108.725386,42.528644],[-108.725563,42.528468],[-108.72589,42.528334]]}},{"type":"Feature","properties":{"id":"wat-a473","kind":"water","name":"Creek","acres":null,"editable":false,"source":"USGS 3DHP flowlines (Channel Line)"},"geometry":{"type":"LineString","coordinates":[[-108.731117,42.524785],[-108.731631,42.525427],[-108.731884,42.525591],[-108.732048,42.525915],[-108.732311,42.526996],[-108.732275,42.527704]]}},{"type":"Feature","properties":{"id":"wat-a474","kind":"water","name":"Little Popo Agie River","acres":null,"editable":false,"source":"USGS 3DHP flowlines (Channel Line)"},"geometry":{"type":"LineString","coordinates":[[-108.756924,42.646943],[-108.756359,42.647591],[-108.755876,42.647815],[-108.755422,42.647901]]}},{"type":"Feature","properties":{"id":"wat-a475","kind":"water","name":"Creek","acres":null,"editable":false,"source":"USGS 3DHP flowlines (Channel Line)"},"geometry":{"type":"LineString","coordinates":[[-108.76703,42.687997],[-108.766655,42.688864],[-108.766512,42.68944],[-108.766563,42.690203],[-108.765828,42.691181]]}},{"type":"Feature","properties":{"id":"wat-a476","kind":"water","name":"Creek","acres":null,"editable":false,"source":"USGS 3DHP flowlines (Channel Line)"},"geometry":{"type":"LineString","coordinates":[[-108.623746,42.706483],[-108.62423,42.706603],[-108.624572,42.706795]]}},{"type":"Feature","properties":{"id":"wat-a477","kind":"water","name":"Twin Creek","acres":null,"editable":false,"source":"USGS 3DHP flowlines (Channel Line)"},"geometry":{"type":"LineString","coordinates":[[-108.544262,42.582197],[-108.543557,42.582076],[-108.543208,42.581823],[-108.542362,42.581565],[-108.541864,42.581269],[-108.541701,42.581006],[-108.541255,42.580994],[-108.540758,42.580786],[-108.539741,42.580895],[-108.539125,42.580687]]}},{"type":"Feature","properties":{"id":"wat-a478","kind":"water","name":"Beaver Creek","acres":null,"editable":false,"source":"USGS 3DHP flowlines (Channel Line)"},"geometry":{"type":"LineString","coordinates":[[-108.730566,42.564819],[-108.729961,42.564717],[-108.729567,42.564493],[-108.728481,42.564201],[-108.72827,42.563972],[-108.726404,42.563034],[-108.72629,42.562825],[-108.726071,42.562807]]}},{"type":"Feature","properties":{"id":"wat-a479","kind":"water","name":"Creek","acres":null,"editable":false,"source":"USGS 3DHP flowlines (Channel Line)"},"geometry":{"type":"LineString","coordinates":[[-108.708174,42.553002],[-108.706106,42.553665],[-108.704957,42.554281],[-108.704704,42.554474],[-108.703765,42.555986],[-108.703395,42.556344],[-108.70023,42.558838]]}},{"type":"Feature","properties":{"id":"wat-a480","kind":"water","name":"Creek","acres":null,"editable":false,"source":"USGS 3DHP flowlines (Channel Line)"},"geometry":{"type":"LineString","coordinates":[[-108.778949,42.563018],[-108.778466,42.563111],[-108.777909,42.563013],[-108.777471,42.56275],[-108.777129,42.562157],[-108.776906,42.561959],[-108.776104,42.56208],[-108.775481,42.562437],[-108.774783,42.56269],[-108.772563,42.562581],[-108.771783,42.562746],[-108.769675,42.56289],[-108.768687,42.563241],[-108.768344,42.563245]]}},{"type":"Feature","properties":{"id":"wat-a481","kind":"water","name":"Creek","acres":null,"editable":false,"source":"USGS 3DHP flowlines (Channel Line)"},"geometry":{"type":"LineString","coordinates":[[-108.712538,42.581425],[-108.712851,42.581584],[-108.713416,42.581676],[-108.713825,42.582159],[-108.714613,42.582267],[-108.715156,42.582453],[-108.715439,42.582738],[-108.715731,42.583435],[-108.71678,42.584076],[-108.717592,42.584909],[-108.718291,42.585161],[-108.719301,42.58568]]}},{"type":"Feature","properties":{"id":"wat-a482","kind":"water","name":"Creek","acres":null,"editable":false,"source":"USGS 3DHP flowlines (Channel Line)"},"geometry":{"type":"LineString","coordinates":[[-108.725046,42.577985],[-108.724187,42.578947],[-108.723758,42.579645],[-108.723328,42.579915],[-108.722185,42.580334],[-108.721756,42.580714],[-108.721571,42.580977],[-108.721328,42.5819],[-108.721129,42.582187]]}},{"type":"Feature","properties":{"id":"wat-a483","kind":"water","name":"Creek","acres":null,"editable":false,"source":"USGS 3DHP flowlines (Channel Line)"},"geometry":{"type":"LineString","coordinates":[[-108.759883,42.567076],[-108.759131,42.565579],[-108.7583,42.564969],[-108.758069,42.564622],[-108.757055,42.563683],[-108.756676,42.563037],[-108.755779,42.562245]]}},{"type":"Feature","properties":{"id":"wat-a484","kind":"water","name":"Creek","acres":null,"editable":false,"source":"USGS 3DHP flowlines (Channel Line)"},"geometry":{"type":"LineString","coordinates":[[-108.589098,42.632767],[-108.588645,42.632954],[-108.58831,42.633278],[-108.588362,42.633344],[-108.588058,42.633623],[-108.587634,42.633838],[-108.587077,42.634441],[-108.585465,42.635462],[-108.585346,42.635413],[-108.584625,42.635616],[-108.584477,42.635594],[-108.582649,42.636676],[-108.582708,42.636697],[-108.582307,42.637153],[-108.581378,42.638097],[-108.580323,42.638832],[-108.5799,42.639496],[-108.579379,42.639881],[-108.579372,42.640012],[-108.57903,42.640397],[-108.577752,42.641165],[-108.577225,42.641878],[-108.576363,42.642625],[-108.576229,42.642932],[-108.576214,42.643371],[-108.576326,42.643547],[-108.576318,42.643766],[-108.576073,42.643936]]}},{"type":"Feature","properties":{"id":"wat-a485","kind":"water","name":"Creek","acres":null,"editable":false,"source":"USGS 3DHP flowlines (Channel Line)"},"geometry":{"type":"LineString","coordinates":[[-108.714173,42.622055],[-108.713986,42.62215],[-108.713521,42.622195],[-108.712659,42.621782],[-108.712319,42.62173],[-108.711667,42.622221],[-108.711125,42.622382]]}},{"type":"Feature","properties":{"id":"wat-a486","kind":"water","name":"Creek","acres":null,"editable":false,"source":"USGS 3DHP flowlines (Channel Line)"},"geometry":{"type":"LineString","coordinates":[[-108.777916,42.573069],[-108.778176,42.572717],[-108.779208,42.572086],[-108.779512,42.571718],[-108.779816,42.571076],[-108.780959,42.569999],[-108.780969,42.56971]]}},{"type":"Feature","properties":{"id":"wat-a487","kind":"water","name":"Beaver Creek","acres":null,"editable":false,"source":"USGS 3DHP flowlines (Channel Line)"},"geometry":{"type":"LineString","coordinates":[[-108.556781,42.526249],[-108.55641,42.52598]]}},{"type":"Feature","properties":{"id":"wat-a488","kind":"water","name":"Little Popo Agie River","acres":null,"editable":false,"source":"USGS 3DHP flowlines (Channel Line)"},"geometry":{"type":"LineString","coordinates":[[-108.622886,42.734013],[-108.622148,42.733821],[-108.621791,42.733904],[-108.621509,42.734206],[-108.621085,42.734414],[-108.621315,42.734639],[-108.621242,42.735056],[-108.621026,42.735271],[-108.620661,42.735413],[-108.62023,42.735737],[-108.619731,42.735661],[-108.619366,42.735891],[-108.619158,42.735804],[-108.619046,42.735623],[-108.618704,42.736034],[-108.618905,42.736237],[-108.618891,42.736676],[-108.619002,42.736786]]}},{"type":"Feature","properties":{"id":"wat-a489","kind":"water","name":"Creek","acres":null,"editable":false,"source":"USGS 3DHP flowlines (Channel Line)"},"geometry":{"type":"LineString","coordinates":[[-108.637338,42.596695],[-108.636665,42.596771],[-108.636583,42.597004],[-108.636397,42.59709],[-108.635953,42.597864],[-108.635497,42.59799],[-108.635049,42.598242],[-108.634615,42.598764],[-108.633077,42.600092],[-108.632468,42.600422],[-108.631888,42.600599],[-108.630673,42.601132],[-108.630332,42.601449],[-108.629469,42.602026],[-108.62901,42.602233],[-108.628527,42.602754],[-108.627838,42.603253],[-108.627542,42.603337],[-108.626146,42.604163],[-108.624722,42.605231],[-108.624477,42.605335],[-108.624351,42.605527],[-108.622881,42.606774],[-108.622562,42.607377],[-108.622474,42.608168],[-108.621917,42.608684],[-108.62188,42.608969],[-108.621621,42.609425],[-108.621651,42.610215],[-108.621488,42.610544],[-108.621385,42.611109],[-108.621102,42.611389],[-108.620969,42.611872],[-108.621096,42.612355],[-108.621356,42.61258],[-108.62146,42.612915],[-108.622337,42.613304],[-108.622508,42.613463],[-108.622613,42.613836]]}},{"type":"Feature","properties":{"id":"wat-a490","kind":"water","name":"Creek","acres":null,"editable":false,"source":"USGS 3DHP flowlines (Channel Line)"},"geometry":{"type":"LineString","coordinates":[[-108.743116,42.613559],[-108.742396,42.613956],[-108.741937,42.614484],[-108.741686,42.615143],[-108.741279,42.615654],[-108.741283,42.616813],[-108.741194,42.617082],[-108.740852,42.617438]]}},{"type":"Feature","properties":{"id":"wat-a491","kind":"water","name":"Creek","acres":null,"editable":false,"source":"USGS 3DHP flowlines (Channel Line)"},"geometry":{"type":"LineString","coordinates":[[-108.774095,42.705287],[-108.773908,42.705144],[-108.773281,42.704924],[-108.772222,42.704832],[-108.771354,42.704536],[-108.771093,42.704332]]}},{"type":"Feature","properties":{"id":"wat-a492","kind":"water","name":"Creek","acres":null,"editable":false,"source":"USGS 3DHP flowlines (Channel Line)"},"geometry":{"type":"LineString","coordinates":[[-108.580427,42.599664],[-108.582246,42.597946],[-108.582254,42.597771],[-108.581348,42.59697],[-108.581206,42.596662],[-108.580961,42.596536],[-108.580887,42.596092],[-108.581213,42.595466],[-108.581421,42.595334],[-108.581756,42.595279],[-108.582543,42.594879],[-108.582691,42.594703],[-108.582995,42.593765],[-108.583389,42.593622],[-108.583404,42.593271],[-108.58307,42.592695],[-108.582869,42.592514],[-108.582512,42.592437],[-108.58249,42.592305],[-108.582178,42.59197],[-108.582549,42.591537],[-108.582854,42.591372],[-108.583039,42.591109],[-108.583344,42.590895]]}},{"type":"Feature","properties":{"id":"wat-a493","kind":"water","name":"Creek","acres":null,"editable":false,"source":"USGS 3DHP flowlines (Channel Line)"},"geometry":{"type":"LineString","coordinates":[[-108.750682,42.598955],[-108.749981,42.599283],[-108.749092,42.599999],[-108.748447,42.600697],[-108.74778,42.601225],[-108.747142,42.601578],[-108.746185,42.601882],[-108.745554,42.60225],[-108.743452,42.602688],[-108.742569,42.603052],[-108.741628,42.603055]]}},{"type":"Feature","properties":{"id":"wat-a494","kind":"water","name":"Beaver Creek","acres":null,"editable":false,"source":"USGS 3DHP flowlines (Channel Line)"},"geometry":{"type":"LineString","coordinates":[[-108.705447,42.560104],[-108.704872,42.56021],[-108.704186,42.560007],[-108.703896,42.560074]]}},{"type":"Feature","properties":{"id":"wat-a495","kind":"water","name":"Creek","acres":null,"editable":false,"source":"USGS 3DHP flowlines (Channel Line)"},"geometry":{"type":"LineString","coordinates":[[-108.73761,42.614178],[-108.734604,42.615644],[-108.733556,42.615952]]}},{"type":"Feature","properties":{"id":"wat-a496","kind":"water","name":"Creek","acres":null,"editable":false,"source":"USGS 3DHP flowlines (Channel Line)"},"geometry":{"type":"LineString","coordinates":[[-108.742922,42.590879],[-108.742595,42.591001],[-108.741958,42.591534],[-108.741132,42.591711]]}},{"type":"Feature","properties":{"id":"wat-a497","kind":"water","name":"Twin Creek","acres":null,"editable":false,"source":"USGS 3DHP flowlines (Channel Line)"},"geometry":{"type":"LineString","coordinates":[[-108.596377,42.591057],[-108.595924,42.591199],[-108.595753,42.591002],[-108.595909,42.590914],[-108.59582,42.590804],[-108.59562,42.590777],[-108.595523,42.590953],[-108.595374,42.590837],[-108.595137,42.590942],[-108.595018,42.590898],[-108.594847,42.590629],[-108.594454,42.590821],[-108.594892,42.59109],[-108.594885,42.591222],[-108.594766,42.591309],[-108.594469,42.591282],[-108.594417,42.591063],[-108.593964,42.591315],[-108.593756,42.591222],[-108.593667,42.591288],[-108.593748,42.591398],[-108.593689,42.591529],[-108.593214,42.591518],[-108.592998,42.591667],[-108.592924,42.591381],[-108.592686,42.591266],[-108.592085,42.591563],[-108.592018,42.591711],[-108.591714,42.591837],[-108.591558,42.591991],[-108.590904,42.59215],[-108.590459,42.592035],[-108.589976,42.591519],[-108.589686,42.59136],[-108.589382,42.591569],[-108.588988,42.591651],[-108.58855,42.591574],[-108.587919,42.591783],[-108.587035,42.591591],[-108.586671,42.591646],[-108.586523,42.591778],[-108.586277,42.591794],[-108.585609,42.59158],[-108.585453,42.591668],[-108.58529,42.592014],[-108.585238,42.591794],[-108.584636,42.591339],[-108.584554,42.591163],[-108.58396,42.591065],[-108.583574,42.591098],[-108.583396,42.591032],[-108.583344,42.590895]]}},{"type":"Feature","properties":{"id":"wat-a498","kind":"water","name":"Beason Creek","acres":null,"editable":false,"source":"USGS 3DHP flowlines (Channel Line)"},"geometry":{"type":"LineString","coordinates":[[-108.758084,42.733309],[-108.756793,42.733194],[-108.756382,42.733087],[-108.756203,42.732957]]}},{"type":"Feature","properties":{"id":"wat-a499","kind":"water","name":"Creek","acres":null,"editable":false,"source":"USGS 3DHP flowlines (Channel Line)"},"geometry":{"type":"LineString","coordinates":[[-108.741132,42.591711],[-108.739511,42.592381],[-108.737722,42.592994],[-108.737087,42.593378],[-108.736175,42.593625]]}},{"type":"Feature","properties":{"id":"wat-a500","kind":"water","name":"Creek","acres":null,"editable":false,"source":"USGS 3DHP flowlines (Channel Line)"},"geometry":{"type":"LineString","coordinates":[[-108.779912,42.56069],[-108.779459,42.560449],[-108.778346,42.560559],[-108.777467,42.560353]]}},{"type":"Feature","properties":{"id":"wat-a501","kind":"water","name":"Critnan Creek","acres":null,"editable":false,"source":"USGS 3DHP flowlines (Channel Line)"},"geometry":{"type":"LineString","coordinates":[[-108.527453,42.650083],[-108.527527,42.650418],[-108.527356,42.650983],[-108.52737,42.65129],[-108.52685,42.651806],[-108.526775,42.652135]]}},{"type":"Feature","properties":{"id":"wat-a502","kind":"water","name":"Creek","acres":null,"editable":false,"source":"USGS 3DHP flowlines (Channel Line)"},"geometry":{"type":"LineString","coordinates":[[-108.545087,42.510988],[-108.546421,42.511871],[-108.548134,42.512832],[-108.548646,42.513326],[-108.548728,42.513589],[-108.548453,42.514418],[-108.548453,42.515252],[-108.548215,42.516036],[-108.547666,42.516355],[-108.546887,42.516536],[-108.546138,42.516848],[-108.545804,42.517106],[-108.545181,42.517841],[-108.544291,42.518566],[-108.544105,42.518851],[-108.543831,42.519021],[-108.543289,42.519164],[-108.542369,42.519229],[-108.542214,42.519317],[-108.541345,42.520239],[-108.541138,42.520365],[-108.540878,42.52087],[-108.540737,42.521523],[-108.539935,42.52223],[-108.539712,42.522686],[-108.539557,42.522796],[-108.539378,42.523668],[-108.538822,42.524228],[-108.538243,42.524568],[-108.536536,42.525078]]}},{"type":"Feature","properties":{"id":"wat-a503","kind":"water","name":"Creek","acres":null,"editable":false,"source":"USGS 3DHP flowlines (Channel Line)"},"geometry":{"type":"LineString","coordinates":[[-108.760448,42.552452],[-108.76001,42.553039],[-108.759818,42.553786],[-108.759081,42.555465]]}},{"type":"Feature","properties":{"id":"wat-a504","kind":"water","name":"Creek","acres":null,"editable":false,"source":"USGS 3DHP flowlines (Channel Line)"},"geometry":{"type":"LineString","coordinates":[[-108.708441,42.538591],[-108.707234,42.539773],[-108.7061,42.540461],[-108.705797,42.540868],[-108.706022,42.54151],[-108.705711,42.54184],[-108.704916,42.542366]]}},{"type":"Feature","properties":{"id":"wat-a505","kind":"water","name":"Creek","acres":null,"editable":false,"source":"USGS 3DHP flowlines (Channel Line)"},"geometry":{"type":"LineString","coordinates":[[-108.733556,42.615952],[-108.733202,42.615814],[-108.732858,42.615528],[-108.73239,42.615348]]}},{"type":"Feature","properties":{"id":"wat-a506","kind":"water","name":"West Fork Cottonwood Creek","acres":null,"editable":false,"source":"USGS 3DHP flowlines (Channel Line)"},"geometry":{"type":"LineString","coordinates":[[-108.581563,42.648933],[-108.581842,42.649324],[-108.581604,42.649428],[-108.581738,42.649675],[-108.581701,42.649917],[-108.5824,42.650235],[-108.582541,42.650504],[-108.582534,42.650613],[-108.582326,42.650783],[-108.582237,42.651552],[-108.582512,42.65204],[-108.582252,42.652583],[-108.582453,42.652896],[-108.582386,42.654169]]}},{"type":"Feature","properties":{"id":"wat-a507","kind":"water","name":"Creek","acres":null,"editable":false,"source":"USGS 3DHP flowlines (Channel Line)"},"geometry":{"type":"LineString","coordinates":[[-108.746833,42.66421],[-108.746661,42.663123],[-108.746875,42.662119],[-108.746829,42.661104],[-108.747004,42.660433]]}},{"type":"Feature","properties":{"id":"wat-a508","kind":"water","name":"Little Popo Agie River","acres":null,"editable":false,"source":"USGS 3DHP flowlines (Channel Line)"},"geometry":{"type":"LineString","coordinates":[[-108.718673,42.660947],[-108.716494,42.66199],[-108.715654,42.662299],[-108.71432,42.66268],[-108.712,42.663054],[-108.710253,42.663775],[-108.708002,42.664424],[-108.707071,42.664927],[-108.706247,42.665145],[-108.70337,42.666987],[-108.700334,42.667876],[-108.699449,42.668227],[-108.697588,42.669143],[-108.697069,42.669509],[-108.697313,42.670767],[-108.696894,42.671668]]}},{"type":"Feature","properties":{"id":"wat-a509","kind":"water","name":"Devils Creek","acres":null,"editable":false,"source":"USGS 3DHP flowlines (Channel Line)"},"geometry":{"type":"LineString","coordinates":[[-108.611676,42.67391],[-108.611186,42.67436],[-108.610487,42.674783],[-108.609684,42.675513],[-108.608696,42.675804],[-108.607752,42.676331],[-108.607588,42.676699],[-108.607127,42.677154],[-108.606986,42.677632],[-108.606563,42.678],[-108.60634,42.678367],[-108.606005,42.678554],[-108.605686,42.678988],[-108.605269,42.679114],[-108.604779,42.679454],[-108.604393,42.6803],[-108.604504,42.680459],[-108.604438,42.680678],[-108.604215,42.681002],[-108.603828,42.681101],[-108.603821,42.681233],[-108.603278,42.681485],[-108.602691,42.681914],[-108.602393,42.682018],[-108.602059,42.682298],[-108.602067,42.683637],[-108.602022,42.683856],[-108.601844,42.683983],[-108.601755,42.683961]]}},{"type":"Feature","properties":{"id":"wat-a510","kind":"water","name":"Creek","acres":null,"editable":false,"source":"USGS 3DHP flowlines (Channel Line)"},"geometry":{"type":"LineString","coordinates":[[-108.622963,42.640239],[-108.623185,42.639932],[-108.623393,42.639827],[-108.62502,42.639245],[-108.626731,42.63908],[-108.628745,42.638557],[-108.629317,42.638508]]}},{"type":"Feature","properties":{"id":"wat-a511","kind":"water","name":"Creek","acres":null,"editable":false,"source":"USGS 3DHP flowlines (Channel Line)"},"geometry":{"type":"LineString","coordinates":[[-108.691935,42.716243],[-108.69008,42.715168],[-108.687883,42.714817],[-108.685724,42.714676],[-108.685457,42.714557],[-108.684953,42.713951],[-108.68374,42.71357],[-108.683344,42.713169],[-108.682359,42.712581],[-108.681878,42.712146],[-108.681627,42.712032],[-108.680268,42.711765],[-108.679758,42.71138],[-108.679483,42.711265],[-108.678376,42.711216],[-108.677629,42.711082],[-108.676561,42.710503],[-108.675638,42.710148],[-108.675042,42.710178],[-108.674493,42.710064],[-108.673173,42.710056],[-108.672922,42.709938],[-108.672647,42.709629],[-108.672441,42.709526],[-108.67119,42.709209],[-108.670853,42.708671],[-108.67038,42.708443],[-108.669763,42.707962],[-108.669183,42.707756],[-108.668297,42.707741],[-108.668023,42.707668],[-108.666886,42.706993],[-108.66607,42.707009],[-108.665192,42.707149],[-108.663949,42.707752],[-108.662347,42.707424],[-108.660866,42.707512],[-108.660042,42.707439],[-108.659181,42.707608],[-108.656861,42.708275],[-108.655556,42.708542],[-108.655129,42.708519],[-108.654656,42.708362],[-108.654313,42.708336],[-108.65329,42.708828],[-108.651398,42.708977],[-108.650589,42.709137],[-108.64991,42.709377],[-108.648911,42.709953],[-108.648621,42.710026],[-108.648491,42.709957],[-108.648338,42.709656],[-108.647911,42.709583],[-108.647621,42.709652],[-108.646858,42.709561],[-108.646233,42.709763],[-108.645752,42.709659]]}},{"type":"Feature","properties":{"id":"wat-a512","kind":"water","name":"Creek","acres":null,"editable":false,"source":"USGS 3DHP flowlines (Channel Line)"},"geometry":{"type":"LineString","coordinates":[[-108.753899,42.627581],[-108.754302,42.627247],[-108.755357,42.625715]]}},{"type":"Feature","properties":{"id":"wat-a513","kind":"water","name":"Little Popo Agie River","acres":null,"editable":false,"source":"USGS 3DHP flowlines (Channel Line)"},"geometry":{"type":"LineString","coordinates":[[-108.635549,42.777764],[-108.635378,42.777917],[-108.634782,42.777939],[-108.634327,42.778334],[-108.634342,42.778526],[-108.634699,42.778817],[-108.635696,42.779964],[-108.635987,42.780063],[-108.636404,42.78009],[-108.636977,42.780371]]}},{"type":"Feature","properties":{"id":"wat-a514","kind":"water","name":"Twin Creek","acres":null,"editable":false,"source":"USGS 3DHP flowlines (Channel Line)"},"geometry":{"type":"LineString","coordinates":[[-108.58832,42.717354],[-108.588498,42.717338],[-108.588736,42.717431],[-108.589079,42.71781],[-108.589793,42.717738],[-108.589875,42.717936],[-108.589771,42.718309],[-108.589853,42.718441],[-108.589972,42.718446]]}},{"type":"Feature","properties":{"id":"wat-a515","kind":"water","name":"Creek","acres":null,"editable":false,"source":"USGS 3DHP flowlines (Channel Line)"},"geometry":{"type":"LineString","coordinates":[[-108.783124,42.674687],[-108.78126,42.675272],[-108.778198,42.675942],[-108.777869,42.675918]]}},{"type":"Feature","properties":{"id":"wat-a516","kind":"water","name":"Creek","acres":null,"editable":false,"source":"USGS 3DHP flowlines (Channel Line)"},"geometry":{"type":"LineString","coordinates":[[-108.614615,42.618877],[-108.615589,42.619843],[-108.616526,42.620078],[-108.617098,42.620665],[-108.617262,42.621148],[-108.617745,42.621795],[-108.61776,42.621993],[-108.61811,42.622327],[-108.618274,42.622728],[-108.618995,42.623315],[-108.619188,42.623715],[-108.62017,42.624324],[-108.620408,42.624395],[-108.62072,42.624713],[-108.620681,42.624974],[-108.620979,42.625155],[-108.621998,42.626428],[-108.62231,42.626696],[-108.622846,42.627585],[-108.623077,42.628512],[-108.62365,42.629072],[-108.623911,42.630026],[-108.624164,42.630515],[-108.624209,42.63091],[-108.624731,42.631952],[-108.62505,42.632177],[-108.626494,42.632472],[-108.6267,42.632594],[-108.627715,42.633949],[-108.627837,42.634433],[-108.627676,42.63496],[-108.627219,42.635459],[-108.627234,42.636157],[-108.627501,42.636672],[-108.629317,42.638508]]}},{"type":"Feature","properties":{"id":"wat-a517","kind":"water","name":"Little Popo Agie River","acres":null,"editable":false,"source":"USGS 3DHP flowlines (Channel Line)"},"geometry":{"type":"LineString","coordinates":[[-108.626472,42.728509],[-108.625946,42.72926],[-108.626037,42.729458],[-108.626472,42.729623],[-108.626655,42.729798],[-108.626838,42.730798],[-108.626762,42.730969],[-108.626457,42.731248],[-108.626022,42.73145],[-108.625682,42.731526],[-108.625064,42.73151],[-108.624885,42.731438],[-108.624439,42.731609],[-108.624328,42.73202],[-108.623844,42.732339],[-108.623688,42.732559],[-108.623756,42.733041],[-108.62354,42.733234],[-108.62325,42.733909],[-108.623154,42.733996],[-108.622886,42.734013]]}},{"type":"Feature","properties":{"id":"wat-a518","kind":"water","name":"Creek","acres":null,"editable":false,"source":"USGS 3DHP flowlines (Channel Line)"},"geometry":{"type":"LineString","coordinates":[[-108.722518,42.571851],[-108.72239,42.571451],[-108.722679,42.570348]]}},{"type":"Feature","properties":{"id":"wat-a519","kind":"water","name":"Creek","acres":null,"editable":false,"source":"USGS 3DHP flowlines (Channel Line)"},"geometry":{"type":"LineString","coordinates":[[-108.744968,42.777898],[-108.74476,42.778327],[-108.744939,42.778782],[-108.744969,42.779413],[-108.744739,42.779863],[-108.744493,42.780066],[-108.744456,42.780725],[-108.744561,42.78118],[-108.744331,42.782003],[-108.743594,42.78292],[-108.743677,42.783842],[-108.743617,42.784062],[-108.742508,42.785182],[-108.742218,42.785648],[-108.742278,42.785868],[-108.742755,42.786471],[-108.742659,42.78691],[-108.742242,42.787651],[-108.74126,42.788497],[-108.74094,42.788908],[-108.740746,42.789375],[-108.740851,42.789934],[-108.740621,42.790966],[-108.740726,42.791559],[-108.740458,42.792075],[-108.740384,42.792569],[-108.740675,42.792969],[-108.741234,42.793304],[-108.741428,42.794198]]}},{"type":"Feature","properties":{"id":"wat-a520","kind":"water","name":"Tweed Creek","acres":null,"editable":false,"source":"USGS 3DHP flowlines (Channel Line)"},"geometry":{"type":"LineString","coordinates":[[-108.586014,42.579316],[-108.585628,42.579371],[-108.585301,42.57919],[-108.585212,42.579256],[-108.585524,42.579656],[-108.585397,42.579788],[-108.584841,42.57964],[-108.584276,42.579607],[-108.584068,42.579761],[-108.583831,42.579602],[-108.583504,42.579722],[-108.583497,42.579876],[-108.583348,42.579964],[-108.583111,42.579849],[-108.582814,42.579931],[-108.582576,42.579794]]}},{"type":"Feature","properties":{"id":"wat-a521","kind":"water","name":"Snow Creek","acres":null,"editable":false,"source":"USGS 3DHP flowlines (Channel Line)"},"geometry":{"type":"LineString","coordinates":[[-108.71939,42.61464],[-108.718389,42.6148],[-108.718182,42.614778],[-108.717439,42.615087],[-108.716948,42.615194]]}},{"type":"Feature","properties":{"id":"wat-a522","kind":"water","name":"Creek","acres":null,"editable":false,"source":"USGS 3DHP flowlines (Channel Line)"},"geometry":{"type":"LineString","coordinates":[[-108.695901,42.567324],[-108.695522,42.567343],[-108.694785,42.567517],[-108.694086,42.567972],[-108.693196,42.568647],[-108.691987,42.570064],[-108.691033,42.570477],[-108.690545,42.570503],[-108.689922,42.570878],[-108.68949,42.571022]]}},{"type":"Feature","properties":{"id":"wat-a523","kind":"water","name":"Creek","acres":null,"editable":false,"source":"USGS 3DHP flowlines (Channel Line)"},"geometry":{"type":"LineString","coordinates":[[-108.734202,42.617934],[-108.733978,42.61766],[-108.732809,42.617085],[-108.732414,42.616751],[-108.732295,42.616559],[-108.732272,42.616213],[-108.73239,42.615348]]}},{"type":"Feature","properties":{"id":"wat-a524","kind":"water","name":"Weiser Creek","acres":null,"editable":false,"source":"USGS 3DHP flowlines (Channel Line)"},"geometry":{"type":"LineString","coordinates":[[-108.585765,42.664534],[-108.585378,42.6646],[-108.585118,42.664759]]}},{"type":"Feature","properties":{"id":"wat-a525","kind":"water","name":"Creek","acres":null,"editable":false,"source":"USGS 3DHP flowlines (Channel Line)"},"geometry":{"type":"LineString","coordinates":[[-108.777247,42.540453],[-108.776936,42.540651],[-108.774821,42.54091],[-108.774323,42.540888],[-108.773269,42.541229],[-108.771659,42.542338],[-108.771006,42.542459],[-108.769908,42.542843],[-108.769277,42.543217],[-108.768913,42.543239],[-108.768261,42.543706],[-108.766516,42.544096],[-108.764364,42.545156],[-108.762898,42.545564]]}},{"type":"Feature","properties":{"id":"wat-a526","kind":"water","name":"Beaver Creek","acres":null,"editable":false,"source":"USGS 3DHP flowlines (Channel Line)"},"geometry":{"type":"LineString","coordinates":[[-108.771217,42.564802],[-108.769747,42.564418],[-108.768531,42.564007],[-108.767431,42.564102],[-108.766881,42.564029]]}},{"type":"Feature","properties":{"id":"wat-a527","kind":"water","name":"Creek","acres":null,"editable":false,"source":"USGS 3DHP flowlines (Channel Line)"},"geometry":{"type":"LineString","coordinates":[[-108.773518,42.606323],[-108.772961,42.606669],[-108.772738,42.606998],[-108.77271,42.60751]]}},{"type":"Feature","properties":{"id":"wat-a528","kind":"water","name":"Creek","acres":null,"editable":false,"source":"USGS 3DHP flowlines (Channel Line)"},"geometry":{"type":"LineString","coordinates":[[-108.533069,42.602909],[-108.532994,42.603194],[-108.532623,42.603622],[-108.532667,42.604022],[-108.532541,42.604258],[-108.532021,42.604598],[-108.531797,42.604922],[-108.531626,42.606349],[-108.53141,42.607221],[-108.531714,42.607907],[-108.531402,42.608231],[-108.531365,42.608472],[-108.531498,42.609509],[-108.531668,42.609751],[-108.531742,42.610129],[-108.532002,42.610442],[-108.531853,42.611051],[-108.532002,42.611825]]}},{"type":"Feature","properties":{"id":"wat-a529","kind":"water","name":"Creek","acres":null,"editable":false,"source":"USGS 3DHP flowlines (Channel Line)"},"geometry":{"type":"LineString","coordinates":[[-108.781401,42.665071],[-108.780775,42.665323],[-108.77991,42.66597],[-108.779159,42.666161],[-108.778697,42.666396],[-108.777811,42.666582],[-108.777311,42.666549]]}},{"type":"Feature","properties":{"id":"wat-a530","kind":"water","name":"Creek","acres":null,"editable":false,"source":"USGS 3DHP flowlines (Channel Line)"},"geometry":{"type":"LineString","coordinates":[[-108.585409,42.739117],[-108.585446,42.738898],[-108.58526,42.738256],[-108.584344,42.737362],[-108.584247,42.736808],[-108.583748,42.735875],[-108.583785,42.735677],[-108.584611,42.735041],[-108.584864,42.734629],[-108.585162,42.734591],[-108.585408,42.734398],[-108.585333,42.734108],[-108.585393,42.733959],[-108.585794,42.733679],[-108.585794,42.73357],[-108.586204,42.73312],[-108.587789,42.731989],[-108.588503,42.731232],[-108.589024,42.730891],[-108.589277,42.730502],[-108.589455,42.730529],[-108.589671,42.730249],[-108.590378,42.729761],[-108.591442,42.729168],[-108.591755,42.728668],[-108.592543,42.728268],[-108.592826,42.727944],[-108.59293,42.727527],[-108.592766,42.727088],[-108.592893,42.726978],[-108.593101,42.727006],[-108.593406,42.726791],[-108.593726,42.72627],[-108.593711,42.725831],[-108.594016,42.725557],[-108.59412,42.725271],[-108.59406,42.72514],[-108.594708,42.72469],[-108.594834,42.724475],[-108.594782,42.724141],[-108.59502,42.72351],[-108.595607,42.722824],[-108.595964,42.721995],[-108.596306,42.721759],[-108.596351,42.721386],[-108.59647,42.721325]]}},{"type":"Feature","properties":{"id":"wat-a531","kind":"water","name":"Creek","acres":null,"editable":false,"source":"USGS 3DHP flowlines (Channel Line)"},"geometry":{"type":"LineString","coordinates":[[-108.77268,42.577465],[-108.772182,42.577541]]}},{"type":"Feature","properties":{"id":"wat-a532","kind":"water","name":"Creek","acres":null,"editable":false,"source":"USGS 3DHP flowlines (Channel Line)"},"geometry":{"type":"LineString","coordinates":[[-108.767088,42.616282],[-108.765067,42.61648],[-108.764168,42.61687],[-108.763365,42.616876]]}},{"type":"Feature","properties":{"id":"wat-a533","kind":"water","name":"Creek","acres":null,"editable":false,"source":"USGS 3DHP flowlines (Channel Line)"},"geometry":{"type":"LineString","coordinates":[[-108.779968,42.545886],[-108.778535,42.545793],[-108.777823,42.545887],[-108.777199,42.546063],[-108.776673,42.546409],[-108.776049,42.546936],[-108.775627,42.547463],[-108.775108,42.548688],[-108.77513,42.549138],[-108.774799,42.549349]]}},{"type":"Feature","properties":{"id":"wat-a534","kind":"water","name":"Beaver Creek","acres":null,"editable":false,"source":"USGS 3DHP flowlines (Channel Line)"},"geometry":{"type":"LineString","coordinates":[[-108.763252,42.563574],[-108.762487,42.563376],[-108.761641,42.562828],[-108.760137,42.562312],[-108.759375,42.562153],[-108.759024,42.56211],[-108.757581,42.562253],[-108.755779,42.562245]]}},{"type":"Feature","properties":{"id":"wat-a535","kind":"water","name":"Creek","acres":null,"editable":false,"source":"USGS 3DHP flowlines (Channel Line)"},"geometry":{"type":"LineString","coordinates":[[-108.556781,42.526249],[-108.556388,42.526551],[-108.556284,42.526814],[-108.555921,42.527067],[-108.555001,42.52705],[-108.554711,42.526803]]}},{"type":"Feature","properties":{"id":"wat-a536","kind":"water","name":"Creek","acres":null,"editable":false,"source":"USGS 3DHP flowlines (Channel Line)"},"geometry":{"type":"LineString","coordinates":[[-108.738232,42.635328],[-108.737483,42.635567],[-108.736748,42.635701],[-108.736378,42.635873],[-108.73571,42.635936]]}},{"type":"Feature","properties":{"id":"wat-a537","kind":"water","name":"Beason Creek","acres":null,"editable":false,"source":"USGS 3DHP flowlines (Channel Line)"},"geometry":{"type":"LineString","coordinates":[[-108.782746,42.741201],[-108.781309,42.740732],[-108.780138,42.740016],[-108.779177,42.739889],[-108.777452,42.739288],[-108.7755,42.738872],[-108.774413,42.738158],[-108.773966,42.738014]]}},{"type":"Feature","properties":{"id":"wat-a538","kind":"water","name":"Creek","acres":null,"editable":false,"source":"USGS 3DHP flowlines (Channel Line)"},"geometry":{"type":"LineString","coordinates":[[-108.75998,42.654672],[-108.75952,42.655361],[-108.759135,42.656245],[-108.757844,42.658561],[-108.757444,42.659841]]}},{"type":"Feature","properties":{"id":"wat-a539","kind":"water","name":"Creek","acres":null,"editable":false,"source":"USGS 3DHP flowlines (Channel Line)"},"geometry":{"type":"LineString","coordinates":[[-108.541784,42.595585],[-108.540544,42.596194],[-108.539556,42.596391],[-108.538665,42.596419],[-108.537157,42.596166],[-108.535345,42.596237],[-108.53386,42.596187],[-108.532501,42.595962],[-108.530391,42.596005],[-108.52956,42.596114],[-108.528052,42.596679],[-108.527517,42.596712],[-108.526893,42.596629],[-108.526366,42.596442],[-108.526113,42.59613],[-108.526121,42.59591],[-108.52601,42.595713],[-108.526047,42.595471],[-108.525787,42.595202],[-108.524822,42.594938],[-108.523448,42.59502],[-108.523181,42.595146],[-108.522698,42.595201],[-108.522274,42.595459],[-108.521977,42.595513],[-108.521821,42.595711],[-108.520863,42.59593],[-108.520254,42.59627],[-108.519726,42.596742],[-108.51931,42.596906],[-108.518968,42.597186],[-108.518299,42.597526],[-108.51766,42.598058],[-108.516999,42.598288],[-108.516546,42.598321],[-108.516093,42.598661],[-108.515758,42.598743],[-108.515409,42.59865],[-108.514622,42.599028],[-108.514154,42.599499],[-108.513581,42.600586],[-108.513298,42.600822],[-108.513112,42.601145],[-108.512629,42.601353],[-108.511671,42.60149],[-108.511158,42.601742],[-108.510839,42.601583],[-108.509948,42.601561],[-108.50974,42.601423],[-108.509117,42.600732],[-108.509088,42.600029],[-108.508383,42.598915]]}},{"type":"Feature","properties":{"id":"wat-a540","kind":"water","name":"Creek","acres":null,"editable":false,"source":"USGS 3DHP flowlines (Channel Line)"},"geometry":{"type":"LineString","coordinates":[[-108.603799,42.607764],[-108.602878,42.608604],[-108.602388,42.608856],[-108.602083,42.60918],[-108.601504,42.60952],[-108.599172,42.611491],[-108.597903,42.612869],[-108.597725,42.613588],[-108.597279,42.61401],[-108.59699,42.61451],[-108.596425,42.614883],[-108.59618,42.615163],[-108.595512,42.615454],[-108.595014,42.616189],[-108.594673,42.616403],[-108.594316,42.616486],[-108.593098,42.617183],[-108.592444,42.617282],[-108.591003,42.618478],[-108.590446,42.619104],[-108.5896,42.619373],[-108.588901,42.619774],[-108.588626,42.619988],[-108.588188,42.620641],[-108.587757,42.620872],[-108.587208,42.621366],[-108.586688,42.621662],[-108.586049,42.6222],[-108.58544,42.622557],[-108.583894,42.62321],[-108.583686,42.62338],[-108.583085,42.624247],[-108.582906,42.624351],[-108.582288,42.625229],[-108.581404,42.625739]]}},{"type":"Feature","properties":{"id":"wat-a541","kind":"water","name":"West Fork Cottonwood Creek","acres":null,"editable":false,"source":"USGS 3DHP flowlines (Channel Line)"},"geometry":{"type":"LineString","coordinates":[[-108.576969,42.664898],[-108.576895,42.665271],[-108.577118,42.665584],[-108.57717,42.665869],[-108.576746,42.666056],[-108.57662,42.666253],[-108.57694,42.666346],[-108.577059,42.666456],[-108.577081,42.666659],[-108.577341,42.66684],[-108.577289,42.667405],[-108.576873,42.667488],[-108.576687,42.667636],[-108.576345,42.668706],[-108.57607,42.668942],[-108.576003,42.669183],[-108.575847,42.669266],[-108.57578,42.669551],[-108.575952,42.669661],[-108.575914,42.669902],[-108.575996,42.670061],[-108.575877,42.670144],[-108.575699,42.670138],[-108.575327,42.670484],[-108.57526,42.670791]]}},{"type":"Feature","properties":{"id":"wat-a542","kind":"water","name":"Creek","acres":null,"editable":false,"source":"USGS 3DHP flowlines (Channel Line)"},"geometry":{"type":"LineString","coordinates":[[-108.767329,42.577475],[-108.767358,42.577233],[-108.768085,42.57619],[-108.768414,42.575079]]}},{"type":"Feature","properties":{"id":"wat-a543","kind":"water","name":"Creek","acres":null,"editable":false,"source":"USGS 3DHP flowlines (Channel Line)"},"geometry":{"type":"LineString","coordinates":[[-108.720794,42.580767],[-108.721129,42.582187]]}},{"type":"Feature","properties":{"id":"wat-a544","kind":"water","name":"Creek","acres":null,"editable":false,"source":"USGS 3DHP flowlines (Channel Line)"},"geometry":{"type":"LineString","coordinates":[[-108.655117,42.76493],[-108.654834,42.765188],[-108.654513,42.765737],[-108.65429,42.765869],[-108.653262,42.76617],[-108.652793,42.766137],[-108.652271,42.766203],[-108.652174,42.766351],[-108.652286,42.766505],[-108.652226,42.766631],[-108.651645,42.766598],[-108.651161,42.767036],[-108.650729,42.767212],[-108.650483,42.767552],[-108.649991,42.767755],[-108.649201,42.768534],[-108.649142,42.768682],[-108.649134,42.76922],[-108.649409,42.769659],[-108.649134,42.769796],[-108.648962,42.77007],[-108.648604,42.770191]]}},{"type":"Feature","properties":{"id":"wat-a545","kind":"water","name":"Creek","acres":null,"editable":false,"source":"USGS 3DHP flowlines (Channel Line)"},"geometry":{"type":"LineString","coordinates":[[-108.593701,42.536946],[-108.592752,42.537846],[-108.592055,42.538905],[-108.591788,42.539668],[-108.591447,42.540167],[-108.590543,42.542127],[-108.590439,42.543246],[-108.59035,42.543285],[-108.590335,42.54368],[-108.589943,42.54464],[-108.589379,42.545441],[-108.588674,42.545952],[-108.588637,42.54615],[-108.588779,42.547115],[-108.589001,42.547516],[-108.589402,42.547856],[-108.589417,42.548185],[-108.59013,42.549079],[-108.590234,42.549409],[-108.590635,42.549749],[-108.59134,42.550045],[-108.591489,42.550731],[-108.59137,42.551565]]}},{"type":"Feature","properties":{"id":"wat-a546","kind":"water","name":"Creek","acres":null,"editable":false,"source":"USGS 3DHP flowlines (Channel Line)"},"geometry":{"type":"LineString","coordinates":[[-108.604406,42.666515],[-108.603514,42.667333],[-108.603299,42.667416],[-108.60318,42.667564],[-108.603091,42.66752],[-108.602964,42.667652],[-108.602637,42.667773],[-108.60211,42.668201],[-108.601605,42.66898],[-108.601449,42.669694],[-108.600594,42.670632],[-108.60026,42.670753],[-108.60023,42.670863],[-108.600647,42.671576],[-108.601175,42.672146],[-108.601168,42.67275],[-108.601034,42.673096],[-108.600789,42.673354],[-108.600656,42.673749],[-108.60073,42.674078],[-108.601125,42.67466],[-108.601244,42.674682],[-108.601504,42.67495],[-108.601497,42.675082],[-108.601311,42.675302],[-108.601296,42.675631],[-108.600954,42.675971],[-108.600531,42.676251],[-108.600174,42.676284],[-108.599869,42.676433],[-108.599505,42.677305],[-108.598903,42.678282],[-108.599008,42.678831],[-108.598837,42.67933],[-108.598889,42.679555],[-108.599254,42.680022],[-108.599521,42.680137],[-108.599864,42.680449],[-108.600244,42.681536],[-108.600816,42.682073],[-108.601405,42.68305],[-108.601799,42.683478],[-108.601755,42.683961]]}},{"type":"Feature","properties":{"id":"wat-a547","kind":"water","name":"Little Popo Agie River","acres":null,"editable":false,"source":"USGS 3DHP flowlines (Channel Line)"},"geometry":{"type":"LineString","coordinates":[[-108.757741,42.645278],[-108.757414,42.645738],[-108.757233,42.646365],[-108.756924,42.646943]]}},{"type":"Feature","properties":{"id":"wat-a548","kind":"water","name":"Creek","acres":null,"editable":false,"source":"USGS 3DHP flowlines (Channel Line)"},"geometry":{"type":"LineString","coordinates":[[-108.775593,42.624972],[-108.775558,42.625372],[-108.775093,42.626882],[-108.775073,42.627833]]}},{"type":"Feature","properties":{"id":"wat-a549","kind":"water","name":"Creek","acres":null,"editable":false,"source":"USGS 3DHP flowlines (Channel Line)"},"geometry":{"type":"LineString","coordinates":[[-108.753308,42.580475],[-108.751882,42.581095],[-108.751577,42.581304],[-108.751172,42.581403]]}},{"type":"Feature","properties":{"id":"wat-a550","kind":"water","name":"Creek","acres":null,"editable":false,"source":"USGS 3DHP flowlines (Channel Line)"},"geometry":{"type":"LineString","coordinates":[[-108.612931,42.69081],[-108.613876,42.69143]]}},{"type":"Feature","properties":{"id":"wat-a551","kind":"water","name":"Creek","acres":null,"editable":false,"source":"USGS 3DHP flowlines (Channel Line)"},"geometry":{"type":"LineString","coordinates":[[-108.708407,42.594816],[-108.708647,42.595842],[-108.709452,42.596632],[-108.712303,42.598692],[-108.712787,42.599108],[-108.713203,42.599659]]}},{"type":"Feature","properties":{"id":"wat-a552","kind":"water","name":"Beaver Creek","acres":null,"editable":false,"source":"USGS 3DHP flowlines (Channel Line)"},"geometry":{"type":"LineString","coordinates":[[-108.771565,42.565687],[-108.771439,42.565117],[-108.771217,42.564802]]}},{"type":"Feature","properties":{"id":"wat-a553","kind":"water","name":"Beaver Creek","acres":null,"editable":false,"source":"USGS 3DHP flowlines (Channel Line)"},"geometry":{"type":"LineString","coordinates":[[-108.557798,42.526052],[-108.557479,42.52598],[-108.557234,42.526041]]}},{"type":"Feature","properties":{"id":"wat-a554","kind":"water","name":"Creek","acres":null,"editable":false,"source":"USGS 3DHP flowlines (Channel Line)"},"geometry":{"type":"LineString","coordinates":[[-108.567547,42.637594],[-108.567473,42.638098]]}},{"type":"Feature","properties":{"id":"wat-a555","kind":"water","name":"Creek","acres":null,"editable":false,"source":"USGS 3DHP flowlines (Channel Line)"},"geometry":{"type":"LineString","coordinates":[[-108.597648,42.759128],[-108.597887,42.759869],[-108.59811,42.760236],[-108.598863,42.760779],[-108.599235,42.760796],[-108.599936,42.761339],[-108.600129,42.76164],[-108.600264,42.762326],[-108.600607,42.762957],[-108.601099,42.763281],[-108.60133,42.763676],[-108.601911,42.764032],[-108.601993,42.764674],[-108.602388,42.765141],[-108.602612,42.765234],[-108.602917,42.76559],[-108.603275,42.765683],[-108.603111,42.765974],[-108.603208,42.76626],[-108.603767,42.766506],[-108.604691,42.767313],[-108.60522,42.767472],[-108.605629,42.767746],[-108.605711,42.767938],[-108.606434,42.767932],[-108.606635,42.76763],[-108.606858,42.767559],[-108.607387,42.767844],[-108.607484,42.768102],[-108.607655,42.768211],[-108.60913,42.768342],[-108.609413,42.768309],[-108.610545,42.767892],[-108.611178,42.767738],[-108.611535,42.767787],[-108.611945,42.768089],[-108.612452,42.768226],[-108.61301,42.768055],[-108.613903,42.767556],[-108.61435,42.767687],[-108.615118,42.767643],[-108.615468,42.767533],[-108.616398,42.767428],[-108.617508,42.767549],[-108.61803,42.767779],[-108.618573,42.7678],[-108.618886,42.767718],[-108.619184,42.767729],[-108.619415,42.767904],[-108.619549,42.76825],[-108.619773,42.768371],[-108.620525,42.768502],[-108.620823,42.768814],[-108.620645,42.769204],[-108.620809,42.769308],[-108.623677,42.770295],[-108.623975,42.770267],[-108.624184,42.770333],[-108.624966,42.770179],[-108.62568,42.770323],[-108.626774,42.770329],[-108.627117,42.770192],[-108.627378,42.770193],[-108.627862,42.7705],[-108.628234,42.770352],[-108.628495,42.770363],[-108.629142,42.770797],[-108.629477,42.770891],[-108.630482,42.771418],[-108.630743,42.771489],[-108.631287,42.771479],[-108.631525,42.771567],[-108.6318,42.771951],[-108.632038,42.772116],[-108.632225,42.772143],[-108.632977,42.772039],[-108.633759,42.772221],[-108.63402,42.772171],[-108.634452,42.771952],[-108.635182,42.771832],[-108.635405,42.771903]]}},{"type":"Feature","properties":{"id":"wat-a556","kind":"water","name":"Creek","acres":null,"editable":false,"source":"USGS 3DHP flowlines (Channel Line)"},"geometry":{"type":"LineString","coordinates":[[-108.762317,42.539205],[-108.761611,42.539211],[-108.761114,42.539085],[-108.760097,42.539013]]}},{"type":"Feature","properties":{"id":"wat-a557","kind":"water","name":"Creek","acres":null,"editable":false,"source":"USGS 3DHP flowlines (Channel Line)"},"geometry":{"type":"LineString","coordinates":[[-108.711734,42.537389],[-108.711678,42.535951],[-108.711801,42.534765],[-108.712348,42.533797],[-108.712814,42.53333],[-108.71334,42.532939],[-108.714378,42.532378]]}},{"type":"Feature","properties":{"id":"wat-a558","kind":"water","name":"Creek","acres":null,"editable":false,"source":"USGS 3DHP flowlines (Channel Line)"},"geometry":{"type":"LineString","coordinates":[[-108.718791,42.521656],[-108.718844,42.521513],[-108.718659,42.521233],[-108.718028,42.520731],[-108.717295,42.519699],[-108.716798,42.51932],[-108.715863,42.51882],[-108.715403,42.518381]]}},{"type":"Feature","properties":{"id":"wat-a559","kind":"water","name":"Creek","acres":null,"editable":false,"source":"USGS 3DHP flowlines (Channel Line)"},"geometry":{"type":"LineString","coordinates":[[-108.738503,42.588559],[-108.738423,42.589037],[-108.737934,42.589581],[-108.735918,42.591193],[-108.734489,42.592612],[-108.734045,42.593415],[-108.733781,42.594453],[-108.733734,42.595472]]}},{"type":"Feature","properties":{"id":"wat-a560","kind":"water","name":"Creek","acres":null,"editable":false,"source":"USGS 3DHP flowlines (Channel Line)"},"geometry":{"type":"LineString","coordinates":[[-108.566434,42.663625],[-108.566419,42.664086],[-108.56688,42.664383],[-108.567058,42.664388],[-108.567229,42.664498],[-108.567623,42.66508],[-108.567341,42.665623],[-108.567348,42.66604],[-108.567021,42.666863],[-108.567021,42.667763],[-108.566828,42.668048],[-108.566092,42.668624],[-108.565809,42.669014],[-108.565742,42.670046],[-108.565058,42.670753],[-108.564932,42.670929],[-108.564887,42.671363],[-108.564329,42.671922],[-108.564359,42.672756],[-108.564188,42.673239],[-108.56427,42.673459],[-108.564872,42.674018],[-108.564872,42.674556],[-108.565029,42.674616]]}},{"type":"Feature","properties":{"id":"wat-a561","kind":"water","name":"Creek","acres":null,"editable":false,"source":"USGS 3DHP flowlines (Channel Line)"},"geometry":{"type":"LineString","coordinates":[[-108.554112,42.626191],[-108.553748,42.626317],[-108.553443,42.626591],[-108.55331,42.626899],[-108.552693,42.62759],[-108.551667,42.627963],[-108.551102,42.628298]]}},{"type":"Feature","properties":{"id":"wat-a562","kind":"water","name":"Creek","acres":null,"editable":false,"source":"USGS 3DHP flowlines (Channel Line)"},"geometry":{"type":"LineString","coordinates":[[-108.569074,42.524532],[-108.567872,42.524817],[-108.567568,42.525048],[-108.56736,42.525048],[-108.56716,42.524954],[-108.565973,42.524971],[-108.565446,42.524696],[-108.564704,42.52468],[-108.563584,42.525207],[-108.563109,42.525284],[-108.562197,42.525816],[-108.561373,42.525712],[-108.560453,42.525712],[-108.560305,42.525777],[-108.559801,42.525657],[-108.559504,42.525695],[-108.55897,42.526408],[-108.558576,42.526639],[-108.558161,42.52659],[-108.55802,42.526496],[-108.557798,42.526052]]}},{"type":"Feature","properties":{"id":"wat-a563","kind":"water","name":"Creek","acres":null,"editable":false,"source":"USGS 3DHP flowlines (Channel Line)"},"geometry":{"type":"LineString","coordinates":[[-108.741628,42.603055],[-108.741362,42.603242],[-108.740028,42.60372],[-108.73942,42.604023],[-108.738636,42.6048]]}},{"type":"Feature","properties":{"id":"wat-a564","kind":"water","name":"Creek","acres":null,"editable":false,"source":"USGS 3DHP flowlines (Channel Line)"},"geometry":{"type":"LineString","coordinates":[[-108.746808,42.592581],[-108.746951,42.593184],[-108.746938,42.593821],[-108.745889,42.595772],[-108.745197,42.596505]]}},{"type":"Feature","properties":{"id":"wat-a565","kind":"water","name":"Creek","acres":null,"editable":false,"source":"USGS 3DHP flowlines (Channel Line)"},"geometry":{"type":"LineString","coordinates":[[-108.613423,42.672723],[-108.61285,42.672899],[-108.612352,42.673306]]}},{"type":"Feature","properties":{"id":"wat-a566","kind":"water","name":"Creek","acres":null,"editable":false,"source":"USGS 3DHP flowlines (Channel Line)"},"geometry":{"type":"LineString","coordinates":[[-108.760302,42.602798],[-108.760269,42.603712],[-108.759779,42.604608],[-108.760017,42.605261],[-108.760144,42.606281],[-108.760745,42.606824],[-108.761117,42.607313],[-108.762373,42.607837],[-108.762529,42.608034],[-108.762062,42.608853],[-108.76208,42.60916]]}},{"type":"Feature","properties":{"id":"wat-a567","kind":"water","name":"Creek","acres":null,"editable":false,"source":"USGS 3DHP flowlines (Channel Line)"},"geometry":{"type":"LineString","coordinates":[[-108.77837,42.584431],[-108.779328,42.584952],[-108.779641,42.585303],[-108.779722,42.585545],[-108.779693,42.585934],[-108.779426,42.586692],[-108.778898,42.587245]]}},{"type":"Feature","properties":{"id":"wat-a568","kind":"water","name":"East Fork Cottonwood Creek","acres":null,"editable":false,"source":"USGS 3DHP flowlines (Channel Line)"},"geometry":{"type":"LineString","coordinates":[[-108.549267,42.627738],[-108.548836,42.628462],[-108.548643,42.629598],[-108.548301,42.630459],[-108.548315,42.630833],[-108.548085,42.631376],[-108.548062,42.632012],[-108.548189,42.632523],[-108.548166,42.633159],[-108.54807,42.633307],[-108.548337,42.633423]]}},{"type":"Feature","properties":{"id":"wat-a569","kind":"water","name":"Creek","acres":null,"editable":false,"source":"USGS 3DHP flowlines (Channel Line)"},"geometry":{"type":"LineString","coordinates":[[-108.752832,42.579723],[-108.75206,42.579877],[-108.751399,42.580409],[-108.750931,42.580502],[-108.750357,42.580412],[-108.749013,42.580882],[-108.747541,42.580882]]}},{"type":"Feature","properties":{"id":"wat-a570","kind":"water","name":"Beaver Creek","acres":null,"editable":false,"source":"USGS 3DHP flowlines (Channel Line)"},"geometry":{"type":"LineString","coordinates":[[-108.778189,42.568868],[-108.777564,42.56864],[-108.776921,42.568565],[-108.776503,42.568322],[-108.776058,42.567827],[-108.775819,42.567679],[-108.774798,42.567281],[-108.773142,42.566915],[-108.772487,42.566325]]}},{"type":"Feature","properties":{"id":"wat-a571","kind":"water","name":"Creek","acres":null,"editable":false,"source":"USGS 3DHP flowlines (Channel Line)"},"geometry":{"type":"LineString","coordinates":[[-108.77433,42.577419],[-108.773961,42.577526],[-108.77268,42.577465]]}},{"type":"Feature","properties":{"id":"wat-a572","kind":"water","name":"Beaver Creek","acres":null,"editable":false,"source":"USGS 3DHP flowlines (Channel Line)"},"geometry":{"type":"LineString","coordinates":[[-108.726071,42.562807],[-108.725286,42.562395]]}},{"type":"Feature","properties":{"id":"wat-a573","kind":"water","name":"Creek","acres":null,"editable":false,"source":"USGS 3DHP flowlines (Channel Line)"},"geometry":{"type":"LineString","coordinates":[[-108.718979,42.595543],[-108.718736,42.596032],[-108.718915,42.596609],[-108.718628,42.597295],[-108.718762,42.597624],[-108.718956,42.5978],[-108.718965,42.598206],[-108.718825,42.598657],[-108.718432,42.599217],[-108.71843,42.599437]]}},{"type":"Feature","properties":{"id":"wat-a574","kind":"water","name":"Creek","acres":null,"editable":false,"source":"USGS 3DHP flowlines (Channel Line)"},"geometry":{"type":"LineString","coordinates":[[-108.779849,42.710086],[-108.779487,42.70998],[-108.777662,42.709782],[-108.775725,42.710015],[-108.773743,42.710445],[-108.772985,42.710493],[-108.772643,42.710477],[-108.771688,42.710216],[-108.770179,42.71006],[-108.768796,42.709817],[-108.767363,42.709933],[-108.766696,42.710154],[-108.765995,42.709942],[-108.764775,42.709234],[-108.764342,42.709064],[-108.764098,42.708717],[-108.763588,42.708284]]}},{"type":"Feature","properties":{"id":"wat-a575","kind":"water","name":"Creek","acres":null,"editable":false,"source":"USGS 3DHP flowlines (Channel Line)"},"geometry":{"type":"LineString","coordinates":[[-108.777765,42.579535],[-108.777237,42.579184],[-108.776752,42.578989]]}},{"type":"Feature","properties":{"id":"wat-a576","kind":"water","name":"Pass Creek","acres":null,"editable":false,"source":"USGS 3DHP flowlines (Channel Line)"},"geometry":{"type":"LineString","coordinates":[[-108.770457,42.600201],[-108.769841,42.600729],[-108.769562,42.601372],[-108.76892,42.604129]]}},{"type":"Feature","properties":{"id":"wat-a577","kind":"water","name":"Creek","acres":null,"editable":false,"source":"USGS 3DHP flowlines (Channel Line)"},"geometry":{"type":"LineString","coordinates":[[-108.759473,42.535015],[-108.757709,42.534871],[-108.756833,42.534937],[-108.755186,42.535536]]}},{"type":"Feature","properties":{"id":"wat-a578","kind":"water","name":"Little Popo Agie River","acres":null,"editable":false,"source":"USGS 3DHP flowlines (Channel Line)"},"geometry":{"type":"LineString","coordinates":[[-108.78226,42.628959],[-108.781579,42.628559],[-108.781146,42.628397],[-108.780173,42.628324],[-108.779425,42.628427],[-108.778296,42.628981],[-108.777892,42.629009],[-108.777643,42.628833],[-108.777371,42.62791],[-108.777062,42.62766],[-108.776368,42.627629],[-108.775073,42.627833]]}},{"type":"Feature","properties":{"id":"wat-a579","kind":"water","name":"Willow Creek","acres":null,"editable":false,"source":"USGS 3DHP flowlines (Channel Line)"},"geometry":{"type":"LineString","coordinates":[[-108.652628,42.754795],[-108.651846,42.754778],[-108.651622,42.754899],[-108.651242,42.755338],[-108.651443,42.755766],[-108.651406,42.755941],[-108.651272,42.756062],[-108.651071,42.756062],[-108.650773,42.755925],[-108.650788,42.756226],[-108.650654,42.756347],[-108.649872,42.756511],[-108.649298,42.757192],[-108.649335,42.757576],[-108.648992,42.757839],[-108.648992,42.758179],[-108.648843,42.758316],[-108.648582,42.758245],[-108.648426,42.758508],[-108.648224,42.758629],[-108.648217,42.758887],[-108.64777,42.758887],[-108.647547,42.759145],[-108.647226,42.759309],[-108.64733,42.759682],[-108.647516,42.759803],[-108.647516,42.760066],[-108.647307,42.760324],[-108.647248,42.760599],[-108.647449,42.760824],[-108.647754,42.760741],[-108.647806,42.760796],[-108.647657,42.761098],[-108.647887,42.761784],[-108.647738,42.762003],[-108.647537,42.761877],[-108.647269,42.762031],[-108.647269,42.76247],[-108.647097,42.762727],[-108.646889,42.762865],[-108.646941,42.763084],[-108.646449,42.76366],[-108.64665,42.76411],[-108.646203,42.764412],[-108.646649,42.764632],[-108.646865,42.765005],[-108.647438,42.765433],[-108.64746,42.765543],[-108.647267,42.765751],[-108.647676,42.765998],[-108.64775,42.76619],[-108.647445,42.766783],[-108.647705,42.767041],[-108.647757,42.767343],[-108.648241,42.767496],[-108.648368,42.767667],[-108.64839,42.767787],[-108.648025,42.768391],[-108.648002,42.769159],[-108.648166,42.769324],[-108.648255,42.769615],[-108.64818,42.769763],[-108.648605,42.769862],[-108.648604,42.770191]]}},{"type":"Feature","properties":{"id":"wat-a580","kind":"water","name":"Creek","acres":null,"editable":false,"source":"USGS 3DHP flowlines (Channel Line)"},"geometry":{"type":"LineString","coordinates":[[-108.725714,42.645099],[-108.725101,42.64351],[-108.724299,42.642591],[-108.723739,42.642182],[-108.723475,42.642111]]}},{"type":"Feature","properties":{"id":"wat-a581","kind":"water","name":"Beaver Creek","acres":null,"editable":false,"source":"USGS 3DHP flowlines (Channel Line)"},"geometry":{"type":"LineString","coordinates":[[-108.731542,42.565117],[-108.731177,42.564993]]}},{"type":"Feature","properties":{"id":"wat-a582","kind":"water","name":"Willow Creek","acres":null,"editable":false,"source":"USGS 3DHP flowlines (Channel Line)"},"geometry":{"type":"LineString","coordinates":[[-108.738933,42.708785],[-108.738483,42.709075],[-108.73695,42.709655],[-108.735744,42.710429],[-108.735493,42.710643],[-108.735332,42.711005],[-108.73492,42.71125],[-108.734225,42.711574],[-108.733432,42.711749],[-108.73318,42.711871],[-108.732906,42.712222],[-108.733043,42.712653],[-108.732974,42.712752],[-108.732295,42.713015],[-108.732006,42.71345],[-108.731685,42.713611],[-108.730754,42.713862],[-108.730273,42.713736],[-108.729449,42.713771]]}},{"type":"Feature","properties":{"id":"wat-a583","kind":"water","name":"Creek","acres":null,"editable":false,"source":"USGS 3DHP flowlines (Channel Line)"},"geometry":{"type":"LineString","coordinates":[[-108.689539,42.758098],[-108.689204,42.757971],[-108.688362,42.757993],[-108.688146,42.7579],[-108.687751,42.7575],[-108.687141,42.757439],[-108.686843,42.75734],[-108.685875,42.75672],[-108.684817,42.756386],[-108.683983,42.755842],[-108.683633,42.755277],[-108.683261,42.755003],[-108.68233,42.754684],[-108.681668,42.754213],[-108.680752,42.75407],[-108.680439,42.753916]]}},{"type":"Feature","properties":{"id":"wat-a584","kind":"water","name":"Red Canyon Creek","acres":null,"editable":false,"source":"USGS 3DHP flowlines (Channel Line)"},"geometry":{"type":"LineString","coordinates":[[-108.623875,42.621414],[-108.623876,42.622226],[-108.624746,42.623586],[-108.624828,42.623915],[-108.625171,42.624206],[-108.625675,42.625279],[-108.626235,42.625789],[-108.626547,42.626266],[-108.627104,42.626624],[-108.627555,42.627311],[-108.628249,42.627555],[-108.628569,42.628047],[-108.628859,42.628299],[-108.628997,42.628673],[-108.629401,42.628925],[-108.629561,42.629337],[-108.630056,42.629627],[-108.630209,42.629978],[-108.630995,42.630291]]}},{"type":"Feature","properties":{"id":"wat-a585","kind":"water","name":"Creek","acres":null,"editable":false,"source":"USGS 3DHP flowlines (Channel Line)"},"geometry":{"type":"LineString","coordinates":[[-108.730158,42.537767],[-108.732398,42.537344],[-108.733857,42.536354]]}},{"type":"Feature","properties":{"id":"wat-a586","kind":"water","name":"Twin Creek","acres":null,"editable":false,"source":"USGS 3DHP flowlines (Channel Line)"},"geometry":{"type":"LineString","coordinates":[[-108.68954,42.579893],[-108.688478,42.57962],[-108.687895,42.57923],[-108.687367,42.579021],[-108.686974,42.57877],[-108.687043,42.578555],[-108.687243,42.578424],[-108.687226,42.578226],[-108.686607,42.577502],[-108.68602,42.577238],[-108.685505,42.577299]]}},{"type":"Feature","properties":{"id":"wat-a587","kind":"water","name":"Creek","acres":null,"editable":false,"source":"USGS 3DHP flowlines (Channel Line)"},"geometry":{"type":"LineString","coordinates":[[-108.525211,42.6025],[-108.524601,42.602796],[-108.524066,42.603531],[-108.523635,42.603937],[-108.522847,42.604381],[-108.522476,42.604705],[-108.5222,42.605775],[-108.522222,42.605972],[-108.522764,42.606422],[-108.523209,42.607202],[-108.523528,42.607515],[-108.523416,42.608085],[-108.523706,42.608991],[-108.523668,42.609232],[-108.523341,42.609293],[-108.523118,42.609594],[-108.523214,42.610955],[-108.523117,42.611131],[-108.522686,42.611449],[-108.522389,42.611531],[-108.522403,42.612014],[-108.522076,42.612645],[-108.521548,42.613336],[-108.521414,42.613753],[-108.521458,42.614148],[-108.521763,42.614549],[-108.522401,42.615021],[-108.522654,42.615465],[-108.523002,42.616442],[-108.523225,42.616777],[-108.52318,42.617057]]}},{"type":"Feature","properties":{"id":"wat-a588","kind":"water","name":"Creek","acres":null,"editable":false,"source":"USGS 3DHP flowlines (Channel Line)"},"geometry":{"type":"LineString","coordinates":[[-108.724358,42.653156],[-108.724445,42.654015]]}},{"type":"Feature","properties":{"id":"wat-a589","kind":"water","name":"Pass Creek","acres":null,"editable":false,"source":"USGS 3DHP flowlines (Channel Line)"},"geometry":{"type":"LineString","coordinates":[[-108.753788,42.616701],[-108.753644,42.616946],[-108.753659,42.617199],[-108.754022,42.618305],[-108.754053,42.619134],[-108.754312,42.620422]]}},{"type":"Feature","properties":{"id":"wat-a590","kind":"water","name":"Creek","acres":null,"editable":false,"source":"USGS 3DHP flowlines (Channel Line)"},"geometry":{"type":"LineString","coordinates":[[-108.735644,42.641233],[-108.734133,42.641787],[-108.733049,42.642557],[-108.731532,42.643374],[-108.731135,42.643846],[-108.730333,42.644442],[-108.730234,42.644842],[-108.730349,42.645479],[-108.730723,42.645864],[-108.731432,42.646254],[-108.73173,42.646887],[-108.73276,42.647543],[-108.733118,42.64794],[-108.733699,42.648844],[-108.733935,42.649401],[-108.734309,42.64984],[-108.734591,42.650645],[-108.734537,42.651972],[-108.73495,42.652998],[-108.734873,42.653192]]}},{"type":"Feature","properties":{"id":"wat-a591","kind":"water","name":"Twin Creek","acres":null,"editable":false,"source":"USGS 3DHP flowlines (Channel Line)"},"geometry":{"type":"LineString","coordinates":[[-108.539125,42.580687],[-108.539035,42.580681],[-108.538701,42.580983],[-108.537684,42.581092],[-108.537016,42.581454],[-108.536191,42.581394],[-108.535456,42.581816],[-108.5351,42.581871],[-108.534951,42.581981],[-108.534817,42.58237],[-108.534386,42.582628],[-108.534357,42.582716],[-108.534082,42.582886],[-108.533815,42.582924],[-108.533443,42.583286],[-108.533116,42.583303],[-108.532842,42.583451],[-108.532351,42.583922],[-108.532136,42.584005],[-108.531883,42.584394],[-108.531675,42.584416],[-108.531549,42.584586],[-108.531282,42.584668],[-108.53097,42.584926],[-108.530821,42.584943],[-108.53039,42.585332],[-108.530153,42.585436],[-108.529863,42.585892],[-108.529655,42.58604],[-108.529588,42.586237],[-108.529246,42.586517],[-108.529097,42.586621],[-108.528555,42.586676]]}},{"type":"Feature","properties":{"id":"wat-a592","kind":"water","name":"Cherry Creek","acres":null,"editable":false,"source":"USGS 3DHP flowlines (Channel Line)"},"geometry":{"type":"LineString","coordinates":[[-108.725821,42.584784],[-108.722523,42.585669],[-108.721604,42.585804],[-108.720212,42.585866],[-108.719644,42.58608],[-108.71943,42.586274]]}},{"type":"Feature","properties":{"id":"wat-a593","kind":"water","name":"Creek","acres":null,"editable":false,"source":"USGS 3DHP flowlines (Channel Line)"},"geometry":{"type":"LineString","coordinates":[[-108.780753,42.668304],[-108.77917,42.668644]]}},{"type":"Feature","properties":{"id":"wat-a594","kind":"water","name":"Twin Creek","acres":null,"editable":false,"source":"USGS 3DHP flowlines (Channel Line)"},"geometry":{"type":"LineString","coordinates":[[-108.589972,42.718446],[-108.590173,42.718309],[-108.590352,42.718375],[-108.590486,42.718753],[-108.591044,42.718874],[-108.591185,42.719049],[-108.591238,42.719274],[-108.590836,42.719571],[-108.590947,42.719774],[-108.591126,42.719884],[-108.591305,42.719801],[-108.591401,42.719582],[-108.591617,42.719433],[-108.591915,42.719373],[-108.592123,42.719488],[-108.592116,42.719642],[-108.59196,42.71979],[-108.592116,42.720432],[-108.592258,42.720635],[-108.593277,42.720415],[-108.5935,42.720744],[-108.593515,42.721074],[-108.593382,42.721172]]}},{"type":"Feature","properties":{"id":"wat-a595","kind":"water","name":"Creek","acres":null,"editable":false,"source":"USGS 3DHP flowlines (Channel Line)"},"geometry":{"type":"LineString","coordinates":[[-108.619606,42.537957],[-108.61787,42.538232],[-108.617217,42.538216],[-108.615777,42.537904],[-108.615213,42.537865],[-108.614864,42.537706],[-108.6143,42.537652],[-108.613714,42.537487],[-108.611554,42.537269],[-108.611347,42.537307],[-108.610463,42.537088],[-108.610107,42.537149],[-108.608386,42.537133],[-108.606827,42.536706],[-108.606241,42.536651],[-108.605536,42.536311],[-108.603466,42.536092],[-108.602635,42.536098],[-108.601551,42.535873],[-108.601403,42.535764],[-108.60141,42.534776],[-108.601194,42.534331],[-108.600073,42.533212],[-108.599197,42.532862],[-108.598403,42.532757],[-108.597127,42.532708],[-108.596259,42.532078],[-108.596118,42.531875],[-108.595487,42.531381],[-108.59473,42.531035],[-108.594618,42.530816],[-108.594729,42.530223],[-108.59464,42.530136],[-108.593824,42.52979],[-108.593179,42.529664],[-108.592889,42.529527],[-108.5928,42.529439],[-108.592763,42.528885],[-108.592503,42.52866],[-108.58843,42.528118],[-108.587718,42.528145],[-108.585454,42.526719],[-108.584638,42.525962]]}},{"type":"Feature","properties":{"id":"wat-a596","kind":"water","name":"Creek","acres":null,"editable":false,"source":"USGS 3DHP flowlines (Channel Line)"},"geometry":{"type":"LineString","coordinates":[[-108.736071,42.616718],[-108.734414,42.616334],[-108.733556,42.615952]]}},{"type":"Feature","properties":{"id":"wat-a597","kind":"water","name":"Creek","acres":null,"editable":false,"source":"USGS 3DHP flowlines (Channel Line)"},"geometry":{"type":"LineString","coordinates":[[-108.767331,42.685057],[-108.766758,42.684932],[-108.766122,42.684955],[-108.765402,42.684626],[-108.765093,42.684395]]}},{"type":"Feature","properties":{"id":"wat-a598","kind":"water","name":"Beaver Creek","acres":null,"editable":false,"source":"USGS 3DHP flowlines (Channel Line)"},"geometry":{"type":"LineString","coordinates":[[-108.536084,42.52516],[-108.53598,42.524869],[-108.536166,42.524611],[-108.535966,42.524342],[-108.536107,42.523843],[-108.535966,42.523618],[-108.535951,42.523223],[-108.536241,42.522636],[-108.536218,42.522504],[-108.53584,42.522208],[-108.535596,42.521741],[-108.535188,42.52145],[-108.534313,42.521214],[-108.533757,42.520846],[-108.533445,42.520467],[-108.533364,42.52027],[-108.533408,42.519941],[-108.533178,42.519738],[-108.533186,42.519584],[-108.532867,42.519337],[-108.532459,42.519282],[-108.532192,42.519167],[-108.531881,42.518766],[-108.531792,42.518042],[-108.531674,42.51797],[-108.531199,42.518113],[-108.53091,42.517932],[-108.530821,42.517778]]}},{"type":"Feature","properties":{"id":"wat-a599","kind":"water","name":"Creek","acres":null,"editable":false,"source":"USGS 3DHP flowlines (Channel Line)"},"geometry":{"type":"LineString","coordinates":[[-108.563285,42.590457],[-108.56229,42.589952],[-108.561718,42.589393],[-108.561763,42.588339],[-108.561021,42.58751],[-108.560671,42.587351],[-108.559773,42.587423],[-108.559424,42.587368],[-108.559016,42.587121],[-108.558852,42.586698],[-108.558949,42.586457],[-108.558919,42.585667],[-108.559187,42.58497],[-108.559142,42.584553],[-108.559573,42.584169],[-108.560174,42.58328],[-108.560174,42.583148],[-108.559974,42.582989],[-108.559989,42.582638],[-108.559707,42.582347],[-108.558623,42.581952],[-108.557323,42.58177],[-108.557086,42.581633],[-108.556893,42.581298],[-108.556492,42.580964],[-108.556269,42.580563],[-108.556202,42.580014],[-108.55641,42.579883],[-108.556722,42.579455],[-108.556707,42.57923]]}},{"type":"Feature","properties":{"id":"wat-a600","kind":"water","name":"Creek","acres":null,"editable":false,"source":"USGS 3DHP flowlines (Channel Line)"},"geometry":{"type":"LineString","coordinates":[[-108.675011,42.637301],[-108.674309,42.638339],[-108.67434,42.6389],[-108.674011,42.639151],[-108.673249,42.640444],[-108.672356,42.641494],[-108.671745,42.641956],[-108.671036,42.642794],[-108.670029,42.643252],[-108.669632,42.643546],[-108.668205,42.645236],[-108.667481,42.64569],[-108.666832,42.64648],[-108.666519,42.647319],[-108.665878,42.648181]]}},{"type":"Feature","properties":{"id":"wat-a601","kind":"water","name":"Cherry Creek","acres":null,"editable":false,"source":"USGS 3DHP flowlines (Channel Line)"},"geometry":{"type":"LineString","coordinates":[[-108.719202,42.591024],[-108.718833,42.59126],[-108.718402,42.591719],[-108.717894,42.592628],[-108.717616,42.592883],[-108.717644,42.593177]]}},{"type":"Feature","properties":{"id":"wat-a602","kind":"water","name":"Creek","acres":null,"editable":false,"source":"USGS 3DHP flowlines (Channel Line)"},"geometry":{"type":"LineString","coordinates":[[-108.52165,42.635765],[-108.521471,42.636418],[-108.521612,42.636621],[-108.521575,42.636906],[-108.521812,42.637636],[-108.521863,42.638536],[-108.521595,42.63943],[-108.521647,42.639474],[-108.521558,42.639556],[-108.521543,42.63993],[-108.52123,42.640275],[-108.520747,42.640527],[-108.520688,42.640637],[-108.520754,42.64112],[-108.520955,42.641389],[-108.520858,42.642267],[-108.52111,42.642755],[-108.521065,42.643079],[-108.521206,42.643304],[-108.520946,42.643935],[-108.521153,42.644665],[-108.521027,42.644769],[-108.521012,42.64523],[-108.520848,42.645625],[-108.521011,42.645932],[-108.52142,42.646273],[-108.521427,42.646843],[-108.521739,42.647134],[-108.522073,42.647711],[-108.522734,42.648342],[-108.523752,42.648951],[-108.524205,42.649511],[-108.524614,42.64972],[-108.525,42.650406],[-108.525126,42.650916],[-108.525638,42.651646],[-108.526775,42.652135]]}},{"type":"Feature","properties":{"id":"wat-a603","kind":"water","name":"Creek","acres":null,"editable":false,"source":"USGS 3DHP flowlines (Channel Line)"},"geometry":{"type":"LineString","coordinates":[[-108.701627,42.527252],[-108.701782,42.527175],[-108.7021,42.526598],[-108.702394,42.525555],[-108.702742,42.525131],[-108.703565,42.524487]]}},{"type":"Feature","properties":{"id":"wat-a604","kind":"water","name":"Creek","acres":null,"editable":false,"source":"USGS 3DHP flowlines (Channel Line)"},"geometry":{"type":"LineString","coordinates":[[-108.552063,42.656535],[-108.551074,42.657545],[-108.550435,42.658017],[-108.550427,42.658961],[-108.550145,42.659394],[-108.549773,42.659712],[-108.549721,42.660327],[-108.549966,42.660815],[-108.552575,42.662648]]}},{"type":"Feature","properties":{"id":"wat-a605","kind":"water","name":"Tweed Creek","acres":null,"editable":false,"source":"USGS 3DHP flowlines (Channel Line)"},"geometry":{"type":"LineString","coordinates":[[-108.660366,42.557824],[-108.659538,42.557807],[-108.657381,42.55751],[-108.654724,42.557564],[-108.653244,42.557714],[-108.651383,42.55764],[-108.650454,42.557405],[-108.647704,42.557015],[-108.646774,42.556789]]}},{"type":"Feature","properties":{"id":"wat-a606","kind":"water","name":"Critnan Creek","acres":null,"editable":false,"source":"USGS 3DHP flowlines (Channel Line)"},"geometry":{"type":"LineString","coordinates":[[-108.526775,42.652135],[-108.526857,42.652289],[-108.526812,42.652771],[-108.526678,42.653545],[-108.526521,42.653808]]}},{"type":"Feature","properties":{"id":"wat-a607","kind":"water","name":"Creek","acres":null,"editable":false,"source":"USGS 3DHP flowlines (Channel Line)"},"geometry":{"type":"LineString","coordinates":[[-108.738874,42.634766],[-108.738667,42.634936],[-108.737976,42.634972],[-108.735663,42.635645],[-108.734307,42.636144]]}},{"type":"Feature","properties":{"id":"wat-a608","kind":"water","name":"Creek","acres":null,"editable":false,"source":"USGS 3DHP flowlines (Channel Line)"},"geometry":{"type":"LineString","coordinates":[[-108.622833,42.684786],[-108.622893,42.684808],[-108.622164,42.68534],[-108.622068,42.685516],[-108.621607,42.685769],[-108.621235,42.686136],[-108.620938,42.686241],[-108.620403,42.68623],[-108.619443,42.686406],[-108.618982,42.686813],[-108.618901,42.687493],[-108.618307,42.688097],[-108.617355,42.688163],[-108.616842,42.68835],[-108.616477,42.688696],[-108.616433,42.689003],[-108.61621,42.689283],[-108.616255,42.689678],[-108.615958,42.690485],[-108.615624,42.690787],[-108.614776,42.691051],[-108.614203,42.691369],[-108.613876,42.69143]]}},{"type":"Feature","properties":{"id":"wat-a609","kind":"water","name":"Creek","acres":null,"editable":false,"source":"USGS 3DHP flowlines (Channel Line)"},"geometry":{"type":"LineString","coordinates":[[-108.665711,42.569315],[-108.665599,42.5697],[-108.665692,42.570152],[-108.665418,42.570642],[-108.663498,42.571477],[-108.661683,42.572781],[-108.661234,42.57306],[-108.660454,42.573387],[-108.659412,42.573554],[-108.65783,42.573171],[-108.656484,42.572999],[-108.656226,42.573057],[-108.65584,42.573274],[-108.655214,42.573415],[-108.653967,42.573848],[-108.652989,42.574585],[-108.65218,42.574721],[-108.65162,42.574701]]}},{"type":"Feature","properties":{"id":"wat-a610","kind":"water","name":"Creek","acres":null,"editable":false,"source":"USGS 3DHP flowlines (Channel Line)"},"geometry":{"type":"LineString","coordinates":[[-108.692225,42.742283],[-108.691828,42.74202],[-108.690455,42.741814],[-108.689921,42.7416]]}},{"type":"Feature","properties":{"id":"wat-a611","kind":"water","name":"Stambaugh Creek","acres":null,"editable":false,"source":"USGS 3DHP flowlines (Channel Line)"},"geometry":{"type":"LineString","coordinates":[[-108.562403,42.566132],[-108.562403,42.566219],[-108.562002,42.566521],[-108.561505,42.567125],[-108.561468,42.567322],[-108.561601,42.567739],[-108.561527,42.568156],[-108.56172,42.568535],[-108.561616,42.568837],[-108.560881,42.569484],[-108.560465,42.569517],[-108.56025,42.569666],[-108.559567,42.570511],[-108.559151,42.570499],[-108.55878,42.570801],[-108.558802,42.571021],[-108.558572,42.571674],[-108.558832,42.572491],[-108.558817,42.572952],[-108.55872,42.573238],[-108.558438,42.573518],[-108.557829,42.573852],[-108.557569,42.574143],[-108.557191,42.574258],[-108.556582,42.57462],[-108.555921,42.574801],[-108.555312,42.575207],[-108.554317,42.575602],[-108.554109,42.575751],[-108.553701,42.576316],[-108.553211,42.576568],[-108.553174,42.576787],[-108.552966,42.576892],[-108.552491,42.576903],[-108.552275,42.577051],[-108.551889,42.577023],[-108.551555,42.577303],[-108.551228,42.577276],[-108.550478,42.577501],[-108.549847,42.577594],[-108.549446,42.578049],[-108.549231,42.578175],[-108.548978,42.578631],[-108.54802,42.579509],[-108.547775,42.579838],[-108.547738,42.58003],[-108.546097,42.580875],[-108.545488,42.581324],[-108.545302,42.58156],[-108.544262,42.582197]]}},{"type":"Feature","properties":{"id":"wat-a612","kind":"water","name":"Creek","acres":null,"editable":false,"source":"USGS 3DHP flowlines (Channel Line)"},"geometry":{"type":"LineString","coordinates":[[-108.775363,42.574777],[-108.775378,42.575216],[-108.77572,42.575897],[-108.775438,42.576676],[-108.775206,42.57692]]}},{"type":"Feature","properties":{"id":"wat-a613","kind":"water","name":"Cherry Creek","acres":null,"editable":false,"source":"USGS 3DHP flowlines (Channel Line)"},"geometry":{"type":"LineString","coordinates":[[-108.717215,42.614223],[-108.717059,42.614494],[-108.716948,42.615194]]}},{"type":"Feature","properties":{"id":"wat-a614","kind":"water","name":"Creek","acres":null,"editable":false,"source":"USGS 3DHP flowlines (Channel Line)"},"geometry":{"type":"LineString","coordinates":[[-108.723348,42.612395],[-108.723416,42.612741],[-108.723157,42.613197],[-108.722757,42.613527],[-108.722244,42.613709],[-108.720788,42.613904],[-108.720031,42.61424],[-108.71939,42.61464]]}},{"type":"Feature","properties":{"id":"wat-a615","kind":"water","name":"Creek","acres":null,"editable":false,"source":"USGS 3DHP flowlines (Channel Line)"},"geometry":{"type":"LineString","coordinates":[[-108.769878,42.594517],[-108.769663,42.595077],[-108.769166,42.595857],[-108.769092,42.596378],[-108.768401,42.597355],[-108.768431,42.597767],[-108.768751,42.598217],[-108.769442,42.59876],[-108.770457,42.600201]]}},{"type":"Feature","properties":{"id":"wat-a616","kind":"water","name":"Creek","acres":null,"editable":false,"source":"USGS 3DHP flowlines (Channel Line)"},"geometry":{"type":"LineString","coordinates":[[-108.74901,42.57773],[-108.748766,42.577901],[-108.748842,42.578422]]}},{"type":"Feature","properties":{"id":"wat-a617","kind":"water","name":"Creek","acres":null,"editable":false,"source":"USGS 3DHP flowlines (Channel Line)"},"geometry":{"type":"LineString","coordinates":[[-108.546083,42.527434],[-108.545913,42.527318],[-108.545349,42.527263],[-108.544741,42.526835],[-108.544466,42.527071]]}},{"type":"Feature","properties":{"id":"wat-a618","kind":"water","name":"Creek","acres":null,"editable":false,"source":"USGS 3DHP flowlines (Channel Line)"},"geometry":{"type":"LineString","coordinates":[[-108.672914,42.609274],[-108.672198,42.609431],[-108.671627,42.609383],[-108.671222,42.609438],[-108.670455,42.609089],[-108.670124,42.608803],[-108.669644,42.608605],[-108.669219,42.608578],[-108.668722,42.608163],[-108.668024,42.607932],[-108.66699,42.607866],[-108.666047,42.607649],[-108.665176,42.607784]]}},{"type":"Feature","properties":{"id":"wat-a619","kind":"water","name":"Twin Creek","acres":null,"editable":false,"source":"USGS 3DHP flowlines (Channel Line)"},"geometry":{"type":"LineString","coordinates":[[-108.580585,42.704905],[-108.580548,42.705097],[-108.580637,42.705147],[-108.58156,42.705119],[-108.581731,42.705212],[-108.58188,42.70558],[-108.5822,42.705871],[-108.582408,42.705854],[-108.582639,42.705558],[-108.582907,42.705563],[-108.583167,42.705744],[-108.583472,42.705602],[-108.583479,42.70547],[-108.583755,42.705278],[-108.583963,42.705322],[-108.584008,42.705634],[-108.584551,42.705514],[-108.584692,42.705579],[-108.58438,42.705947],[-108.584759,42.706156],[-108.584931,42.706441],[-108.585303,42.706671],[-108.58502,42.707236],[-108.584551,42.707028],[-108.584045,42.706951],[-108.583673,42.706567],[-108.583197,42.70665],[-108.583011,42.706798],[-108.583331,42.707067],[-108.583339,42.707637],[-108.583093,42.707698],[-108.582803,42.707626],[-108.582706,42.707714],[-108.582758,42.70789],[-108.583324,42.707989],[-108.583845,42.708241],[-108.583845,42.708329]]}},{"type":"Feature","properties":{"id":"wat-a620","kind":"water","name":"Twin Creek","acres":null,"editable":false,"source":"USGS 3DHP flowlines (Channel Line)"},"geometry":{"type":"LineString","coordinates":[[-108.528778,42.698612],[-108.528644,42.69853],[-108.528659,42.698447],[-108.528867,42.698184],[-108.52918,42.698058],[-108.529224,42.697789],[-108.529411,42.697592],[-108.529426,42.697197],[-108.529753,42.697186],[-108.530013,42.697477],[-108.530244,42.69752],[-108.530698,42.697378],[-108.531204,42.697323],[-108.53139,42.697197],[-108.531367,42.696956],[-108.531591,42.696632],[-108.531859,42.69655],[-108.532119,42.696731],[-108.532476,42.69678],[-108.532595,42.696758],[-108.532759,42.696369],[-108.532908,42.696287],[-108.5338,42.696391],[-108.534008,42.696287],[-108.534075,42.696067],[-108.534001,42.695782],[-108.534507,42.695706],[-108.534723,42.695579],[-108.534678,42.695157],[-108.535378,42.6948],[-108.535705,42.694828],[-108.535936,42.695053],[-108.53636,42.694779],[-108.536501,42.694888],[-108.536553,42.695157],[-108.536732,42.695092],[-108.53691,42.695141],[-108.536813,42.695273],[-108.536873,42.695382],[-108.538353,42.69552],[-108.538353,42.695432],[-108.538591,42.695438],[-108.538807,42.695267],[-108.538985,42.695273],[-108.539067,42.695427],[-108.539246,42.69552],[-108.539543,42.695504],[-108.539848,42.695355]]}},{"type":"Feature","properties":{"id":"wat-a621","kind":"water","name":"Creek","acres":null,"editable":false,"source":"USGS 3DHP flowlines (Channel Line)"},"geometry":{"type":"LineString","coordinates":[[-108.724576,42.629237],[-108.723458,42.629795],[-108.723114,42.629889]]}},{"type":"Feature","properties":{"id":"wat-a622","kind":"water","name":"Creek","acres":null,"editable":false,"source":"USGS 3DHP flowlines (Channel Line)"},"geometry":{"type":"LineString","coordinates":[[-108.587117,42.529803],[-108.586116,42.529583],[-108.585552,42.529616],[-108.584906,42.529408],[-108.584312,42.528733],[-108.583029,42.528135],[-108.582087,42.527856],[-108.581619,42.527823],[-108.581055,42.527658],[-108.579579,42.527516],[-108.578874,42.527351]]}},{"type":"Feature","properties":{"id":"wat-a623","kind":"water","name":"Creek","acres":null,"editable":false,"source":"USGS 3DHP flowlines (Channel Line)"},"geometry":{"type":"LineString","coordinates":[[-108.549507,42.682435],[-108.549842,42.682199],[-108.55101,42.681941],[-108.551872,42.681936],[-108.552408,42.682057],[-108.553471,42.682101],[-108.553836,42.682024],[-108.555435,42.681311],[-108.556052,42.680707],[-108.556498,42.68006],[-108.557049,42.679676],[-108.557621,42.679423],[-108.557748,42.67928],[-108.558618,42.679072],[-108.558648,42.678918]]}},{"type":"Feature","properties":{"id":"wat-a624","kind":"water","name":"Creek","acres":null,"editable":false,"source":"USGS 3DHP flowlines (Channel Line)"},"geometry":{"type":"LineString","coordinates":[[-108.768344,42.563245],[-108.767589,42.563768],[-108.766881,42.564029]]}},{"type":"Feature","properties":{"id":"wat-a625","kind":"water","name":"Creek","acres":null,"editable":false,"source":"USGS 3DHP flowlines (Channel Line)"},"geometry":{"type":"LineString","coordinates":[[-108.778481,42.73748],[-108.778228,42.737727],[-108.777784,42.737854],[-108.776774,42.737744],[-108.776025,42.737514],[-108.775547,42.737549]]}},{"type":"Feature","properties":{"id":"wat-a626","kind":"water","name":"Twin Creek","acres":null,"editable":false,"source":"USGS 3DHP flowlines (Channel Line)"},"geometry":{"type":"LineString","coordinates":[[-108.622676,42.585296],[-108.622476,42.585049],[-108.622127,42.58489],[-108.621763,42.584923],[-108.621221,42.58522],[-108.620471,42.585357],[-108.619595,42.585846],[-108.619039,42.586384],[-108.618705,42.586576],[-108.617873,42.586643],[-108.616404,42.587669],[-108.615624,42.588004],[-108.615349,42.588043],[-108.614956,42.588274],[-108.61454,42.588312],[-108.614332,42.588241],[-108.61373,42.587681],[-108.613322,42.587561],[-108.612787,42.587594],[-108.612356,42.587238],[-108.611962,42.587315],[-108.611658,42.587529],[-108.611361,42.587479],[-108.611138,42.587233],[-108.610774,42.587359],[-108.610537,42.587288],[-108.61024,42.587408],[-108.60998,42.587227],[-108.608702,42.58725],[-108.608376,42.587151],[-108.607856,42.587558],[-108.606787,42.587514],[-108.606571,42.587734],[-108.606185,42.587832],[-108.605903,42.588069],[-108.605339,42.588168],[-108.605124,42.588316],[-108.605027,42.588623],[-108.604567,42.588854],[-108.604441,42.589139],[-108.604144,42.589172],[-108.603958,42.589304],[-108.603862,42.589518],[-108.603283,42.589858],[-108.603031,42.590248],[-108.602786,42.59044],[-108.6024,42.590588],[-108.602444,42.590786],[-108.602237,42.59089],[-108.601939,42.590841],[-108.601679,42.590704],[-108.601293,42.590786],[-108.600907,42.590732],[-108.600447,42.590984],[-108.600335,42.590896],[-108.600261,42.590567],[-108.600142,42.590452],[-108.599904,42.590425],[-108.599689,42.590644],[-108.599793,42.591017],[-108.599526,42.591166],[-108.599199,42.591072],[-108.599058,42.590826],[-108.598739,42.590666],[-108.598501,42.590705],[-108.598412,42.590793],[-108.598404,42.590881],[-108.598694,42.591127],[-108.598598,42.59121],[-108.598271,42.591248],[-108.597357,42.591144],[-108.597187,42.591188]]}},{"type":"Feature","properties":{"id":"wat-a627","kind":"water","name":"Creek","acres":null,"editable":false,"source":"USGS 3DHP flowlines (Channel Line)"},"geometry":{"type":"LineString","coordinates":[[-108.725889,42.546651],[-108.725358,42.5477],[-108.725397,42.548266],[-108.725889,42.549149],[-108.726234,42.550005],[-108.72617,42.550982],[-108.726379,42.551476],[-108.726187,42.55191],[-108.725356,42.55304]]}},{"type":"Feature","properties":{"id":"wat-a628","kind":"water","name":"Rock Creek","acres":null,"editable":false,"source":"USGS 3DHP flowlines (Channel Line)"},"geometry":{"type":"LineString","coordinates":[[-108.741616,42.527811],[-108.742175,42.527251],[-108.742654,42.526251]]}},{"type":"Feature","properties":{"id":"wat-a629","kind":"water","name":"Creek","acres":null,"editable":false,"source":"USGS 3DHP flowlines (Channel Line)"},"geometry":{"type":"LineString","coordinates":[[-108.521215,42.652281],[-108.521906,42.652095],[-108.523854,42.652337],[-108.52479,42.652661],[-108.525979,42.653539]]}},{"type":"Feature","properties":{"id":"wat-a630","kind":"water","name":"Creek","acres":null,"editable":false,"source":"USGS 3DHP flowlines (Channel Line)"},"geometry":{"type":"LineString","coordinates":[[-108.761441,42.779441],[-108.760763,42.780281],[-108.760694,42.78123],[-108.760076,42.781874],[-108.760015,42.782367],[-108.759771,42.782706],[-108.759725,42.783152],[-108.759877,42.78406],[-108.759725,42.784553],[-108.760175,42.785018],[-108.760381,42.785831],[-108.761045,42.786518],[-108.761518,42.787173],[-108.761907,42.787387],[-108.762731,42.787658],[-108.763097,42.787707],[-108.764661,42.787566],[-108.765081,42.787765]]}},{"type":"Feature","properties":{"id":"wat-a631","kind":"water","name":"Creek","acres":null,"editable":false,"source":"USGS 3DHP flowlines (Channel Line)"},"geometry":{"type":"LineString","coordinates":[[-108.75376,42.57835],[-108.754183,42.578015],[-108.754389,42.577711]]}},{"type":"Feature","properties":{"id":"wat-a632","kind":"water","name":"Madison Creek","acres":null,"editable":false,"source":"USGS 3DHP flowlines (Channel Line)"},"geometry":{"type":"LineString","coordinates":[[-108.671723,42.691551],[-108.671006,42.691627],[-108.670297,42.691833],[-108.669083,42.692474],[-108.668519,42.69265],[-108.668183,42.692844],[-108.667268,42.693081],[-108.666001,42.694347],[-108.665299,42.694893],[-108.664536,42.695271],[-108.663903,42.695698],[-108.662812,42.696068]]}},{"type":"Feature","properties":{"id":"wat-a633","kind":"water","name":"Creek","acres":null,"editable":false,"source":"USGS 3DHP flowlines (Channel Line)"},"geometry":{"type":"LineString","coordinates":[[-108.733734,42.595472],[-108.732834,42.596383],[-108.732338,42.597282]]}},{"type":"Feature","properties":{"id":"wat-a634","kind":"water","name":"West Fork Cottonwood Creek","acres":null,"editable":false,"source":"USGS 3DHP flowlines (Channel Line)"},"geometry":{"type":"LineString","coordinates":[[-108.56612,42.628084],[-108.56615,42.628282],[-108.565942,42.628364],[-108.565897,42.628737],[-108.565592,42.629039],[-108.565637,42.629412],[-108.565466,42.629955],[-108.564753,42.630647],[-108.564463,42.631234],[-108.564389,42.631602],[-108.564024,42.631903],[-108.563958,42.632145],[-108.563742,42.632359],[-108.563125,42.633643],[-108.563111,42.63395],[-108.563653,42.63462]]}},{"type":"Feature","properties":{"id":"wat-a635","kind":"water","name":"Creek","acres":null,"editable":false,"source":"USGS 3DHP flowlines (Channel Line)"},"geometry":{"type":"LineString","coordinates":[[-108.767733,42.613191],[-108.767117,42.613521],[-108.766032,42.614476],[-108.76523,42.614916],[-108.764509,42.615618],[-108.763915,42.616601],[-108.763365,42.616876]]}},{"type":"Feature","properties":{"id":"wat-a636","kind":"water","name":"East Fork Cottonwood Creek","acres":null,"editable":false,"source":"USGS 3DHP flowlines (Channel Line)"},"geometry":{"type":"LineString","coordinates":[[-108.542657,42.663371],[-108.543021,42.66336],[-108.5434,42.663541],[-108.543898,42.663596],[-108.54427,42.663997],[-108.544679,42.664162],[-108.545757,42.664096],[-108.545987,42.664299],[-108.545831,42.664337]]}},{"type":"Feature","properties":{"id":"wat-a637","kind":"water","name":"Twin Creek","acres":null,"editable":false,"source":"USGS 3DHP flowlines (Channel Line)"},"geometry":{"type":"LineString","coordinates":[[-108.556707,42.57923],[-108.55641,42.57918],[-108.555148,42.579531],[-108.554903,42.579658],[-108.554866,42.579855],[-108.554599,42.579998],[-108.554302,42.579882],[-108.554183,42.579904],[-108.553886,42.580031],[-108.553604,42.580288],[-108.553106,42.580146],[-108.552742,42.580288],[-108.552119,42.580387],[-108.550938,42.580189],[-108.549973,42.580453],[-108.54926,42.580524],[-108.548807,42.580782],[-108.547975,42.58155],[-108.547908,42.581703],[-108.546312,42.582285],[-108.545732,42.582603],[-108.544871,42.582696],[-108.544522,42.58251],[-108.544262,42.582197]]}},{"type":"Feature","properties":{"id":"wat-a638","kind":"water","name":"Creek","acres":null,"editable":false,"source":"USGS 3DHP flowlines (Channel Line)"},"geometry":{"type":"LineString","coordinates":[[-108.732142,42.573686],[-108.733052,42.572509],[-108.733442,42.571345],[-108.733735,42.570802]]}},{"type":"Feature","properties":{"id":"wat-a639","kind":"water","name":"Creek","acres":null,"editable":false,"source":"USGS 3DHP flowlines (Channel Line)"},"geometry":{"type":"LineString","coordinates":[[-108.738636,42.6048],[-108.73825,42.605684],[-108.737702,42.606349],[-108.737673,42.606816],[-108.737246,42.607159],[-108.735801,42.608004],[-108.735581,42.608369],[-108.735061,42.608593],[-108.734586,42.608917],[-108.732811,42.60944],[-108.730907,42.609834],[-108.730237,42.610172],[-108.729512,42.610662]]}},{"type":"Feature","properties":{"id":"wat-a640","kind":"water","name":"Creek","acres":null,"editable":false,"source":"USGS 3DHP flowlines (Channel Line)"},"geometry":{"type":"LineString","coordinates":[[-108.778352,42.687606],[-108.778723,42.687908],[-108.778957,42.688546]]}},{"type":"Feature","properties":{"id":"wat-a641","kind":"water","name":"Creek","acres":null,"editable":false,"source":"USGS 3DHP flowlines (Channel Line)"},"geometry":{"type":"LineString","coordinates":[[-108.750682,42.57849],[-108.749848,42.579271],[-108.749327,42.57925],[-108.748494,42.578906],[-108.74789,42.57884]]}},{"type":"Feature","properties":{"id":"wat-a642","kind":"water","name":"Beaver Creek","acres":null,"editable":false,"source":"USGS 3DHP flowlines (Channel Line)"},"geometry":{"type":"LineString","coordinates":[[-108.554711,42.526803],[-108.55394,42.526831],[-108.553561,42.526666],[-108.553057,42.526589],[-108.551892,42.526874]]}},{"type":"Feature","properties":{"id":"wat-a643","kind":"water","name":"Creek","acres":null,"editable":false,"source":"USGS 3DHP flowlines (Channel Line)"},"geometry":{"type":"LineString","coordinates":[[-108.727381,42.700439],[-108.725459,42.701972],[-108.722194,42.703937],[-108.720943,42.704882],[-108.720851,42.705424],[-108.720538,42.706016],[-108.718913,42.708305],[-108.718135,42.709213],[-108.718051,42.709682],[-108.718211,42.70996]]}},{"type":"Feature","properties":{"id":"wat-a644","kind":"water","name":"Creek","acres":null,"editable":false,"source":"USGS 3DHP flowlines (Channel Line)"},"geometry":{"type":"LineString","coordinates":[[-108.735534,42.534784],[-108.736588,42.533308],[-108.737457,42.532582]]}},{"type":"Feature","properties":{"id":"wat-a645","kind":"water","name":"Creek","acres":null,"editable":false,"source":"USGS 3DHP flowlines (Channel Line)"},"geometry":{"type":"LineString","coordinates":[[-108.768883,42.529676],[-108.767933,42.529687],[-108.766793,42.52993]]}},{"type":"Feature","properties":{"id":"wat-a646","kind":"water","name":"Creek","acres":null,"editable":false,"source":"USGS 3DHP flowlines (Channel Line)"},"geometry":{"type":"LineString","coordinates":[[-108.771388,42.573027],[-108.770794,42.573],[-108.770104,42.573362],[-108.769696,42.573747],[-108.769319,42.573941]]}},{"type":"Feature","properties":{"id":"wat-a647","kind":"water","name":"Creek","acres":null,"editable":false,"source":"USGS 3DHP flowlines (Channel Line)"},"geometry":{"type":"LineString","coordinates":[[-108.748842,42.578422],[-108.74789,42.57884]]}},{"type":"Feature","properties":{"id":"wat-a648","kind":"water","name":"Beaver Creek","acres":null,"editable":false,"source":"USGS 3DHP flowlines (Channel Line)"},"geometry":{"type":"LineString","coordinates":[[-108.67676,42.544064],[-108.674777,42.543042],[-108.674281,42.542609],[-108.673333,42.542229],[-108.672945,42.541861],[-108.671747,42.541323],[-108.671167,42.541203],[-108.67094,42.541082],[-108.670718,42.540825],[-108.669948,42.540575],[-108.66968,42.540264]]}},{"type":"Feature","properties":{"id":"wat-a649","kind":"water","name":"Creek","acres":null,"editable":false,"source":"USGS 3DHP flowlines (Channel Line)"},"geometry":{"type":"LineString","coordinates":[[-108.730718,42.616177],[-108.730946,42.61543],[-108.730993,42.614638]]}},{"type":"Feature","properties":{"id":"wat-a650","kind":"water","name":"Creek","acres":null,"editable":false,"source":"USGS 3DHP flowlines (Channel Line)"},"geometry":{"type":"LineString","coordinates":[[-108.689189,42.767174],[-108.688958,42.767448],[-108.688004,42.768046],[-108.68764,42.768579],[-108.68691,42.769056],[-108.686254,42.769287],[-108.685822,42.769654],[-108.685606,42.770313],[-108.684817,42.770982],[-108.684779,42.77135],[-108.684995,42.77186]]}},{"type":"Feature","properties":{"id":"wat-a651","kind":"water","name":"Slate Creek","acres":null,"editable":false,"source":"USGS 3DHP flowlines (Channel Line)"},"geometry":{"type":"LineString","coordinates":[[-108.764576,42.522913],[-108.763834,42.522682],[-108.762866,42.522061]]}},{"type":"Feature","properties":{"id":"wat-a652","kind":"water","name":"West Fork Cottonwood Creek","acres":null,"editable":false,"source":"USGS 3DHP flowlines (Channel Line)"},"geometry":{"type":"LineString","coordinates":[[-108.567473,42.638098],[-108.567451,42.638603],[-108.567785,42.639179],[-108.567912,42.639734],[-108.56864,42.640096],[-108.568789,42.640101],[-108.569636,42.640623],[-108.569918,42.640979],[-108.570498,42.641407],[-108.57081,42.641703],[-108.570892,42.641901],[-108.571152,42.642082],[-108.571569,42.642088],[-108.572059,42.642428],[-108.572594,42.642417],[-108.57423,42.643196],[-108.574586,42.643163],[-108.574965,42.643344],[-108.575151,42.643261]]}},{"type":"Feature","properties":{"id":"wat-a653","kind":"water","name":"Creek","acres":null,"editable":false,"source":"USGS 3DHP flowlines (Channel Line)"},"geometry":{"type":"LineString","coordinates":[[-108.746163,42.599212],[-108.745689,42.599527],[-108.744307,42.600995],[-108.743071,42.601826],[-108.742287,42.602594],[-108.741628,42.603055]]}},{"type":"Feature","properties":{"id":"wat-a654","kind":"water","name":"Willow Creek","acres":null,"editable":false,"source":"USGS 3DHP flowlines (Channel Line)"},"geometry":{"type":"LineString","coordinates":[[-108.729449,42.713771],[-108.729221,42.713622],[-108.728801,42.713584],[-108.72816,42.713748],[-108.727344,42.713847],[-108.726909,42.713996],[-108.72639,42.714298],[-108.726192,42.714614],[-108.726039,42.714701],[-108.725536,42.714793],[-108.72478,42.714763],[-108.72462,42.714832],[-108.724475,42.715171],[-108.724269,42.715309],[-108.723605,42.715385],[-108.723193,42.715354],[-108.722736,42.715518],[-108.721691,42.71556],[-108.7214,42.715633],[-108.720065,42.716331],[-108.719424,42.71619],[-108.719234,42.716193],[-108.718943,42.716342],[-108.718623,42.716151],[-108.718471,42.716205],[-108.718471,42.716445],[-108.718234,42.716533],[-108.718135,42.716514],[-108.718044,42.716338],[-108.717555,42.716064],[-108.717219,42.716045],[-108.716724,42.715869],[-108.716121,42.715991],[-108.715823,42.71593],[-108.715755,42.716109],[-108.714831,42.716376]]}},{"type":"Feature","properties":{"id":"wat-a655","kind":"water","name":"Pass Creek","acres":null,"editable":false,"source":"USGS 3DHP flowlines (Channel Line)"},"geometry":{"type":"LineString","coordinates":[[-108.775003,42.59702],[-108.773566,42.597785],[-108.772248,42.598191],[-108.771682,42.598536]]}},{"type":"Feature","properties":{"id":"wat-a656","kind":"water","name":"Creek","acres":null,"editable":false,"source":"USGS 3DHP flowlines (Channel Line)"},"geometry":{"type":"LineString","coordinates":[[-108.725675,42.582036],[-108.725625,42.58275],[-108.725877,42.583205]]}},{"type":"Feature","properties":{"id":"wat-a657","kind":"water","name":"Canyon Creek","acres":null,"editable":false,"source":"USGS 3DHP flowlines (Channel Line)"},"geometry":{"type":"LineString","coordinates":[[-108.76116,42.65932],[-108.759229,42.65975],[-108.758315,42.659696],[-108.757444,42.659841]]}},{"type":"Feature","properties":{"id":"wat-a658","kind":"water","name":"Creek","acres":null,"editable":false,"source":"USGS 3DHP flowlines (Channel Line)"},"geometry":{"type":"LineString","coordinates":[[-108.758616,42.678829],[-108.757738,42.679487],[-108.757241,42.679739],[-108.755803,42.680026],[-108.753418,42.680844],[-108.751977,42.681527],[-108.751501,42.681526],[-108.750064,42.681307],[-108.748836,42.681364],[-108.747829,42.68157]]}},{"type":"Feature","properties":{"id":"wat-a659","kind":"water","name":"Beason Creek","acres":null,"editable":false,"source":"USGS 3DHP flowlines (Channel Line)"},"geometry":{"type":"LineString","coordinates":[[-108.7205,42.726211],[-108.719509,42.725685],[-108.718623,42.72541],[-108.716029,42.726139],[-108.715503,42.726173],[-108.713229,42.726074],[-108.712634,42.726261],[-108.712032,42.72626]]}},{"type":"Feature","properties":{"id":"wat-a660","kind":"water","name":"Creek","acres":null,"editable":false,"source":"USGS 3DHP flowlines (Channel Line)"},"geometry":{"type":"LineString","coordinates":[[-108.720894,42.628124],[-108.719301,42.628866],[-108.717912,42.630091]]}},{"type":"Feature","properties":{"id":"wat-a661","kind":"water","name":"Beason Creek","acres":null,"editable":false,"source":"USGS 3DHP flowlines (Channel Line)"},"geometry":{"type":"LineString","coordinates":[[-108.745587,42.732951],[-108.745075,42.732806],[-108.744374,42.732425],[-108.744175,42.731662],[-108.743702,42.73125],[-108.743011,42.730854]]}},{"type":"Feature","properties":{"id":"wat-a662","kind":"water","name":"Rock Creek","acres":null,"editable":false,"source":"USGS 3DHP flowlines (Channel Line)"},"geometry":{"type":"LineString","coordinates":[[-108.78202,42.550003],[-108.781595,42.550151],[-108.781157,42.550178],[-108.780971,42.550063],[-108.780897,42.549734],[-108.780422,42.549723],[-108.780393,42.549931],[-108.780081,42.549997],[-108.77988,42.549602],[-108.779476,42.549471],[-108.77927,42.549625]]}},{"type":"Feature","properties":{"id":"wat-a663","kind":"water","name":"Creek","acres":null,"editable":false,"source":"USGS 3DHP flowlines (Channel Line)"},"geometry":{"type":"LineString","coordinates":[[-108.765917,42.572557],[-108.76555,42.572423],[-108.764701,42.57183]]}},{"type":"Feature","properties":{"id":"wat-a664","kind":"water","name":"Twin Creek","acres":null,"editable":false,"source":"USGS 3DHP flowlines (Channel Line)"},"geometry":{"type":"LineString","coordinates":[[-108.522015,42.699586],[-108.522402,42.699548],[-108.522811,42.699888],[-108.522825,42.700152],[-108.523145,42.700289],[-108.522996,42.700399],[-108.522818,42.700371],[-108.522751,42.700613],[-108.522952,42.700684],[-108.523376,42.700558],[-108.52383,42.700306],[-108.524358,42.700471],[-108.525236,42.700158],[-108.525682,42.700104],[-108.525734,42.699599],[-108.52598,42.699363],[-108.526546,42.699264],[-108.526754,42.699336],[-108.526954,42.699561]]}},{"type":"Feature","properties":{"id":"wat-a665","kind":"water","name":"Creek","acres":null,"editable":false,"source":"USGS 3DHP flowlines (Channel Line)"},"geometry":{"type":"LineString","coordinates":[[-108.712629,42.552195],[-108.711873,42.55269],[-108.711561,42.552784],[-108.710188,42.552835],[-108.709728,42.553045],[-108.709149,42.553144],[-108.708174,42.553002]]}},{"type":"Feature","properties":{"id":"wat-a666","kind":"water","name":"Creek","acres":null,"editable":false,"source":"USGS 3DHP flowlines (Channel Line)"},"geometry":{"type":"LineString","coordinates":[[-108.771298,42.609776],[-108.769731,42.6101],[-108.769203,42.609941],[-108.768118,42.609837],[-108.767033,42.610178],[-108.766327,42.610222],[-108.763845,42.609712],[-108.763109,42.609312],[-108.762998,42.609147]]}},{"type":"Feature","properties":{"id":"wat-a667","kind":"water","name":"Pass Creek","acres":null,"editable":false,"source":"USGS 3DHP flowlines (Channel Line)"},"geometry":{"type":"LineString","coordinates":[[-108.780401,42.594216],[-108.779964,42.594748],[-108.77883,42.595438],[-108.778055,42.596332],[-108.777319,42.596804],[-108.776812,42.596992],[-108.776288,42.596991],[-108.775514,42.596832],[-108.775003,42.59702]]}},{"type":"Feature","properties":{"id":"wat-a668","kind":"water","name":"Creek","acres":null,"editable":false,"source":"USGS 3DHP flowlines (Channel Line)"},"geometry":{"type":"LineString","coordinates":[[-108.749642,42.584345],[-108.749292,42.584263],[-108.748829,42.583888]]}},{"type":"Feature","properties":{"id":"wat-a669","kind":"water","name":"Creek","acres":null,"editable":false,"source":"USGS 3DHP flowlines (Channel Line)"},"geometry":{"type":"LineString","coordinates":[[-108.727271,42.552653],[-108.725564,42.55295],[-108.725356,42.55304]]}},{"type":"Feature","properties":{"id":"wat-a670","kind":"water","name":"Creek","acres":null,"editable":false,"source":"USGS 3DHP flowlines (Channel Line)"},"geometry":{"type":"LineString","coordinates":[[-108.552389,42.526337],[-108.552226,42.526595],[-108.551892,42.526874]]}},{"type":"Feature","properties":{"id":"wat-a671","kind":"water","name":"Creek","acres":null,"editable":false,"source":"USGS 3DHP flowlines (Channel Line)"},"geometry":{"type":"LineString","coordinates":[[-108.693719,42.632872],[-108.692086,42.633994],[-108.689919,42.635195],[-108.687799,42.636111],[-108.686921,42.636374],[-108.685273,42.636591],[-108.683343,42.636596],[-108.682397,42.636473],[-108.682007,42.636336],[-108.681687,42.636191],[-108.681122,42.635726],[-108.679558,42.635722],[-108.678528,42.635848],[-108.678032,42.635978],[-108.67627,42.636687],[-108.675011,42.637301]]}},{"type":"Feature","properties":{"id":"wat-a672","kind":"water","name":"Creek","acres":null,"editable":false,"source":"USGS 3DHP flowlines (Channel Line)"},"geometry":{"type":"LineString","coordinates":[[-108.567161,42.636952],[-108.567547,42.637594]]}},{"type":"Feature","properties":{"id":"wat-a673","kind":"water","name":"Creek","acres":null,"editable":false,"source":"USGS 3DHP flowlines (Channel Line)"},"geometry":{"type":"LineString","coordinates":[[-108.781864,42.70077],[-108.781266,42.701072],[-108.779939,42.702082],[-108.776106,42.70461],[-108.775398,42.704975],[-108.774095,42.705287]]}},{"type":"Feature","properties":{"id":"wat-a674","kind":"water","name":"Creek","acres":null,"editable":false,"source":"USGS 3DHP flowlines (Channel Line)"},"geometry":{"type":"LineString","coordinates":[[-108.728312,42.674757],[-108.727648,42.675174],[-108.727381,42.675509],[-108.726283,42.6761],[-108.723315,42.676581],[-108.722445,42.676646],[-108.719797,42.676345],[-108.718714,42.676306],[-108.715273,42.676638],[-108.714151,42.677276],[-108.712137,42.67808],[-108.710215,42.679004],[-108.708048,42.679694],[-108.707659,42.679744],[-108.706842,42.679629],[-108.705247,42.679145],[-108.704233,42.679324],[-108.703073,42.679149],[-108.702447,42.679263],[-108.701257,42.679313],[-108.699838,42.679747],[-108.698122,42.679965],[-108.697763,42.68011],[-108.69716,42.680636],[-108.696908,42.68093],[-108.696344,42.682002],[-108.695818,42.68249],[-108.695039,42.682826],[-108.694284,42.68291],[-108.69327,42.682788],[-108.6923,42.682277],[-108.691568,42.6822],[-108.690752,42.681854],[-108.690507,42.681827],[-108.688707,42.68201],[-108.687677,42.68185],[-108.687211,42.682025],[-108.686517,42.682105],[-108.685983,42.682094],[-108.684159,42.681777],[-108.683518,42.681327],[-108.682763,42.680278],[-108.682168,42.679893],[-108.68171,42.679374],[-108.681267,42.679168],[-108.680467,42.678985],[-108.679398,42.678458],[-108.678696,42.678245],[-108.677873,42.677524]]}},{"type":"Feature","properties":{"id":"wat-a675","kind":"water","name":"West Fork Cottonwood Creek","acres":null,"editable":false,"source":"USGS 3DHP flowlines (Channel Line)"},"geometry":{"type":"LineString","coordinates":[[-108.576073,42.643936],[-108.576266,42.644293],[-108.576564,42.644276],[-108.576705,42.644337]]}},{"type":"Feature","properties":{"id":"wat-a676","kind":"water","name":"Creek","acres":null,"editable":false,"source":"USGS 3DHP flowlines (Channel Line)"},"geometry":{"type":"LineString","coordinates":[[-108.726333,42.634892],[-108.725097,42.634518],[-108.724197,42.634417],[-108.722597,42.634034],[-108.72142,42.633638],[-108.72061,42.633145]]}},{"type":"Feature","properties":{"id":"wat-a677","kind":"water","name":"Creek","acres":null,"editable":false,"source":"USGS 3DHP flowlines (Channel Line)"},"geometry":{"type":"LineString","coordinates":[[-108.706384,42.529936],[-108.706621,42.529535],[-108.707213,42.529012],[-108.707508,42.528419],[-108.707478,42.527969],[-108.707021,42.526399],[-108.706648,42.525944],[-108.706432,42.525483],[-108.706519,42.524709],[-108.707153,42.523149],[-108.707143,42.522369],[-108.706882,42.521667],[-108.706917,42.521024],[-108.706685,42.520464],[-108.706332,42.520188],[-108.705981,42.519756]]}},{"type":"Feature","properties":{"id":"wat-a678","kind":"water","name":"Creek","acres":null,"editable":false,"source":"USGS 3DHP flowlines (Channel Line)"},"geometry":{"type":"LineString","coordinates":[[-108.649468,42.73045],[-108.648797,42.730271],[-108.647927,42.730221],[-108.64682,42.729851],[-108.646149,42.729855],[-108.645119,42.729996],[-108.644486,42.730237],[-108.643662,42.730862],[-108.642876,42.73132],[-108.639862,42.732331]]}},{"type":"Feature","properties":{"id":"wat-a679","kind":"water","name":"Creek","acres":null,"editable":false,"source":"USGS 3DHP flowlines (Channel Line)"},"geometry":{"type":"LineString","coordinates":[[-108.716898,42.669047],[-108.715952,42.669104],[-108.714784,42.669432],[-108.712862,42.66968],[-108.710932,42.669714],[-108.709368,42.67002],[-108.708262,42.67013],[-108.705743,42.670646],[-108.703309,42.670756],[-108.702447,42.670882],[-108.700197,42.671416],[-108.698877,42.671607],[-108.697748,42.671706],[-108.696894,42.671668]]}},{"type":"Feature","properties":{"id":"wat-a680","kind":"water","name":"Creek","acres":null,"editable":false,"source":"USGS 3DHP flowlines (Channel Line)"},"geometry":{"type":"LineString","coordinates":[[-108.77873,42.58874],[-108.779057,42.588801],[-108.779859,42.589726],[-108.780053,42.59013],[-108.780418,42.59129],[-108.780262,42.592183],[-108.780601,42.593131]]}},{"type":"Feature","properties":{"id":"wat-a681","kind":"water","name":"Creek","acres":null,"editable":false,"source":"USGS 3DHP flowlines (Channel Line)"},"geometry":{"type":"LineString","coordinates":[[-108.739313,42.641974],[-108.737253,42.641875],[-108.736153,42.641546],[-108.735644,42.641233]]}},{"type":"Feature","properties":{"id":"wat-a682","kind":"water","name":"Creek","acres":null,"editable":false,"source":"USGS 3DHP flowlines (Channel Line)"},"geometry":{"type":"LineString","coordinates":[[-108.729521,42.603705],[-108.729358,42.604013],[-108.729099,42.604134],[-108.728794,42.604212],[-108.728229,42.604213],[-108.728,42.604427],[-108.72751,42.604637],[-108.727279,42.604644]]}},{"type":"Feature","properties":{"id":"wat-a683","kind":"water","name":"Creek","acres":null,"editable":false,"source":"USGS 3DHP flowlines (Channel Line)"},"geometry":{"type":"LineString","coordinates":[[-108.723482,42.652201],[-108.724036,42.652654],[-108.724358,42.653156]]}},{"type":"Feature","properties":{"id":"wat-a684","kind":"water","name":"Cherry Creek","acres":null,"editable":false,"source":"USGS 3DHP flowlines (Channel Line)"},"geometry":{"type":"LineString","coordinates":[[-108.715014,42.618056],[-108.714299,42.6186],[-108.7141,42.619037],[-108.714138,42.619344],[-108.713518,42.619971],[-108.713447,42.620231]]}},{"type":"Feature","properties":{"id":"wat-a685","kind":"water","name":"Creek","acres":null,"editable":false,"source":"USGS 3DHP flowlines (Channel Line)"},"geometry":{"type":"LineString","coordinates":[[-108.581762,42.629679],[-108.581784,42.629811],[-108.581465,42.630415],[-108.580908,42.631018],[-108.580329,42.632083],[-108.579652,42.632731],[-108.578962,42.63368],[-108.578115,42.634465],[-108.577379,42.635381],[-108.577246,42.635886],[-108.57706,42.636056],[-108.576272,42.637884],[-108.576317,42.638323],[-108.576466,42.63846],[-108.57651,42.638701]]}},{"type":"Feature","properties":{"id":"wat-a686","kind":"water","name":"West Fork Cottonwood Creek","acres":null,"editable":false,"source":"USGS 3DHP flowlines (Channel Line)"},"geometry":{"type":"LineString","coordinates":[[-108.576705,42.644337],[-108.578281,42.645324],[-108.578511,42.645593],[-108.578571,42.645527],[-108.579597,42.646647],[-108.579701,42.64702],[-108.579575,42.647195],[-108.579887,42.647706],[-108.580095,42.647601],[-108.580422,42.647651],[-108.580608,42.648117],[-108.580898,42.64832],[-108.580831,42.648512],[-108.58092,42.648671],[-108.581478,42.648814],[-108.581563,42.648933]]}},{"type":"Feature","properties":{"id":"wat-a687","kind":"water","name":"Little Popo Agie River","acres":null,"editable":false,"source":"USGS 3DHP flowlines (Channel Line)"},"geometry":{"type":"LineString","coordinates":[[-108.616657,42.744765],[-108.61662,42.745474],[-108.616523,42.745671],[-108.616218,42.745841],[-108.616121,42.746099],[-108.616129,42.746785],[-108.616673,42.747235],[-108.616539,42.74769],[-108.61689,42.747767],[-108.617068,42.747899],[-108.617173,42.748233],[-108.618581,42.749467],[-108.618842,42.749736],[-108.618863,42.749967],[-108.618893,42.750856],[-108.618693,42.75135],[-108.617941,42.75208],[-108.617748,42.752124],[-108.617435,42.752058],[-108.617375,42.752113],[-108.61748,42.752645],[-108.617145,42.752843],[-108.617354,42.752936],[-108.617108,42.753063],[-108.617183,42.753172]]}},{"type":"Feature","properties":{"id":"wat-a688","kind":"water","name":"Creek","acres":null,"editable":false,"source":"USGS 3DHP flowlines (Channel Line)"},"geometry":{"type":"LineString","coordinates":[[-108.755846,42.630934],[-108.756166,42.630764],[-108.756868,42.629579],[-108.758456,42.628099],[-108.760571,42.626779],[-108.761144,42.62667],[-108.761561,42.626451],[-108.761882,42.626006],[-108.762459,42.625585]]}},{"type":"Feature","properties":{"id":"wat-a689","kind":"water","name":"Creek","acres":null,"editable":false,"source":"USGS 3DHP flowlines (Channel Line)"},"geometry":{"type":"LineString","coordinates":[[-108.708634,42.600371],[-108.70955,42.600804],[-108.710278,42.60105],[-108.712085,42.601481],[-108.712742,42.601747]]}},{"type":"Feature","properties":{"id":"wat-a690","kind":"water","name":"Creek","acres":null,"editable":false,"source":"USGS 3DHP flowlines (Channel Line)"},"geometry":{"type":"LineString","coordinates":[[-108.586491,42.564374],[-108.58586,42.564467],[-108.585259,42.564785],[-108.584777,42.564862],[-108.584175,42.565115],[-108.583745,42.565499],[-108.583047,42.565839],[-108.582773,42.566141],[-108.582446,42.566202],[-108.579833,42.567706],[-108.578987,42.568101],[-108.578735,42.568364],[-108.578631,42.568754],[-108.578119,42.569006],[-108.577251,42.569912],[-108.576738,42.570186],[-108.576115,42.571031],[-108.575447,42.571432],[-108.575194,42.571844],[-108.574467,42.572228],[-108.573866,42.572365],[-108.57316,42.572903],[-108.572737,42.573023],[-108.572641,42.573243],[-108.571713,42.574187],[-108.571765,42.574516],[-108.571988,42.574939],[-108.57247,42.575455],[-108.572455,42.57664],[-108.572025,42.576986],[-108.570815,42.577485],[-108.570503,42.578028],[-108.570993,42.579115],[-108.571,42.579663],[-108.570904,42.579877],[-108.570533,42.580201],[-108.569412,42.580794],[-108.568907,42.580849],[-108.568818,42.580958],[-108.568602,42.580997],[-108.568075,42.580964]]}},{"type":"Feature","properties":{"id":"wat-a691","kind":"water","name":"Creek","acres":null,"editable":false,"source":"USGS 3DHP flowlines (Channel Line)"},"geometry":{"type":"LineString","coordinates":[[-108.663049,42.717956],[-108.662744,42.717613],[-108.661286,42.717171],[-108.659966,42.71653],[-108.659501,42.716389]]}},{"type":"Feature","properties":{"id":"wat-a692","kind":"water","name":"Creek","acres":null,"editable":false,"source":"USGS 3DHP flowlines (Channel Line)"},"geometry":{"type":"LineString","coordinates":[[-108.731556,42.547042],[-108.731038,42.547521],[-108.730356,42.547983],[-108.729941,42.548418],[-108.729269,42.549418],[-108.7281,42.550727],[-108.727634,42.551529],[-108.727635,42.551683],[-108.727918,42.551979],[-108.727844,42.552259],[-108.727271,42.552653]]}},{"type":"Feature","properties":{"id":"wat-a693","kind":"water","name":"Red Canyon Creek","acres":null,"editable":false,"source":"USGS 3DHP flowlines (Channel Line)"},"geometry":{"type":"LineString","coordinates":[[-108.632681,42.637092],[-108.63275,42.637309],[-108.632666,42.637596],[-108.633246,42.637794],[-108.633307,42.638027],[-108.63352,42.638256],[-108.633308,42.638645],[-108.633444,42.638831],[-108.633864,42.638996],[-108.634215,42.638828],[-108.634528,42.638812],[-108.635245,42.639278]]}},{"type":"Feature","properties":{"id":"wat-a694","kind":"water","name":"Creek","acres":null,"editable":false,"source":"USGS 3DHP flowlines (Channel Line)"},"geometry":{"type":"LineString","coordinates":[[-108.721308,42.649077],[-108.720644,42.649454],[-108.719194,42.649889],[-108.715998,42.650363],[-108.714342,42.650431],[-108.7138,42.6504],[-108.713022,42.650233],[-108.710779,42.650267],[-108.706522,42.651671],[-108.705209,42.651911],[-108.70276,42.65264],[-108.700807,42.653021],[-108.699617,42.65346],[-108.69745,42.653227],[-108.69613,42.652915],[-108.694444,42.653071],[-108.69346,42.653052]]}},{"type":"Feature","properties":{"id":"wat-a695","kind":"water","name":"Twin Creek","acres":null,"editable":false,"source":"USGS 3DHP flowlines (Channel Line)"},"geometry":{"type":"LineString","coordinates":[[-108.544788,42.692981],[-108.544781,42.692278],[-108.545138,42.692415],[-108.545302,42.692728],[-108.545607,42.692558],[-108.545815,42.692608],[-108.546299,42.692311],[-108.546157,42.692064],[-108.545748,42.691883],[-108.546053,42.691669],[-108.546202,42.691823],[-108.546381,42.691807],[-108.546522,42.6919],[-108.547028,42.691889],[-108.547556,42.692032],[-108.548002,42.692059],[-108.548791,42.691659],[-108.548939,42.691752],[-108.549177,42.691758],[-108.549572,42.691609],[-108.549951,42.691642],[-108.550189,42.691802],[-108.550583,42.69229],[-108.551022,42.692499],[-108.551796,42.692559],[-108.552153,42.692411],[-108.552383,42.69257],[-108.552078,42.692828],[-108.552041,42.69296],[-108.552368,42.693119],[-108.55303,42.692801],[-108.55335,42.693031],[-108.554153,42.69296],[-108.554778,42.693015],[-108.554867,42.692927],[-108.554823,42.69262],[-108.555002,42.692559],[-108.55515,42.692625],[-108.555716,42.692576],[-108.556035,42.692735],[-108.556452,42.692763],[-108.557181,42.693262],[-108.557136,42.693503],[-108.557583,42.693558],[-108.557545,42.693712],[-108.557151,42.693986],[-108.557144,42.694118],[-108.557381,42.694233],[-108.55788,42.69431],[-108.558021,42.694442],[-108.557835,42.694749],[-108.557977,42.694925],[-108.558363,42.695002],[-108.558631,42.694853],[-108.55878,42.694853],[-108.559606,42.694299],[-108.559814,42.694283],[-108.560164,42.694403],[-108.56032,42.694316],[-108.560424,42.69397],[-108.560699,42.6938],[-108.56244,42.693712],[-108.56247,42.693306],[-108.562648,42.693224],[-108.563429,42.693131],[-108.563831,42.692637],[-108.564389,42.692801],[-108.565259,42.692642],[-108.566345,42.692313]]}},{"type":"Feature","properties":{"id":"wat-a696","kind":"water","name":"Creek","acres":null,"editable":false,"source":"USGS 3DHP flowlines (Channel Line)"},"geometry":{"type":"LineString","coordinates":[[-108.777869,42.675918],[-108.776952,42.675954],[-108.775297,42.675832],[-108.774501,42.675915],[-108.77224,42.676349],[-108.769873,42.676996],[-108.769265,42.67729],[-108.768736,42.677739],[-108.768006,42.678031],[-108.767616,42.678357],[-108.767575,42.678482],[-108.768424,42.678958],[-108.768831,42.679875],[-108.768743,42.680288],[-108.768115,42.681113],[-108.767567,42.681418],[-108.767148,42.681526],[-108.76681,42.681763],[-108.766466,42.682504],[-108.766338,42.683357],[-108.765429,42.684203],[-108.765093,42.684395]]}},{"type":"Feature","properties":{"id":"wat-a697","kind":"water","name":"Creek","acres":null,"editable":false,"source":"USGS 3DHP flowlines (Channel Line)"},"geometry":{"type":"LineString","coordinates":[[-108.779565,42.552353],[-108.779052,42.551628],[-108.778948,42.551129],[-108.779125,42.550404],[-108.779385,42.549998],[-108.77927,42.549625]]}},{"type":"Feature","properties":{"id":"wat-a698","kind":"water","name":"Creek","acres":null,"editable":false,"source":"USGS 3DHP flowlines (Channel Line)"},"geometry":{"type":"LineString","coordinates":[[-108.549125,42.630202],[-108.549081,42.630959],[-108.549266,42.631601],[-108.548969,42.632298],[-108.548627,42.632748],[-108.548642,42.633187],[-108.548337,42.633423]]}},{"type":"Feature","properties":{"id":"wat-a699","kind":"water","name":"Creek","acres":null,"editable":false,"source":"USGS 3DHP flowlines (Channel Line)"},"geometry":{"type":"LineString","coordinates":[[-108.72864,42.757031],[-108.72838,42.757185],[-108.72806,42.75758],[-108.727405,42.757822],[-108.726318,42.758365],[-108.725849,42.758667],[-108.725559,42.759008],[-108.723854,42.7601],[-108.722149,42.760518],[-108.721099,42.761391],[-108.720884,42.761747],[-108.719424,42.762329],[-108.71903,42.762631],[-108.718114,42.762939],[-108.717831,42.76312],[-108.717116,42.763318],[-108.716632,42.763329],[-108.716423,42.763428],[-108.716185,42.763631],[-108.715463,42.764657],[-108.715255,42.764751],[-108.714659,42.764833],[-108.713646,42.765349],[-108.713527,42.765634],[-108.71358,42.766172],[-108.713066,42.767281],[-108.712985,42.767764],[-108.712627,42.767978],[-108.712478,42.768362],[-108.71227,42.768444],[-108.711823,42.768373],[-108.711376,42.76851],[-108.710907,42.768724],[-108.70976,42.76946],[-108.709306,42.769526],[-108.708993,42.769734],[-108.708412,42.769855],[-108.707474,42.770355],[-108.707228,42.770437],[-108.706535,42.770432],[-108.706275,42.770596],[-108.705955,42.770651],[-108.705344,42.770635],[-108.704592,42.770739],[-108.702506,42.769917],[-108.701366,42.77001],[-108.700919,42.769966],[-108.700622,42.769829],[-108.699877,42.76967],[-108.699139,42.76927],[-108.698618,42.769132],[-108.698015,42.769193],[-108.696495,42.770027],[-108.696123,42.770076],[-108.695765,42.770005],[-108.695378,42.769566],[-108.695102,42.769484],[-108.694149,42.769572],[-108.693196,42.769418]]}},{"type":"Feature","properties":{"id":"wat-a700","kind":"water","name":"Creek","acres":null,"editable":false,"source":"USGS 3DHP flowlines (Channel Line)"},"geometry":{"type":"LineString","coordinates":[[-108.561634,42.622997],[-108.560356,42.624012],[-108.559754,42.62433],[-108.559001,42.624967],[-108.558593,42.625538],[-108.558288,42.625752],[-108.558281,42.625884],[-108.557701,42.626372],[-108.556913,42.626707],[-108.556817,42.626817],[-108.556809,42.62708],[-108.556557,42.627382],[-108.554468,42.629203],[-108.554268,42.629725],[-108.553747,42.630284],[-108.553517,42.630701],[-108.55296,42.631371],[-108.552856,42.631804],[-108.552699,42.631958],[-108.552536,42.632413],[-108.55232,42.632583],[-108.551927,42.632732],[-108.551577,42.633401],[-108.551049,42.633851],[-108.55102,42.633983],[-108.55044,42.634235],[-108.550358,42.634191],[-108.550172,42.634317],[-108.549845,42.634334],[-108.549689,42.63446],[-108.548091,42.635129],[-108.547883,42.635124],[-108.547906,42.635217]]}},{"type":"Feature","properties":{"id":"wat-a701","kind":"water","name":"Creek","acres":null,"editable":false,"source":"USGS 3DHP flowlines (Channel Line)"},"geometry":{"type":"LineString","coordinates":[[-108.77271,42.60751],[-108.772323,42.608288],[-108.772056,42.608602],[-108.771268,42.608929],[-108.770844,42.609025],[-108.768422,42.60868],[-108.765234,42.60892],[-108.764187,42.60894],[-108.763472,42.608836]]}},{"type":"Feature","properties":{"id":"wat-a702","kind":"water","name":"Devils Creek","acres":null,"editable":false,"source":"USGS 3DHP flowlines (Channel Line)"},"geometry":{"type":"LineString","coordinates":[[-108.599755,42.686442],[-108.599213,42.68676],[-108.598923,42.687194],[-108.598834,42.687281],[-108.598655,42.687298],[-108.598283,42.68771],[-108.59783,42.68783],[-108.597793,42.687962],[-108.59722,42.688171],[-108.596744,42.688226],[-108.596223,42.688632],[-108.595413,42.688857],[-108.595257,42.689027],[-108.595145,42.68894],[-108.594937,42.688934],[-108.594632,42.689104],[-108.594625,42.68928],[-108.594223,42.689554],[-108.593777,42.689566],[-108.593353,42.68978],[-108.593026,42.68984],[-108.592639,42.689785],[-108.592334,42.689955],[-108.592036,42.689994],[-108.59194,42.690186],[-108.591828,42.690098],[-108.591241,42.690636],[-108.591003,42.690697],[-108.59072,42.69102],[-108.590743,42.69113],[-108.590586,42.691344],[-108.590728,42.691701],[-108.590654,42.69192],[-108.590393,42.691871],[-108.590148,42.692085],[-108.590111,42.692239],[-108.589895,42.692321],[-108.589977,42.692497],[-108.589642,42.692711],[-108.589605,42.692886],[-108.589114,42.69338],[-108.589077,42.693534],[-108.589427,42.693847],[-108.589591,42.694994],[-108.590246,42.695619],[-108.590149,42.695882],[-108.59003,42.695943],[-108.589949,42.696404],[-108.589733,42.696618],[-108.589436,42.696656],[-108.589399,42.696941],[-108.589116,42.697156],[-108.589109,42.697397],[-108.588886,42.697743],[-108.588848,42.698006],[-108.589042,42.698473],[-108.588841,42.699082],[-108.588856,42.699279],[-108.589318,42.699751],[-108.589482,42.700146],[-108.589764,42.700437],[-108.593455,42.702801],[-108.594906,42.703048],[-108.595517,42.703349],[-108.596514,42.703629],[-108.598024,42.704649],[-108.598768,42.704687],[-108.599103,42.704638],[-108.599498,42.704945],[-108.600294,42.705181],[-108.600688,42.705076]]}},{"type":"Feature","properties":{"id":"wat-a703","kind":"water","name":"Creek","acres":null,"editable":false,"source":"USGS 3DHP flowlines (Channel Line)"},"geometry":{"type":"LineString","coordinates":[[-108.747434,42.583124],[-108.746085,42.582402]]}},{"type":"Feature","properties":{"id":"wat-a704","kind":"water","name":"Creek","acres":null,"editable":false,"source":"USGS 3DHP flowlines (Channel Line)"},"geometry":{"type":"LineString","coordinates":[[-108.732108,42.549846],[-108.73177,42.550083],[-108.731263,42.55064],[-108.729537,42.551209],[-108.728812,42.551726],[-108.728452,42.55225],[-108.727585,42.552566]]}},{"type":"Feature","properties":{"id":"wat-a705","kind":"water","name":"Creek","acres":null,"editable":false,"source":"USGS 3DHP flowlines (Channel Line)"},"geometry":{"type":"LineString","coordinates":[[-108.736175,42.593625],[-108.735643,42.593872],[-108.735016,42.594697],[-108.734,42.595145],[-108.733734,42.595472]]}},{"type":"Feature","properties":{"id":"wat-a706","kind":"water","name":"Cherry Creek","acres":null,"editable":false,"source":"USGS 3DHP flowlines (Channel Line)"},"geometry":{"type":"LineString","coordinates":[[-108.716372,42.635428],[-108.715913,42.63642],[-108.714853,42.637827],[-108.71467,42.638277],[-108.713884,42.638972],[-108.713228,42.639178],[-108.712641,42.639754],[-108.711313,42.640444]]}},{"type":"Feature","properties":{"id":"wat-a707","kind":"water","name":"Creek","acres":null,"editable":false,"source":"USGS 3DHP flowlines (Channel Line)"},"geometry":{"type":"LineString","coordinates":[[-108.679155,42.72799],[-108.679361,42.728405],[-108.679758,42.728714],[-108.68065,42.730015],[-108.680787,42.730385]]}},{"type":"Feature","properties":{"id":"wat-a708","kind":"water","name":"Creek","acres":null,"editable":false,"source":"USGS 3DHP flowlines (Channel Line)"},"geometry":{"type":"LineString","coordinates":[[-108.675477,42.528756],[-108.673088,42.528167],[-108.670112,42.526999],[-108.668748,42.526701],[-108.666409,42.525752],[-108.663895,42.524936],[-108.663442,42.524674],[-108.661948,42.524266],[-108.659839,42.52334],[-108.658024,42.522069],[-108.657649,42.521701],[-108.657456,42.52131],[-108.65753,42.520645],[-108.658404,42.519393],[-108.658718,42.518157],[-108.658664,42.517985],[-108.658265,42.517571],[-108.656042,42.516157],[-108.655215,42.515483],[-108.654476,42.514738]]}},{"type":"Feature","properties":{"id":"wat-a709","kind":"water","name":"Creek","acres":null,"editable":false,"source":"USGS 3DHP flowlines (Channel Line)"},"geometry":{"type":"LineString","coordinates":[[-108.709178,42.574503],[-108.707453,42.573935],[-108.706086,42.573788],[-108.704978,42.573318],[-108.704307,42.572671],[-108.704068,42.57199],[-108.703658,42.571612],[-108.703471,42.570811],[-108.70315,42.570334],[-108.702934,42.57018],[-108.702005,42.569913],[-108.701752,42.569699],[-108.701572,42.569199],[-108.701178,42.569002],[-108.6999,42.568768],[-108.699261,42.568429],[-108.698607,42.568407],[-108.698369,42.568331],[-108.697893,42.568101],[-108.697424,42.567619],[-108.696941,42.567394],[-108.695901,42.567324]]}},{"type":"Feature","properties":{"id":"wat-a710","kind":"water","name":"Creek","acres":null,"editable":false,"source":"USGS 3DHP flowlines (Channel Line)"},"geometry":{"type":"LineString","coordinates":[[-108.594913,42.670667],[-108.59362,42.671123],[-108.592541,42.671299],[-108.591976,42.671288],[-108.591686,42.671194],[-108.591352,42.671233],[-108.590853,42.671112],[-108.59011,42.67114],[-108.589723,42.671069],[-108.589128,42.67114],[-108.588281,42.671563],[-108.587745,42.671508],[-108.587426,42.671371],[-108.586496,42.670757],[-108.585447,42.670296],[-108.584243,42.670307],[-108.583209,42.670516],[-108.582309,42.670604],[-108.581566,42.670593],[-108.581239,42.67067],[-108.580577,42.6709],[-108.580294,42.671136],[-108.579239,42.671641],[-108.578837,42.672025],[-108.577893,42.672558],[-108.576845,42.673633],[-108.576785,42.67359],[-108.576659,42.67376],[-108.576146,42.674056],[-108.576019,42.67421],[-108.575573,42.674221],[-108.574079,42.675066],[-108.573484,42.675253],[-108.572926,42.675681],[-108.572234,42.675993],[-108.5719,42.676229],[-108.571149,42.676367],[-108.570784,42.676625],[-108.570628,42.676839],[-108.570078,42.677201],[-108.568836,42.677788],[-108.568769,42.677854],[-108.568918,42.677969],[-108.568851,42.678057],[-108.568561,42.678106]]}},{"type":"Feature","properties":{"id":"wat-a711","kind":"water","name":"Cottonwood Creek","acres":null,"editable":false,"source":"USGS 3DHP flowlines (Channel Line)"},"geometry":{"type":"LineString","coordinates":[[-108.567498,42.679275],[-108.567579,42.679434],[-108.567475,42.679824],[-108.567483,42.680416],[-108.568472,42.681755],[-108.568256,42.682035],[-108.568368,42.682238],[-108.568717,42.682353],[-108.568747,42.682309],[-108.568926,42.682447],[-108.56906,42.682732],[-108.568747,42.683122],[-108.56874,42.683319],[-108.56897,42.683588],[-108.569246,42.683692],[-108.569156,42.684208],[-108.569498,42.684543],[-108.569491,42.684718],[-108.56958,42.684784],[-108.570138,42.684817],[-108.570346,42.68491],[-108.570398,42.685042],[-108.570339,42.68513],[-108.569863,42.685097],[-108.569528,42.685223],[-108.56958,42.685399],[-108.56993,42.685585],[-108.56987,42.685755],[-108.570109,42.686507],[-108.569826,42.686853],[-108.570138,42.687166],[-108.570161,42.687347],[-108.570116,42.687462],[-108.569781,42.687566],[-108.569536,42.687758],[-108.569335,42.688346],[-108.568971,42.688647],[-108.569082,42.688894]]}},{"type":"Feature","properties":{"id":"wat-a712","kind":"water","name":"Creek","acres":null,"editable":false,"source":"USGS 3DHP flowlines (Channel Line)"},"geometry":{"type":"LineString","coordinates":[[-108.737026,42.658655],[-108.736408,42.658427],[-108.736019,42.658132],[-108.735512,42.657915],[-108.731974,42.657741]]}},{"type":"Feature","properties":{"id":"wat-a713","kind":"water","name":"Creek","acres":null,"editable":false,"source":"USGS 3DHP flowlines (Channel Line)"},"geometry":{"type":"LineString","coordinates":[[-108.581404,42.625739],[-108.581077,42.626524],[-108.580402,42.627078],[-108.580023,42.627732],[-108.579466,42.628248],[-108.578106,42.628879],[-108.576977,42.629603],[-108.57636,42.630311],[-108.575966,42.63035],[-108.575394,42.630558],[-108.57503,42.630899],[-108.573901,42.631535],[-108.573626,42.631881],[-108.57344,42.631963],[-108.573202,42.631958],[-108.573076,42.632199],[-108.573135,42.632221],[-108.572615,42.632627],[-108.572043,42.632792],[-108.571642,42.633138]]}},{"type":"Feature","properties":{"id":"wat-a714","kind":"water","name":"Twin Creek","acres":null,"editable":false,"source":"USGS 3DHP flowlines (Channel Line)"},"geometry":{"type":"LineString","coordinates":[[-108.632916,42.591156],[-108.632552,42.591121],[-108.632207,42.591222],[-108.631809,42.591097],[-108.631087,42.59119],[-108.630637,42.591154],[-108.630256,42.591236],[-108.629858,42.591138],[-108.629676,42.590774],[-108.629123,42.590582],[-108.628546,42.590687],[-108.628,42.590631],[-108.627631,42.590731],[-108.62682,42.590579],[-108.626246,42.590594],[-108.626042,42.590518],[-108.625864,42.590406],[-108.625695,42.590041],[-108.625681,42.589629],[-108.625547,42.589415],[-108.625086,42.589119],[-108.624209,42.588796],[-108.623794,42.588741],[-108.623593,42.588582],[-108.623637,42.588187],[-108.623473,42.58777],[-108.622663,42.587183],[-108.622492,42.586893],[-108.622566,42.586651],[-108.623019,42.586311],[-108.623056,42.586201],[-108.62287,42.585559],[-108.622669,42.585405],[-108.622676,42.585296]]}},{"type":"Feature","properties":{"id":"wat-a715","kind":"water","name":"Little Popo Agie River","acres":null,"editable":false,"source":"USGS 3DHP flowlines (Channel Line)"},"geometry":{"type":"LineString","coordinates":[[-108.643662,42.71494],[-108.643372,42.715203],[-108.643165,42.716076]]}},{"type":"Feature","properties":{"id":"wat-a716","kind":"water","name":"Creek","acres":null,"editable":false,"source":"USGS 3DHP flowlines (Channel Line)"},"geometry":{"type":"LineString","coordinates":[[-108.752167,42.687087],[-108.751695,42.687663],[-108.751225,42.688842],[-108.750944,42.689197],[-108.750209,42.689757],[-108.749385,42.690268],[-108.746731,42.691397],[-108.745815,42.69155],[-108.744754,42.691889]]}},{"type":"Feature","properties":{"id":"wat-a717","kind":"water","name":"Creek","acres":null,"editable":false,"source":"USGS 3DHP flowlines (Channel Line)"},"geometry":{"type":"LineString","coordinates":[[-108.677133,42.725052],[-108.677171,42.725578],[-108.677041,42.726208],[-108.677393,42.726497],[-108.678193,42.72678],[-108.678453,42.726944],[-108.678858,42.727417],[-108.679155,42.72799]]}},{"type":"Feature","properties":{"id":"wat-a718","kind":"water","name":"Creek","acres":null,"editable":false,"source":"USGS 3DHP flowlines (Channel Line)"},"geometry":{"type":"LineString","coordinates":[[-108.724968,42.633136],[-108.722961,42.632984],[-108.72061,42.633145]]}},{"type":"Feature","properties":{"id":"wat-a719","kind":"water","name":"Creek","acres":null,"editable":false,"source":"USGS 3DHP flowlines (Channel Line)"},"geometry":{"type":"LineString","coordinates":[[-108.762898,42.545564],[-108.761744,42.545876],[-108.760958,42.546353],[-108.760683,42.546732],[-108.759585,42.546978]]}},{"type":"Feature","properties":{"id":"wat-a720","kind":"water","name":"Twin Creek","acres":null,"editable":false,"source":"USGS 3DHP flowlines (Channel Line)"},"geometry":{"type":"LineString","coordinates":[[-108.610602,42.731538],[-108.610714,42.731719],[-108.611272,42.731927],[-108.611935,42.732471],[-108.613126,42.732492],[-108.61437,42.733353],[-108.614422,42.733638],[-108.614199,42.733896],[-108.614341,42.734253],[-108.615144,42.734071],[-108.615256,42.734406],[-108.615398,42.734516],[-108.615398,42.734604],[-108.615152,42.73473],[-108.614914,42.734725],[-108.614854,42.73479],[-108.615264,42.735021],[-108.61519,42.735344],[-108.614915,42.735559],[-108.615205,42.735805],[-108.615503,42.735707],[-108.615965,42.736019],[-108.616463,42.736183],[-108.617238,42.736287],[-108.617379,42.736424],[-108.617558,42.736381],[-108.617729,42.736562],[-108.618236,42.73666],[-108.618787,42.737]]}},{"type":"Feature","properties":{"id":"wat-a721","kind":"water","name":"Pass Creek","acres":null,"editable":false,"source":"USGS 3DHP flowlines (Channel Line)"},"geometry":{"type":"LineString","coordinates":[[-108.757317,42.623304],[-108.75849,42.623723]]}},{"type":"Feature","properties":{"id":"wat-a722","kind":"water","name":"Creek","acres":null,"editable":false,"source":"USGS 3DHP flowlines (Channel Line)"},"geometry":{"type":"LineString","coordinates":[[-108.562412,42.535808],[-108.5619,42.537493],[-108.561914,42.537822],[-108.561759,42.538036],[-108.56161,42.538892],[-108.561877,42.54039],[-108.562078,42.540544],[-108.563079,42.540873],[-108.563302,42.541186],[-108.562857,42.542651],[-108.562322,42.543408],[-108.562055,42.543557],[-108.561573,42.544424],[-108.560497,42.545455],[-108.559933,42.546256],[-108.559658,42.547239],[-108.55922,42.547776],[-108.558738,42.548007],[-108.558092,42.548073]]}},{"type":"Feature","properties":{"id":"wat-a723","kind":"water","name":"Creek","acres":null,"editable":false,"source":"USGS 3DHP flowlines (Channel Line)"},"geometry":{"type":"LineString","coordinates":[[-108.744767,42.613979],[-108.745571,42.614335],[-108.746448,42.614377],[-108.746791,42.614667],[-108.747089,42.614766],[-108.747929,42.614825],[-108.748859,42.615218],[-108.74935,42.615338],[-108.74993,42.615315],[-108.750464,42.615083],[-108.750682,42.615106],[-108.751623,42.615637],[-108.75227,42.615791],[-108.753095,42.616109],[-108.753541,42.616378],[-108.753788,42.616701]]}},{"type":"Feature","properties":{"id":"wat-a724","kind":"water","name":"Creek","acres":null,"editable":false,"source":"USGS 3DHP flowlines (Channel Line)"},"geometry":{"type":"LineString","coordinates":[[-108.71558,42.617914],[-108.715184,42.618068],[-108.715014,42.618056]]}},{"type":"Feature","properties":{"id":"wat-a725","kind":"water","name":"Creek","acres":null,"editable":false,"source":"USGS 3DHP flowlines (Channel Line)"},"geometry":{"type":"LineString","coordinates":[[-108.555386,42.656058],[-108.554866,42.656464],[-108.554643,42.656854],[-108.554204,42.657282],[-108.553966,42.657408],[-108.553862,42.657759],[-108.554078,42.658335],[-108.554115,42.658818],[-108.554018,42.659186],[-108.553676,42.659488],[-108.5532,42.660245]]}},{"type":"Feature","properties":{"id":"wat-a726","kind":"water","name":"Pass Creek","acres":null,"editable":false,"source":"USGS 3DHP flowlines (Channel Line)"},"geometry":{"type":"LineString","coordinates":[[-108.76208,42.60916],[-108.761474,42.609098],[-108.759714,42.60987],[-108.758863,42.610142],[-108.758601,42.610308],[-108.758306,42.610707],[-108.758327,42.611491],[-108.758141,42.613604],[-108.757987,42.61415],[-108.757682,42.614513],[-108.757082,42.614916],[-108.754901,42.61589],[-108.754177,42.616353],[-108.753788,42.616701]]}},{"type":"Feature","properties":{"id":"wat-a727","kind":"water","name":"Pass Creek","acres":null,"editable":false,"source":"USGS 3DHP flowlines (Channel Line)"},"geometry":{"type":"LineString","coordinates":[[-108.763472,42.608836],[-108.763249,42.609061],[-108.762998,42.609147]]}},{"type":"Feature","properties":{"id":"wat-a728","kind":"water","name":"Creek","acres":null,"editable":false,"source":"USGS 3DHP flowlines (Channel Line)"},"geometry":{"type":"LineString","coordinates":[[-108.721098,42.56386],[-108.720905,42.563805],[-108.720703,42.563531],[-108.720258,42.563504],[-108.72005,42.563411],[-108.719372,42.562819],[-108.718733,42.562595],[-108.718584,42.562469],[-108.718494,42.562063],[-108.718655,42.561272],[-108.718587,42.561151],[-108.718119,42.56085]]}},{"type":"Feature","properties":{"id":"wat-a729","kind":"water","name":"Creek","acres":null,"editable":false,"source":"USGS 3DHP flowlines (Channel Line)"},"geometry":{"type":"LineString","coordinates":[[-108.734133,42.660471],[-108.733699,42.660023],[-108.733389,42.659377],[-108.732607,42.658939]]}},{"type":"Feature","properties":{"id":"wat-a730","kind":"water","name":"Creek","acres":null,"editable":false,"source":"USGS 3DHP flowlines (Channel Line)"},"geometry":{"type":"LineString","coordinates":[[-108.740147,42.742305],[-108.739407,42.741767],[-108.739109,42.741455],[-108.738796,42.74073],[-108.7383,42.740493],[-108.737186,42.740276],[-108.734837,42.740638],[-108.730503,42.740203],[-108.729893,42.739848],[-108.729389,42.739257],[-108.72913,42.739104],[-108.729091,42.738693],[-108.728969,42.738506],[-108.728221,42.738277],[-108.727711,42.737941],[-108.72681,42.737731],[-108.726352,42.737544],[-108.725109,42.736915],[-108.72288,42.736365],[-108.722446,42.73619],[-108.721546,42.736263],[-108.718959,42.736839]]}},{"type":"Feature","properties":{"id":"wat-a731","kind":"water","name":"Creek","acres":null,"editable":false,"source":"USGS 3DHP flowlines (Channel Line)"},"geometry":{"type":"LineString","coordinates":[[-108.767454,42.642345],[-108.765819,42.641821],[-108.765559,42.641634],[-108.765232,42.64154],[-108.763822,42.641403],[-108.763175,42.641061],[-108.76265,42.640888]]}},{"type":"Feature","properties":{"id":"wat-a732","kind":"water","name":"Creek","acres":null,"editable":false,"source":"USGS 3DHP flowlines (Channel Line)"},"geometry":{"type":"LineString","coordinates":[[-108.777953,42.580895],[-108.777833,42.581248],[-108.777967,42.581827],[-108.778391,42.582542],[-108.778926,42.583044],[-108.7801,42.583503],[-108.781808,42.583896]]}},{"type":"Feature","properties":{"id":"wat-a733","kind":"water","name":"Creek","acres":null,"editable":false,"source":"USGS 3DHP flowlines (Channel Line)"},"geometry":{"type":"LineString","coordinates":[[-108.720683,42.640998],[-108.720206,42.640834],[-108.71924,42.640669],[-108.718326,42.640627]]}},{"type":"Feature","properties":{"id":"wat-a734","kind":"water","name":"Creek","acres":null,"editable":false,"source":"USGS 3DHP flowlines (Channel Line)"},"geometry":{"type":"LineString","coordinates":[[-108.648503,42.727732],[-108.646477,42.72781],[-108.645371,42.727547],[-108.644516,42.727188],[-108.642792,42.726963],[-108.642571,42.726879],[-108.642227,42.726586],[-108.641907,42.726655],[-108.641449,42.726616],[-108.638145,42.727772],[-108.637253,42.728394],[-108.63652,42.728512],[-108.635453,42.72902],[-108.635032,42.729092],[-108.634315,42.729062],[-108.633728,42.729252]]}},{"type":"Feature","properties":{"id":"wat-a735","kind":"water","name":"Creek","acres":null,"editable":false,"source":"USGS 3DHP flowlines (Channel Line)"},"geometry":{"type":"LineString","coordinates":[[-108.594991,42.565755],[-108.592928,42.566918],[-108.592416,42.567061],[-108.592082,42.567297],[-108.59111,42.567742],[-108.590546,42.567879],[-108.589781,42.568351],[-108.58915,42.56862],[-108.588594,42.569114],[-108.587592,42.569817],[-108.587436,42.569971],[-108.587332,42.570294],[-108.586122,42.571041],[-108.585351,42.571727],[-108.584668,42.572545],[-108.583547,42.574334],[-108.583688,42.574877],[-108.583525,42.575289],[-108.583407,42.576057],[-108.583578,42.577753],[-108.583771,42.57806],[-108.583675,42.578411],[-108.583296,42.578976],[-108.582873,42.579119],[-108.582687,42.579333],[-108.582383,42.579459],[-108.582583,42.57964],[-108.582576,42.579794]]}},{"type":"Feature","properties":{"id":"wat-a736","kind":"water","name":"Creek","acres":null,"editable":false,"source":"USGS 3DHP flowlines (Channel Line)"},"geometry":{"type":"LineString","coordinates":[[-108.796062,42.651496],[-108.794512,42.651853],[-108.792762,42.651999],[-108.791334,42.652035],[-108.789168,42.651876],[-108.788716,42.651903],[-108.787138,42.651657],[-108.786735,42.651667],[-108.785878,42.651758],[-108.783888,42.652161],[-108.782343,42.652726],[-108.781211,42.653334],[-108.777001,42.656089],[-108.775469,42.657338],[-108.774855,42.657434],[-108.77377,42.657746],[-108.772679,42.657896],[-108.771547,42.658847]]}},{"type":"Feature","properties":{"id":"wat-a737","kind":"water","name":"Creek","acres":null,"editable":false,"source":"USGS 3DHP flowlines (Channel Line)"},"geometry":{"type":"LineString","coordinates":[[-108.708298,42.543346],[-108.708315,42.544186],[-108.708012,42.544598],[-108.707961,42.544933],[-108.707984,42.545317],[-108.708209,42.545986],[-108.7081,42.546893],[-108.708205,42.547194],[-108.708682,42.547534]]}},{"type":"Feature","properties":{"id":"wat-a738","kind":"water","name":"Creek","acres":null,"editable":false,"source":"USGS 3DHP flowlines (Channel Line)"},"geometry":{"type":"LineString","coordinates":[[-108.61661,42.634464],[-108.61586,42.634717],[-108.615615,42.634887],[-108.615318,42.634904],[-108.614619,42.635348],[-108.614397,42.63565],[-108.614248,42.63565],[-108.613252,42.636068],[-108.612688,42.636123],[-108.612346,42.636507],[-108.611826,42.636853],[-108.61141,42.63693],[-108.611106,42.637188],[-108.610512,42.637946],[-108.609627,42.638451],[-108.609353,42.638753],[-108.609279,42.639082],[-108.609034,42.639208],[-108.608818,42.639466],[-108.608699,42.639466],[-108.608068,42.640356]]}},{"type":"Feature","properties":{"id":"wat-a739","kind":"water","name":"Creek","acres":null,"editable":false,"source":"USGS 3DHP flowlines (Channel Line)"},"geometry":{"type":"LineString","coordinates":[[-108.776496,42.593242],[-108.776044,42.593631],[-108.774989,42.593851],[-108.774647,42.594208],[-108.77441,42.59425]]}},{"type":"Feature","properties":{"id":"wat-a740","kind":"water","name":"Creek","acres":null,"editable":false,"source":"USGS 3DHP flowlines (Channel Line)"},"geometry":{"type":"LineString","coordinates":[[-108.757924,42.552068],[-108.760811,42.549636],[-108.761693,42.548478],[-108.761908,42.54771]]}},{"type":"Feature","properties":{"id":"wat-a741","kind":"water","name":"Creek","acres":null,"editable":false,"source":"USGS 3DHP flowlines (Channel Line)"},"geometry":{"type":"LineString","coordinates":[[-108.744716,42.646093],[-108.745135,42.646481],[-108.745844,42.646852],[-108.747356,42.64836]]}},{"type":"Feature","properties":{"id":"wat-a742","kind":"water","name":"Creek","acres":null,"editable":false,"source":"USGS 3DHP flowlines (Channel Line)"},"geometry":{"type":"LineString","coordinates":[[-108.571934,42.719497],[-108.572522,42.719771],[-108.573348,42.719919],[-108.573578,42.720034],[-108.574025,42.720001],[-108.574412,42.720095],[-108.574858,42.719996],[-108.574866,42.719864],[-108.575238,42.719562],[-108.576488,42.719458],[-108.576763,42.7192],[-108.577128,42.719057],[-108.577753,42.719024],[-108.578125,42.7187],[-108.578453,42.718689],[-108.578847,42.718541],[-108.579226,42.718574],[-108.579561,42.718514],[-108.580313,42.718245],[-108.580529,42.718031],[-108.58128,42.717822],[-108.581652,42.717394],[-108.581987,42.717246],[-108.583245,42.717119],[-108.584145,42.716872],[-108.584532,42.716905],[-108.584859,42.716845],[-108.585097,42.716916],[-108.586228,42.716806],[-108.586772,42.717305],[-108.586943,42.717569],[-108.587062,42.717574],[-108.587323,42.717777],[-108.587375,42.717953],[-108.587844,42.718117],[-108.588089,42.718013],[-108.588097,42.717772],[-108.588282,42.717552],[-108.58832,42.717354]]}},{"type":"Feature","properties":{"id":"wat-a743","kind":"water","name":"Creek","acres":null,"editable":false,"source":"USGS 3DHP flowlines (Channel Line)"},"geometry":{"type":"LineString","coordinates":[[-108.761222,42.556437],[-108.76005,42.556916]]}},{"type":"Feature","properties":{"id":"wat-a744","kind":"water","name":"West Fork Cottonwood Creek","acres":null,"editable":false,"source":"USGS 3DHP flowlines (Channel Line)"},"geometry":{"type":"LineString","coordinates":[[-108.575151,42.643261],[-108.575419,42.643267],[-108.57553,42.643377],[-108.575515,42.643706],[-108.575634,42.643865],[-108.576073,42.643936]]}},{"type":"Feature","properties":{"id":"wat-a745","kind":"water","name":"Creek","acres":null,"editable":false,"source":"USGS 3DHP flowlines (Channel Line)"},"geometry":{"type":"LineString","coordinates":[[-108.732338,42.597282],[-108.731481,42.598733],[-108.73104,42.59913],[-108.729991,42.59982],[-108.728821,42.601157],[-108.728459,42.601735],[-108.727914,42.602976],[-108.727476,42.603607],[-108.727461,42.603706],[-108.72767,42.60398],[-108.727364,42.604361],[-108.727279,42.604644]]}},{"type":"Feature","properties":{"id":"wat-a746","kind":"water","name":"Creek","acres":null,"editable":false,"source":"USGS 3DHP flowlines (Channel Line)"},"geometry":{"type":"LineString","coordinates":[[-108.773956,42.715077],[-108.773415,42.715202],[-108.771999,42.715165],[-108.771308,42.715044],[-108.770666,42.715238],[-108.769821,42.715636],[-108.768318,42.716679],[-108.765675,42.717852],[-108.764405,42.71852],[-108.762035,42.719212],[-108.760145,42.720175],[-108.757723,42.720596],[-108.756174,42.721223],[-108.755103,42.721463],[-108.75283,42.722193],[-108.752353,42.722526],[-108.750877,42.723172],[-108.749065,42.722601],[-108.748226,42.722476],[-108.745922,42.722526],[-108.745136,42.722667],[-108.745034,42.722742],[-108.744869,42.722709],[-108.744641,42.722849],[-108.744014,42.722857]]}},{"type":"Feature","properties":{"id":"wat-a747","kind":"water","name":"Creek","acres":null,"editable":false,"source":"USGS 3DHP flowlines (Channel Line)"},"geometry":{"type":"LineString","coordinates":[[-108.755357,42.625715],[-108.755742,42.62539],[-108.756374,42.625244],[-108.757757,42.624556],[-108.757987,42.624403],[-108.758314,42.623815],[-108.75849,42.623723]]}},{"type":"Feature","properties":{"id":"wat-a748","kind":"water","name":"Creek","acres":null,"editable":false,"source":"USGS 3DHP flowlines (Channel Line)"},"geometry":{"type":"LineString","coordinates":[[-108.602098,42.661528],[-108.601213,42.66138],[-108.600477,42.661101],[-108.599957,42.660827],[-108.599555,42.660421],[-108.599094,42.660108],[-108.598856,42.660081],[-108.597457,42.659303],[-108.597047,42.659322],[-108.596505,42.659179],[-108.596038,42.658903],[-108.595781,42.658208],[-108.59545,42.658079]]}},{"type":"Feature","properties":{"id":"wat-a749","kind":"water","name":"East Fork Cottonwood Creek","acres":null,"editable":false,"source":"USGS 3DHP flowlines (Channel Line)"},"geometry":{"type":"LineString","coordinates":[[-108.542555,42.658389],[-108.542688,42.658833],[-108.542606,42.659311],[-108.542725,42.659448],[-108.542718,42.659601],[-108.541967,42.659695],[-108.541795,42.660282],[-108.542056,42.660485],[-108.542078,42.661604],[-108.542501,42.662076],[-108.542553,42.662252],[-108.542516,42.663261],[-108.542657,42.663371]]}},{"type":"Feature","properties":{"id":"wat-a750","kind":"water","name":"Creek","acres":null,"editable":false,"source":"USGS 3DHP flowlines (Channel Line)"},"geometry":{"type":"LineString","coordinates":[[-108.693196,42.769418],[-108.692084,42.76923],[-108.690135,42.769742],[-108.689435,42.770236],[-108.688988,42.770428],[-108.688578,42.770494],[-108.687923,42.770389],[-108.686649,42.77051],[-108.686336,42.770614],[-108.685785,42.771136],[-108.685427,42.771657],[-108.684995,42.77186]]}},{"type":"Feature","properties":{"id":"wat-a751","kind":"water","name":"Creek","acres":null,"editable":false,"source":"USGS 3DHP flowlines (Channel Line)"},"geometry":{"type":"LineString","coordinates":[[-108.765961,42.52488],[-108.76527,42.524439],[-108.764551,42.524236],[-108.764216,42.524005],[-108.764135,42.523775],[-108.76428,42.523231],[-108.764561,42.523023],[-108.764576,42.522913]]}},{"type":"Feature","properties":{"id":"wat-a752","kind":"water","name":"Creek","acres":null,"editable":false,"source":"USGS 3DHP flowlines (Channel Line)"},"geometry":{"type":"LineString","coordinates":[[-108.76002,42.524881],[-108.759345,42.524875],[-108.758365,42.524988]]}},{"type":"Feature","properties":{"id":"wat-a753","kind":"water","name":"Creek","acres":null,"editable":false,"source":"USGS 3DHP flowlines (Channel Line)"},"geometry":{"type":"LineString","coordinates":[[-108.711657,42.551322],[-108.711076,42.551779],[-108.710127,42.552268],[-108.708174,42.553002]]}},{"type":"Feature","properties":{"id":"wat-a754","kind":"water","name":"Creek","acres":null,"editable":false,"source":"USGS 3DHP flowlines (Channel Line)"},"geometry":{"type":"LineString","coordinates":[[-108.602759,42.735815],[-108.603347,42.735299],[-108.603585,42.735327],[-108.604277,42.735184],[-108.604426,42.735058],[-108.605022,42.735025],[-108.605267,42.734942],[-108.606138,42.733949],[-108.606986,42.733553],[-108.607172,42.733334],[-108.607715,42.733037],[-108.608191,42.732434],[-108.608548,42.732335],[-108.60895,42.731901],[-108.609285,42.731797],[-108.609761,42.731829],[-108.610155,42.731599],[-108.610602,42.731538]]}},{"type":"Feature","properties":{"id":"wat-a755","kind":"water","name":"Creek","acres":null,"editable":false,"source":"USGS 3DHP flowlines (Channel Line)"},"geometry":{"type":"LineString","coordinates":[[-108.67592,42.753658],[-108.675413,42.753905],[-108.674944,42.754009],[-108.673834,42.755035],[-108.672687,42.755699],[-108.67259,42.755907],[-108.671935,42.756165],[-108.671675,42.756138],[-108.671466,42.756489],[-108.671295,42.756599],[-108.671056,42.756571],[-108.670699,42.756829],[-108.670602,42.757186],[-108.670632,42.75797],[-108.670274,42.758311],[-108.670028,42.758338],[-108.669939,42.75842],[-108.669894,42.75864],[-108.669693,42.758733],[-108.669611,42.759435],[-108.669254,42.759704],[-108.669082,42.760022],[-108.668851,42.760159],[-108.667801,42.760511],[-108.667391,42.760724],[-108.667056,42.760532],[-108.666535,42.760543],[-108.666289,42.760461],[-108.665783,42.760801],[-108.665433,42.760768],[-108.664658,42.761152],[-108.664048,42.761229],[-108.663668,42.761432],[-108.661992,42.761069],[-108.661292,42.761014],[-108.660607,42.76114],[-108.659594,42.761947],[-108.659237,42.76204],[-108.658976,42.762314],[-108.658655,42.762396],[-108.658596,42.762671],[-108.658432,42.762709],[-108.657978,42.762594],[-108.657456,42.762912],[-108.657024,42.762989],[-108.656629,42.763219],[-108.656324,42.763658],[-108.655951,42.763932],[-108.65572,42.764464],[-108.655117,42.76493]]}},{"type":"Feature","properties":{"id":"wat-a756","kind":"water","name":"Creek","acres":null,"editable":false,"source":"USGS 3DHP flowlines (Channel Line)"},"geometry":{"type":"LineString","coordinates":[[-108.727585,42.552566],[-108.727271,42.552653]]}},{"type":"Feature","properties":{"id":"wat-a757","kind":"water","name":"Creek","acres":null,"editable":false,"source":"USGS 3DHP flowlines (Channel Line)"},"geometry":{"type":"LineString","coordinates":[[-108.735884,42.551444],[-108.735148,42.551406],[-108.734057,42.551551],[-108.731371,42.552506]]}},{"type":"Feature","properties":{"id":"wat-a758","kind":"water","name":"West Fork Cottonwood Creek","acres":null,"editable":false,"source":"USGS 3DHP flowlines (Channel Line)"},"geometry":{"type":"LineString","coordinates":[[-108.586512,42.606769],[-108.586386,42.606923],[-108.584641,42.607675],[-108.582227,42.609382],[-108.581759,42.609837],[-108.581276,42.610112],[-108.580838,42.610606],[-108.579783,42.611111],[-108.579323,42.611539],[-108.578929,42.611687],[-108.578402,42.612181],[-108.577221,42.612927],[-108.576166,42.613301],[-108.575765,42.613619],[-108.575631,42.613948],[-108.575178,42.614288],[-108.574658,42.615309],[-108.573826,42.616127],[-108.572942,42.617405],[-108.571984,42.618393],[-108.570943,42.620061],[-108.570832,42.62061],[-108.570059,42.621428],[-108.569294,42.622816],[-108.568358,42.623985],[-108.568425,42.62438],[-108.567806,42.624967],[-108.567264,42.62567],[-108.567227,42.62657],[-108.566922,42.626871],[-108.566967,42.627135],[-108.566841,42.62742],[-108.566105,42.627974],[-108.56612,42.628084]]}},{"type":"Feature","properties":{"id":"wat-a759","kind":"water","name":"Creek","acres":null,"editable":false,"source":"USGS 3DHP flowlines (Channel Line)"},"geometry":{"type":"LineString","coordinates":[[-108.732607,42.658939],[-108.732607,42.658688],[-108.731974,42.657741]]}},{"type":"Feature","properties":{"id":"wat-a760","kind":"water","name":"Creek","acres":null,"editable":false,"source":"USGS 3DHP flowlines (Channel Line)"},"geometry":{"type":"LineString","coordinates":[[-108.720468,42.598202],[-108.719551,42.598659],[-108.71843,42.599437]]}},{"type":"Feature","properties":{"id":"wat-a761","kind":"water","name":"Creek","acres":null,"editable":false,"source":"USGS 3DHP flowlines (Channel Line)"},"geometry":{"type":"LineString","coordinates":[[-108.740497,42.617541],[-108.74011,42.617594],[-108.739181,42.617518],[-108.738941,42.617596]]}},{"type":"Feature","properties":{"id":"wat-a762","kind":"water","name":"Creek","acres":null,"editable":false,"source":"USGS 3DHP flowlines (Channel Line)"},"geometry":{"type":"LineString","coordinates":[[-108.668297,42.574456],[-108.667808,42.574509],[-108.666587,42.574889],[-108.665718,42.575007],[-108.664768,42.575321],[-108.664118,42.575424],[-108.662892,42.575949],[-108.661872,42.576522],[-108.66158,42.576832],[-108.661084,42.577074],[-108.660702,42.577516],[-108.659287,42.578523],[-108.657712,42.579256],[-108.657348,42.579537],[-108.655689,42.579917],[-108.655441,42.580038],[-108.654985,42.580488],[-108.653007,42.581582],[-108.650916,42.582089],[-108.650012,42.58216],[-108.64794,42.582811],[-108.647401,42.582881],[-108.646994,42.583008],[-108.646135,42.583512],[-108.645851,42.583606]]}},{"type":"Feature","properties":{"id":"wat-a763","kind":"water","name":"Little Popo Agie River","acres":null,"editable":false,"source":"USGS 3DHP flowlines (Channel Line)"},"geometry":{"type":"LineString","coordinates":[[-108.619002,42.736786],[-108.618787,42.737]]}},{"type":"Feature","properties":{"id":"wat-a764","kind":"water","name":"Creek","acres":null,"editable":false,"source":"USGS 3DHP flowlines (Channel Line)"},"geometry":{"type":"LineString","coordinates":[[-108.778851,42.688911],[-108.778414,42.689724],[-108.777642,42.690511],[-108.777132,42.690829]]}},{"type":"Feature","properties":{"id":"wat-a765","kind":"water","name":"Pass Creek","acres":null,"editable":false,"source":"USGS 3DHP flowlines (Channel Line)"},"geometry":{"type":"LineString","coordinates":[[-108.754312,42.620422],[-108.754336,42.620769]]}},{"type":"Feature","properties":{"id":"wat-a766","kind":"water","name":"Creek","acres":null,"editable":false,"source":"USGS 3DHP flowlines (Channel Line)"},"geometry":{"type":"LineString","coordinates":[[-108.764731,42.566508],[-108.764204,42.56681],[-108.763291,42.567184],[-108.762281,42.567376],[-108.761227,42.567223],[-108.760803,42.567091],[-108.759902,42.5671]]}},{"type":"Feature","properties":{"id":"wat-a767","kind":"water","name":"Creek","acres":null,"editable":false,"source":"USGS 3DHP flowlines (Channel Line)"},"geometry":{"type":"LineString","coordinates":[[-108.551102,42.628298],[-108.550634,42.628578],[-108.55024,42.628973],[-108.549951,42.628984],[-108.549705,42.629099],[-108.549453,42.629483]]}},{"type":"Feature","properties":{"id":"wat-a768","kind":"water","name":"Creek","acres":null,"editable":false,"source":"USGS 3DHP flowlines (Channel Line)"},"geometry":{"type":"LineString","coordinates":[[-108.778844,42.646945],[-108.778412,42.647357],[-108.777072,42.647931],[-108.775664,42.648687],[-108.774404,42.649141]]}},{"type":"Feature","properties":{"id":"wat-a769","kind":"water","name":"Creek","acres":null,"editable":false,"source":"USGS 3DHP flowlines (Channel Line)"},"geometry":{"type":"LineString","coordinates":[[-108.731974,42.657741],[-108.731332,42.657024],[-108.73055,42.655249],[-108.729998,42.654643]]}},{"type":"Feature","properties":{"id":"wat-a770","kind":"water","name":"Creek","acres":null,"editable":false,"source":"USGS 3DHP flowlines (Channel Line)"},"geometry":{"type":"LineString","coordinates":[[-108.776752,42.578989],[-108.775863,42.578896],[-108.774095,42.578965],[-108.77359,42.57891],[-108.772751,42.578322],[-108.772182,42.577541]]}},{"type":"Feature","properties":{"id":"wat-a771","kind":"water","name":"Creek","acres":null,"editable":false,"source":"USGS 3DHP flowlines (Channel Line)"},"geometry":{"type":"LineString","coordinates":[[-108.583786,42.659267],[-108.584872,42.661176],[-108.584969,42.661637],[-108.584865,42.662032],[-108.584976,42.66223],[-108.58479,42.662493],[-108.584753,42.662751],[-108.584776,42.662932],[-108.585058,42.663267],[-108.585192,42.663728],[-108.585029,42.664079],[-108.585118,42.664759]]}},{"type":"Feature","properties":{"id":"wat-a772","kind":"water","name":"Creek","acres":null,"editable":false,"source":"USGS 3DHP flowlines (Channel Line)"},"geometry":{"type":"LineString","coordinates":[[-108.71609,42.743419],[-108.715678,42.743377],[-108.714923,42.743038],[-108.713069,42.742511],[-108.71123,42.742119],[-108.710368,42.742157],[-108.70859,42.741669],[-108.708011,42.741623],[-108.70621,42.741737],[-108.705073,42.741935],[-108.70344,42.742649],[-108.702059,42.742561],[-108.70183,42.742614],[-108.701052,42.743153],[-108.700923,42.743522],[-108.700335,42.74416],[-108.698969,42.744518],[-108.698115,42.744873],[-108.697268,42.74482]]}},{"type":"Feature","properties":{"id":"wat-a773","kind":"water","name":"Beaver Creek","acres":null,"editable":false,"source":"USGS 3DHP flowlines (Channel Line)"},"geometry":{"type":"LineString","coordinates":[[-108.569734,42.524351],[-108.569036,42.523961],[-108.568094,42.523742],[-108.567056,42.523808],[-108.566692,42.52389],[-108.566203,42.524252],[-108.565824,42.524159],[-108.56555,42.524285],[-108.565261,42.524192],[-108.565134,42.524252],[-108.564838,42.524225],[-108.564496,42.524022],[-108.563903,42.523829],[-108.563436,42.523824],[-108.562924,42.523989],[-108.562716,42.523961],[-108.562427,42.52378],[-108.562071,42.523813],[-108.561818,42.524071],[-108.561425,42.524285],[-108.560891,42.524296],[-108.560639,42.524642],[-108.560431,42.524702],[-108.559927,42.524691],[-108.559741,42.524845],[-108.559482,42.525432],[-108.559363,42.525514],[-108.558858,42.525437],[-108.558495,42.525783],[-108.557798,42.526052]]}},{"type":"Feature","properties":{"id":"wat-a774","kind":"water","name":"Creek","acres":null,"editable":false,"source":"USGS 3DHP flowlines (Channel Line)"},"geometry":{"type":"LineString","coordinates":[[-108.570188,42.655581],[-108.570842,42.656322],[-108.571399,42.656618],[-108.571652,42.65704],[-108.572515,42.657671],[-108.572634,42.657852],[-108.573035,42.657902],[-108.573266,42.658033],[-108.573072,42.658297],[-108.573541,42.658313],[-108.573541,42.658511],[-108.573794,42.658549],[-108.573942,42.658752],[-108.574225,42.658725],[-108.574359,42.658939],[-108.574916,42.659389],[-108.574909,42.659674],[-108.575229,42.659833],[-108.575541,42.660151],[-108.57595,42.661166],[-108.576024,42.661649],[-108.576307,42.661924],[-108.576419,42.662231],[-108.576523,42.662604],[-108.576493,42.663328],[-108.576694,42.663465],[-108.576783,42.663872],[-108.576768,42.664585],[-108.576969,42.664898]]}},{"type":"Feature","properties":{"id":"wat-a775","kind":"water","name":"Creek","acres":null,"editable":false,"source":"USGS 3DHP flowlines (Channel Line)"},"geometry":{"type":"LineString","coordinates":[[-108.771266,42.681551],[-108.770901,42.681819],[-108.770012,42.683229],[-108.769207,42.683755],[-108.76896,42.684254],[-108.768147,42.684824],[-108.767331,42.685057]]}},{"type":"Feature","properties":{"id":"wat-a776","kind":"water","name":"Creek","acres":null,"editable":false,"source":"USGS 3DHP flowlines (Channel Line)"},"geometry":{"type":"LineString","coordinates":[[-108.68949,42.571022],[-108.687897,42.571269],[-108.687304,42.571509],[-108.686533,42.571593],[-108.685015,42.572121],[-108.684398,42.572648],[-108.684051,42.572821],[-108.683612,42.572813],[-108.682519,42.573052],[-108.681951,42.573265],[-108.681321,42.57382],[-108.679918,42.574539],[-108.679305,42.574959],[-108.678972,42.575393],[-108.678624,42.575575],[-108.67798,42.576184],[-108.677684,42.576295],[-108.67753,42.576508],[-108.677035,42.576705],[-108.676754,42.57705],[-108.676219,42.577346],[-108.674791,42.578388],[-108.67356,42.579705],[-108.673584,42.580066]]}},{"type":"Feature","properties":{"id":"wat-a777","kind":"water","name":"Creek","acres":null,"editable":false,"source":"USGS 3DHP flowlines (Channel Line)"},"geometry":{"type":"LineString","coordinates":[[-108.56313,42.726509],[-108.563427,42.726449],[-108.563852,42.726218],[-108.565281,42.726114],[-108.565727,42.726191],[-108.567394,42.72618],[-108.568697,42.725505],[-108.568905,42.725555],[-108.569478,42.725434],[-108.569649,42.725549],[-108.569798,42.725555],[-108.570252,42.725297],[-108.571019,42.725214],[-108.571145,42.725],[-108.571354,42.724912],[-108.572262,42.725264],[-108.57244,42.725269],[-108.573199,42.725724],[-108.573877,42.725801],[-108.574495,42.726103],[-108.574748,42.726141],[-108.574971,42.726065],[-108.575157,42.725829],[-108.576474,42.725658],[-108.577382,42.725351],[-108.57826,42.72495],[-108.579228,42.724786],[-108.579265,42.724676],[-108.57957,42.724484],[-108.579667,42.72422],[-108.58018,42.724012],[-108.580336,42.723842],[-108.580485,42.723891],[-108.58117,42.723748],[-108.581378,42.723798],[-108.582718,42.723375],[-108.58335,42.722936],[-108.584147,42.722936],[-108.584906,42.722661],[-108.585664,42.722217],[-108.585731,42.722003],[-108.586133,42.721591],[-108.586557,42.721492],[-108.586773,42.721344],[-108.587093,42.721349],[-108.587912,42.720971],[-108.588254,42.720603],[-108.588425,42.72006],[-108.588789,42.719889],[-108.589295,42.719154],[-108.589808,42.718814],[-108.589972,42.718446]]}},{"type":"Feature","properties":{"id":"wat-a778","kind":"water","name":"Creek","acres":null,"editable":false,"source":"USGS 3DHP flowlines (Channel Line)"},"geometry":{"type":"LineString","coordinates":[[-108.732903,42.626944],[-108.731076,42.626934],[-108.730088,42.627037],[-108.728998,42.627466]]}},{"type":"Feature","properties":{"id":"wat-a779","kind":"water","name":"Creek","acres":null,"editable":false,"source":"USGS 3DHP flowlines (Channel Line)"},"geometry":{"type":"LineString","coordinates":[[-108.568558,42.596257],[-108.567637,42.596169],[-108.567013,42.596224],[-108.565714,42.59668],[-108.564555,42.596806],[-108.563248,42.596866],[-108.562446,42.596806],[-108.561844,42.596927],[-108.561161,42.596938],[-108.55998,42.5968],[-108.55891,42.596844],[-108.557982,42.596976],[-108.557113,42.597267],[-108.556749,42.597283],[-108.556422,42.597431],[-108.55594,42.597486],[-108.554758,42.598073],[-108.554714,42.598446],[-108.553926,42.599],[-108.553763,42.599308],[-108.552552,42.599982],[-108.552166,42.600723],[-108.551817,42.601151],[-108.551341,42.601316],[-108.550784,42.601063],[-108.550457,42.601102],[-108.550234,42.601425],[-108.550227,42.601711],[-108.549952,42.601859],[-108.549989,42.602089],[-108.549246,42.602352],[-108.548429,42.602857]]}},{"type":"Feature","properties":{"id":"wat-a780","kind":"water","name":"Creek","acres":null,"editable":false,"source":"USGS 3DHP flowlines (Channel Line)"},"geometry":{"type":"LineString","coordinates":[[-108.762693,42.653902],[-108.76244,42.653957],[-108.762074,42.654324],[-108.761647,42.654948]]}},{"type":"Feature","properties":{"id":"wat-a781","kind":"water","name":"Creek","acres":null,"editable":false,"source":"USGS 3DHP flowlines (Channel Line)"},"geometry":{"type":"LineString","coordinates":[[-108.714965,42.599265],[-108.7151,42.599896],[-108.715325,42.600357],[-108.716248,42.601003],[-108.716929,42.601794]]}},{"type":"Feature","properties":{"id":"wat-a782","kind":"water","name":"Little Popo Agie River","acres":null,"editable":false,"source":"USGS 3DHP flowlines (Channel Line)"},"geometry":{"type":"LineString","coordinates":[[-108.696894,42.671668],[-108.696321,42.672286],[-108.695497,42.67279],[-108.693513,42.673754],[-108.692132,42.674232],[-108.691796,42.674308],[-108.690751,42.674323],[-108.690049,42.674419],[-108.689347,42.67422],[-108.689027,42.673991],[-108.688378,42.673923],[-108.687074,42.674155],[-108.681977,42.674773],[-108.681718,42.674861],[-108.68152,42.675036],[-108.680977,42.675811],[-108.68055,42.675956],[-108.679719,42.676021],[-108.679437,42.676116],[-108.678902,42.676444],[-108.67856,42.676876]]}},{"type":"Feature","properties":{"id":"wat-a783","kind":"water","name":"Beaver Creek","acres":null,"editable":false,"source":"USGS 3DHP flowlines (Channel Line)"},"geometry":{"type":"LineString","coordinates":[[-108.721631,42.560534],[-108.721417,42.560486],[-108.721025,42.56055],[-108.720396,42.56042],[-108.718975,42.559978],[-108.718453,42.55958],[-108.718148,42.559601],[-108.717986,42.559688],[-108.71786,42.559487]]}},{"type":"Feature","properties":{"id":"wat-a784","kind":"water","name":"Creek","acres":null,"editable":false,"source":"USGS 3DHP flowlines (Channel Line)"},"geometry":{"type":"LineString","coordinates":[[-108.552925,42.661139],[-108.552456,42.661809],[-108.552441,42.662204],[-108.552575,42.662648]]}},{"type":"Feature","properties":{"id":"wat-a785","kind":"water","name":"Creek","acres":null,"editable":false,"source":"USGS 3DHP flowlines (Channel Line)"},"geometry":{"type":"LineString","coordinates":[[-108.709019,42.590434],[-108.709479,42.590373],[-108.710119,42.59057],[-108.710997,42.591041],[-108.712588,42.591533],[-108.713719,42.592042],[-108.714731,42.592715],[-108.715549,42.592912],[-108.71604,42.59318],[-108.717029,42.593239],[-108.717644,42.593177]]}},{"type":"Feature","properties":{"id":"wat-a786","kind":"water","name":"Twin Creek","acres":null,"editable":false,"source":"USGS 3DHP flowlines (Channel Line)"},"geometry":{"type":"LineString","coordinates":[[-108.526954,42.699561],[-108.527252,42.699566],[-108.527468,42.699418],[-108.527334,42.698952],[-108.527453,42.698891],[-108.527431,42.698694],[-108.527528,42.698606],[-108.527848,42.698809],[-108.527914,42.699276],[-108.528063,42.699341],[-108.528644,42.698892],[-108.528778,42.698612]]}},{"type":"Feature","properties":{"id":"wat-a787","kind":"water","name":"Creek","acres":null,"editable":false,"source":"USGS 3DHP flowlines (Channel Line)"},"geometry":{"type":"LineString","coordinates":[[-108.761367,42.599169],[-108.761426,42.600107],[-108.760654,42.601178],[-108.760625,42.602149],[-108.760302,42.602798]]}},{"type":"Feature","properties":{"id":"wat-a788","kind":"water","name":"Creek","acres":null,"editable":false,"source":"USGS 3DHP flowlines (Channel Line)"},"geometry":{"type":"LineString","coordinates":[[-108.754647,42.588977],[-108.755131,42.59087],[-108.755428,42.592358],[-108.755397,42.592585]]}},{"type":"Feature","properties":{"id":"wat-a789","kind":"water","name":"Canyon Creek","acres":null,"editable":false,"source":"USGS 3DHP flowlines (Channel Line)"},"geometry":{"type":"LineString","coordinates":[[-108.765778,42.660627],[-108.76395,42.659761],[-108.762842,42.659343],[-108.76116,42.65932]]}},{"type":"Feature","properties":{"id":"wat-a790","kind":"water","name":"Beaver Creek","acres":null,"editable":false,"source":"USGS 3DHP flowlines (Channel Line)"},"geometry":{"type":"LineString","coordinates":[[-108.546083,42.527434],[-108.545965,42.52745],[-108.545601,42.527752],[-108.545007,42.527741],[-108.544421,42.527527],[-108.544518,42.527225],[-108.544466,42.527071]]}},{"type":"Feature","properties":{"id":"wat-a791","kind":"water","name":"West Fork Cottonwood Creek","acres":null,"editable":false,"source":"USGS 3DHP flowlines (Channel Line)"},"geometry":{"type":"LineString","coordinates":[[-108.572435,42.672317],[-108.572219,42.672416],[-108.571951,42.672388],[-108.571743,42.672471],[-108.571684,42.672405],[-108.571386,42.672575],[-108.571297,42.672553],[-108.570472,42.673041],[-108.570286,42.673277],[-108.570197,42.67319],[-108.569654,42.673546],[-108.569379,42.674441],[-108.568992,42.674413],[-108.567981,42.675138],[-108.567668,42.675703],[-108.567616,42.67612],[-108.567988,42.676586],[-108.568033,42.676872],[-108.568234,42.677141],[-108.568003,42.677662],[-108.568591,42.67792],[-108.568561,42.678106]]}},{"type":"Feature","properties":{"id":"wat-a792","kind":"water","name":"Twin Creek","acres":null,"editable":false,"source":"USGS 3DHP flowlines (Channel Line)"},"geometry":{"type":"LineString","coordinates":[[-108.542631,42.694868],[-108.542943,42.694588],[-108.542966,42.694017],[-108.543085,42.693886],[-108.543196,42.694023],[-108.543523,42.69416],[-108.544178,42.694177],[-108.544446,42.694007],[-108.544282,42.693738],[-108.543538,42.693765],[-108.54339,42.693677],[-108.543293,42.693145],[-108.544223,42.692882],[-108.544513,42.693063],[-108.544788,42.692981]]}},{"type":"Feature","properties":{"id":"wat-a793","kind":"water","name":"Slate Creek","acres":null,"editable":false,"source":"USGS 3DHP flowlines (Channel Line)"},"geometry":{"type":"LineString","coordinates":[[-108.762866,42.522061],[-108.761527,42.521862],[-108.760087,42.521423],[-108.758358,42.521533],[-108.757394,42.521717],[-108.755346,42.522403],[-108.754553,42.522568],[-108.753054,42.522384],[-108.751785,42.52233],[-108.750977,42.52217],[-108.749626,42.5207],[-108.748462,42.52014],[-108.74815,42.519901],[-108.747816,42.519451],[-108.747987,42.5191],[-108.749003,42.518076],[-108.749103,42.517621],[-108.748948,42.516375],[-108.748606,42.515464],[-108.748458,42.515277]]}},{"type":"Feature","properties":{"id":"wat-a794","kind":"water","name":"Creek","acres":null,"editable":false,"source":"USGS 3DHP flowlines (Channel Line)"},"geometry":{"type":"LineString","coordinates":[[-108.701329,42.56008],[-108.701281,42.559147]]}},{"type":"Feature","properties":{"id":"wat-a795","kind":"water","name":"Creek","acres":null,"editable":false,"source":"USGS 3DHP flowlines (Channel Line)"},"geometry":{"type":"LineString","coordinates":[[-108.689124,42.539199],[-108.688293,42.539222]]}},{"type":"Feature","properties":{"id":"wat-a796","kind":"water","name":"Creek","acres":null,"editable":false,"source":"USGS 3DHP flowlines (Channel Line)"},"geometry":{"type":"LineString","coordinates":[[-108.704916,42.542366],[-108.704777,42.542512],[-108.704527,42.543408],[-108.704001,42.544126],[-108.703641,42.54506],[-108.703346,42.546194],[-108.702475,42.548022],[-108.701626,42.549354]]}},{"type":"Feature","properties":{"id":"wat-a797","kind":"water","name":"Creek","acres":null,"editable":false,"source":"USGS 3DHP flowlines (Channel Line)"},"geometry":{"type":"LineString","coordinates":[[-108.688588,42.605647],[-108.68821,42.605667],[-108.687023,42.605454],[-108.686144,42.60549],[-108.684783,42.605706],[-108.683438,42.606129],[-108.681701,42.606958],[-108.680666,42.607252],[-108.679411,42.607902],[-108.678808,42.608376],[-108.677481,42.608647],[-108.675758,42.609431],[-108.674608,42.609543],[-108.673317,42.609184],[-108.672914,42.609274]]}},{"type":"Feature","properties":{"id":"wat-a798","kind":"water","name":"Creek","acres":null,"editable":false,"source":"USGS 3DHP flowlines (Channel Line)"},"geometry":{"type":"LineString","coordinates":[[-108.729054,42.614381],[-108.728672,42.614414]]}},{"type":"Feature","properties":{"id":"wat-a799","kind":"water","name":"Creek","acres":null,"editable":false,"source":"USGS 3DHP flowlines (Channel Line)"},"geometry":{"type":"LineString","coordinates":[[-108.763621,42.5576],[-108.761883,42.557441],[-108.76005,42.556916]]}},{"type":"Feature","properties":{"id":"wat-a800","kind":"water","name":"Creek","acres":null,"editable":false,"source":"USGS 3DHP flowlines (Channel Line)"},"geometry":{"type":"LineString","coordinates":[[-108.765828,42.691181],[-108.764676,42.691443],[-108.763418,42.691467],[-108.761497,42.691714],[-108.757115,42.693586],[-108.755193,42.694197],[-108.754776,42.694212],[-108.753097,42.693499]]}},{"type":"Feature","properties":{"id":"wat-a801","kind":"water","name":"Beaver Creek","acres":null,"editable":false,"source":"USGS 3DHP flowlines (Channel Line)"},"geometry":{"type":"LineString","coordinates":[[-108.71786,42.559487],[-108.717482,42.559489],[-108.717226,42.559151],[-108.71696,42.559118],[-108.714694,42.559775],[-108.714402,42.559788],[-108.713968,42.559662],[-108.712999,42.559832],[-108.712503,42.559741],[-108.711953,42.559784],[-108.711277,42.559959],[-108.709643,42.55999],[-108.709006,42.560103],[-108.707825,42.560089],[-108.707527,42.560236],[-108.706441,42.559962],[-108.705886,42.56014],[-108.705447,42.560104]]}},{"type":"Feature","properties":{"id":"wat-a802","kind":"water","name":"Creek","acres":null,"editable":false,"source":"USGS 3DHP flowlines (Channel Line)"},"geometry":{"type":"LineString","coordinates":[[-108.636928,42.594003],[-108.635373,42.593872],[-108.634428,42.593384],[-108.633873,42.592607],[-108.633686,42.592054],[-108.632916,42.591156]]}},{"type":"Feature","properties":{"id":"wat-a803","kind":"water","name":"Creek","acres":null,"editable":false,"source":"USGS 3DHP flowlines (Channel Line)"},"geometry":{"type":"LineString","coordinates":[[-108.77044,42.579493],[-108.771073,42.579005],[-108.771384,42.578457],[-108.771503,42.577834],[-108.77148,42.57719],[-108.771368,42.576971]]}},{"type":"Feature","properties":{"id":"wat-a804","kind":"water","name":"Creek","acres":null,"editable":false,"source":"USGS 3DHP flowlines (Channel Line)"},"geometry":{"type":"LineString","coordinates":[[-108.674235,42.594974],[-108.675985,42.596108],[-108.67656,42.597029]]}},{"type":"Feature","properties":{"id":"wat-a805","kind":"water","name":"Creek","acres":null,"editable":false,"source":"USGS 3DHP flowlines (Channel Line)"},"geometry":{"type":"LineString","coordinates":[[-108.769412,42.57193],[-108.768945,42.571897],[-108.768514,42.571958],[-108.767913,42.572315],[-108.767682,42.572545],[-108.767542,42.572897],[-108.767057,42.573328]]}},{"type":"Feature","properties":{"id":"wat-a806","kind":"water","name":"Creek","acres":null,"editable":false,"source":"USGS 3DHP flowlines (Channel Line)"},"geometry":{"type":"LineString","coordinates":[[-108.706638,42.577911],[-108.70542,42.578017],[-108.702991,42.577957]]}},{"type":"Feature","properties":{"id":"wat-a807","kind":"water","name":"Weiser Creek","acres":null,"editable":false,"source":"USGS 3DHP flowlines (Channel Line)"},"geometry":{"type":"LineString","coordinates":[[-108.585118,42.664759],[-108.58407,42.665857],[-108.583498,42.66668],[-108.582992,42.666823],[-108.582279,42.666807],[-108.582093,42.666894],[-108.581929,42.667262],[-108.581565,42.66763],[-108.580948,42.66803],[-108.580413,42.668173],[-108.579989,42.668409],[-108.579677,42.668706],[-108.579223,42.668942],[-108.578353,42.669798],[-108.577297,42.670281],[-108.576851,42.670363],[-108.57648,42.670769],[-108.576257,42.670731],[-108.576264,42.670495],[-108.576182,42.670358],[-108.576063,42.670358],[-108.575677,42.670753],[-108.57526,42.670791]]}},{"type":"Feature","properties":{"id":"wat-a808","kind":"water","name":"Creek","acres":null,"editable":false,"source":"USGS 3DHP flowlines (Channel Line)"},"geometry":{"type":"LineString","coordinates":[[-108.762198,42.581455],[-108.76176,42.580813],[-108.760215,42.579671]]}},{"type":"Feature","properties":{"id":"wat-a809","kind":"water","name":"Little Popo Agie River","acres":null,"editable":false,"source":"USGS 3DHP flowlines (Channel Line)"},"geometry":{"type":"LineString","coordinates":[[-108.662812,42.696068],[-108.662667,42.696762]]}},{"type":"Feature","properties":{"id":"wat-a810","kind":"water","name":"Creek","acres":null,"editable":false,"source":"USGS 3DHP flowlines (Channel Line)"},"geometry":{"type":"LineString","coordinates":[[-108.764701,42.57183],[-108.762791,42.570217],[-108.761935,42.569272],[-108.761379,42.568451],[-108.759902,42.5671]]}},{"type":"Feature","properties":{"id":"wat-a811","kind":"water","name":"Deep Creek","acres":null,"editable":false,"source":"USGS 3DHP flowlines (Channel Line)"},"geometry":{"type":"LineString","coordinates":[[-108.646893,42.622278],[-108.645689,42.622208],[-108.644288,42.622503],[-108.642561,42.623017],[-108.642156,42.623423],[-108.641627,42.623538],[-108.641224,42.623872],[-108.640851,42.624054],[-108.640446,42.624775],[-108.639701,42.625163],[-108.639411,42.625476],[-108.637854,42.626632],[-108.637786,42.626838],[-108.638007,42.627513],[-108.638045,42.628051],[-108.637694,42.62918],[-108.637968,42.629672],[-108.63793,42.62981],[-108.637144,42.630759],[-108.637061,42.630973],[-108.636786,42.631187],[-108.636481,42.631694],[-108.635634,42.632106],[-108.635001,42.63272],[-108.634765,42.632781],[-108.634024,42.63274],[-108.633536,42.632991],[-108.633337,42.633815],[-108.633651,42.634216],[-108.633551,42.634589],[-108.632751,42.635181],[-108.632628,42.63544],[-108.632682,42.635688],[-108.633139,42.63594],[-108.6332,42.63607],[-108.633086,42.636379],[-108.633101,42.636775],[-108.632681,42.637092]]}},{"type":"Feature","properties":{"id":"wat-a812","kind":"water","name":"Creek","acres":null,"editable":false,"source":"USGS 3DHP flowlines (Channel Line)"},"geometry":{"type":"LineString","coordinates":[[-108.609499,42.656016],[-108.608979,42.65651],[-108.608601,42.65707],[-108.607553,42.657948],[-108.607159,42.658141],[-108.606758,42.658613],[-108.605777,42.659453],[-108.604745,42.660814],[-108.604016,42.661215],[-108.602158,42.66144],[-108.602098,42.661528]]}},{"type":"Feature","properties":{"id":"wat-a813","kind":"water","name":"Creek","acres":null,"editable":false,"source":"USGS 3DHP flowlines (Channel Line)"},"geometry":{"type":"LineString","coordinates":[[-108.56285,42.650889],[-108.564679,42.652815],[-108.56679,42.654308],[-108.567214,42.65495],[-108.56737,42.65546],[-108.567779,42.655707],[-108.568864,42.65608],[-108.56931,42.656003],[-108.570098,42.655559],[-108.570188,42.655581]]}},{"type":"Feature","properties":{"id":"wat-a814","kind":"water","name":"Cherry Creek","acres":null,"editable":false,"source":"USGS 3DHP flowlines (Channel Line)"},"geometry":{"type":"LineString","coordinates":[[-108.712742,42.601747],[-108.713035,42.602185],[-108.713026,42.602761],[-108.713266,42.603189],[-108.713287,42.603613],[-108.713355,42.603749],[-108.713736,42.603955]]}},{"type":"Feature","properties":{"id":"wat-a815","kind":"water","name":"Willow Creek","acres":null,"editable":false,"source":"USGS 3DHP flowlines (Channel Line)"},"geometry":{"type":"LineString","coordinates":[[-108.648604,42.770191],[-108.648284,42.770778],[-108.648276,42.77103],[-108.648686,42.771195],[-108.648775,42.771623]]}},{"type":"Feature","properties":{"id":"wat-a816","kind":"water","name":"Creek","acres":null,"editable":false,"source":"USGS 3DHP flowlines (Channel Line)"},"geometry":{"type":"LineString","coordinates":[[-108.75898,42.647386],[-108.757568,42.647217],[-108.756924,42.646943]]}},{"type":"Feature","properties":{"id":"wat-a817","kind":"water","name":"Creek","acres":null,"editable":false,"source":"USGS 3DHP flowlines (Channel Line)"},"geometry":{"type":"LineString","coordinates":[[-108.565029,42.674616],[-108.565118,42.674748],[-108.565051,42.675582],[-108.56482,42.676257],[-108.565066,42.676855],[-108.565133,42.677448]]}},{"type":"Feature","properties":{"id":"wat-a818","kind":"water","name":"Creek","acres":null,"editable":false,"source":"USGS 3DHP flowlines (Channel Line)"},"geometry":{"type":"LineString","coordinates":[[-108.721626,42.576816],[-108.721575,42.577228],[-108.721755,42.577782],[-108.721794,42.578457],[-108.721145,42.580105],[-108.720794,42.580767]]}},{"type":"Feature","properties":{"id":"wat-a819","kind":"water","name":"Cherry Creek","acres":null,"editable":false,"source":"USGS 3DHP flowlines (Channel Line)"},"geometry":{"type":"LineString","coordinates":[[-108.715168,42.606172],[-108.715495,42.606583],[-108.715771,42.606706],[-108.715995,42.607251],[-108.716479,42.607341]]}},{"type":"Feature","properties":{"id":"wat-a820","kind":"water","name":"Creek","acres":null,"editable":false,"source":"USGS 3DHP flowlines (Channel Line)"},"geometry":{"type":"LineString","coordinates":[[-108.781646,42.598586],[-108.780445,42.59872],[-108.77913,42.598627],[-108.777941,42.598703],[-108.776374,42.599154],[-108.774941,42.599806],[-108.773448,42.600637],[-108.773017,42.600971],[-108.772468,42.601613],[-108.771955,42.602508]]}},{"type":"Feature","properties":{"id":"wat-a821","kind":"water","name":"Creek","acres":null,"editable":false,"source":"USGS 3DHP flowlines (Channel Line)"},"geometry":{"type":"LineString","coordinates":[[-108.763886,42.729226],[-108.763732,42.729431],[-108.763144,42.729833],[-108.761056,42.730828],[-108.759485,42.732058],[-108.758922,42.732749],[-108.758084,42.733309]]}},{"type":"Feature","properties":{"id":"wat-a822","kind":"water","name":"Creek","acres":null,"editable":false,"source":"USGS 3DHP flowlines (Channel Line)"},"geometry":{"type":"LineString","coordinates":[[-108.743452,42.580391],[-108.742663,42.580025],[-108.741703,42.579276],[-108.741551,42.579111],[-108.74147,42.57865],[-108.741155,42.578257],[-108.740955,42.578073],[-108.740559,42.577912]]}},{"type":"Feature","properties":{"id":"wat-a823","kind":"water","name":"Creek","acres":null,"editable":false,"source":"USGS 3DHP flowlines (Channel Line)"},"geometry":{"type":"LineString","coordinates":[[-108.628586,42.713055],[-108.628761,42.713429],[-108.62902,42.713642],[-108.629257,42.714036],[-108.630157,42.714459],[-108.630462,42.715199],[-108.631355,42.715901],[-108.631561,42.716359],[-108.632026,42.71658],[-108.632087,42.717064],[-108.632362,42.7174],[-108.633011,42.717694],[-108.633232,42.718136],[-108.634079,42.718212],[-108.634987,42.718136],[-108.635887,42.718388],[-108.637161,42.71835],[-108.637932,42.718571]]}},{"type":"Feature","properties":{"id":"wat-a824","kind":"water","name":"Creek","acres":null,"editable":false,"source":"USGS 3DHP flowlines (Channel Line)"},"geometry":{"type":"LineString","coordinates":[[-108.554925,42.539847],[-108.555236,42.540291],[-108.555392,42.540824],[-108.555748,42.54151],[-108.555763,42.542678],[-108.555584,42.543463],[-108.555918,42.544807],[-108.556289,42.545192],[-108.556371,42.545477],[-108.55623,42.546026],[-108.556267,42.54664],[-108.556111,42.546788],[-108.55623,42.547134],[-108.555932,42.548347],[-108.556482,42.548819],[-108.556585,42.549126]]}},{"type":"Feature","properties":{"id":"wat-a825","kind":"water","name":"Creek","acres":null,"editable":false,"source":"USGS 3DHP flowlines (Channel Line)"},"geometry":{"type":"LineString","coordinates":[[-108.726965,42.593601],[-108.726041,42.593807],[-108.725307,42.594216],[-108.725087,42.594248],[-108.724773,42.594485],[-108.723913,42.594684],[-108.722212,42.595532],[-108.721834,42.595858],[-108.72164,42.596178],[-108.721397,42.597146],[-108.720918,42.59792],[-108.720468,42.598202]]}},{"type":"Feature","properties":{"id":"wat-a826","kind":"water","name":"Willow Creek","acres":null,"editable":false,"source":"USGS 3DHP flowlines (Channel Line)"},"geometry":{"type":"LineString","coordinates":[[-108.746989,42.6766],[-108.747119,42.676893],[-108.747111,42.677443],[-108.74728,42.678042],[-108.747615,42.678809],[-108.747653,42.679297],[-108.747905,42.679686],[-108.747874,42.680144],[-108.748065,42.680727],[-108.747829,42.68157]]}},{"type":"Feature","properties":{"id":"wat-a827","kind":"water","name":"Madison Creek","acres":null,"editable":false,"source":"USGS 3DHP flowlines (Channel Line)"},"geometry":{"type":"LineString","coordinates":[[-108.693659,42.700981],[-108.692018,42.699806],[-108.69076,42.699283],[-108.690271,42.698875],[-108.689852,42.698669],[-108.689607,42.698466],[-108.689074,42.697673],[-108.687967,42.696891],[-108.686517,42.696243],[-108.685838,42.695777],[-108.68532,42.695537],[-108.683198,42.695022],[-108.68287,42.694778],[-108.682077,42.694442],[-108.681367,42.694003],[-108.679963,42.693435],[-108.679383,42.693058],[-108.679048,42.692672],[-108.678727,42.692546],[-108.677956,42.692409],[-108.677347,42.692027],[-108.674691,42.691326],[-108.673829,42.691383],[-108.672753,42.69173],[-108.672227,42.69173],[-108.671723,42.691551]]}},{"type":"Feature","properties":{"id":"wat-a828","kind":"water","name":"East Fork Cottonwood Creek","acres":null,"editable":false,"source":"USGS 3DHP flowlines (Channel Line)"},"geometry":{"type":"LineString","coordinates":[[-108.547496,42.636633],[-108.547311,42.636803],[-108.547147,42.637242],[-108.546738,42.637735],[-108.546612,42.638043],[-108.546649,42.638635],[-108.546396,42.639837],[-108.546039,42.640616],[-108.545726,42.641006],[-108.54583,42.641296],[-108.546202,42.641785],[-108.546098,42.642158],[-108.545785,42.64241],[-108.545815,42.64257],[-108.545681,42.642849],[-108.545733,42.643069],[-108.545964,42.643272],[-108.546068,42.643563],[-108.546447,42.643876],[-108.546461,42.644139],[-108.54684,42.644496],[-108.547056,42.644918],[-108.547665,42.645396],[-108.54791,42.645966],[-108.5482,42.646197],[-108.548668,42.646378],[-108.548839,42.646559],[-108.548713,42.646751],[-108.548817,42.647108],[-108.549716,42.647607],[-108.549471,42.647909],[-108.549359,42.648524],[-108.549441,42.649445],[-108.549574,42.649824],[-108.549552,42.650395],[-108.549299,42.650828],[-108.549381,42.650938],[-108.549373,42.651267],[-108.54915,42.651657],[-108.548392,42.65197],[-108.547604,42.653072],[-108.547433,42.653775],[-108.546763,42.654065],[-108.546288,42.654033],[-108.546139,42.65412],[-108.545552,42.654696],[-108.545269,42.655174],[-108.544905,42.655344],[-108.54483,42.655607],[-108.54431,42.656101],[-108.544109,42.656666],[-108.543863,42.656836],[-108.543744,42.656836],[-108.543313,42.657176],[-108.542927,42.657319],[-108.542919,42.657494],[-108.543224,42.657944],[-108.543194,42.658071],[-108.542555,42.658389]]}},{"type":"Feature","properties":{"id":"wat-a829","kind":"water","name":"Creek","acres":null,"editable":false,"source":"USGS 3DHP flowlines (Channel Line)"},"geometry":{"type":"LineString","coordinates":[[-108.707934,42.537466],[-108.70636,42.537704],[-108.705299,42.537964],[-108.704298,42.538394],[-108.701649,42.538936],[-108.698823,42.539714],[-108.698014,42.539841],[-108.696412,42.540612],[-108.695218,42.540992],[-108.694178,42.540961],[-108.692605,42.540412]]}},{"type":"Feature","properties":{"id":"wat-a830","kind":"water","name":"Creek","acres":null,"editable":false,"source":"USGS 3DHP flowlines (Channel Line)"},"geometry":{"type":"LineString","coordinates":[[-108.7413,42.676984],[-108.741762,42.677131],[-108.74258,42.67704],[-108.744079,42.676617],[-108.745504,42.676337],[-108.745801,42.676319],[-108.746212,42.676526],[-108.746989,42.6766]]}},{"type":"Feature","properties":{"id":"wat-a831","kind":"water","name":"Creek","acres":null,"editable":false,"source":"USGS 3DHP flowlines (Channel Line)"},"geometry":{"type":"LineString","coordinates":[[-108.772996,42.619649],[-108.772914,42.619984],[-108.772439,42.620637],[-108.771899,42.620968]]}},{"type":"Feature","properties":{"id":"wat-a832","kind":"water","name":"Tweed Ditch","acres":null,"editable":false,"source":"USGS 3DHP flowlines (Channel Line)"},"geometry":{"type":"LineString","coordinates":[[-108.613244,42.624967],[-108.612427,42.625664],[-108.611491,42.626131],[-108.60962,42.627696],[-108.608981,42.628075]]}},{"type":"Feature","properties":{"id":"wat-a833","kind":"water","name":"Creek","acres":null,"editable":false,"source":"USGS 3DHP flowlines (Channel Line)"},"geometry":{"type":"LineString","coordinates":[[-108.552575,42.662648],[-108.552679,42.662933],[-108.553088,42.663208],[-108.553423,42.663674],[-108.554827,42.665151],[-108.555229,42.665381],[-108.557348,42.667686],[-108.557526,42.668416],[-108.557987,42.669519],[-108.558418,42.669881],[-108.558857,42.670089],[-108.559214,42.670139],[-108.560359,42.671917],[-108.561013,42.673535],[-108.561593,42.67392],[-108.562597,42.674841],[-108.563608,42.675632],[-108.563898,42.676669],[-108.564039,42.676888],[-108.564448,42.677031],[-108.564731,42.677409],[-108.565133,42.677448]]}},{"type":"Feature","properties":{"id":"wat-a834","kind":"water","name":"Little Popo Agie River","acres":null,"editable":false,"source":"USGS 3DHP flowlines (Channel Line)"},"geometry":{"type":"LineString","coordinates":[[-108.662667,42.696762],[-108.6624,42.697186],[-108.661629,42.697662],[-108.661538,42.697811],[-108.661507,42.698211],[-108.66166,42.698688],[-108.661591,42.698975],[-108.661438,42.698997],[-108.66121,42.698692],[-108.660942,42.69868],[-108.660866,42.698738],[-108.660523,42.699848],[-108.660248,42.700035],[-108.659333,42.700314],[-108.658547,42.70129],[-108.657792,42.701942],[-108.657509,42.702007],[-108.655602,42.701939],[-108.654946,42.702457],[-108.654236,42.702641],[-108.654206,42.702778],[-108.654633,42.703163],[-108.65461,42.703396],[-108.654358,42.703445],[-108.65371,42.703106],[-108.653389,42.703137],[-108.652916,42.703049],[-108.652497,42.703426]]}},{"type":"Feature","properties":{"id":"wat-a835","kind":"water","name":"Pass Creek","acres":null,"editable":false,"source":"USGS 3DHP flowlines (Channel Line)"},"geometry":{"type":"LineString","coordinates":[[-108.754336,42.620769],[-108.754485,42.621367],[-108.754718,42.621659],[-108.756248,42.622509],[-108.757317,42.623304]]}},{"type":"Feature","properties":{"id":"wat-a836","kind":"water","name":"Creek","acres":null,"editable":false,"source":"USGS 3DHP flowlines (Channel Line)"},"geometry":{"type":"LineString","coordinates":[[-108.744014,42.722857],[-108.74345,42.722854],[-108.743063,42.722772],[-108.742749,42.722965],[-108.742206,42.722556],[-108.74181,42.722392],[-108.741085,42.722239],[-108.739635,42.721721],[-108.738834,42.721679],[-108.737911,42.721889]]}},{"type":"Feature","properties":{"id":"wat-a837","kind":"water","name":"Creek","acres":null,"editable":false,"source":"USGS 3DHP flowlines (Channel Line)"},"geometry":{"type":"LineString","coordinates":[[-108.704592,42.72911],[-108.703379,42.729133],[-108.702372,42.728923],[-108.70138,42.728862],[-108.700388,42.728672],[-108.699961,42.728431],[-108.698191,42.728767],[-108.697848,42.728885],[-108.697344,42.729259],[-108.696955,42.729194]]}},{"type":"Feature","properties":{"id":"wat-a838","kind":"water","name":"Creek","acres":null,"editable":false,"source":"USGS 3DHP flowlines (Channel Line)"},"geometry":{"type":"LineString","coordinates":[[-108.739297,42.660166],[-108.73969,42.659989],[-108.740244,42.659586],[-108.740747,42.659456]]}},{"type":"Feature","properties":{"id":"wat-a839","kind":"water","name":"Creek","acres":null,"editable":false,"source":"USGS 3DHP flowlines (Channel Line)"},"geometry":{"type":"LineString","coordinates":[[-108.62076,42.645925],[-108.620322,42.645629],[-108.619682,42.645421],[-108.619333,42.645147],[-108.618753,42.645059],[-108.617801,42.644741],[-108.617325,42.644692],[-108.616805,42.644396],[-108.616143,42.644599],[-108.615326,42.645],[-108.615118,42.644995],[-108.613937,42.645632],[-108.612792,42.645962],[-108.611603,42.646023],[-108.610875,42.646402],[-108.608912,42.64643],[-108.608533,42.646293],[-108.607909,42.646233],[-108.607418,42.645915],[-108.607203,42.645959],[-108.60715,42.645887],[-108.606727,42.646036],[-108.606489,42.64603],[-108.605939,42.646349],[-108.605731,42.646365]]}},{"type":"Feature","properties":{"id":"wat-a840","kind":"water","name":"Twin Creek","acres":null,"editable":false,"source":"USGS 3DHP flowlines (Channel Line)"},"geometry":{"type":"LineString","coordinates":[[-108.568075,42.580964],[-108.567993,42.580761],[-108.567719,42.580821],[-108.567637,42.580712],[-108.567726,42.5799],[-108.567496,42.579746],[-108.567592,42.579592]]}},{"type":"Feature","properties":{"id":"wat-a841","kind":"water","name":"Creek","acres":null,"editable":false,"source":"USGS 3DHP flowlines (Channel Line)"},"geometry":{"type":"LineString","coordinates":[[-108.609234,42.745564],[-108.609569,42.74546],[-108.610254,42.745476],[-108.611549,42.744976],[-108.611877,42.744938],[-108.612465,42.744466],[-108.613425,42.744224],[-108.614169,42.744174],[-108.614236,42.744108],[-108.615115,42.74396],[-108.615904,42.743646],[-108.616186,42.743624],[-108.616283,42.743493]]}},{"type":"Feature","properties":{"id":"wat-a842","kind":"water","name":"Creek","acres":null,"editable":false,"source":"USGS 3DHP flowlines (Channel Line)"},"geometry":{"type":"LineString","coordinates":[[-108.761647,42.654948],[-108.761351,42.655352],[-108.760653,42.657112],[-108.760716,42.657735],[-108.761262,42.659178],[-108.76116,42.65932]]}},{"type":"Feature","properties":{"id":"wat-a843","kind":"water","name":"Creek","acres":null,"editable":false,"source":"USGS 3DHP flowlines (Channel Line)"},"geometry":{"type":"LineString","coordinates":[[-108.775733,42.606608],[-108.77493,42.607074],[-108.774544,42.607118],[-108.774015,42.607294]]}},{"type":"Feature","properties":{"id":"wat-a844","kind":"water","name":"Cherry Creek","acres":null,"editable":false,"source":"USGS 3DHP flowlines (Channel Line)"},"geometry":{"type":"LineString","coordinates":[[-108.713447,42.620231],[-108.713131,42.620548],[-108.712835,42.620624],[-108.712421,42.621273],[-108.711612,42.621725],[-108.711578,42.622003],[-108.711081,42.622255],[-108.711125,42.622382]]}},{"type":"Feature","properties":{"id":"wat-a845","kind":"water","name":"Weiser Creek","acres":null,"editable":false,"source":"USGS 3DHP flowlines (Channel Line)"},"geometry":{"type":"LineString","coordinates":[[-108.609283,42.634912],[-108.609246,42.635153],[-108.608741,42.63602],[-108.608162,42.636339],[-108.608363,42.63663],[-108.608348,42.636893],[-108.608185,42.637283],[-108.608104,42.637985],[-108.607666,42.638567],[-108.60771,42.638918],[-108.607852,42.639165],[-108.607741,42.639555],[-108.607815,42.640021],[-108.607927,42.640284],[-108.608068,42.640356]]}},{"type":"Feature","properties":{"id":"wat-a846","kind":"water","name":"Creek","acres":null,"editable":false,"source":"USGS 3DHP flowlines (Channel Line)"},"geometry":{"type":"LineString","coordinates":[[-108.714683,42.603644],[-108.714639,42.603776],[-108.714328,42.603935],[-108.714217,42.604249],[-108.714337,42.604644],[-108.715098,42.605768],[-108.715168,42.606172]]}},{"type":"Feature","properties":{"id":"wat-a847","kind":"water","name":"Creek","acres":null,"editable":false,"source":"USGS 3DHP flowlines (Channel Line)"},"geometry":{"type":"LineString","coordinates":[[-108.775206,42.57692],[-108.774547,42.577353],[-108.77433,42.577419]]}},{"type":"Feature","properties":{"id":"wat-a848","kind":"water","name":"Creek","acres":null,"editable":false,"source":"USGS 3DHP flowlines (Channel Line)"},"geometry":{"type":"LineString","coordinates":[[-108.720966,42.611219],[-108.720945,42.61151],[-108.72067,42.611785],[-108.720493,42.612191],[-108.720495,42.612691],[-108.720325,42.613026],[-108.72005,42.613191],[-108.719092,42.613407],[-108.718357,42.613677],[-108.71757,42.614189],[-108.717215,42.614223]]}},{"type":"Feature","properties":{"id":"wat-a849","kind":"water","name":"Willow Creek","acres":null,"editable":false,"source":"USGS 3DHP flowlines (Channel Line)"},"geometry":{"type":"LineString","coordinates":[[-108.65193,42.749966],[-108.651953,42.750262],[-108.652414,42.750635],[-108.652406,42.750964],[-108.652555,42.751184],[-108.652823,42.751256],[-108.653076,42.751431],[-108.653039,42.751749],[-108.653575,42.752123],[-108.653753,42.752578],[-108.653694,42.752836],[-108.654066,42.752924],[-108.654163,42.753017],[-108.654118,42.753401],[-108.653611,42.75384],[-108.653015,42.753835],[-108.652956,42.754274],[-108.652628,42.754795]]}},{"type":"Feature","properties":{"id":"wat-a850","kind":"water","name":"Creek","acres":null,"editable":false,"source":"USGS 3DHP flowlines (Channel Line)"},"geometry":{"type":"LineString","coordinates":[[-108.776201,42.607892],[-108.775325,42.607898],[-108.774015,42.607294]]}},{"type":"Feature","properties":{"id":"wat-a851","kind":"water","name":"Creek","acres":null,"editable":false,"source":"USGS 3DHP flowlines (Channel Line)"},"geometry":{"type":"LineString","coordinates":[[-108.749483,42.641542],[-108.748908,42.643191],[-108.748393,42.645837],[-108.748129,42.646666],[-108.747563,42.64735],[-108.747356,42.64836]]}},{"type":"Feature","properties":{"id":"wat-a852","kind":"water","name":"East Fork Cottonwood Creek","acres":null,"editable":false,"source":"USGS 3DHP flowlines (Channel Line)"},"geometry":{"type":"LineString","coordinates":[[-108.55603,42.678249],[-108.556506,42.678216],[-108.557651,42.678721],[-108.558179,42.67882],[-108.558447,42.678781],[-108.558648,42.678918]]}},{"type":"Feature","properties":{"id":"wat-a853","kind":"water","name":"Creek","acres":null,"editable":false,"source":"USGS 3DHP flowlines (Channel Line)"},"geometry":{"type":"LineString","coordinates":[[-108.702379,42.697986],[-108.701654,42.698207],[-108.701402,42.698497],[-108.700785,42.698749],[-108.700113,42.698703],[-108.699038,42.698916],[-108.697908,42.699027],[-108.69739,42.698997],[-108.696703,42.699561],[-108.696214,42.700381],[-108.695673,42.700756],[-108.694902,42.701019],[-108.693659,42.700981]]}},{"type":"Feature","properties":{"id":"wat-a854","kind":"water","name":"Creek","acres":null,"editable":false,"source":"USGS 3DHP flowlines (Channel Line)"},"geometry":{"type":"LineString","coordinates":[[-108.618641,42.679317],[-108.617578,42.679976],[-108.616925,42.680624],[-108.61604,42.681288],[-108.616129,42.681354],[-108.615973,42.681458],[-108.615579,42.681607],[-108.615192,42.681623],[-108.61407,42.682299],[-108.613222,42.6827],[-108.613275,42.682787],[-108.613156,42.682919],[-108.613141,42.683204],[-108.612806,42.683441],[-108.612264,42.683644],[-108.611862,42.684012],[-108.611758,42.684319],[-108.612302,42.684988],[-108.612593,42.685872],[-108.612972,42.686162],[-108.61301,42.686623],[-108.613382,42.687139],[-108.613434,42.68738],[-108.613747,42.687737],[-108.613792,42.687962],[-108.614112,42.688275],[-108.614008,42.689004],[-108.613332,42.689564],[-108.612685,42.689932]]}},{"type":"Feature","properties":{"id":"wat-a855","kind":"water","name":"Creek","acres":null,"editable":false,"source":"USGS 3DHP flowlines (Channel Line)"},"geometry":{"type":"LineString","coordinates":[[-108.758705,42.555724],[-108.756403,42.556746],[-108.755535,42.55703],[-108.753316,42.558639],[-108.752955,42.559177]]}},{"type":"Feature","properties":{"id":"wat-a856","kind":"water","name":"Cherry Creek","acres":null,"editable":false,"source":"USGS 3DHP flowlines (Channel Line)"},"geometry":{"type":"LineString","coordinates":[[-108.717644,42.593177],[-108.717495,42.593872],[-108.717146,42.594405],[-108.717116,42.594567],[-108.717292,42.595083],[-108.717123,42.595377],[-108.716125,42.595997],[-108.714651,42.597318],[-108.714317,42.597771],[-108.713981,42.598638],[-108.713203,42.599659]]}},{"type":"Feature","properties":{"id":"wat-a857","kind":"water","name":"Stambaugh Creek","acres":null,"editable":false,"source":"USGS 3DHP flowlines (Channel Line)"},"geometry":{"type":"LineString","coordinates":[[-108.654095,42.547042],[-108.653554,42.547499],[-108.652796,42.548537],[-108.652359,42.548843],[-108.652137,42.548902],[-108.651202,42.548838],[-108.65092,42.548877],[-108.650143,42.549149],[-108.649235,42.549653],[-108.648621,42.549784],[-108.645356,42.549807]]}},{"type":"Feature","properties":{"id":"wat-a858","kind":"water","name":"Creek","acres":null,"editable":false,"source":"USGS 3DHP flowlines (Channel Line)"},"geometry":{"type":"LineString","coordinates":[[-108.559841,42.627909],[-108.558221,42.628995],[-108.557894,42.629802],[-108.557887,42.629999],[-108.55831,42.630559],[-108.558332,42.630713],[-108.55808,42.631058],[-108.558065,42.631453],[-108.55779,42.631689],[-108.557819,42.631755],[-108.557322,42.632271],[-108.557039,42.632726],[-108.556586,42.632935],[-108.556459,42.633089],[-108.556452,42.633352],[-108.556051,42.633714],[-108.556155,42.634071],[-108.556578,42.634669],[-108.556734,42.635201],[-108.557069,42.635711],[-108.557292,42.636178],[-108.557284,42.636376],[-108.557403,42.636441],[-108.557537,42.636732],[-108.557611,42.637127],[-108.557923,42.637506],[-108.55851,42.638526],[-108.559053,42.63902],[-108.559305,42.639443],[-108.560635,42.640414],[-108.561148,42.641018],[-108.561193,42.641347],[-108.561453,42.641616],[-108.562271,42.642028],[-108.562731,42.642368],[-108.563058,42.642395],[-108.563259,42.64251],[-108.563341,42.643586],[-108.563616,42.644124],[-108.56421,42.644793],[-108.565489,42.645633],[-108.565444,42.645956],[-108.565675,42.646225],[-108.56566,42.646554],[-108.566084,42.647114],[-108.566693,42.647608],[-108.567303,42.648607],[-108.5687,42.649496],[-108.569206,42.650209],[-108.569555,42.650456],[-108.569704,42.650439],[-108.570053,42.65062],[-108.570187,42.650972]]}},{"type":"Feature","properties":{"id":"wat-a859","kind":"water","name":"Creek","acres":null,"editable":false,"source":"USGS 3DHP flowlines (Channel Line)"},"geometry":{"type":"LineString","coordinates":[[-108.550392,42.596624],[-108.549991,42.596898],[-108.549894,42.597096],[-108.549315,42.597567],[-108.548936,42.598149],[-108.548698,42.598231],[-108.548267,42.598621],[-108.547123,42.598835],[-108.546819,42.599049],[-108.546663,42.599356],[-108.546892,42.600212],[-108.547234,42.600684],[-108.547368,42.601101],[-108.547798,42.601529],[-108.548444,42.602424],[-108.548429,42.602857]]}},{"type":"Feature","properties":{"id":"wat-a860","kind":"water","name":"Twin Creek","acres":null,"editable":false,"source":"USGS 3DHP flowlines (Channel Line)"},"geometry":{"type":"LineString","coordinates":[[-108.597187,42.591188],[-108.597053,42.591227],[-108.596882,42.591089],[-108.59683,42.590848],[-108.596377,42.591057]]}},{"type":"Feature","properties":{"id":"wat-a861","kind":"water","name":"Creek","acres":null,"editable":false,"source":"USGS 3DHP flowlines (Channel Line)"},"geometry":{"type":"LineString","coordinates":[[-108.783956,42.695591],[-108.783602,42.695908],[-108.782327,42.696752],[-108.780687,42.697531],[-108.780405,42.69757],[-108.778741,42.69734],[-108.777897,42.697378],[-108.77746,42.697324],[-108.77714,42.697381],[-108.776743,42.697562],[-108.775727,42.698317],[-108.774952,42.699185],[-108.773679,42.699934],[-108.77333,42.700495],[-108.773239,42.700979],[-108.773284,42.701421],[-108.773171,42.701851],[-108.772575,42.702497],[-108.772191,42.703318],[-108.771961,42.703602],[-108.771606,42.703982],[-108.771093,42.704332]]}},{"type":"Feature","properties":{"id":"wat-a862","kind":"water","name":"Creek","acres":null,"editable":false,"source":"USGS 3DHP flowlines (Channel Line)"},"geometry":{"type":"LineString","coordinates":[[-108.735644,42.542386],[-108.735703,42.54182],[-108.735963,42.541398],[-108.736624,42.540904],[-108.736747,42.540059],[-108.737415,42.539076],[-108.737511,42.538582],[-108.737445,42.537792],[-108.738202,42.536914],[-108.73969,42.536],[-108.740721,42.535226],[-108.741182,42.534788],[-108.741386,42.534146]]}},{"type":"Feature","properties":{"id":"wat-a863","kind":"water","name":"Twin Creek","acres":null,"editable":false,"source":"USGS 3DHP flowlines (Channel Line)"},"geometry":{"type":"LineString","coordinates":[[-108.580634,42.703327],[-108.581143,42.703511],[-108.581351,42.703489],[-108.581597,42.703341],[-108.581716,42.703368],[-108.58176,42.703698],[-108.581604,42.703934],[-108.581455,42.703978],[-108.581374,42.704439],[-108.580942,42.704867],[-108.580585,42.704905]]}},{"type":"Feature","properties":{"id":"wat-a864","kind":"water","name":"Creek","acres":null,"editable":false,"source":"USGS 3DHP flowlines (Channel Line)"},"geometry":{"type":"LineString","coordinates":[[-108.730311,42.542861],[-108.729983,42.542417],[-108.729425,42.542022],[-108.7292,42.541561],[-108.729256,42.540304],[-108.729079,42.538397]]}},{"type":"Feature","properties":{"id":"wat-a865","kind":"water","name":"Creek","acres":null,"editable":false,"source":"USGS 3DHP flowlines (Channel Line)"},"geometry":{"type":"LineString","coordinates":[[-108.740559,42.577912],[-108.740161,42.577778],[-108.739468,42.577395],[-108.738764,42.576661],[-108.738403,42.576519],[-108.737676,42.575748],[-108.735978,42.574508],[-108.735758,42.574206],[-108.735494,42.573408],[-108.735027,42.572517],[-108.73438,42.572198],[-108.733735,42.570802]]}},{"type":"Feature","properties":{"id":"wat-a866","kind":"water","name":"Creek","acres":null,"editable":false,"source":"USGS 3DHP flowlines (Channel Line)"},"geometry":{"type":"LineString","coordinates":[[-108.627081,42.648327],[-108.626761,42.648537],[-108.626196,42.648677],[-108.625156,42.649106],[-108.624503,42.649995],[-108.624675,42.650944],[-108.624958,42.651345],[-108.625032,42.65163],[-108.625019,42.652749],[-108.626639,42.655776],[-108.627082,42.657177],[-108.627341,42.657593],[-108.627425,42.657928],[-108.627386,42.658665],[-108.627516,42.659019],[-108.62744,42.659233],[-108.62731,42.65942],[-108.626479,42.659908],[-108.626517,42.660076],[-108.627066,42.660762],[-108.626975,42.661469]]}},{"type":"Feature","properties":{"id":"wat-a867","kind":"water","name":"Creek","acres":null,"editable":false,"source":"USGS 3DHP flowlines (Channel Line)"},"geometry":{"type":"LineString","coordinates":[[-108.592345,42.557096],[-108.591477,42.557316],[-108.590898,42.557766],[-108.590609,42.558265],[-108.590394,42.558457],[-108.589881,42.558644],[-108.588546,42.559451],[-108.587588,42.559742],[-108.586067,42.559951],[-108.58528,42.560242],[-108.583187,42.561493],[-108.582675,42.561702],[-108.581473,42.562009],[-108.58099,42.562262],[-108.580486,42.562207],[-108.579832,42.562257],[-108.579528,42.562427],[-108.578838,42.562613],[-108.574696,42.564655],[-108.574369,42.56465],[-108.572068,42.565039],[-108.571177,42.564913],[-108.570257,42.564891],[-108.569811,42.564946],[-108.569604,42.565056],[-108.569396,42.565029],[-108.569307,42.564935],[-108.569099,42.564957],[-108.568676,42.565232],[-108.56806,42.565857],[-108.566991,42.566538],[-108.566515,42.566505],[-108.566063,42.566669],[-108.565617,42.566708],[-108.565476,42.566615],[-108.564764,42.566532],[-108.564348,42.566527],[-108.564021,42.566604],[-108.563175,42.566236],[-108.563123,42.565951],[-108.562923,42.565791]]}},{"type":"Feature","properties":{"id":"wat-a868","kind":"water","name":"Creek","acres":null,"editable":false,"source":"USGS 3DHP flowlines (Channel Line)"},"geometry":{"type":"LineString","coordinates":[[-108.731941,42.568389],[-108.731981,42.568286]]}},{"type":"Feature","properties":{"id":"wat-a869","kind":"water","name":"Creek","acres":null,"editable":false,"source":"USGS 3DHP flowlines (Channel Line)"},"geometry":{"type":"LineString","coordinates":[[-108.776279,42.576441],[-108.775206,42.57692]]}},{"type":"Feature","properties":{"id":"wat-a870","kind":"water","name":"Creek","acres":null,"editable":false,"source":"USGS 3DHP flowlines (Channel Line)"},"geometry":{"type":"LineString","coordinates":[[-108.761993,42.554603],[-108.760924,42.554593],[-108.760197,42.554713],[-108.759573,42.555026],[-108.759081,42.555465]]}},{"type":"Feature","properties":{"id":"wat-a871","kind":"water","name":"Creek","acres":null,"editable":false,"source":"USGS 3DHP flowlines (Channel Line)"},"geometry":{"type":"LineString","coordinates":[[-108.528103,42.523605],[-108.528191,42.524439],[-108.528094,42.52468],[-108.527478,42.52513],[-108.527256,42.525563],[-108.527278,42.525849],[-108.526929,42.526326],[-108.524866,42.527533],[-108.523901,42.527862],[-108.523411,42.528361],[-108.522373,42.528382],[-108.521222,42.528881],[-108.519998,42.529035],[-108.518893,42.529358],[-108.518395,42.529835],[-108.517846,42.530213],[-108.517445,42.530669],[-108.516465,42.531371],[-108.516138,42.531431],[-108.515901,42.53136],[-108.514922,42.531491],[-108.513527,42.531551],[-108.51323,42.531369],[-108.512615,42.531248]]}},{"type":"Feature","properties":{"id":"wat-a872","kind":"water","name":"Creek","acres":null,"editable":false,"source":"USGS 3DHP flowlines (Channel Line)"},"geometry":{"type":"LineString","coordinates":[[-108.749026,42.580091],[-108.748254,42.580356],[-108.747541,42.580882]]}},{"type":"Feature","properties":{"id":"wat-a873","kind":"water","name":"Little Popo Agie River","acres":null,"editable":false,"source":"USGS 3DHP flowlines (Channel Line)"},"geometry":{"type":"LineString","coordinates":[[-108.626525,42.758834],[-108.627069,42.758812],[-108.627389,42.758647],[-108.627486,42.758499],[-108.627449,42.758384],[-108.627129,42.758208],[-108.627204,42.758082],[-108.627955,42.758209],[-108.62864,42.758615],[-108.628826,42.758873],[-108.628572,42.759559],[-108.628609,42.759833],[-108.628795,42.759866],[-108.629041,42.759658],[-108.629451,42.759581],[-108.629652,42.759581],[-108.629823,42.759757],[-108.629815,42.760037],[-108.629517,42.760168],[-108.629279,42.760102],[-108.629123,42.760234],[-108.628973,42.760646],[-108.628541,42.760783],[-108.628444,42.76092],[-108.628653,42.761128],[-108.628839,42.761167],[-108.629062,42.761139],[-108.629472,42.760898],[-108.629695,42.761036],[-108.629673,42.761244],[-108.629524,42.761447],[-108.629948,42.761776],[-108.629985,42.761941],[-108.629873,42.762122],[-108.629381,42.762418],[-108.629195,42.762654],[-108.629135,42.763148],[-108.629425,42.763466],[-108.62935,42.763532],[-108.629112,42.763477],[-108.629052,42.763543],[-108.62964,42.76418],[-108.630407,42.764581],[-108.630668,42.76446],[-108.630929,42.764158],[-108.631234,42.764137],[-108.631397,42.764356],[-108.631375,42.764795],[-108.632432,42.765185],[-108.632558,42.765789],[-108.632856,42.765998],[-108.633399,42.765932],[-108.633981,42.765647],[-108.634241,42.765773],[-108.634874,42.765746],[-108.63506,42.765856],[-108.635015,42.766158],[-108.634754,42.766421],[-108.634494,42.766558],[-108.634159,42.766498],[-108.634062,42.76658],[-108.634337,42.767046],[-108.634403,42.767968],[-108.634567,42.768188],[-108.635274,42.76866],[-108.635057,42.769209],[-108.635579,42.7695],[-108.635407,42.769966],[-108.635667,42.770339],[-108.635868,42.770411],[-108.636449,42.770208],[-108.636658,42.770219],[-108.636762,42.770345],[-108.636576,42.77062],[-108.635898,42.770998],[-108.635689,42.771201],[-108.635554,42.771695],[-108.635405,42.771903]]}},{"type":"Feature","properties":{"id":"wat-a874","kind":"water","name":"Creek","acres":null,"editable":false,"source":"USGS 3DHP flowlines (Channel Line)"},"geometry":{"type":"LineString","coordinates":[[-108.756285,42.579387],[-108.75601,42.578498],[-108.754844,42.578131],[-108.754465,42.5779],[-108.754389,42.577711]]}},{"type":"Feature","properties":{"id":"wat-a875","kind":"water","name":"Creek","acres":null,"editable":false,"source":"USGS 3DHP flowlines (Channel Line)"},"geometry":{"type":"LineString","coordinates":[[-108.774015,42.607294],[-108.77308,42.607335],[-108.77271,42.60751]]}},{"type":"Feature","properties":{"id":"wat-a876","kind":"water","name":"Creek","acres":null,"editable":false,"source":"USGS 3DHP flowlines (Channel Line)"},"geometry":{"type":"LineString","coordinates":[[-108.758678,42.581917],[-108.759079,42.581736],[-108.759443,42.581429],[-108.759576,42.580989],[-108.759829,42.580649],[-108.759947,42.580199],[-108.759921,42.579494]]}},{"type":"Feature","properties":{"id":"wat-a877","kind":"water","name":"Creek","acres":null,"editable":false,"source":"USGS 3DHP flowlines (Channel Line)"},"geometry":{"type":"LineString","coordinates":[[-108.585333,42.612059],[-108.584182,42.613442],[-108.584018,42.613766],[-108.583743,42.61398],[-108.583647,42.614222],[-108.583097,42.614606],[-108.582592,42.615341],[-108.582488,42.61567],[-108.582206,42.616038],[-108.581924,42.617218],[-108.58133,42.61808],[-108.581115,42.618958],[-108.580231,42.61966],[-108.57977,42.620708],[-108.578946,42.621416],[-108.578039,42.622557],[-108.577393,42.623029],[-108.576427,42.624193],[-108.576331,42.6245],[-108.575677,42.624967],[-108.575542,42.62529],[-108.574962,42.625856]]}},{"type":"Feature","properties":{"id":"wat-a878","kind":"water","name":"Creek","acres":null,"editable":false,"source":"USGS 3DHP flowlines (Channel Line)"},"geometry":{"type":"LineString","coordinates":[[-108.626975,42.661469],[-108.627844,42.662079],[-108.627966,42.662243],[-108.628028,42.662636],[-108.627799,42.663231],[-108.627845,42.663994],[-108.628157,42.664726],[-108.628134,42.665245],[-108.628424,42.665859],[-108.628539,42.66666],[-108.628859,42.667324],[-108.62873,42.667595],[-108.628707,42.668045],[-108.629241,42.668934],[-108.629416,42.669502],[-108.630416,42.67065],[-108.630446,42.670974],[-108.63092,42.671943],[-108.631309,42.672462],[-108.631332,42.672707],[-108.631568,42.673069],[-108.631545,42.673554],[-108.631645,42.673862],[-108.632041,42.674293],[-108.631995,42.674766],[-108.632415,42.675281],[-108.632415,42.675689],[-108.632621,42.676006],[-108.633186,42.677486],[-108.633811,42.678226],[-108.634559,42.678814],[-108.635505,42.67931],[-108.636017,42.679432],[-108.636741,42.679916],[-108.63729,42.680454],[-108.637832,42.680718],[-108.637931,42.681103],[-108.638221,42.68124],[-108.638541,42.681648],[-108.639045,42.681896],[-108.639548,42.68269],[-108.639449,42.683411],[-108.639526,42.683521],[-108.640182,42.683872],[-108.640205,42.684372],[-108.640609,42.684914],[-108.641182,42.686279],[-108.641082,42.686752],[-108.641181,42.688442],[-108.641266,42.688679],[-108.641823,42.689396],[-108.641861,42.689598],[-108.641541,42.690258],[-108.641685,42.690796],[-108.641906,42.691162],[-108.641738,42.691586],[-108.642067,42.691849],[-108.642166,42.69223],[-108.643402,42.693031],[-108.644699,42.693256],[-108.645119,42.693451],[-108.645469,42.693417],[-108.646523,42.693702],[-108.647347,42.694031]]}},{"type":"Feature","properties":{"id":"wat-a879","kind":"water","name":"Cherry Creek","acres":null,"editable":false,"source":"USGS 3DHP flowlines (Channel Line)"},"geometry":{"type":"LineString","coordinates":[[-108.716948,42.615194],[-108.716623,42.615413],[-108.716516,42.615663]]}},{"type":"Feature","properties":{"id":"wat-a880","kind":"water","name":"Creek","acres":null,"editable":false,"source":"USGS 3DHP flowlines (Channel Line)"},"geometry":{"type":"LineString","coordinates":[[-108.635386,42.56257],[-108.635324,42.563892],[-108.635158,42.56442],[-108.635248,42.56462],[-108.635192,42.564817],[-108.633919,42.565295],[-108.633404,42.565699],[-108.633222,42.56601],[-108.632809,42.566281],[-108.632643,42.566494],[-108.632491,42.566959],[-108.631945,42.567569],[-108.631762,42.567898],[-108.631459,42.568153],[-108.631424,42.56845],[-108.631322,42.568556],[-108.630479,42.568943],[-108.629917,42.56931],[-108.62934,42.569424],[-108.628681,42.569771],[-108.627904,42.570043],[-108.626985,42.570177],[-108.62612,42.570483],[-108.62417,42.570698],[-108.623651,42.571022],[-108.622901,42.571292],[-108.622486,42.571193],[-108.621001,42.571205],[-108.620652,42.571134],[-108.620035,42.570859],[-108.61953,42.570805],[-108.619352,42.570909],[-108.618729,42.570921],[-108.618402,42.570827],[-108.617593,42.570981],[-108.616821,42.571037],[-108.612841,42.57106],[-108.612151,42.571225],[-108.611617,42.571214],[-108.610867,42.571418],[-108.609776,42.572121],[-108.608366,42.573213],[-108.607579,42.573614],[-108.606867,42.574388],[-108.606325,42.574641],[-108.60516,42.575645],[-108.604552,42.575964],[-108.604062,42.57637],[-108.603609,42.57654],[-108.603149,42.576859],[-108.601962,42.578456],[-108.601509,42.578626],[-108.60021,42.578533],[-108.598539,42.578693],[-108.597752,42.579077],[-108.596943,42.579209],[-108.596669,42.579379],[-108.596223,42.579484],[-108.595949,42.579698],[-108.595741,42.579736],[-108.595073,42.580093],[-108.594835,42.580088],[-108.594048,42.580406],[-108.5939,42.580401],[-108.593536,42.580637],[-108.592934,42.58073],[-108.592511,42.581032],[-108.591427,42.581362],[-108.590551,42.581098],[-108.589964,42.580802],[-108.589199,42.58072],[-108.588932,42.580605],[-108.588293,42.580265],[-108.588004,42.580018],[-108.587781,42.579661],[-108.58761,42.579568],[-108.586571,42.57948],[-108.586014,42.579316]]}},{"type":"Feature","properties":{"id":"wat-a881","kind":"water","name":"Creek","acres":null,"editable":false,"source":"USGS 3DHP flowlines (Channel Line)"},"geometry":{"type":"LineString","coordinates":[[-108.769871,42.604208],[-108.76969,42.604238],[-108.76892,42.604129]]}},{"type":"Feature","properties":{"id":"wat-a882","kind":"water","name":"Creek","acres":null,"editable":false,"source":"USGS 3DHP flowlines (Channel Line)"},"geometry":{"type":"LineString","coordinates":[[-108.578874,42.527351],[-108.578103,42.527269],[-108.577635,42.527104],[-108.574326,42.526814],[-108.57354,42.526468],[-108.572716,42.526233],[-108.570854,42.526084],[-108.570505,42.525881],[-108.569853,42.525053],[-108.569444,42.524844],[-108.569074,42.524532]]}},{"type":"Feature","properties":{"id":"wat-a883","kind":"water","name":"Cherry Creek","acres":null,"editable":false,"source":"USGS 3DHP flowlines (Channel Line)"},"geometry":{"type":"LineString","coordinates":[[-108.71943,42.586274],[-108.71914,42.586853],[-108.719104,42.587528],[-108.719493,42.588544],[-108.719585,42.589304]]}},{"type":"Feature","properties":{"id":"wat-a884","kind":"water","name":"Creek","acres":null,"editable":false,"source":"USGS 3DHP flowlines (Channel Line)"},"geometry":{"type":"LineString","coordinates":[[-108.714919,42.619332],[-108.714852,42.62016],[-108.71494,42.620414],[-108.714696,42.620751],[-108.714539,42.62172],[-108.714448,42.621881],[-108.714173,42.622055]]}},{"type":"Feature","properties":{"id":"wat-a885","kind":"water","name":"Creek","acres":null,"editable":false,"source":"USGS 3DHP flowlines (Channel Line)"},"geometry":{"type":"LineString","coordinates":[[-108.730676,42.570229],[-108.730824,42.570119],[-108.731149,42.569383],[-108.731778,42.568712],[-108.731941,42.568389]]}},{"type":"Feature","properties":{"id":"wat-a886","kind":"water","name":"Creek","acres":null,"editable":false,"source":"USGS 3DHP flowlines (Channel Line)"},"geometry":{"type":"LineString","coordinates":[[-108.545572,42.634201],[-108.545765,42.634558],[-108.546434,42.634898],[-108.54688,42.634953],[-108.547422,42.635447],[-108.547378,42.636205],[-108.547496,42.636633]]}},{"type":"Feature","properties":{"id":"wat-a887","kind":"water","name":"Creek","acres":null,"editable":false,"source":"USGS 3DHP flowlines (Channel Line)"},"geometry":{"type":"LineString","coordinates":[[-108.704849,42.584302],[-108.704137,42.584633],[-108.703365,42.584875],[-108.701962,42.585558],[-108.700806,42.586663],[-108.699864,42.587214],[-108.699471,42.587544],[-108.69888,42.588851],[-108.698346,42.589324],[-108.698273,42.589873],[-108.698096,42.590241],[-108.697451,42.591038],[-108.696933,42.591577],[-108.696738,42.591664]]}},{"type":"Feature","properties":{"id":"wat-a888","kind":"water","name":"Little Popo Agie River","acres":null,"editable":false,"source":"USGS 3DHP flowlines (Channel Line)"},"geometry":{"type":"LineString","coordinates":[[-108.635517,42.772123],[-108.635412,42.772874]]}},{"type":"Feature","properties":{"id":"wat-a889","kind":"water","name":"Creek","acres":null,"editable":false,"source":"USGS 3DHP flowlines (Channel Line)"},"geometry":{"type":"LineString","coordinates":[[-108.697268,42.74482],[-108.696673,42.744663],[-108.695201,42.744522],[-108.694208,42.744205],[-108.693675,42.744117],[-108.693278,42.743794],[-108.692751,42.743179],[-108.692568,42.742607],[-108.692225,42.742283]]}},{"type":"Feature","properties":{"id":"wat-a890","kind":"water","name":"Little Popo Agie River","acres":null,"editable":false,"source":"USGS 3DHP flowlines (Channel Line)"},"geometry":{"type":"LineString","coordinates":[[-108.628112,42.72694],[-108.627868,42.726979],[-108.627861,42.726769],[-108.627556,42.726521],[-108.62741,42.726491],[-108.627097,42.726632],[-108.626525,42.726597]]}},{"type":"Feature","properties":{"id":"wat-a891","kind":"water","name":"Creek","acres":null,"editable":false,"source":"USGS 3DHP flowlines (Channel Line)"},"geometry":{"type":"LineString","coordinates":[[-108.631505,42.752712],[-108.631073,42.752723],[-108.630321,42.753063],[-108.629851,42.753441],[-108.629256,42.753551],[-108.628973,42.753413],[-108.628712,42.753737],[-108.628749,42.753874],[-108.628295,42.753984],[-108.628071,42.754176],[-108.627877,42.754669],[-108.627296,42.755174],[-108.627236,42.75564],[-108.626483,42.756117],[-108.62655,42.756474],[-108.626415,42.756858],[-108.626415,42.757281],[-108.626645,42.758395],[-108.626525,42.758834]]}},{"type":"Feature","properties":{"id":"wat-a892","kind":"water","name":"Weiser Creek","acres":null,"editable":false,"source":"USGS 3DHP flowlines (Channel Line)"},"geometry":{"type":"LineString","coordinates":[[-108.601301,42.6188],[-108.602862,42.620807],[-108.603152,42.620994],[-108.604089,42.622108],[-108.60452,42.622426],[-108.604796,42.623024],[-108.605026,42.623293],[-108.606022,42.624115],[-108.606884,42.624428],[-108.607055,42.624587],[-108.607285,42.625716],[-108.607895,42.626868],[-108.607962,42.6274],[-108.608312,42.627756],[-108.60875,42.627899],[-108.608981,42.628075]]}},{"type":"Feature","properties":{"id":"wat-a893","kind":"water","name":"Snow Creek","acres":null,"editable":false,"source":"USGS 3DHP flowlines (Channel Line)"},"geometry":{"type":"LineString","coordinates":[[-108.734404,42.604509],[-108.734486,42.605285],[-108.734382,42.605788],[-108.734146,42.606233],[-108.732532,42.608066],[-108.73194,42.608918],[-108.73041,42.609753],[-108.729635,42.609953],[-108.729512,42.610662]]}},{"type":"Feature","properties":{"id":"wat-a894","kind":"water","name":"Willow Creek","acres":null,"editable":false,"source":"USGS 3DHP flowlines (Channel Line)"},"geometry":{"type":"LineString","coordinates":[[-108.744754,42.691889],[-108.74448,42.69292],[-108.744525,42.693282],[-108.744144,42.693907],[-108.744129,42.694293],[-108.74435,42.694728],[-108.745006,42.695395],[-108.745243,42.695906],[-108.745189,42.697047],[-108.745395,42.697367],[-108.745403,42.697619]]}},{"type":"Feature","properties":{"id":"wat-a895","kind":"water","name":"Twin Creek","acres":null,"editable":false,"source":"USGS 3DHP flowlines (Channel Line)"},"geometry":{"type":"LineString","coordinates":[[-108.59647,42.721325],[-108.596887,42.721287],[-108.597445,42.721435],[-108.597899,42.721352],[-108.59801,42.721446],[-108.597981,42.721533],[-108.597639,42.721874],[-108.597869,42.722055],[-108.598316,42.722131],[-108.598465,42.722022],[-108.598509,42.721632],[-108.598755,42.721506],[-108.598874,42.72155],[-108.598889,42.721791],[-108.599038,42.721906],[-108.599298,42.721956],[-108.60002,42.721791],[-108.600496,42.721868],[-108.600913,42.721834],[-108.601248,42.721664],[-108.601412,42.721999],[-108.601709,42.72207],[-108.601308,42.722389],[-108.601419,42.722548],[-108.601866,42.72258],[-108.602744,42.722267],[-108.603124,42.722295],[-108.603503,42.722547],[-108.603771,42.722465],[-108.604069,42.72247],[-108.604248,42.722607],[-108.604203,42.722892],[-108.604352,42.723024],[-108.604679,42.722986],[-108.605029,42.723084],[-108.605841,42.723671],[-108.606169,42.724039],[-108.60602,42.724401]]}},{"type":"Feature","properties":{"id":"wat-a896","kind":"water","name":"Creek","acres":null,"editable":false,"source":"USGS 3DHP flowlines (Channel Line)"},"geometry":{"type":"LineString","coordinates":[[-108.746085,42.582402],[-108.745264,42.581904],[-108.744686,42.581028],[-108.743452,42.580391]]}},{"type":"Feature","properties":{"id":"wat-a897","kind":"water","name":"Beaver Creek","acres":null,"editable":false,"source":"USGS 3DHP flowlines (Channel Line)"},"geometry":{"type":"LineString","coordinates":[[-108.766881,42.564029],[-108.76526,42.563835],[-108.764141,42.563786],[-108.763252,42.563574]]}},{"type":"Feature","properties":{"id":"wat-a898","kind":"water","name":"Creek","acres":null,"editable":false,"source":"USGS 3DHP flowlines (Channel Line)"},"geometry":{"type":"LineString","coordinates":[[-108.718119,42.56085],[-108.718023,42.560796]]}},{"type":"Feature","properties":{"id":"wat-a899","kind":"water","name":"Creek","acres":null,"editable":false,"source":"USGS 3DHP flowlines (Channel Line)"},"geometry":{"type":"LineString","coordinates":[[-108.737911,42.721889],[-108.737445,42.722159],[-108.737026,42.722228],[-108.735523,42.722369],[-108.733745,42.722373],[-108.732746,42.722636],[-108.732426,42.72277],[-108.732181,42.723247],[-108.731929,42.723506],[-108.730983,42.72372],[-108.730396,42.723979],[-108.730266,42.724151],[-108.72826,42.725203],[-108.72768,42.725856]]}},{"type":"Feature","properties":{"id":"wat-a900","kind":"water","name":"Creek","acres":null,"editable":false,"source":"USGS 3DHP flowlines (Channel Line)"},"geometry":{"type":"LineString","coordinates":[[-108.725218,42.641205],[-108.723981,42.640623],[-108.722188,42.640345],[-108.721557,42.640451],[-108.720979,42.64075],[-108.720683,42.640998]]}},{"type":"Feature","properties":{"id":"wat-a901","kind":"water","name":"Creek","acres":null,"editable":false,"source":"USGS 3DHP flowlines (Channel Line)"},"geometry":{"type":"LineString","coordinates":[[-108.754066,42.62639],[-108.754908,42.626018],[-108.755357,42.625715]]}},{"type":"Feature","properties":{"id":"wat-a902","kind":"water","name":"Creek","acres":null,"editable":false,"source":"USGS 3DHP flowlines (Channel Line)"},"geometry":{"type":"LineString","coordinates":[[-108.770845,42.533446],[-108.769649,42.532513],[-108.768082,42.530658],[-108.767756,42.530411],[-108.766793,42.52993]]}},{"type":"Feature","properties":{"id":"wat-a903","kind":"water","name":"Creek","acres":null,"editable":false,"source":"USGS 3DHP flowlines (Channel Line)"},"geometry":{"type":"LineString","coordinates":[[-108.771624,42.569783],[-108.771342,42.569108],[-108.771542,42.568669],[-108.771311,42.567977],[-108.771318,42.567632],[-108.7716,42.566627],[-108.77151,42.565902],[-108.771565,42.565687]]}},{"type":"Feature","properties":{"id":"wat-a904","kind":"water","name":"Creek","acres":null,"editable":false,"source":"USGS 3DHP flowlines (Channel Line)"},"geometry":{"type":"LineString","coordinates":[[-108.611266,42.662112],[-108.610768,42.662562],[-108.610619,42.662535],[-108.610122,42.663095],[-108.610144,42.663446],[-108.610383,42.664856],[-108.610606,42.6653],[-108.61054,42.666332],[-108.61063,42.667078],[-108.611032,42.667484],[-108.611226,42.667885],[-108.611798,42.668356],[-108.612163,42.669042]]}},{"type":"Feature","properties":{"id":"wat-a905","kind":"water","name":"Little Popo Agie River","acres":null,"editable":false,"source":"USGS 3DHP flowlines (Channel Line)"},"geometry":{"type":"LineString","coordinates":[[-108.635269,42.774252],[-108.634986,42.774427],[-108.635,42.774932],[-108.635164,42.775294],[-108.635029,42.775881],[-108.635193,42.776062],[-108.6357,42.77609],[-108.63599,42.776288],[-108.635975,42.776562],[-108.635729,42.77682]]}},{"type":"Feature","properties":{"id":"wat-a906","kind":"water","name":"Creek","acres":null,"editable":false,"source":"USGS 3DHP flowlines (Channel Line)"},"geometry":{"type":"LineString","coordinates":[[-108.624572,42.706795],[-108.624647,42.706992],[-108.624967,42.707217],[-108.625496,42.708221],[-108.625474,42.708704],[-108.626555,42.709595],[-108.627052,42.710545],[-108.627662,42.711232],[-108.627845,42.711957],[-108.628112,42.712269],[-108.628448,42.712449],[-108.628402,42.712842],[-108.628586,42.713055]]}},{"type":"Feature","properties":{"id":"wat-a907","kind":"water","name":"Cherry Creek","acres":null,"editable":false,"source":"USGS 3DHP flowlines (Channel Line)"},"geometry":{"type":"LineString","coordinates":[[-108.69346,42.653052],[-108.693177,42.653327],[-108.691934,42.653914],[-108.691002,42.654528],[-108.689523,42.656016],[-108.688882,42.656528],[-108.688737,42.656955],[-108.688974,42.657878],[-108.688683,42.658141],[-108.686517,42.659099],[-108.685746,42.659545],[-108.683472,42.660643],[-108.682946,42.661021],[-108.682107,42.661864],[-108.681176,42.662471],[-108.680237,42.662982],[-108.67965,42.663406],[-108.679001,42.663611],[-108.67836,42.664012],[-108.677468,42.664351],[-108.677147,42.664927],[-108.676262,42.66598],[-108.675629,42.66611],[-108.674652,42.666],[-108.673608,42.666],[-108.673088,42.666148],[-108.671883,42.666927],[-108.671662,42.667156],[-108.671372,42.667716],[-108.670251,42.668475],[-108.66977,42.668666],[-108.669106,42.668765],[-108.668603,42.66904],[-108.66758,42.670093],[-108.667076,42.670371],[-108.667008,42.670734],[-108.666886,42.670883],[-108.666962,42.671138],[-108.666756,42.672161],[-108.666466,42.672599],[-108.666482,42.673259],[-108.666367,42.673511],[-108.666459,42.674072],[-108.664917,42.675098],[-108.664521,42.675861],[-108.663658,42.676227],[-108.663559,42.67633],[-108.663742,42.676791],[-108.663697,42.677112]]}},{"type":"Feature","properties":{"id":"wat-a908","kind":"water","name":"Rock Creek","acres":null,"editable":false,"source":"USGS 3DHP flowlines (Channel Line)"},"geometry":{"type":"LineString","coordinates":[[-108.742654,42.526251],[-108.743016,42.525919]]}},{"type":"Feature","properties":{"id":"wat-a909","kind":"water","name":"Creek","acres":null,"editable":false,"source":"USGS 3DHP flowlines (Channel Line)"},"geometry":{"type":"LineString","coordinates":[[-108.734748,42.63036],[-108.733739,42.630496],[-108.731135,42.631137],[-108.729835,42.631142],[-108.728225,42.631368],[-108.727574,42.631765],[-108.726624,42.631904],[-108.725972,42.632358],[-108.725666,42.632796],[-108.725311,42.633027],[-108.724968,42.633136]]}},{"type":"Feature","properties":{"id":"wat-a910","kind":"water","name":"Creek","acres":null,"editable":false,"source":"USGS 3DHP flowlines (Channel Line)"},"geometry":{"type":"LineString","coordinates":[[-108.777698,42.601848],[-108.777572,42.602073],[-108.777134,42.602331],[-108.776733,42.602545],[-108.776339,42.6026],[-108.775834,42.60248],[-108.774838,42.601959],[-108.774144,42.601829],[-108.773183,42.602047],[-108.771955,42.602508]]}},{"type":"Feature","properties":{"id":"wat-a911","kind":"water","name":"Devils Creek","acres":null,"editable":false,"source":"USGS 3DHP flowlines (Channel Line)"},"geometry":{"type":"LineString","coordinates":[[-108.625679,42.727948],[-108.626197,42.727876],[-108.626289,42.727448]]}},{"type":"Feature","properties":{"id":"wat-a912","kind":"water","name":"Little Popo Agie River","acres":null,"editable":false,"source":"USGS 3DHP flowlines (Channel Line)"},"geometry":{"type":"LineString","coordinates":[[-108.652497,42.703426],[-108.652016,42.704124],[-108.651916,42.704689],[-108.651673,42.705025],[-108.651528,42.705086],[-108.651352,42.705036],[-108.651169,42.704842],[-108.650086,42.704449],[-108.649406,42.704407],[-108.649131,42.704514],[-108.649018,42.704804],[-108.64914,42.705071],[-108.649079,42.705448],[-108.648628,42.706177],[-108.648453,42.706364],[-108.647766,42.706703],[-108.646637,42.707146],[-108.646401,42.707436],[-108.646096,42.708382],[-108.646179,42.709011],[-108.645752,42.709659]]}},{"type":"Feature","properties":{"id":"wat-a913","kind":"water","name":"Creek","acres":null,"editable":false,"source":"USGS 3DHP flowlines (Channel Line)"},"geometry":{"type":"LineString","coordinates":[[-108.553037,42.555003],[-108.552673,42.555831],[-108.552873,42.556204],[-108.553667,42.557083],[-108.553972,42.557615],[-108.554729,42.558048],[-108.555998,42.558268],[-108.556814,42.558641],[-108.557452,42.559047],[-108.557118,42.559986],[-108.557215,42.560534],[-108.557771,42.560787],[-108.55812,42.561039],[-108.558714,42.562433],[-108.559003,42.562724],[-108.559323,42.562795],[-108.559553,42.56302],[-108.560184,42.563717],[-108.560288,42.563981],[-108.561089,42.563997],[-108.561319,42.5642]]}},{"type":"Feature","properties":{"id":"wat-a914","kind":"water","name":"Barrett Creek","acres":null,"editable":false,"source":"USGS 3DHP flowlines (Channel Line)"},"geometry":{"type":"LineString","coordinates":[[-108.665878,42.648181],[-108.666367,42.649154],[-108.666336,42.649932],[-108.666595,42.650592],[-108.667,42.651195],[-108.667206,42.652331],[-108.667572,42.652984],[-108.667847,42.654155],[-108.667893,42.655391],[-108.667626,42.656013],[-108.667702,42.656787],[-108.667999,42.657657],[-108.667831,42.658725],[-108.668037,42.659457],[-108.667908,42.659984],[-108.668,42.661628],[-108.667381,42.663417],[-108.666573,42.664943],[-108.66623,42.665221],[-108.665093,42.665824],[-108.665032,42.665965],[-108.665146,42.666469],[-108.665063,42.666755],[-108.664787,42.667262],[-108.664238,42.667743],[-108.664078,42.668018],[-108.664078,42.668391],[-108.664353,42.669292],[-108.664116,42.669517],[-108.664085,42.66981],[-108.663818,42.669959],[-108.662789,42.671013],[-108.662262,42.671329],[-108.662087,42.671798],[-108.661591,42.67221],[-108.661362,42.672714],[-108.660767,42.673068],[-108.660492,42.673446]]}},{"type":"Feature","properties":{"id":"wat-a915","kind":"water","name":"Weiser Creek","acres":null,"editable":false,"source":"USGS 3DHP flowlines (Channel Line)"},"geometry":{"type":"LineString","coordinates":[[-108.605731,42.646365],[-108.605085,42.646969],[-108.604906,42.647008],[-108.604357,42.647436],[-108.604045,42.647848],[-108.60328,42.648468],[-108.602351,42.64939],[-108.601868,42.649582],[-108.601489,42.649506],[-108.601035,42.649632],[-108.600545,42.649972],[-108.599883,42.650088],[-108.599029,42.650774],[-108.598925,42.651147],[-108.59862,42.651268],[-108.597922,42.651806],[-108.597862,42.65174],[-108.597431,42.652058],[-108.596867,42.652882],[-108.596443,42.653112],[-108.596161,42.653458],[-108.596109,42.653985],[-108.595723,42.654858],[-108.595694,42.655307],[-108.59507,42.656466],[-108.595085,42.656729],[-108.595427,42.657091],[-108.595293,42.657525],[-108.59545,42.658079]]}},{"type":"Feature","properties":{"id":"wat-a916","kind":"water","name":"Creek","acres":null,"editable":false,"source":"USGS 3DHP flowlines (Channel Line)"},"geometry":{"type":"LineString","coordinates":[[-108.744862,42.721656],[-108.743824,42.721892],[-108.74284,42.721583],[-108.741192,42.721465],[-108.739666,42.72095],[-108.739353,42.720923],[-108.738507,42.721103],[-108.738292,42.721263],[-108.737911,42.721889]]}},{"type":"Feature","properties":{"id":"wat-a917","kind":"water","name":"Creek","acres":null,"editable":false,"source":"USGS 3DHP flowlines (Channel Line)"},"geometry":{"type":"LineString","coordinates":[[-108.727139,42.52522],[-108.727437,42.525346],[-108.728528,42.525421],[-108.728922,42.525519],[-108.72922,42.525793],[-108.729646,42.526501]]}},{"type":"Feature","properties":{"id":"wat-a918","kind":"water","name":"Creek","acres":null,"editable":false,"source":"USGS 3DHP flowlines (Channel Line)"},"geometry":{"type":"LineString","coordinates":[[-108.752143,42.585475],[-108.75166,42.585173],[-108.750443,42.584118],[-108.750071,42.583949],[-108.749744,42.5839],[-108.748829,42.583888]]}},{"type":"Feature","properties":{"id":"wat-a919","kind":"water","name":"Beaver Creek","acres":null,"editable":false,"source":"USGS 3DHP flowlines (Channel Line)"},"geometry":{"type":"LineString","coordinates":[[-108.588049,42.520929],[-108.587337,42.520913],[-108.587121,42.521067],[-108.587055,42.521325],[-108.586476,42.521775],[-108.585697,42.52189],[-108.584859,42.522137],[-108.583724,42.522225],[-108.583524,42.522176],[-108.583205,42.521885],[-108.582916,42.521748],[-108.582678,42.521764],[-108.582493,42.521891],[-108.582233,42.521776],[-108.582085,42.521792],[-108.581536,42.522154],[-108.581247,42.521929],[-108.581158,42.521995],[-108.581143,42.522237],[-108.580846,42.522385],[-108.580861,42.52267],[-108.580646,42.522906]]}},{"type":"Feature","properties":{"id":"wat-a920","kind":"water","name":"Creek","acres":null,"editable":false,"source":"USGS 3DHP flowlines (Channel Line)"},"geometry":{"type":"LineString","coordinates":[[-108.647347,42.694031],[-108.648521,42.694733],[-108.650108,42.696285],[-108.651131,42.697571],[-108.651169,42.698108],[-108.651459,42.698391],[-108.651466,42.698574],[-108.651886,42.698868],[-108.652176,42.699306],[-108.652527,42.700493],[-108.65242,42.701725],[-108.652222,42.702324],[-108.652306,42.702633],[-108.65226,42.702935],[-108.65252,42.703098],[-108.652497,42.703426]]}},{"type":"Feature","properties":{"id":"wat-a921","kind":"water","name":"Creek","acres":null,"editable":false,"source":"USGS 3DHP flowlines (Channel Line)"},"geometry":{"type":"LineString","coordinates":[[-108.750683,42.653875],[-108.748595,42.655081],[-108.747239,42.655542],[-108.746548,42.655563]]}},{"type":"Feature","properties":{"id":"wat-a922","kind":"water","name":"Beaver Creek","acres":null,"editable":false,"source":"USGS 3DHP flowlines (Channel Line)"},"geometry":{"type":"LineString","coordinates":[[-108.745127,42.565363],[-108.744944,42.565436],[-108.744273,42.56545],[-108.743457,42.565635]]}},{"type":"Feature","properties":{"id":"wat-a923","kind":"water","name":"Creek","acres":null,"editable":false,"source":"USGS 3DHP flowlines (Channel Line)"},"geometry":{"type":"LineString","coordinates":[[-108.754288,42.575065],[-108.753164,42.573864],[-108.751879,42.572732],[-108.751546,42.572311],[-108.750928,42.57188],[-108.750573,42.571792],[-108.750201,42.571568],[-108.749739,42.571132],[-108.748869,42.570885],[-108.74805,42.570346],[-108.747924,42.570204],[-108.747689,42.56907],[-108.747248,42.568115],[-108.74703,42.567296],[-108.746723,42.566588],[-108.745821,42.565566],[-108.745127,42.565363]]}},{"type":"Feature","properties":{"id":"wat-a924","kind":"water","name":"Creek","acres":null,"editable":false,"source":"USGS 3DHP flowlines (Channel Line)"},"geometry":{"type":"LineString","coordinates":[[-108.717912,42.630091],[-108.717683,42.630537],[-108.716943,42.631117],[-108.716181,42.631983],[-108.71599,42.632101]]}},{"type":"Feature","properties":{"id":"wat-a925","kind":"water","name":"Little Popo Agie River","acres":null,"editable":false,"source":"USGS 3DHP flowlines (Channel Line)"},"geometry":{"type":"LineString","coordinates":[[-108.616283,42.743493],[-108.616544,42.74352],[-108.616656,42.743739],[-108.616567,42.744288],[-108.616708,42.744667],[-108.616657,42.744765]]}},{"type":"Feature","properties":{"id":"wat-a926","kind":"water","name":"Creek","acres":null,"editable":false,"source":"USGS 3DHP flowlines (Channel Line)"},"geometry":{"type":"LineString","coordinates":[[-108.538647,42.651529],[-108.538758,42.65199],[-108.539078,42.652281],[-108.539088,42.653001],[-108.539471,42.653461],[-108.539866,42.653754],[-108.540414,42.655336],[-108.542468,42.658053],[-108.542555,42.658389]]}},{"type":"Feature","properties":{"id":"wat-a927","kind":"water","name":"Creek","acres":null,"editable":false,"source":"USGS 3DHP flowlines (Channel Line)"},"geometry":{"type":"LineString","coordinates":[[-108.71546,42.534325],[-108.715301,42.533211],[-108.714852,42.532004]]}},{"type":"Feature","properties":{"id":"wat-a928","kind":"water","name":"Creek","acres":null,"editable":false,"source":"USGS 3DHP flowlines (Channel Line)"},"geometry":{"type":"LineString","coordinates":[[-108.724496,42.527377],[-108.724184,42.527355],[-108.723285,42.527011],[-108.721872,42.525931],[-108.721737,42.525487],[-108.721424,42.52501],[-108.72123,42.524812],[-108.720546,42.524501],[-108.720002,42.523738],[-108.719608,42.523437],[-108.718791,42.521656]]}},{"type":"Feature","properties":{"id":"wat-a929","kind":"water","name":"Creek","acres":null,"editable":false,"source":"USGS 3DHP flowlines (Channel Line)"},"geometry":{"type":"LineString","coordinates":[[-108.719301,42.58568],[-108.71943,42.586274]]}},{"type":"Feature","properties":{"id":"wat-a930","kind":"water","name":"Creek","acres":null,"editable":false,"source":"USGS 3DHP flowlines (Channel Line)"},"geometry":{"type":"LineString","coordinates":[[-108.777341,42.589553],[-108.776858,42.589624],[-108.776457,42.589888],[-108.776168,42.590437],[-108.775841,42.590766],[-108.775529,42.590931],[-108.775232,42.591398],[-108.774594,42.591782],[-108.773138,42.592386],[-108.772912,42.592554]]}},{"type":"Feature","properties":{"id":"wat-a931","kind":"water","name":"Creek","acres":null,"editable":false,"source":"USGS 3DHP flowlines (Channel Line)"},"geometry":{"type":"LineString","coordinates":[[-108.724746,42.666987],[-108.723398,42.666614],[-108.722943,42.666413],[-108.72231,42.666305],[-108.721463,42.666319],[-108.719859,42.66655],[-108.718582,42.666846],[-108.716041,42.666976],[-108.715469,42.667088],[-108.714839,42.667376],[-108.713198,42.667618]]}},{"type":"Feature","properties":{"id":"wat-a932","kind":"water","name":"Little Popo Agie River","acres":null,"editable":false,"source":"USGS 3DHP flowlines (Channel Line)"},"geometry":{"type":"LineString","coordinates":[[-108.747378,42.650747],[-108.747111,42.650892],[-108.746982,42.651205],[-108.74557,42.651926],[-108.744113,42.652479],[-108.74348,42.652643]]}},{"type":"Feature","properties":{"id":"wat-a933","kind":"water","name":"Little Popo Agie River","acres":null,"editable":false,"source":"USGS 3DHP flowlines (Channel Line)"},"geometry":{"type":"LineString","coordinates":[[-108.74348,42.652643],[-108.742465,42.652204],[-108.74184,42.65214],[-108.741152,42.652392],[-108.739169,42.652914],[-108.736674,42.653154],[-108.734873,42.653192]]}},{"type":"Feature","properties":{"id":"wat-a934","kind":"water","name":"Creek","acres":null,"editable":false,"source":"USGS 3DHP flowlines (Channel Line)"},"geometry":{"type":"LineString","coordinates":[[-108.532002,42.611825],[-108.531883,42.611929],[-108.531675,42.611968],[-108.531407,42.611918],[-108.531132,42.612198],[-108.530857,42.612324],[-108.530538,42.612187],[-108.530174,42.612379],[-108.52955,42.612296],[-108.528963,42.612834],[-108.528695,42.612916],[-108.52842,42.613174],[-108.528286,42.613437],[-108.527989,42.613563],[-108.527692,42.613552],[-108.527172,42.613804],[-108.526926,42.614134],[-108.526681,42.614238],[-108.526012,42.614978],[-108.525752,42.615159],[-108.525024,42.615219],[-108.524897,42.615329],[-108.52489,42.615505],[-108.524741,42.615543],[-108.524526,42.615483],[-108.524399,42.615636],[-108.524325,42.616031],[-108.523633,42.616936],[-108.523574,42.617002],[-108.52318,42.617057]]}},{"type":"Feature","properties":{"id":"wat-a935","kind":"water","name":"Beason Creek","acres":null,"editable":false,"source":"USGS 3DHP flowlines (Channel Line)"},"geometry":{"type":"LineString","coordinates":[[-108.712032,42.72626],[-108.710452,42.726158],[-108.709384,42.726272],[-108.708811,42.726459],[-108.708323,42.726524],[-108.707416,42.726882],[-108.705645,42.72723],[-108.70505,42.727516],[-108.704028,42.72739],[-108.703478,42.727493],[-108.702952,42.727485],[-108.702738,42.727271],[-108.702609,42.726921],[-108.70154,42.726604]]}},{"type":"Feature","properties":{"id":"wat-a936","kind":"water","name":"Pass Creek","acres":null,"editable":false,"source":"USGS 3DHP flowlines (Channel Line)"},"geometry":{"type":"LineString","coordinates":[[-108.75849,42.623723],[-108.761672,42.625289],[-108.762287,42.625491]]}},{"type":"Feature","properties":{"id":"wat-a937","kind":"water","name":"Creek","acres":null,"editable":false,"source":"USGS 3DHP flowlines (Channel Line)"},"geometry":{"type":"LineString","coordinates":[[-108.595469,42.638055],[-108.594206,42.638314],[-108.593998,42.638467],[-108.593604,42.638544],[-108.592831,42.639071],[-108.59246,42.639598],[-108.591457,42.640301],[-108.591212,42.640647],[-108.590996,42.640729],[-108.590469,42.641311],[-108.590045,42.641591],[-108.589139,42.642008],[-108.588708,42.642376],[-108.588582,42.64259],[-108.588061,42.64293],[-108.588091,42.642979],[-108.58763,42.643122],[-108.587088,42.643825],[-108.586709,42.644132],[-108.586576,42.644439],[-108.585848,42.645004],[-108.58505,42.645448],[-108.583897,42.646259],[-108.583643,42.647095],[-108.583276,42.647551],[-108.582604,42.647957],[-108.581844,42.648286],[-108.581679,42.648489],[-108.581563,42.648933]]}},{"type":"Feature","properties":{"id":"wat-a938","kind":"water","name":"Creek","acres":null,"editable":false,"source":"USGS 3DHP flowlines (Channel Line)"},"geometry":{"type":"LineString","coordinates":[[-108.70104,42.564795],[-108.701685,42.5643],[-108.702352,42.563564],[-108.703254,42.562179],[-108.703802,42.561635],[-108.704291,42.560981],[-108.704349,42.560711],[-108.704015,42.560542],[-108.703896,42.560074]]}},{"type":"Feature","properties":{"id":"wat-a939","kind":"water","name":"Creek","acres":null,"editable":false,"source":"USGS 3DHP flowlines (Channel Line)"},"geometry":{"type":"LineString","coordinates":[[-108.563109,42.706009],[-108.563124,42.705768],[-108.563369,42.705444],[-108.563935,42.705433],[-108.564909,42.705587],[-108.566844,42.705603],[-108.567625,42.705444],[-108.568384,42.705021],[-108.568838,42.704879],[-108.569172,42.704555],[-108.569693,42.70428],[-108.570125,42.703831],[-108.5704,42.703638],[-108.570705,42.703556],[-108.570839,42.703139],[-108.571783,42.702546],[-108.572542,42.702146],[-108.573264,42.701965],[-108.573532,42.70197],[-108.574953,42.701383],[-108.575682,42.700807],[-108.575815,42.700433],[-108.576001,42.700219],[-108.576485,42.700121]]}},{"type":"Feature","properties":{"id":"wat-a940","kind":"water","name":"Creek","acres":null,"editable":false,"source":"USGS 3DHP flowlines (Channel Line)"},"geometry":{"type":"LineString","coordinates":[[-108.716693,42.607157],[-108.716479,42.607341]]}},{"type":"Feature","properties":{"id":"wat-a941","kind":"water","name":"Creek","acres":null,"editable":false,"source":"USGS 3DHP flowlines (Channel Line)"},"geometry":{"type":"LineString","coordinates":[[-108.728998,42.627466],[-108.726084,42.62821],[-108.725221,42.62834],[-108.723604,42.628294],[-108.721689,42.62808],[-108.720894,42.628124]]}},{"type":"Feature","properties":{"id":"wat-a942","kind":"water","name":"Snow Creek","acres":null,"editable":false,"source":"USGS 3DHP flowlines (Channel Line)"},"geometry":{"type":"LineString","coordinates":[[-108.750719,42.52709],[-108.745356,42.526681],[-108.743658,42.526295],[-108.743016,42.525919]]}},{"type":"Feature","properties":{"id":"wat-a943","kind":"water","name":"Creek","acres":null,"editable":false,"source":"USGS 3DHP flowlines (Channel Line)"},"geometry":{"type":"LineString","coordinates":[[-108.744561,42.535229],[-108.743883,42.53422],[-108.743222,42.53369],[-108.742673,42.533053],[-108.740481,42.532834]]}},{"type":"Feature","properties":{"id":"wat-a944","kind":"water","name":"Stambaugh Creek","acres":null,"editable":false,"source":"USGS 3DHP flowlines (Channel Line)"},"geometry":{"type":"LineString","coordinates":[[-108.645356,42.549807],[-108.644461,42.54996],[-108.643489,42.549904],[-108.642366,42.549962],[-108.641322,42.549544],[-108.640005,42.549265],[-108.639633,42.549113],[-108.639063,42.548732],[-108.637134,42.547882],[-108.636375,42.547344],[-108.634647,42.546678],[-108.633665,42.54655],[-108.6309,42.545925],[-108.628877,42.545622],[-108.62746,42.545746],[-108.626913,42.546041],[-108.625676,42.546338],[-108.624853,42.546827],[-108.624067,42.547184],[-108.623495,42.547283],[-108.621366,42.547938],[-108.620616,42.548081],[-108.619682,42.548454],[-108.618777,42.549009],[-108.618042,42.549607],[-108.61782,42.549887],[-108.617531,42.550562],[-108.617042,42.550793],[-108.616619,42.551161],[-108.616159,42.55137],[-108.614882,42.551475],[-108.613851,42.551256],[-108.612337,42.551267],[-108.611453,42.551185],[-108.610763,42.551323],[-108.608418,42.55134],[-108.607401,42.551565],[-108.607015,42.551577],[-108.606526,42.551829],[-108.606429,42.552049],[-108.605665,42.552669],[-108.605569,42.552889],[-108.604961,42.553268],[-108.604656,42.55335],[-108.604471,42.553657],[-108.603922,42.554058],[-108.603017,42.554349],[-108.601956,42.554942],[-108.601125,42.555014],[-108.600761,42.555206],[-108.600108,42.555234],[-108.599826,42.555535],[-108.5995,42.555662],[-108.597666,42.555317],[-108.59633,42.554675],[-108.595439,42.553929],[-108.595327,42.553688],[-108.59526,42.553046],[-108.594859,42.552755],[-108.594592,42.551981]]}},{"type":"Feature","properties":{"id":"wat-a945","kind":"water","name":"Creek","acres":null,"editable":false,"source":"USGS 3DHP flowlines (Channel Line)"},"geometry":{"type":"LineString","coordinates":[[-108.724336,42.571222],[-108.723815,42.571064],[-108.72345,42.570807],[-108.722773,42.570729]]}},{"type":"Feature","properties":{"id":"wat-a946","kind":"water","name":"Creek","acres":null,"editable":false,"source":"USGS 3DHP flowlines (Channel Line)"},"geometry":{"type":"LineString","coordinates":[[-108.72974,42.746566],[-108.729191,42.746238],[-108.728146,42.745349],[-108.726406,42.744163],[-108.725429,42.743831],[-108.724316,42.743297],[-108.722575,42.742694],[-108.722072,42.74171],[-108.721759,42.741302],[-108.721851,42.740653],[-108.721729,42.740207],[-108.72185,42.739677],[-108.721568,42.739254],[-108.720722,42.738689],[-108.720485,42.738247],[-108.72002,42.73775],[-108.719936,42.737426],[-108.719799,42.737274],[-108.718959,42.736839]]}},{"type":"Feature","properties":{"id":"wat-a947","kind":"water","name":"East Fork Cottonwood Creek","acres":null,"editable":false,"source":"USGS 3DHP flowlines (Channel Line)"},"geometry":{"type":"LineString","coordinates":[[-108.545831,42.664337],[-108.54601,42.664387],[-108.546173,42.664766],[-108.547385,42.665666],[-108.547466,42.665913],[-108.547585,42.665978],[-108.547905,42.666138],[-108.548202,42.666143],[-108.548663,42.666483],[-108.549407,42.666478],[-108.549816,42.666637],[-108.550113,42.666626],[-108.550433,42.666807],[-108.550626,42.66729],[-108.551035,42.667499],[-108.551258,42.667855],[-108.551637,42.668102],[-108.551823,42.668613],[-108.552105,42.668926],[-108.552856,42.669644],[-108.553518,42.670094],[-108.553548,42.670226],[-108.553325,42.670621],[-108.553548,42.670885],[-108.553473,42.671368],[-108.553562,42.672119],[-108.553726,42.672536],[-108.554187,42.672877],[-108.554053,42.673288],[-108.554127,42.673601],[-108.554298,42.673733]]}},{"type":"Feature","properties":{"id":"wat-a948","kind":"water","name":"Little Popo Agie River","acres":null,"editable":false,"source":"USGS 3DHP flowlines (Channel Line)"},"geometry":{"type":"LineString","coordinates":[[-108.635729,42.77682],[-108.635483,42.776886],[-108.634976,42.77683],[-108.634738,42.776935],[-108.63473,42.777044],[-108.635028,42.77728],[-108.635117,42.777571],[-108.635549,42.777764]]}},{"type":"Feature","properties":{"id":"wat-a949","kind":"water","name":"Tweed Creek","acres":null,"editable":false,"source":"USGS 3DHP flowlines (Channel Line)"},"geometry":{"type":"LineString","coordinates":[[-108.600775,42.567498],[-108.600256,42.567794],[-108.6001,42.568014],[-108.599455,42.568502],[-108.599009,42.568673],[-108.598816,42.568997],[-108.598571,42.569167],[-108.598275,42.569249],[-108.598052,42.569485],[-108.597792,42.569436],[-108.597696,42.569502],[-108.597325,42.569886],[-108.597057,42.56999],[-108.597072,42.570276],[-108.596078,42.570764],[-108.595618,42.571192],[-108.595128,42.571489],[-108.595061,42.57173],[-108.59449,42.571895],[-108.593784,42.572406],[-108.593955,42.572587],[-108.593918,42.572916],[-108.593755,42.573196],[-108.592991,42.57375],[-108.593035,42.574145],[-108.592738,42.574228],[-108.592583,42.574381],[-108.592538,42.574749],[-108.592419,42.574881],[-108.592026,42.574936],[-108.591848,42.575089],[-108.591803,42.575309],[-108.590994,42.575688],[-108.590103,42.575666],[-108.589992,42.575743],[-108.590163,42.576028],[-108.590081,42.576149],[-108.589821,42.575946],[-108.589071,42.576105],[-108.587854,42.576983],[-108.587661,42.577307],[-108.587268,42.577477],[-108.587238,42.577626],[-108.586808,42.577862],[-108.586711,42.578076],[-108.586437,42.578224],[-108.586429,42.578531],[-108.585917,42.578762],[-108.58611,42.579184],[-108.586014,42.579316]]}},{"type":"Feature","properties":{"id":"wat-a950","kind":"water","name":"Creek","acres":null,"editable":false,"source":"USGS 3DHP flowlines (Channel Line)"},"geometry":{"type":"LineString","coordinates":[[-108.680439,42.753916],[-108.67997,42.753845],[-108.679598,42.75368],[-108.679211,42.753389],[-108.678727,42.753345],[-108.67796,42.753384],[-108.677156,42.753636],[-108.676858,42.753625],[-108.676389,42.753773],[-108.67592,42.753658]]}},{"type":"Feature","properties":{"id":"wat-a951","kind":"water","name":"Twin Creek","acres":null,"editable":false,"source":"USGS 3DHP flowlines (Channel Line)"},"geometry":{"type":"LineString","coordinates":[[-108.583845,42.708329],[-108.584076,42.708488]]}},{"type":"Feature","properties":{"id":"wat-a952","kind":"water","name":"Rock Creek","acres":null,"editable":false,"source":"USGS 3DHP flowlines (Channel Line)"},"geometry":{"type":"LineString","coordinates":[[-108.759585,42.546978],[-108.758574,42.546861],[-108.757141,42.546985],[-108.756577,42.54682],[-108.75504,42.545997],[-108.753048,42.543404],[-108.752595,42.542235],[-108.751678,42.540506],[-108.751174,42.540232],[-108.750469,42.540166],[-108.749535,42.53972]]}},{"type":"Feature","properties":{"id":"wat-a953","kind":"water","name":"Creek","acres":null,"editable":false,"source":"USGS 3DHP flowlines (Channel Line)"},"geometry":{"type":"LineString","coordinates":[[-108.773384,42.557174],[-108.772381,42.557312],[-108.771669,42.557625],[-108.770065,42.557999],[-108.769791,42.558125],[-108.769344,42.558182]]}},{"type":"Feature","properties":{"id":"wat-a954","kind":"water","name":"Creek","acres":null,"editable":false,"source":"USGS 3DHP flowlines (Channel Line)"},"geometry":{"type":"LineString","coordinates":[[-108.708285,42.738743],[-108.70753,42.738609],[-108.706408,42.738243],[-108.705646,42.73814],[-108.703852,42.738319],[-108.701495,42.738411],[-108.700213,42.738967],[-108.699229,42.739616],[-108.698961,42.739693],[-108.698344,42.739704],[-108.697443,42.739906],[-108.695513,42.74105],[-108.695353,42.74134],[-108.694788,42.741355],[-108.694239,42.741703],[-108.692919,42.742317],[-108.692675,42.742371],[-108.692225,42.742283]]}},{"type":"Feature","properties":{"id":"wat-a955","kind":"water","name":"Creek","acres":null,"editable":false,"source":"USGS 3DHP flowlines (Channel Line)"},"geometry":{"type":"LineString","coordinates":[[-108.552362,42.588673],[-108.551708,42.588635],[-108.551359,42.588519],[-108.55101,42.588311],[-108.550869,42.588091],[-108.549912,42.587476],[-108.549154,42.587196],[-108.548345,42.58729],[-108.547921,42.587416],[-108.545983,42.587613],[-108.543644,42.587475],[-108.542493,42.587256],[-108.540919,42.587376],[-108.53956,42.587129],[-108.538728,42.587068],[-108.538179,42.58675],[-108.537028,42.586612],[-108.536783,42.586673],[-108.53633,42.587013],[-108.535483,42.587369],[-108.534569,42.587945],[-108.5337,42.588148],[-108.53246,42.588603],[-108.532015,42.588614],[-108.530515,42.588295],[-108.530337,42.588317],[-108.530047,42.588202],[-108.529476,42.587505],[-108.528748,42.587098],[-108.528555,42.586676]]}},{"type":"Feature","properties":{"id":"wat-a956","kind":"water","name":"Devils Creek","acres":null,"editable":false,"source":"USGS 3DHP flowlines (Channel Line)"},"geometry":{"type":"LineString","coordinates":[[-108.601755,42.683961],[-108.601569,42.684087],[-108.601562,42.684394],[-108.601011,42.684757],[-108.601071,42.6848],[-108.600945,42.684866],[-108.600937,42.685108],[-108.60032,42.68564],[-108.600038,42.686052],[-108.59977,42.686156],[-108.599852,42.686288],[-108.599755,42.686442]]}},{"type":"Feature","properties":{"id":"wat-a957","kind":"water","name":"Creek","acres":null,"editable":false,"source":"USGS 3DHP flowlines (Channel Line)"},"geometry":{"type":"LineString","coordinates":[[-108.71464,42.618922],[-108.714567,42.619614]]}},{"type":"Feature","properties":{"id":"wat-a958","kind":"water","name":"Little Popo Agie River","acres":null,"editable":false,"source":"USGS 3DHP flowlines (Channel Line)"},"geometry":{"type":"LineString","coordinates":[[-108.768263,42.632933],[-108.767229,42.633584],[-108.767024,42.634192],[-108.76661,42.634526],[-108.766539,42.634829]]}},{"type":"Feature","properties":{"id":"wat-a959","kind":"water","name":"Creek","acres":null,"editable":false,"source":"USGS 3DHP flowlines (Channel Line)"},"geometry":{"type":"LineString","coordinates":[[-108.766719,42.562396],[-108.764699,42.56238],[-108.763957,42.562748],[-108.763683,42.563281],[-108.763252,42.563574]]}},{"type":"Feature","properties":{"id":"wat-a960","kind":"water","name":"Creek","acres":null,"editable":false,"source":"USGS 3DHP flowlines (Channel Line)"},"geometry":{"type":"LineString","coordinates":[[-108.69942,42.75937],[-108.698765,42.759974],[-108.697529,42.760309],[-108.697001,42.760539],[-108.69636,42.761154],[-108.696099,42.761291],[-108.695087,42.761478],[-108.69324,42.761439],[-108.692257,42.76116],[-108.691624,42.760732],[-108.691341,42.760688],[-108.691013,42.760496],[-108.69079,42.760139],[-108.690484,42.758998],[-108.689933,42.758361],[-108.689539,42.758098]]}},{"type":"Feature","properties":{"id":"wat-a961","kind":"water","name":"Creek","acres":null,"editable":false,"source":"USGS 3DHP flowlines (Channel Line)"},"geometry":{"type":"LineString","coordinates":[[-108.781641,42.577837],[-108.779799,42.577712],[-108.778833,42.577427],[-108.778135,42.577356],[-108.775751,42.57768],[-108.77433,42.577419]]}},{"type":"Feature","properties":{"id":"wat-a962","kind":"water","name":"Twin Creek","acres":null,"editable":false,"source":"USGS 3DHP flowlines (Channel Line)"},"geometry":{"type":"LineString","coordinates":[[-108.566345,42.692313],[-108.56662,42.692143],[-108.566851,42.692192],[-108.567052,42.692395],[-108.567364,42.692181],[-108.567572,42.692143],[-108.567825,42.69239],[-108.567915,42.69239],[-108.568472,42.691962],[-108.568681,42.691967],[-108.568874,42.692192]]}},{"type":"Feature","properties":{"id":"wat-a963","kind":"water","name":"Creek","acres":null,"editable":false,"source":"USGS 3DHP flowlines (Channel Line)"},"geometry":{"type":"LineString","coordinates":[[-108.746548,42.655563],[-108.745026,42.655696],[-108.74441,42.655661]]}},{"type":"Feature","properties":{"id":"wat-a964","kind":"water","name":"Willow Creek","acres":null,"editable":false,"source":"USGS 3DHP flowlines (Channel Line)"},"geometry":{"type":"LineString","coordinates":[[-108.65989,42.744763],[-108.659676,42.745041],[-108.659364,42.745125],[-108.658662,42.745003],[-108.658097,42.745152],[-108.655923,42.745007],[-108.655236,42.745079],[-108.654237,42.744934]]}},{"type":"Feature","properties":{"id":"wat-a965","kind":"water","name":"Creek","acres":null,"editable":false,"source":"USGS 3DHP flowlines (Channel Line)"},"geometry":{"type":"LineString","coordinates":[[-108.72935,42.524038],[-108.729976,42.524888],[-108.730514,42.526221],[-108.730591,42.526951],[-108.730505,42.527394]]}},{"type":"Feature","properties":{"id":"wat-a966","kind":"water","name":"Creek","acres":null,"editable":false,"source":"USGS 3DHP flowlines (Channel Line)"},"geometry":{"type":"LineString","coordinates":[[-108.777311,42.666549],[-108.776467,42.66594],[-108.775529,42.665552],[-108.774563,42.66493],[-108.771902,42.663951],[-108.771207,42.663595],[-108.770385,42.66303],[-108.770071,42.6626],[-108.770022,42.661582],[-108.769905,42.661084],[-108.769956,42.660689]]}},{"type":"Feature","properties":{"id":"wat-a967","kind":"water","name":"Creek","acres":null,"editable":false,"source":"USGS 3DHP flowlines (Channel Line)"},"geometry":{"type":"LineString","coordinates":[[-108.764346,42.58482],[-108.764666,42.584973],[-108.764874,42.585248],[-108.764934,42.585561],[-108.764815,42.585808],[-108.764852,42.586291],[-108.765284,42.587608],[-108.765774,42.588074],[-108.766257,42.588486],[-108.768063,42.589133],[-108.768821,42.589522],[-108.770151,42.590378],[-108.770582,42.590554],[-108.771265,42.591031],[-108.772912,42.592554]]}},{"type":"Feature","properties":{"id":"wat-a968","kind":"water","name":"Twin Creek","acres":null,"editable":false,"source":"USGS 3DHP flowlines (Channel Line)"},"geometry":{"type":"LineString","coordinates":[[-108.60602,42.724401],[-108.606072,42.724598],[-108.6064,42.724691],[-108.606519,42.724626],[-108.606668,42.724653],[-108.60675,42.724872],[-108.606638,42.725355],[-108.606958,42.725646],[-108.607063,42.726003],[-108.60684,42.726414],[-108.607652,42.727023],[-108.607644,42.727221],[-108.607369,42.727303],[-108.607071,42.727276],[-108.606922,42.727358],[-108.606915,42.727468],[-108.607526,42.727918],[-108.608009,42.727753],[-108.608508,42.727851],[-108.608501,42.728115],[-108.608732,42.728318],[-108.608657,42.728581],[-108.60833,42.728751],[-108.608494,42.729125],[-108.608695,42.729305],[-108.60929,42.729185],[-108.609499,42.729234],[-108.609819,42.729481],[-108.60973,42.730139],[-108.609514,42.730375],[-108.609634,42.730446],[-108.610177,42.73026],[-108.610251,42.730479],[-108.610185,42.730808],[-108.610296,42.730918],[-108.610691,42.730688],[-108.610907,42.730649],[-108.611048,42.730847],[-108.611011,42.730956],[-108.610527,42.731055],[-108.610379,42.731187],[-108.610669,42.73139],[-108.610602,42.731538]]}},{"type":"Feature","properties":{"id":"wat-a969","kind":"water","name":"Creek","acres":null,"editable":false,"source":"USGS 3DHP flowlines (Channel Line)"},"geometry":{"type":"LineString","coordinates":[[-108.764263,42.662108],[-108.765016,42.661593],[-108.765538,42.661039],[-108.765778,42.660627]]}},{"type":"Feature","properties":{"id":"wat-a970","kind":"water","name":"Cherry Creek","acres":null,"editable":false,"source":"USGS 3DHP flowlines (Channel Line)"},"geometry":{"type":"LineString","coordinates":[[-108.711313,42.640444],[-108.710329,42.64073],[-108.709878,42.641116],[-108.709367,42.641318],[-108.709138,42.641753],[-108.708864,42.642004],[-108.708207,42.642191],[-108.707673,42.642459],[-108.707254,42.642817],[-108.707017,42.642863],[-108.706354,42.642847],[-108.705942,42.642939],[-108.705759,42.642836],[-108.705179,42.642817],[-108.702829,42.642432],[-108.700189,42.642264],[-108.69922,42.642306],[-108.698403,42.642615],[-108.697999,42.643233],[-108.697961,42.644015],[-108.697587,42.644415],[-108.694451,42.646464],[-108.692598,42.647559],[-108.692071,42.648036],[-108.691987,42.648207],[-108.692857,42.649863],[-108.692727,42.651679],[-108.692872,42.652239],[-108.693002,42.652465],[-108.693414,42.652827],[-108.69346,42.653052]]}},{"type":"Feature","properties":{"id":"wat-a971","kind":"water","name":"Middle Popo Agie River","acres":null,"editable":false,"source":"USGS 3DHP flowlines (Channel Line)"},"geometry":{"type":"LineString","coordinates":[[-108.781195,42.769465],[-108.780943,42.769816],[-108.780844,42.770354],[-108.780684,42.770675],[-108.779708,42.77148],[-108.778922,42.771991],[-108.778372,42.772887],[-108.777563,42.773299],[-108.776999,42.77386],[-108.775877,42.77455],[-108.775122,42.775206],[-108.774656,42.775836],[-108.774573,42.776549],[-108.772978,42.777388],[-108.772611,42.777675],[-108.772818,42.779021],[-108.772657,42.77978],[-108.773047,42.780318],[-108.773253,42.780891],[-108.773062,42.781646],[-108.773268,42.7826],[-108.772963,42.784396],[-108.772772,42.784739],[-108.771758,42.785399],[-108.771185,42.786052],[-108.770308,42.78675],[-108.769941,42.787166]]}},{"type":"Feature","properties":{"id":"wat-a972","kind":"water","name":"Creek","acres":null,"editable":false,"source":"USGS 3DHP flowlines (Channel Line)"},"geometry":{"type":"LineString","coordinates":[[-108.689921,42.7416],[-108.688654,42.741032],[-108.687998,42.740822],[-108.687784,42.740547],[-108.687373,42.740532],[-108.686189,42.740116],[-108.68622,42.739948],[-108.685724,42.739807],[-108.685458,42.739449],[-108.685144,42.739315],[-108.68503,42.73901],[-108.684191,42.738503],[-108.683458,42.738407],[-108.683085,42.738278],[-108.681002,42.73727],[-108.679964,42.736862],[-108.679811,42.736752],[-108.679567,42.736267],[-108.679163,42.735946],[-108.677919,42.735737],[-108.677522,42.7356]]}},{"type":"Feature","properties":{"id":"wat-a973","kind":"water","name":"Twin Creek","acres":null,"editable":false,"source":"USGS 3DHP flowlines (Channel Line)"},"geometry":{"type":"LineString","coordinates":[[-108.576485,42.700121],[-108.577088,42.70068],[-108.577534,42.700625],[-108.577303,42.7004],[-108.57737,42.700247],[-108.578203,42.700263],[-108.578293,42.700334],[-108.578159,42.700746],[-108.578233,42.701031],[-108.578174,42.701097],[-108.577817,42.701114],[-108.577631,42.701262],[-108.577006,42.701339],[-108.576879,42.701421],[-108.576835,42.701838],[-108.577125,42.701953],[-108.577348,42.701695],[-108.577675,42.701701],[-108.577891,42.702189],[-108.57801,42.702304],[-108.578271,42.702354],[-108.578055,42.702699],[-108.578487,42.703056],[-108.578985,42.703265],[-108.578859,42.703309],[-108.578658,42.703237],[-108.578502,42.703325],[-108.578368,42.703737],[-108.57845,42.703956],[-108.578293,42.704241],[-108.578279,42.704483],[-108.578487,42.704576],[-108.578762,42.704428],[-108.579291,42.704527],[-108.579298,42.704417],[-108.579663,42.704159],[-108.579529,42.70378],[-108.579647,42.703698],[-108.579826,42.703703],[-108.579945,42.703813],[-108.580295,42.703885],[-108.580421,42.703802],[-108.580634,42.703327]]}},{"type":"Feature","properties":{"id":"wat-a974","kind":"water","name":"Creek","acres":null,"editable":false,"source":"USGS 3DHP flowlines (Channel Line)"},"geometry":{"type":"LineString","coordinates":[[-108.733453,42.520454],[-108.73441,42.520268],[-108.736035,42.519609],[-108.740204,42.518449],[-108.74151,42.518235],[-108.742026,42.518043],[-108.742686,42.51795],[-108.744103,42.517821],[-108.744541,42.517843]]}},{"type":"Feature","properties":{"id":"wat-a975","kind":"water","name":"Red Canyon Creek","acres":null,"editable":false,"source":"USGS 3DHP flowlines (Channel Line)"},"geometry":{"type":"LineString","coordinates":[[-108.660492,42.673446],[-108.661018,42.673545],[-108.661232,42.673717],[-108.661156,42.673927],[-108.660896,42.674114],[-108.660835,42.674393],[-108.660622,42.674583],[-108.660942,42.67503],[-108.661026,42.67564],[-108.66201,42.676277],[-108.663117,42.676616],[-108.663697,42.677112]]}},{"type":"Feature","properties":{"id":"wat-a976","kind":"water","name":"Creek","acres":null,"editable":false,"source":"USGS 3DHP flowlines (Channel Line)"},"geometry":{"type":"LineString","coordinates":[[-108.733735,42.570802],[-108.733647,42.570238],[-108.732862,42.569034],[-108.732226,42.56776],[-108.73195,42.566972],[-108.731662,42.566516],[-108.731556,42.566081],[-108.731659,42.565606],[-108.731542,42.565117]]}},{"type":"Feature","properties":{"id":"wat-a977","kind":"water","name":"Creek","acres":null,"editable":false,"source":"USGS 3DHP flowlines (Channel Line)"},"geometry":{"type":"LineString","coordinates":[[-108.728672,42.614414],[-108.727925,42.614413],[-108.72742,42.614529],[-108.726779,42.61439],[-108.725582,42.614448],[-108.724927,42.614363],[-108.723755,42.614745],[-108.722554,42.614595]]}},{"type":"Feature","properties":{"id":"wat-a978","kind":"water","name":"Canyon Creek","acres":null,"editable":false,"source":"USGS 3DHP flowlines (Channel Line)"},"geometry":{"type":"LineString","coordinates":[[-108.747004,42.660433],[-108.746211,42.659834],[-108.745715,42.659182],[-108.744449,42.656663]]}},{"type":"Feature","properties":{"id":"wat-a979","kind":"water","name":"Creek","acres":null,"editable":false,"source":"USGS 3DHP flowlines (Channel Line)"},"geometry":{"type":"LineString","coordinates":[[-108.74192,42.618607],[-108.741593,42.618652],[-108.741147,42.61857],[-108.740477,42.618225],[-108.739524,42.617925],[-108.738941,42.617596]]}},{"type":"Feature","properties":{"id":"wat-a980","kind":"water","name":"Creek","acres":null,"editable":false,"source":"USGS 3DHP flowlines (Channel Line)"},"geometry":{"type":"LineString","coordinates":[[-108.722679,42.570348],[-108.722645,42.569831],[-108.722983,42.5685],[-108.723047,42.567655],[-108.723254,42.567344],[-108.723877,42.566771],[-108.724506,42.56595],[-108.724609,42.56575],[-108.724593,42.565272],[-108.724689,42.564999],[-108.725652,42.564177],[-108.726073,42.563532],[-108.726071,42.562807]]}},{"type":"Feature","properties":{"id":"wat-a981","kind":"water","name":"Creek","acres":null,"editable":false,"source":"USGS 3DHP flowlines (Channel Line)"},"geometry":{"type":"LineString","coordinates":[[-108.70455,42.540946],[-108.704566,42.541457],[-108.704916,42.542366]]}},{"type":"Feature","properties":{"id":"wat-a982","kind":"water","name":"Creek","acres":null,"editable":false,"source":"USGS 3DHP flowlines (Channel Line)"},"geometry":{"type":"LineString","coordinates":[[-108.771093,42.704332],[-108.770026,42.704807],[-108.768815,42.70554],[-108.768221,42.706087],[-108.767061,42.706793],[-108.765899,42.70786],[-108.763848,42.70819],[-108.763588,42.708284]]}},{"type":"Feature","properties":{"id":"wat-a983","kind":"water","name":"Beaver Creek","acres":null,"editable":false,"source":"USGS 3DHP flowlines (Channel Line)"},"geometry":{"type":"LineString","coordinates":[[-108.606206,42.518449],[-108.605724,42.518702],[-108.605465,42.518608],[-108.605072,42.518625],[-108.604456,42.518455],[-108.603736,42.518642],[-108.602913,42.518576],[-108.602728,42.518664],[-108.602082,42.518626],[-108.601185,42.518785],[-108.600858,42.518736],[-108.600688,42.518577],[-108.600391,42.518506],[-108.599167,42.518786],[-108.597417,42.519522],[-108.595355,42.519896],[-108.594643,42.519836],[-108.593923,42.520105],[-108.593115,42.520242],[-108.592247,42.520533],[-108.590556,42.520545],[-108.590311,42.520671],[-108.589154,42.520819]]}},{"type":"Feature","properties":{"id":"wat-a984","kind":"water","name":"Creek","acres":null,"editable":false,"source":"USGS 3DHP flowlines (Channel Line)"},"geometry":{"type":"LineString","coordinates":[[-108.754503,42.670374],[-108.753687,42.669628],[-108.753265,42.668828],[-108.752671,42.668366],[-108.751977,42.667992],[-108.751484,42.667442],[-108.749149,42.665846],[-108.748325,42.665163],[-108.746833,42.66421]]}},{"type":"Feature","properties":{"id":"wat-a985","kind":"water","name":"Pass Creek","acres":null,"editable":false,"source":"USGS 3DHP flowlines (Channel Line)"},"geometry":{"type":"LineString","coordinates":[[-108.771682,42.598536],[-108.771286,42.599181],[-108.77103,42.59987],[-108.770457,42.600201]]}},{"type":"Feature","properties":{"id":"wat-a986","kind":"water","name":"Creek","acres":null,"editable":false,"source":"USGS 3DHP flowlines (Channel Line)"},"geometry":{"type":"LineString","coordinates":[[-108.761935,42.540227],[-108.761667,42.539849],[-108.761058,42.539432],[-108.760081,42.539063]]}},{"type":"Feature","properties":{"id":"wat-a987","kind":"water","name":"Creek","acres":null,"editable":false,"source":"USGS 3DHP flowlines (Channel Line)"},"geometry":{"type":"LineString","coordinates":[[-108.758033,42.585639],[-108.758122,42.586116],[-108.75917,42.586583],[-108.75998,42.587505],[-108.760054,42.587878],[-108.75932,42.589272],[-108.759142,42.590107],[-108.75903,42.59026]]}},{"type":"Feature","properties":{"id":"wat-a988","kind":"water","name":"East Fork Cottonwood Creek","acres":null,"editable":false,"source":"USGS 3DHP flowlines (Channel Line)"},"geometry":{"type":"LineString","coordinates":[[-108.548337,42.633423],[-108.548315,42.633631],[-108.547876,42.634125],[-108.547757,42.634849],[-108.547906,42.635217]]}},{"type":"Feature","properties":{"id":"wat-a989","kind":"water","name":"Creek","acres":null,"editable":false,"source":"USGS 3DHP flowlines (Channel Line)"},"geometry":{"type":"LineString","coordinates":[[-108.720766,42.588089],[-108.720566,42.588193],[-108.720026,42.58904],[-108.719722,42.589287],[-108.719585,42.589304]]}},{"type":"Feature","properties":{"id":"wat-a990","kind":"water","name":"Creek","acres":null,"editable":false,"source":"USGS 3DHP flowlines (Channel Line)"},"geometry":{"type":"LineString","coordinates":[[-108.554516,42.704467],[-108.554107,42.70428],[-108.553333,42.704198],[-108.55285,42.703709],[-108.552641,42.70366],[-108.552418,42.703281],[-108.551407,42.702579],[-108.551094,42.702244],[-108.550901,42.701799],[-108.550492,42.701509],[-108.549822,42.700526],[-108.549272,42.700098],[-108.54896,42.699654],[-108.548498,42.699226],[-108.547919,42.698051],[-108.546877,42.69669],[-108.546625,42.696158],[-108.545814,42.694934],[-108.545629,42.69427],[-108.545592,42.693612],[-108.545279,42.693299],[-108.544788,42.692981]]}},{"type":"Feature","properties":{"id":"wat-a991","kind":"water","name":"Creek","acres":null,"editable":false,"source":"USGS 3DHP flowlines (Channel Line)"},"geometry":{"type":"LineString","coordinates":[[-108.610209,42.660817],[-108.609808,42.661355],[-108.609072,42.661844],[-108.608463,42.661866],[-108.607652,42.662004],[-108.607258,42.661943],[-108.606745,42.661976],[-108.605897,42.661626],[-108.60563,42.66162],[-108.604641,42.661911],[-108.603095,42.661879],[-108.602626,42.66178],[-108.602098,42.661528]]}},{"type":"Feature","properties":{"id":"wat-a992","kind":"water","name":"Creek","acres":null,"editable":false,"source":"USGS 3DHP flowlines (Channel Line)"},"geometry":{"type":"LineString","coordinates":[[-108.733302,42.660705],[-108.732607,42.658939]]}},{"type":"Feature","properties":{"id":"wat-a993","kind":"water","name":"Creek","acres":null,"editable":false,"source":"USGS 3DHP flowlines (Channel Line)"},"geometry":{"type":"LineString","coordinates":[[-108.556585,42.549126],[-108.556125,42.549554],[-108.555865,42.550031],[-108.555405,42.550465],[-108.555264,42.550986],[-108.554863,42.551529],[-108.554462,42.55187],[-108.554099,42.551996],[-108.553713,42.552029],[-108.55332,42.55233],[-108.552562,42.553389],[-108.552636,42.553785],[-108.552555,42.554311],[-108.553037,42.555003]]}},{"type":"Feature","properties":{"id":"wat-a994","kind":"water","name":"Creek","acres":null,"editable":false,"source":"USGS 3DHP flowlines (Channel Line)"},"geometry":{"type":"LineString","coordinates":[[-108.714919,42.619332],[-108.714783,42.619366],[-108.714567,42.619614]]}},{"type":"Feature","properties":{"id":"wat-a995","kind":"water","name":"Creek","acres":null,"editable":false,"source":"USGS 3DHP flowlines (Channel Line)"},"geometry":{"type":"LineString","coordinates":[[-108.595322,42.639987],[-108.594757,42.640349],[-108.594445,42.640755],[-108.593858,42.641249],[-108.593271,42.641579],[-108.592551,42.642803],[-108.591986,42.643434]]}},{"type":"Feature","properties":{"id":"wat-a996","kind":"water","name":"Creek","acres":null,"editable":false,"source":"USGS 3DHP flowlines (Channel Line)"},"geometry":{"type":"LineString","coordinates":[[-108.761592,42.675832],[-108.76116,42.676073],[-108.760338,42.677208],[-108.759592,42.677915],[-108.758735,42.678534],[-108.758616,42.678829]]}},{"type":"Feature","properties":{"id":"wat-a997","kind":"water","name":"Creek","acres":null,"editable":false,"source":"USGS 3DHP flowlines (Channel Line)"},"geometry":{"type":"LineString","coordinates":[[-108.721911,42.681537],[-108.72143,42.681952],[-108.719004,42.683646],[-108.715029,42.685523],[-108.714358,42.686099],[-108.713084,42.686954],[-108.712359,42.687213],[-108.710055,42.687609],[-108.708422,42.688319],[-108.706567,42.688876],[-108.704294,42.690002],[-108.703188,42.690376],[-108.702288,42.690509],[-108.701708,42.690501],[-108.699854,42.689498],[-108.6988,42.689223],[-108.698137,42.688949],[-108.69732,42.68885],[-108.696321,42.689002],[-108.695741,42.688995],[-108.694292,42.689258],[-108.692903,42.689407],[-108.691919,42.689395],[-108.690423,42.689601],[-108.68876,42.689506],[-108.68757,42.689224],[-108.686517,42.688834],[-108.686013,42.688774],[-108.684213,42.688941],[-108.682847,42.689155],[-108.681657,42.689037],[-108.681428,42.689075],[-108.680284,42.689716],[-108.678849,42.690337],[-108.678392,42.690394],[-108.675286,42.690323],[-108.673692,42.690502],[-108.672677,42.690761],[-108.672059,42.69136],[-108.671723,42.691551]]}},{"type":"Feature","properties":{"id":"wat-a998","kind":"water","name":"Creek","acres":null,"editable":false,"source":"USGS 3DHP flowlines (Channel Line)"},"geometry":{"type":"LineString","coordinates":[[-108.729079,42.538397],[-108.729704,42.537903],[-108.730158,42.537767]]}},{"type":"Feature","properties":{"id":"wat-a999","kind":"water","name":"Creek","acres":null,"editable":false,"source":"USGS 3DHP flowlines (Channel Line)"},"geometry":{"type":"LineString","coordinates":[[-108.727756,42.689658],[-108.727222,42.689761],[-108.726123,42.690302],[-108.725123,42.690604],[-108.724551,42.690917],[-108.72224,42.692603],[-108.718218,42.694873],[-108.7176,42.695388],[-108.71741,42.695659],[-108.716525,42.696185],[-108.715464,42.696315],[-108.714045,42.696265],[-108.713153,42.696311],[-108.71255,42.696543],[-108.711443,42.696769],[-108.710062,42.696376],[-108.709383,42.696345],[-108.707201,42.697421],[-108.705248,42.698138],[-108.703714,42.698291],[-108.703318,42.698253],[-108.702379,42.697986]]}},{"type":"Feature","properties":{"id":"wat-a1000","kind":"water","name":"Creek","acres":null,"editable":false,"source":"USGS 3DHP flowlines (Channel Line)"},"geometry":{"type":"LineString","coordinates":[[-108.742303,42.64235],[-108.741573,42.642172],[-108.740116,42.641975],[-108.739313,42.641974]]}},{"type":"Feature","properties":{"id":"wat-a1001","kind":"water","name":"Creek","acres":null,"editable":false,"source":"USGS 3DHP flowlines (Channel Line)"},"geometry":{"type":"LineString","coordinates":[[-108.701626,42.549354],[-108.700796,42.550659],[-108.699538,42.552115],[-108.697678,42.553613],[-108.697418,42.554035],[-108.697037,42.555036]]}},{"type":"Feature","properties":{"id":"wat-a1002","kind":"water","name":"Creek","acres":null,"editable":false,"source":"USGS 3DHP flowlines (Channel Line)"},"geometry":{"type":"LineString","coordinates":[[-108.574962,42.625856],[-108.574851,42.626114],[-108.574301,42.626498],[-108.573833,42.627145],[-108.573788,42.627518],[-108.573298,42.627946],[-108.572949,42.628594],[-108.572392,42.62911],[-108.572065,42.629554],[-108.571604,42.631025],[-108.571419,42.631332],[-108.571225,42.632468],[-108.571359,42.632825],[-108.571642,42.633138]]}},{"type":"Feature","properties":{"id":"wat-a1003","kind":"water","name":"Creek","acres":null,"editable":false,"source":"USGS 3DHP flowlines (Channel Line)"},"geometry":{"type":"LineString","coordinates":[[-108.779407,42.519709],[-108.77914,42.519962],[-108.778346,42.521516]]}},{"type":"Feature","properties":{"id":"wat-a1004","kind":"water","name":"Slate Creek","acres":null,"editable":false,"source":"USGS 3DHP flowlines (Channel Line)"},"geometry":{"type":"LineString","coordinates":[[-108.78393,42.52483],[-108.783211,42.524907],[-108.781727,42.524674],[-108.780332,42.524751],[-108.779879,42.524675]]}},{"type":"Feature","properties":{"id":"wat-a1005","kind":"water","name":"Beaver Creek","acres":null,"editable":false,"source":"USGS 3DHP flowlines (Channel Line)"},"geometry":{"type":"LineString","coordinates":[[-108.755779,42.562245],[-108.755369,42.562102],[-108.754594,42.561987],[-108.753673,42.561519],[-108.753274,42.561421],[-108.751856,42.561222],[-108.751571,42.56137]]}},{"type":"Feature","properties":{"id":"wat-a1006","kind":"water","name":"Creek","acres":null,"editable":false,"source":"USGS 3DHP flowlines (Channel Line)"},"geometry":{"type":"LineString","coordinates":[[-108.745909,42.55836],[-108.745544,42.55818],[-108.743894,42.557722],[-108.743656,42.557585],[-108.74297,42.556878]]}},{"type":"Feature","properties":{"id":"wat-a1007","kind":"water","name":"Creek","acres":null,"editable":false,"source":"USGS 3DHP flowlines (Channel Line)"},"geometry":{"type":"LineString","coordinates":[[-108.561319,42.5642],[-108.561817,42.565265],[-108.561883,42.565748],[-108.562403,42.566132]]}},{"type":"Feature","properties":{"id":"wat-a1008","kind":"water","name":"Creek","acres":null,"editable":false,"source":"USGS 3DHP flowlines (Channel Line)"},"geometry":{"type":"LineString","coordinates":[[-108.71558,42.617914],[-108.715479,42.61802],[-108.715532,42.618228],[-108.71464,42.618922]]}},{"type":"Feature","properties":{"id":"wat-a1009","kind":"water","name":"Creek","acres":null,"editable":false,"source":"USGS 3DHP flowlines (Channel Line)"},"geometry":{"type":"LineString","coordinates":[[-108.760215,42.579671],[-108.759921,42.579494]]}},{"type":"Feature","properties":{"id":"wat-a1010","kind":"water","name":"Creek","acres":null,"editable":false,"source":"USGS 3DHP flowlines (Channel Line)"},"geometry":{"type":"LineString","coordinates":[[-108.736647,42.581754],[-108.735711,42.581981],[-108.734955,42.582383],[-108.73442,42.582565],[-108.732947,42.582841]]}},{"type":"Feature","properties":{"id":"wat-a1011","kind":"water","name":"Creek","acres":null,"editable":false,"source":"USGS 3DHP flowlines (Channel Line)"},"geometry":{"type":"LineString","coordinates":[[-108.657143,42.764498],[-108.656055,42.764848],[-108.65534,42.764958],[-108.655117,42.76493]]}},{"type":"Feature","properties":{"id":"wat-a1012","kind":"water","name":"Willow Creek","acres":null,"editable":false,"source":"USGS 3DHP flowlines (Channel Line)"},"geometry":{"type":"LineString","coordinates":[[-108.747829,42.68157],[-108.746959,42.682948],[-108.746875,42.683516],[-108.746425,42.684252],[-108.7458,42.686354],[-108.745785,42.686968],[-108.746326,42.688296],[-108.746219,42.688803],[-108.746242,42.689482],[-108.74541,42.690672],[-108.745273,42.691279],[-108.744754,42.691889]]}},{"type":"Feature","properties":{"id":"wat-a1013","kind":"water","name":"Creek","acres":null,"editable":false,"source":"USGS 3DHP flowlines (Channel Line)"},"geometry":{"type":"LineString","coordinates":[[-108.616724,42.717504],[-108.616865,42.717664],[-108.617841,42.717992],[-108.617908,42.718497],[-108.618519,42.718947],[-108.618847,42.719594],[-108.619368,42.720066],[-108.619525,42.720527],[-108.619867,42.720889],[-108.620627,42.721426],[-108.620686,42.721388],[-108.621185,42.721574],[-108.622138,42.722205],[-108.62231,42.722429],[-108.622399,42.722386],[-108.622488,42.722457],[-108.623434,42.723417],[-108.623516,42.72362],[-108.623717,42.723751],[-108.624128,42.724794],[-108.624441,42.725084],[-108.62491,42.725315],[-108.626312,42.725591],[-108.626586,42.726266],[-108.626525,42.726597]]}},{"type":"Feature","properties":{"id":"wat-a1014","kind":"water","name":"Creek","acres":null,"editable":false,"source":"USGS 3DHP flowlines (Channel Line)"},"geometry":{"type":"LineString","coordinates":[[-108.612163,42.669042],[-108.611725,42.66952],[-108.611577,42.670392],[-108.611734,42.671671],[-108.611846,42.67189],[-108.611772,42.672329],[-108.611906,42.67262],[-108.612077,42.67273],[-108.612352,42.673306]]}},{"type":"Feature","properties":{"id":"wat-a1015","kind":"water","name":"Devils Creek","acres":null,"editable":false,"source":"USGS 3DHP flowlines (Channel Line)"},"geometry":{"type":"LineString","coordinates":[[-108.608627,42.716174],[-108.609021,42.71601],[-108.609192,42.716119],[-108.609282,42.716871],[-108.609066,42.717041],[-108.609238,42.717244],[-108.609201,42.717436],[-108.609729,42.717579],[-108.609804,42.718001],[-108.610072,42.71805],[-108.610243,42.718182],[-108.610303,42.718297],[-108.610169,42.718599],[-108.610526,42.719312],[-108.610549,42.719532],[-108.61046,42.719636],[-108.610512,42.719707],[-108.610661,42.719663],[-108.61075,42.719839],[-108.610683,42.719949],[-108.610735,42.72019],[-108.610884,42.720086],[-108.611033,42.720223],[-108.610989,42.720547],[-108.611219,42.720618],[-108.611376,42.720514],[-108.61206,42.720552],[-108.612403,42.720865],[-108.613028,42.720919],[-108.613408,42.721106],[-108.614063,42.721885],[-108.614182,42.721835],[-108.614316,42.721599],[-108.614487,42.721786],[-108.614473,42.722011],[-108.614956,42.721956],[-108.615247,42.722043],[-108.615351,42.722394],[-108.615716,42.722142],[-108.615954,42.722169],[-108.615999,42.722498],[-108.616415,42.722526],[-108.616699,42.72297],[-108.617391,42.723579],[-108.617317,42.723908],[-108.617042,42.724078],[-108.617161,42.724144],[-108.617459,42.724127],[-108.617854,42.724599],[-108.618382,42.724851],[-108.618606,42.725164],[-108.618755,42.725164],[-108.619015,42.725455],[-108.619857,42.725981],[-108.620162,42.725877],[-108.620236,42.726096],[-108.620415,42.726211],[-108.620683,42.726217],[-108.621458,42.726913],[-108.622031,42.727538],[-108.622084,42.727692],[-108.622687,42.728257],[-108.622977,42.728416],[-108.623833,42.728564],[-108.624243,42.728772],[-108.62469,42.728755],[-108.624905,42.728541],[-108.625106,42.728129],[-108.625679,42.727948]]}},{"type":"Feature","properties":{"id":"wat-a1016","kind":"water","name":"Creek","acres":null,"editable":false,"source":"USGS 3DHP flowlines (Channel Line)"},"geometry":{"type":"LineString","coordinates":[[-108.77556,42.680447],[-108.775473,42.68149],[-108.775069,42.682554],[-108.774378,42.68381],[-108.773974,42.684181],[-108.773435,42.684918],[-108.772973,42.685215],[-108.772502,42.685404],[-108.771469,42.685627],[-108.769594,42.685473],[-108.769076,42.685292],[-108.767331,42.685057]]}},{"type":"Feature","properties":{"id":"wat-a1017","kind":"water","name":"Creek","acres":null,"editable":false,"source":"USGS 3DHP flowlines (Channel Line)"},"geometry":{"type":"LineString","coordinates":[[-108.763588,42.708284],[-108.762576,42.708255],[-108.760838,42.708023],[-108.760341,42.708265],[-108.759654,42.708351],[-108.758286,42.708711],[-108.757788,42.708963],[-108.756993,42.709694],[-108.756191,42.710246],[-108.753983,42.71122],[-108.752324,42.711836],[-108.751438,42.712026],[-108.750233,42.712027],[-108.749759,42.7121],[-108.747776,42.712726],[-108.745266,42.713343],[-108.74416,42.713721],[-108.742969,42.713938],[-108.740665,42.714629],[-108.739154,42.714885],[-108.737713,42.715278],[-108.737339,42.715304],[-108.736042,42.715071],[-108.734019,42.715137],[-108.73251,42.714976],[-108.731952,42.714816],[-108.731013,42.71498],[-108.730769,42.714954],[-108.730304,42.714633],[-108.730151,42.714381],[-108.729449,42.713771]]}},{"type":"Feature","properties":{"id":"wat-a1018","kind":"water","name":"Creek","acres":null,"editable":false,"source":"USGS 3DHP flowlines (Channel Line)"},"geometry":{"type":"LineString","coordinates":[[-108.769647,42.528374],[-108.769328,42.527859],[-108.769216,42.527458],[-108.768459,42.526481],[-108.767612,42.52602],[-108.767068,42.525875]]}},{"type":"Feature","properties":{"id":"wat-a1019","kind":"water","name":"Creek","acres":null,"editable":false,"source":"USGS 3DHP flowlines (Channel Line)"},"geometry":{"type":"LineString","coordinates":[[-108.735839,42.522965],[-108.736914,42.522623],[-108.737766,42.5221],[-108.738203,42.52194],[-108.738389,42.521956]]}},{"type":"Feature","properties":{"id":"wat-a1020","kind":"water","name":"Creek","acres":null,"editable":false,"source":"USGS 3DHP flowlines (Channel Line)"},"geometry":{"type":"LineString","coordinates":[[-108.747541,42.580882],[-108.747441,42.58088]]}},{"type":"Feature","properties":{"id":"wat-a1021","kind":"water","name":"Deep Creek","acres":null,"editable":false,"source":"USGS 3DHP flowlines (Channel Line)"},"geometry":{"type":"LineString","coordinates":[[-108.67656,42.597029],[-108.676724,42.597852],[-108.676658,42.598652],[-108.676513,42.598964],[-108.676081,42.599415],[-108.675914,42.59997],[-108.675553,42.600179],[-108.674975,42.600968],[-108.674657,42.601007],[-108.674569,42.601086],[-108.674478,42.601553],[-108.674212,42.601835],[-108.67343,42.602207],[-108.672346,42.603175],[-108.672127,42.603468],[-108.671588,42.603538],[-108.670867,42.603929],[-108.668405,42.604581],[-108.667551,42.605248],[-108.666568,42.605777],[-108.665789,42.60641],[-108.665172,42.606604],[-108.665078,42.607152],[-108.665176,42.607784]]}},{"type":"Feature","properties":{"id":"wat-a1022","kind":"water","name":"Creek","acres":null,"editable":false,"source":"USGS 3DHP flowlines (Channel Line)"},"geometry":{"type":"LineString","coordinates":[[-108.728969,42.615637],[-108.729041,42.614862],[-108.728892,42.614594],[-108.728672,42.614414]]}},{"type":"Feature","properties":{"id":"wat-a1023","kind":"water","name":"Creek","acres":null,"editable":false,"source":"USGS 3DHP flowlines (Channel Line)"},"geometry":{"type":"LineString","coordinates":[[-108.644507,42.749969],[-108.644276,42.750122],[-108.64383,42.750133],[-108.643271,42.750292],[-108.642862,42.750292],[-108.642281,42.750176],[-108.641946,42.75022],[-108.640933,42.750571],[-108.640784,42.750692],[-108.640702,42.75101],[-108.640478,42.751169],[-108.640084,42.751196],[-108.639786,42.751399],[-108.639168,42.751591],[-108.637373,42.751579],[-108.635831,42.752506],[-108.635511,42.752357],[-108.635183,42.752555],[-108.634394,42.752522],[-108.633746,42.752423],[-108.633129,42.752186],[-108.632719,42.752268],[-108.632175,42.752263]]}},{"type":"Feature","properties":{"id":"wat-a1024","kind":"water","name":"Devils Creek","acres":null,"editable":false,"source":"USGS 3DHP flowlines (Channel Line)"},"geometry":{"type":"LineString","coordinates":[[-108.62301,42.66665],[-108.623293,42.667138],[-108.623249,42.667423],[-108.62339,42.667605],[-108.623599,42.668466],[-108.62331,42.669053]]}},{"type":"Feature","properties":{"id":"wat-a1025","kind":"water","name":"Creek","acres":null,"editable":false,"source":"USGS 3DHP flowlines (Channel Line)"},"geometry":{"type":"LineString","coordinates":[[-108.724109,42.687156],[-108.723544,42.68727],[-108.721018,42.68843],[-108.719615,42.688899],[-108.718493,42.689044],[-108.718005,42.689181],[-108.71731,42.689555],[-108.716631,42.689784],[-108.715655,42.690253],[-108.713633,42.690845],[-108.712405,42.691318],[-108.710657,42.691753],[-108.710314,42.691909],[-108.710009,42.692084],[-108.709528,42.692565],[-108.708422,42.693278],[-108.706514,42.694114],[-108.70582,42.694541],[-108.705195,42.69559],[-108.705141,42.696162],[-108.704943,42.696761],[-108.704165,42.697478],[-108.703875,42.697578],[-108.702951,42.697692],[-108.702379,42.697986]]}},{"type":"Feature","properties":{"id":"wat-a1026","kind":"water","name":"Creek","acres":null,"editable":false,"source":"USGS 3DHP flowlines (Channel Line)"},"geometry":{"type":"LineString","coordinates":[[-108.722458,42.753883],[-108.720507,42.7544],[-108.718363,42.754801],[-108.717239,42.755218],[-108.716561,42.755229],[-108.715139,42.755619],[-108.713888,42.755768],[-108.713471,42.756092],[-108.712087,42.756729],[-108.711506,42.756849],[-108.711208,42.756987],[-108.710627,42.757053],[-108.709205,42.757569],[-108.708721,42.757673],[-108.707619,42.757668],[-108.70598,42.757152],[-108.705735,42.757136],[-108.705288,42.757207],[-108.704648,42.757476],[-108.70321,42.757444],[-108.702577,42.757147],[-108.70228,42.757109],[-108.700984,42.756456],[-108.700127,42.75616],[-108.699554,42.755611],[-108.69866,42.755496],[-108.697759,42.755546],[-108.697238,42.755463],[-108.696828,42.75554],[-108.696002,42.756001],[-108.695049,42.755985],[-108.694751,42.756215],[-108.693776,42.75661],[-108.693306,42.756649],[-108.692837,42.756923],[-108.692093,42.757121],[-108.691266,42.757626],[-108.690797,42.757626],[-108.690008,42.757977],[-108.689539,42.758098]]}},{"type":"Feature","properties":{"id":"wat-a1027","kind":"water","name":"Creek","acres":null,"editable":false,"source":"USGS 3DHP flowlines (Channel Line)"},"geometry":{"type":"LineString","coordinates":[[-108.729153,42.527731],[-108.729235,42.527703]]}},{"type":"Feature","properties":{"id":"wat-a1028","kind":"water","name":"Rock Creek","acres":null,"editable":false,"source":"USGS 3DHP flowlines (Channel Line)"},"geometry":{"type":"LineString","coordinates":[[-108.77927,42.549625],[-108.777928,42.549764],[-108.777104,42.549567],[-108.776406,42.549562],[-108.775482,42.549375],[-108.775134,42.54937]]}},{"type":"Feature","properties":{"id":"wat-a1029","kind":"water","name":"Creek","acres":null,"editable":false,"source":"USGS 3DHP flowlines (Channel Line)"},"geometry":{"type":"LineString","coordinates":[[-108.719294,42.527177],[-108.719101,42.526595],[-108.719183,42.526409]]}},{"type":"Feature","properties":{"id":"wat-a1030","kind":"water","name":"Creek","acres":null,"editable":false,"source":"USGS 3DHP flowlines (Channel Line)"},"geometry":{"type":"LineString","coordinates":[[-108.756981,42.571088],[-108.756728,42.570385],[-108.756683,42.569886],[-108.758175,42.567981],[-108.758576,42.567761],[-108.759252,42.567602],[-108.759645,42.567382],[-108.759883,42.567076]]}},{"type":"Feature","properties":{"id":"wat-a1031","kind":"water","name":"Creek","acres":null,"editable":false,"source":"USGS 3DHP flowlines (Channel Line)"},"geometry":{"type":"LineString","coordinates":[[-108.713488,42.546387],[-108.712707,42.547894],[-108.712577,42.549422],[-108.712393,42.550265],[-108.712172,42.550742],[-108.711657,42.551322]]}},{"type":"Feature","properties":{"id":"wat-a1032","kind":"water","name":"Creek","acres":null,"editable":false,"source":"USGS 3DHP flowlines (Channel Line)"},"geometry":{"type":"LineString","coordinates":[[-108.757717,42.575292],[-108.755207,42.575271],[-108.754288,42.575065]]}},{"type":"Feature","properties":{"id":"wat-a1033","kind":"water","name":"Creek","acres":null,"editable":false,"source":"USGS 3DHP flowlines (Channel Line)"},"geometry":{"type":"LineString","coordinates":[[-108.543126,42.622424],[-108.543519,42.622868],[-108.543712,42.623313],[-108.543757,42.623686],[-108.543623,42.624191],[-108.543318,42.624696],[-108.543331,42.624966],[-108.543947,42.625345],[-108.544817,42.626042],[-108.545032,42.626596],[-108.545047,42.626925],[-108.544824,42.627381],[-108.544772,42.627973],[-108.545173,42.628374],[-108.545611,42.628429],[-108.54576,42.628522],[-108.545893,42.628851],[-108.545841,42.6294],[-108.54541,42.629872],[-108.54512,42.630415],[-108.545142,42.630679],[-108.54561,42.631611],[-108.545952,42.631946],[-108.545922,42.632692],[-108.545818,42.63311],[-108.545632,42.633411],[-108.545572,42.634201]]}},{"type":"Feature","properties":{"id":"wat-a1034","kind":"water","name":"Willow Creek","acres":null,"editable":false,"source":"USGS 3DHP flowlines (Channel Line)"},"geometry":{"type":"LineString","coordinates":[[-108.745403,42.697619],[-108.744793,42.698481],[-108.744373,42.698725],[-108.743549,42.699007],[-108.74329,42.699233],[-108.743183,42.699744],[-108.743205,42.701159],[-108.743366,42.702898],[-108.742962,42.703951],[-108.742534,42.704711],[-108.741764,42.705813],[-108.741466,42.706393],[-108.740619,42.707389],[-108.740131,42.707858],[-108.739185,42.708465],[-108.738933,42.708785]]}},{"type":"Feature","properties":{"id":"wat-a1035","kind":"water","name":"Creek","acres":null,"editable":false,"source":"USGS 3DHP flowlines (Channel Line)"},"geometry":{"type":"LineString","coordinates":[[-108.769276,42.688741],[-108.769439,42.688961],[-108.769445,42.689329],[-108.769047,42.690271]]}},{"type":"Feature","properties":{"id":"wat-a1036","kind":"water","name":"Creek","acres":null,"editable":false,"source":"USGS 3DHP flowlines (Channel Line)"},"geometry":{"type":"LineString","coordinates":[[-108.718507,42.577392],[-108.720071,42.578839],[-108.720288,42.579338],[-108.720522,42.580414],[-108.720794,42.580767]]}},{"type":"Feature","properties":{"id":"wat-a1037","kind":"water","name":"Creek","acres":null,"editable":false,"source":"USGS 3DHP flowlines (Channel Line)"},"geometry":{"type":"LineString","coordinates":[[-108.701809,42.531639],[-108.700719,42.532173],[-108.699281,42.533037],[-108.697778,42.534494],[-108.697125,42.534901],[-108.694032,42.535866],[-108.692592,42.535912],[-108.692036,42.536044],[-108.691598,42.536243],[-108.689375,42.537821],[-108.688665,42.538871],[-108.688293,42.539222]]}},{"type":"Feature","properties":{"id":"wat-a1038","kind":"water","name":"Creek","acres":null,"editable":false,"source":"USGS 3DHP flowlines (Channel Line)"},"geometry":{"type":"LineString","coordinates":[[-108.769319,42.573941],[-108.769232,42.573939]]}},{"type":"Feature","properties":{"id":"wat-a1039","kind":"water","name":"Creek","acres":null,"editable":false,"source":"USGS 3DHP flowlines (Channel Line)"},"geometry":{"type":"LineString","coordinates":[[-108.779354,42.568112],[-108.778567,42.568787],[-108.778189,42.568868]]}},{"type":"Feature","properties":{"id":"wat-a1040","kind":"water","name":"Creek","acres":null,"editable":false,"source":"USGS 3DHP flowlines (Channel Line)"},"geometry":{"type":"LineString","coordinates":[[-108.570187,42.650972],[-108.570544,42.651048],[-108.570678,42.651443],[-108.570938,42.651625],[-108.571161,42.651959],[-108.571154,42.652135],[-108.571325,42.652272],[-108.571458,42.652733],[-108.571362,42.652974],[-108.571079,42.653232],[-108.570938,42.653885],[-108.570633,42.654187],[-108.570269,42.65506],[-108.570143,42.655164],[-108.570188,42.655581]]}},{"type":"Feature","properties":{"id":"wat-a1041","kind":"water","name":"Creek","acres":null,"editable":false,"source":"USGS 3DHP flowlines (Channel Line)"},"geometry":{"type":"LineString","coordinates":[[-108.761168,42.534909],[-108.760203,42.535063],[-108.759473,42.535015]]}},{"type":"Feature","properties":{"id":"wat-a1042","kind":"water","name":"Creek","acres":null,"editable":false,"source":"USGS 3DHP flowlines (Channel Line)"},"geometry":{"type":"LineString","coordinates":[[-108.757428,42.541136],[-108.756657,42.540509],[-108.756457,42.540196],[-108.75613,42.540009],[-108.755662,42.53993]]}},{"type":"Feature","properties":{"id":"wat-a1043","kind":"water","name":"Creek","acres":null,"editable":false,"source":"USGS 3DHP flowlines (Channel Line)"},"geometry":{"type":"LineString","coordinates":[[-108.760805,42.536654],[-108.760315,42.536742],[-108.759481,42.537204]]}},{"type":"Feature","properties":{"id":"wat-a1044","kind":"water","name":"Creek","acres":null,"editable":false,"source":"USGS 3DHP flowlines (Channel Line)"},"geometry":{"type":"LineString","coordinates":[[-108.767068,42.525875],[-108.766688,42.525624],[-108.765961,42.52488]]}},{"type":"Feature","properties":{"id":"wat-a1045","kind":"water","name":"Creek","acres":null,"editable":false,"source":"USGS 3DHP flowlines (Channel Line)"},"geometry":{"type":"LineString","coordinates":[[-108.729646,42.526501],[-108.73059,42.526797]]}},{"type":"Feature","properties":{"id":"wat-a1046","kind":"water","name":"Creek","acres":null,"editable":false,"source":"USGS 3DHP flowlines (Channel Line)"},"geometry":{"type":"LineString","coordinates":[[-108.751172,42.581403],[-108.751006,42.581396],[-108.750681,42.581713],[-108.749967,42.581636],[-108.749566,42.581691],[-108.74835,42.582248],[-108.747474,42.582447],[-108.747043,42.582529],[-108.746462,42.582396],[-108.746085,42.582402]]}},{"type":"Feature","properties":{"id":"wat-a1047","kind":"water","name":"Little Popo Agie River","acres":null,"editable":false,"source":"USGS 3DHP flowlines (Channel Line)"},"geometry":{"type":"LineString","coordinates":[[-108.617183,42.753172],[-108.617741,42.753101],[-108.617987,42.753139],[-108.618069,42.753413],[-108.618441,42.753616],[-108.618516,42.753742],[-108.618487,42.754028],[-108.618278,42.754318],[-108.618122,42.754939],[-108.617951,42.755048],[-108.617452,42.755104],[-108.617177,42.755384],[-108.617535,42.755888],[-108.617833,42.75597],[-108.618205,42.755597],[-108.618414,42.755734],[-108.618786,42.755635],[-108.61895,42.755701],[-108.619121,42.756003],[-108.619442,42.756178],[-108.620239,42.757105],[-108.620039,42.757824],[-108.620225,42.757934],[-108.620508,42.757873],[-108.620776,42.758147],[-108.621037,42.758257],[-108.622027,42.758289],[-108.622176,42.758426],[-108.622296,42.75892],[-108.623109,42.759726],[-108.62331,42.759737],[-108.623667,42.759627],[-108.623607,42.759353],[-108.62392,42.759254],[-108.624403,42.758689],[-108.624701,42.758491],[-108.625185,42.758573],[-108.625371,42.758847],[-108.625357,42.759188],[-108.625676,42.759321],[-108.626018,42.759327],[-108.626152,42.759256],[-108.626525,42.758834]]}},{"type":"Feature","properties":{"id":"wat-a1048","kind":"water","name":"Creek","acres":null,"editable":false,"source":"USGS 3DHP flowlines (Channel Line)"},"geometry":{"type":"LineString","coordinates":[[-108.722329,42.630787],[-108.719941,42.629789],[-108.719442,42.629706],[-108.718745,42.629769],[-108.717912,42.630091]]}},{"type":"Feature","properties":{"id":"wat-a1049","kind":"water","name":"Creek","acres":null,"editable":false,"source":"USGS 3DHP flowlines (Channel Line)"},"geometry":{"type":"LineString","coordinates":[[-108.726062,42.527154],[-108.72699,42.527389],[-108.727719,42.527822],[-108.728231,42.527837],[-108.729153,42.527731]]}},{"type":"Feature","properties":{"id":"wat-a1050","kind":"water","name":"East Fork Cottonwood Creek","acres":null,"editable":false,"source":"USGS 3DHP flowlines (Channel Line)"},"geometry":{"type":"LineString","coordinates":[[-108.565735,42.678693],[-108.565854,42.678672],[-108.566196,42.678304],[-108.566613,42.678425],[-108.566843,42.678518],[-108.567103,42.678765],[-108.566732,42.679083],[-108.567051,42.679248],[-108.567498,42.679275]]}},{"type":"Feature","properties":{"id":"wat-a1051","kind":"water","name":"Creek","acres":null,"editable":false,"source":"USGS 3DHP flowlines (Channel Line)"},"geometry":{"type":"LineString","coordinates":[[-108.753699,42.635373],[-108.7546,42.634913],[-108.755852,42.634009],[-108.756358,42.633774],[-108.757013,42.633665]]}},{"type":"Feature","properties":{"id":"wat-a1052","kind":"water","name":"Creek","acres":null,"editable":false,"source":"USGS 3DHP flowlines (Channel Line)"},"geometry":{"type":"LineString","coordinates":[[-108.780543,42.559916],[-108.779986,42.559845],[-108.77908,42.559933],[-108.777467,42.560353]]}},{"type":"Feature","properties":{"id":"wat-a1053","kind":"water","name":"Creek","acres":null,"editable":false,"source":"USGS 3DHP flowlines (Channel Line)"},"geometry":{"type":"LineString","coordinates":[[-108.71843,42.599437],[-108.718045,42.599844],[-108.717699,42.60063],[-108.717116,42.601239],[-108.716929,42.601794]]}},{"type":"Feature","properties":{"id":"wat-a1054","kind":"water","name":"Twin Creek","acres":null,"editable":false,"source":"USGS 3DHP flowlines (Channel Line)"},"geometry":{"type":"LineString","coordinates":[[-108.64251,42.587202],[-108.642187,42.587367],[-108.641928,42.587767],[-108.641338,42.588232],[-108.64027,42.588777],[-108.639318,42.58946],[-108.638406,42.589729],[-108.637827,42.590204],[-108.637492,42.59035],[-108.636951,42.590483],[-108.636499,42.5905],[-108.635512,42.590831],[-108.634975,42.590847],[-108.634483,42.590981],[-108.633972,42.590952],[-108.632916,42.591156]]}},{"type":"Feature","properties":{"id":"wat-a1055","kind":"water","name":"Creek","acres":null,"editable":false,"source":"USGS 3DHP flowlines (Channel Line)"},"geometry":{"type":"LineString","coordinates":[[-108.718211,42.70996],[-108.717105,42.710609],[-108.715968,42.711478],[-108.71564,42.711867],[-108.715411,42.712367],[-108.715334,42.712856],[-108.714648,42.713607],[-108.714564,42.713851],[-108.714678,42.71445],[-108.714641,42.714874],[-108.714884,42.715515],[-108.714763,42.716022],[-108.714885,42.716296],[-108.714831,42.716376]]}},{"type":"Feature","properties":{"id":"wat-a1056","kind":"water","name":"Creek","acres":null,"editable":false,"source":"USGS 3DHP flowlines (Channel Line)"},"geometry":{"type":"LineString","coordinates":[[-108.58741,42.761468],[-108.5882,42.761929],[-108.58852,42.762203],[-108.589138,42.762472],[-108.58969,42.763054],[-108.589712,42.763641],[-108.589906,42.763981],[-108.590375,42.764305],[-108.590562,42.764293],[-108.590845,42.764442],[-108.590621,42.764743],[-108.590718,42.76532],[-108.590964,42.765638],[-108.59086,42.766324],[-108.590458,42.766697],[-108.589565,42.767142],[-108.588843,42.767778],[-108.588828,42.767888],[-108.588977,42.768009],[-108.588798,42.76842],[-108.588836,42.768859],[-108.58862,42.769496],[-108.588196,42.769907],[-108.587719,42.770215],[-108.588025,42.770802],[-108.588211,42.770977],[-108.589112,42.7714],[-108.590073,42.77219],[-108.59017,42.772398],[-108.589932,42.77281],[-108.590267,42.77315],[-108.590163,42.773397],[-108.589977,42.773512],[-108.589605,42.773523],[-108.588302,42.774094],[-108.587363,42.774983],[-108.586909,42.775636],[-108.586708,42.775669],[-108.586634,42.775422],[-108.586358,42.775812],[-108.585844,42.776086],[-108.585733,42.776333],[-108.585286,42.776723],[-108.585271,42.777014],[-108.584824,42.777014],[-108.584422,42.777431],[-108.584154,42.777415],[-108.584236,42.777651],[-108.584124,42.777854],[-108.5837,42.778199],[-108.58361,42.778507],[-108.583238,42.778699],[-108.583149,42.778852],[-108.583246,42.779055],[-108.583149,42.77922],[-108.582799,42.779374],[-108.582523,42.779621],[-108.582449,42.779802],[-108.581853,42.780142],[-108.581726,42.780301],[-108.582144,42.780834],[-108.582054,42.781081],[-108.581809,42.781152],[-108.581608,42.781317],[-108.580952,42.781415],[-108.580438,42.782079],[-108.580163,42.782134],[-108.58014,42.782288],[-108.579917,42.782261],[-108.579656,42.782359],[-108.579604,42.782579],[-108.579068,42.782925],[-108.57877,42.782941],[-108.578532,42.783215],[-108.577563,42.783578],[-108.577317,42.783775],[-108.577154,42.784061],[-108.576677,42.784434],[-108.576416,42.784587],[-108.576208,42.78456],[-108.575932,42.784675],[-108.575157,42.785306]]}},{"type":"Feature","properties":{"id":"wat-a1057","kind":"water","name":"Creek","acres":null,"editable":false,"source":"USGS 3DHP flowlines (Channel Line)"},"geometry":{"type":"LineString","coordinates":[[-108.754108,42.646098],[-108.754122,42.646284],[-108.75439,42.646422],[-108.754715,42.647059],[-108.755265,42.647401],[-108.755422,42.647901]]}},{"type":"Feature","properties":{"id":"wat-a1058","kind":"water","name":"Creek","acres":null,"editable":false,"source":"USGS 3DHP flowlines (Channel Line)"},"geometry":{"type":"LineString","coordinates":[[-108.727936,42.774125],[-108.727088,42.774531],[-108.726716,42.775053],[-108.725956,42.775816],[-108.725718,42.775914],[-108.725286,42.775898],[-108.724459,42.776266],[-108.723596,42.77693],[-108.72294,42.777205],[-108.722263,42.777847],[-108.722032,42.778506],[-108.721615,42.779175],[-108.721496,42.779697],[-108.721117,42.780092],[-108.720492,42.781146],[-108.720648,42.782079],[-108.7205,42.78226],[-108.720164,42.782446],[-108.719896,42.782776],[-108.718846,42.783347],[-108.718623,42.783374],[-108.71834,42.783275],[-108.717893,42.783259],[-108.716731,42.783556],[-108.716314,42.784286],[-108.71612,42.784845],[-108.715077,42.785169],[-108.714474,42.785576],[-108.714079,42.78562],[-108.712351,42.786668]]}},{"type":"Feature","properties":{"id":"wat-a1059","kind":"water","name":"Creek","acres":null,"editable":false,"source":"USGS 3DHP flowlines (Channel Line)"},"geometry":{"type":"LineString","coordinates":[[-108.75152,42.62066],[-108.753564,42.620864]]}},{"type":"Feature","properties":{"id":"wat-a1060","kind":"water","name":"Creek","acres":null,"editable":false,"source":"USGS 3DHP flowlines (Channel Line)"},"geometry":{"type":"LineString","coordinates":[[-108.739228,42.772781],[-108.73855,42.773325],[-108.737798,42.773775],[-108.737456,42.774214],[-108.737077,42.775131],[-108.737391,42.776931],[-108.736975,42.777738],[-108.7369,42.778012],[-108.737042,42.778385],[-108.736722,42.778906],[-108.736544,42.779949],[-108.736686,42.780317],[-108.736858,42.780459],[-108.73691,42.780706],[-108.736158,42.781431],[-108.73566,42.782743],[-108.735764,42.783198],[-108.736376,42.783653],[-108.736294,42.784422]]}},{"type":"Feature","properties":{"id":"wat-a1061","kind":"water","name":"Beaver Creek","acres":null,"editable":false,"source":"USGS 3DHP flowlines (Channel Line)"},"geometry":{"type":"LineString","coordinates":[[-108.66968,42.540264],[-108.669272,42.540102],[-108.669027,42.5398],[-108.668693,42.539613],[-108.667627,42.539465],[-108.667236,42.539187],[-108.666809,42.539215],[-108.666198,42.538923],[-108.665628,42.538875],[-108.665051,42.538675],[-108.664252,42.53855],[-108.662665,42.538004]]}},{"type":"Feature","properties":{"id":"wat-a1062","kind":"water","name":"Creek","acres":null,"editable":false,"source":"USGS 3DHP flowlines (Channel Line)"},"geometry":{"type":"LineString","coordinates":[[-108.549514,42.711451],[-108.54883,42.710688],[-108.547647,42.709679],[-108.545565,42.706781],[-108.545372,42.706337],[-108.544062,42.705519],[-108.543639,42.704915],[-108.543378,42.704734],[-108.543118,42.704662],[-108.542277,42.704053],[-108.54198,42.704004],[-108.54105,42.703526],[-108.540604,42.703405],[-108.539778,42.702577],[-108.539109,42.702165],[-108.538737,42.701808],[-108.538388,42.701622],[-108.538388,42.701534],[-108.538001,42.701462],[-108.537287,42.700831],[-108.535933,42.700496],[-108.535368,42.700463],[-108.535189,42.70037],[-108.53391,42.700364],[-108.533211,42.700002],[-108.532177,42.699892],[-108.531857,42.699776],[-108.530637,42.699748],[-108.530488,42.699699],[-108.529254,42.698513],[-108.528867,42.698546],[-108.528778,42.698612]]}},{"type":"Feature","properties":{"id":"wat-a1063","kind":"water","name":"Creek","acres":null,"editable":false,"source":"USGS 3DHP flowlines (Channel Line)"},"geometry":{"type":"LineString","coordinates":[[-108.77425,42.576479],[-108.773456,42.577099],[-108.772966,42.577401],[-108.77268,42.577465]]}},{"type":"Feature","properties":{"id":"wat-a1064","kind":"water","name":"Tweed Creek","acres":null,"editable":false,"source":"USGS 3DHP flowlines (Channel Line)"},"geometry":{"type":"LineString","coordinates":[[-108.582576,42.579794],[-108.582212,42.580068],[-108.582502,42.580189],[-108.582465,42.580381],[-108.582197,42.580463],[-108.581893,42.5807],[-108.581188,42.580425],[-108.580646,42.58059],[-108.580475,42.580541],[-108.580334,42.580359],[-108.579799,42.580217],[-108.579554,42.580497],[-108.579109,42.580447],[-108.578812,42.58053],[-108.578455,42.580431],[-108.578277,42.580497],[-108.578329,42.580716],[-108.578062,42.580623],[-108.577824,42.58064],[-108.577698,42.58081],[-108.577965,42.580925],[-108.577869,42.581079],[-108.577691,42.580985],[-108.577364,42.581024],[-108.577252,42.58087],[-108.576837,42.580925],[-108.57671,42.580991],[-108.576555,42.581293],[-108.576436,42.581249],[-108.576414,42.581024],[-108.576206,42.581002],[-108.576332,42.580782],[-108.57625,42.580673],[-108.575797,42.580793],[-108.575032,42.580623],[-108.574795,42.580706],[-108.574208,42.580475],[-108.574089,42.580519],[-108.574052,42.580717],[-108.573666,42.580662],[-108.573339,42.580772],[-108.573369,42.580903],[-108.573495,42.580821],[-108.57357,42.580854],[-108.573726,42.581074],[-108.573644,42.581216],[-108.573584,42.581244],[-108.573414,42.581095],[-108.573013,42.581419],[-108.572656,42.581518],[-108.572604,42.581167],[-108.572397,42.581161],[-108.572248,42.581611],[-108.572062,42.581397],[-108.571855,42.581502],[-108.571788,42.581677],[-108.571513,42.58176],[-108.571357,42.581974]]}},{"type":"Feature","properties":{"id":"wat-a1065","kind":"water","name":"Little Popo Agie River","acres":null,"editable":false,"source":"USGS 3DHP flowlines (Channel Line)"},"geometry":{"type":"LineString","coordinates":[[-108.666848,42.685138],[-108.666702,42.68584],[-108.666207,42.68645],[-108.66626,42.686584],[-108.666413,42.686649],[-108.667061,42.686622],[-108.667077,42.687023],[-108.666451,42.687153],[-108.666047,42.687362],[-108.665833,42.688049],[-108.665368,42.6884],[-108.664963,42.688908],[-108.664727,42.688999],[-108.663697,42.689052],[-108.66346,42.689197],[-108.663567,42.689449],[-108.663971,42.689689],[-108.663743,42.690212],[-108.66391,42.691116],[-108.663681,42.692214],[-108.663796,42.69244],[-108.664032,42.692638],[-108.663743,42.693405],[-108.66288,42.693985],[-108.662529,42.694473],[-108.662499,42.694698],[-108.662842,42.695884],[-108.662812,42.696068]]}},{"type":"Feature","properties":{"id":"wat-a1066","kind":"water","name":"Creek","acres":null,"editable":false,"source":"USGS 3DHP flowlines (Channel Line)"},"geometry":{"type":"LineString","coordinates":[[-108.737911,42.556123],[-108.737917,42.555909],[-108.737701,42.555416],[-108.737134,42.554813],[-108.736561,42.554479],[-108.735543,42.554184],[-108.733915,42.553522],[-108.732785,42.553272],[-108.731137,42.553231],[-108.730071,42.552688]]}},{"type":"Feature","properties":{"id":"wat-a1067","kind":"water","name":"Creek","acres":null,"editable":false,"source":"USGS 3DHP flowlines (Channel Line)"},"geometry":{"type":"LineString","coordinates":[[-108.635729,42.77682],[-108.636302,42.777138],[-108.636391,42.777512],[-108.636666,42.777813],[-108.636517,42.77795],[-108.635981,42.777742],[-108.635549,42.777764]]}},{"type":"Feature","properties":{"id":"wat-a1068","kind":"water","name":"Creek","acres":null,"editable":false,"source":"USGS 3DHP flowlines (Channel Line)"},"geometry":{"type":"LineString","coordinates":[[-108.603802,42.74927],[-108.604956,42.749319],[-108.605931,42.749533],[-108.606572,42.749856],[-108.606734,42.75023],[-108.606511,42.750477],[-108.606548,42.750713],[-108.606355,42.75141],[-108.606393,42.751739],[-108.60681,42.752112],[-108.607205,42.752288],[-108.607942,42.753122],[-108.608322,42.75339],[-108.608896,42.753483],[-108.609528,42.753285],[-108.61031,42.752638],[-108.610682,42.752429],[-108.611478,42.752231],[-108.612893,42.752016],[-108.614092,42.75212],[-108.614956,42.75235],[-108.615365,42.752537],[-108.616438,42.753409],[-108.616811,42.753392],[-108.617183,42.753172]]}},{"type":"Feature","properties":{"id":"wat-a1069","kind":"water","name":"Creek","acres":null,"editable":false,"source":"USGS 3DHP flowlines (Channel Line)"},"geometry":{"type":"LineString","coordinates":[[-108.708682,42.547534],[-108.708601,42.548226],[-108.708461,42.548565],[-108.7075,42.549924],[-108.706515,42.551003],[-108.706057,42.552025],[-108.705835,42.552273],[-108.704092,42.552832],[-108.702296,42.553814],[-108.699929,42.554288],[-108.698266,42.554521],[-108.697495,42.554784],[-108.697037,42.555036]]}},{"type":"Feature","properties":{"id":"wat-a1070","kind":"water","name":"Weiser Creek","acres":null,"editable":false,"source":"USGS 3DHP flowlines (Channel Line)"},"geometry":{"type":"LineString","coordinates":[[-108.59545,42.658079],[-108.595033,42.658134],[-108.594178,42.65803],[-108.590886,42.660796],[-108.589556,42.661515],[-108.588195,42.662053],[-108.587638,42.662701],[-108.586092,42.66308],[-108.585936,42.664194]]}},{"type":"Feature","properties":{"id":"wat-a1071","kind":"water","name":"Creek","acres":null,"editable":false,"source":"USGS 3DHP flowlines (Channel Line)"},"geometry":{"type":"LineString","coordinates":[[-108.667821,42.521828],[-108.667089,42.521534],[-108.665907,42.520609],[-108.665505,42.519944],[-108.665113,42.51872],[-108.665291,42.515878],[-108.66446,42.514663],[-108.66426,42.514155],[-108.664349,42.513742],[-108.665047,42.512649],[-108.665248,42.512131],[-108.665168,42.511355],[-108.664659,42.510624],[-108.664362,42.509792],[-108.664645,42.508986],[-108.664674,42.508641],[-108.664561,42.508153],[-108.664829,42.507689],[-108.664766,42.50692]]}},{"type":"Feature","properties":{"id":"wat-a1072","kind":"water","name":"Creek","acres":null,"editable":false,"source":"USGS 3DHP flowlines (Channel Line)"},"geometry":{"type":"LineString","coordinates":[[-108.571642,42.633138],[-108.571575,42.633418],[-108.571292,42.633763],[-108.570988,42.633977],[-108.570423,42.633966],[-108.56942,42.634625],[-108.569167,42.634883],[-108.567807,42.63716],[-108.56783,42.637314],[-108.567547,42.637594]]}},{"type":"Feature","properties":{"id":"wat-a1073","kind":"water","name":"Willow Creek","acres":null,"editable":false,"source":"USGS 3DHP flowlines (Channel Line)"},"geometry":{"type":"LineString","coordinates":[[-108.65416,42.744923],[-108.653169,42.74503],[-108.652886,42.745171],[-108.652657,42.745671],[-108.652139,42.746125],[-108.652283,42.746472],[-108.652009,42.74664],[-108.651337,42.747502],[-108.651047,42.747639],[-108.650933,42.747845],[-108.650857,42.74807],[-108.651048,42.748474],[-108.650903,42.749005],[-108.651139,42.749295],[-108.651711,42.74965],[-108.65193,42.749966]]}},{"type":"Feature","properties":{"id":"wat-a1074","kind":"water","name":"Creek","acres":null,"editable":false,"source":"USGS 3DHP flowlines (Channel Line)"},"geometry":{"type":"LineString","coordinates":[[-108.737943,42.587588],[-108.737698,42.587627],[-108.736828,42.587414],[-108.736582,42.587433]]}},{"type":"Feature","properties":{"id":"wat-a1075","kind":"water","name":"Creek","acres":null,"editable":false,"source":"USGS 3DHP flowlines (Channel Line)"},"geometry":{"type":"LineString","coordinates":[[-108.778203,42.588186],[-108.778424,42.588262]]}},{"type":"Feature","properties":{"id":"wat-a1076","kind":"water","name":"Creek","acres":null,"editable":false,"source":"USGS 3DHP flowlines (Channel Line)"},"geometry":{"type":"LineString","coordinates":[[-108.702991,42.577957],[-108.701159,42.578074],[-108.699758,42.578397],[-108.69868,42.578537],[-108.697239,42.578292],[-108.696375,42.578266],[-108.695222,42.578468],[-108.692169,42.579316],[-108.691508,42.579411],[-108.690891,42.579623],[-108.690292,42.579674],[-108.68954,42.579893]]}},{"type":"Feature","properties":{"id":"wat-a1077","kind":"water","name":"Barrett Creek","acres":null,"editable":false,"source":"USGS 3DHP flowlines (Channel Line)"},"geometry":{"type":"LineString","coordinates":[[-108.70118,42.608665],[-108.700632,42.609312],[-108.69971,42.609843],[-108.699608,42.609967],[-108.699609,42.610255],[-108.699121,42.610605],[-108.698172,42.61155],[-108.697671,42.611918],[-108.696734,42.612187],[-108.696293,42.612575],[-108.695997,42.612668],[-108.694828,42.613635],[-108.694736,42.614146],[-108.69431,42.614444],[-108.693992,42.614807],[-108.693194,42.615286],[-108.692519,42.615407],[-108.692185,42.615545],[-108.690311,42.615768],[-108.687984,42.616379],[-108.687364,42.616672],[-108.687083,42.617],[-108.686809,42.617165],[-108.68576,42.617504],[-108.685097,42.617635],[-108.68465,42.617842],[-108.684066,42.617821],[-108.68316,42.617578],[-108.681997,42.617707],[-108.681695,42.617647],[-108.680787,42.617134],[-108.678864,42.616707],[-108.678692,42.616758],[-108.678089,42.617232],[-108.675959,42.617783],[-108.674736,42.617893],[-108.674488,42.617996],[-108.673978,42.618589],[-108.673743,42.618693],[-108.673453,42.619263],[-108.673187,42.619528],[-108.672569,42.619759],[-108.670983,42.620114],[-108.670087,42.6206],[-108.66932,42.62089],[-108.668038,42.621594],[-108.66701,42.622356],[-108.664428,42.623888],[-108.664009,42.62433],[-108.663155,42.624682],[-108.662422,42.625159],[-108.6613,42.625659],[-108.660522,42.626098],[-108.657905,42.627254],[-108.657439,42.627654],[-108.657272,42.628364]]}},{"type":"Feature","properties":{"id":"wat-a1078","kind":"water","name":"Creek","acres":null,"editable":false,"source":"USGS 3DHP flowlines (Channel Line)"},"geometry":{"type":"LineString","coordinates":[[-108.775866,42.528356],[-108.775368,42.527692],[-108.774552,42.527247],[-108.773793,42.526645]]}},{"type":"Feature","properties":{"id":"wat-a1079","kind":"water","name":"Creek","acres":null,"editable":false,"source":"USGS 3DHP flowlines (Channel Line)"},"geometry":{"type":"LineString","coordinates":[[-108.77433,42.535452],[-108.774456,42.534903],[-108.774393,42.534623],[-108.773955,42.533756],[-108.773672,42.532746],[-108.773331,42.532379],[-108.773078,42.531871],[-108.772299,42.531416],[-108.771924,42.530444],[-108.771738,42.530225],[-108.771464,42.530071],[-108.770039,42.529786],[-108.769727,42.529622],[-108.769393,42.529056],[-108.769126,42.52814],[-108.768977,42.52792],[-108.767068,42.525875]]}},{"type":"Feature","properties":{"id":"wat-a1080","kind":"water","name":"Creek","acres":null,"editable":false,"source":"USGS 3DHP flowlines (Channel Line)"},"geometry":{"type":"LineString","coordinates":[[-108.763365,42.616876],[-108.762192,42.617501],[-108.761206,42.617846]]}},{"type":"Feature","properties":{"id":"wat-a1081","kind":"water","name":"Creek","acres":null,"editable":false,"source":"USGS 3DHP flowlines (Channel Line)"},"geometry":{"type":"LineString","coordinates":[[-108.782246,42.686845],[-108.781232,42.687383],[-108.780594,42.687461],[-108.78005,42.687667],[-108.7792,42.688218],[-108.778957,42.688546]]}},{"type":"Feature","properties":{"id":"wat-a1082","kind":"water","name":"Little Popo Agie River","acres":null,"editable":false,"source":"USGS 3DHP flowlines (Channel Line)"},"geometry":{"type":"LineString","coordinates":[[-108.766539,42.634829],[-108.76661,42.63522],[-108.766475,42.635586],[-108.765805,42.635888],[-108.765467,42.636143],[-108.765409,42.636727],[-108.765117,42.637046],[-108.765373,42.637402],[-108.765083,42.637675],[-108.764897,42.638086],[-108.765032,42.638395],[-108.764985,42.638691],[-108.764311,42.639119],[-108.764071,42.639358],[-108.763682,42.639999],[-108.76265,42.640888]]}},{"type":"Feature","properties":{"id":"wat-a1083","kind":"water","name":"Creek","acres":null,"editable":false,"source":"USGS 3DHP flowlines (Channel Line)"},"geometry":{"type":"LineString","coordinates":[[-108.723475,42.642111],[-108.722009,42.641653],[-108.720683,42.640998]]}},{"type":"Feature","properties":{"id":"wat-a1084","kind":"water","name":"Creek","acres":null,"editable":false,"source":"USGS 3DHP flowlines (Channel Line)"},"geometry":{"type":"LineString","coordinates":[[-108.527131,42.535616],[-108.524987,42.535111],[-108.523348,42.534441],[-108.522116,42.534106],[-108.519764,42.534275],[-108.517946,42.534587],[-108.516737,42.534345],[-108.515625,42.533878],[-108.515224,42.533631],[-108.514571,42.533526],[-108.514023,42.533274],[-108.512955,42.532373],[-108.512681,42.531841],[-108.512444,42.531791],[-108.512303,42.531676],[-108.512229,42.531325]]}},{"type":"Feature","properties":{"id":"wat-a1085","kind":"water","name":"Creek","acres":null,"editable":false,"source":"USGS 3DHP flowlines (Channel Line)"},"geometry":{"type":"LineString","coordinates":[[-108.734102,42.750702],[-108.733014,42.750741],[-108.732791,42.750642],[-108.731845,42.750621],[-108.730386,42.750698],[-108.729604,42.75061],[-108.729061,42.750731],[-108.727996,42.750825],[-108.726373,42.750348],[-108.724303,42.750299],[-108.723841,42.750212],[-108.723297,42.749965],[-108.722469,42.749889],[-108.721096,42.749542],[-108.719684,42.74937],[-108.718883,42.749324],[-108.718074,42.7495],[-108.717159,42.749847],[-108.716625,42.749897],[-108.715785,42.749603],[-108.714786,42.749523],[-108.713482,42.749206],[-108.713199,42.749202],[-108.712039,42.74958],[-108.711228,42.749963],[-108.710692,42.75038],[-108.709984,42.750583],[-108.709418,42.750605],[-108.709069,42.750814],[-108.708897,42.750836],[-108.707944,42.750573],[-108.704683,42.750403],[-108.704065,42.750304],[-108.703432,42.750387],[-108.702304,42.749733],[-108.701625,42.749614],[-108.70145,42.749515],[-108.701213,42.749096],[-108.700534,42.748486],[-108.699831,42.747383],[-108.699069,42.746887],[-108.698115,42.74604],[-108.69784,42.745361],[-108.69768,42.745132],[-108.697268,42.74482]]}},{"type":"Feature","properties":{"id":"wat-a1086","kind":"water","name":"Creek","acres":null,"editable":false,"source":"USGS 3DHP flowlines (Channel Line)"},"geometry":{"type":"LineString","coordinates":[[-108.768146,42.621326],[-108.767515,42.622336],[-108.767196,42.622594],[-108.766103,42.623198],[-108.765449,42.62338],[-108.764625,42.624071],[-108.762287,42.625491]]}},{"type":"Feature","properties":{"id":"wat-a1087","kind":"water","name":"Creek","acres":null,"editable":false,"source":"USGS 3DHP flowlines (Channel Line)"},"geometry":{"type":"LineString","coordinates":[[-108.561442,42.711611],[-108.561955,42.712061],[-108.562052,42.712638],[-108.56223,42.712681],[-108.562543,42.713022],[-108.56325,42.713186],[-108.56389,42.713576],[-108.564038,42.713576],[-108.564403,42.713345],[-108.564671,42.712715],[-108.564939,42.71261],[-108.565207,42.712616],[-108.566955,42.711952],[-108.567409,42.711913],[-108.568548,42.711612],[-108.568935,42.711617],[-108.569493,42.71176],[-108.569894,42.712122],[-108.570482,42.712396],[-108.5711,42.712561],[-108.571278,42.712544],[-108.571643,42.712286],[-108.572275,42.712171],[-108.572886,42.711809],[-108.574031,42.711463],[-108.575088,42.710936],[-108.575594,42.710969],[-108.576189,42.710892],[-108.577089,42.710645],[-108.577305,42.710475],[-108.577379,42.71019],[-108.577714,42.710047],[-108.5779,42.709849],[-108.578369,42.70997],[-108.57857,42.710151],[-108.578949,42.710244],[-108.579255,42.710168],[-108.579612,42.710195],[-108.57982,42.710069],[-108.581025,42.709783],[-108.581479,42.709553],[-108.581836,42.709514],[-108.583845,42.708329]]}},{"type":"Feature","properties":{"id":"wat-a1088","kind":"water","name":"Beaver Creek","acres":null,"editable":false,"source":"USGS 3DHP flowlines (Channel Line)"},"geometry":{"type":"LineString","coordinates":[[-108.743457,42.565635],[-108.74085,42.566121],[-108.73942,42.566237],[-108.738875,42.566163],[-108.738315,42.565801],[-108.737807,42.5657],[-108.734866,42.565858],[-108.733771,42.565819],[-108.732378,42.565584],[-108.731542,42.565117]]}},{"type":"Feature","properties":{"id":"wat-a1089","kind":"water","name":"Creek","acres":null,"editable":false,"source":"USGS 3DHP flowlines (Channel Line)"},"geometry":{"type":"LineString","coordinates":[[-108.514268,42.666529],[-108.515056,42.666743],[-108.515725,42.667237],[-108.515747,42.667391],[-108.515955,42.667462],[-108.516787,42.668225],[-108.516839,42.668428],[-108.51736,42.668725],[-108.517806,42.66884],[-108.518987,42.669636],[-108.519269,42.670125],[-108.519841,42.670772],[-108.520265,42.671173],[-108.520763,42.671492],[-108.521172,42.671656],[-108.521559,42.671662],[-108.52167,42.671733],[-108.522845,42.671448],[-108.523581,42.671663],[-108.524087,42.67152],[-108.524563,42.671597],[-108.524592,42.671531],[-108.52492,42.671537],[-108.526243,42.67196],[-108.526934,42.672503],[-108.527469,42.67258],[-108.527729,42.672827],[-108.527893,42.673815],[-108.528264,42.674199],[-108.529119,42.674545],[-108.529431,42.674836],[-108.529721,42.674952],[-108.529914,42.675462],[-108.530434,42.675868],[-108.530657,42.676225],[-108.531178,42.676521],[-108.5312,42.676697],[-108.53149,42.67701],[-108.531512,42.677251],[-108.531965,42.677723],[-108.531869,42.677959],[-108.53195,42.678223],[-108.531876,42.678574],[-108.532158,42.678865],[-108.532321,42.679375],[-108.532663,42.679732],[-108.53276,42.680259],[-108.533102,42.680599],[-108.533109,42.681279],[-108.533042,42.681455],[-108.532766,42.681707],[-108.532714,42.682102],[-108.532885,42.682305],[-108.532818,42.682569],[-108.532959,42.682788],[-108.532862,42.683052],[-108.532944,42.683249],[-108.532505,42.683831],[-108.532423,42.68427]]}},{"type":"Feature","properties":{"id":"wat-a1090","kind":"water","name":"Creek","acres":null,"editable":false,"source":"USGS 3DHP flowlines (Channel Line)"},"geometry":{"type":"LineString","coordinates":[[-108.772182,42.577541],[-108.771866,42.577215],[-108.771368,42.576971]]}},{"type":"Feature","properties":{"id":"wat-a1091","kind":"water","name":"Creek","acres":null,"editable":false,"source":"USGS 3DHP flowlines (Channel Line)"},"geometry":{"type":"LineString","coordinates":[[-108.61497,42.606898],[-108.615208,42.606881],[-108.615654,42.607018],[-108.615996,42.607424],[-108.616568,42.607874],[-108.616762,42.60834],[-108.616717,42.608664],[-108.616888,42.608823],[-108.616792,42.609131],[-108.616332,42.609493],[-108.616384,42.610096],[-108.615835,42.610799],[-108.615984,42.611617],[-108.616475,42.612341],[-108.616119,42.612802],[-108.616045,42.613131],[-108.6158,42.613455],[-108.615407,42.614394],[-108.615363,42.615403],[-108.615601,42.615584],[-108.615638,42.616001],[-108.615809,42.616199],[-108.616515,42.616544],[-108.61708,42.616467],[-108.617637,42.616741],[-108.618254,42.616867],[-108.618396,42.617131],[-108.618596,42.61729],[-108.619384,42.617635],[-108.619674,42.617816],[-108.620187,42.618375],[-108.620484,42.618425],[-108.620596,42.618518],[-108.6205,42.618754],[-108.620589,42.618825],[-108.620886,42.618787],[-108.621392,42.619522],[-108.621823,42.619878],[-108.621935,42.620191],[-108.623645,42.621364],[-108.623875,42.621414]]}},{"type":"Feature","properties":{"id":"wat-a1092","kind":"water","name":"Creek","acres":null,"editable":false,"source":"USGS 3DHP flowlines (Channel Line)"},"geometry":{"type":"LineString","coordinates":[[-108.778424,42.588262],[-108.77873,42.58874]]}},{"type":"Feature","properties":{"id":"wat-a1093","kind":"water","name":"Creek","acres":null,"editable":false,"source":"USGS 3DHP flowlines (Channel Line)"},"geometry":{"type":"LineString","coordinates":[[-108.729109,42.59261],[-108.72804,42.592947],[-108.727268,42.593299],[-108.726965,42.593601]]}}]}