{"type":"FeatureCollection","features":[{"type":"Feature","properties":{"id":"road-b1","kind":"road","name":"nan","acres":null,"editable":false,"source":"TIGER/UGRC road centerlines"},"geometry":{"type":"LineString","coordinates":[[-113.120952,45.338598],[-113.12025,45.338765]]}},{"type":"Feature","properties":{"id":"road-b2","kind":"road","name":"nan","acres":null,"editable":false,"source":"TIGER/UGRC road centerlines"},"geometry":{"type":"LineString","coordinates":[[-113.092077,45.238656],[-113.093182,45.238156],[-113.093879,45.238531]]}},{"type":"Feature","properties":{"id":"road-b3","kind":"road","name":"nan","acres":null,"editable":false,"source":"TIGER/UGRC road centerlines"},"geometry":{"type":"LineString","coordinates":[[-112.966393,45.154453],[-112.966971,45.154254],[-112.967252,45.154285],[-112.967727,45.154754],[-112.967831,45.155572],[-112.967949,45.155669],[-112.968303,45.155248],[-112.968658,45.153721],[-112.969221,45.153072],[-112.969524,45.153013],[-112.969593,45.153174],[-112.969305,45.153683],[-112.969446,45.154428],[-112.970201,45.154928],[-112.97027,45.155097],[-112.970224,45.155224],[-112.969776,45.155529],[-112.96976,45.155799],[-112.970246,45.155872],[-112.972156,45.155542],[-112.972491,45.155671],[-112.972742,45.155928],[-112.972922,45.155997],[-112.973303,45.155621],[-112.973555,45.155536],[-112.974894,45.155999],[-112.975688,45.156129],[-112.976375,45.156153],[-112.977864,45.156532],[-112.978587,45.156466],[-112.979035,45.15653],[-112.979642,45.156799],[-112.979898,45.157217]]}},{"type":"Feature","properties":{"id":"road-b4","kind":"road","name":"Kelly Reservoir Rd","acres":null,"editable":false,"source":"TIGER/UGRC road centerlines"},"geometry":{"type":"LineString","coordinates":[[-112.927719,45.309727],[-112.928692,45.309808],[-112.929736,45.310439],[-112.930069,45.311306],[-112.930822,45.311963],[-112.930826,45.312375],[-112.930698,45.312582],[-112.930722,45.315031],[-112.931181,45.315507],[-112.931475,45.315688],[-112.931994,45.315705],[-112.932421,45.316318],[-112.93327,45.316769],[-112.933466,45.316972],[-112.934476,45.317399],[-112.935034,45.318078],[-112.93595,45.318711],[-112.937059,45.319272],[-112.937677,45.319495],[-112.938364,45.319992],[-112.939417,45.320146],[-112.939581,45.320309],[-112.939805,45.320323],[-112.940043,45.320499],[-112.940352,45.320971],[-112.940648,45.321061],[-112.940695,45.321352],[-112.940593,45.321602],[-112.940964,45.322086],[-112.941242,45.322729],[-112.941839,45.32303],[-112.942219,45.32346],[-112.942701,45.324325],[-112.942993,45.324671],[-112.942999,45.325197],[-112.943265,45.325476],[-112.943575,45.326322],[-112.943602,45.326753],[-112.943973,45.326905],[-112.944945,45.326388],[-112.945871,45.326337],[-112.946851,45.326009],[-112.947243,45.326133],[-112.947855,45.32682],[-112.948278,45.326962],[-112.948679,45.327337],[-112.948767,45.327484],[-112.948646,45.327865],[-112.948963,45.328201],[-112.949015,45.328403],[-112.948833,45.328762],[-112.948419,45.329066],[-112.948184,45.329871],[-112.948409,45.331213],[-112.948358,45.331889],[-112.947983,45.333178],[-112.947276,45.333456],[-112.947089,45.333702],[-112.947353,45.334404],[-112.947302,45.335089],[-112.946637,45.335744],[-112.946683,45.33708],[-112.946879,45.337639],[-112.946661,45.338093],[-112.945423,45.339194],[-112.945341,45.339506],[-112.945477,45.339931],[-112.944957,45.340786],[-112.944749,45.341298],[-112.944763,45.341712],[-112.944558,45.341851],[-112.944517,45.342027],[-112.944513,45.342351],[-112.944785,45.342576],[-112.945148,45.343196],[-112.945167,45.343528],[-112.945362,45.343772],[-112.945446,45.344163],[-112.946324,45.34575],[-112.946538,45.345854],[-112.946541,45.346165],[-112.946696,45.34636],[-112.946831,45.347141],[-112.946839,45.347375],[-112.946645,45.347612],[-112.946644,45.347801],[-112.947308,45.349496],[-112.947238,45.349704],[-112.947407,45.350097],[-112.947256,45.350685],[-112.947435,45.350902],[-112.947178,45.3516],[-112.947462,45.352365],[-112.947374,45.352533],[-112.947055,45.352768],[-112.946686,45.353562],[-112.946513,45.354636],[-112.946815,45.354829],[-112.947065,45.355315],[-112.947457,45.356537],[-112.94808,45.357021],[-112.948095,45.357219],[-112.948373,45.357381],[-112.948738,45.357834],[-112.948663,45.358128],[-112.948983,45.358617],[-112.949,45.35913],[-112.949645,45.359542],[-112.950257,45.360157],[-112.950676,45.360357],[-112.95142,45.36093],[-112.952076,45.361234],[-112.952503,45.362126],[-112.953104,45.362629],[-112.953352,45.362602],[-112.955158,45.363076],[-112.955446,45.363084],[-112.956006,45.363286],[-112.956755,45.363359],[-112.957114,45.363609],[-112.957854,45.363853],[-112.958702,45.364406],[-112.959756,45.36464],[-112.960055,45.364967],[-112.96066,45.365272],[-112.960805,45.365513],[-112.961343,45.36581],[-112.961916,45.36634],[-112.961953,45.366758],[-112.961416,45.366825],[-112.961384,45.366957],[-112.961925,45.367289],[-112.962073,45.367534],[-112.962724,45.368072],[-112.963373,45.368894],[-112.963522,45.369373],[-112.963904,45.369623],[-112.964088,45.36998],[-112.964442,45.370122]]}},{"type":"Feature","properties":{"id":"road-b5","kind":"road","name":"nan","acres":null,"editable":false,"source":"TIGER/UGRC road centerlines"},"geometry":{"type":"LineString","coordinates":[[-113.088348,45.428861],[-113.089154,45.428759],[-113.090088,45.42854],[-113.090471,45.428235],[-113.09072,45.427763],[-113.091156,45.427372],[-113.091331,45.426887],[-113.091054,45.426357],[-113.091073,45.425785],[-113.090994,45.425616],[-113.090684,45.4255],[-113.089901,45.425446],[-113.089624,45.42533],[-113.089188,45.424804],[-113.08792,45.425135],[-113.087001,45.42507],[-113.085565,45.424708],[-113.084762,45.424755]]}},{"type":"Feature","properties":{"id":"road-b6","kind":"road","name":"Grasshopper Ln S","acres":null,"editable":false,"source":"TIGER/UGRC road centerlines"},"geometry":{"type":"LineString","coordinates":[[-113.106455,45.413772],[-113.106761,45.414542]]}},{"type":"Feature","properties":{"id":"road-b7","kind":"road","name":"nan","acres":null,"editable":false,"source":"TIGER/UGRC road centerlines"},"geometry":{"type":"LineString","coordinates":[[-113.177015,45.174588],[-113.176499,45.175075],[-113.175848,45.176032],[-113.175733,45.176349],[-113.175826,45.176771],[-113.175444,45.177435],[-113.175614,45.178233],[-113.175955,45.178488],[-113.176797,45.178886],[-113.176877,45.178983],[-113.176798,45.179237],[-113.175736,45.179437],[-113.175096,45.179656],[-113.174341,45.180238],[-113.17421,45.180456],[-113.174382,45.180633],[-113.175722,45.181058],[-113.177391,45.181764],[-113.178881,45.182141],[-113.178993,45.182315],[-113.178689,45.182432],[-113.176055,45.182789],[-113.174873,45.183162],[-113.173596,45.183393],[-113.173222,45.18359],[-113.172705,45.184077],[-113.172167,45.184978],[-113.172342,45.18556],[-113.172726,45.185949],[-113.173261,45.186298],[-113.174136,45.186552],[-113.176238,45.186251],[-113.176735,45.186268],[-113.178355,45.187011],[-113.178657,45.187267],[-113.178716,45.187482],[-113.178605,45.187556],[-113.17764,45.187619],[-113.175808,45.18832],[-113.173809,45.189313],[-113.172771,45.189467],[-113.172331,45.189629],[-113.171972,45.189888],[-113.171808,45.190251],[-113.172245,45.191044],[-113.172049,45.191578],[-113.171343,45.191763],[-113.170804,45.192313],[-113.169847,45.192583],[-113.168872,45.193394],[-113.168595,45.193489],[-113.168187,45.193452],[-113.167925,45.193268],[-113.166912,45.192063],[-113.166626,45.191906],[-113.166318,45.191858],[-113.165671,45.191907],[-113.164929,45.192146],[-113.163195,45.191422],[-113.162446,45.191463]]}},{"type":"Feature","properties":{"id":"road-b8","kind":"road","name":"Bannack Rd","acres":null,"editable":false,"source":"TIGER/UGRC road centerlines"},"geometry":{"type":"LineString","coordinates":[[-112.980469,45.219357],[-112.978778,45.220339],[-112.977764,45.221212],[-112.976277,45.222048],[-112.975129,45.223711]]}},{"type":"Feature","properties":{"id":"road-b9","kind":"road","name":"Pioneer Mountains Scenic Byway","acres":null,"editable":false,"source":"TIGER/UGRC road centerlines"},"geometry":{"type":"LineString","coordinates":[[-113.1221,45.319304],[-113.121843,45.318804]]}},{"type":"Feature","properties":{"id":"road-b10","kind":"road","name":"Birch Creek Rd","acres":null,"editable":false,"source":"TIGER/UGRC road centerlines"},"geometry":{"type":"LineString","coordinates":[[-112.990681,45.424766],[-112.990328,45.424889],[-112.989909,45.424901],[-112.988662,45.424347],[-112.987547,45.423974],[-112.987414,45.423765],[-112.987441,45.423067],[-112.987278,45.422894],[-112.986424,45.422774],[-112.985781,45.422403],[-112.985347,45.422302],[-112.984727,45.421971],[-112.984232,45.421845],[-112.983493,45.421776],[-112.981749,45.422491],[-112.981414,45.422785],[-112.981208,45.423342],[-112.980937,45.423707],[-112.980624,45.423942],[-112.979743,45.424344],[-112.978469,45.425203],[-112.977616,45.42565],[-112.977224,45.425774],[-112.975946,45.425796],[-112.975413,45.425904],[-112.974453,45.426236],[-112.973942,45.426605],[-112.973195,45.426753],[-112.972506,45.427206],[-112.971929,45.42808],[-112.971672,45.429326],[-112.971368,45.430052],[-112.970806,45.430908],[-112.970902,45.431086],[-112.971422,45.431307],[-112.97212,45.431772],[-112.972198,45.431905],[-112.972142,45.432199],[-112.971646,45.432639],[-112.970278,45.433374],[-112.969155,45.43415],[-112.968326,45.434587],[-112.964805,45.435899],[-112.962865,45.436036],[-112.961121,45.435872],[-112.960282,45.436013],[-112.959436,45.436297],[-112.958782,45.436236],[-112.957689,45.436426],[-112.956597,45.435972],[-112.956334,45.435945],[-112.95519,45.436275],[-112.955029,45.436418],[-112.953238,45.436763],[-112.952716,45.437186],[-112.952288,45.437036],[-112.951469,45.436992],[-112.950038,45.437228],[-112.949624,45.437397],[-112.948101,45.437063],[-112.946639,45.436336],[-112.945807,45.436305],[-112.945341,45.43616],[-112.944509,45.435373],[-112.943895,45.434997],[-112.941902,45.434405],[-112.941179,45.433841],[-112.940694,45.433768],[-112.940121,45.432963],[-112.93954,45.432546],[-112.939325,45.432212],[-112.938358,45.431751],[-112.938126,45.431409],[-112.937783,45.431203],[-112.93719,45.431069],[-112.936903,45.43093],[-112.935766,45.430845],[-112.934773,45.430637],[-112.933721,45.42984],[-112.932879,45.429522],[-112.932545,45.429095],[-112.932166,45.42885],[-112.931767,45.428766],[-112.930776,45.428851],[-112.93048,45.428784],[-112.930269,45.427963],[-112.929872,45.427574],[-112.929521,45.427423],[-112.927634,45.427166],[-112.926998,45.426979],[-112.925771,45.427],[-112.924353,45.426646],[-112.924063,45.426452],[-112.923163,45.426211],[-112.922305,45.426],[-112.921833,45.425981],[-112.921111,45.426075],[-112.92068,45.426037],[-112.920064,45.426128],[-112.919508,45.426124],[-112.918178,45.425894],[-112.916779,45.425805],[-112.916394,45.42592],[-112.916235,45.42617],[-112.916006,45.426219],[-112.914248,45.426361],[-112.913706,45.426217],[-112.911993,45.426088],[-112.911669,45.426129],[-112.911195,45.426412],[-112.910751,45.426536],[-112.910123,45.426475],[-112.909107,45.426069],[-112.908686,45.426044],[-112.90801,45.426375],[-112.907337,45.426882],[-112.905815,45.428331],[-112.904602,45.428887],[-112.904215,45.428846],[-112.902756,45.427796],[-112.902496,45.42781],[-112.899277,45.429875],[-112.899082,45.430197],[-112.899095,45.43057],[-112.898966,45.43093],[-112.898522,45.431431],[-112.896676,45.432315],[-112.895238,45.432649],[-112.892696,45.432868],[-112.892166,45.432798],[-112.891272,45.432469],[-112.890067,45.432386],[-112.88638,45.433077],[-112.884107,45.433324],[-112.878414,45.433491],[-112.876248,45.433706],[-112.874631,45.433573],[-112.873617,45.434194],[-112.873346,45.434263],[-112.871194,45.434256],[-112.869477,45.434022],[-112.867569,45.433984],[-112.867022,45.433841],[-112.866192,45.433459],[-112.865549,45.432645],[-112.865149,45.432333],[-112.864318,45.431919],[-112.863431,45.431726],[-112.862788,45.431436],[-112.862485,45.430905],[-112.86225,45.430697],[-112.861702,45.430583],[-112.86094,45.430781],[-112.860654,45.430788],[-112.860395,45.430663],[-112.859909,45.430226],[-112.859808,45.429951],[-112.859948,45.429414],[-112.859794,45.429036],[-112.858562,45.427973],[-112.857043,45.426303],[-112.856587,45.425509],[-112.856272,45.424457],[-112.856651,45.422852],[-112.856614,45.422566],[-112.856282,45.422317],[-112.855286,45.422244],[-112.854957,45.421958],[-112.854604,45.420257],[-112.854928,45.418006],[-112.85479,45.417506],[-112.853762,45.415875],[-112.852443,45.414827],[-112.851216,45.413477],[-112.848903,45.412134],[-112.847571,45.411794],[-112.847235,45.411645],[-112.846677,45.411134],[-112.846176,45.410252],[-112.845418,45.40965],[-112.843198,45.40855],[-112.842486,45.408002],[-112.84091,45.407125],[-112.839326,45.406342],[-112.837717,45.405742],[-112.834992,45.404046],[-112.831011,45.40236],[-112.829696,45.402107],[-112.826673,45.401263],[-112.825399,45.40075],[-112.823922,45.3996],[-112.822847,45.398411]]}},{"type":"Feature","properties":{"id":"road-b11","kind":"road","name":"Rd 1878","acres":null,"editable":false,"source":"TIGER/UGRC road centerlines"},"geometry":{"type":"LineString","coordinates":[[-113.038936,45.237386],[-113.038402,45.238957],[-113.036824,45.241504],[-113.036436,45.242504],[-113.034986,45.244223],[-113.033924,45.245209],[-113.033769,45.2456],[-113.03374,45.253834],[-113.033379,45.25743],[-113.033442,45.258554],[-113.033282,45.260716],[-113.033309,45.261933],[-113.033441,45.262519],[-113.032866,45.263656],[-113.032866,45.264292],[-113.032653,45.264755],[-113.032427,45.26595],[-113.032579,45.267108],[-113.032847,45.267458],[-113.032957,45.267772],[-113.032968,45.270267],[-113.032613,45.273084],[-113.032263,45.274058],[-113.032351,45.275303],[-113.032277,45.276224],[-113.032977,45.279481]]}},{"type":"Feature","properties":{"id":"road-b12","kind":"road","name":"nan","acres":null,"editable":false,"source":"TIGER/UGRC road centerlines"},"geometry":{"type":"LineString","coordinates":[[-113.119464,45.423155],[-113.118698,45.423561],[-113.118001,45.423668],[-113.117473,45.423867],[-113.116611,45.424063],[-113.11535,45.42459],[-113.114554,45.424785]]}},{"type":"Feature","properties":{"id":"road-b13","kind":"road","name":"nan","acres":null,"editable":false,"source":"TIGER/UGRC road centerlines"},"geometry":{"type":"LineString","coordinates":[[-113.066738,45.278521],[-113.066932,45.278635],[-113.067022,45.279474],[-113.067988,45.280124],[-113.069135,45.280697],[-113.070347,45.28176],[-113.071254,45.282423],[-113.072798,45.283223],[-113.073912,45.283977],[-113.074364,45.284392],[-113.07463,45.2849],[-113.075096,45.285324],[-113.075279,45.285797],[-113.075654,45.286241],[-113.076847,45.287286],[-113.077149,45.287595],[-113.077225,45.287796],[-113.076433,45.289247],[-113.076369,45.289599],[-113.075552,45.291482],[-113.074997,45.29218],[-113.074715,45.29295],[-113.074476,45.294408],[-113.074078,45.29519],[-113.073453,45.295975],[-113.07314,45.297435],[-113.072684,45.297956],[-113.071193,45.299077],[-113.070648,45.299649],[-113.069957,45.30067],[-113.069719,45.300778],[-113.069647,45.300941],[-113.069716,45.301242],[-113.069811,45.301451],[-113.070249,45.301745],[-113.070263,45.302118],[-113.070687,45.30257],[-113.070796,45.303175],[-113.070358,45.303404],[-113.069925,45.30352],[-113.069814,45.304476],[-113.069917,45.304609],[-113.06992,45.304965],[-113.069643,45.305109],[-113.069126,45.305028]]}},{"type":"Feature","properties":{"id":"road-b14","kind":"road","name":"Wellman Creek Rd","acres":null,"editable":false,"source":"TIGER/UGRC road centerlines"},"geometry":{"type":"LineString","coordinates":[[-113.088348,45.428861],[-113.087963,45.429181],[-113.087899,45.429417],[-113.087969,45.429573],[-113.089371,45.430925],[-113.089833,45.431645],[-113.0899,45.431941],[-113.089835,45.432361],[-113.089,45.433303],[-113.088526,45.433546],[-113.088018,45.433942],[-113.087979,45.434213],[-113.088318,45.434445],[-113.088773,45.434554],[-113.089283,45.435238],[-113.089427,45.435469],[-113.089411,45.43628],[-113.089612,45.436785],[-113.089085,45.437136],[-113.088795,45.437767],[-113.088264,45.438308],[-113.086498,45.439168],[-113.085689,45.440133],[-113.085189,45.440511],[-113.084981,45.441005],[-113.08495,45.441411],[-113.085055,45.441778],[-113.085015,45.442332],[-113.085307,45.443295],[-113.084976,45.443746],[-113.084126,45.444441],[-113.083786,45.444907],[-113.083322,45.445158],[-113.083298,45.44533],[-113.083427,45.445561],[-113.083171,45.445971],[-113.082259,45.446843],[-113.082157,45.447146],[-113.0822,45.447506],[-113.081459,45.44787],[-113.080754,45.448356],[-113.080125,45.44897],[-113.079814,45.449547],[-113.08006,45.449682],[-113.080362,45.449668],[-113.080339,45.449857],[-113.079822,45.450195],[-113.079264,45.450196],[-113.078814,45.450281],[-113.078744,45.450431],[-113.0786,45.450209],[-113.078457,45.450423],[-113.078053,45.450529],[-113.077416,45.450464]]}},{"type":"Feature","properties":{"id":"road-b15","kind":"road","name":"nan","acres":null,"editable":false,"source":"TIGER/UGRC road centerlines"},"geometry":{"type":"LineString","coordinates":[[-113.022928,45.300972],[-113.022961,45.301309],[-113.023368,45.301725],[-113.023858,45.301843],[-113.024428,45.302134],[-113.024692,45.302418],[-113.025969,45.303111],[-113.027085,45.304009],[-113.027157,45.305142],[-113.026919,45.305587],[-113.026715,45.305771],[-113.026292,45.306084],[-113.025834,45.306286],[-113.025728,45.306558],[-113.025742,45.307251],[-113.025581,45.307492],[-113.025118,45.307842],[-113.024961,45.308183],[-113.024823,45.30927],[-113.024924,45.310105],[-113.024679,45.310605],[-113.02463,45.311011],[-113.025166,45.311793],[-113.025426,45.31187]]}},{"type":"Feature","properties":{"id":"road-b16","kind":"road","name":"nan","acres":null,"editable":false,"source":"TIGER/UGRC road centerlines"},"geometry":{"type":"LineString","coordinates":[[-113.096793,45.320243],[-113.096504,45.320498],[-113.095363,45.321073],[-113.095051,45.321524]]}},{"type":"Feature","properties":{"id":"road-b17","kind":"road","name":"nan","acres":null,"editable":false,"source":"TIGER/UGRC road centerlines"},"geometry":{"type":"LineString","coordinates":[[-113.165458,45.141119],[-113.164941,45.141311],[-113.163712,45.142052],[-113.162203,45.142809],[-113.161786,45.142926],[-113.161,45.143009]]}},{"type":"Feature","properties":{"id":"road-b18","kind":"road","name":"nan","acres":null,"editable":false,"source":"TIGER/UGRC road centerlines"},"geometry":{"type":"LineString","coordinates":[[-112.979898,45.157217],[-112.980018,45.157377],[-112.980355,45.157543],[-112.981235,45.157608],[-112.982331,45.15792]]}},{"type":"Feature","properties":{"id":"road-b19","kind":"road","name":"nan","acres":null,"editable":false,"source":"TIGER/UGRC road centerlines"},"geometry":{"type":"LineString","coordinates":[[-113.089195,45.236148],[-113.089511,45.23597],[-113.089774,45.235988],[-113.090394,45.236413],[-113.090906,45.236543],[-113.092241,45.236393],[-113.093012,45.23601],[-113.094161,45.235223],[-113.09489,45.235048],[-113.095567,45.234991],[-113.0998,45.234724],[-113.101404,45.234685],[-113.104793,45.235046],[-113.10586,45.235287],[-113.108416,45.236528],[-113.110953,45.236913],[-113.113574,45.23753],[-113.11457,45.237917],[-113.115959,45.238621],[-113.117911,45.239359],[-113.1226,45.240406],[-113.124182,45.241141],[-113.125567,45.242061],[-113.127364,45.242063],[-113.12805,45.242015],[-113.128707,45.241867],[-113.131033,45.241716],[-113.131277,45.241774],[-113.131828,45.242178],[-113.133196,45.242657],[-113.135665,45.242917],[-113.136653,45.242754],[-113.137416,45.242722],[-113.138556,45.242881],[-113.139218,45.24285],[-113.141997,45.242204],[-113.142357,45.241963],[-113.142936,45.241088],[-113.143831,45.240486],[-113.144709,45.239453],[-113.145339,45.238919],[-113.145736,45.238317],[-113.147047,45.236924],[-113.147375,45.236837],[-113.148677,45.236903],[-113.149183,45.237145],[-113.149538,45.237427],[-113.149757,45.237485]]}},{"type":"Feature","properties":{"id":"road-b20","kind":"road","name":"Blmtc4","acres":null,"editable":false,"source":"TIGER/UGRC road centerlines"},"geometry":{"type":"LineString","coordinates":[[-113.020732,45.189971],[-113.0184,45.191831],[-113.017207,45.193013],[-113.016363,45.194009],[-113.015784,45.19527]]}},{"type":"Feature","properties":{"id":"road-b21","kind":"road","name":"Cold Spring Creek Rd","acres":null,"editable":false,"source":"TIGER/UGRC road centerlines"},"geometry":{"type":"LineString","coordinates":[[-112.926632,45.175509],[-112.925863,45.17598],[-112.925151,45.177064],[-112.923931,45.178346],[-112.923475,45.178534],[-112.921,45.179075],[-112.919511,45.179994],[-112.919309,45.180263],[-112.918849,45.18138],[-112.918208,45.18197],[-112.917561,45.182379],[-112.915874,45.183787],[-112.915632,45.184136],[-112.915581,45.184373],[-112.915894,45.185372],[-112.915882,45.185617],[-112.915148,45.186312],[-112.914877,45.186823],[-112.913884,45.18737],[-112.913047,45.188356],[-112.912729,45.188956],[-112.912279,45.190462],[-112.911958,45.190896],[-112.910564,45.191802],[-112.907987,45.192421],[-112.904911,45.193631],[-112.904119,45.193739],[-112.903049,45.194046],[-112.901403,45.194968],[-112.900687,45.195908],[-112.899282,45.196949],[-112.898981,45.197417],[-112.898362,45.198096],[-112.898159,45.198529],[-112.897496,45.198955],[-112.896035,45.201174],[-112.895918,45.201536],[-112.895986,45.201908],[-112.895895,45.202065],[-112.894663,45.202794],[-112.893326,45.202962],[-112.892779,45.203302],[-112.892522,45.203679],[-112.892487,45.203892],[-112.892838,45.204627],[-112.8929,45.205932],[-112.892797,45.206232],[-112.892343,45.206898],[-112.892206,45.20808],[-112.891763,45.209289],[-112.891354,45.209879],[-112.890352,45.210985],[-112.88968,45.211985],[-112.887471,45.213599],[-112.886535,45.214885],[-112.885837,45.215548],[-112.8856,45.215978],[-112.885577,45.216729],[-112.885431,45.21722],[-112.885039,45.217859]]}},{"type":"Feature","properties":{"id":"road-b22","kind":"road","name":"Elkhorn Rd","acres":null,"editable":false,"source":"TIGER/UGRC road centerlines"},"geometry":{"type":"LineString","coordinates":[[-113.092258,45.420241],[-113.092391,45.420795],[-113.092145,45.421197],[-113.091855,45.421443],[-113.091752,45.422967],[-113.091939,45.423148],[-113.092295,45.423252],[-113.092619,45.423485],[-113.092625,45.423834],[-113.091913,45.424184],[-113.090765,45.424493],[-113.089719,45.424584],[-113.089188,45.424804]]}},{"type":"Feature","properties":{"id":"road-b23","kind":"road","name":"FS Rd 1447","acres":null,"editable":false,"source":"TIGER/UGRC road centerlines"},"geometry":{"type":"LineString","coordinates":[[-113.115815,45.427335],[-113.115225,45.428098],[-113.113103,45.428821],[-113.112252,45.428671],[-113.111741,45.428882],[-113.111502,45.429474],[-113.111706,45.430154]]}},{"type":"Feature","properties":{"id":"road-b24","kind":"road","name":"Ski Hill Rd","acres":null,"editable":false,"source":"TIGER/UGRC road centerlines"},"geometry":{"type":"LineString","coordinates":[[-113.113703,45.425925],[-113.114653,45.425903],[-113.116491,45.426278],[-113.11699,45.426458],[-113.118409,45.427186],[-113.118767,45.42762],[-113.118868,45.428371],[-113.119223,45.428845],[-113.119988,45.429396],[-113.12242,45.430776],[-113.122667,45.430839],[-113.12302,45.430809],[-113.123527,45.430655],[-113.123681,45.43053],[-113.123697,45.430381],[-113.12356,45.430264],[-113.122794,45.430021],[-113.12276,45.429851],[-113.122964,45.429779],[-113.124021,45.430009],[-113.125407,45.430596],[-113.125599,45.430798],[-113.125535,45.431018],[-113.125328,45.431157],[-113.124796,45.431279],[-113.124525,45.43143],[-113.123666,45.432129],[-113.1236,45.432489],[-113.123823,45.432683],[-113.124157,45.432802],[-113.125854,45.432966],[-113.126263,45.432878],[-113.126751,45.432436],[-113.127193,45.432453],[-113.127338,45.43259],[-113.127635,45.433335],[-113.127787,45.433352],[-113.127918,45.433175],[-113.12839,45.433813],[-113.128349,45.434241],[-113.127863,45.434674],[-113.127591,45.434697]]}},{"type":"Feature","properties":{"id":"road-b25","kind":"road","name":"nan","acres":null,"editable":false,"source":"TIGER/UGRC road centerlines"},"geometry":{"type":"LineString","coordinates":[[-113.189305,45.308108],[-113.188619,45.308184],[-113.188055,45.308438],[-113.187895,45.308603],[-113.187332,45.309883],[-113.186772,45.310569],[-113.186485,45.310755],[-113.185004,45.311386],[-113.184272,45.311891],[-113.183558,45.312071],[-113.182545,45.31245],[-113.182246,45.312636],[-113.181157,45.312967],[-113.180413,45.313085],[-113.17731,45.313018],[-113.176484,45.313201],[-113.174996,45.313207],[-113.174348,45.3133],[-113.172125,45.313864],[-113.171591,45.313928],[-113.170351,45.313844],[-113.16945,45.3136],[-113.167282,45.313412],[-113.166909,45.313527],[-113.16663,45.31387]]}},{"type":"Feature","properties":{"id":"road-b26","kind":"road","name":"Bannack Bench Rd","acres":null,"editable":false,"source":"TIGER/UGRC road centerlines"},"geometry":{"type":"LineString","coordinates":[[-113.053215,45.006551],[-113.053308,45.006701],[-113.059636,45.046203],[-113.059363,45.051084],[-113.059752,45.078914],[-113.059887,45.081772],[-113.059761,45.081893],[-113.059941,45.08519],[-113.060224,45.10824],[-113.060112,45.109705],[-113.059917,45.110398],[-113.056062,45.119306],[-113.052557,45.125764],[-113.051268,45.127307],[-113.048443,45.129919],[-113.047775,45.130652],[-113.038972,45.144549],[-113.036743,45.147029],[-113.036456,45.147815],[-113.036465,45.150091],[-113.036339,45.150508],[-113.036076,45.150899],[-113.035579,45.151352],[-113.034137,45.152117],[-113.033032,45.15321],[-113.02416,45.159834],[-113.023239,45.16027],[-113.020568,45.161129],[-113.019761,45.161578],[-113.017519,45.163242],[-113.016841,45.163657],[-113.016212,45.163893],[-113.015015,45.164144],[-113.014425,45.164421],[-113.013818,45.165051],[-113.012989,45.165668],[-113.011737,45.168058],[-113.01172,45.168554],[-113.012405,45.169375],[-113.012987,45.17067],[-113.015584,45.173],[-113.016471,45.174261],[-113.023468,45.186219],[-113.023919,45.187152],[-113.024114,45.188006],[-113.024174,45.188883],[-113.023924,45.190381],[-113.023637,45.191321],[-113.018528,45.20243],[-113.018178,45.202962],[-113.014501,45.206909],[-113.014131,45.207568]]}},{"type":"Feature","properties":{"id":"road-b27","kind":"road","name":"Blmtc4","acres":null,"editable":false,"source":"TIGER/UGRC road centerlines"},"geometry":{"type":"LineString","coordinates":[[-113.015596,45.195706],[-113.014994,45.197049],[-113.014566,45.19756],[-113.012833,45.198959],[-113.010786,45.201192],[-113.00869,45.202777],[-113.007392,45.203529],[-113.005383,45.204329],[-113.003917,45.204661],[-113.002962,45.205002],[-113.00117,45.205852],[-112.999197,45.206949],[-112.998255,45.207686],[-112.99742,45.208573],[-112.995357,45.210383],[-112.994175,45.211169],[-112.993215,45.212131],[-112.992706,45.212517],[-112.989464,45.214131],[-112.986297,45.215339],[-112.984432,45.216289],[-112.983977,45.216396],[-112.983343,45.217347],[-112.982298,45.218421],[-112.980469,45.219357]]}},{"type":"Feature","properties":{"id":"road-b28","kind":"road","name":"nan","acres":null,"editable":false,"source":"TIGER/UGRC road centerlines"},"geometry":{"type":"LineString","coordinates":[[-112.982857,45.156962],[-112.982152,45.157422],[-112.982123,45.157617],[-112.982331,45.15792]]}},{"type":"Feature","properties":{"id":"road-b29","kind":"road","name":"nan","acres":null,"editable":false,"source":"TIGER/UGRC road centerlines"},"geometry":{"type":"LineString","coordinates":[[-113.035498,45.222288],[-113.035452,45.222685],[-113.03498,45.223106],[-113.030492,45.225955],[-113.028658,45.226853],[-113.027825,45.22714],[-113.026857,45.227636],[-113.025826,45.227971],[-113.023768,45.228297],[-113.021976,45.228482],[-113.021906,45.228598]]}},{"type":"Feature","properties":{"id":"road-b30","kind":"road","name":"nan","acres":null,"editable":false,"source":"TIGER/UGRC road centerlines"},"geometry":{"type":"LineString","coordinates":[[-113.102469,45.3188],[-113.10207,45.318767],[-113.100918,45.318225],[-113.100772,45.31825],[-113.100554,45.318326],[-113.100173,45.319175],[-113.09986,45.3195],[-113.099459,45.319746],[-113.09705,45.320099],[-113.096924,45.320186]]}},{"type":"Feature","properties":{"id":"road-b31","kind":"road","name":"nan","acres":null,"editable":false,"source":"TIGER/UGRC road centerlines"},"geometry":{"type":"LineString","coordinates":[[-112.99547,45.158858],[-112.995023,45.158801],[-112.994041,45.158975],[-112.993141,45.159392],[-112.991913,45.159833]]}},{"type":"Feature","properties":{"id":"road-b32","kind":"road","name":"Moose Run","acres":null,"editable":false,"source":"TIGER/UGRC road centerlines"},"geometry":{"type":"LineString","coordinates":[[-113.103817,45.421041],[-113.105707,45.420309],[-113.105756,45.420191],[-113.105671,45.418968],[-113.105517,45.418715],[-113.10577,45.418242],[-113.105867,45.417736],[-113.105313,45.417134],[-113.104736,45.417271]]}},{"type":"Feature","properties":{"id":"road-b33","kind":"road","name":"nan","acres":null,"editable":false,"source":"TIGER/UGRC road centerlines"},"geometry":{"type":"LineString","coordinates":[[-113.002184,45.163614],[-113.002625,45.162329],[-113.00187,45.161335],[-113.001735,45.161224],[-113.001058,45.160989],[-113.000345,45.160467],[-112.999166,45.160105],[-112.998842,45.159448],[-112.998456,45.159141],[-112.997869,45.159168],[-112.996915,45.158957],[-112.996371,45.159185],[-112.996074,45.159203],[-112.995609,45.158968],[-112.994914,45.160114]]}},{"type":"Feature","properties":{"id":"road-b34","kind":"road","name":"nan","acres":null,"editable":false,"source":"TIGER/UGRC road centerlines"},"geometry":{"type":"LineString","coordinates":[[-112.866082,45.313385],[-112.867768,45.313603],[-112.868647,45.313885],[-112.869737,45.313989],[-112.870938,45.313974],[-112.873045,45.314583]]}},{"type":"Feature","properties":{"id":"road-b35","kind":"road","name":"nan","acres":null,"editable":false,"source":"TIGER/UGRC road centerlines"},"geometry":{"type":"LineString","coordinates":[[-112.902525,45.349554],[-112.90281,45.349796],[-112.90288,45.34997],[-112.903312,45.351723],[-112.903777,45.352161],[-112.904044,45.352836],[-112.904706,45.353396],[-112.906051,45.353955],[-112.906278,45.354221],[-112.906844,45.354594],[-112.907004,45.354753],[-112.906997,45.354929],[-112.90735,45.355094],[-112.907485,45.355254],[-112.907496,45.3556],[-112.907685,45.355867],[-112.907845,45.356031],[-112.908116,45.356053],[-112.908236,45.356159],[-112.908313,45.356919],[-112.909319,45.357757]]}},{"type":"Feature","properties":{"id":"road-b36","kind":"road","name":"nan","acres":null,"editable":false,"source":"TIGER/UGRC road centerlines"},"geometry":{"type":"LineString","coordinates":[[-112.917085,45.200244],[-112.917197,45.199965],[-112.917889,45.199341],[-112.918068,45.198609],[-112.918761,45.198382],[-112.919098,45.198187],[-112.920083,45.197198],[-112.920903,45.19659],[-112.921526,45.195797],[-112.921836,45.195566]]}},{"type":"Feature","properties":{"id":"road-b37","kind":"road","name":"nan","acres":null,"editable":false,"source":"TIGER/UGRC road centerlines"},"geometry":{"type":"LineString","coordinates":[[-112.989064,45.259579],[-112.987426,45.260084],[-112.986278,45.260293],[-112.98553,45.260729],[-112.985132,45.260853],[-112.984849,45.260858],[-112.984042,45.260547],[-112.983521,45.260607],[-112.980974,45.260034],[-112.978708,45.25975],[-112.977828,45.259819],[-112.976255,45.259684],[-112.974497,45.259913],[-112.973267,45.25992],[-112.972224,45.260015]]}},{"type":"Feature","properties":{"id":"road-b38","kind":"road","name":"Dyce Creek Rd","acres":null,"editable":false,"source":"TIGER/UGRC road centerlines"},"geometry":{"type":"LineString","coordinates":[[-113.038936,45.237386],[-113.038402,45.238957],[-113.036824,45.241504],[-113.036436,45.242504],[-113.034986,45.244223],[-113.033924,45.245209],[-113.033769,45.2456],[-113.03374,45.253834],[-113.033379,45.25743],[-113.033442,45.258554],[-113.033282,45.260716],[-113.033309,45.261933],[-113.033441,45.262519],[-113.032866,45.263656],[-113.032866,45.264292],[-113.032653,45.264755],[-113.032427,45.26595],[-113.032579,45.267108],[-113.032847,45.267458],[-113.032957,45.267772],[-113.032968,45.270267],[-113.032613,45.273084],[-113.032263,45.274058],[-113.032351,45.275303],[-113.032277,45.276224],[-113.032977,45.279481]]}},{"type":"Feature","properties":{"id":"road-b39","kind":"road","name":"nan","acres":null,"editable":false,"source":"TIGER/UGRC road centerlines"},"geometry":{"type":"LineString","coordinates":[[-113.025426,45.31187],[-113.025776,45.312957],[-113.02531,45.315067],[-113.023908,45.316911],[-113.023488,45.317215],[-113.023119,45.317915]]}},{"type":"Feature","properties":{"id":"road-b40","kind":"road","name":"nan","acres":null,"editable":false,"source":"TIGER/UGRC road centerlines"},"geometry":{"type":"LineString","coordinates":[[-113.106695,45.311363],[-113.108021,45.310677],[-113.109007,45.310465],[-113.110539,45.310782],[-113.110908,45.310661],[-113.111058,45.310382],[-113.111739,45.310247],[-113.112187,45.310052],[-113.112483,45.311014],[-113.112468,45.311437],[-113.112867,45.312287],[-113.113146,45.31356],[-113.114056,45.315566],[-113.115399,45.316162],[-113.115822,45.316577],[-113.115975,45.31693],[-113.116692,45.317637],[-113.117453,45.317888]]}},{"type":"Feature","properties":{"id":"road-b41","kind":"road","name":"nan","acres":null,"editable":false,"source":"TIGER/UGRC road centerlines"},"geometry":{"type":"LineString","coordinates":[[-112.873045,45.314583],[-112.873994,45.315544],[-112.874402,45.316143],[-112.874722,45.316354],[-112.875294,45.316324],[-112.875988,45.316529],[-112.876328,45.316742],[-112.876584,45.316745],[-112.876898,45.316587],[-112.877052,45.316316],[-112.877753,45.316153],[-112.878228,45.315953],[-112.878857,45.31557],[-112.879374,45.315017],[-112.879984,45.314594],[-112.880588,45.314525],[-112.88283,45.314791]]}},{"type":"Feature","properties":{"id":"road-b42","kind":"road","name":"Pioneer Mountains Scenic Byway","acres":null,"editable":false,"source":"TIGER/UGRC road centerlines"},"geometry":{"type":"LineString","coordinates":[[-113.113703,45.425925],[-113.114653,45.425903],[-113.116491,45.426278],[-113.117287,45.426614]]}},{"type":"Feature","properties":{"id":"road-b43","kind":"road","name":"Sawtooth Rd","acres":null,"editable":false,"source":"TIGER/UGRC road centerlines"},"geometry":{"type":"LineString","coordinates":[[-113.103533,45.41606],[-113.104736,45.417271],[-113.104794,45.417475],[-113.104689,45.417628],[-113.103722,45.417973],[-113.103165,45.418314],[-113.102793,45.41863],[-113.102415,45.419252],[-113.102173,45.419406],[-113.100265,45.42029],[-113.098586,45.420615],[-113.097616,45.421047]]}},{"type":"Feature","properties":{"id":"road-b44","kind":"road","name":"nan","acres":null,"editable":false,"source":"TIGER/UGRC road centerlines"},"geometry":{"type":"LineString","coordinates":[[-113.114554,45.424785],[-113.11406,45.424668],[-113.113553,45.424657]]}},{"type":"Feature","properties":{"id":"road-b45","kind":"road","name":"Pioneer Mountains Scenic By-Way","acres":null,"editable":false,"source":"TIGER/UGRC road centerlines"},"geometry":{"type":"LineString","coordinates":[[-113.113878,45.42614],[-113.114458,45.426676],[-113.115515,45.427094],[-113.116046,45.427495],[-113.116334,45.42788],[-113.116406,45.428171],[-113.116396,45.428475],[-113.116199,45.428949],[-113.114479,45.430889],[-113.114079,45.431575],[-113.113652,45.432978],[-113.113602,45.43385],[-113.113783,45.435037],[-113.114742,45.437695],[-113.115211,45.438251],[-113.115999,45.438674],[-113.116818,45.438846],[-113.118499,45.438763],[-113.118977,45.43882],[-113.1194,45.438987],[-113.119738,45.439227],[-113.120008,45.439697]]}},{"type":"Feature","properties":{"id":"road-b46","kind":"road","name":"nan","acres":null,"editable":false,"source":"TIGER/UGRC road centerlines"},"geometry":{"type":"LineString","coordinates":[[-113.119896,45.338814],[-113.12025,45.338765]]}},{"type":"Feature","properties":{"id":"road-b47","kind":"road","name":"nan","acres":null,"editable":false,"source":"TIGER/UGRC road centerlines"},"geometry":{"type":"LineString","coordinates":[[-112.927752,45.418986],[-112.926219,45.418643],[-112.925156,45.41858],[-112.924274,45.418199],[-112.921234,45.417872],[-112.918879,45.417786],[-112.914828,45.4178],[-112.913968,45.417688],[-112.912935,45.417759],[-112.912725,45.417686],[-112.910992,45.418228],[-112.909703,45.418241],[-112.907592,45.41802],[-112.907168,45.418198],[-112.905702,45.418173],[-112.903993,45.418485],[-112.903623,45.418613],[-112.903226,45.418597],[-112.902013,45.418887],[-112.901605,45.418894],[-112.901159,45.419068],[-112.900772,45.419061],[-112.899153,45.419353],[-112.898262,45.4194],[-112.897788,45.419727],[-112.895871,45.42038],[-112.895115,45.420842],[-112.894637,45.420972],[-112.893701,45.421051],[-112.893038,45.420985],[-112.892194,45.421071],[-112.891343,45.421054],[-112.89076,45.42087],[-112.889656,45.420904],[-112.887085,45.420486],[-112.886656,45.420524],[-112.885338,45.420869],[-112.883721,45.420698],[-112.883384,45.420791],[-112.88256,45.420754],[-112.881784,45.420908],[-112.880564,45.420617],[-112.879685,45.420277],[-112.877304,45.420725],[-112.875778,45.420538],[-112.874582,45.420606],[-112.874231,45.420516],[-112.872707,45.420422],[-112.872172,45.42027],[-112.871484,45.420237],[-112.868012,45.419472],[-112.865219,45.419142],[-112.863123,45.418413],[-112.861503,45.417307],[-112.858709,45.416305],[-112.857468,45.416129],[-112.854784,45.415973],[-112.854485,45.415755],[-112.854072,45.415132],[-112.853438,45.414685],[-112.852867,45.413929],[-112.852186,45.413404],[-112.851953,45.412994],[-112.850343,45.412917]]}},{"type":"Feature","properties":{"id":"road-b48","kind":"road","name":"Mule Creek Rd","acres":null,"editable":false,"source":"TIGER/UGRC road centerlines"},"geometry":{"type":"LineString","coordinates":[[-112.899073,45.43032],[-112.89892,45.430168],[-112.89889,45.429787],[-112.89832,45.429457],[-112.897812,45.429411],[-112.896821,45.429667],[-112.896387,45.429515],[-112.896329,45.429209],[-112.896885,45.428536],[-112.897054,45.428201],[-112.899038,45.427218],[-112.900645,45.426046],[-112.901888,45.425355],[-112.904013,45.42458],[-112.904913,45.424098],[-112.906167,45.423681],[-112.906686,45.423301],[-112.908124,45.422752],[-112.909839,45.422411],[-112.910542,45.422064],[-112.912853,45.421458],[-112.913666,45.421343],[-112.915435,45.421366],[-112.91647,45.421133],[-112.917368,45.421219],[-112.921419,45.420829],[-112.923681,45.420829],[-112.926852,45.421049],[-112.927799,45.421209],[-112.929306,45.421253],[-112.930137,45.4212],[-112.931983,45.420935],[-112.933395,45.421015],[-112.93465,45.420938],[-112.93493,45.420757],[-112.935167,45.420191],[-112.935775,45.41939],[-112.936963,45.418837],[-112.938856,45.418426],[-112.939323,45.418435],[-112.940208,45.418628],[-112.940962,45.418596],[-112.942589,45.41795],[-112.943917,45.417887],[-112.944624,45.418151],[-112.94479,45.418143],[-112.945236,45.417975],[-112.945857,45.41724],[-112.946688,45.416674],[-112.947056,45.416622],[-112.947403,45.416727],[-112.947935,45.416754],[-112.949004,45.416585],[-112.94935,45.41641],[-112.949972,45.415621],[-112.950785,45.415167],[-112.95111,45.414856],[-112.951726,45.413253],[-112.952099,45.412954],[-112.952343,45.41234],[-112.952784,45.411788],[-112.953994,45.408883],[-112.954363,45.408628],[-112.955433,45.408243],[-112.957144,45.407792],[-112.959095,45.406886],[-112.960037,45.40632],[-112.960395,45.405765],[-112.960339,45.405135],[-112.960666,45.404067],[-112.960629,45.403309],[-112.96042,45.402678],[-112.960008,45.401998],[-112.958888,45.399407],[-112.9588,45.398732],[-112.958847,45.398181],[-112.95925,45.397303],[-112.959284,45.396874],[-112.959042,45.396521],[-112.958228,45.396023],[-112.958034,45.395821],[-112.958043,45.395101],[-112.95822,45.394457],[-112.958105,45.393522],[-112.958228,45.392989],[-112.958083,45.392654],[-112.957656,45.392274],[-112.957545,45.391934],[-112.958,45.390437],[-112.958369,45.389655],[-112.958627,45.389404],[-112.959362,45.389122],[-112.960078,45.38847],[-112.959995,45.387603],[-112.959611,45.386624]]}},{"type":"Feature","properties":{"id":"road-b49","kind":"road","name":"nan","acres":null,"editable":false,"source":"TIGER/UGRC road centerlines"},"geometry":{"type":"LineString","coordinates":[[-112.927733,45.310446],[-112.927915,45.310605],[-112.927928,45.310992],[-112.928414,45.311996],[-112.928344,45.313564],[-112.928214,45.313849],[-112.927989,45.314083],[-112.926515,45.314945],[-112.92529,45.315307],[-112.924802,45.315293],[-112.924283,45.315419],[-112.923712,45.31578],[-112.922633,45.315897],[-112.922416,45.316152],[-112.922282,45.316785],[-112.922075,45.316973],[-112.922022,45.317194],[-112.921786,45.317257]]}},{"type":"Feature","properties":{"id":"road-b50","kind":"road","name":"nan","acres":null,"editable":false,"source":"TIGER/UGRC road centerlines"},"geometry":{"type":"LineString","coordinates":[[-112.925473,45.305438],[-112.92691,45.306157],[-112.92716,45.306385],[-112.927336,45.307238],[-112.92716,45.308009],[-112.9277,45.309041],[-112.927719,45.309727]]}},{"type":"Feature","properties":{"id":"road-b51","kind":"road","name":"Scudder Creek Rd","acres":null,"editable":false,"source":"TIGER/UGRC road centerlines"},"geometry":{"type":"LineString","coordinates":[[-113.120898,45.303615],[-113.119871,45.30351],[-113.119166,45.304004],[-113.119056,45.303934],[-113.118967,45.303619],[-113.118764,45.30352],[-113.118137,45.303794],[-113.117701,45.303894],[-113.116538,45.30445],[-113.11556,45.305219],[-113.11509,45.305469],[-113.113061,45.30778],[-113.112619,45.307295],[-113.111801,45.306724],[-113.111443,45.306085],[-113.11127,45.305995],[-113.108202,45.306564],[-113.106154,45.306769],[-113.105558,45.306748],[-113.104541,45.306506],[-113.103709,45.306431],[-113.103023,45.306196],[-113.101687,45.305901],[-113.097412,45.305696],[-113.096377,45.305819],[-113.095963,45.305997],[-113.095578,45.306275],[-113.094546,45.306726],[-113.093663,45.307588],[-113.093146,45.307872],[-113.092515,45.308928],[-113.09188,45.309349],[-113.091553,45.309674],[-113.090952,45.309991],[-113.090727,45.310261],[-113.090293,45.310553],[-113.088699,45.310987],[-113.087866,45.310926],[-113.087253,45.311085],[-113.086758,45.31131],[-113.085982,45.311491],[-113.084282,45.311684],[-113.083324,45.311895],[-113.081613,45.311755],[-113.080004,45.311506],[-113.078959,45.311115],[-113.07874,45.310984],[-113.078292,45.310474],[-113.077577,45.3101],[-113.075144,45.309416],[-113.074732,45.309405],[-113.072602,45.308773],[-113.072442,45.308848],[-113.072386,45.309493],[-113.072114,45.309759]]}},{"type":"Feature","properties":{"id":"road-b52","kind":"road","name":"nan","acres":null,"editable":false,"source":"TIGER/UGRC road centerlines"},"geometry":{"type":"LineString","coordinates":[[-113.062275,45.285479],[-113.062006,45.285387],[-113.061488,45.284135],[-113.060592,45.283226],[-113.059944,45.282748],[-113.059372,45.282478],[-113.058163,45.28216],[-113.057026,45.282239],[-113.054379,45.282932],[-113.053104,45.283417],[-113.052125,45.284005],[-113.050969,45.284992],[-113.050513,45.285729],[-113.050524,45.28699],[-113.050757,45.287522],[-113.050847,45.288431],[-113.05073,45.290371],[-113.050821,45.290473],[-113.050892,45.291079],[-113.050597,45.291887],[-113.049285,45.293498],[-113.048873,45.294762],[-113.048218,45.29553],[-113.048085,45.295562]]}},{"type":"Feature","properties":{"id":"road-b53","kind":"road","name":"nan","acres":null,"editable":false,"source":"TIGER/UGRC road centerlines"},"geometry":{"type":"LineString","coordinates":[[-112.98555,45.151817],[-112.985524,45.152151],[-112.985864,45.153531],[-112.985773,45.153839],[-112.986221,45.154632],[-112.986209,45.155019],[-112.985891,45.155772],[-112.985877,45.156456],[-112.986205,45.157468],[-112.984836,45.157267],[-112.98435,45.157394],[-112.983933,45.157616]]}},{"type":"Feature","properties":{"id":"road-b54","kind":"road","name":"Atv","acres":null,"editable":false,"source":"TIGER/UGRC road centerlines"},"geometry":{"type":"LineString","coordinates":[[-113.195861,45.245814],[-113.194885,45.245422],[-113.19379,45.245119],[-113.19265,45.244952],[-113.19153,45.244676],[-113.189347,45.244556],[-113.187174,45.244715],[-113.186283,45.244399],[-113.182177,45.243676],[-113.181597,45.24348],[-113.180361,45.242829],[-113.179159,45.242716]]}},{"type":"Feature","properties":{"id":"road-b55","kind":"road","name":"Black Mountain Rd","acres":null,"editable":false,"source":"TIGER/UGRC road centerlines"},"geometry":{"type":"LineString","coordinates":[[-112.97113,45.310497],[-112.971153,45.311932],[-112.971266,45.312475],[-112.972255,45.31382],[-112.972465,45.314747],[-112.973862,45.316589],[-112.974608,45.31708],[-112.975169,45.317241],[-112.975634,45.317171],[-112.976574,45.316748],[-112.977623,45.316029],[-112.978063,45.315906],[-112.97832,45.315905],[-112.978719,45.316024],[-112.980002,45.316698],[-112.980633,45.316838],[-112.983091,45.316284],[-112.98508,45.31595],[-112.985453,45.315974],[-112.985985,45.316281],[-112.986434,45.316729],[-112.98705,45.317879],[-112.987164,45.318973],[-112.988131,45.320022],[-112.988489,45.320252],[-112.988972,45.320421],[-112.990097,45.320651],[-112.991375,45.321311],[-112.991576,45.32126],[-112.991659,45.321103],[-112.992344,45.320785],[-112.994512,45.320452],[-112.99507,45.319968],[-112.995315,45.319256],[-112.99561,45.319087],[-112.997816,45.318695],[-112.998126,45.318685],[-112.998646,45.3188],[-113.001145,45.320027],[-113.001849,45.320559],[-113.003186,45.32198],[-113.003456,45.322136],[-113.004805,45.322714],[-113.005871,45.322904],[-113.00658,45.323113],[-113.007625,45.323704],[-113.007788,45.323989],[-113.007705,45.324618],[-113.007761,45.324998],[-113.008266,45.32647],[-113.008659,45.326916],[-113.009415,45.327663],[-113.00996,45.327904],[-113.010776,45.327952],[-113.011269,45.328082],[-113.011909,45.328484],[-113.012303,45.328961],[-113.012677,45.329773],[-113.013176,45.33031],[-113.013575,45.330969],[-113.014255,45.331646],[-113.014806,45.331807],[-113.01553,45.331625]]}},{"type":"Feature","properties":{"id":"road-b56","kind":"road","name":"FS Rd 114","acres":null,"editable":false,"source":"TIGER/UGRC road centerlines"},"geometry":{"type":"LineString","coordinates":[[-113.182283,45.354587],[-113.182993,45.355685],[-113.183902,45.356064],[-113.184517,45.356448],[-113.185436,45.356773],[-113.185828,45.357026],[-113.186135,45.357354],[-113.186566,45.358272],[-113.187264,45.358646],[-113.187486,45.358957],[-113.188427,45.359281],[-113.189511,45.35949],[-113.190415,45.359756],[-113.192252,45.360711],[-113.192672,45.361],[-113.192646,45.361658],[-113.192862,45.361959],[-113.192652,45.363107],[-113.192665,45.363457],[-113.192892,45.364056],[-113.192786,45.364283],[-113.192828,45.364381],[-113.193193,45.364563],[-113.193587,45.365168],[-113.194077,45.365636],[-113.194299,45.366415],[-113.194433,45.366592],[-113.194787,45.36681],[-113.195786,45.367889],[-113.196161,45.368332],[-113.196185,45.368629],[-113.197848,45.369761],[-113.200764,45.371337],[-113.202311,45.372461],[-113.204026,45.373913],[-113.204469,45.374104],[-113.204807,45.374593],[-113.205203,45.375593],[-113.205431,45.375868],[-113.205749,45.376816],[-113.205693,45.378338],[-113.205222,45.379355],[-113.205248,45.379688],[-113.205497,45.380178],[-113.20536,45.380604],[-113.204811,45.380939],[-113.204069,45.381565],[-113.203561,45.381647],[-113.202813,45.38223],[-113.20215,45.382457],[-113.201524,45.382811],[-113.200492,45.383875],[-113.200136,45.384557],[-113.200055,45.385099],[-113.199843,45.385238],[-113.199324,45.385365],[-113.199107,45.385684],[-113.198764,45.386402],[-113.198629,45.387548],[-113.198375,45.387904],[-113.198116,45.388809],[-113.198221,45.389545],[-113.197863,45.391172],[-113.198166,45.392058],[-113.197796,45.392416],[-113.197691,45.393003],[-113.19701,45.393898],[-113.196713,45.394462],[-113.196496,45.395789],[-113.197298,45.397034],[-113.197574,45.397884],[-113.197435,45.398247],[-113.196593,45.398632],[-113.196385,45.39887],[-113.196316,45.399384],[-113.196854,45.399761],[-113.196883,45.400165],[-113.196594,45.401278],[-113.196076,45.402098],[-113.196116,45.403142],[-113.19586,45.404443],[-113.196042,45.405186],[-113.195931,45.405603],[-113.196269,45.406757],[-113.196382,45.408348],[-113.196589,45.409407],[-113.196787,45.40988],[-113.197659,45.410961],[-113.198005,45.411648],[-113.198583,45.414355],[-113.198463,45.415861],[-113.198619,45.416929],[-113.198586,45.417389],[-113.198098,45.418973],[-113.19804,45.420442],[-113.198811,45.423856],[-113.198646,45.424192],[-113.198074,45.424626],[-113.197761,45.425767],[-113.197558,45.429434],[-113.197624,45.430468],[-113.1978,45.43105],[-113.197959,45.432847],[-113.198189,45.433176],[-113.198557,45.43343],[-113.199613,45.433634],[-113.200886,45.433493],[-113.201216,45.433538]]}},{"type":"Feature","properties":{"id":"road-b57","kind":"road","name":"nan","acres":null,"editable":false,"source":"TIGER/UGRC road centerlines"},"geometry":{"type":"LineString","coordinates":[[-112.982331,45.15792],[-112.982583,45.157963],[-112.983489,45.158397],[-112.984132,45.158971]]}},{"type":"Feature","properties":{"id":"road-b58","kind":"road","name":"nan","acres":null,"editable":false,"source":"TIGER/UGRC road centerlines"},"geometry":{"type":"LineString","coordinates":[[-113.018076,45.177016],[-113.018259,45.177061],[-113.022333,45.18104],[-113.025304,45.184075],[-113.025715,45.184536],[-113.026029,45.185115],[-113.027037,45.185917],[-113.02823,45.187237],[-113.028569,45.187474],[-113.029199,45.187634],[-113.03052,45.187565],[-113.031442,45.187702],[-113.031867,45.187838],[-113.032694,45.188193],[-113.033034,45.188439],[-113.033337,45.188739],[-113.033477,45.189088],[-113.034007,45.191113],[-113.034267,45.191621],[-113.03414,45.193046],[-113.033725,45.194259],[-113.033555,45.195568],[-113.033302,45.195959],[-113.032407,45.196569],[-113.031951,45.197],[-113.031637,45.197465],[-113.03125,45.198417],[-113.030848,45.198568],[-113.030503,45.198529],[-113.030343,45.198685],[-113.030448,45.199116],[-113.030294,45.199451],[-113.029209,45.200461],[-113.028699,45.201145],[-113.027188,45.202684],[-113.028248,45.205303],[-113.029645,45.207339],[-113.031146,45.211228],[-113.03147,45.212655],[-113.031364,45.212923],[-113.031818,45.213903],[-113.032164,45.215104],[-113.03287,45.216707],[-113.033727,45.219077],[-113.033811,45.220597],[-113.033946,45.221297],[-113.034135,45.221455],[-113.034145,45.22164],[-113.033822,45.221983],[-113.033813,45.222141],[-113.034461,45.222012],[-113.034493,45.222259],[-113.035498,45.222288]]}},{"type":"Feature","properties":{"id":"road-b59","kind":"road","name":"nan","acres":null,"editable":false,"source":"TIGER/UGRC road centerlines"},"geometry":{"type":"LineString","coordinates":[[-113.098152,45.174722],[-113.098274,45.174927],[-113.098265,45.175368],[-113.097446,45.17802],[-113.09712,45.178513],[-113.095768,45.179465],[-113.09535,45.180201],[-113.094934,45.181703],[-113.094952,45.181865],[-113.095368,45.182424],[-113.095418,45.182757],[-113.095211,45.183364],[-113.094842,45.183712],[-113.094863,45.183946],[-113.095167,45.184229],[-113.095309,45.18464],[-113.096681,45.185614],[-113.096912,45.186006],[-113.09705,45.186633],[-113.09724,45.186963],[-113.097833,45.187168],[-113.099374,45.187527],[-113.100137,45.187864],[-113.101074,45.188072],[-113.101429,45.188219]]}},{"type":"Feature","properties":{"id":"road-b60","kind":"road","name":"nan","acres":null,"editable":false,"source":"TIGER/UGRC road centerlines"},"geometry":{"type":"LineString","coordinates":[[-113.117069,45.412627],[-113.118118,45.41286],[-113.119594,45.41281],[-113.12072,45.412898]]}},{"type":"Feature","properties":{"id":"road-b61","kind":"road","name":"nan","acres":null,"editable":false,"source":"TIGER/UGRC road centerlines"},"geometry":{"type":"LineString","coordinates":[[-112.898085,45.293782],[-112.897995,45.293944],[-112.898392,45.294833],[-112.898176,45.295201],[-112.898186,45.295507],[-112.898517,45.296123],[-112.898556,45.297293],[-112.898627,45.297566],[-112.899025,45.298135],[-112.899093,45.299043],[-112.899405,45.299983],[-112.899141,45.300861],[-112.898731,45.301588],[-112.898652,45.302264],[-112.898355,45.302863],[-112.898446,45.303726],[-112.899024,45.304338],[-112.899454,45.305163],[-112.89941,45.305843],[-112.899151,45.306545],[-112.89948,45.306864],[-112.899524,45.309001],[-112.899641,45.30935],[-112.899618,45.31066],[-112.899408,45.311582]]}},{"type":"Feature","properties":{"id":"road-b62","kind":"road","name":"nan","acres":null,"editable":false,"source":"TIGER/UGRC road centerlines"},"geometry":{"type":"LineString","coordinates":[[-113.069659,45.220412],[-113.072355,45.222038],[-113.074002,45.223205],[-113.075407,45.224359],[-113.079427,45.228111],[-113.079979,45.229172],[-113.079913,45.229355]]}},{"type":"Feature","properties":{"id":"road-b63","kind":"road","name":"nan","acres":null,"editable":false,"source":"TIGER/UGRC road centerlines"},"geometry":{"type":"LineString","coordinates":[[-112.956448,45.138205],[-112.956845,45.138279],[-112.95703,45.138483],[-112.956902,45.139223],[-112.95722,45.139578],[-112.957596,45.140543],[-112.957888,45.14088],[-112.958091,45.141633],[-112.958502,45.142112],[-112.958942,45.142321],[-112.959735,45.14246],[-112.960353,45.142305],[-112.961003,45.141961]]}},{"type":"Feature","properties":{"id":"road-b64","kind":"road","name":"Hendricks Mill Rd","acres":null,"editable":false,"source":"TIGER/UGRC road centerlines"},"geometry":{"type":"LineString","coordinates":[[-112.986205,45.157468],[-112.986159,45.157622],[-112.986267,45.157782],[-112.986808,45.15798],[-112.987591,45.158542],[-112.988056,45.159101],[-112.988543,45.159228],[-112.989038,45.159534],[-112.989629,45.159713],[-112.989995,45.159995],[-112.990408,45.160167],[-112.991176,45.16007],[-112.991913,45.159833],[-112.992175,45.160341],[-112.992708,45.160793]]}},{"type":"Feature","properties":{"id":"road-b65","kind":"road","name":"nan","acres":null,"editable":false,"source":"TIGER/UGRC road centerlines"},"geometry":{"type":"LineString","coordinates":[[-112.989064,45.259579],[-112.989998,45.259783],[-112.99063,45.260105],[-112.990709,45.260495],[-112.990656,45.260865],[-112.990321,45.261272],[-112.989806,45.262325],[-112.988523,45.263445],[-112.988289,45.264021],[-112.987522,45.26534],[-112.987123,45.266751],[-112.986041,45.269115],[-112.985207,45.270592],[-112.985094,45.27153],[-112.984315,45.273177],[-112.98427,45.273624],[-112.983756,45.274542],[-112.98373,45.274839],[-112.983831,45.276224],[-112.983992,45.277202],[-112.984225,45.277923],[-112.984821,45.278642],[-112.985583,45.279317],[-112.985895,45.280585],[-112.985817,45.280785],[-112.985591,45.280897],[-112.985539,45.281514],[-112.986257,45.282969],[-112.986344,45.283728],[-112.98679,45.284328],[-112.986711,45.284843],[-112.986781,45.285107],[-112.987678,45.286356],[-112.987807,45.288105],[-112.987287,45.289396],[-112.987066,45.292209],[-112.986683,45.293647],[-112.985402,45.295325],[-112.985046,45.295349],[-112.983964,45.2949],[-112.983668,45.295022],[-112.983517,45.295007],[-112.983117,45.294307],[-112.982677,45.292663],[-112.982031,45.292287],[-112.981647,45.29188],[-112.981336,45.291741],[-112.980464,45.291081],[-112.980098,45.290993],[-112.979522,45.290994],[-112.978856,45.290897],[-112.977857,45.290951],[-112.97704,45.291222],[-112.975151,45.292685],[-112.974986,45.293332],[-112.974999,45.293723],[-112.9745,45.294493],[-112.972395,45.296937],[-112.971742,45.297241],[-112.971092,45.297279],[-112.970756,45.297222],[-112.97113,45.310497],[-112.971522,45.311103],[-112.97516,45.314577],[-112.975444,45.314815],[-112.975889,45.315033],[-112.976494,45.314977],[-112.976841,45.314301],[-112.977761,45.313992],[-112.978516,45.313331],[-112.979487,45.312981],[-112.980417,45.313087],[-112.981966,45.312992],[-112.983984,45.313173],[-112.984912,45.313125],[-112.985316,45.313217],[-112.986685,45.314037]]}},{"type":"Feature","properties":{"id":"road-b66","kind":"road","name":"Pioneer Mountains Scenic Byway","acres":null,"editable":false,"source":"TIGER/UGRC road centerlines"},"geometry":{"type":"LineString","coordinates":[[-113.120898,45.303615],[-113.121822,45.309661],[-113.121685,45.311266],[-113.121361,45.312775],[-113.121484,45.314546],[-113.121283,45.315157],[-113.121283,45.31554],[-113.121652,45.317284],[-113.122064,45.318662],[-113.1221,45.319304]]}},{"type":"Feature","properties":{"id":"road-b67","kind":"road","name":"White Creek Ln","acres":null,"editable":false,"source":"TIGER/UGRC road centerlines"},"geometry":{"type":"LineString","coordinates":[[-113.115578,45.406742],[-113.115314,45.406703],[-113.115151,45.406473],[-113.114955,45.406431],[-113.107266,45.406451],[-113.10696,45.406502],[-113.10681,45.406625],[-113.106682,45.40703],[-113.106316,45.407552],[-113.106613,45.408603],[-113.106377,45.409487],[-113.106106,45.409738],[-113.105329,45.410036],[-113.105009,45.410321],[-113.10436,45.410556],[-113.103417,45.411292]]}},{"type":"Feature","properties":{"id":"road-b68","kind":"road","name":"nan","acres":null,"editable":false,"source":"TIGER/UGRC road centerlines"},"geometry":{"type":"LineString","coordinates":[[-112.938695,45.300504],[-112.94045,45.301119],[-112.934232,45.303858],[-112.933789,45.303977],[-112.931829,45.304211],[-112.930328,45.304489],[-112.927244,45.305909],[-112.92678,45.305899],[-112.925981,45.305541],[-112.925473,45.305438]]}},{"type":"Feature","properties":{"id":"road-b69","kind":"road","name":"nan","acres":null,"editable":false,"source":"TIGER/UGRC road centerlines"},"geometry":{"type":"LineString","coordinates":[[-112.898457,45.293283],[-112.898214,45.293729],[-112.898085,45.293782],[-112.897894,45.293617],[-112.897791,45.293097],[-112.898457,45.293283]]}},{"type":"Feature","properties":{"id":"road-b70","kind":"road","name":"Wakefield Canyon Rd","acres":null,"editable":false,"source":"TIGER/UGRC road centerlines"},"geometry":{"type":"LineString","coordinates":[[-113.240086,45.329895],[-113.240095,45.329682],[-113.239225,45.32929],[-113.240274,45.32769],[-113.240779,45.326715],[-113.241423,45.323199],[-113.241877,45.322661],[-113.243985,45.320701],[-113.244333,45.32042],[-113.245073,45.320026],[-113.24514,45.319875],[-113.245064,45.319742],[-113.244876,45.319679],[-113.244656,45.319704],[-113.243886,45.320169],[-113.243202,45.320452],[-113.241373,45.321021],[-113.240387,45.321185],[-113.237594,45.321441],[-113.235675,45.321294],[-113.234056,45.321488],[-113.233532,45.321403],[-113.232324,45.320949],[-113.231781,45.320624],[-113.231254,45.319799],[-113.230775,45.319467],[-113.230724,45.31906],[-113.230514,45.318829],[-113.22955,45.318319],[-113.228134,45.317063],[-113.226963,45.316471],[-113.226478,45.316143],[-113.224531,45.31424],[-113.223657,45.312801],[-113.223815,45.311472],[-113.223261,45.310388],[-113.222254,45.310098],[-113.220311,45.309401],[-113.219307,45.308939],[-113.218233,45.308642],[-113.216246,45.307928],[-113.215444,45.307519],[-113.214222,45.307068],[-113.214096,45.306869],[-113.214252,45.306335],[-113.214216,45.306109],[-113.214039,45.305893],[-113.213716,45.305755],[-113.213424,45.305752],[-113.212892,45.305918],[-113.212614,45.305902],[-113.211913,45.305649],[-113.210382,45.305252],[-113.208916,45.305607],[-113.207543,45.305818],[-113.20733,45.305619],[-113.207386,45.304946],[-113.207294,45.304637],[-113.207043,45.304366],[-113.206737,45.304305],[-113.206127,45.305018],[-113.205164,45.305716],[-113.204644,45.305913],[-113.20413,45.305961],[-113.200382,45.305677],[-113.196637,45.305937],[-113.195883,45.306115],[-113.19425,45.306925],[-113.193864,45.306965],[-113.193378,45.306909],[-113.192746,45.306347],[-113.191483,45.303982],[-113.190611,45.303335],[-113.187884,45.301618],[-113.185783,45.30016],[-113.185525,45.299748],[-113.185424,45.298867],[-113.185179,45.298435],[-113.183078,45.297073],[-113.182608,45.296578],[-113.18143,45.295005],[-113.180533,45.294348],[-113.1799,45.293583],[-113.178736,45.292769],[-113.178277,45.292345],[-113.178024,45.291673],[-113.178433,45.289785],[-113.17831,45.289303]]}},{"type":"Feature","properties":{"id":"road-b71","kind":"road","name":"nan","acres":null,"editable":false,"source":"TIGER/UGRC road centerlines"},"geometry":{"type":"LineString","coordinates":[[-112.924701,45.305033],[-112.925473,45.305438]]}},{"type":"Feature","properties":{"id":"road-b72","kind":"road","name":"nan","acres":null,"editable":false,"source":"TIGER/UGRC road centerlines"},"geometry":{"type":"LineString","coordinates":[[-112.955849,45.223606],[-112.956969,45.224694],[-112.958176,45.225366],[-112.959645,45.2267],[-112.960912,45.227146],[-112.962056,45.227055],[-112.96447,45.227058],[-112.966129,45.227502],[-112.967067,45.228108]]}},{"type":"Feature","properties":{"id":"road-b73","kind":"road","name":"nan","acres":null,"editable":false,"source":"TIGER/UGRC road centerlines"},"geometry":{"type":"LineString","coordinates":[[-112.872189,45.309942],[-112.872213,45.310312],[-112.872386,45.310625],[-112.872442,45.311638],[-112.871761,45.312416],[-112.87184,45.312941],[-112.873045,45.314583]]}},{"type":"Feature","properties":{"id":"road-b74","kind":"road","name":"nan","acres":null,"editable":false,"source":"TIGER/UGRC road centerlines"},"geometry":{"type":"LineString","coordinates":[[-113.156727,45.360694],[-113.158676,45.360238],[-113.159482,45.359663],[-113.16001,45.358727],[-113.16047,45.358147],[-113.161243,45.357607],[-113.161528,45.357772],[-113.161987,45.357818],[-113.162198,45.358138],[-113.164692,45.35945],[-113.166086,45.36004],[-113.167232,45.3609],[-113.167556,45.361061],[-113.168154,45.361108],[-113.170087,45.360203],[-113.170853,45.359949],[-113.171058,45.359608],[-113.172189,45.359533],[-113.17367,45.359293],[-113.174475,45.359025],[-113.175309,45.358519],[-113.175596,45.358221],[-113.175838,45.35778],[-113.176127,45.357563],[-113.176636,45.357359],[-113.177063,45.357239],[-113.179705,45.357031],[-113.180314,45.35679],[-113.180606,45.356582]]}},{"type":"Feature","properties":{"id":"road-b75","kind":"road","name":"Bon Accord Rd","acres":null,"editable":false,"source":"TIGER/UGRC road centerlines"},"geometry":{"type":"LineString","coordinates":[[-112.996098,45.161328],[-112.995894,45.161674],[-112.995708,45.162901],[-112.995785,45.164007],[-112.995272,45.16389],[-112.99487,45.16369],[-112.994708,45.163432],[-112.994639,45.162902],[-112.994184,45.162991],[-112.993721,45.163215],[-112.992779,45.163916],[-112.99245,45.164345],[-112.991697,45.165006],[-112.990453,45.16582],[-112.988215,45.166966],[-112.986359,45.168484],[-112.985375,45.169095],[-112.985118,45.169405],[-112.984997,45.16993],[-112.984731,45.170348],[-112.984666,45.170664],[-112.984095,45.171079],[-112.983754,45.171157],[-112.981747,45.171273],[-112.980091,45.17159],[-112.978597,45.171454],[-112.977786,45.171918],[-112.977132,45.172118],[-112.975651,45.172747],[-112.973185,45.173915],[-112.970641,45.174319],[-112.968341,45.17516],[-112.967418,45.175347],[-112.966929,45.175562],[-112.965535,45.175739],[-112.964909,45.17602],[-112.963823,45.17702],[-112.9634,45.177675],[-112.963247,45.178398],[-112.963277,45.179271],[-112.963001,45.180131],[-112.961401,45.181355],[-112.961989,45.181813],[-112.962158,45.18226],[-112.962011,45.182803],[-112.961429,45.183641],[-112.961509,45.184135],[-112.961272,45.184643],[-112.961318,45.184876],[-112.962411,45.185929],[-112.962848,45.186794],[-112.963046,45.187745],[-112.962611,45.188419],[-112.960754,45.190323],[-112.960241,45.190566],[-112.958237,45.191149],[-112.957919,45.191542],[-112.95798,45.191838],[-112.957472,45.191496],[-112.955997,45.191908],[-112.955558,45.191744],[-112.954863,45.191891],[-112.954213,45.191866],[-112.953616,45.191535],[-112.953337,45.191557],[-112.953214,45.191703],[-112.953292,45.192476],[-112.953019,45.192688],[-112.951196,45.193358],[-112.950688,45.193772],[-112.949386,45.19446],[-112.937422,45.199777],[-112.937116,45.200133],[-112.936482,45.200585],[-112.935918,45.201216],[-112.935089,45.201923],[-112.933473,45.203075],[-112.932231,45.204393],[-112.931645,45.204772],[-112.930383,45.206215],[-112.930134,45.206373],[-112.929427,45.206583],[-112.928791,45.206953],[-112.926866,45.207652],[-112.925977,45.208873],[-112.925608,45.20924],[-112.924984,45.20961],[-112.924087,45.209832],[-112.923277,45.210368],[-112.923038,45.210453],[-112.921439,45.210615],[-112.92094,45.210542],[-112.919589,45.21052],[-112.918666,45.210716],[-112.91802,45.210607],[-112.913808,45.210888],[-112.911363,45.210974],[-112.909113,45.211562],[-112.90853,45.211819],[-112.906896,45.21222],[-112.906251,45.212202],[-112.904917,45.21171],[-112.903709,45.212181],[-112.903083,45.21266],[-112.902249,45.213083],[-112.900347,45.21319],[-112.899685,45.213346],[-112.898648,45.213469],[-112.896009,45.214182],[-112.893637,45.215482],[-112.891954,45.215982],[-112.890024,45.217087],[-112.888918,45.217331],[-112.887625,45.217458],[-112.884707,45.217927],[-112.883514,45.21784],[-112.882525,45.218179],[-112.881387,45.218462],[-112.880659,45.218869],[-112.88007,45.219551],[-112.879709,45.219772],[-112.877855,45.220476],[-112.877163,45.220629],[-112.875819,45.220792],[-112.874545,45.220839],[-112.873475,45.221081],[-112.872743,45.221122],[-112.872221,45.221033],[-112.870068,45.220416],[-112.869507,45.220193],[-112.868831,45.219791],[-112.868116,45.219585],[-112.866169,45.219457],[-112.864305,45.219135],[-112.863686,45.219141],[-112.862588,45.219355],[-112.861424,45.219286],[-112.859537,45.219706],[-112.857409,45.21997],[-112.855483,45.219987],[-112.852229,45.220353],[-112.85042,45.220853],[-112.84826,45.221176],[-112.846909,45.221535],[-112.845133,45.221775],[-112.841786,45.222468],[-112.839041,45.223297],[-112.83665,45.22391],[-112.834622,45.224216],[-112.834289,45.224383],[-112.834029,45.224664]]}},{"type":"Feature","properties":{"id":"road-b76","kind":"road","name":"Clark Ck Rd","acres":null,"editable":false,"source":"TIGER/UGRC road centerlines"},"geometry":{"type":"LineString","coordinates":[[-113.114424,45.413588],[-113.114006,45.413605],[-113.11178,45.413125],[-113.10915,45.413416],[-113.108814,45.413572],[-113.108142,45.414074],[-113.106651,45.414586],[-113.105098,45.415422],[-113.104123,45.415728],[-113.102921,45.416456]]}},{"type":"Feature","properties":{"id":"road-b77","kind":"road","name":"Pioneer Mountains Scenic By-Way","acres":null,"editable":false,"source":"TIGER/UGRC road centerlines"},"geometry":{"type":"LineString","coordinates":[[-113.120411,45.307801],[-113.119991,45.312505],[-113.12004,45.315901],[-113.120305,45.316727],[-113.121843,45.318804]]}},{"type":"Feature","properties":{"id":"road-b78","kind":"road","name":"nan","acres":null,"editable":false,"source":"TIGER/UGRC road centerlines"},"geometry":{"type":"LineString","coordinates":[[-112.900793,45.337647],[-112.900146,45.338013],[-112.899995,45.337965],[-112.89969,45.33814],[-112.89914,45.338604],[-112.898734,45.339171],[-112.895518,45.341436],[-112.893897,45.342098],[-112.892211,45.342439],[-112.891432,45.342736],[-112.890751,45.343171],[-112.890283,45.343169],[-112.884555,45.345166],[-112.883917,45.345595],[-112.883901,45.346104],[-112.883767,45.346304],[-112.883116,45.34694],[-112.882655,45.347263],[-112.882195,45.347892],[-112.88202,45.348363],[-112.88187,45.349351],[-112.881285,45.349689],[-112.881013,45.350008],[-112.88031,45.351902],[-112.880375,45.352238],[-112.880243,45.353023],[-112.879823,45.353597],[-112.879303,45.353925],[-112.877986,45.355194],[-112.877406,45.35546],[-112.87703,45.355848],[-112.876916,45.356174],[-112.877356,45.357436],[-112.877353,45.358625],[-112.877052,45.359539],[-112.876034,45.361333],[-112.875696,45.362401],[-112.875854,45.36342],[-112.876109,45.3641],[-112.876601,45.364956]]}},{"type":"Feature","properties":{"id":"road-b79","kind":"road","name":"nan","acres":null,"editable":false,"source":"TIGER/UGRC road centerlines"},"geometry":{"type":"LineString","coordinates":[[-112.947856,45.170022],[-112.947414,45.170189],[-112.947317,45.170353],[-112.947558,45.1707],[-112.948208,45.171094],[-112.948239,45.171246],[-112.948727,45.171382],[-112.950471,45.171415],[-112.951252,45.171555]]}},{"type":"Feature","properties":{"id":"road-b80","kind":"road","name":"nan","acres":null,"editable":false,"source":"TIGER/UGRC road centerlines"},"geometry":{"type":"LineString","coordinates":[[-113.030547,45.307107],[-113.02967,45.307096],[-113.029353,45.307164],[-113.029022,45.30735],[-113.028773,45.307724],[-113.027824,45.308537],[-113.027335,45.309234],[-113.027073,45.309401],[-113.026258,45.309636],[-113.02617,45.309723],[-113.026197,45.309907],[-113.026031,45.31009],[-113.02601,45.310365],[-113.025694,45.310929],[-113.025561,45.311732],[-113.025426,45.31187]]}},{"type":"Feature","properties":{"id":"road-b81","kind":"road","name":"nan","acres":null,"editable":false,"source":"TIGER/UGRC road centerlines"},"geometry":{"type":"LineString","coordinates":[[-112.911532,45.436191],[-112.91069,45.436097],[-112.909806,45.435644],[-112.908981,45.43582],[-112.908429,45.435757],[-112.907566,45.436019],[-112.906062,45.436093],[-112.905861,45.436205],[-112.90546,45.436833],[-112.905167,45.436959],[-112.904655,45.437409],[-112.904286,45.437559],[-112.903289,45.437706],[-112.90269,45.437081],[-112.902503,45.437098],[-112.901884,45.437383],[-112.901204,45.437394],[-112.900937,45.437529],[-112.900677,45.437871],[-112.900604,45.438255],[-112.900396,45.438641],[-112.900195,45.438703],[-112.899816,45.438556],[-112.899125,45.438549],[-112.898969,45.43848],[-112.898924,45.438283],[-112.899075,45.437443],[-112.89899,45.437174],[-112.898635,45.436901],[-112.898312,45.436789],[-112.897941,45.436787],[-112.896989,45.437],[-112.896282,45.437071],[-112.895748,45.437363],[-112.893339,45.438029],[-112.892804,45.438299],[-112.892579,45.438685],[-112.891339,45.43921],[-112.890097,45.440189],[-112.88981,45.440239],[-112.8894,45.440173],[-112.889182,45.440285],[-112.888843,45.440282],[-112.888294,45.440169],[-112.886703,45.440362],[-112.885463,45.440383],[-112.884713,45.440323],[-112.883985,45.440384],[-112.880122,45.43962],[-112.879628,45.439376],[-112.879346,45.438958],[-112.878327,45.438911],[-112.878153,45.438815],[-112.878087,45.438339],[-112.877849,45.438343],[-112.87669,45.438758],[-112.875706,45.438662],[-112.87512,45.437551],[-112.87468,45.437103],[-112.874641,45.436946],[-112.874689,45.436851],[-112.8751,45.43666],[-112.875429,45.436641],[-112.876,45.436735],[-112.876226,45.436632],[-112.876322,45.436392],[-112.876277,45.436038],[-112.876075,45.435595],[-112.875364,45.435175],[-112.875036,45.434843],[-112.874772,45.434739],[-112.873148,45.434608],[-112.871615,45.434354],[-112.871445,45.434256]]}},{"type":"Feature","properties":{"id":"road-b82","kind":"road","name":"nan","acres":null,"editable":false,"source":"TIGER/UGRC road centerlines"},"geometry":{"type":"LineString","coordinates":[[-113.032274,45.274541],[-113.032032,45.274459],[-113.031414,45.27455],[-113.030562,45.274957],[-113.029368,45.276428],[-113.029155,45.276396],[-113.02864,45.276099],[-113.028429,45.276084],[-113.027824,45.276248],[-113.026886,45.276944],[-113.024878,45.277853],[-113.024135,45.278118],[-113.023378,45.278289],[-113.020325,45.279883],[-113.019761,45.280856],[-113.019183,45.281447],[-113.019265,45.281774],[-113.01911,45.282375],[-113.018294,45.283848],[-113.017849,45.284211],[-113.017351,45.284413],[-113.016891,45.284989],[-113.016296,45.286201],[-113.015942,45.287184],[-113.016085,45.28809],[-113.016028,45.289613],[-113.016384,45.290246],[-113.016922,45.292144],[-113.016749,45.292773],[-113.016217,45.293579],[-113.015744,45.293669],[-113.011403,45.293412],[-113.010028,45.293441]]}},{"type":"Feature","properties":{"id":"road-b83","kind":"road","name":"nan","acres":null,"editable":false,"source":"TIGER/UGRC road centerlines"},"geometry":{"type":"LineString","coordinates":[[-113.162867,45.166629],[-113.163023,45.167067],[-113.16306,45.167687],[-113.163563,45.1682],[-113.164183,45.169133],[-113.164419,45.169318],[-113.164718,45.169474],[-113.165592,45.16971],[-113.167715,45.169643],[-113.16828,45.169776],[-113.169183,45.169768],[-113.169554,45.170157],[-113.169654,45.170425],[-113.169289,45.171224],[-113.169314,45.171539],[-113.169516,45.171832],[-113.170596,45.171784],[-113.171851,45.171994],[-113.17353,45.172638],[-113.174797,45.17283],[-113.175671,45.173065],[-113.176657,45.173532],[-113.177015,45.174588]]}},{"type":"Feature","properties":{"id":"road-b84","kind":"road","name":"W Fork","acres":null,"editable":false,"source":"TIGER/UGRC road centerlines"},"geometry":{"type":"LineString","coordinates":[[-113.032977,45.279481],[-113.033095,45.279848],[-113.033863,45.280183],[-113.034671,45.280845],[-113.035618,45.282013],[-113.036311,45.282636],[-113.037598,45.28405],[-113.038058,45.284277],[-113.038879,45.285192],[-113.03954,45.285626],[-113.040344,45.286382],[-113.042165,45.287859],[-113.04372,45.288917],[-113.046125,45.290062],[-113.046744,45.291041],[-113.046923,45.291797],[-113.047336,45.292583],[-113.047441,45.29429],[-113.047928,45.295358],[-113.048533,45.296123],[-113.049554,45.296923],[-113.049754,45.297428],[-113.050806,45.298525],[-113.051301,45.298933],[-113.051728,45.299116],[-113.052243,45.299649],[-113.052758,45.29983],[-113.052886,45.300138],[-113.052858,45.300478],[-113.052588,45.300952],[-113.052407,45.301842],[-113.05202,45.302296],[-113.051497,45.303248],[-113.050282,45.304496],[-113.050084,45.304813],[-113.049843,45.305616],[-113.047733,45.307226],[-113.047091,45.307915],[-113.046422,45.308056],[-113.045706,45.308364],[-113.044932,45.308583],[-113.044433,45.309169],[-113.044342,45.309749],[-113.044478,45.310464],[-113.04479,45.311102],[-113.045177,45.312292],[-113.045062,45.313356],[-113.045094,45.314589],[-113.045965,45.315779],[-113.046516,45.317331],[-113.046204,45.318692],[-113.045783,45.319532],[-113.045777,45.320662],[-113.045903,45.321605],[-113.045777,45.321935],[-113.045211,45.322634],[-113.044033,45.32338],[-113.042802,45.32396],[-113.042214,45.324353],[-113.041516,45.324595],[-113.041466,45.324839],[-113.041615,45.325093],[-113.041418,45.32542],[-113.041122,45.325565],[-113.041002,45.325766],[-113.040598,45.326776],[-113.040627,45.326965],[-113.039317,45.32792],[-113.038305,45.329081],[-113.037351,45.329931],[-113.037291,45.330211]]}},{"type":"Feature","properties":{"id":"road-b85","kind":"road","name":"nan","acres":null,"editable":false,"source":"TIGER/UGRC road centerlines"},"geometry":{"type":"LineString","coordinates":[[-112.962956,45.195923],[-112.962568,45.196066],[-112.959905,45.196158],[-112.959054,45.196529],[-112.958544,45.196921],[-112.958077,45.197001],[-112.957227,45.196977],[-112.956598,45.197146],[-112.955924,45.197491],[-112.955681,45.19803],[-112.955515,45.198173],[-112.955099,45.19834],[-112.954317,45.198351],[-112.954184,45.198465],[-112.95399,45.198739],[-112.953869,45.199299],[-112.953259,45.200065],[-112.953263,45.201677],[-112.953427,45.202007],[-112.954692,45.202885],[-112.956238,45.204146],[-112.957085,45.204699],[-112.957454,45.20507],[-112.958024,45.205367],[-112.958534,45.206114],[-112.959973,45.207602],[-112.960261,45.208209],[-112.960259,45.210361],[-112.95999,45.211787],[-112.95972,45.212467],[-112.959538,45.21383],[-112.959143,45.214934],[-112.959421,45.21601],[-112.959494,45.217737],[-112.959208,45.218327],[-112.959185,45.218768],[-112.958799,45.219405],[-112.958686,45.220559],[-112.958474,45.22104],[-112.957275,45.222483],[-112.956722,45.22306],[-112.955849,45.223606]]}},{"type":"Feature","properties":{"id":"road-b86","kind":"road","name":"nan","acres":null,"editable":false,"source":"TIGER/UGRC road centerlines"},"geometry":{"type":"LineString","coordinates":[[-112.937463,45.2111],[-112.936826,45.208825],[-112.93609,45.207775],[-112.936033,45.207245],[-112.936149,45.206154],[-112.935269,45.204242],[-112.935249,45.203649],[-112.935737,45.201871],[-112.935794,45.201326],[-112.935055,45.201293],[-112.932746,45.201558],[-112.930644,45.202277],[-112.929556,45.201737],[-112.9285,45.201746],[-112.926423,45.202069],[-112.925964,45.202059],[-112.925588,45.202245],[-112.925408,45.202564],[-112.924695,45.202576],[-112.924329,45.202468],[-112.924137,45.20227],[-112.924219,45.201656],[-112.924054,45.201317],[-112.924134,45.201037],[-112.924077,45.200858],[-112.923372,45.200347],[-112.921874,45.200103],[-112.918808,45.199785],[-112.917721,45.20001]]}},{"type":"Feature","properties":{"id":"road-b87","kind":"road","name":"Clark Creek Rd","acres":null,"editable":false,"source":"TIGER/UGRC road centerlines"},"geometry":{"type":"LineString","coordinates":[[-113.101259,45.417533],[-113.10101,45.417516]]}},{"type":"Feature","properties":{"id":"road-b88","kind":"road","name":"Taylor Ck Rd","acres":null,"editable":false,"source":"TIGER/UGRC road centerlines"},"geometry":{"type":"LineString","coordinates":[[-113.082294,45.230838],[-113.07852,45.232472],[-113.072458,45.234684],[-113.069202,45.2353],[-113.06717,45.235539],[-113.06592,45.235404],[-113.062973,45.234632],[-113.060784,45.233725],[-113.052302,45.231251],[-113.051596,45.231208],[-113.051208,45.231349],[-113.050857,45.231582],[-113.05031,45.232275],[-113.049892,45.233085],[-113.048437,45.236844],[-113.048139,45.237317],[-113.047719,45.237631],[-113.047143,45.237842],[-113.046262,45.238027],[-113.044934,45.238182],[-113.042907,45.238229],[-113.041773,45.238067],[-113.031187,45.235393],[-113.029812,45.235134],[-113.026429,45.234791],[-113.019467,45.234303],[-113.018357,45.234137],[-113.017396,45.233853],[-113.01162,45.231646],[-113.010116,45.231138],[-113.009032,45.2309],[-113.007048,45.230663],[-113.005662,45.23012],[-113.004809,45.229992],[-113.003535,45.229915],[-113.000718,45.230073],[-112.996788,45.230726],[-112.995315,45.231225],[-112.99288,45.232427],[-112.992386,45.23256],[-112.991867,45.232517],[-112.98889,45.231723],[-112.988147,45.231613],[-112.986788,45.231657],[-112.984958,45.231607],[-112.982744,45.231863],[-112.981097,45.232358],[-112.978442,45.233481],[-112.977731,45.23368],[-112.964329,45.236413],[-112.963552,45.2365],[-112.962652,45.236436]]}},{"type":"Feature","properties":{"id":"road-b89","kind":"road","name":"Aspen View Dr","acres":null,"editable":false,"source":"TIGER/UGRC road centerlines"},"geometry":{"type":"LineString","coordinates":[[-113.097424,45.420858],[-113.0967,45.42067],[-113.096342,45.420738],[-113.096184,45.420909],[-113.096754,45.422015],[-113.096715,45.422448],[-113.097021,45.423123],[-113.096883,45.423494],[-113.097089,45.423831],[-113.096994,45.424523],[-113.096568,45.425269],[-113.096283,45.426139]]}},{"type":"Feature","properties":{"id":"road-b90","kind":"road","name":"CC Dr","acres":null,"editable":false,"source":"TIGER/UGRC road centerlines"},"geometry":{"type":"LineString","coordinates":[[-113.104438,45.415622],[-113.104303,45.415526],[-113.104167,45.415126],[-113.10454,45.414536],[-113.106455,45.413772]]}},{"type":"Feature","properties":{"id":"road-b91","kind":"road","name":"Argenta Rd","acres":null,"editable":false,"source":"TIGER/UGRC road centerlines"},"geometry":{"type":"LineString","coordinates":[[-112.898457,45.293283],[-112.90028,45.29382],[-112.901409,45.294783],[-112.902221,45.295146],[-112.905441,45.296144],[-112.906429,45.296797],[-112.907714,45.297372],[-112.908451,45.297608],[-112.910129,45.297941],[-112.911196,45.298466],[-112.913968,45.29946],[-112.917407,45.300884],[-112.922822,45.304023],[-112.924701,45.305033]]}},{"type":"Feature","properties":{"id":"road-b92","kind":"road","name":"nan","acres":null,"editable":false,"source":"TIGER/UGRC road centerlines"},"geometry":{"type":"LineString","coordinates":[[-112.99547,45.158858],[-112.995551,45.158921]]}},{"type":"Feature","properties":{"id":"road-b93","kind":"road","name":"nan","acres":null,"editable":false,"source":"TIGER/UGRC road centerlines"},"geometry":{"type":"LineString","coordinates":[[-112.949399,45.312171],[-112.948951,45.312971],[-112.948849,45.314327],[-112.949069,45.314738],[-112.949422,45.315029],[-112.95003,45.315333],[-112.950096,45.315512],[-112.949989,45.316428],[-112.950144,45.317015],[-112.950049,45.317777],[-112.95013,45.317842],[-112.950252,45.317805],[-112.950561,45.31735],[-112.950682,45.317311],[-112.951506,45.317324]]}},{"type":"Feature","properties":{"id":"road-b94","kind":"road","name":"nan","acres":null,"editable":false,"source":"TIGER/UGRC road centerlines"},"geometry":{"type":"LineString","coordinates":[[-113.115686,45.424744],[-113.114848,45.424874],[-113.114554,45.424785]]}},{"type":"Feature","properties":{"id":"road-b95","kind":"road","name":"nan","acres":null,"editable":false,"source":"TIGER/UGRC road centerlines"},"geometry":{"type":"LineString","coordinates":[[-113.199474,45.363492],[-113.202312,45.363947],[-113.203308,45.364361]]}},{"type":"Feature","properties":{"id":"road-b96","kind":"road","name":"nan","acres":null,"editable":false,"source":"TIGER/UGRC road centerlines"},"geometry":{"type":"LineString","coordinates":[[-113.17686,45.140417],[-113.175344,45.140403],[-113.17374,45.140556],[-113.172505,45.14058],[-113.168795,45.141241],[-113.166291,45.1411],[-113.165458,45.141119]]}},{"type":"Feature","properties":{"id":"road-b97","kind":"road","name":"nan","acres":null,"editable":false,"source":"TIGER/UGRC road centerlines"},"geometry":{"type":"LineString","coordinates":[[-113.029376,45.294428],[-113.02904,45.294756],[-113.028973,45.295181],[-113.028543,45.295368],[-113.02792,45.295816],[-113.026933,45.296365],[-113.025439,45.296909],[-113.025134,45.296887],[-113.024194,45.29703],[-113.023815,45.297797],[-113.023696,45.298447],[-113.023829,45.298891],[-113.023565,45.29935],[-113.023343,45.300452],[-113.022928,45.300972]]}},{"type":"Feature","properties":{"id":"road-b98","kind":"road","name":"nan","acres":null,"editable":false,"source":"TIGER/UGRC road centerlines"},"geometry":{"type":"LineString","coordinates":[[-112.915895,45.300261],[-112.915858,45.300393],[-112.916572,45.300894],[-112.917055,45.301412],[-112.917038,45.302299],[-112.917585,45.30337],[-112.917531,45.304051],[-112.917244,45.304285],[-112.915824,45.304899],[-112.915084,45.305366],[-112.914777,45.305722],[-112.914418,45.30639],[-112.913692,45.306924],[-112.913319,45.307349],[-112.909741,45.308808],[-112.908694,45.308988],[-112.90796,45.309284],[-112.905806,45.309756],[-112.902164,45.310857],[-112.900312,45.311288],[-112.899408,45.311582]]}},{"type":"Feature","properties":{"id":"road-b99","kind":"road","name":"Shale Creek Rd","acres":null,"editable":false,"source":"TIGER/UGRC road centerlines"},"geometry":{"type":"LineString","coordinates":[[-113.121929,45.415467],[-113.122506,45.415565],[-113.122623,45.415365],[-113.122376,45.415013],[-113.122357,45.414419],[-113.122133,45.414145],[-113.122091,45.413914],[-113.121673,45.413668],[-113.120841,45.413603],[-113.117666,45.413622],[-113.11666,45.413484],[-113.116439,45.413526],[-113.117243,45.413658],[-113.118505,45.41428]]}},{"type":"Feature","properties":{"id":"road-b100","kind":"road","name":"Pioneer Mountains Scenic Byway","acres":null,"editable":false,"source":"TIGER/UGRC road centerlines"},"geometry":{"type":"LineString","coordinates":[[-113.113878,45.42614],[-113.113703,45.425925]]}},{"type":"Feature","properties":{"id":"road-b101","kind":"road","name":"nan","acres":null,"editable":false,"source":"TIGER/UGRC road centerlines"},"geometry":{"type":"LineString","coordinates":[[-112.958097,45.315056],[-112.95889,45.315096],[-112.959196,45.315293],[-112.959383,45.315542],[-112.9615,45.316316],[-112.962381,45.316733],[-112.962657,45.316949],[-112.963043,45.317082],[-112.962843,45.317949],[-112.962841,45.318399],[-112.963219,45.318951],[-112.963495,45.31918],[-112.963874,45.319331],[-112.965321,45.319725],[-112.965527,45.320059],[-112.966191,45.3207],[-112.966261,45.320996],[-112.966044,45.321198],[-112.965793,45.321288],[-112.964696,45.321086],[-112.964429,45.321145],[-112.963605,45.321492],[-112.962655,45.322089],[-112.961857,45.322323]]}},{"type":"Feature","properties":{"id":"road-b102","kind":"road","name":"nan","acres":null,"editable":false,"source":"TIGER/UGRC road centerlines"},"geometry":{"type":"LineString","coordinates":[[-113.145898,45.359584],[-113.144112,45.36131],[-113.143251,45.361746],[-113.14255,45.36223],[-113.142018,45.362339],[-113.141748,45.362623],[-113.141656,45.362895]]}},{"type":"Feature","properties":{"id":"road-b103","kind":"road","name":"nan","acres":null,"editable":false,"source":"TIGER/UGRC road centerlines"},"geometry":{"type":"LineString","coordinates":[[-113.112647,45.126862],[-113.112142,45.128348],[-113.112176,45.129617],[-113.111509,45.130484],[-113.11147,45.131493],[-113.111736,45.132172],[-113.112708,45.133334],[-113.112469,45.134112],[-113.113228,45.135701],[-113.113252,45.136006],[-113.113076,45.136757],[-113.113274,45.137977],[-113.113896,45.138992],[-113.113861,45.139776],[-113.113519,45.140502],[-113.113553,45.140727],[-113.113861,45.141144],[-113.113821,45.141775],[-113.113946,45.142069],[-113.1151,45.143677],[-113.11544,45.143923],[-113.116042,45.144038],[-113.116191,45.144296],[-113.116102,45.144631],[-113.115231,45.145511],[-113.114942,45.14594],[-113.114968,45.146317],[-113.11559,45.147287],[-113.115583,45.147571]]}},{"type":"Feature","properties":{"id":"road-b104","kind":"road","name":"nan","acres":null,"editable":false,"source":"TIGER/UGRC road centerlines"},"geometry":{"type":"LineString","coordinates":[[-113.160468,45.160733],[-113.161049,45.160965],[-113.164299,45.159441],[-113.162726,45.160897],[-113.162423,45.16129],[-113.162275,45.161761],[-113.163165,45.162752],[-113.165263,45.166394],[-113.165774,45.16679]]}},{"type":"Feature","properties":{"id":"road-b105","kind":"road","name":"nan","acres":null,"editable":false,"source":"TIGER/UGRC road centerlines"},"geometry":{"type":"LineString","coordinates":[[-112.99547,45.158858],[-112.995537,45.158377],[-112.995946,45.157712],[-112.995941,45.156461],[-112.996351,45.156193],[-112.995673,45.155719],[-112.995665,45.155494],[-112.996075,45.155568],[-112.996541,45.155415]]}},{"type":"Feature","properties":{"id":"road-b106","kind":"road","name":"nan","acres":null,"editable":false,"source":"TIGER/UGRC road centerlines"},"geometry":{"type":"LineString","coordinates":[[-112.984132,45.158971],[-112.984343,45.159166],[-112.985498,45.159839],[-112.986464,45.160173],[-112.988049,45.160361],[-112.988753,45.160853],[-112.989177,45.16099],[-112.990391,45.161122],[-112.991879,45.160745],[-112.993395,45.160799],[-112.994572,45.160977],[-112.996098,45.161328]]}},{"type":"Feature","properties":{"id":"road-b107","kind":"road","name":"Rainey Mountain Rd","acres":null,"editable":false,"source":"TIGER/UGRC road centerlines"},"geometry":{"type":"LineString","coordinates":[[-113.100656,45.425162],[-113.100854,45.425058],[-113.101065,45.424757],[-113.101385,45.424051],[-113.101896,45.423592],[-113.10186,45.422697],[-113.102255,45.421931]]}},{"type":"Feature","properties":{"id":"road-b108","kind":"road","name":"FS Rd 928","acres":null,"editable":false,"source":"TIGER/UGRC road centerlines"},"geometry":{"type":"LineString","coordinates":[[-113.193977,45.362609],[-113.19444,45.362802],[-113.196742,45.363235],[-113.19824,45.363323],[-113.199474,45.363492]]}},{"type":"Feature","properties":{"id":"road-b109","kind":"road","name":"nan","acres":null,"editable":false,"source":"TIGER/UGRC road centerlines"},"geometry":{"type":"LineString","coordinates":[[-113.119064,45.338913],[-113.119437,45.338645],[-113.120192,45.338379]]}},{"type":"Feature","properties":{"id":"road-b110","kind":"road","name":"Bannack Rd","acres":null,"editable":false,"source":"TIGER/UGRC road centerlines"},"geometry":{"type":"LineString","coordinates":[[-113.015784,45.19527],[-113.015596,45.195706]]}},{"type":"Feature","properties":{"id":"road-b111","kind":"road","name":"nan","acres":null,"editable":false,"source":"TIGER/UGRC road centerlines"},"geometry":{"type":"LineString","coordinates":[[-113.165458,45.141119],[-113.165569,45.140843],[-113.167137,45.139644],[-113.16836,45.138852],[-113.168942,45.138209],[-113.169515,45.137951],[-113.169833,45.137719],[-113.169978,45.136816],[-113.169836,45.136099],[-113.170205,45.135219],[-113.170866,45.134384],[-113.17175,45.133502],[-113.17206,45.13283],[-113.172049,45.132159],[-113.171779,45.131581],[-113.171535,45.130608],[-113.17126,45.127853],[-113.170554,45.124301],[-113.170389,45.124152],[-113.168134,45.125069],[-113.166371,45.126444],[-113.165246,45.12834],[-113.164925,45.129392],[-113.164321,45.130826],[-113.164062,45.131877],[-113.162075,45.134509],[-113.160587,45.135942],[-113.160343,45.137681],[-113.159633,45.138206],[-113.158922,45.138503],[-113.157403,45.138822],[-113.15637,45.138822],[-113.15398,45.1385],[-113.152947,45.138591],[-113.152623,45.139027],[-113.153271,45.139182],[-113.155359,45.13992],[-113.157707,45.141505],[-113.159812,45.142804],[-113.160286,45.142967],[-113.161,45.143009]]}},{"type":"Feature","properties":{"id":"road-b112","kind":"road","name":"Bannack Rd","acres":null,"editable":false,"source":"TIGER/UGRC road centerlines"},"geometry":{"type":"LineString","coordinates":[[-112.996098,45.161328],[-113.000457,45.162429],[-113.002184,45.163614],[-113.002623,45.164296],[-113.003124,45.164827],[-113.004653,45.165615],[-113.005575,45.166428],[-113.00604,45.166722],[-113.007133,45.167186],[-113.008564,45.167556],[-113.009831,45.167737],[-113.011167,45.168372],[-113.01172,45.168554]]}},{"type":"Feature","properties":{"id":"road-b113","kind":"road","name":"State Hwy 278","acres":null,"editable":false,"source":"TIGER/UGRC road centerlines"},"geometry":{"type":"LineString","coordinates":[[-112.691749,45.178966],[-112.699534,45.180823],[-112.701092,45.181102],[-112.702968,45.18133],[-112.70578,45.181467],[-112.717807,45.181243],[-112.719925,45.181477],[-112.721251,45.181791],[-112.722391,45.182168],[-112.723794,45.182799],[-112.738401,45.190225],[-112.792774,45.218046],[-112.795121,45.219097],[-112.797985,45.220033],[-112.799553,45.220408],[-112.801523,45.220751],[-112.830554,45.224638],[-112.832293,45.224938],[-112.83259,45.224919],[-112.833798,45.225172],[-112.834824,45.225496],[-112.846604,45.228187],[-112.849301,45.228662],[-112.852568,45.228916],[-112.870805,45.229038],[-112.872946,45.229173],[-112.874366,45.229513],[-112.882258,45.232136],[-112.883687,45.232489],[-112.885179,45.232698],[-112.886815,45.232758],[-112.916735,45.232548],[-112.918853,45.232595],[-112.921998,45.232838],[-112.923267,45.232871],[-112.929925,45.232269],[-112.931543,45.232232],[-112.933812,45.232464],[-112.94543,45.234609],[-112.947553,45.234808],[-112.948824,45.234786],[-112.950079,45.234662],[-112.955849,45.233608],[-112.957405,45.233243],[-112.958327,45.232759],[-112.958984,45.232103],[-112.959763,45.230689],[-112.960144,45.230331],[-112.960706,45.229968],[-112.961587,45.229624],[-112.966679,45.228246],[-112.968136,45.227699],[-112.969959,45.226882],[-112.972697,45.225284],[-112.982443,45.218983],[-112.98384,45.218204],[-112.985639,45.217373],[-113.009615,45.208169],[-113.011537,45.207745],[-113.013542,45.207568],[-113.015571,45.207658],[-113.017422,45.207978],[-113.018938,45.208423],[-113.045721,45.217425],[-113.076352,45.227798],[-113.077919,45.228403],[-113.079296,45.229035],[-113.080812,45.229863],[-113.082112,45.230705],[-113.090179,45.236905],[-113.091822,45.238382],[-113.093321,45.240144],[-113.098412,45.247662],[-113.105408,45.256198],[-113.106906,45.257636],[-113.113811,45.263257],[-113.11473,45.264211],[-113.115448,45.26526],[-113.115927,45.266377],[-113.116139,45.267254],[-113.116525,45.270116],[-113.116897,45.271247],[-113.120336,45.277214],[-113.121213,45.278614],[-113.131412,45.293243],[-113.132799,45.294947],[-113.133624,45.295635],[-113.134726,45.296362],[-113.13576,45.29689],[-113.137198,45.297443],[-113.139226,45.297933],[-113.14532,45.298849],[-113.146497,45.299184],[-113.147792,45.299786],[-113.149095,45.300734],[-113.149693,45.301416],[-113.150124,45.302153],[-113.150501,45.303476],[-113.150585,45.306157],[-113.150868,45.306844],[-113.15149,45.30751],[-113.152259,45.307964],[-113.152931,45.308209],[-113.161375,45.310447],[-113.16251,45.310843],[-113.163387,45.311407],[-113.171858,45.317829],[-113.172992,45.318534],[-113.174484,45.319212],[-113.175863,45.319661],[-113.176948,45.319913],[-113.187281,45.321704],[-113.190021,45.322098],[-113.217858,45.32373],[-113.218468,45.323783],[-113.219822,45.324056],[-113.222358,45.324755],[-113.223735,45.325318],[-113.227966,45.327316],[-113.229169,45.327751],[-113.230762,45.328106],[-113.231951,45.328194],[-113.233082,45.32844],[-113.235192,45.328686],[-113.236623,45.328937],[-113.238343,45.329349],[-113.240086,45.329895],[-113.243206,45.331388],[-113.254215,45.336931],[-113.255855,45.337406],[-113.257107,45.337562],[-113.258241,45.337574],[-113.259263,45.337483],[-113.260345,45.33727],[-113.261282,45.336974],[-113.262247,45.336538],[-113.263273,45.335887],[-113.271325,45.329881],[-113.27281,45.328907],[-113.284629,45.322693],[-113.286854,45.321659],[-113.289173,45.320716],[-113.292848,45.319472],[-113.296181,45.318583],[-113.313732,45.31492],[-113.315098,45.314701],[-113.316491,45.314602],[-113.318002,45.314626],[-113.319134,45.314737],[-113.320959,45.31511],[-113.322466,45.315612],[-113.324024,45.316364],[-113.325378,45.3173],[-113.326722,45.318606],[-113.338501,45.331388],[-113.339445,45.332222],[-113.340329,45.33287],[-113.34149,45.33357],[-113.342745,45.334189],[-113.379377,45.348217],[-113.380082,45.348386],[-113.380977,45.348484],[-113.386824,45.348465],[-113.38844,45.348645],[-113.402174,45.352207],[-113.403762,45.352756],[-113.404706,45.35319],[-113.406302,45.354197],[-113.407549,45.355352],[-113.408488,45.356704],[-113.409112,45.358438],[-113.40922,45.359598],[-113.409374,45.374835],[-113.40952,45.375535],[-113.409754,45.375849],[-113.410314,45.376222],[-113.417945,45.379812],[-113.418226,45.379992],[-113.418902,45.380845],[-113.41956,45.382774],[-113.419583,45.385195],[-113.419796,45.386162],[-113.420406,45.387059],[-113.424403,45.391224],[-113.42544,45.392634],[-113.426242,45.394055],[-113.429177,45.400363],[-113.429393,45.401155],[-113.429642,45.403735],[-113.42988,45.404794],[-113.433472,45.413955],[-113.443729,45.433065],[-113.445134,45.43506],[-113.449897,45.440369],[-113.456697,45.447038],[-113.457245,45.447831],[-113.457512,45.448609],[-113.458829,45.469095],[-113.458922,45.478767],[-113.458589,45.487636],[-113.45874,45.494444],[-113.45958,45.511161],[-113.46028,45.522731],[-113.460342,45.526634],[-113.460253,45.5277],[-113.460195,45.544733],[-113.460355,45.560245],[-113.460365,45.581391],[-113.460135,45.58273],[-113.459567,45.583821],[-113.458978,45.58452],[-113.455394,45.588004],[-113.454895,45.588733],[-113.454464,45.589662],[-113.454201,45.590901],[-113.453822,45.599038]]}},{"type":"Feature","properties":{"id":"road-b114","kind":"road","name":"nan","acres":null,"editable":false,"source":"TIGER/UGRC road centerlines"},"geometry":{"type":"LineString","coordinates":[[-112.909319,45.357757],[-112.909513,45.357772],[-112.909599,45.357662],[-112.909765,45.357633],[-112.909872,45.357739],[-112.910025,45.357691],[-112.910465,45.357364],[-112.910402,45.356668],[-112.910499,45.356477],[-112.911184,45.356565],[-112.914358,45.356422],[-112.91563,45.355964],[-112.917022,45.356021],[-112.9174,45.356177],[-112.918108,45.357709],[-112.918326,45.35843],[-112.918472,45.358558],[-112.918642,45.358618],[-112.919149,45.358551],[-112.919491,45.358613],[-112.919962,45.358456],[-112.920414,45.358525],[-112.921493,45.359205],[-112.922088,45.360063],[-112.922271,45.360141],[-112.92259,45.360064],[-112.922803,45.359871],[-112.923747,45.359612]]}},{"type":"Feature","properties":{"id":"road-b115","kind":"road","name":"Black Mountain Rd","acres":null,"editable":false,"source":"TIGER/UGRC road centerlines"},"geometry":{"type":"LineString","coordinates":[[-113.020621,45.335758],[-113.020937,45.335725],[-113.021131,45.335497],[-113.021095,45.334915],[-113.02133,45.33361],[-113.021628,45.333324],[-113.022313,45.332883],[-113.023529,45.332424],[-113.0245,45.332342],[-113.025133,45.332429],[-113.025518,45.332597],[-113.026045,45.333155],[-113.026985,45.333742],[-113.027718,45.334025],[-113.028659,45.333955],[-113.029402,45.334031],[-113.029593,45.333928],[-113.029999,45.333861],[-113.030249,45.333731],[-113.030402,45.333523],[-113.030589,45.33348],[-113.030925,45.333579],[-113.032164,45.33431],[-113.032415,45.334381],[-113.032605,45.334313],[-113.032958,45.333914],[-113.033476,45.333607],[-113.033438,45.333073],[-113.033543,45.332711],[-113.034917,45.332472],[-113.036745,45.332467]]}},{"type":"Feature","properties":{"id":"road-b116","kind":"road","name":"nan","acres":null,"editable":false,"source":"TIGER/UGRC road centerlines"},"geometry":{"type":"LineString","coordinates":[[-113.029701,45.294587],[-113.029951,45.294673],[-113.030335,45.295179],[-113.030285,45.295481],[-113.030635,45.295907],[-113.031004,45.296954],[-113.031017,45.297327],[-113.031496,45.298106],[-113.031348,45.298505],[-113.031483,45.298953],[-113.031689,45.299237],[-113.031772,45.299587],[-113.031673,45.299953],[-113.031859,45.300314],[-113.031448,45.301892],[-113.032123,45.303717],[-113.032077,45.304132],[-113.03171,45.304404],[-113.031316,45.305027],[-113.031359,45.305823],[-113.031098,45.306017],[-113.030875,45.306615],[-113.030547,45.307107]]}},{"type":"Feature","properties":{"id":"road-b117","kind":"road","name":"Pioneer Mountains Scenic Byway","acres":null,"editable":false,"source":"TIGER/UGRC road centerlines"},"geometry":{"type":"LineString","coordinates":[[-113.122898,45.281025],[-113.118584,45.283167],[-113.118198,45.283484],[-113.117759,45.28402],[-113.117467,45.284858],[-113.1175,45.285491],[-113.117648,45.285911],[-113.118998,45.287691],[-113.119402,45.288815],[-113.12022,45.299025],[-113.120898,45.303615]]}},{"type":"Feature","properties":{"id":"road-b118","kind":"road","name":"nan","acres":null,"editable":false,"source":"TIGER/UGRC road centerlines"},"geometry":{"type":"LineString","coordinates":[[-112.917721,45.20001],[-112.917984,45.201032],[-112.918733,45.202487],[-112.919073,45.203489],[-112.91879,45.204925],[-112.918033,45.206666],[-112.918086,45.207845],[-112.918354,45.208245],[-112.918488,45.209215],[-112.918628,45.209573],[-112.91902,45.209872],[-112.920041,45.210332],[-112.92094,45.210542]]}},{"type":"Feature","properties":{"id":"road-b119","kind":"road","name":"nan","acres":null,"editable":false,"source":"TIGER/UGRC road centerlines"},"geometry":{"type":"LineString","coordinates":[[-113.029954,45.166441],[-113.028715,45.166488],[-113.028076,45.166409],[-113.02699,45.166645],[-113.026075,45.167039],[-113.025285,45.167728],[-113.024757,45.167918],[-113.023857,45.167654],[-113.021992,45.167453],[-113.02164,45.167235],[-113.02173,45.166882],[-113.021408,45.166771],[-113.020848,45.166762],[-113.020085,45.167163],[-113.019608,45.167333],[-113.019051,45.167424],[-113.017565,45.167136],[-113.016393,45.167093],[-113.014843,45.166436],[-113.013752,45.166186],[-113.013332,45.166184],[-113.012546,45.166539]]}},{"type":"Feature","properties":{"id":"road-b120","kind":"road","name":"Midway Ln","acres":null,"editable":false,"source":"TIGER/UGRC road centerlines"},"geometry":{"type":"LineString","coordinates":[[-113.119925,45.428312],[-113.119452,45.427504]]}},{"type":"Feature","properties":{"id":"road-b121","kind":"road","name":"Mountain View Way","acres":null,"editable":false,"source":"TIGER/UGRC road centerlines"},"geometry":{"type":"LineString","coordinates":[[-113.118899,45.394842],[-113.11826,45.394614],[-113.117734,45.394523],[-113.114257,45.394445],[-113.114098,45.394355],[-113.113974,45.394137],[-113.113863,45.39297],[-113.114087,45.392783],[-113.114372,45.392714],[-113.118907,45.392753],[-113.119543,45.392841],[-113.120429,45.393171]]}},{"type":"Feature","properties":{"id":"road-b122","kind":"road","name":"nan","acres":null,"editable":false,"source":"TIGER/UGRC road centerlines"},"geometry":{"type":"LineString","coordinates":[[-112.871477,45.284276],[-112.8721,45.285393],[-112.872409,45.285581],[-112.872228,45.28571],[-112.87198,45.285732],[-112.870947,45.285303],[-112.870129,45.285362],[-112.869547,45.285025],[-112.868408,45.284742],[-112.868047,45.284856],[-112.867905,45.285371],[-112.867683,45.285528]]}},{"type":"Feature","properties":{"id":"road-b123","kind":"road","name":"Argenta Rd","acres":null,"editable":false,"source":"TIGER/UGRC road centerlines"},"geometry":{"type":"LineString","coordinates":[[-112.871477,45.284276],[-112.871811,45.284492],[-112.872918,45.284792],[-112.873491,45.285898],[-112.873744,45.286198],[-112.874145,45.286398],[-112.878659,45.287841],[-112.886739,45.290126],[-112.887372,45.290419],[-112.888152,45.291069],[-112.888599,45.291299],[-112.890396,45.29154],[-112.891315,45.291831],[-112.893461,45.292014],[-112.894774,45.29243],[-112.896035,45.292568],[-112.897791,45.293097]]}},{"type":"Feature","properties":{"id":"road-b124","kind":"road","name":"nan","acres":null,"editable":false,"source":"TIGER/UGRC road centerlines"},"geometry":{"type":"LineString","coordinates":[[-113.035498,45.222288],[-113.035752,45.222286],[-113.03696,45.221522],[-113.036809,45.221853],[-113.03641,45.224547],[-113.034758,45.226791],[-113.03382,45.228347],[-113.031533,45.230734],[-113.029264,45.232758],[-113.028502,45.233537],[-113.0284,45.233889],[-113.0284,45.234976]]}},{"type":"Feature","properties":{"id":"road-b125","kind":"road","name":"nan","acres":null,"editable":false,"source":"TIGER/UGRC road centerlines"},"geometry":{"type":"LineString","coordinates":[[-113.190802,45.156438],[-113.188973,45.156527],[-113.187391,45.156422],[-113.185555,45.156646],[-113.183832,45.156508],[-113.183352,45.156598],[-113.18267,45.157043],[-113.181943,45.157003],[-113.181741,45.157052],[-113.18114,45.157982],[-113.179928,45.158536],[-113.179267,45.158558],[-113.177826,45.158153],[-113.177251,45.158092],[-113.172309,45.159266],[-113.172073,45.159424],[-113.171242,45.160988],[-113.170532,45.161722],[-113.169342,45.163229],[-113.168091,45.164459],[-113.166042,45.166803],[-113.165774,45.16679]]}},{"type":"Feature","properties":{"id":"road-b126","kind":"road","name":"French Creek Rd","acres":null,"editable":false,"source":"TIGER/UGRC road centerlines"},"geometry":{"type":"LineString","coordinates":[[-112.927719,45.309727],[-112.9277,45.310668],[-112.927493,45.310944],[-112.926885,45.311303],[-112.926795,45.312135],[-112.926492,45.312604],[-112.925517,45.313181],[-112.924915,45.313362],[-112.924492,45.313604],[-112.922255,45.31397],[-112.920982,45.314615],[-112.920421,45.31512],[-112.919886,45.316054],[-112.919195,45.316635],[-112.918664,45.31696],[-112.916494,45.317981],[-112.915877,45.31837],[-112.914935,45.319272],[-112.914113,45.319783],[-112.913461,45.32077],[-112.912293,45.32167],[-112.911833,45.322308],[-112.911127,45.322932],[-112.910649,45.323493],[-112.910179,45.324162],[-112.90995,45.324742],[-112.909635,45.325192],[-112.909533,45.325823],[-112.909846,45.326701],[-112.909743,45.327506],[-112.909467,45.328186],[-112.909272,45.329104],[-112.908949,45.329594],[-112.908538,45.329997],[-112.908025,45.330899],[-112.907878,45.331697],[-112.90803,45.332061],[-112.907983,45.33222],[-112.907281,45.332868],[-112.905588,45.333281],[-112.904358,45.334131],[-112.901512,45.336658],[-112.900597,45.337998],[-112.900739,45.33898],[-112.901256,45.339701],[-112.901324,45.339967],[-112.900455,45.342955],[-112.900421,45.343362],[-112.900533,45.343652],[-112.901199,45.344559],[-112.902074,45.347103],[-112.902139,45.348019],[-112.902897,45.35117],[-112.902937,45.352052],[-112.903161,45.352484],[-112.902183,45.353912],[-112.90162,45.354319],[-112.901344,45.354684],[-112.901341,45.35492],[-112.90166,45.355532],[-112.901759,45.355949],[-112.901795,45.356886],[-112.901553,45.357874],[-112.901574,45.358548],[-112.901213,45.359407],[-112.90118,45.36009],[-112.900367,45.361289],[-112.899632,45.362896],[-112.89926,45.364698],[-112.897225,45.368172],[-112.89701,45.369185],[-112.896928,45.371732],[-112.897113,45.372195],[-112.89739,45.372532],[-112.898355,45.373269],[-112.899252,45.374273],[-112.899319,45.374961],[-112.899613,45.37564],[-112.899725,45.376427],[-112.900124,45.37713],[-112.901202,45.378257],[-112.902413,45.379215],[-112.902699,45.37953],[-112.903618,45.381179],[-112.905396,45.383828],[-112.906453,45.384323],[-112.906542,45.384535],[-112.906453,45.384651],[-112.906252,45.384701],[-112.905271,45.384439],[-112.904287,45.38366],[-112.903093,45.383123],[-112.902579,45.382415],[-112.901277,45.381372],[-112.900291,45.380841],[-112.898943,45.380341],[-112.897001,45.378988],[-112.895647,45.37787],[-112.895509,45.377814],[-112.895364,45.377859],[-112.89459,45.378588],[-112.89294,45.37965],[-112.892096,45.380084],[-112.891162,45.38073],[-112.890032,45.381831],[-112.890058,45.382283],[-112.890709,45.383092],[-112.890968,45.383695],[-112.89086,45.38505],[-112.891217,45.38632],[-112.891121,45.387133],[-112.891281,45.388211],[-112.890754,45.389507],[-112.889224,45.391403],[-112.888748,45.391756],[-112.888214,45.392018],[-112.886956,45.392302],[-112.886398,45.392676],[-112.886251,45.392951],[-112.886223,45.393534],[-112.885969,45.394304],[-112.885979,45.394603],[-112.886261,45.395367],[-112.886203,45.395944],[-112.885974,45.396287],[-112.88554,45.396659],[-112.885177,45.397542],[-112.884528,45.397869],[-112.884224,45.398305],[-112.88304,45.398702],[-112.880872,45.399823],[-112.880216,45.400272],[-112.879003,45.401495],[-112.878263,45.401926],[-112.878068,45.402512],[-112.877645,45.403106],[-112.877136,45.403565],[-112.876858,45.403977],[-112.876343,45.404285]]}},{"type":"Feature","properties":{"id":"road-b127","kind":"road","name":"Reservoir Creek Rd","acres":null,"editable":false,"source":"TIGER/UGRC road centerlines"},"geometry":{"type":"LineString","coordinates":[[-113.152623,45.139027],[-113.151836,45.139038],[-113.150587,45.139329],[-113.149195,45.140061],[-113.147763,45.141139],[-113.147404,45.141327],[-113.146159,45.141568],[-113.144513,45.141731],[-113.143768,45.141889],[-113.141828,45.142852],[-113.14103,45.14346],[-113.14026,45.143748],[-113.139484,45.144275],[-113.138947,45.144446],[-113.136938,45.144765],[-113.135551,45.145725],[-113.135058,45.1459],[-113.134191,45.145995],[-113.133533,45.145785],[-113.133066,45.145746],[-113.132131,45.145897],[-113.13107,45.145899],[-113.130001,45.146015],[-113.127526,45.146574],[-113.126468,45.146913],[-113.123815,45.147561],[-113.12335,45.147488],[-113.122656,45.147067],[-113.121895,45.147031],[-113.117589,45.147445],[-113.1087,45.14809],[-113.104669,45.148869]]}},{"type":"Feature","properties":{"id":"road-b128","kind":"road","name":"nan","acres":null,"editable":false,"source":"TIGER/UGRC road centerlines"},"geometry":{"type":"LineString","coordinates":[[-113.143556,45.129354],[-113.143491,45.12996],[-113.142684,45.130847],[-113.142412,45.131771],[-113.141973,45.132498],[-113.141641,45.134204],[-113.141716,45.135161],[-113.14142,45.138028],[-113.14059,45.141646],[-113.13958,45.142998],[-113.139001,45.143411],[-113.136222,45.144196],[-113.135823,45.144427],[-113.135961,45.14543]]}},{"type":"Feature","properties":{"id":"road-b129","kind":"road","name":"nan","acres":null,"editable":false,"source":"TIGER/UGRC road centerlines"},"geometry":{"type":"LineString","coordinates":[[-113.117453,45.317888],[-113.118794,45.317908],[-113.119893,45.31814],[-113.120569,45.31847]]}},{"type":"Feature","properties":{"id":"road-b130","kind":"road","name":"nan","acres":null,"editable":false,"source":"TIGER/UGRC road centerlines"},"geometry":{"type":"LineString","coordinates":[[-113.192862,45.361959],[-113.193977,45.362609]]}},{"type":"Feature","properties":{"id":"road-b131","kind":"road","name":"nan","acres":null,"editable":false,"source":"TIGER/UGRC road centerlines"},"geometry":{"type":"LineString","coordinates":[[-113.150055,45.164314],[-113.15125,45.164283],[-113.152132,45.164059],[-113.152646,45.164202],[-113.153057,45.164645],[-113.15395,45.165033],[-113.155048,45.16512],[-113.157027,45.165632],[-113.158456,45.165749],[-113.159547,45.16599],[-113.161388,45.166234],[-113.162867,45.166629]]}},{"type":"Feature","properties":{"id":"road-b132","kind":"road","name":"nan","acres":null,"editable":false,"source":"TIGER/UGRC road centerlines"},"geometry":{"type":"LineString","coordinates":[[-113.161,45.143009],[-113.162128,45.144084],[-113.163277,45.144873],[-113.164381,45.14649],[-113.165035,45.147288],[-113.165575,45.147782],[-113.168268,45.148685],[-113.169444,45.149158]]}},{"type":"Feature","properties":{"id":"road-b133","kind":"road","name":"nan","acres":null,"editable":false,"source":"TIGER/UGRC road centerlines"},"geometry":{"type":"LineString","coordinates":[[-113.089867,45.14794],[-113.091315,45.149615],[-113.092067,45.150358],[-113.092603,45.151048],[-113.092841,45.151694],[-113.092216,45.152214],[-113.091602,45.152991],[-113.090214,45.153517],[-113.088599,45.153769],[-113.084948,45.154752],[-113.083785,45.155256],[-113.082299,45.156124],[-113.08188,45.156284],[-113.078585,45.156696],[-113.076323,45.156788],[-113.075484,45.156925],[-113.071672,45.158229],[-113.070412,45.158526],[-113.068086,45.159692],[-113.066632,45.160332],[-113.065825,45.160583],[-113.064759,45.16072],[-113.062497,45.160858],[-113.058362,45.160675],[-113.057101,45.16072],[-113.0561,45.160926],[-113.054646,45.160903],[-113.053386,45.160789],[-113.050963,45.160285],[-113.049735,45.159759],[-113.046731,45.159118],[-113.045536,45.158981],[-113.045277,45.15905],[-113.044825,45.159438],[-113.044408,45.159984],[-113.04314,45.170615],[-113.04389,45.17594],[-113.044038,45.177935],[-113.044091,45.191869],[-113.044698,45.194586],[-113.045459,45.196624],[-113.045639,45.197035],[-113.0478,45.20012],[-113.048168,45.200798],[-113.048628,45.202275],[-113.049201,45.203327],[-113.049568,45.205751],[-113.049917,45.206617],[-113.052229,45.210357],[-113.055129,45.214472],[-113.055686,45.215092],[-113.057134,45.216408],[-113.057876,45.217276],[-113.059538,45.218777],[-113.05963,45.219225],[-113.059594,45.220311],[-113.059744,45.220605],[-113.069017,45.220518],[-113.069659,45.220412]]}},{"type":"Feature","properties":{"id":"road-b134","kind":"road","name":"nan","acres":null,"editable":false,"source":"TIGER/UGRC road centerlines"},"geometry":{"type":"LineString","coordinates":[[-113.100671,45.316872],[-113.101002,45.316967],[-113.101746,45.316818],[-113.101862,45.316873],[-113.102065,45.317341],[-113.102109,45.317748],[-113.102427,45.318323],[-113.102469,45.3188],[-113.102983,45.319164],[-113.103608,45.319373],[-113.108868,45.319289],[-113.109373,45.319163],[-113.110503,45.318656],[-113.111732,45.318444],[-113.112282,45.31847],[-113.1127,45.318633],[-113.113233,45.318727],[-113.113369,45.318846],[-113.116616,45.318012],[-113.117453,45.317888]]}},{"type":"Feature","properties":{"id":"road-b135","kind":"road","name":"nan","acres":null,"editable":false,"source":"TIGER/UGRC road centerlines"},"geometry":{"type":"LineString","coordinates":[[-112.959578,45.249236],[-112.960646,45.249916],[-112.962632,45.250818],[-112.963926,45.251566],[-112.965477,45.253092],[-112.966622,45.253783],[-112.967378,45.254418],[-112.969537,45.255722],[-112.969686,45.255949],[-112.971066,45.257082],[-112.971417,45.257481],[-112.971565,45.257974],[-112.971599,45.258639],[-112.971936,45.259561],[-112.972224,45.260015]]}},{"type":"Feature","properties":{"id":"road-b136","kind":"road","name":"nan","acres":null,"editable":false,"source":"TIGER/UGRC road centerlines"},"geometry":{"type":"LineString","coordinates":[[-112.941197,45.300776],[-112.947126,45.298065],[-112.948636,45.297458],[-112.949592,45.296802],[-112.950137,45.296545],[-112.951735,45.295532],[-112.95209,45.2954],[-112.953139,45.29513],[-112.954281,45.29471],[-112.954918,45.294591],[-112.955412,45.294542],[-112.956054,45.294549],[-112.956453,45.294637],[-112.958106,45.294599],[-112.958508,45.2947],[-112.958862,45.294546]]}},{"type":"Feature","properties":{"id":"road-b137","kind":"road","name":"Miracle Mountain Dr","acres":null,"editable":false,"source":"TIGER/UGRC road centerlines"},"geometry":{"type":"LineString","coordinates":[[-113.12275,45.359776],[-113.122736,45.359961],[-113.122011,45.360316],[-113.121754,45.360573],[-113.121919,45.361122],[-113.121756,45.361673],[-113.122054,45.361897],[-113.12266,45.361851],[-113.123228,45.361468],[-113.123217,45.361201],[-113.122935,45.360835],[-113.123119,45.360178],[-113.12275,45.359776]]}},{"type":"Feature","properties":{"id":"road-b138","kind":"road","name":"nan","acres":null,"editable":false,"source":"TIGER/UGRC road centerlines"},"geometry":{"type":"LineString","coordinates":[[-112.909319,45.357757],[-112.909755,45.358074],[-112.911405,45.358937],[-112.91315,45.359534],[-112.913241,45.360315],[-112.9132,45.361014],[-112.913086,45.361434],[-112.912327,45.362599]]}},{"type":"Feature","properties":{"id":"road-b139","kind":"road","name":"nan","acres":null,"editable":false,"source":"TIGER/UGRC road centerlines"},"geometry":{"type":"LineString","coordinates":[[-112.941928,45.185154],[-112.942421,45.186162],[-112.942284,45.186615],[-112.941969,45.187097],[-112.941944,45.187485],[-112.942039,45.187654],[-112.942222,45.187786],[-112.94267,45.18786],[-112.945818,45.189084],[-112.946512,45.189667],[-112.946921,45.189696],[-112.947307,45.189815],[-112.948644,45.190962],[-112.949279,45.191645],[-112.949466,45.191921],[-112.949399,45.192195]]}},{"type":"Feature","properties":{"id":"road-b140","kind":"road","name":"Old Canyon Rd","acres":null,"editable":false,"source":"TIGER/UGRC road centerlines"},"geometry":{"type":"LineString","coordinates":[[-113.117712,45.426845],[-113.117758,45.427031],[-113.118247,45.427282],[-113.118532,45.427652],[-113.118553,45.429114],[-113.118228,45.429682],[-113.117495,45.430137],[-113.117031,45.430553],[-113.116847,45.430933],[-113.116663,45.432178],[-113.116808,45.432421],[-113.117247,45.432644],[-113.11881,45.432695],[-113.119617,45.432896],[-113.120017,45.433117],[-113.120339,45.433593],[-113.120689,45.435169],[-113.121007,45.436058],[-113.121016,45.436456],[-113.120497,45.438301],[-113.120357,45.439499],[-113.120224,45.439647],[-113.120008,45.439697],[-113.119725,45.441506],[-113.119957,45.442234],[-113.120847,45.443555],[-113.121246,45.444432],[-113.121584,45.446397]]}},{"type":"Feature","properties":{"id":"road-b141","kind":"road","name":"Tash Ln","acres":null,"editable":false,"source":"TIGER/UGRC road centerlines"},"geometry":{"type":"LineString","coordinates":[[-113.120898,45.303615],[-113.121822,45.309661],[-113.121685,45.311266],[-113.121361,45.312775],[-113.121484,45.314546],[-113.121283,45.315157],[-113.121283,45.31554],[-113.121652,45.317284],[-113.122064,45.318662],[-113.1221,45.319304]]}},{"type":"Feature","properties":{"id":"road-b142","kind":"road","name":"nan","acres":null,"editable":false,"source":"TIGER/UGRC road centerlines"},"geometry":{"type":"LineString","coordinates":[[-113.120828,45.435525],[-113.120536,45.435517]]}},{"type":"Feature","properties":{"id":"road-b143","kind":"road","name":"nan","acres":null,"editable":false,"source":"TIGER/UGRC road centerlines"},"geometry":{"type":"LineString","coordinates":[[-113.182503,45.134362],[-113.182387,45.134328],[-113.181481,45.135579],[-113.180771,45.135962],[-113.180221,45.136548],[-113.179929,45.137247],[-113.180005,45.13856],[-113.179934,45.138687],[-113.178529,45.139884],[-113.17686,45.140417]]}},{"type":"Feature","properties":{"id":"road-b144","kind":"road","name":"nan","acres":null,"editable":false,"source":"TIGER/UGRC road centerlines"},"geometry":{"type":"LineString","coordinates":[[-113.119064,45.338913],[-113.119573,45.33902],[-113.119758,45.338978],[-113.119896,45.338814]]}},{"type":"Feature","properties":{"id":"road-b145","kind":"road","name":"Billings Creek Rd","acres":null,"editable":false,"source":"TIGER/UGRC road centerlines"},"geometry":{"type":"LineString","coordinates":[[-113.120453,45.370036],[-113.11987,45.370088],[-113.11906,45.370051],[-113.11853,45.370505],[-113.117701,45.370745],[-113.115453,45.371863],[-113.11446,45.372129],[-113.113785,45.372123],[-113.112586,45.371934],[-113.111292,45.371832],[-113.110934,45.37182],[-113.110295,45.371927],[-113.108188,45.371808],[-113.107015,45.371636],[-113.104629,45.370879],[-113.103794,45.371241],[-113.103487,45.371256],[-113.101398,45.370907],[-113.099965,45.371158],[-113.099168,45.371173],[-113.097499,45.371073],[-113.096843,45.370824],[-113.096288,45.370825],[-113.095646,45.370977],[-113.09501,45.370817],[-113.093511,45.370755],[-113.091063,45.3708],[-113.089598,45.370547],[-113.088884,45.370245],[-113.088092,45.370107],[-113.086687,45.370025],[-113.086169,45.370196],[-113.085599,45.370206],[-113.082617,45.369608],[-113.082039,45.369551],[-113.081082,45.369227],[-113.079789,45.368985],[-113.079219,45.368995],[-113.078423,45.369131],[-113.077571,45.369439],[-113.076602,45.369488],[-113.075968,45.369869],[-113.075701,45.370135],[-113.075568,45.370695]]}},{"type":"Feature","properties":{"id":"road-b146","kind":"road","name":"nan","acres":null,"editable":false,"source":"TIGER/UGRC road centerlines"},"geometry":{"type":"LineString","coordinates":[[-113.113541,45.425022],[-113.113517,45.424996]]}},{"type":"Feature","properties":{"id":"road-b147","kind":"road","name":"nan","acres":null,"editable":false,"source":"TIGER/UGRC road centerlines"},"geometry":{"type":"LineString","coordinates":[[-113.162845,45.211888],[-113.16235,45.211773],[-113.161664,45.211822],[-113.161287,45.211613],[-113.16088,45.211562],[-113.160436,45.211674],[-113.159379,45.212333],[-113.159113,45.212392],[-113.157572,45.212386],[-113.156327,45.212463],[-113.155778,45.212428],[-113.155333,45.212122],[-113.153097,45.211579],[-113.151609,45.211643],[-113.151033,45.211555],[-113.14904,45.211718],[-113.148397,45.211883],[-113.14791,45.212154],[-113.147425,45.212118],[-113.146653,45.21224],[-113.144517,45.213018],[-113.144006,45.213316],[-113.143661,45.213629],[-113.143122,45.213855],[-113.140042,45.214606],[-113.138531,45.214715],[-113.137422,45.214691],[-113.136778,45.214505],[-113.136657,45.214318],[-113.136958,45.213862],[-113.136796,45.213622],[-113.136422,45.213494],[-113.133834,45.213065],[-113.131885,45.213066],[-113.131112,45.213161],[-113.130057,45.213559],[-113.127896,45.214004],[-113.125713,45.214558],[-113.125424,45.214662],[-113.124192,45.21545],[-113.123753,45.215621],[-113.122926,45.215645],[-113.121681,45.215389],[-113.118386,45.215828],[-113.117402,45.216072],[-113.116302,45.216641],[-113.115968,45.216899],[-113.11545,45.218376],[-113.114722,45.219362],[-113.114548,45.219473],[-113.111432,45.220638],[-113.107732,45.221832],[-113.105827,45.222335],[-113.105949,45.221846],[-113.10585,45.22021],[-113.105371,45.219292],[-113.104483,45.21803],[-113.104511,45.217039],[-113.104386,45.216087],[-113.104967,45.213196],[-113.104993,45.212862],[-113.104817,45.211875],[-113.104978,45.210729],[-113.104721,45.209969],[-113.105061,45.208135],[-113.105319,45.207554],[-113.106314,45.206555]]}},{"type":"Feature","properties":{"id":"road-b148","kind":"road","name":"nan","acres":null,"editable":false,"source":"TIGER/UGRC road centerlines"},"geometry":{"type":"LineString","coordinates":[[-113.12025,45.338765],[-113.11998,45.338896],[-113.119896,45.338814]]}},{"type":"Feature","properties":{"id":"road-b149","kind":"road","name":"French Creek Thief Creek Rd","acres":null,"editable":false,"source":"TIGER/UGRC road centerlines"},"geometry":{"type":"LineString","coordinates":[[-112.875842,45.405843],[-112.877234,45.40664],[-112.878467,45.407122],[-112.879278,45.407637],[-112.882505,45.408491],[-112.885451,45.410447],[-112.886198,45.410797],[-112.886811,45.411274],[-112.88817,45.411668],[-112.889125,45.411767],[-112.889743,45.411478],[-112.890817,45.411444],[-112.892127,45.411131],[-112.89303,45.411192],[-112.894546,45.411049],[-112.89505,45.411071],[-112.895122,45.411184],[-112.89504,45.411273],[-112.892925,45.41231],[-112.891778,45.413199],[-112.890282,45.413596],[-112.888498,45.414676],[-112.886568,45.416247],[-112.886095,45.416532],[-112.885773,45.416883],[-112.885608,45.417339],[-112.885653,45.417621],[-112.886461,45.418418],[-112.887442,45.418686],[-112.889347,45.419658],[-112.890676,45.420109],[-112.89076,45.420277],[-112.890677,45.420602],[-112.890392,45.420861]]}},{"type":"Feature","properties":{"id":"road-b150","kind":"road","name":"nan","acres":null,"editable":false,"source":"TIGER/UGRC road centerlines"},"geometry":{"type":"LineString","coordinates":[[-112.950994,45.1923],[-112.950706,45.191683],[-112.950368,45.191491],[-112.949259,45.190322],[-112.948328,45.189527],[-112.947358,45.189076],[-112.947027,45.188722],[-112.947049,45.188622],[-112.947885,45.188113],[-112.948033,45.187597],[-112.948181,45.187469],[-112.948905,45.187411],[-112.949652,45.18693],[-112.951857,45.186632],[-112.952817,45.186408]]}},{"type":"Feature","properties":{"id":"road-b151","kind":"road","name":"nan","acres":null,"editable":false,"source":"TIGER/UGRC road centerlines"},"geometry":{"type":"LineString","coordinates":[[-113.121052,45.39199],[-113.126314,45.392202],[-113.127855,45.392448],[-113.129458,45.393098],[-113.129723,45.393278],[-113.130724,45.394164],[-113.131067,45.395161],[-113.131317,45.395381]]}},{"type":"Feature","properties":{"id":"road-b152","kind":"road","name":"nan","acres":null,"editable":false,"source":"TIGER/UGRC road centerlines"},"geometry":{"type":"LineString","coordinates":[[-113.169444,45.149158],[-113.171622,45.149567],[-113.173438,45.14982],[-113.174888,45.149828],[-113.176712,45.149623],[-113.178185,45.149541],[-113.179181,45.149648],[-113.180914,45.149705],[-113.181316,45.149922],[-113.185393,45.150735],[-113.18709,45.150874],[-113.189179,45.150942],[-113.191987,45.151527],[-113.192996,45.151616],[-113.195959,45.151262],[-113.198282,45.150794],[-113.199685,45.150245],[-113.200679,45.149623]]}},{"type":"Feature","properties":{"id":"road-b153","kind":"road","name":"nan","acres":null,"editable":false,"source":"TIGER/UGRC road centerlines"},"geometry":{"type":"LineString","coordinates":[[-112.991052,45.241029],[-112.989996,45.240722],[-112.989626,45.240346],[-112.989011,45.238363],[-112.988983,45.2374],[-112.989127,45.236821],[-112.989602,45.236012],[-112.989611,45.23549],[-112.989865,45.23522],[-112.990046,45.234803],[-112.990449,45.234408],[-112.990589,45.233951],[-112.990518,45.233773],[-112.990148,45.233622],[-112.990051,45.233475],[-112.990358,45.233267],[-112.991093,45.23306],[-112.991683,45.232471]]}},{"type":"Feature","properties":{"id":"road-b154","kind":"road","name":"nan","acres":null,"editable":false,"source":"TIGER/UGRC road centerlines"},"geometry":{"type":"LineString","coordinates":[[-113.120907,45.436954],[-113.120458,45.436943]]}},{"type":"Feature","properties":{"id":"road-b155","kind":"road","name":"nan","acres":null,"editable":false,"source":"TIGER/UGRC road centerlines"},"geometry":{"type":"LineString","coordinates":[[-113.085157,45.367239],[-113.085367,45.367231],[-113.085524,45.367318],[-113.085785,45.367575],[-113.086143,45.368221],[-113.086524,45.368538],[-113.088378,45.368666],[-113.08856,45.368649],[-113.088668,45.368539],[-113.088754,45.367988],[-113.088772,45.367547],[-113.088459,45.367103],[-113.088504,45.366913],[-113.08865,45.366838],[-113.089066,45.366875],[-113.089228,45.367043],[-113.089851,45.367334],[-113.090199,45.367363],[-113.090124,45.367513],[-113.089388,45.367293],[-113.089147,45.367293],[-113.089101,45.367352],[-113.089318,45.367974],[-113.089418,45.368786],[-113.089371,45.368895],[-113.089086,45.369044],[-113.087582,45.369234],[-113.084979,45.369282],[-113.084675,45.369395],[-113.084616,45.369486],[-113.084015,45.369538],[-113.084116,45.369635],[-113.084531,45.369672],[-113.086413,45.370124]]}},{"type":"Feature","properties":{"id":"road-b156","kind":"road","name":"Miracle Mountain Dr","acres":null,"editable":false,"source":"TIGER/UGRC road centerlines"},"geometry":{"type":"LineString","coordinates":[[-113.123567,45.35763],[-113.122794,45.357777],[-113.121859,45.357727],[-113.121389,45.357582],[-113.121166,45.357654],[-113.121307,45.357876],[-113.12203,45.358139],[-113.122243,45.358286],[-113.122642,45.358989],[-113.122624,45.359459],[-113.12275,45.359776]]}},{"type":"Feature","properties":{"id":"road-b157","kind":"road","name":"Dingley Dr","acres":null,"editable":false,"source":"TIGER/UGRC road centerlines"},"geometry":{"type":"LineString","coordinates":[[-113.098834,45.425247],[-113.100025,45.4254],[-113.100656,45.425162]]}},{"type":"Feature","properties":{"id":"road-b158","kind":"road","name":"nan","acres":null,"editable":false,"source":"TIGER/UGRC road centerlines"},"geometry":{"type":"LineString","coordinates":[[-113.120773,45.277939],[-113.120658,45.279288],[-113.12072,45.281326],[-113.120592,45.282133]]}},{"type":"Feature","properties":{"id":"road-b159","kind":"road","name":"nan","acres":null,"editable":false,"source":"TIGER/UGRC road centerlines"},"geometry":{"type":"LineString","coordinates":[[-113.102921,45.416456],[-113.101259,45.417533],[-113.102793,45.41863]]}},{"type":"Feature","properties":{"id":"road-b160","kind":"road","name":"nan","acres":null,"editable":false,"source":"TIGER/UGRC road centerlines"},"geometry":{"type":"LineString","coordinates":[[-113.162446,45.191463],[-113.162631,45.191658],[-113.162762,45.192088],[-113.162473,45.193191],[-113.163436,45.194397],[-113.163864,45.194623],[-113.164776,45.19484],[-113.165259,45.195137],[-113.166135,45.196093],[-113.167427,45.196923],[-113.167949,45.197579],[-113.168879,45.198273],[-113.16916,45.198637],[-113.169692,45.198888],[-113.170205,45.199328],[-113.171062,45.199762],[-113.172747,45.200207],[-113.17329,45.20043]]}},{"type":"Feature","properties":{"id":"road-b161","kind":"road","name":"nan","acres":null,"editable":false,"source":"TIGER/UGRC road centerlines"},"geometry":{"type":"LineString","coordinates":[[-112.91773,45.317394],[-112.917595,45.317723],[-112.917629,45.317943],[-112.918883,45.31929],[-112.919032,45.319896],[-112.919038,45.320116],[-112.918791,45.32075],[-112.918404,45.3214],[-112.918526,45.322542],[-112.918634,45.322571],[-112.919199,45.32168],[-112.919478,45.321468],[-112.919646,45.321492],[-112.919739,45.321608],[-112.919807,45.322417],[-112.920314,45.322998],[-112.920533,45.323471],[-112.921223,45.32629],[-112.921156,45.326805],[-112.921012,45.327086],[-112.920226,45.328215],[-112.919624,45.328671],[-112.918422,45.329254],[-112.917783,45.329755],[-112.917794,45.330093],[-112.917979,45.330607],[-112.918155,45.330883],[-112.919614,45.331795],[-112.921732,45.331476],[-112.92276,45.331234],[-112.9236,45.331255],[-112.923819,45.331306],[-112.924043,45.331518],[-112.925475,45.332349],[-112.925675,45.332598],[-112.926365,45.334337],[-112.926359,45.334548],[-112.926973,45.33596],[-112.927625,45.336669],[-112.927775,45.336964],[-112.927786,45.337166],[-112.927389,45.337997],[-112.927142,45.338226],[-112.926897,45.338266],[-112.926485,45.338638],[-112.9246,45.342643],[-112.92349,45.344071],[-112.922782,45.345199],[-112.922291,45.34627],[-112.922073,45.347043],[-112.921963,45.347616],[-112.922028,45.348385],[-112.921894,45.34899],[-112.921569,45.349648],[-112.921171,45.350087],[-112.920944,45.35059],[-112.920953,45.350847],[-112.921315,45.351286],[-112.922945,45.351921],[-112.923423,45.35234],[-112.923761,45.354099],[-112.923493,45.354405],[-112.923387,45.356234],[-112.923252,45.356407],[-112.923215,45.356844],[-112.923506,45.357834],[-112.923348,45.358494],[-112.923531,45.358959],[-112.923455,45.35937],[-112.923484,45.359468],[-112.923639,45.359493],[-112.923747,45.359612]]}},{"type":"Feature","properties":{"id":"road-b162","kind":"road","name":"Pioneer Mountains Scenic Byway","acres":null,"editable":false,"source":"TIGER/UGRC road centerlines"},"geometry":{"type":"LineString","coordinates":[[-113.1221,45.319304],[-113.122441,45.320267],[-113.12266,45.321322],[-113.122767,45.323174],[-113.122559,45.324523],[-113.121312,45.330167],[-113.121414,45.330854],[-113.121952,45.332705],[-113.122728,45.334533],[-113.122801,45.335447],[-113.122674,45.336101],[-113.122391,45.336718],[-113.121197,45.338169],[-113.120906,45.338724],[-113.120823,45.339304],[-113.120857,45.343064],[-113.12105,45.343902],[-113.121596,45.344874],[-113.122048,45.346074],[-113.121741,45.349071],[-113.122275,45.350425],[-113.122712,45.351079],[-113.12319,45.351506],[-113.124158,45.352159],[-113.124165,45.353463],[-113.123496,45.356954],[-113.123624,45.357878],[-113.124243,45.359907],[-113.124285,45.36057],[-113.124085,45.361419],[-113.123757,45.362011],[-113.122248,45.363636],[-113.121848,45.364209],[-113.120577,45.367555],[-113.11992,45.368527],[-113.119796,45.368859],[-113.119951,45.369515],[-113.120839,45.370378],[-113.121176,45.370872],[-113.12124,45.371411],[-113.120846,45.372642],[-113.120933,45.372991],[-113.121444,45.373812],[-113.121611,45.374335],[-113.121569,45.374865],[-113.121149,45.376359],[-113.121069,45.377212],[-113.121067,45.391913],[-113.120857,45.392579],[-113.120583,45.39299],[-113.118899,45.394842],[-113.116633,45.397596],[-113.116221,45.398229],[-113.116058,45.398678],[-113.115974,45.399387],[-113.116059,45.404845],[-113.114316,45.411313],[-113.114732,45.418106],[-113.113524,45.424844],[-113.113497,45.425246],[-113.113703,45.425925]]}},{"type":"Feature","properties":{"id":"road-b163","kind":"road","name":"nan","acres":null,"editable":false,"source":"TIGER/UGRC road centerlines"},"geometry":{"type":"LineString","coordinates":[[-112.927304,45.175011],[-112.926632,45.175509],[-112.927323,45.175571],[-112.927571,45.175747],[-112.927874,45.176066],[-112.927862,45.176619]]}},{"type":"Feature","properties":{"id":"road-b164","kind":"road","name":"Pioneer Mountains Scenic By-Way","acres":null,"editable":false,"source":"TIGER/UGRC road centerlines"},"geometry":{"type":"LineString","coordinates":[[-113.122048,45.346074],[-113.123732,45.350662],[-113.124158,45.352159]]}},{"type":"Feature","properties":{"id":"road-b165","kind":"road","name":"nan","acres":null,"editable":false,"source":"TIGER/UGRC road centerlines"},"geometry":{"type":"LineString","coordinates":[[-112.888827,45.217338],[-112.889184,45.217598],[-112.889753,45.21785],[-112.891268,45.21823],[-112.893177,45.218963],[-112.894202,45.219144],[-112.895283,45.219469],[-112.897227,45.22048],[-112.898442,45.221396],[-112.898896,45.221623],[-112.899818,45.221779],[-112.900416,45.221778],[-112.901197,45.221882],[-112.902072,45.222146],[-112.903612,45.222877],[-112.905276,45.223128],[-112.906331,45.223444],[-112.9076,45.223674],[-112.907778,45.223958],[-112.908228,45.224351],[-112.910316,45.22491],[-112.91213,45.226029],[-112.913233,45.226149],[-112.913645,45.226275],[-112.914192,45.226684],[-112.915639,45.227095],[-112.916425,45.227516],[-112.917231,45.22817],[-112.920071,45.22369]]}},{"type":"Feature","properties":{"id":"road-b166","kind":"road","name":"nan","acres":null,"editable":false,"source":"TIGER/UGRC road centerlines"},"geometry":{"type":"LineString","coordinates":[[-112.899408,45.311582],[-112.898912,45.312283],[-112.897867,45.31298],[-112.89632,45.313609],[-112.895955,45.313935],[-112.895255,45.314298],[-112.894994,45.314527],[-112.894207,45.314887],[-112.893902,45.31527],[-112.8929,45.31552],[-112.89003,45.316009],[-112.889732,45.315739],[-112.88924,45.315689],[-112.889006,45.315589],[-112.887332,45.315613],[-112.88283,45.314791]]}},{"type":"Feature","properties":{"id":"road-b167","kind":"road","name":"nan","acres":null,"editable":false,"source":"TIGER/UGRC road centerlines"},"geometry":{"type":"LineString","coordinates":[[-112.979898,45.157217],[-112.979683,45.157239],[-112.979383,45.157406],[-112.978731,45.158408],[-112.978398,45.158702],[-112.977696,45.159029],[-112.976797,45.159153]]}},{"type":"Feature","properties":{"id":"road-b168","kind":"road","name":"nan","acres":null,"editable":false,"source":"TIGER/UGRC road centerlines"},"geometry":{"type":"LineString","coordinates":[[-113.162446,45.191463],[-113.1615,45.19104],[-113.16118,45.190983],[-113.159609,45.190851],[-113.158338,45.190893],[-113.157806,45.190966],[-113.156905,45.19137],[-113.156426,45.191505],[-113.15414,45.19199],[-113.152792,45.192357],[-113.152491,45.192498],[-113.15244,45.192823],[-113.153523,45.193847],[-113.153395,45.194182],[-113.153025,45.194486],[-113.15245,45.194767],[-113.151228,45.195123],[-113.147568,45.195642],[-113.146217,45.195937],[-113.145283,45.196477],[-113.144036,45.197851],[-113.143312,45.198251],[-113.142624,45.198579],[-113.140899,45.19908],[-113.139819,45.199496],[-113.138143,45.200284],[-113.13676,45.200751],[-113.135624,45.201375]]}},{"type":"Feature","properties":{"id":"road-b169","kind":"road","name":"nan","acres":null,"editable":false,"source":"TIGER/UGRC road centerlines"},"geometry":{"type":"LineString","coordinates":[[-113.11676,45.283461],[-113.116978,45.283695],[-113.116844,45.284351],[-113.11694,45.284421],[-113.117574,45.284409]]}},{"type":"Feature","properties":{"id":"road-b170","kind":"road","name":"nan","acres":null,"editable":false,"source":"TIGER/UGRC road centerlines"},"geometry":{"type":"LineString","coordinates":[[-113.106403,45.342014],[-113.106539,45.342099],[-113.106792,45.342051],[-113.107209,45.341811],[-113.107688,45.341364],[-113.108438,45.340951],[-113.108859,45.340816],[-113.109709,45.340256],[-113.111041,45.339946],[-113.111437,45.339782],[-113.112312,45.339729],[-113.113097,45.339782],[-113.114419,45.339557],[-113.115496,45.33952],[-113.116401,45.339288],[-113.11788,45.339131],[-113.119064,45.338913]]}},{"type":"Feature","properties":{"id":"road-b171","kind":"road","name":"E Fork","acres":null,"editable":false,"source":"TIGER/UGRC road centerlines"},"geometry":{"type":"LineString","coordinates":[[-113.032977,45.279481],[-113.03253,45.280271],[-113.031673,45.280946],[-113.031084,45.281711],[-113.030654,45.281984],[-113.029646,45.283506],[-113.029264,45.284517],[-113.028961,45.286],[-113.028868,45.287371],[-113.028923,45.287846],[-113.028734,45.288674],[-113.029081,45.289609],[-113.029095,45.289943],[-113.028875,45.290338],[-113.028872,45.290741],[-113.028721,45.291251],[-113.028946,45.29185],[-113.029124,45.292903],[-113.029562,45.293784],[-113.029568,45.294184],[-113.029376,45.294428]]}},{"type":"Feature","properties":{"id":"road-b172","kind":"road","name":"nan","acres":null,"editable":false,"source":"TIGER/UGRC road centerlines"},"geometry":{"type":"LineString","coordinates":[[-113.164312,45.273204],[-113.162819,45.273619],[-113.162024,45.273913],[-113.161849,45.274101],[-113.161231,45.274234],[-113.161021,45.274477],[-113.159615,45.275025],[-113.159169,45.275457],[-113.158831,45.275571],[-113.157962,45.276182],[-113.15668,45.276728],[-113.156685,45.277309],[-113.15687,45.277665],[-113.156914,45.278367],[-113.157107,45.278944],[-113.157299,45.279192],[-113.157226,45.279355],[-113.157331,45.280046],[-113.157121,45.280663],[-113.15667,45.280986],[-113.151863,45.283062],[-113.151499,45.283406],[-113.150877,45.285997],[-113.150113,45.288469],[-113.149899,45.289598],[-113.149909,45.28985],[-113.150128,45.29021],[-113.150845,45.290953],[-113.150971,45.291229],[-113.150909,45.291636],[-113.150591,45.291975],[-113.149786,45.292471],[-113.148697,45.293383],[-113.148665,45.294617],[-113.148548,45.295218],[-113.147096,45.297099],[-113.147099,45.297626],[-113.14727,45.297924],[-113.147342,45.298391],[-113.147449,45.298605],[-113.148072,45.299232],[-113.147792,45.299786]]}},{"type":"Feature","properties":{"id":"road-b173","kind":"road","name":"Highboy Dr","acres":null,"editable":false,"source":"TIGER/UGRC road centerlines"},"geometry":{"type":"LineString","coordinates":[[-113.113842,45.393096],[-113.111462,45.392872],[-113.110606,45.393256],[-113.110085,45.393977],[-113.108743,45.394666],[-113.107564,45.394669],[-113.107007,45.394369],[-113.106579,45.39434],[-113.105582,45.394482],[-113.103927,45.394899]]}},{"type":"Feature","properties":{"id":"road-b174","kind":"road","name":"nan","acres":null,"editable":false,"source":"TIGER/UGRC road centerlines"},"geometry":{"type":"LineString","coordinates":[[-113.17686,45.140417],[-113.177476,45.140419],[-113.18051,45.141005],[-113.185827,45.141035],[-113.186974,45.141186],[-113.187848,45.141122],[-113.189344,45.140777],[-113.190261,45.14073],[-113.191422,45.140937],[-113.192732,45.14162],[-113.195446,45.142566],[-113.196653,45.14269],[-113.197352,45.142528],[-113.197585,45.142401],[-113.198695,45.143342],[-113.199529,45.143866],[-113.199718,45.144141],[-113.199732,45.14451],[-113.19957,45.144594],[-113.199327,45.144572],[-113.198364,45.143996],[-113.197496,45.143914],[-113.196892,45.143772],[-113.195558,45.144131],[-113.194418,45.144252],[-113.194167,45.144338],[-113.193908,45.144568],[-113.193594,45.145321],[-113.192947,45.148034],[-113.193339,45.148297],[-113.194859,45.148789],[-113.196183,45.149484],[-113.197408,45.149902],[-113.198109,45.149933],[-113.199626,45.149697],[-113.200679,45.149623]]}},{"type":"Feature","properties":{"id":"road-b175","kind":"road","name":"nan","acres":null,"editable":false,"source":"TIGER/UGRC road centerlines"},"geometry":{"type":"LineString","coordinates":[[-112.984132,45.158971],[-112.983889,45.158931],[-112.983611,45.158989],[-112.98337,45.159363],[-112.983,45.159711],[-112.982798,45.160111],[-112.982306,45.160605],[-112.981847,45.161315],[-112.981439,45.161665],[-112.97963,45.162317],[-112.978695,45.162531],[-112.978387,45.162429],[-112.978406,45.162248],[-112.978603,45.162074]]}},{"type":"Feature","properties":{"id":"road-b176","kind":"road","name":"nan","acres":null,"editable":false,"source":"TIGER/UGRC road centerlines"},"geometry":{"type":"LineString","coordinates":[[-112.979203,45.149263],[-112.978785,45.149684],[-112.97826,45.151062],[-112.97828,45.151259],[-112.978602,45.151758],[-112.978513,45.152119],[-112.978656,45.152567],[-112.978551,45.153217],[-112.978607,45.153369],[-112.978949,45.153678],[-112.978963,45.154092],[-112.979332,45.154464],[-112.979284,45.154677],[-112.979497,45.154955],[-112.980227,45.155419],[-112.980892,45.156042],[-112.981114,45.156136],[-112.982039,45.156178],[-112.982857,45.156962]]}},{"type":"Feature","properties":{"id":"road-b177","kind":"road","name":"Argenta Rd","acres":null,"editable":false,"source":"TIGER/UGRC road centerlines"},"geometry":{"type":"LineString","coordinates":[[-112.814648,45.222511],[-112.814137,45.235143],[-112.813984,45.249978],[-112.81412,45.250905],[-112.814639,45.251794],[-112.81541,45.252402],[-112.817999,45.254113],[-112.852117,45.276409],[-112.855093,45.277962],[-112.856221,45.278425],[-112.860762,45.27956],[-112.869253,45.281526],[-112.869691,45.281803],[-112.870015,45.28213],[-112.870854,45.283602],[-112.871302,45.284048]]}},{"type":"Feature","properties":{"id":"road-b178","kind":"road","name":"Bannack Rd","acres":null,"editable":false,"source":"TIGER/UGRC road centerlines"},"geometry":{"type":"LineString","coordinates":[[-112.995551,45.158921],[-112.995609,45.158968]]}},{"type":"Feature","properties":{"id":"road-b179","kind":"road","name":"Badger Pass Rd","acres":null,"editable":false,"source":"TIGER/UGRC road centerlines"},"geometry":{"type":"LineString","coordinates":[[-112.941197,45.300776],[-112.94045,45.301119],[-112.941903,45.30174],[-112.942247,45.302062],[-112.942738,45.302851],[-112.943011,45.303548],[-112.944492,45.305877],[-112.945244,45.306521],[-112.946322,45.307218],[-112.947363,45.30842],[-112.94805,45.309615],[-112.948052,45.310011],[-112.948273,45.310516],[-112.94877,45.311232],[-112.949347,45.311699],[-112.949459,45.311999],[-112.949399,45.312171],[-112.949703,45.312323],[-112.950536,45.312534],[-112.950971,45.312747],[-112.952401,45.313078],[-112.953099,45.313413],[-112.953896,45.313422],[-112.955323,45.313829],[-112.956247,45.313791],[-112.95702,45.314107],[-112.957543,45.31457],[-112.957687,45.314833],[-112.95819,45.31514],[-112.958149,45.315257],[-112.95793,45.315378],[-112.956502,45.315979],[-112.955671,45.317006],[-112.954889,45.319022],[-112.954761,45.320064],[-112.95483,45.320337],[-112.955947,45.321119],[-112.958137,45.322283],[-112.958891,45.322914],[-112.959144,45.32291]]}},{"type":"Feature","properties":{"id":"road-b180","kind":"road","name":"Blmtc4","acres":null,"editable":false,"source":"TIGER/UGRC road centerlines"},"geometry":{"type":"LineString","coordinates":[[-112.927862,45.176619],[-112.927912,45.176864],[-112.92846,45.177359],[-112.92882,45.178324],[-112.928686,45.178523],[-112.927894,45.179162],[-112.927744,45.179668],[-112.927562,45.179931],[-112.927557,45.180173],[-112.929191,45.182115],[-112.930414,45.183077],[-112.930977,45.183258],[-112.931651,45.183275],[-112.932239,45.183402],[-112.934447,45.183415],[-112.935889,45.183638],[-112.937293,45.183511],[-112.938054,45.183499],[-112.938793,45.183579],[-112.939662,45.183809],[-112.941243,45.184424],[-112.941928,45.185154]]}},{"type":"Feature","properties":{"id":"road-b181","kind":"road","name":"nan","acres":null,"editable":false,"source":"TIGER/UGRC road centerlines"},"geometry":{"type":"LineString","coordinates":[[-113.010028,45.293441],[-113.010957,45.294491],[-113.012454,45.295716],[-113.012423,45.295978],[-113.012797,45.29648],[-113.013672,45.297117],[-113.014062,45.297182],[-113.01508,45.29756],[-113.016112,45.297447],[-113.018279,45.297405],[-113.019377,45.297448],[-113.019866,45.297588],[-113.020032,45.297693],[-113.020276,45.298544],[-113.022928,45.300972]]}},{"type":"Feature","properties":{"id":"road-b182","kind":"road","name":"nan","acres":null,"editable":false,"source":"TIGER/UGRC road centerlines"},"geometry":{"type":"LineString","coordinates":[[-112.876584,45.316745],[-112.876481,45.318579],[-112.876748,45.31896],[-112.876745,45.319554],[-112.876599,45.320052],[-112.876176,45.320756],[-112.875907,45.321715],[-112.875449,45.322555],[-112.875709,45.32296],[-112.875705,45.323284],[-112.874863,45.324392],[-112.874535,45.325432],[-112.874301,45.325805],[-112.873805,45.327128],[-112.873247,45.327956],[-112.873618,45.329377],[-112.872843,45.329948],[-112.872814,45.330713],[-112.872339,45.33127],[-112.871918,45.331565],[-112.871691,45.331933],[-112.87193,45.332186],[-112.871929,45.33237],[-112.871135,45.33377],[-112.871173,45.334003]]}},{"type":"Feature","properties":{"id":"road-b183","kind":"road","name":"Bannack Rd","acres":null,"editable":false,"source":"TIGER/UGRC road centerlines"},"geometry":{"type":"LineString","coordinates":[[-112.966483,45.228308],[-112.965166,45.229324],[-112.964405,45.230156],[-112.962652,45.236436]]}},{"type":"Feature","properties":{"id":"road-b184","kind":"road","name":"Buffalo Creek Rd","acres":null,"editable":false,"source":"TIGER/UGRC road centerlines"},"geometry":{"type":"LineString","coordinates":[[-113.209609,45.16704],[-113.207357,45.166714],[-113.206066,45.166235],[-113.204368,45.166097],[-113.203155,45.16567],[-113.2027,45.1654],[-113.20239,45.164947],[-113.202156,45.164177],[-113.201927,45.162516],[-113.200906,45.15979],[-113.200072,45.158636],[-113.199571,45.158169],[-113.19939,45.158109],[-113.199096,45.15807],[-113.198082,45.158161],[-113.195986,45.157247],[-113.194222,45.157056],[-113.19347,45.156675],[-113.193187,45.156608],[-113.192045,45.156684],[-113.191158,45.156449],[-113.190802,45.156438],[-113.189628,45.15601],[-113.18886,45.155566],[-113.187915,45.155467],[-113.185516,45.154946],[-113.184133,45.154387],[-113.18279,45.154309],[-113.181922,45.154465],[-113.180603,45.154229],[-113.179296,45.154317],[-113.175882,45.153869],[-113.174568,45.153777],[-113.174188,45.153821],[-113.171455,45.154548],[-113.1678,45.155787],[-113.163111,45.157622],[-113.15928,45.158928],[-113.15847,45.159376],[-113.157422,45.160269],[-113.154896,45.162125],[-113.153722,45.162697],[-113.152115,45.163267],[-113.151081,45.163872],[-113.149343,45.164688],[-113.145804,45.167356],[-113.14543,45.167903],[-113.145099,45.168908],[-113.144051,45.170143],[-113.143088,45.171601],[-113.142583,45.172061],[-113.141082,45.173772],[-113.139412,45.175055],[-113.137544,45.176143],[-113.135966,45.176821],[-113.132613,45.178054],[-113.131729,45.178565],[-113.130776,45.178961],[-113.12971,45.179719],[-113.127377,45.180294],[-113.125453,45.181266],[-113.125282,45.181467],[-113.123676,45.182082],[-113.122766,45.182612],[-113.120983,45.183248],[-113.120337,45.18335],[-113.120349,45.183512],[-113.119255,45.184018],[-113.11875,45.184359],[-113.113647,45.185703],[-113.112022,45.185948],[-113.11118,45.186368],[-113.106838,45.187478],[-113.104746,45.187765],[-113.10394,45.188062],[-113.102288,45.188304],[-113.101429,45.188219],[-113.101527,45.18828],[-113.10025,45.189194],[-113.098407,45.189975],[-113.097296,45.190563],[-113.094846,45.192147],[-113.091351,45.193696],[-113.090121,45.194538],[-113.088848,45.195227],[-113.088654,45.195492],[-113.086417,45.196982],[-113.08565,45.197581],[-113.084062,45.199095],[-113.083304,45.199955],[-113.082251,45.201793],[-113.08192,45.202141],[-113.081385,45.202484],[-113.080999,45.203058],[-113.080642,45.203407],[-113.079605,45.203948],[-113.078619,45.204857],[-113.076801,45.20597],[-113.075236,45.20706],[-113.07055,45.20846],[-113.069531,45.208802],[-113.069005,45.209064],[-113.066288,45.21103],[-113.065535,45.211701],[-113.065092,45.211781],[-113.062421,45.213288],[-113.061342,45.214072],[-113.060249,45.215199],[-113.059834,45.215342],[-113.059955,45.215479],[-113.059403,45.215683],[-113.058835,45.216075],[-113.058544,45.216423],[-113.057584,45.216935]]}},{"type":"Feature","properties":{"id":"road-b185","kind":"road","name":"Cold Spring Creek Rd","acres":null,"editable":false,"source":"TIGER/UGRC road centerlines"},"geometry":{"type":"LineString","coordinates":[[-112.927304,45.175011],[-112.928213,45.173683],[-112.928429,45.172879],[-112.928773,45.172373],[-112.929246,45.171191],[-112.929472,45.171014],[-112.93019,45.170736],[-112.930555,45.170061],[-112.931046,45.169564],[-112.934074,45.167915],[-112.934795,45.167133],[-112.934939,45.166742],[-112.934941,45.166258],[-112.935274,45.165888],[-112.935443,45.165446],[-112.935536,45.163593],[-112.9357,45.162765],[-112.935544,45.162157],[-112.935527,45.160822],[-112.935641,45.160583],[-112.936173,45.160181],[-112.936335,45.159925],[-112.936446,45.158882],[-112.936788,45.158407],[-112.93685,45.157621],[-112.936965,45.15732],[-112.93737,45.156773],[-112.937882,45.156303],[-112.94075,45.154628],[-112.941313,45.153999],[-112.941344,45.153714],[-112.940863,45.152424],[-112.940821,45.151355],[-112.940999,45.15061],[-112.940918,45.149525],[-112.94064,45.148486],[-112.941275,45.145725],[-112.940914,45.143766],[-112.940969,45.142871],[-112.941706,45.13912],[-112.942095,45.137851],[-112.942,45.137027],[-112.942515,45.135548],[-112.942628,45.134515],[-112.943448,45.13388],[-112.944379,45.133663],[-112.944684,45.133318],[-112.945254,45.133013],[-112.945689,45.132551],[-112.945763,45.131908],[-112.946359,45.131564],[-112.946321,45.131399],[-112.94621,45.131231],[-112.945968,45.131201],[-112.944715,45.131293],[-112.944382,45.131227],[-112.943581,45.130845],[-112.941472,45.130169],[-112.940915,45.129864],[-112.939889,45.12962],[-112.939069,45.129181],[-112.937177,45.127876],[-112.936346,45.127506],[-112.934857,45.127258],[-112.93424,45.12701],[-112.934058,45.126717],[-112.934006,45.125755],[-112.933529,45.125493],[-112.932923,45.125362],[-112.932274,45.125017],[-112.931752,45.124545],[-112.93142,45.124549],[-112.931248,45.124627],[-112.931152,45.124795],[-112.930923,45.124497],[-112.930584,45.124299],[-112.930395,45.12398],[-112.930094,45.123785],[-112.929298,45.12353],[-112.928888,45.123181],[-112.927871,45.12285],[-112.926412,45.122539],[-112.924947,45.122006],[-112.924259,45.121945],[-112.923815,45.121485],[-112.923311,45.121461],[-112.922946,45.121143],[-112.922301,45.12087],[-112.921931,45.120508],[-112.92093,45.120048],[-112.920785,45.120018],[-112.919542,45.120234],[-112.919325,45.120686],[-112.91899,45.121076],[-112.918632,45.121254],[-112.91836,45.121549],[-112.918056,45.121592],[-112.91718,45.121324],[-112.915839,45.121194],[-112.913703,45.120157],[-112.912305,45.119595],[-112.911583,45.119677],[-112.910596,45.119279],[-112.909663,45.119075]]}},{"type":"Feature","properties":{"id":"road-b186","kind":"road","name":"Elkhorn Rd","acres":null,"editable":false,"source":"TIGER/UGRC road centerlines"},"geometry":{"type":"LineString","coordinates":[[-113.101259,45.417533],[-113.100287,45.418504],[-113.098084,45.419238],[-113.097566,45.419559],[-113.097179,45.420076],[-113.097167,45.420382],[-113.097454,45.420893],[-113.098524,45.421833],[-113.099324,45.422195],[-113.099557,45.422673],[-113.099029,45.424881],[-113.0988,45.425294],[-113.098028,45.425984]]}},{"type":"Feature","properties":{"id":"road-b187","kind":"road","name":"FS Rd 1114","acres":null,"editable":false,"source":"TIGER/UGRC road centerlines"},"geometry":{"type":"LineString","coordinates":[[-113.197523,45.398091],[-113.197311,45.398348],[-113.196593,45.398632],[-113.196385,45.39887],[-113.196316,45.399384],[-113.196854,45.399761],[-113.196883,45.400165],[-113.196594,45.401278],[-113.196076,45.402098],[-113.196116,45.403142],[-113.19586,45.404443],[-113.196042,45.405186],[-113.195931,45.405603],[-113.196269,45.406757],[-113.196382,45.408348],[-113.196589,45.409407],[-113.196787,45.40988],[-113.197659,45.410961],[-113.198005,45.411648],[-113.198583,45.414355],[-113.198463,45.415861],[-113.198619,45.416929],[-113.198586,45.417389],[-113.198098,45.418973],[-113.19804,45.420442],[-113.198811,45.423856],[-113.198646,45.424192],[-113.198074,45.424626],[-113.197761,45.425767],[-113.197558,45.429434],[-113.197624,45.430468],[-113.1978,45.43105],[-113.197959,45.432847],[-113.198189,45.433176],[-113.198557,45.43343],[-113.199613,45.433634],[-113.200886,45.433493],[-113.201216,45.433538]]}},{"type":"Feature","properties":{"id":"road-b188","kind":"road","name":"Polaris Rd","acres":null,"editable":false,"source":"TIGER/UGRC road centerlines"},"geometry":{"type":"LineString","coordinates":[[-113.120592,45.282133],[-113.122898,45.281025]]}},{"type":"Feature","properties":{"id":"road-b189","kind":"road","name":"nan","acres":null,"editable":false,"source":"TIGER/UGRC road centerlines"},"geometry":{"type":"LineString","coordinates":[[-113.113061,45.30778],[-113.11252,45.30838],[-113.112319,45.308793],[-113.112187,45.310052]]}},{"type":"Feature","properties":{"id":"road-b190","kind":"road","name":"nan","acres":null,"editable":false,"source":"TIGER/UGRC road centerlines"},"geometry":{"type":"LineString","coordinates":[[-112.938057,45.243181],[-112.938738,45.244],[-112.939001,45.24512],[-112.938918,45.246938],[-112.939037,45.247604],[-112.938968,45.247929],[-112.939493,45.249861],[-112.940035,45.250462],[-112.940336,45.250507],[-112.940747,45.251352],[-112.940856,45.251353],[-112.941005,45.251835],[-112.94116,45.251876],[-112.941578,45.252728],[-112.9417,45.253368],[-112.941828,45.253582],[-112.942529,45.254124],[-112.943261,45.254881],[-112.94377,45.255705],[-112.944089,45.255969],[-112.944499,45.256831],[-112.94486,45.257316],[-112.945229,45.258425],[-112.945624,45.258882],[-112.94662,45.259419],[-112.946689,45.260966],[-112.946339,45.262925],[-112.945006,45.265343],[-112.944593,45.265759],[-112.944374,45.26615],[-112.944253,45.266494],[-112.944201,45.267409]]}},{"type":"Feature","properties":{"id":"road-b191","kind":"road","name":"Cave Gulch Rd","acres":null,"editable":false,"source":"TIGER/UGRC road centerlines"},"geometry":{"type":"LineString","coordinates":[[-112.884936,45.289591],[-112.885624,45.29006],[-112.885914,45.290368],[-112.886245,45.290959],[-112.886542,45.292053],[-112.886276,45.292832],[-112.885687,45.293474],[-112.885526,45.294017],[-112.885474,45.294548],[-112.885809,45.295444],[-112.885949,45.296376],[-112.88583,45.296578],[-112.884892,45.297399],[-112.884785,45.297942],[-112.884543,45.298287],[-112.88447,45.298606],[-112.884033,45.299021],[-112.884079,45.299592],[-112.884008,45.299759],[-112.883406,45.300396],[-112.882819,45.300688],[-112.882417,45.301035],[-112.882095,45.301586],[-112.881863,45.302252],[-112.880966,45.303331],[-112.880626,45.303939],[-112.880435,45.304107],[-112.880058,45.304245],[-112.879628,45.304652],[-112.878708,45.305126],[-112.876261,45.305592],[-112.875717,45.305761],[-112.873777,45.306553],[-112.873011,45.306954]]}},{"type":"Feature","properties":{"id":"road-b192","kind":"road","name":"Bannack Rd","acres":null,"editable":false,"source":"TIGER/UGRC road centerlines"},"geometry":{"type":"LineString","coordinates":[[-113.021682,45.188181],[-113.021742,45.188423],[-113.021665,45.188775],[-113.020732,45.189971]]}},{"type":"Feature","properties":{"id":"road-b193","kind":"road","name":"nan","acres":null,"editable":false,"source":"TIGER/UGRC road centerlines"},"geometry":{"type":"LineString","coordinates":[[-113.1216,45.37469],[-113.122711,45.374733],[-113.124108,45.373112],[-113.1271,45.371684],[-113.127335,45.371457],[-113.127584,45.370951],[-113.127947,45.370602],[-113.128368,45.370403],[-113.129125,45.370241],[-113.129822,45.370397],[-113.130152,45.370612],[-113.130645,45.371138]]}},{"type":"Feature","properties":{"id":"road-b194","kind":"road","name":"Elkhorn Dr","acres":null,"editable":false,"source":"TIGER/UGRC road centerlines"},"geometry":{"type":"LineString","coordinates":[[-113.121217,45.411105],[-113.121644,45.410884],[-113.122456,45.411076],[-113.123024,45.411608],[-113.124247,45.412473],[-113.124222,45.412861],[-113.124053,45.413008],[-113.123849,45.413024],[-113.121255,45.412946],[-113.120798,45.413162],[-113.120186,45.413627]]}},{"type":"Feature","properties":{"id":"road-b195","kind":"road","name":"nan","acres":null,"editable":false,"source":"TIGER/UGRC road centerlines"},"geometry":{"type":"LineString","coordinates":[[-112.917721,45.20001],[-112.917085,45.200244]]}},{"type":"Feature","properties":{"id":"road-b196","kind":"road","name":"nan","acres":null,"editable":false,"source":"TIGER/UGRC road centerlines"},"geometry":{"type":"LineString","coordinates":[[-113.030547,45.307107],[-113.030992,45.307036],[-113.031832,45.307273],[-113.032029,45.307441],[-113.032049,45.307616],[-113.032642,45.308537],[-113.033963,45.309099],[-113.034372,45.309091],[-113.034664,45.308717],[-113.034891,45.308623],[-113.035056,45.30862],[-113.03538,45.308758],[-113.035962,45.310395],[-113.03656,45.311429],[-113.036667,45.312642],[-113.037054,45.313112],[-113.037212,45.313235],[-113.0377,45.313326],[-113.038728,45.313172],[-113.038947,45.313231],[-113.040046,45.314319],[-113.040303,45.314269],[-113.040567,45.313689],[-113.040866,45.313719],[-113.041295,45.314846],[-113.041075,45.315565],[-113.041168,45.31686],[-113.040906,45.317292],[-113.040611,45.317473],[-113.039845,45.317734],[-113.03944,45.318074],[-113.039113,45.318233],[-113.038094,45.318364],[-113.037567,45.318518],[-113.037014,45.318757],[-113.036933,45.318947],[-113.036993,45.319306],[-113.037199,45.319546],[-113.037905,45.319853],[-113.038417,45.320177],[-113.038724,45.321049],[-113.038603,45.321551],[-113.038666,45.322031],[-113.038553,45.323064],[-113.038154,45.323584],[-113.037658,45.323962],[-113.037316,45.32445],[-113.037266,45.325301],[-113.037354,45.32584],[-113.037237,45.326436],[-113.036988,45.326931],[-113.037109,45.32804],[-113.036936,45.329367],[-113.03673,45.329717],[-113.036793,45.329887],[-113.037148,45.330092],[-113.037532,45.330468],[-113.037828,45.330962],[-113.03889,45.331227],[-113.038938,45.331541],[-113.038482,45.33217],[-113.038161,45.332401],[-113.037242,45.332543],[-113.036745,45.332467],[-113.035524,45.332768],[-113.034996,45.333366],[-113.034508,45.334172],[-113.03423,45.334379],[-113.033281,45.335512],[-113.032991,45.337556],[-113.032321,45.338104],[-113.032187,45.338268],[-113.032167,45.338503],[-113.032048,45.338559],[-113.031522,45.338591],[-113.030914,45.338494],[-113.030521,45.3386],[-113.030374,45.338769],[-113.030325,45.339265],[-113.030238,45.33928]]}},{"type":"Feature","properties":{"id":"road-b197","kind":"road","name":"nan","acres":null,"editable":false,"source":"TIGER/UGRC road centerlines"},"geometry":{"type":"LineString","coordinates":[[-113.12335,45.147488],[-113.122175,45.147867],[-113.12145,45.148205],[-113.12097,45.148655],[-113.120721,45.149127],[-113.121107,45.149939],[-113.121341,45.150763],[-113.121712,45.15117],[-113.123714,45.152303],[-113.124382,45.15248],[-113.125839,45.15266],[-113.126366,45.152812],[-113.129613,45.154597],[-113.130937,45.15495],[-113.132122,45.15536],[-113.132838,45.155455],[-113.133878,45.155346],[-113.134719,45.155384],[-113.135785,45.155328],[-113.136516,45.155476],[-113.137863,45.156459],[-113.138157,45.156841],[-113.138799,45.157333],[-113.139531,45.158868]]}},{"type":"Feature","properties":{"id":"road-b198","kind":"road","name":"Rio Blanco Rd","acres":null,"editable":false,"source":"TIGER/UGRC road centerlines"},"geometry":{"type":"LineString","coordinates":[[-113.095041,45.416935],[-113.094888,45.416709],[-113.093811,45.416746],[-113.092926,45.41664],[-113.092926,45.416472],[-113.093621,45.416261],[-113.093811,45.416071],[-113.093516,45.415607],[-113.094317,45.414722],[-113.094275,45.41253],[-113.093642,45.411897],[-113.092673,45.411687],[-113.092483,45.411497],[-113.092504,45.411075],[-113.092617,45.410846],[-113.092409,45.410353],[-113.091706,45.409657],[-113.091725,45.409323]]}}]}