{"type":"FeatureCollection","features":[{"type":"Feature","properties":{"id":"wat-b1","kind":"water","name":"Billings Creek","acres":null,"editable":false,"source":"USGS 3DHP flowlines (Channel Line)"},"geometry":{"type":"LineString","coordinates":[[-113.100404,45.370849],[-113.102252,45.370997]]}},{"type":"Feature","properties":{"id":"wat-b2","kind":"water","name":"Creek","acres":null,"editable":false,"source":"USGS 3DHP flowlines (Channel Line)"},"geometry":{"type":"LineString","coordinates":[[-113.047912,45.159671],[-113.047519,45.159545]]}},{"type":"Feature","properties":{"id":"wat-b3","kind":"water","name":"Mason Creek","acres":null,"editable":false,"source":"USGS 3DHP flowlines (Channel Line)"},"geometry":{"type":"LineString","coordinates":[[-113.119532,45.255483],[-113.118966,45.255638],[-113.117497,45.255853],[-113.116005,45.256233]]}},{"type":"Feature","properties":{"id":"wat-b4","kind":"water","name":"Brays Canyon Creek","acres":null,"editable":false,"source":"USGS 3DHP flowlines (Channel Line)"},"geometry":{"type":"LineString","coordinates":[[-113.129799,45.185385],[-113.129267,45.185355],[-113.128336,45.185053],[-113.12752,45.184901],[-113.124696,45.184862]]}},{"type":"Feature","properties":{"id":"wat-b5","kind":"water","name":"Creek","acres":null,"editable":false,"source":"USGS 3DHP flowlines (Channel Line)"},"geometry":{"type":"LineString","coordinates":[[-113.162507,45.302445],[-113.162214,45.302901],[-113.162191,45.303321],[-113.161268,45.306048]]}},{"type":"Feature","properties":{"id":"wat-b6","kind":"water","name":"Creek","acres":null,"editable":false,"source":"USGS 3DHP flowlines (Channel Line)"},"geometry":{"type":"LineString","coordinates":[[-113.050965,45.275812],[-113.050416,45.275137],[-113.049752,45.273752],[-113.049493,45.272925],[-113.048859,45.272532],[-113.047997,45.271811],[-113.047799,45.271326],[-113.047837,45.271116],[-113.048196,45.270773],[-113.048432,45.270044],[-113.048676,45.269854],[-113.048898,45.269487],[-113.049462,45.269167],[-113.049554,45.268831],[-113.049897,45.268419],[-113.050202,45.267355],[-113.050362,45.267191],[-113.050515,45.26679],[-113.050454,45.266172],[-113.049538,45.265383],[-113.048127,45.26491],[-113.047143,45.263952],[-113.046822,45.263453],[-113.046494,45.263208],[-113.046105,45.262457],[-113.045624,45.261892],[-113.045518,45.261641],[-113.045319,45.259802]]}},{"type":"Feature","properties":{"id":"wat-b7","kind":"water","name":"Creek","acres":null,"editable":false,"source":"USGS 3DHP flowlines (Channel Line)"},"geometry":{"type":"LineString","coordinates":[[-113.036005,45.390208],[-113.036102,45.390517],[-113.036087,45.391074],[-113.036644,45.391467],[-113.037056,45.391906],[-113.037613,45.393085],[-113.037943,45.393394]]}},{"type":"Feature","properties":{"id":"wat-b8","kind":"water","name":"Creek","acres":null,"editable":false,"source":"USGS 3DHP flowlines (Channel Line)"},"geometry":{"type":"LineString","coordinates":[[-113.04662,45.402163],[-113.048523,45.401588],[-113.048837,45.401365]]}},{"type":"Feature","properties":{"id":"wat-b9","kind":"water","name":"Creek","acres":null,"editable":false,"source":"USGS 3DHP flowlines (Channel Line)"},"geometry":{"type":"LineString","coordinates":[[-113.002157,45.176065],[-113.00246,45.175752],[-113.002934,45.174825],[-113.002679,45.173613],[-113.00268,45.172823],[-113.003154,45.172307],[-113.003899,45.17109],[-113.003985,45.170706],[-113.004467,45.169746],[-113.004081,45.168424],[-113.004151,45.168067],[-113.003709,45.167228],[-113.003733,45.166838],[-113.003811,45.166701],[-113.004292,45.166405],[-113.004618,45.166],[-113.00554,45.16548]]}},{"type":"Feature","properties":{"id":"wat-b10","kind":"water","name":"Lake Creek","acres":null,"editable":false,"source":"USGS 3DHP flowlines (Channel Line)"},"geometry":{"type":"LineString","coordinates":[[-113.103229,45.386226],[-113.103755,45.386416],[-113.104826,45.386152],[-113.105473,45.386286],[-113.106586,45.386378],[-113.107853,45.38673],[-113.108282,45.387025],[-113.108463,45.387033]]}},{"type":"Feature","properties":{"id":"wat-b11","kind":"water","name":"Dory Creek","acres":null,"editable":false,"source":"USGS 3DHP flowlines (Channel Line)"},"geometry":{"type":"LineString","coordinates":[[-113.163531,45.436835],[-113.163282,45.435325],[-113.163282,45.434665],[-113.162993,45.433742]]}},{"type":"Feature","properties":{"id":"wat-b12","kind":"water","name":"Creek","acres":null,"editable":false,"source":"USGS 3DHP flowlines (Channel Line)"},"geometry":{"type":"LineString","coordinates":[[-113.06682,45.285605],[-113.066835,45.284834],[-113.066995,45.284411],[-113.067033,45.283633],[-113.06714,45.283308],[-113.06711,45.282683],[-113.067598,45.281183],[-113.067529,45.280127],[-113.06798,45.27865],[-113.068475,45.277624],[-113.06862,45.275477],[-113.067949,45.273913],[-113.067934,45.272974],[-113.067438,45.272268],[-113.06714,45.271654],[-113.066744,45.271265],[-113.066034,45.269976],[-113.065988,45.269755],[-113.066263,45.26853],[-113.066118,45.267992],[-113.065607,45.267481],[-113.064439,45.266943],[-113.064294,45.266829],[-113.064195,45.266558],[-113.064218,45.26631],[-113.064668,45.265337],[-113.064676,45.26486],[-113.064813,45.264528],[-113.065446,45.263918],[-113.065683,45.263315],[-113.065553,45.26272],[-113.065423,45.262529],[-113.064966,45.262106],[-113.064508,45.261847],[-113.064104,45.261393],[-113.063775,45.260775],[-113.063859,45.260157],[-113.063753,45.259768],[-113.063539,45.259497],[-113.06315,45.259214],[-113.06331,45.258741],[-113.063119,45.258055],[-113.063356,45.257402],[-113.063318,45.256449],[-113.063463,45.256182],[-113.063745,45.254774],[-113.063554,45.254015],[-113.063699,45.25326],[-113.063249,45.252562],[-113.059923,45.251249],[-113.058839,45.25115],[-113.058114,45.250963],[-113.056848,45.250242],[-113.054994,45.249391],[-113.054363,45.248948],[-113.054306,45.248756]]}},{"type":"Feature","properties":{"id":"wat-b13","kind":"water","name":"Creek","acres":null,"editable":false,"source":"USGS 3DHP flowlines (Channel Line)"},"geometry":{"type":"LineString","coordinates":[[-112.909678,45.242796],[-112.906511,45.24201],[-112.905207,45.241464],[-112.90468,45.241144],[-112.902925,45.241064],[-112.902292,45.240873]]}},{"type":"Feature","properties":{"id":"wat-b14","kind":"water","name":"Swamp Creek","acres":null,"editable":false,"source":"USGS 3DHP flowlines (Channel Line)"},"geometry":{"type":"LineString","coordinates":[[-113.096999,45.233811],[-113.095642,45.233813],[-113.094695,45.233587],[-113.094163,45.233359],[-113.093717,45.233303],[-113.093163,45.233394],[-113.091811,45.233821],[-113.09093,45.233991],[-113.090218,45.234287],[-113.090143,45.234481],[-113.089582,45.234837],[-113.089425,45.235214]]}},{"type":"Feature","properties":{"id":"wat-b15","kind":"water","name":"Neagle Creek","acres":null,"editable":false,"source":"USGS 3DHP flowlines (Channel Line)"},"geometry":{"type":"LineString","coordinates":[[-113.133348,45.373073],[-113.133146,45.372802],[-113.133178,45.37239],[-113.132445,45.37162],[-113.131515,45.371128],[-113.130998,45.370981],[-113.130467,45.370599],[-113.129841,45.370011],[-113.129408,45.369359],[-113.127788,45.36885],[-113.127071,45.368428],[-113.125932,45.36836]]}},{"type":"Feature","properties":{"id":"wat-b16","kind":"water","name":"Mason Creek","acres":null,"editable":false,"source":"USGS 3DHP flowlines (Channel Line)"},"geometry":{"type":"LineString","coordinates":[[-113.140726,45.253563],[-113.14017,45.25385],[-113.139692,45.253909],[-113.1396,45.254027],[-113.137769,45.254031],[-113.137318,45.253958],[-113.136739,45.254126],[-113.136098,45.254137],[-113.135739,45.25397],[-113.135083,45.253867],[-113.13448,45.253611],[-113.134022,45.253558],[-113.133816,45.253462],[-113.132977,45.252699],[-113.132458,45.252489],[-113.131367,45.252352],[-113.130932,45.25244],[-113.129757,45.252463]]}},{"type":"Feature","properties":{"id":"wat-b17","kind":"water","name":"Creek","acres":null,"editable":false,"source":"USGS 3DHP flowlines (Channel Line)"},"geometry":{"type":"LineString","coordinates":[[-113.074275,45.406803],[-113.074746,45.406959]]}},{"type":"Feature","properties":{"id":"wat-b18","kind":"water","name":"Cottonwood Creek","acres":null,"editable":false,"source":"USGS 3DHP flowlines (Channel Line)"},"geometry":{"type":"LineString","coordinates":[[-112.996339,45.289336],[-112.99634,45.288971],[-112.99671,45.288218],[-112.996645,45.287499],[-112.996848,45.287222],[-112.996872,45.286836],[-112.997169,45.286486],[-112.99736,45.285896],[-112.997909,45.285006],[-112.999394,45.283676],[-112.999707,45.283273],[-112.999829,45.282952],[-112.999918,45.281606],[-112.99976,45.280732],[-112.999451,45.279951],[-112.999528,45.279231],[-112.999809,45.278471],[-113.000943,45.277572],[-113.001228,45.277214],[-113.001313,45.277023],[-113.001175,45.276494],[-113.001268,45.275831],[-113.001555,45.275591],[-113.001753,45.275225]]}},{"type":"Feature","properties":{"id":"wat-b19","kind":"water","name":"Creek","acres":null,"editable":false,"source":"USGS 3DHP flowlines (Channel Line)"},"geometry":{"type":"LineString","coordinates":[[-113.081347,45.267908],[-113.082125,45.268519],[-113.083125,45.268774],[-113.084879,45.269465],[-113.085391,45.269598],[-113.086474,45.269243],[-113.087161,45.268946],[-113.087328,45.268782],[-113.087718,45.268748],[-113.088496,45.268873],[-113.088931,45.26866],[-113.090304,45.268374],[-113.090754,45.26816],[-113.091761,45.26824],[-113.092074,45.268202],[-113.092311,45.268099],[-113.092601,45.267542],[-113.092654,45.267134],[-113.092936,45.266855],[-113.093234,45.266733],[-113.093966,45.266665],[-113.094241,45.266756],[-113.09447,45.266947],[-113.09508,45.268023],[-113.095645,45.268564],[-113.096057,45.268851],[-113.096721,45.268908],[-113.0974,45.26869],[-113.099025,45.267752],[-113.099567,45.26697],[-113.099923,45.266726]]}},{"type":"Feature","properties":{"id":"wat-b20","kind":"water","name":"Clark Creek","acres":null,"editable":false,"source":"USGS 3DHP flowlines (Channel Line)"},"geometry":{"type":"LineString","coordinates":[[-113.091435,45.424572],[-113.09183,45.424606],[-113.092684,45.424445],[-113.092974,45.424327],[-113.093287,45.423999],[-113.093554,45.423438],[-113.093974,45.422965],[-113.094081,45.421657],[-113.094897,45.420554],[-113.09521,45.420413],[-113.09553,45.42047],[-113.096179,45.420432],[-113.097514,45.419971],[-113.098265,45.42003]]}},{"type":"Feature","properties":{"id":"wat-b21","kind":"water","name":"Creek","acres":null,"editable":false,"source":"USGS 3DHP flowlines (Channel Line)"},"geometry":{"type":"LineString","coordinates":[[-113.092459,45.170546],[-113.091418,45.170866],[-113.090627,45.171217],[-113.08979,45.171705],[-113.089216,45.172243],[-113.08848,45.172709],[-113.086014,45.173231],[-113.084471,45.174038],[-113.083036,45.17457],[-113.081384,45.175015],[-113.080229,45.175026],[-113.078872,45.175388],[-113.078414,45.175416],[-113.07663,45.175361],[-113.074645,45.174906],[-113.074109,45.174928],[-113.073512,45.174791],[-113.072744,45.174956],[-113.07048,45.175043],[-113.069068,45.17574],[-113.067463,45.17608],[-113.066493,45.17653],[-113.065881,45.176958],[-113.065136,45.177743],[-113.064485,45.177968],[-113.063957,45.178319],[-113.063151,45.17867],[-113.062569,45.17929],[-113.062003,45.179613],[-113.061584,45.180118],[-113.060979,45.180414],[-113.059707,45.180881],[-113.058061,45.180624]]}},{"type":"Feature","properties":{"id":"wat-b22","kind":"water","name":"Abrams Creek","acres":null,"editable":false,"source":"USGS 3DHP flowlines (Channel Line)"},"geometry":{"type":"LineString","coordinates":[[-113.18425,45.319037],[-113.183572,45.319607]]}},{"type":"Feature","properties":{"id":"wat-b23","kind":"water","name":"Bond Creek","acres":null,"editable":false,"source":"USGS 3DHP flowlines (Channel Line)"},"geometry":{"type":"LineString","coordinates":[[-112.937639,45.443671],[-112.937374,45.443344],[-112.937052,45.442603],[-112.935878,45.441788],[-112.935282,45.441587],[-112.933284,45.44125],[-112.932032,45.440758],[-112.930858,45.440417],[-112.929507,45.439732],[-112.928172,45.4393],[-112.926478,45.438973],[-112.925548,45.438942],[-112.924144,45.438741],[-112.920457,45.438026],[-112.918566,45.43795],[-112.916887,45.437676]]}},{"type":"Feature","properties":{"id":"wat-b24","kind":"water","name":"Creek","acres":null,"editable":false,"source":"USGS 3DHP flowlines (Channel Line)"},"geometry":{"type":"LineString","coordinates":[[-113.155933,45.183213],[-113.154499,45.183181],[-113.153931,45.183301],[-113.152092,45.183315]]}},{"type":"Feature","properties":{"id":"wat-b25","kind":"water","name":"Creek","acres":null,"editable":false,"source":"USGS 3DHP flowlines (Channel Line)"},"geometry":{"type":"LineString","coordinates":[[-113.185944,45.171079],[-113.185522,45.171001]]}},{"type":"Feature","properties":{"id":"wat-b26","kind":"water","name":"Creek","acres":null,"editable":false,"source":"USGS 3DHP flowlines (Channel Line)"},"geometry":{"type":"LineString","coordinates":[[-112.941948,45.389624],[-112.942401,45.388728],[-112.942798,45.388316]]}},{"type":"Feature","properties":{"id":"wat-b27","kind":"water","name":"Creek","acres":null,"editable":false,"source":"USGS 3DHP flowlines (Channel Line)"},"geometry":{"type":"LineString","coordinates":[[-113.097722,45.249455],[-113.097342,45.249319],[-113.097201,45.249369]]}},{"type":"Feature","properties":{"id":"wat-b28","kind":"water","name":"Middle Creek","acres":null,"editable":false,"source":"USGS 3DHP flowlines (Channel Line)"},"geometry":{"type":"LineString","coordinates":[[-113.160281,45.309144],[-113.159048,45.309241]]}},{"type":"Feature","properties":{"id":"wat-b29","kind":"water","name":"Buffalo Creek","acres":null,"editable":false,"source":"USGS 3DHP flowlines (Channel Line)"},"geometry":{"type":"LineString","coordinates":[[-113.151744,45.164851],[-113.150338,45.165747],[-113.149912,45.165837],[-113.149744,45.166005],[-113.149751,45.16692],[-113.148905,45.167724],[-113.148577,45.167913],[-113.148165,45.168716],[-113.147788,45.169072],[-113.147194,45.169261],[-113.146893,45.169547],[-113.145363,45.170183],[-113.144888,45.170498],[-113.144434,45.170952],[-113.144162,45.171587],[-113.144343,45.172272],[-113.14358,45.173346],[-113.142729,45.174152],[-113.14245,45.17455],[-113.142499,45.17478],[-113.14217,45.1755],[-113.141926,45.176485],[-113.141514,45.177323],[-113.141192,45.177477],[-113.139277,45.179362]]}},{"type":"Feature","properties":{"id":"wat-b30","kind":"water","name":"French Creek","acres":null,"editable":false,"source":"USGS 3DHP flowlines (Channel Line)"},"geometry":{"type":"LineString","coordinates":[[-112.906145,45.382039],[-112.90603,45.381784]]}},{"type":"Feature","properties":{"id":"wat-b31","kind":"water","name":"Grasshopper Creek","acres":null,"editable":false,"source":"USGS 3DHP flowlines (Channel Line)"},"geometry":{"type":"LineString","coordinates":[[-113.126729,45.358092],[-113.12666,45.358048],[-113.126018,45.35822],[-113.125693,45.358028],[-113.125668,45.357882],[-113.126072,45.357623],[-113.126016,45.357439],[-113.126295,45.357176],[-113.126171,45.357023],[-113.125889,45.3571],[-113.125647,45.356804],[-113.125933,45.356481],[-113.126019,45.356195],[-113.126123,45.356091],[-113.12638,45.356062],[-113.126447,45.355957],[-113.126255,45.355815],[-113.126409,45.355177],[-113.12638,45.355006],[-113.126304,45.354891],[-113.126156,45.354857],[-113.126026,45.354564],[-113.126066,45.354035],[-113.126304,45.353873],[-113.126761,45.35393],[-113.126647,45.353502],[-113.127104,45.353426],[-113.12718,45.353302],[-113.127113,45.352969],[-113.127484,45.352788],[-113.127741,45.352379],[-113.12777,45.352179],[-113.127665,45.352122],[-113.127362,45.352256],[-113.126999,45.351808],[-113.126732,45.351769],[-113.126904,45.351617],[-113.126736,45.351359],[-113.126856,45.351198],[-113.126837,45.351056],[-113.126904,45.35097],[-113.12717,45.350999],[-113.127332,45.350884],[-113.127284,45.350742],[-113.127522,45.35017],[-113.127446,45.350039],[-113.127541,45.349856],[-113.127423,45.349639],[-113.127618,45.349552],[-113.127568,45.349406],[-113.127427,45.34939],[-113.127456,45.349143]]}},{"type":"Feature","properties":{"id":"wat-b32","kind":"water","name":"East Fork Dyce Creek","acres":null,"editable":false,"source":"USGS 3DHP flowlines (Channel Line)"},"geometry":{"type":"LineString","coordinates":[[-113.0315,45.315098],[-113.031494,45.314772],[-113.031642,45.314319],[-113.031105,45.311373],[-113.031143,45.311144],[-113.032028,45.309977],[-113.032111,45.309676],[-113.031898,45.307757],[-113.031197,45.306943],[-113.031108,45.306703],[-113.03128,45.305543],[-113.031123,45.305064],[-113.031174,45.304861],[-113.031647,45.304293]]}},{"type":"Feature","properties":{"id":"wat-b33","kind":"water","name":"Creek","acres":null,"editable":false,"source":"USGS 3DHP flowlines (Channel Line)"},"geometry":{"type":"LineString","coordinates":[[-112.928157,45.285124],[-112.927928,45.286017],[-112.92789,45.286902],[-112.927158,45.287455],[-112.926807,45.287924],[-112.927074,45.289107],[-112.926944,45.290037],[-112.92657,45.290446],[-112.925723,45.292052],[-112.925487,45.293516],[-112.925357,45.293726],[-112.925082,45.293902],[-112.924144,45.294142],[-112.924083,45.294596],[-112.924327,45.29497],[-112.923854,45.296202],[-112.922877,45.297404],[-112.922007,45.297919],[-112.921847,45.298121],[-112.921634,45.298479],[-112.921573,45.299006],[-112.921206,45.299651],[-112.920787,45.299807],[-112.91978,45.299952]]}},{"type":"Feature","properties":{"id":"wat-b34","kind":"water","name":"Creek","acres":null,"editable":false,"source":"USGS 3DHP flowlines (Channel Line)"},"geometry":{"type":"LineString","coordinates":[[-113.040556,45.418438],[-113.040635,45.417802]]}},{"type":"Feature","properties":{"id":"wat-b35","kind":"water","name":"Creek","acres":null,"editable":false,"source":"USGS 3DHP flowlines (Channel Line)"},"geometry":{"type":"LineString","coordinates":[[-113.079371,45.254618],[-113.079005,45.254656],[-113.077265,45.254412],[-113.07641,45.254385],[-113.074083,45.254496],[-113.073206,45.25432],[-113.07142,45.253462],[-113.070719,45.253233],[-113.070238,45.252913],[-113.069788,45.252779],[-113.069124,45.252337],[-113.06637,45.251265],[-113.066064,45.250925],[-113.065729,45.250044],[-113.064741,45.249561],[-113.063847,45.248667],[-113.062884,45.247997],[-113.062325,45.247246],[-113.062069,45.24661],[-113.062007,45.246061],[-113.062333,45.245134],[-113.062387,45.244574],[-113.062162,45.243911],[-113.06168,45.243236],[-113.061603,45.242364],[-113.061688,45.242013],[-113.062581,45.240153],[-113.062379,45.238831],[-113.063377,45.23855],[-113.064173,45.238423]]}},{"type":"Feature","properties":{"id":"wat-b36","kind":"water","name":"Rattlesnake Creek","acres":null,"editable":false,"source":"USGS 3DHP flowlines (Channel Line)"},"geometry":{"type":"LineString","coordinates":[[-112.927638,45.305811],[-112.92689,45.305502],[-112.925864,45.304922],[-112.924594,45.303774],[-112.922999,45.302794],[-112.92248,45.302199],[-112.922281,45.301734]]}},{"type":"Feature","properties":{"id":"wat-b37","kind":"water","name":"Rattlesnake Creek","acres":null,"editable":false,"source":"USGS 3DHP flowlines (Channel Line)"},"geometry":{"type":"LineString","coordinates":[[-112.967343,45.37762],[-112.967709,45.376414],[-112.967671,45.376254],[-112.967435,45.376025]]}},{"type":"Feature","properties":{"id":"wat-b38","kind":"water","name":"Estler Creek","acres":null,"editable":false,"source":"USGS 3DHP flowlines (Channel Line)"},"geometry":{"type":"LineString","coordinates":[[-113.000148,45.370107],[-112.999618,45.36998],[-112.999108,45.370022],[-112.998071,45.36984],[-112.996305,45.370021],[-112.99513,45.370051],[-112.994711,45.370128],[-112.994055,45.370646],[-112.992735,45.371276],[-112.99243,45.371356],[-112.991491,45.371333],[-112.990522,45.371135],[-112.988729,45.371398],[-112.988035,45.372039],[-112.987234,45.37226],[-112.985502,45.372901],[-112.985296,45.373115],[-112.984876,45.374312],[-112.984609,45.374629],[-112.984373,45.375121]]}},{"type":"Feature","properties":{"id":"wat-b39","kind":"water","name":"Creek","acres":null,"editable":false,"source":"USGS 3DHP flowlines (Channel Line)"},"geometry":{"type":"LineString","coordinates":[[-113.191734,45.268393],[-113.191634,45.268431]]}},{"type":"Feature","properties":{"id":"wat-b40","kind":"water","name":"Creek","acres":null,"editable":false,"source":"USGS 3DHP flowlines (Channel Line)"},"geometry":{"type":"LineString","coordinates":[[-113.130978,45.247983],[-113.129696,45.248434],[-113.129452,45.24856],[-113.129368,45.248749]]}},{"type":"Feature","properties":{"id":"wat-b41","kind":"water","name":"Clark Creek","acres":null,"editable":false,"source":"USGS 3DHP flowlines (Channel Line)"},"geometry":{"type":"LineString","coordinates":[[-113.02888,45.43139],[-113.029647,45.431465],[-113.029815,45.431571],[-113.030061,45.431963]]}},{"type":"Feature","properties":{"id":"wat-b42","kind":"water","name":"Reservoir Creek","acres":null,"editable":false,"source":"USGS 3DHP flowlines (Channel Line)"},"geometry":{"type":"LineString","coordinates":[[-113.068381,45.162156],[-113.068226,45.16228]]}},{"type":"Feature","properties":{"id":"wat-b43","kind":"water","name":"French Creek","acres":null,"editable":false,"source":"USGS 3DHP flowlines (Channel Line)"},"geometry":{"type":"LineString","coordinates":[[-112.908032,45.383454],[-112.907068,45.382835],[-112.906632,45.382299]]}},{"type":"Feature","properties":{"id":"wat-b44","kind":"water","name":"Reservoir Creek","acres":null,"editable":false,"source":"USGS 3DHP flowlines (Channel Line)"},"geometry":{"type":"LineString","coordinates":[[-113.122062,45.147392],[-113.121479,45.147526],[-113.121263,45.147787]]}},{"type":"Feature","properties":{"id":"wat-b45","kind":"water","name":"Dingley Creek","acres":null,"editable":false,"source":"USGS 3DHP flowlines (Channel Line)"},"geometry":{"type":"LineString","coordinates":[[-113.110807,45.419951],[-113.110985,45.419877]]}},{"type":"Feature","properties":{"id":"wat-b46","kind":"water","name":"Clark Creek","acres":null,"editable":false,"source":"USGS 3DHP flowlines (Channel Line)"},"geometry":{"type":"LineString","coordinates":[[-113.035739,45.435157],[-113.036232,45.435363],[-113.037788,45.435752],[-113.040062,45.435832],[-113.040558,45.435733],[-113.041092,45.43547],[-113.041618,45.435092],[-113.042381,45.434314],[-113.043747,45.432346],[-113.045052,45.431678],[-113.045998,45.43082],[-113.047653,45.430637],[-113.049637,45.429984],[-113.050103,45.429759],[-113.053017,45.429088],[-113.053292,45.42897],[-113.053719,45.428581]]}},{"type":"Feature","properties":{"id":"wat-b47","kind":"water","name":"Rattlesnake Creek","acres":null,"editable":false,"source":"USGS 3DHP flowlines (Channel Line)"},"geometry":{"type":"LineString","coordinates":[[-112.9953,45.409773],[-112.995116,45.40971]]}},{"type":"Feature","properties":{"id":"wat-b48","kind":"water","name":"Creek","acres":null,"editable":false,"source":"USGS 3DHP flowlines (Channel Line)"},"geometry":{"type":"LineString","coordinates":[[-113.226663,45.34344],[-113.226777,45.342643],[-113.226663,45.342326],[-113.226335,45.341933],[-113.224976,45.340907],[-113.224236,45.34056],[-113.223451,45.339602],[-113.222176,45.338344],[-113.220872,45.337558],[-113.219651,45.33707],[-113.216531,45.336119],[-113.215365,45.33555],[-113.214425,45.335276],[-113.213568,45.334693],[-113.213056,45.333991],[-113.211736,45.333598],[-113.210118,45.333646],[-113.208595,45.333583],[-113.20752,45.333327],[-113.20618,45.332373],[-113.20549,45.331659],[-113.205073,45.331397],[-113.202599,45.330505],[-113.201615,45.330304],[-113.200933,45.330053],[-113.199696,45.329149],[-113.198845,45.328822]]}},{"type":"Feature","properties":{"id":"wat-b49","kind":"water","name":"Creek","acres":null,"editable":false,"source":"USGS 3DHP flowlines (Channel Line)"},"geometry":{"type":"LineString","coordinates":[[-113.05255,45.221005],[-113.052058,45.221314]]}},{"type":"Feature","properties":{"id":"wat-b50","kind":"water","name":"Snyder Creek","acres":null,"editable":false,"source":"USGS 3DHP flowlines (Channel Line)"},"geometry":{"type":"LineString","coordinates":[[-113.114345,45.385902],[-113.114055,45.38589],[-113.113174,45.385274]]}},{"type":"Feature","properties":{"id":"wat-b51","kind":"water","name":"Swamp Creek","acres":null,"editable":false,"source":"USGS 3DHP flowlines (Channel Line)"},"geometry":{"type":"LineString","coordinates":[[-113.088144,45.236694],[-113.088016,45.236721],[-113.087829,45.236626],[-113.087514,45.236897],[-113.0872,45.236827]]}},{"type":"Feature","properties":{"id":"wat-b52","kind":"water","name":"Creek","acres":null,"editable":false,"source":"USGS 3DHP flowlines (Channel Line)"},"geometry":{"type":"LineString","coordinates":[[-113.167363,45.192965],[-113.166699,45.192172],[-113.166333,45.191935],[-113.165677,45.191759]]}},{"type":"Feature","properties":{"id":"wat-b53","kind":"water","name":"Creek","acres":null,"editable":false,"source":"USGS 3DHP flowlines (Channel Line)"},"geometry":{"type":"LineString","coordinates":[[-112.932497,45.204801],[-112.932307,45.20498],[-112.931757,45.206041],[-112.930253,45.207352]]}},{"type":"Feature","properties":{"id":"wat-b54","kind":"water","name":"Creek","acres":null,"editable":false,"source":"USGS 3DHP flowlines (Channel Line)"},"geometry":{"type":"LineString","coordinates":[[-113.024047,45.393771],[-113.024184,45.394961],[-113.024696,45.395587],[-113.026847,45.396827],[-113.028297,45.397121],[-113.028861,45.397716],[-113.029113,45.397872]]}},{"type":"Feature","properties":{"id":"wat-b55","kind":"water","name":"Creek","acres":null,"editable":false,"source":"USGS 3DHP flowlines (Channel Line)"},"geometry":{"type":"LineString","coordinates":[[-113.052697,45.420753],[-113.053162,45.420718],[-113.054108,45.420234],[-113.054558,45.419662],[-113.054879,45.419009],[-113.055764,45.418536],[-113.056367,45.41846],[-113.057458,45.418594],[-113.058549,45.41843],[-113.059243,45.418155],[-113.059953,45.41743],[-113.060609,45.417251],[-113.06154,45.417186],[-113.063493,45.417697],[-113.064324,45.41759],[-113.064683,45.417365]]}},{"type":"Feature","properties":{"id":"wat-b56","kind":"water","name":"Rattlesnake Creek","acres":null,"editable":false,"source":"USGS 3DHP flowlines (Channel Line)"},"geometry":{"type":"LineString","coordinates":[[-112.964749,45.397285],[-112.964598,45.396815]]}},{"type":"Feature","properties":{"id":"wat-b57","kind":"water","name":"Creek","acres":null,"editable":false,"source":"USGS 3DHP flowlines (Channel Line)"},"geometry":{"type":"LineString","coordinates":[[-113.004371,45.360884],[-113.00302,45.361319],[-113.002341,45.36172],[-113.001196,45.361945],[-113.000906,45.361853],[-112.99993,45.361919]]}},{"type":"Feature","properties":{"id":"wat-b58","kind":"water","name":"Steel Creek","acres":null,"editable":false,"source":"USGS 3DHP flowlines (Channel Line)"},"geometry":{"type":"LineString","coordinates":[[-113.084412,45.335927],[-113.086069,45.335086],[-113.087038,45.334689],[-113.087534,45.334311],[-113.087748,45.334014],[-113.088671,45.33351],[-113.090144,45.333155],[-113.091029,45.333087],[-113.091731,45.333113],[-113.092738,45.333384],[-113.094279,45.333579],[-113.096209,45.333354],[-113.097364,45.33357]]}},{"type":"Feature","properties":{"id":"wat-b59","kind":"water","name":"French Creek","acres":null,"editable":false,"source":"USGS 3DHP flowlines (Channel Line)"},"geometry":{"type":"LineString","coordinates":[[-112.927482,45.307879],[-112.927684,45.307719],[-112.927898,45.307356],[-112.928027,45.306853],[-112.92802,45.306609],[-112.927638,45.305811]]}},{"type":"Feature","properties":{"id":"wat-b60","kind":"water","name":"Creek","acres":null,"editable":false,"source":"USGS 3DHP flowlines (Channel Line)"},"geometry":{"type":"LineString","coordinates":[[-113.099686,45.253081],[-113.099309,45.253127]]}},{"type":"Feature","properties":{"id":"wat-b61","kind":"water","name":"Birch Creek","acres":null,"editable":false,"source":"USGS 3DHP flowlines (Channel Line)"},"geometry":{"type":"LineString","coordinates":[[-112.983846,45.427532],[-112.981824,45.428192],[-112.980901,45.428718],[-112.979062,45.429153],[-112.977712,45.42916],[-112.976528,45.42823],[-112.975742,45.428154],[-112.975392,45.428191]]}},{"type":"Feature","properties":{"id":"wat-b62","kind":"water","name":"Reservoir Creek","acres":null,"editable":false,"source":"USGS 3DHP flowlines (Channel Line)"},"geometry":{"type":"LineString","coordinates":[[-113.115513,45.149584],[-113.11507,45.149503]]}},{"type":"Feature","properties":{"id":"wat-b63","kind":"water","name":"Cold Spring Creek","acres":null,"editable":false,"source":"USGS 3DHP flowlines (Channel Line)"},"geometry":{"type":"LineString","coordinates":[[-112.940929,45.141593],[-112.941022,45.140486]]}},{"type":"Feature","properties":{"id":"wat-b64","kind":"water","name":"Reservoir Creek","acres":null,"editable":false,"source":"USGS 3DHP flowlines (Channel Line)"},"geometry":{"type":"LineString","coordinates":[[-113.106471,45.152352],[-113.105564,45.152358],[-113.103184,45.152686]]}},{"type":"Feature","properties":{"id":"wat-b65","kind":"water","name":"Creek","acres":null,"editable":false,"source":"USGS 3DHP flowlines (Channel Line)"},"geometry":{"type":"LineString","coordinates":[[-113.162738,45.30204],[-113.162507,45.302445]]}},{"type":"Feature","properties":{"id":"wat-b66","kind":"water","name":"Creek","acres":null,"editable":false,"source":"USGS 3DHP flowlines (Channel Line)"},"geometry":{"type":"LineString","coordinates":[[-113.046874,45.190528],[-113.045682,45.190373]]}},{"type":"Feature","properties":{"id":"wat-b67","kind":"water","name":"Creek","acres":null,"editable":false,"source":"USGS 3DHP flowlines (Channel Line)"},"geometry":{"type":"LineString","coordinates":[[-113.062128,45.190115],[-113.060847,45.189712],[-113.059951,45.189572]]}},{"type":"Feature","properties":{"id":"wat-b68","kind":"water","name":"Lake Creek","acres":null,"editable":false,"source":"USGS 3DHP flowlines (Channel Line)"},"geometry":{"type":"LineString","coordinates":[[-113.040162,45.394766],[-113.040558,45.394729],[-113.041184,45.394446],[-113.042984,45.394309],[-113.043518,45.394164],[-113.044548,45.393725],[-113.045372,45.393684]]}},{"type":"Feature","properties":{"id":"wat-b69","kind":"water","name":"Snyder Creek","acres":null,"editable":false,"source":"USGS 3DHP flowlines (Channel Line)"},"geometry":{"type":"LineString","coordinates":[[-113.115319,45.386235],[-113.11516,45.386168]]}},{"type":"Feature","properties":{"id":"wat-b70","kind":"water","name":"Clark Creek","acres":null,"editable":false,"source":"USGS 3DHP flowlines (Channel Line)"},"geometry":{"type":"LineString","coordinates":[[-113.098265,45.42003],[-113.099164,45.419713]]}},{"type":"Feature","properties":{"id":"wat-b71","kind":"water","name":"Taylor Creek","acres":null,"editable":false,"source":"USGS 3DHP flowlines (Channel Line)"},"geometry":{"type":"LineString","coordinates":[[-112.984533,45.285232],[-112.984166,45.284434],[-112.984067,45.283688],[-112.984049,45.282571],[-112.984107,45.282282],[-112.984252,45.282119],[-112.984274,45.281618],[-112.983034,45.279985],[-112.98286,45.279195],[-112.983023,45.278783],[-112.982379,45.274377],[-112.982383,45.273738],[-112.982549,45.273355],[-112.982448,45.272946],[-112.982549,45.272533],[-112.982506,45.272075],[-112.982651,45.271471],[-112.982662,45.270804],[-112.982531,45.269953],[-112.982842,45.268739],[-112.983063,45.268392],[-112.983534,45.268019],[-112.983625,45.267813],[-112.983583,45.267557],[-112.984219,45.266943],[-112.984284,45.266599],[-112.984422,45.266433],[-112.985083,45.26592],[-112.985228,45.265417],[-112.986142,45.26425],[-112.986532,45.264078],[-112.986746,45.263582],[-112.986641,45.262201],[-112.986738,45.25962],[-112.987255,45.259132],[-112.987398,45.258476],[-112.988079,45.25773],[-112.987873,45.257343],[-112.987982,45.257104],[-112.988278,45.256844],[-112.988332,45.256356],[-112.989156,45.255832],[-112.989185,45.255601],[-112.988986,45.255023],[-112.989193,45.25456],[-112.989171,45.254029],[-112.989676,45.253252],[-112.989688,45.252944],[-112.989988,45.252662],[-112.989977,45.252283],[-112.990154,45.252091],[-112.990286,45.251676],[-112.990492,45.250628],[-112.990801,45.250165],[-112.990837,45.249258],[-112.990751,45.248895],[-112.991095,45.248357],[-112.9914,45.247579],[-112.991331,45.247102],[-112.990782,45.245908]]}},{"type":"Feature","properties":{"id":"wat-b72","kind":"water","name":"Creek","acres":null,"editable":false,"source":"USGS 3DHP flowlines (Channel Line)"},"geometry":{"type":"LineString","coordinates":[[-112.925203,45.211311],[-112.924799,45.211786],[-112.924418,45.212499],[-112.923662,45.213232],[-112.923327,45.213373],[-112.920481,45.213571],[-112.918436,45.213232],[-112.917223,45.213117],[-112.916681,45.213136],[-112.9163,45.213266],[-112.916055,45.213556],[-112.915506,45.213884],[-112.915117,45.214243],[-112.914423,45.216295],[-112.9135,45.216863],[-112.912653,45.216802],[-112.910326,45.216913],[-112.909151,45.216791],[-112.908762,45.216631],[-112.908479,45.216619],[-112.907236,45.217065],[-112.906236,45.217096],[-112.905672,45.21731],[-112.904558,45.217393],[-112.903611,45.217805],[-112.902055,45.218149],[-112.901452,45.21805],[-112.899781,45.217985],[-112.898301,45.217626],[-112.895738,45.217455],[-112.895425,45.217352],[-112.894502,45.217256],[-112.893555,45.21694],[-112.890832,45.216886],[-112.889168,45.217149],[-112.887557,45.217011]]}},{"type":"Feature","properties":{"id":"wat-b73","kind":"water","name":"Creek","acres":null,"editable":false,"source":"USGS 3DHP flowlines (Channel Line)"},"geometry":{"type":"LineString","coordinates":[[-113.008963,45.203876],[-113.008935,45.203826]]}},{"type":"Feature","properties":{"id":"wat-b74","kind":"water","name":"Creek","acres":null,"editable":false,"source":"USGS 3DHP flowlines (Channel Line)"},"geometry":{"type":"LineString","coordinates":[[-112.915605,45.191461],[-112.915925,45.190519],[-112.915902,45.190092],[-112.91475,45.188917],[-112.914598,45.188428],[-112.914987,45.187261],[-112.914895,45.186761],[-112.915315,45.185903],[-112.915406,45.18501],[-112.915688,45.184247],[-112.916085,45.183843],[-112.917939,45.182519],[-112.919068,45.181604],[-112.919671,45.180421],[-112.920205,45.179925],[-112.920861,45.179479],[-112.921037,45.179113]]}},{"type":"Feature","properties":{"id":"wat-b75","kind":"water","name":"Creek","acres":null,"editable":false,"source":"USGS 3DHP flowlines (Channel Line)"},"geometry":{"type":"LineString","coordinates":[[-112.92087,45.325469],[-112.920321,45.324774],[-112.919642,45.324137],[-112.919543,45.323203],[-112.918757,45.322276],[-112.918597,45.321837],[-112.918643,45.321303],[-112.9191,45.320429],[-112.919284,45.319598],[-112.919001,45.318999],[-112.91836,45.318442],[-112.917933,45.317572]]}},{"type":"Feature","properties":{"id":"wat-b76","kind":"water","name":"Clark Creek","acres":null,"editable":false,"source":"USGS 3DHP flowlines (Channel Line)"},"geometry":{"type":"LineString","coordinates":[[-113.109537,45.414674],[-113.110439,45.414535]]}},{"type":"Feature","properties":{"id":"wat-b77","kind":"water","name":"Creek","acres":null,"editable":false,"source":"USGS 3DHP flowlines (Channel Line)"},"geometry":{"type":"LineString","coordinates":[[-113.052743,45.181227],[-113.052329,45.181134]]}},{"type":"Feature","properties":{"id":"wat-b78","kind":"water","name":"Taylor Creek","acres":null,"editable":false,"source":"USGS 3DHP flowlines (Channel Line)"},"geometry":{"type":"LineString","coordinates":[[-112.994776,45.22999],[-112.994799,45.229877],[-112.995049,45.229827],[-112.995099,45.229391],[-112.995334,45.22942],[-112.99582,45.229048],[-112.996329,45.229081],[-112.996756,45.228744],[-112.99716,45.228258],[-112.997274,45.227934],[-112.99983,45.225278],[-113.000853,45.223943],[-113.001328,45.223015],[-113.00219,45.222333],[-113.002124,45.222038],[-113.002795,45.221054],[-113.002649,45.220577],[-113.002978,45.220257],[-113.003029,45.220056],[-113.002781,45.219759],[-113.003038,45.219375],[-113.003053,45.219145],[-113.002937,45.218662],[-113.002689,45.218382],[-113.002713,45.217976],[-113.002231,45.217695],[-113.002165,45.217482],[-113.002247,45.217113],[-113.001985,45.21694],[-113.001796,45.216546],[-113.001352,45.216243],[-113.000926,45.216078],[-113.000581,45.215487],[-113.000614,45.21497],[-113.000277,45.214511],[-113.000039,45.214429],[-112.999965,45.214215],[-112.999678,45.214084],[-112.999678,45.213723],[-112.999522,45.213599],[-112.999596,45.213476],[-112.99944,45.213296],[-112.999555,45.212902],[-112.999415,45.212639],[-112.999349,45.211965],[-112.99921,45.211875],[-112.999396,45.211451],[-112.999382,45.211229],[-112.999628,45.211065],[-112.999649,45.210726],[-112.999787,45.210613]]}},{"type":"Feature","properties":{"id":"wat-b79","kind":"water","name":"Birch Creek","acres":null,"editable":false,"source":"USGS 3DHP flowlines (Channel Line)"},"geometry":{"type":"LineString","coordinates":[[-112.909258,45.425507],[-112.907991,45.425617],[-112.907266,45.425805],[-112.905389,45.426731]]}},{"type":"Feature","properties":{"id":"wat-b80","kind":"water","name":"Rattlesnake Creek","acres":null,"editable":false,"source":"USGS 3DHP flowlines (Channel Line)"},"geometry":{"type":"LineString","coordinates":[[-112.877282,45.286272],[-112.877091,45.285746],[-112.876641,45.285517],[-112.876329,45.285505]]}},{"type":"Feature","properties":{"id":"wat-b81","kind":"water","name":"Taylor Creek","acres":null,"editable":false,"source":"USGS 3DHP flowlines (Channel Line)"},"geometry":{"type":"LineString","coordinates":[[-112.992663,45.231915],[-112.993078,45.231707],[-112.993801,45.231551],[-112.99436,45.230699],[-112.994435,45.230341],[-112.994749,45.230126],[-112.994776,45.22999]]}},{"type":"Feature","properties":{"id":"wat-b82","kind":"water","name":"Creek","acres":null,"editable":false,"source":"USGS 3DHP flowlines (Channel Line)"},"geometry":{"type":"LineString","coordinates":[[-113.172752,45.169998],[-113.171528,45.169856],[-113.169712,45.169444],[-113.169165,45.1694]]}},{"type":"Feature","properties":{"id":"wat-b83","kind":"water","name":"Creek","acres":null,"editable":false,"source":"USGS 3DHP flowlines (Channel Line)"},"geometry":{"type":"LineString","coordinates":[[-113.040123,45.415275],[-113.040176,45.41497],[-113.040035,45.414665]]}},{"type":"Feature","properties":{"id":"wat-b84","kind":"water","name":"Shale Creek","acres":null,"editable":false,"source":"USGS 3DHP flowlines (Channel Line)"},"geometry":{"type":"LineString","coordinates":[[-113.166728,45.427716],[-113.166271,45.427481]]}},{"type":"Feature","properties":{"id":"wat-b85","kind":"water","name":"Rattlesnake Creek","acres":null,"editable":false,"source":"USGS 3DHP flowlines (Channel Line)"},"geometry":{"type":"LineString","coordinates":[[-112.965174,45.370507],[-112.964864,45.370228],[-112.964529,45.369695],[-112.964697,45.369227],[-112.964621,45.368897],[-112.963848,45.368424]]}},{"type":"Feature","properties":{"id":"wat-b86","kind":"water","name":"Creek","acres":null,"editable":false,"source":"USGS 3DHP flowlines (Channel Line)"},"geometry":{"type":"LineString","coordinates":[[-113.095589,45.408915],[-113.096005,45.408845]]}},{"type":"Feature","properties":{"id":"wat-b87","kind":"water","name":"Neagle Creek","acres":null,"editable":false,"source":"USGS 3DHP flowlines (Channel Line)"},"geometry":{"type":"LineString","coordinates":[[-113.140538,45.382602],[-113.140019,45.38219]]}},{"type":"Feature","properties":{"id":"wat-b88","kind":"water","name":"Dingley Creek","acres":null,"editable":false,"source":"USGS 3DHP flowlines (Channel Line)"},"geometry":{"type":"LineString","coordinates":[[-113.084917,45.428741],[-113.08552,45.428619],[-113.087374,45.428642],[-113.08832,45.428851],[-113.089671,45.429427],[-113.090136,45.429439],[-113.091738,45.429275]]}},{"type":"Feature","properties":{"id":"wat-b89","kind":"water","name":"Abrams Creek","acres":null,"editable":false,"source":"USGS 3DHP flowlines (Channel Line)"},"geometry":{"type":"LineString","coordinates":[[-113.202918,45.293782],[-113.202682,45.295535],[-113.202369,45.296519],[-113.201721,45.297389],[-113.201263,45.298877],[-113.20066,45.299735],[-113.20034,45.30038],[-113.200172,45.302016],[-113.20002,45.302432],[-113.199936,45.304747],[-113.199653,45.305369],[-113.199485,45.306044],[-113.199066,45.309573],[-113.196806,45.310825],[-113.19644,45.311709]]}},{"type":"Feature","properties":{"id":"wat-b90","kind":"water","name":"Creek","acres":null,"editable":false,"source":"USGS 3DHP flowlines (Channel Line)"},"geometry":{"type":"LineString","coordinates":[[-112.956637,45.433238],[-112.957165,45.433872],[-112.957478,45.434566],[-112.958012,45.435017],[-112.958087,45.435252],[-112.957988,45.435532]]}},{"type":"Feature","properties":{"id":"wat-b91","kind":"water","name":"Creek","acres":null,"editable":false,"source":"USGS 3DHP flowlines (Channel Line)"},"geometry":{"type":"LineString","coordinates":[[-113.194597,45.26839],[-113.193435,45.268519],[-113.192764,45.268489],[-113.192089,45.268355]]}},{"type":"Feature","properties":{"id":"wat-b92","kind":"water","name":"Creek","acres":null,"editable":false,"source":"USGS 3DHP flowlines (Channel Line)"},"geometry":{"type":"LineString","coordinates":[[-113.040723,45.400016],[-113.041027,45.400158]]}},{"type":"Feature","properties":{"id":"wat-b93","kind":"water","name":"Creek","acres":null,"editable":false,"source":"USGS 3DHP flowlines (Channel Line)"},"geometry":{"type":"LineString","coordinates":[[-113.040054,45.39965],[-113.040181,45.39978]]}},{"type":"Feature","properties":{"id":"wat-b94","kind":"water","name":"Creek","acres":null,"editable":false,"source":"USGS 3DHP flowlines (Channel Line)"},"geometry":{"type":"LineString","coordinates":[[-113.124532,45.41645],[-113.124331,45.416444]]}},{"type":"Feature","properties":{"id":"wat-b95","kind":"water","name":"East Fork Dyce Creek","acres":null,"editable":false,"source":"USGS 3DHP flowlines (Channel Line)"},"geometry":{"type":"LineString","coordinates":[[-113.021537,45.344229],[-113.021674,45.343997],[-113.021697,45.343653],[-113.021987,45.343459],[-113.022392,45.342169],[-113.022453,45.34146],[-113.022117,45.339865],[-113.021682,45.339022],[-113.021095,45.338286],[-113.020751,45.337691],[-113.020828,45.33681],[-113.020705,45.336497],[-113.020591,45.335448],[-113.020088,45.334124],[-113.019691,45.333472],[-113.019302,45.332098],[-113.019271,45.331641],[-113.019462,45.330988],[-113.020652,45.329611],[-113.021606,45.328948],[-113.022865,45.328635],[-113.024154,45.32812],[-113.025001,45.3273],[-113.025528,45.326418],[-113.025344,45.325774],[-113.025467,45.324473],[-113.025787,45.323935],[-113.026191,45.323485],[-113.026596,45.323229],[-113.027198,45.323107],[-113.027824,45.322791],[-113.02961,45.32236]]}},{"type":"Feature","properties":{"id":"wat-b96","kind":"water","name":"Creek","acres":null,"editable":false,"source":"USGS 3DHP flowlines (Channel Line)"},"geometry":{"type":"LineString","coordinates":[[-113.025558,45.410396],[-113.026107,45.410598],[-113.026885,45.410686],[-113.027778,45.410709],[-113.028701,45.410594],[-113.029488,45.410674]]}},{"type":"Feature","properties":{"id":"wat-b97","kind":"water","name":"Creek","acres":null,"editable":false,"source":"USGS 3DHP flowlines (Channel Line)"},"geometry":{"type":"LineString","coordinates":[[-112.993223,45.387691],[-112.991705,45.387584],[-112.990972,45.387225],[-112.989622,45.387298],[-112.988706,45.386996],[-112.987455,45.387076],[-112.986501,45.386775],[-112.986005,45.386699],[-112.984136,45.385959],[-112.983564,45.385615],[-112.982869,45.38549],[-112.981374,45.384849],[-112.97965,45.383285],[-112.978574,45.3828],[-112.978185,45.382701],[-112.977787,45.382709]]}},{"type":"Feature","properties":{"id":"wat-b98","kind":"water","name":"French Creek","acres":null,"editable":false,"source":"USGS 3DHP flowlines (Channel Line)"},"geometry":{"type":"LineString","coordinates":[[-112.90261,45.352092],[-112.902574,45.351203],[-112.901906,45.350392],[-112.901975,45.350075],[-112.901854,45.349632],[-112.90217,45.349177],[-112.902147,45.348674],[-112.901727,45.348189],[-112.901533,45.347618],[-112.901329,45.347343],[-112.901388,45.346873]]}},{"type":"Feature","properties":{"id":"wat-b99","kind":"water","name":"Creek","acres":null,"editable":false,"source":"USGS 3DHP flowlines (Channel Line)"},"geometry":{"type":"LineString","coordinates":[[-112.994758,45.400449],[-112.994405,45.400123],[-112.994382,45.399843]]}},{"type":"Feature","properties":{"id":"wat-b100","kind":"water","name":"Creek","acres":null,"editable":false,"source":"USGS 3DHP flowlines (Channel Line)"},"geometry":{"type":"LineString","coordinates":[[-113.060196,45.203652],[-113.057697,45.204145],[-113.056471,45.204568],[-113.054686,45.204913],[-113.051853,45.205672],[-113.050632,45.20575],[-113.049798,45.205621]]}},{"type":"Feature","properties":{"id":"wat-b101","kind":"water","name":"Right Fork Swamp Creek","acres":null,"editable":false,"source":"USGS 3DHP flowlines (Channel Line)"},"geometry":{"type":"LineString","coordinates":[[-113.205638,45.239867],[-113.205196,45.239885],[-113.203823,45.239633],[-113.202257,45.239155],[-113.201377,45.238689],[-113.200181,45.238383],[-113.199562,45.23831]]}},{"type":"Feature","properties":{"id":"wat-b102","kind":"water","name":"Rattlesnake Creek","acres":null,"editable":false,"source":"USGS 3DHP flowlines (Channel Line)"},"geometry":{"type":"LineString","coordinates":[[-112.970606,45.401973],[-112.970414,45.40189]]}},{"type":"Feature","properties":{"id":"wat-b103","kind":"water","name":"Creek","acres":null,"editable":false,"source":"USGS 3DHP flowlines (Channel Line)"},"geometry":{"type":"LineString","coordinates":[[-112.953121,45.380616],[-112.953648,45.380099],[-112.954655,45.379661],[-112.955494,45.378932],[-112.956114,45.378592]]}},{"type":"Feature","properties":{"id":"wat-b104","kind":"water","name":"Creek","acres":null,"editable":false,"source":"USGS 3DHP flowlines (Channel Line)"},"geometry":{"type":"LineString","coordinates":[[-112.966885,45.381076],[-112.966908,45.38072]]}},{"type":"Feature","properties":{"id":"wat-b105","kind":"water","name":"Creek","acres":null,"editable":false,"source":"USGS 3DHP flowlines (Channel Line)"},"geometry":{"type":"LineString","coordinates":[[-112.965634,45.305537],[-112.964955,45.305624],[-112.964345,45.305853],[-112.963444,45.305968],[-112.962384,45.306467],[-112.961949,45.306582],[-112.961545,45.306971],[-112.961369,45.306948],[-112.961178,45.307097],[-112.960515,45.307257],[-112.959912,45.307303],[-112.959225,45.307528],[-112.958455,45.308039],[-112.957905,45.308226],[-112.957135,45.308047],[-112.953999,45.307917],[-112.951489,45.308062],[-112.950214,45.308279],[-112.94804,45.308035],[-112.946491,45.308421],[-112.946018,45.308432],[-112.945621,45.308237],[-112.945278,45.307677],[-112.94479,45.307269],[-112.944036,45.306886]]}},{"type":"Feature","properties":{"id":"wat-b106","kind":"water","name":"Creek","acres":null,"editable":false,"source":"USGS 3DHP flowlines (Channel Line)"},"geometry":{"type":"LineString","coordinates":[[-113.054635,45.161257],[-113.054199,45.16123]]}},{"type":"Feature","properties":{"id":"wat-b107","kind":"water","name":"Creek","acres":null,"editable":false,"source":"USGS 3DHP flowlines (Channel Line)"},"geometry":{"type":"LineString","coordinates":[[-112.95614,45.294277],[-112.954754,45.294428],[-112.953404,45.294798],[-112.952511,45.295134],[-112.951405,45.295702],[-112.950138,45.29584],[-112.949345,45.296065],[-112.947643,45.296347],[-112.947063,45.29653],[-112.946064,45.297068],[-112.945103,45.29788],[-112.944713,45.298083],[-112.944294,45.298147],[-112.943622,45.298445],[-112.943424,45.298689],[-112.94331,45.299273],[-112.943058,45.299708],[-112.94273,45.299982],[-112.940532,45.300814],[-112.93951,45.301329],[-112.938617,45.301539],[-112.93748,45.302134],[-112.936557,45.30242],[-112.93581,45.302526]]}},{"type":"Feature","properties":{"id":"wat-b108","kind":"water","name":"Cold Spring Creek","acres":null,"editable":false,"source":"USGS 3DHP flowlines (Channel Line)"},"geometry":{"type":"LineString","coordinates":[[-112.93519,45.164949],[-112.935525,45.163286]]}},{"type":"Feature","properties":{"id":"wat-b109","kind":"water","name":"Reservoir Creek","acres":null,"editable":false,"source":"USGS 3DHP flowlines (Channel Line)"},"geometry":{"type":"LineString","coordinates":[[-113.151773,45.138591],[-113.150873,45.138575],[-113.15011,45.138797],[-113.149294,45.139296],[-113.148866,45.139842],[-113.148363,45.140246],[-113.14728,45.140693],[-113.144678,45.141227],[-113.142763,45.141429],[-113.141443,45.142302],[-113.14097,45.142985],[-113.140616,45.143168]]}},{"type":"Feature","properties":{"id":"wat-b110","kind":"water","name":"Creek","acres":null,"editable":false,"source":"USGS 3DHP flowlines (Channel Line)"},"geometry":{"type":"LineString","coordinates":[[-113.024048,45.269545],[-113.024738,45.269277],[-113.025232,45.269271],[-113.025762,45.26939],[-113.027118,45.269224],[-113.027618,45.269295],[-113.028813,45.26895],[-113.029462,45.268938],[-113.031038,45.268742]]}},{"type":"Feature","properties":{"id":"wat-b111","kind":"water","name":"Creek","acres":null,"editable":false,"source":"USGS 3DHP flowlines (Channel Line)"},"geometry":{"type":"LineString","coordinates":[[-112.894289,45.242731],[-112.893732,45.242807],[-112.892816,45.24317],[-112.89113,45.243273],[-112.889459,45.243646],[-112.888688,45.243582],[-112.887811,45.243746],[-112.886438,45.243791],[-112.885926,45.243929],[-112.884538,45.244112],[-112.883607,45.244428],[-112.882936,45.244329],[-112.882478,45.244093],[-112.881875,45.243906],[-112.879151,45.243688],[-112.878678,45.243727],[-112.877885,45.243341],[-112.87699,45.243146],[-112.874903,45.242992]]}},{"type":"Feature","properties":{"id":"wat-b112","kind":"water","name":"Lake Creek","acres":null,"editable":false,"source":"USGS 3DHP flowlines (Channel Line)"},"geometry":{"type":"LineString","coordinates":[[-113.060616,45.393916],[-113.061517,45.393703],[-113.063058,45.392909],[-113.065133,45.392158],[-113.066057,45.391505],[-113.066667,45.391265],[-113.068857,45.389464]]}},{"type":"Feature","properties":{"id":"wat-b113","kind":"water","name":"Creek","acres":null,"editable":false,"source":"USGS 3DHP flowlines (Channel Line)"},"geometry":{"type":"LineString","coordinates":[[-113.001764,45.150775],[-113.002818,45.151351],[-113.003492,45.151911],[-113.004158,45.153086],[-113.004669,45.153777],[-113.005024,45.155028],[-113.004907,45.155571],[-113.003881,45.158363],[-113.00204,45.161522],[-113.001657,45.161793]]}},{"type":"Feature","properties":{"id":"wat-b114","kind":"water","name":"Creek","acres":null,"editable":false,"source":"USGS 3DHP flowlines (Channel Line)"},"geometry":{"type":"LineString","coordinates":[[-113.093806,45.392192],[-113.094638,45.392448],[-113.095141,45.392455],[-113.095614,45.392596],[-113.096545,45.392551],[-113.099444,45.391254],[-113.100581,45.390941],[-113.101367,45.390887],[-113.101695,45.390773],[-113.101878,45.390033],[-113.101916,45.389377],[-113.102199,45.389003],[-113.102351,45.388553],[-113.10245,45.387538],[-113.102885,45.387073],[-113.103229,45.386226]]}},{"type":"Feature","properties":{"id":"wat-b115","kind":"water","name":"Scudder Creek","acres":null,"editable":false,"source":"USGS 3DHP flowlines (Channel Line)"},"geometry":{"type":"LineString","coordinates":[[-113.061478,45.332662],[-113.061677,45.332251],[-113.061647,45.33182],[-113.061144,45.331526],[-113.060296,45.330847],[-113.060268,45.330317],[-113.06044,45.329511],[-113.06006,45.328829],[-113.060029,45.328433],[-113.058482,45.326674],[-113.058755,45.325682],[-113.059346,45.325345],[-113.059825,45.325212],[-113.060555,45.324864],[-113.061931,45.324553],[-113.062743,45.324122],[-113.063206,45.323969],[-113.063852,45.323881],[-113.064423,45.323189],[-113.064537,45.322625],[-113.065184,45.322282],[-113.065317,45.322029],[-113.065259,45.321358]]}},{"type":"Feature","properties":{"id":"wat-b116","kind":"water","name":"Lake Creek","acres":null,"editable":false,"source":"USGS 3DHP flowlines (Channel Line)"},"geometry":{"type":"LineString","coordinates":[[-113.095111,45.384104],[-113.095629,45.384326],[-113.097598,45.384723],[-113.09819,45.385372],[-113.098864,45.385394],[-113.099398,45.385623],[-113.1001,45.385596],[-113.100909,45.38584],[-113.102244,45.385947],[-113.102946,45.386203],[-113.103229,45.386226]]}},{"type":"Feature","properties":{"id":"wat-b117","kind":"water","name":"East Fork Dyce Creek","acres":null,"editable":false,"source":"USGS 3DHP flowlines (Channel Line)"},"geometry":{"type":"LineString","coordinates":[[-113.02961,45.32236],[-113.029846,45.322249]]}},{"type":"Feature","properties":{"id":"wat-b118","kind":"water","name":"Twin Creek","acres":null,"editable":false,"source":"USGS 3DHP flowlines (Channel Line)"},"geometry":{"type":"LineString","coordinates":[[-113.149877,45.363975],[-113.149183,45.363513],[-113.148366,45.363296],[-113.14771,45.362922],[-113.144986,45.362365],[-113.144437,45.362147],[-113.144322,45.361987],[-113.143163,45.361724],[-113.142621,45.361308],[-113.141779,45.361117]]}},{"type":"Feature","properties":{"id":"wat-b119","kind":"water","name":"Creek","acres":null,"editable":false,"source":"USGS 3DHP flowlines (Channel Line)"},"geometry":{"type":"LineString","coordinates":[[-113.121979,45.403954],[-113.121578,45.404055]]}},{"type":"Feature","properties":{"id":"wat-b120","kind":"water","name":"Creek","acres":null,"editable":false,"source":"USGS 3DHP flowlines (Channel Line)"},"geometry":{"type":"LineString","coordinates":[[-113.114381,45.417369],[-113.114106,45.417287]]}},{"type":"Feature","properties":{"id":"wat-b121","kind":"water","name":"Creek","acres":null,"editable":false,"source":"USGS 3DHP flowlines (Channel Line)"},"geometry":{"type":"LineString","coordinates":[[-113.131437,45.244093],[-113.130863,45.244142]]}},{"type":"Feature","properties":{"id":"wat-b122","kind":"water","name":"Krueger Creek","acres":null,"editable":false,"source":"USGS 3DHP flowlines (Channel Line)"},"geometry":{"type":"LineString","coordinates":[[-113.210436,45.343429],[-113.205666,45.341956],[-113.200386,45.339793],[-113.198875,45.339469],[-113.192939,45.340129],[-113.191505,45.340178],[-113.188262,45.340518],[-113.186195,45.340564],[-113.184974,45.340854],[-113.183722,45.341571]]}},{"type":"Feature","properties":{"id":"wat-b123","kind":"water","name":"Creek","acres":null,"editable":false,"source":"USGS 3DHP flowlines (Channel Line)"},"geometry":{"type":"LineString","coordinates":[[-113.131673,45.247496],[-113.131421,45.247778],[-113.130978,45.247983]]}},{"type":"Feature","properties":{"id":"wat-b124","kind":"water","name":"Dyce Creek","acres":null,"editable":false,"source":"USGS 3DHP flowlines (Channel Line)"},"geometry":{"type":"LineString","coordinates":[[-113.034202,45.270218],[-113.034271,45.26972],[-113.033966,45.269003],[-113.034012,45.268541]]}},{"type":"Feature","properties":{"id":"wat-b125","kind":"water","name":"Creek","acres":null,"editable":false,"source":"USGS 3DHP flowlines (Channel Line)"},"geometry":{"type":"LineString","coordinates":[[-113.032187,45.434454],[-113.032821,45.434505],[-113.033966,45.43486]]}},{"type":"Feature","properties":{"id":"wat-b126","kind":"water","name":"West Fork Dyce Creek","acres":null,"editable":false,"source":"USGS 3DHP flowlines (Channel Line)"},"geometry":{"type":"LineString","coordinates":[[-113.045661,45.318803],[-113.045716,45.318718]]}},{"type":"Feature","properties":{"id":"wat-b127","kind":"water","name":"Creek","acres":null,"editable":false,"source":"USGS 3DHP flowlines (Channel Line)"},"geometry":{"type":"LineString","coordinates":[[-113.043614,45.401814],[-113.044685,45.401912]]}},{"type":"Feature","properties":{"id":"wat-b128","kind":"water","name":"Creek","acres":null,"editable":false,"source":"USGS 3DHP flowlines (Channel Line)"},"geometry":{"type":"LineString","coordinates":[[-113.097216,45.410402],[-113.097445,45.409934],[-113.098254,45.409167]]}},{"type":"Feature","properties":{"id":"wat-b129","kind":"water","name":"Mason Creek","acres":null,"editable":false,"source":"USGS 3DHP flowlines (Channel Line)"},"geometry":{"type":"LineString","coordinates":[[-113.116005,45.256233],[-113.115103,45.256311],[-113.114139,45.256689],[-113.113399,45.257307],[-113.112781,45.258124],[-113.112598,45.258242],[-113.111942,45.258417],[-113.110752,45.258642],[-113.110096,45.259005],[-113.10989,45.259573],[-113.109691,45.259783],[-113.108951,45.260168],[-113.108417,45.260313],[-113.107549,45.260371],[-113.107099,45.260195],[-113.106739,45.260162]]}},{"type":"Feature","properties":{"id":"wat-b130","kind":"water","name":"Creek","acres":null,"editable":false,"source":"USGS 3DHP flowlines (Channel Line)"},"geometry":{"type":"LineString","coordinates":[[-113.045347,45.190064],[-113.045138,45.189832],[-113.044859,45.189711],[-113.044626,45.189453],[-113.044308,45.189278]]}},{"type":"Feature","properties":{"id":"wat-b131","kind":"water","name":"Krueger Creek","acres":null,"editable":false,"source":"USGS 3DHP flowlines (Channel Line)"},"geometry":{"type":"LineString","coordinates":[[-113.18035,45.342349],[-113.179708,45.342042],[-113.179019,45.342117],[-113.178851,45.342074],[-113.178134,45.34176],[-113.177631,45.341664],[-113.177284,45.341389],[-113.176981,45.341378],[-113.176488,45.341154],[-113.175617,45.340654],[-113.1756,45.340483],[-113.175357,45.340408],[-113.175221,45.340458],[-113.175193,45.340297],[-113.175071,45.340358],[-113.174536,45.339904],[-113.174325,45.33984],[-113.174033,45.339465],[-113.173558,45.339087],[-113.173347,45.339112],[-113.173044,45.338859],[-113.172577,45.338623],[-113.171891,45.338652],[-113.171356,45.338898]]}},{"type":"Feature","properties":{"id":"wat-b132","kind":"water","name":"Creek","acres":null,"editable":false,"source":"USGS 3DHP flowlines (Channel Line)"},"geometry":{"type":"LineString","coordinates":[[-113.015181,45.363786],[-113.013834,45.363879]]}},{"type":"Feature","properties":{"id":"wat-b133","kind":"water","name":"Creek","acres":null,"editable":false,"source":"USGS 3DHP flowlines (Channel Line)"},"geometry":{"type":"LineString","coordinates":[[-113.013591,45.329254],[-113.013472,45.327691]]}},{"type":"Feature","properties":{"id":"wat-b134","kind":"water","name":"Creek","acres":null,"editable":false,"source":"USGS 3DHP flowlines (Channel Line)"},"geometry":{"type":"LineString","coordinates":[[-112.990238,45.401721],[-112.989399,45.401746]]}},{"type":"Feature","properties":{"id":"wat-b135","kind":"water","name":"West Fork Dyce Creek","acres":null,"editable":false,"source":"USGS 3DHP flowlines (Channel Line)"},"geometry":{"type":"LineString","coordinates":[[-113.044934,45.322724],[-113.045145,45.322475],[-113.045373,45.321804]]}},{"type":"Feature","properties":{"id":"wat-b136","kind":"water","name":"Creek","acres":null,"editable":false,"source":"USGS 3DHP flowlines (Channel Line)"},"geometry":{"type":"LineString","coordinates":[[-113.122548,45.403636],[-113.122312,45.403776]]}},{"type":"Feature","properties":{"id":"wat-b137","kind":"water","name":"Creek","acres":null,"editable":false,"source":"USGS 3DHP flowlines (Channel Line)"},"geometry":{"type":"LineString","coordinates":[[-112.967343,45.37762],[-112.967175,45.37672],[-112.967435,45.376025]]}},{"type":"Feature","properties":{"id":"wat-b138","kind":"water","name":"Creek","acres":null,"editable":false,"source":"USGS 3DHP flowlines (Channel Line)"},"geometry":{"type":"LineString","coordinates":[[-113.162631,45.147326],[-113.162669,45.146312],[-113.162196,45.14487],[-113.160647,45.143058],[-113.160349,45.142825],[-113.159967,45.142704]]}},{"type":"Feature","properties":{"id":"wat-b139","kind":"water","name":"Creek","acres":null,"editable":false,"source":"USGS 3DHP flowlines (Channel Line)"},"geometry":{"type":"LineString","coordinates":[[-113.179196,45.179961],[-113.178418,45.179584],[-113.176541,45.178946],[-113.175297,45.178782],[-113.174412,45.178767],[-113.172909,45.178607],[-113.171207,45.178214],[-113.168125,45.177951],[-113.166416,45.177546],[-113.165645,45.177443],[-113.164531,45.177031],[-113.16357,45.176772],[-113.163021,45.176509],[-113.160709,45.17578]]}},{"type":"Feature","properties":{"id":"wat-b140","kind":"water","name":"Creek","acres":null,"editable":false,"source":"USGS 3DHP flowlines (Channel Line)"},"geometry":{"type":"LineString","coordinates":[[-113.066133,45.409949],[-113.068322,45.411456],[-113.069177,45.411742],[-113.069864,45.411826],[-113.071329,45.412166],[-113.072076,45.412227],[-113.072534,45.412185],[-113.073717,45.411796],[-113.07406,45.411586],[-113.074289,45.411628],[-113.074808,45.411941],[-113.075723,45.4122],[-113.076669,45.412219],[-113.078073,45.412074]]}},{"type":"Feature","properties":{"id":"wat-b141","kind":"water","name":"Creek","acres":null,"editable":false,"source":"USGS 3DHP flowlines (Channel Line)"},"geometry":{"type":"LineString","coordinates":[[-113.034617,45.222085],[-113.034842,45.222151],[-113.035236,45.22205],[-113.035496,45.222155],[-113.035742,45.222078],[-113.036079,45.221905],[-113.036575,45.22138],[-113.037037,45.221327],[-113.037177,45.221178],[-113.037124,45.221101],[-113.037427,45.220966],[-113.037605,45.220711],[-113.037836,45.220831],[-113.038251,45.220793],[-113.038395,45.220672],[-113.039021,45.220538],[-113.039353,45.220282],[-113.039868,45.220417],[-113.040033,45.220231]]}},{"type":"Feature","properties":{"id":"wat-b142","kind":"water","name":"Mason Creek","acres":null,"editable":false,"source":"USGS 3DHP flowlines (Channel Line)"},"geometry":{"type":"LineString","coordinates":[[-113.099025,45.256899],[-113.099139,45.25683],[-113.099091,45.256518],[-113.099214,45.256188],[-113.098991,45.256097],[-113.098826,45.255871],[-113.098633,45.25577],[-113.098814,45.255376],[-113.099137,45.255321],[-113.099186,45.255202],[-113.099137,45.255113],[-113.098783,45.255141],[-113.098752,45.255067],[-113.098847,45.254829],[-113.09914,45.254667],[-113.099019,45.253965]]}},{"type":"Feature","properties":{"id":"wat-b143","kind":"water","name":"Creek","acres":null,"editable":false,"source":"USGS 3DHP flowlines (Channel Line)"},"geometry":{"type":"LineString","coordinates":[[-112.883993,45.216754],[-112.883502,45.217]]}},{"type":"Feature","properties":{"id":"wat-b144","kind":"water","name":"Creek","acres":null,"editable":false,"source":"USGS 3DHP flowlines (Channel Line)"},"geometry":{"type":"LineString","coordinates":[[-113.064107,45.209658],[-113.063633,45.20956]]}},{"type":"Feature","properties":{"id":"wat-b145","kind":"water","name":"Creek","acres":null,"editable":false,"source":"USGS 3DHP flowlines (Channel Line)"},"geometry":{"type":"LineString","coordinates":[[-113.048492,45.159823],[-113.047912,45.159671]]}},{"type":"Feature","properties":{"id":"wat-b146","kind":"water","name":"Creek","acres":null,"editable":false,"source":"USGS 3DHP flowlines (Channel Line)"},"geometry":{"type":"LineString","coordinates":[[-113.139883,45.152],[-113.139504,45.151985]]}},{"type":"Feature","properties":{"id":"wat-b147","kind":"water","name":"Creek","acres":null,"editable":false,"source":"USGS 3DHP flowlines (Channel Line)"},"geometry":{"type":"LineString","coordinates":[[-113.101519,45.154976],[-113.099788,45.155233]]}},{"type":"Feature","properties":{"id":"wat-b148","kind":"water","name":"White Creek","acres":null,"editable":false,"source":"USGS 3DHP flowlines (Channel Line)"},"geometry":{"type":"LineString","coordinates":[[-113.084696,45.408118],[-113.08507,45.407939]]}},{"type":"Feature","properties":{"id":"wat-b149","kind":"water","name":"Creek","acres":null,"editable":false,"source":"USGS 3DHP flowlines (Channel Line)"},"geometry":{"type":"LineString","coordinates":[[-113.079645,45.349513],[-113.079554,45.349353]]}},{"type":"Feature","properties":{"id":"wat-b150","kind":"water","name":"Creek","acres":null,"editable":false,"source":"USGS 3DHP flowlines (Channel Line)"},"geometry":{"type":"LineString","coordinates":[[-112.918362,45.199512],[-112.918107,45.199544],[-112.918075,45.199469]]}},{"type":"Feature","properties":{"id":"wat-b151","kind":"water","name":"Creek","acres":null,"editable":false,"source":"USGS 3DHP flowlines (Channel Line)"},"geometry":{"type":"LineString","coordinates":[[-113.054199,45.16123],[-113.051914,45.160715],[-113.051178,45.160632],[-113.050558,45.160413],[-113.050247,45.160193]]}},{"type":"Feature","properties":{"id":"wat-b152","kind":"water","name":"French Creek","acres":null,"editable":false,"source":"USGS 3DHP flowlines (Channel Line)"},"geometry":{"type":"LineString","coordinates":[[-112.901388,45.346873],[-112.901156,45.3448],[-112.90012,45.343183],[-112.900277,45.341924],[-112.900654,45.341123],[-112.900932,45.340197],[-112.900854,45.339726],[-112.899955,45.338176],[-112.899928,45.33786],[-112.90008,45.337649]]}},{"type":"Feature","properties":{"id":"wat-b153","kind":"water","name":"Creek","acres":null,"editable":false,"source":"USGS 3DHP flowlines (Channel Line)"},"geometry":{"type":"LineString","coordinates":[[-113.029488,45.410674],[-113.029948,45.410804]]}},{"type":"Feature","properties":{"id":"wat-b154","kind":"water","name":"Creek","acres":null,"editable":false,"source":"USGS 3DHP flowlines (Channel Line)"},"geometry":{"type":"LineString","coordinates":[[-112.904306,45.409876],[-112.904015,45.410281],[-112.90307,45.411073],[-112.902193,45.411972],[-112.901292,45.413292],[-112.898767,45.416169],[-112.898339,45.417148],[-112.897386,45.418462],[-112.896279,45.419392]]}},{"type":"Feature","properties":{"id":"wat-b155","kind":"water","name":"Creek","acres":null,"editable":false,"source":"USGS 3DHP flowlines (Channel Line)"},"geometry":{"type":"LineString","coordinates":[[-112.989868,45.362473],[-112.989723,45.362385]]}},{"type":"Feature","properties":{"id":"wat-b156","kind":"water","name":"Creek","acres":null,"editable":false,"source":"USGS 3DHP flowlines (Channel Line)"},"geometry":{"type":"LineString","coordinates":[[-113.056952,45.227964],[-113.05709,45.227724]]}},{"type":"Feature","properties":{"id":"wat-b157","kind":"water","name":"Lake Creek","acres":null,"editable":false,"source":"USGS 3DHP flowlines (Channel Line)"},"geometry":{"type":"LineString","coordinates":[[-113.02756,45.40112],[-113.028777,45.400596],[-113.029312,45.400138],[-113.029655,45.399676],[-113.030014,45.398902],[-113.030662,45.398719],[-113.031593,45.398631],[-113.032836,45.398264]]}},{"type":"Feature","properties":{"id":"wat-b158","kind":"water","name":"Farlin Creek","acres":null,"editable":false,"source":"USGS 3DHP flowlines (Channel Line)"},"geometry":{"type":"LineString","coordinates":[[-113.126485,45.337231],[-113.127293,45.337127],[-113.127468,45.337024],[-113.127438,45.336722],[-113.127606,45.336356],[-113.127595,45.336231],[-113.127404,45.33607],[-113.12761,45.335823],[-113.127806,45.335949],[-113.128086,45.336389],[-113.128983,45.336339]]}},{"type":"Feature","properties":{"id":"wat-b159","kind":"water","name":"Creek","acres":null,"editable":false,"source":"USGS 3DHP flowlines (Channel Line)"},"geometry":{"type":"LineString","coordinates":[[-113.090315,45.349637],[-113.090731,45.349379],[-113.090876,45.349108],[-113.09199,45.348601],[-113.09215,45.348403],[-113.092147,45.348258]]}},{"type":"Feature","properties":{"id":"wat-b160","kind":"water","name":"French Creek","acres":null,"editable":false,"source":"USGS 3DHP flowlines (Channel Line)"},"geometry":{"type":"LineString","coordinates":[[-112.911553,45.385299],[-112.911417,45.385179]]}},{"type":"Feature","properties":{"id":"wat-b161","kind":"water","name":"Lake Creek","acres":null,"editable":false,"source":"USGS 3DHP flowlines (Channel Line)"},"geometry":{"type":"LineString","coordinates":[[-113.108899,45.387111],[-113.109888,45.387216]]}},{"type":"Feature","properties":{"id":"wat-b162","kind":"water","name":"Creek","acres":null,"editable":false,"source":"USGS 3DHP flowlines (Channel Line)"},"geometry":{"type":"LineString","coordinates":[[-113.10669,45.247176],[-113.104842,45.247418],[-113.103219,45.247452],[-113.102202,45.247715],[-113.100284,45.247776],[-113.100012,45.247881],[-113.099679,45.248221],[-113.098731,45.248517],[-113.098305,45.249264],[-113.097722,45.249455]]}},{"type":"Feature","properties":{"id":"wat-b163","kind":"water","name":"Creek","acres":null,"editable":false,"source":"USGS 3DHP flowlines (Channel Line)"},"geometry":{"type":"LineString","coordinates":[[-113.08507,45.407939],[-113.08568,45.407813],[-113.086565,45.407867],[-113.087984,45.407718],[-113.088641,45.407794],[-113.089625,45.408435],[-113.09083,45.408824],[-113.09141,45.409312],[-113.091807,45.40948],[-113.092349,45.409286],[-113.093661,45.409343],[-113.09495,45.408981],[-113.095589,45.408915]]}},{"type":"Feature","properties":{"id":"wat-b164","kind":"water","name":"Neagle Creek","acres":null,"editable":false,"source":"USGS 3DHP flowlines (Channel Line)"},"geometry":{"type":"LineString","coordinates":[[-113.125932,45.36836],[-113.125808,45.368358]]}},{"type":"Feature","properties":{"id":"wat-b165","kind":"water","name":"Creek","acres":null,"editable":false,"source":"USGS 3DHP flowlines (Channel Line)"},"geometry":{"type":"LineString","coordinates":[[-112.986918,45.401716],[-112.986347,45.401641]]}},{"type":"Feature","properties":{"id":"wat-b166","kind":"water","name":"Creek","acres":null,"editable":false,"source":"USGS 3DHP flowlines (Channel Line)"},"geometry":{"type":"LineString","coordinates":[[-112.971722,45.385673],[-112.970134,45.38541]]}},{"type":"Feature","properties":{"id":"wat-b167","kind":"water","name":"Grasshopper Creek","acres":null,"editable":false,"source":"USGS 3DHP flowlines (Channel Line)"},"geometry":{"type":"LineString","coordinates":[[-113.112176,45.421692],[-113.112209,45.421619],[-113.111866,45.421516],[-113.111766,45.421405],[-113.112148,45.420257],[-113.1123,45.419997],[-113.112628,45.419879],[-113.112957,45.419887]]}},{"type":"Feature","properties":{"id":"wat-b168","kind":"water","name":"Cold Spring Creek","acres":null,"editable":false,"source":"USGS 3DHP flowlines (Channel Line)"},"geometry":{"type":"LineString","coordinates":[[-112.935525,45.163286],[-112.93551,45.162717],[-112.935365,45.162252],[-112.935365,45.160951],[-112.935601,45.160573],[-112.936067,45.160165],[-112.936265,45.159787],[-112.936326,45.159028],[-112.936555,45.158655],[-112.936471,45.157586],[-112.937257,45.156617],[-112.938015,45.156126]]}},{"type":"Feature","properties":{"id":"wat-b169","kind":"water","name":"Creek","acres":null,"editable":false,"source":"USGS 3DHP flowlines (Channel Line)"},"geometry":{"type":"LineString","coordinates":[[-113.151201,45.401422],[-113.150777,45.400725],[-113.150284,45.400205]]}},{"type":"Feature","properties":{"id":"wat-b170","kind":"water","name":"Creek","acres":null,"editable":false,"source":"USGS 3DHP flowlines (Channel Line)"},"geometry":{"type":"LineString","coordinates":[[-113.082705,45.400893],[-113.082598,45.401706],[-113.082644,45.402068],[-113.082995,45.402713],[-113.083063,45.403037],[-113.082796,45.404071],[-113.08317,45.405021],[-113.083597,45.405673],[-113.083674,45.407321]]}},{"type":"Feature","properties":{"id":"wat-b171","kind":"water","name":"Creek","acres":null,"editable":false,"source":"USGS 3DHP flowlines (Channel Line)"},"geometry":{"type":"LineString","coordinates":[[-112.984996,45.294765],[-112.984147,45.293906],[-112.983762,45.293654]]}},{"type":"Feature","properties":{"id":"wat-b172","kind":"water","name":"Buffalo Creek","acres":null,"editable":false,"source":"USGS 3DHP flowlines (Channel Line)"},"geometry":{"type":"LineString","coordinates":[[-113.063928,45.217756],[-113.063714,45.217692],[-113.063434,45.217775],[-113.063186,45.217701],[-113.061972,45.217853]]}},{"type":"Feature","properties":{"id":"wat-b173","kind":"water","name":"Birch Creek","acres":null,"editable":false,"source":"USGS 3DHP flowlines (Channel Line)"},"geometry":{"type":"LineString","coordinates":[[-112.894395,45.433235],[-112.893197,45.433236],[-112.892518,45.433326],[-112.891205,45.433819],[-112.890717,45.43391],[-112.888757,45.433907],[-112.887436,45.434158],[-112.886498,45.434083],[-112.884919,45.434376],[-112.8835,45.434425],[-112.882774,45.434636],[-112.881775,45.434563],[-112.880525,45.43409],[-112.880234,45.434104],[-112.878915,45.434449],[-112.877838,45.43451],[-112.876541,45.434738]]}},{"type":"Feature","properties":{"id":"wat-b174","kind":"water","name":"Creek","acres":null,"editable":false,"source":"USGS 3DHP flowlines (Channel Line)"},"geometry":{"type":"LineString","coordinates":[[-112.88446,45.216646],[-112.883993,45.216754]]}},{"type":"Feature","properties":{"id":"wat-b175","kind":"water","name":"Cold Spring Creek","acres":null,"editable":false,"source":"USGS 3DHP flowlines (Channel Line)"},"geometry":{"type":"LineString","coordinates":[[-112.938015,45.156126],[-112.939044,45.155539]]}},{"type":"Feature","properties":{"id":"wat-b176","kind":"water","name":"Creek","acres":null,"editable":false,"source":"USGS 3DHP flowlines (Channel Line)"},"geometry":{"type":"LineString","coordinates":[[-112.926108,45.210161],[-112.925203,45.211311]]}},{"type":"Feature","properties":{"id":"wat-b177","kind":"water","name":"Creek","acres":null,"editable":false,"source":"USGS 3DHP flowlines (Channel Line)"},"geometry":{"type":"LineString","coordinates":[[-113.142291,45.428438],[-113.142148,45.428245]]}},{"type":"Feature","properties":{"id":"wat-b178","kind":"water","name":"Creek","acres":null,"editable":false,"source":"USGS 3DHP flowlines (Channel Line)"},"geometry":{"type":"LineString","coordinates":[[-113.177119,45.14529],[-113.176517,45.144904],[-113.175731,45.144656],[-113.174892,45.144263],[-113.173015,45.143935],[-113.172236,45.143691],[-113.171061,45.143027],[-113.170398,45.142398],[-113.169925,45.142257],[-113.166384,45.141795],[-113.164744,45.141418],[-113.164217,45.141379],[-113.164027,45.14125],[-113.164004,45.141059]]}},{"type":"Feature","properties":{"id":"wat-b179","kind":"water","name":"Cottonwood Creek","acres":null,"editable":false,"source":"USGS 3DHP flowlines (Channel Line)"},"geometry":{"type":"LineString","coordinates":[[-113.15774,45.377231],[-113.157453,45.377128],[-113.157449,45.376915]]}},{"type":"Feature","properties":{"id":"wat-b180","kind":"water","name":"Steel Creek","acres":null,"editable":false,"source":"USGS 3DHP flowlines (Channel Line)"},"geometry":{"type":"LineString","coordinates":[[-113.097364,45.33357],[-113.097778,45.333615]]}},{"type":"Feature","properties":{"id":"wat-b181","kind":"water","name":"Creek","acres":null,"editable":false,"source":"USGS 3DHP flowlines (Channel Line)"},"geometry":{"type":"LineString","coordinates":[[-112.957816,45.199842],[-112.959064,45.200395],[-112.960414,45.200731],[-112.963062,45.201597],[-112.964054,45.20173],[-112.965122,45.202104],[-112.966083,45.202714],[-112.966854,45.202962],[-112.968624,45.203329],[-112.970448,45.203508],[-112.971043,45.203443],[-112.972111,45.203012],[-112.97279,45.203043],[-112.973484,45.203207],[-112.974102,45.203661],[-112.975018,45.204866],[-112.975903,45.205545],[-112.976231,45.205934],[-112.978589,45.206312],[-112.979573,45.206655],[-112.980275,45.206586],[-112.980618,45.20675],[-112.981495,45.206869],[-112.981938,45.207033],[-112.982464,45.207079],[-112.983372,45.207334],[-112.984235,45.207418],[-112.986501,45.207098],[-112.988225,45.206583],[-112.989171,45.206121],[-112.989751,45.206056],[-112.991956,45.206087],[-112.992665,45.206258],[-112.993909,45.206125],[-112.994359,45.206155],[-112.995015,45.20601],[-112.99532,45.206026],[-112.998479,45.206686],[-112.999112,45.206712],[-112.999715,45.206968],[-113.000112,45.206918],[-113.000883,45.206481]]}},{"type":"Feature","properties":{"id":"wat-b182","kind":"water","name":"Creek","acres":null,"editable":false,"source":"USGS 3DHP flowlines (Channel Line)"},"geometry":{"type":"LineString","coordinates":[[-113.143489,45.245621],[-113.142275,45.244754],[-113.140772,45.243479],[-113.13936,45.243296],[-113.139187,45.243156],[-113.138578,45.243152],[-113.138013,45.243014]]}},{"type":"Feature","properties":{"id":"wat-b183","kind":"water","name":"Clark Creek","acres":null,"editable":false,"source":"USGS 3DHP flowlines (Channel Line)"},"geometry":{"type":"LineString","coordinates":[[-113.01776,45.428104],[-113.020552,45.428741],[-113.020972,45.428733],[-113.022841,45.42844],[-113.023423,45.428557]]}},{"type":"Feature","properties":{"id":"wat-b184","kind":"water","name":"Creek","acres":null,"editable":false,"source":"USGS 3DHP flowlines (Channel Line)"},"geometry":{"type":"LineString","coordinates":[[-113.012472,45.36447],[-113.01196,45.364751]]}},{"type":"Feature","properties":{"id":"wat-b185","kind":"water","name":"South Fork Hayes Creek","acres":null,"editable":false,"source":"USGS 3DHP flowlines (Channel Line)"},"geometry":{"type":"LineString","coordinates":[[-113.116909,45.218271],[-113.116803,45.218871],[-113.116167,45.219371],[-113.115965,45.21987]]}},{"type":"Feature","properties":{"id":"wat-b186","kind":"water","name":"Shale Creek","acres":null,"editable":false,"source":"USGS 3DHP flowlines (Channel Line)"},"geometry":{"type":"LineString","coordinates":[[-113.165101,45.427131],[-113.164886,45.427013]]}},{"type":"Feature","properties":{"id":"wat-b187","kind":"water","name":"Straight Fork Buffalo Creek","acres":null,"editable":false,"source":"USGS 3DHP flowlines (Channel Line)"},"geometry":{"type":"LineString","coordinates":[[-113.198593,45.158047],[-113.196946,45.158368]]}},{"type":"Feature","properties":{"id":"wat-b188","kind":"water","name":"Creek","acres":null,"editable":false,"source":"USGS 3DHP flowlines (Channel Line)"},"geometry":{"type":"LineString","coordinates":[[-113.156291,45.173056],[-113.15575,45.17314],[-113.15385,45.173762],[-113.152011,45.174792],[-113.151172,45.17541],[-113.150454,45.175804]]}},{"type":"Feature","properties":{"id":"wat-b189","kind":"water","name":"Creek","acres":null,"editable":false,"source":"USGS 3DHP flowlines (Channel Line)"},"geometry":{"type":"LineString","coordinates":[[-113.000882,45.395219],[-112.99999,45.395473],[-112.99935,45.395457],[-112.998396,45.395301],[-112.996839,45.395591],[-112.995521,45.395465]]}},{"type":"Feature","properties":{"id":"wat-b190","kind":"water","name":"Creek","acres":null,"editable":false,"source":"USGS 3DHP flowlines (Channel Line)"},"geometry":{"type":"LineString","coordinates":[[-112.875728,45.316625],[-112.87558,45.316375],[-112.874711,45.315772],[-112.872605,45.31346],[-112.872437,45.312865],[-112.872475,45.312606],[-112.872796,45.312003],[-112.872887,45.311598],[-112.872696,45.311053],[-112.872078,45.310492],[-112.871117,45.309287],[-112.870255,45.308829],[-112.870224,45.308211],[-112.870118,45.307955],[-112.869774,45.307585],[-112.869194,45.307234],[-112.868431,45.306906],[-112.867829,45.306819],[-112.865235,45.306899],[-112.864739,45.3068],[-112.86435,45.306513],[-112.86425,45.306288],[-112.864395,45.305266],[-112.864296,45.305007],[-112.86409,45.304865],[-112.863007,45.304724],[-112.862099,45.3044],[-112.861534,45.304278],[-112.860657,45.304274],[-112.85981,45.304171],[-112.859444,45.304019],[-112.858749,45.303523],[-112.858467,45.30345],[-112.854736,45.302893],[-112.852661,45.302333],[-112.851814,45.30197],[-112.8497,45.301734],[-112.848854,45.301722],[-112.847419,45.30128],[-112.845725,45.300875],[-112.844749,45.300353],[-112.843665,45.299456],[-112.84156,45.29801],[-112.839713,45.297228],[-112.837714,45.296588],[-112.836043,45.295676],[-112.834006,45.293887]]}},{"type":"Feature","properties":{"id":"wat-b191","kind":"water","name":"Creek","acres":null,"editable":false,"source":"USGS 3DHP flowlines (Channel Line)"},"geometry":{"type":"LineString","coordinates":[[-113.063729,45.440372],[-113.064759,45.440933],[-113.065507,45.441093],[-113.066194,45.441432],[-113.066995,45.441699],[-113.067598,45.441753],[-113.068139,45.441562],[-113.068849,45.441001],[-113.069284,45.440387],[-113.069253,45.439704],[-113.069413,45.439121],[-113.069604,45.438819],[-113.070085,45.438507],[-113.071054,45.438411],[-113.071306,45.438327],[-113.071863,45.437854],[-113.073129,45.437129],[-113.074915,45.436649],[-113.075349,45.436386],[-113.076318,45.434821],[-113.07715,45.43407],[-113.077646,45.433837],[-113.078806,45.433582],[-113.080225,45.433078],[-113.080744,45.432815]]}},{"type":"Feature","properties":{"id":"wat-b192","kind":"water","name":"Abrams Creek","acres":null,"editable":false,"source":"USGS 3DHP flowlines (Channel Line)"},"geometry":{"type":"LineString","coordinates":[[-113.184395,45.318889],[-113.18425,45.319037]]}},{"type":"Feature","properties":{"id":"wat-b193","kind":"water","name":"Cold Spring Creek","acres":null,"editable":false,"source":"USGS 3DHP flowlines (Channel Line)"},"geometry":{"type":"LineString","coordinates":[[-112.934318,45.166799],[-112.934701,45.166273],[-112.935119,45.165208]]}},{"type":"Feature","properties":{"id":"wat-b194","kind":"water","name":"Creek","acres":null,"editable":false,"source":"USGS 3DHP flowlines (Channel Line)"},"geometry":{"type":"LineString","coordinates":[[-113.062423,45.234569],[-113.061967,45.233954],[-113.061835,45.233888],[-113.061493,45.233016],[-113.060717,45.232583],[-113.059405,45.231464],[-113.058885,45.230784],[-113.057992,45.230191],[-113.057658,45.229505],[-113.057278,45.229143],[-113.057301,45.228759],[-113.056913,45.228266],[-113.056952,45.227964]]}},{"type":"Feature","properties":{"id":"wat-b195","kind":"water","name":"French Creek","acres":null,"editable":false,"source":"USGS 3DHP flowlines (Channel Line)"},"geometry":{"type":"LineString","coordinates":[[-112.911852,45.385578],[-112.911659,45.385408]]}},{"type":"Feature","properties":{"id":"wat-b196","kind":"water","name":"Snyder Creek","acres":null,"editable":false,"source":"USGS 3DHP flowlines (Channel Line)"},"geometry":{"type":"LineString","coordinates":[[-113.11516,45.386168],[-113.114587,45.38597]]}},{"type":"Feature","properties":{"id":"wat-b197","kind":"water","name":"White Creek","acres":null,"editable":false,"source":"USGS 3DHP flowlines (Channel Line)"},"geometry":{"type":"LineString","coordinates":[[-113.025131,45.416123],[-113.026765,45.416231]]}},{"type":"Feature","properties":{"id":"wat-b198","kind":"water","name":"Reservoir Creek","acres":null,"editable":false,"source":"USGS 3DHP flowlines (Channel Line)"},"geometry":{"type":"LineString","coordinates":[[-113.049864,45.160915],[-113.049332,45.160967],[-113.048689,45.160769],[-113.047301,45.160588],[-113.046378,45.160072],[-113.046186,45.160037]]}},{"type":"Feature","properties":{"id":"wat-b199","kind":"water","name":"Ames Creek","acres":null,"editable":false,"source":"USGS 3DHP flowlines (Channel Line)"},"geometry":{"type":"LineString","coordinates":[[-113.203082,45.323235],[-113.202125,45.323504],[-113.201706,45.323535],[-113.200172,45.323321],[-113.198554,45.323593],[-113.197221,45.324295],[-113.196436,45.324961],[-113.19577,45.325734],[-113.195053,45.326266],[-113.194595,45.326522],[-113.193247,45.326888],[-113.191939,45.326958],[-113.191406,45.326873],[-113.190139,45.32709],[-113.189262,45.326972],[-113.186484,45.326857],[-113.184817,45.326593],[-113.183677,45.326901],[-113.18278,45.327039]]}},{"type":"Feature","properties":{"id":"wat-b200","kind":"water","name":"Creek","acres":null,"editable":false,"source":"USGS 3DHP flowlines (Channel Line)"},"geometry":{"type":"LineString","coordinates":[[-112.892924,45.202714],[-112.890938,45.203115],[-112.890015,45.203416],[-112.888535,45.204275],[-112.887665,45.204557],[-112.885834,45.205434],[-112.884804,45.205778],[-112.883339,45.206712],[-112.882774,45.206937],[-112.881905,45.206998],[-112.8815,45.207101],[-112.881027,45.207426],[-112.880638,45.207826],[-112.880234,45.208066],[-112.8796,45.208284],[-112.878754,45.208723],[-112.878014,45.208841],[-112.876541,45.209569],[-112.87537,45.20957],[-112.874214,45.20996],[-112.873888,45.210196],[-112.873493,45.210328],[-112.872887,45.21023],[-112.872336,45.21023],[-112.871607,45.210505],[-112.870474,45.210653],[-112.869333,45.211148],[-112.868534,45.211346],[-112.867983,45.211373],[-112.867463,45.211533],[-112.866881,45.211473],[-112.865011,45.211984],[-112.864298,45.212297],[-112.863382,45.212879],[-112.861737,45.213285],[-112.861319,45.213615],[-112.861,45.213725],[-112.860201,45.213917],[-112.859328,45.213962],[-112.858323,45.214154],[-112.857559,45.214143]]}},{"type":"Feature","properties":{"id":"wat-b201","kind":"water","name":"Buffalo Creek","acres":null,"editable":false,"source":"USGS 3DHP flowlines (Channel Line)"},"geometry":{"type":"LineString","coordinates":[[-113.048498,45.223293],[-113.048576,45.223438],[-113.048444,45.223553],[-113.04846,45.223827],[-113.048366,45.223887],[-113.047955,45.223827],[-113.04752,45.223887],[-113.046905,45.224121]]}},{"type":"Feature","properties":{"id":"wat-b202","kind":"water","name":"Creek","acres":null,"editable":false,"source":"USGS 3DHP flowlines (Channel Line)"},"geometry":{"type":"LineString","coordinates":[[-113.012788,45.324953],[-113.012991,45.324343]]}},{"type":"Feature","properties":{"id":"wat-b203","kind":"water","name":"Creek","acres":null,"editable":false,"source":"USGS 3DHP flowlines (Channel Line)"},"geometry":{"type":"LineString","coordinates":[[-113.030127,45.434253],[-113.030844,45.434365]]}},{"type":"Feature","properties":{"id":"wat-b204","kind":"water","name":"Creek","acres":null,"editable":false,"source":"USGS 3DHP flowlines (Channel Line)"},"geometry":{"type":"LineString","coordinates":[[-112.979618,45.397036],[-112.979352,45.396945],[-112.978406,45.396106],[-112.977849,45.395808],[-112.977513,45.395393],[-112.977521,45.395034],[-112.977101,45.394416],[-112.977002,45.393539],[-112.977752,45.391832],[-112.977682,45.391594],[-112.977122,45.39133],[-112.977422,45.390837],[-112.97745,45.390627],[-112.977425,45.390402],[-112.977151,45.390188],[-112.97727,45.389869]]}},{"type":"Feature","properties":{"id":"wat-b205","kind":"water","name":"Creek","acres":null,"editable":false,"source":"USGS 3DHP flowlines (Channel Line)"},"geometry":{"type":"LineString","coordinates":[[-112.946072,45.38729],[-112.946804,45.387115],[-112.94733,45.386768],[-112.947689,45.386199],[-112.94936,45.384498],[-112.951751,45.382556]]}},{"type":"Feature","properties":{"id":"wat-b206","kind":"water","name":"Creek","acres":null,"editable":false,"source":"USGS 3DHP flowlines (Channel Line)"},"geometry":{"type":"LineString","coordinates":[[-113.154619,45.1463],[-113.155237,45.145804],[-113.156344,45.145118],[-113.157206,45.144343],[-113.158465,45.143599],[-113.158625,45.142795],[-113.158201,45.141422]]}},{"type":"Feature","properties":{"id":"wat-b207","kind":"water","name":"Reservoir Creek","acres":null,"editable":false,"source":"USGS 3DHP flowlines (Channel Line)"},"geometry":{"type":"LineString","coordinates":[[-113.133027,45.14503],[-113.132234,45.145274],[-113.129373,45.145625],[-113.127175,45.146319],[-113.126679,45.146559],[-113.125808,45.146611],[-113.124048,45.147084],[-113.122062,45.147392]]}},{"type":"Feature","properties":{"id":"wat-b208","kind":"water","name":"Creek","acres":null,"editable":false,"source":"USGS 3DHP flowlines (Channel Line)"},"geometry":{"type":"LineString","coordinates":[[-112.879655,45.380699],[-112.879471,45.381687],[-112.878731,45.382642],[-112.877044,45.383922],[-112.875985,45.384545],[-112.87555,45.384707],[-112.872444,45.385342],[-112.870757,45.385806],[-112.870255,45.38607]]}},{"type":"Feature","properties":{"id":"wat-b209","kind":"water","name":"Swamp Creek","acres":null,"editable":false,"source":"USGS 3DHP flowlines (Channel Line)"},"geometry":{"type":"LineString","coordinates":[[-113.101224,45.233691],[-113.100796,45.234181],[-113.100369,45.234319],[-113.099278,45.234216],[-113.098804,45.233975]]}},{"type":"Feature","properties":{"id":"wat-b210","kind":"water","name":"Swamp Creek","acres":null,"editable":false,"source":"USGS 3DHP flowlines (Channel Line)"},"geometry":{"type":"LineString","coordinates":[[-113.150425,45.237645],[-113.149013,45.237793]]}},{"type":"Feature","properties":{"id":"wat-b211","kind":"water","name":"Abrams Creek","acres":null,"editable":false,"source":"USGS 3DHP flowlines (Channel Line)"},"geometry":{"type":"LineString","coordinates":[[-113.184623,45.318716],[-113.184395,45.318889]]}},{"type":"Feature","properties":{"id":"wat-b212","kind":"water","name":"Creek","acres":null,"editable":false,"source":"USGS 3DHP flowlines (Channel Line)"},"geometry":{"type":"LineString","coordinates":[[-113.134781,45.225773],[-113.133739,45.225642],[-113.132839,45.225344]]}},{"type":"Feature","properties":{"id":"wat-b213","kind":"water","name":"Buffalo Creek","acres":null,"editable":false,"source":"USGS 3DHP flowlines (Channel Line)"},"geometry":{"type":"LineString","coordinates":[[-113.060601,45.218574],[-113.059498,45.219066],[-113.056859,45.219807],[-113.055663,45.220262],[-113.055089,45.220597],[-113.054507,45.221123],[-113.053777,45.221178],[-113.053643,45.22105]]}},{"type":"Feature","properties":{"id":"wat-b214","kind":"water","name":"Dyce Creek","acres":null,"editable":false,"source":"USGS 3DHP flowlines (Channel Line)"},"geometry":{"type":"LineString","coordinates":[[-113.035476,45.26078],[-113.035294,45.259996],[-113.035359,45.259826]]}},{"type":"Feature","properties":{"id":"wat-b215","kind":"water","name":"Creek","acres":null,"editable":false,"source":"USGS 3DHP flowlines (Channel Line)"},"geometry":{"type":"LineString","coordinates":[[-113.16086,45.142261],[-113.159856,45.142305]]}},{"type":"Feature","properties":{"id":"wat-b216","kind":"water","name":"Creek","acres":null,"editable":false,"source":"USGS 3DHP flowlines (Channel Line)"},"geometry":{"type":"LineString","coordinates":[[-113.053103,45.211271],[-113.052748,45.211292]]}},{"type":"Feature","properties":{"id":"wat-b217","kind":"water","name":"Creek","acres":null,"editable":false,"source":"USGS 3DHP flowlines (Channel Line)"},"geometry":{"type":"LineString","coordinates":[[-112.926236,45.160904],[-112.926957,45.160608],[-112.927427,45.160571],[-112.928155,45.160322],[-112.928344,45.160348],[-112.928758,45.160009]]}},{"type":"Feature","properties":{"id":"wat-b218","kind":"water","name":"Brays Canyon Creek","acres":null,"editable":false,"source":"USGS 3DHP flowlines (Channel Line)"},"geometry":{"type":"LineString","coordinates":[[-113.156159,45.193771],[-113.156055,45.193759]]}},{"type":"Feature","properties":{"id":"wat-b219","kind":"water","name":"Creek","acres":null,"editable":false,"source":"USGS 3DHP flowlines (Channel Line)"},"geometry":{"type":"LineString","coordinates":[[-113.097255,45.411],[-113.097251,45.410686]]}},{"type":"Feature","properties":{"id":"wat-b220","kind":"water","name":"Creek","acres":null,"editable":false,"source":"USGS 3DHP flowlines (Channel Line)"},"geometry":{"type":"LineString","coordinates":[[-112.964398,45.29133],[-112.963643,45.29154],[-112.962903,45.291849],[-112.961896,45.292093],[-112.960003,45.292761],[-112.95908,45.293211],[-112.958813,45.293467],[-112.958272,45.29378],[-112.95702,45.294214],[-112.956397,45.294265]]}},{"type":"Feature","properties":{"id":"wat-b221","kind":"water","name":"Dyce Creek","acres":null,"editable":false,"source":"USGS 3DHP flowlines (Channel Line)"},"geometry":{"type":"LineString","coordinates":[[-113.049425,45.227365],[-113.050199,45.226523],[-113.050816,45.225153]]}},{"type":"Feature","properties":{"id":"wat-b222","kind":"water","name":"Creek","acres":null,"editable":false,"source":"USGS 3DHP flowlines (Channel Line)"},"geometry":{"type":"LineString","coordinates":[[-113.099527,45.408395],[-113.100091,45.407928]]}},{"type":"Feature","properties":{"id":"wat-b223","kind":"water","name":"French Creek","acres":null,"editable":false,"source":"USGS 3DHP flowlines (Channel Line)"},"geometry":{"type":"LineString","coordinates":[[-112.90008,45.337649],[-112.900463,45.336934],[-112.900902,45.336431],[-112.901841,45.335885],[-112.903472,45.334707],[-112.904321,45.333826],[-112.90532,45.333215],[-112.905859,45.333083],[-112.906259,45.332801],[-112.907083,45.332795],[-112.907342,45.332687],[-112.907553,45.332342],[-112.90788,45.332116],[-112.907732,45.331709],[-112.907778,45.331538]]}},{"type":"Feature","properties":{"id":"wat-b224","kind":"water","name":"Taylor Creek","acres":null,"editable":false,"source":"USGS 3DHP flowlines (Channel Line)"},"geometry":{"type":"LineString","coordinates":[[-112.99214,45.322134],[-112.991522,45.321177],[-112.990736,45.320246],[-112.990354,45.319426],[-112.989309,45.317824],[-112.989225,45.317412],[-112.98934,45.316645],[-112.9895,45.316248],[-112.989454,45.315668],[-112.989164,45.314951],[-112.988676,45.314555],[-112.987516,45.313067],[-112.987371,45.312468],[-112.987135,45.312048],[-112.987119,45.311446],[-112.986761,45.311034],[-112.986509,45.310423],[-112.986379,45.309366],[-112.986524,45.309],[-112.98641,45.308745],[-112.985754,45.308459],[-112.985143,45.308047],[-112.98509,45.307875],[-112.985212,45.30715],[-112.985008,45.306476],[-112.984538,45.305709],[-112.98427,45.304495],[-112.984251,45.303845],[-112.984976,45.301638],[-112.985372,45.300921],[-112.9854,45.300165],[-112.985093,45.299757]]}},{"type":"Feature","properties":{"id":"wat-b225","kind":"water","name":"Rattlesnake Creek","acres":null,"editable":false,"source":"USGS 3DHP flowlines (Channel Line)"},"geometry":{"type":"LineString","coordinates":[[-112.967312,45.37844],[-112.967549,45.378081],[-112.967503,45.377791],[-112.967343,45.37762]]}},{"type":"Feature","properties":{"id":"wat-b226","kind":"water","name":"Thief Creek","acres":null,"editable":false,"source":"USGS 3DHP flowlines (Channel Line)"},"geometry":{"type":"LineString","coordinates":[[-112.896279,45.419392],[-112.894807,45.420243],[-112.894249,45.420467],[-112.893411,45.420616],[-112.892526,45.420577],[-112.89139,45.420678],[-112.890839,45.420612],[-112.889901,45.420169],[-112.889275,45.419979],[-112.888483,45.419907],[-112.887979,45.419777],[-112.886552,45.419738],[-112.885155,45.419585],[-112.884431,45.419663],[-112.883881,45.420002],[-112.883592,45.420082],[-112.883271,45.420331],[-112.882722,45.420464],[-112.882188,45.420456],[-112.881401,45.420215],[-112.880234,45.420235],[-112.87964,45.420075],[-112.879365,45.420109],[-112.878013,45.42001],[-112.877121,45.420157],[-112.876488,45.420055],[-112.875902,45.419827]]}},{"type":"Feature","properties":{"id":"wat-b227","kind":"water","name":"Creek","acres":null,"editable":false,"source":"USGS 3DHP flowlines (Channel Line)"},"geometry":{"type":"LineString","coordinates":[[-113.091432,45.24025],[-113.090626,45.239463],[-113.090533,45.239096],[-113.089993,45.23872]]}},{"type":"Feature","properties":{"id":"wat-b228","kind":"water","name":"Creek","acres":null,"editable":false,"source":"USGS 3DHP flowlines (Channel Line)"},"geometry":{"type":"LineString","coordinates":[[-113.004561,45.320017],[-113.00437,45.319353],[-113.003867,45.318552],[-113.004416,45.314715],[-113.003661,45.313158],[-113.003607,45.312235],[-113.00276,45.311201],[-113.002455,45.310583],[-113.001837,45.310335],[-113.001471,45.309759],[-113.001166,45.309588],[-113.00112,45.309378],[-112.99864,45.307219],[-112.997,45.305514]]}},{"type":"Feature","properties":{"id":"wat-b229","kind":"water","name":"Creek","acres":null,"editable":false,"source":"USGS 3DHP flowlines (Channel Line)"},"geometry":{"type":"LineString","coordinates":[[-113.093074,45.248505],[-113.093188,45.248473]]}},{"type":"Feature","properties":{"id":"wat-b230","kind":"water","name":"Creek","acres":null,"editable":false,"source":"USGS 3DHP flowlines (Channel Line)"},"geometry":{"type":"LineString","coordinates":[[-113.158041,45.188184],[-113.157636,45.18806]]}},{"type":"Feature","properties":{"id":"wat-b231","kind":"water","name":"Rattlesnake Creek","acres":null,"editable":false,"source":"USGS 3DHP flowlines (Channel Line)"},"geometry":{"type":"LineString","coordinates":[[-112.950084,45.360289],[-112.94955,45.360259],[-112.949316,45.360142],[-112.948559,45.358846],[-112.948366,45.357881],[-112.947873,45.357683],[-112.947002,45.356498],[-112.947094,45.356131],[-112.946979,45.355903],[-112.946084,45.355319],[-112.946026,45.355158],[-112.946193,45.354877],[-112.94595,45.354058],[-112.946031,45.353878],[-112.946254,45.353713],[-112.9463,45.353526],[-112.946234,45.35289],[-112.946337,45.352302],[-112.946622,45.35209],[-112.946948,45.351259],[-112.946806,45.350957],[-112.946338,45.350482]]}},{"type":"Feature","properties":{"id":"wat-b232","kind":"water","name":"Creek","acres":null,"editable":false,"source":"USGS 3DHP flowlines (Channel Line)"},"geometry":{"type":"LineString","coordinates":[[-112.99993,45.361919],[-112.999593,45.361959]]}},{"type":"Feature","properties":{"id":"wat-b233","kind":"water","name":"Glidewell Creek","acres":null,"editable":false,"source":"USGS 3DHP flowlines (Channel Line)"},"geometry":{"type":"LineString","coordinates":[[-113.172522,45.261035],[-113.171828,45.261321],[-113.171217,45.261405],[-113.169623,45.261958],[-113.168959,45.261916],[-113.167944,45.262118],[-113.165854,45.262316],[-113.16519,45.262168],[-113.163416,45.262161],[-113.162778,45.262316],[-113.16143,45.262838],[-113.160726,45.262825],[-113.159002,45.262153],[-113.158571,45.262099],[-113.158042,45.262177],[-113.157313,45.262507],[-113.1565,45.262291],[-113.155221,45.261763],[-113.154729,45.261672],[-113.154223,45.261632],[-113.153605,45.261749],[-113.151563,45.261683],[-113.151021,45.261771],[-113.150564,45.261935],[-113.149986,45.261824],[-113.149502,45.261985],[-113.148229,45.262187],[-113.1467,45.262532],[-113.145681,45.263088],[-113.144519,45.263319],[-113.142349,45.264286],[-113.138593,45.264929]]}},{"type":"Feature","properties":{"id":"wat-b234","kind":"water","name":"Rattlesnake Creek","acres":null,"editable":false,"source":"USGS 3DHP flowlines (Channel Line)"},"geometry":{"type":"LineString","coordinates":[[-112.877868,45.287188],[-112.877617,45.287027],[-112.877352,45.286543]]}},{"type":"Feature","properties":{"id":"wat-b235","kind":"water","name":"Creek","acres":null,"editable":false,"source":"USGS 3DHP flowlines (Channel Line)"},"geometry":{"type":"LineString","coordinates":[[-113.057915,45.211765],[-113.057441,45.211809],[-113.056556,45.212291],[-113.055462,45.212736],[-113.054841,45.212851]]}},{"type":"Feature","properties":{"id":"wat-b236","kind":"water","name":"Creek","acres":null,"editable":false,"source":"USGS 3DHP flowlines (Channel Line)"},"geometry":{"type":"LineString","coordinates":[[-112.980321,45.421031],[-112.978833,45.421981],[-112.977818,45.422474],[-112.977262,45.422553],[-112.976872,45.42274],[-112.974179,45.42516],[-112.972623,45.426144],[-112.9725,45.42633],[-112.972554,45.426689],[-112.973355,45.427493],[-112.973646,45.42791],[-112.974277,45.428454]]}},{"type":"Feature","properties":{"id":"wat-b237","kind":"water","name":"Reservoir Creek","acres":null,"editable":false,"source":"USGS 3DHP flowlines (Channel Line)"},"geometry":{"type":"LineString","coordinates":[[-113.140283,45.14326],[-113.139513,45.143373]]}},{"type":"Feature","properties":{"id":"wat-b238","kind":"water","name":"Taylor Creek","acres":null,"editable":false,"source":"USGS 3DHP flowlines (Channel Line)"},"geometry":{"type":"LineString","coordinates":[[-112.98499,45.299621],[-112.984241,45.29885],[-112.982977,45.298384]]}},{"type":"Feature","properties":{"id":"wat-b239","kind":"water","name":"Creek","acres":null,"editable":false,"source":"USGS 3DHP flowlines (Channel Line)"},"geometry":{"type":"LineString","coordinates":[[-113.158275,45.188321],[-113.158041,45.188184]]}},{"type":"Feature","properties":{"id":"wat-b240","kind":"water","name":"Reservoir Creek","acres":null,"editable":false,"source":"USGS 3DHP flowlines (Channel Line)"},"geometry":{"type":"LineString","coordinates":[[-113.06239,45.163944],[-113.062057,45.163996]]}},{"type":"Feature","properties":{"id":"wat-b241","kind":"water","name":"East Fork Pole Creek","acres":null,"editable":false,"source":"USGS 3DHP flowlines (Channel Line)"},"geometry":{"type":"LineString","coordinates":[[-113.204444,45.374552],[-113.203792,45.373563],[-113.202718,45.372573],[-113.201518,45.371677],[-113.199655,45.370612]]}},{"type":"Feature","properties":{"id":"wat-b242","kind":"water","name":"Taylor Creek","acres":null,"editable":false,"source":"USGS 3DHP flowlines (Channel Line)"},"geometry":{"type":"LineString","coordinates":[[-113.023417,45.189924],[-113.023493,45.189706],[-113.023796,45.189553],[-113.024153,45.189223],[-113.024649,45.189169],[-113.024913,45.189229],[-113.025759,45.188593],[-113.026171,45.18839],[-113.026256,45.188264],[-113.026737,45.188028],[-113.027218,45.187957],[-113.027637,45.187716],[-113.028832,45.187239],[-113.030469,45.187042],[-113.031152,45.186763],[-113.031579,45.186735],[-113.031804,45.186609],[-113.032688,45.186659],[-113.033068,45.186593],[-113.033394,45.186758],[-113.034045,45.186741],[-113.034689,45.186884],[-113.035341,45.186802],[-113.036186,45.18695],[-113.036551,45.186846],[-113.036885,45.186967],[-113.037723,45.187004]]}},{"type":"Feature","properties":{"id":"wat-b243","kind":"water","name":"Creek","acres":null,"editable":false,"source":"USGS 3DHP flowlines (Channel Line)"},"geometry":{"type":"LineString","coordinates":[[-112.903444,45.240432],[-112.90318,45.240625],[-112.902863,45.240687]]}},{"type":"Feature","properties":{"id":"wat-b244","kind":"water","name":"Creek","acres":null,"editable":false,"source":"USGS 3DHP flowlines (Channel Line)"},"geometry":{"type":"LineString","coordinates":[[-112.990662,45.396604],[-112.990285,45.396777],[-112.989019,45.397678],[-112.988615,45.397834],[-112.987912,45.397937]]}},{"type":"Feature","properties":{"id":"wat-b245","kind":"water","name":"Creek","acres":null,"editable":false,"source":"USGS 3DHP flowlines (Channel Line)"},"geometry":{"type":"LineString","coordinates":[[-113.023779,45.412583],[-113.024337,45.412711],[-113.025321,45.413074],[-113.025832,45.413371],[-113.028106,45.413802],[-113.029186,45.414245]]}},{"type":"Feature","properties":{"id":"wat-b246","kind":"water","name":"White Creek","acres":null,"editable":false,"source":"USGS 3DHP flowlines (Channel Line)"},"geometry":{"type":"LineString","coordinates":[[-113.106262,45.402992],[-113.106845,45.402778],[-113.1076,45.402282],[-113.108852,45.401767],[-113.109737,45.400806],[-113.11105,45.400759]]}},{"type":"Feature","properties":{"id":"wat-b247","kind":"water","name":"Creek","acres":null,"editable":false,"source":"USGS 3DHP flowlines (Channel Line)"},"geometry":{"type":"LineString","coordinates":[[-113.081285,45.420627],[-113.083506,45.418895],[-113.083956,45.418658],[-113.084719,45.418498],[-113.085337,45.41796],[-113.086535,45.417232],[-113.087054,45.417102],[-113.088557,45.417129],[-113.089327,45.416995],[-113.089785,45.416811]]}},{"type":"Feature","properties":{"id":"wat-b248","kind":"water","name":"Snyder Creek","acres":null,"editable":false,"source":"USGS 3DHP flowlines (Channel Line)"},"geometry":{"type":"LineString","coordinates":[[-113.11267,45.385175],[-113.112199,45.385186]]}},{"type":"Feature","properties":{"id":"wat-b249","kind":"water","name":"Middle Creek","acres":null,"editable":false,"source":"USGS 3DHP flowlines (Channel Line)"},"geometry":{"type":"LineString","coordinates":[[-113.159048,45.309241],[-113.158267,45.309434]]}},{"type":"Feature","properties":{"id":"wat-b250","kind":"water","name":"Cottonwood Creek","acres":null,"editable":false,"source":"USGS 3DHP flowlines (Channel Line)"},"geometry":{"type":"LineString","coordinates":[[-113.039779,45.230274],[-113.040059,45.230014],[-113.040377,45.229498],[-113.041914,45.228492]]}},{"type":"Feature","properties":{"id":"wat-b251","kind":"water","name":"Creek","acres":null,"editable":false,"source":"USGS 3DHP flowlines (Channel Line)"},"geometry":{"type":"LineString","coordinates":[[-113.144534,45.247066],[-113.144307,45.246932]]}},{"type":"Feature","properties":{"id":"wat-b252","kind":"water","name":"Lake Creek","acres":null,"editable":false,"source":"USGS 3DHP flowlines (Channel Line)"},"geometry":{"type":"LineString","coordinates":[[-113.027361,45.401204],[-113.02756,45.40112]]}},{"type":"Feature","properties":{"id":"wat-b253","kind":"water","name":"Straight Fork Buffalo Creek","acres":null,"editable":false,"source":"USGS 3DHP flowlines (Channel Line)"},"geometry":{"type":"LineString","coordinates":[[-113.200958,45.157782],[-113.19973,45.157906]]}},{"type":"Feature","properties":{"id":"wat-b254","kind":"water","name":"Creek","acres":null,"editable":false,"source":"USGS 3DHP flowlines (Channel Line)"},"geometry":{"type":"LineString","coordinates":[[-113.114106,45.417287],[-113.114055,45.417262]]}},{"type":"Feature","properties":{"id":"wat-b255","kind":"water","name":"Cat Creek","acres":null,"editable":false,"source":"USGS 3DHP flowlines (Channel Line)"},"geometry":{"type":"LineString","coordinates":[[-112.973134,45.352294],[-112.972859,45.352317],[-112.970769,45.351996],[-112.970349,45.351832],[-112.967511,45.350283],[-112.964215,45.34952],[-112.963635,45.349265],[-112.962719,45.348689],[-112.962179,45.34851]]}},{"type":"Feature","properties":{"id":"wat-b256","kind":"water","name":"Thief Creek","acres":null,"editable":false,"source":"USGS 3DHP flowlines (Channel Line)"},"geometry":{"type":"LineString","coordinates":[[-112.926799,45.4184],[-112.92425,45.418017],[-112.921191,45.417804],[-112.919511,45.417804],[-112.916903,45.417657],[-112.914301,45.417682],[-112.91334,45.41761],[-112.910639,45.417851],[-112.909167,45.417832],[-112.908022,45.41795],[-112.907068,45.417888],[-112.906396,45.417678],[-112.905886,45.417637],[-112.903932,45.417937],[-112.902872,45.418304],[-112.90017,45.419044],[-112.898867,45.41917],[-112.898188,45.41948],[-112.896859,45.419506],[-112.89654,45.419368],[-112.896279,45.419392]]}},{"type":"Feature","properties":{"id":"wat-b257","kind":"water","name":"Creek","acres":null,"editable":false,"source":"USGS 3DHP flowlines (Channel Line)"},"geometry":{"type":"LineString","coordinates":[[-113.089766,45.237319],[-113.089529,45.237141],[-113.089118,45.237085],[-113.088508,45.23667],[-113.088348,45.236613],[-113.088144,45.236694]]}},{"type":"Feature","properties":{"id":"wat-b258","kind":"water","name":"Hayes Creek","acres":null,"editable":false,"source":"USGS 3DHP flowlines (Channel Line)"},"geometry":{"type":"LineString","coordinates":[[-113.115965,45.21987],[-113.114392,45.220281]]}},{"type":"Feature","properties":{"id":"wat-b259","kind":"water","name":"Creek","acres":null,"editable":false,"source":"USGS 3DHP flowlines (Channel Line)"},"geometry":{"type":"LineString","coordinates":[[-113.061524,45.211046],[-113.060809,45.211452],[-113.060212,45.211596]]}},{"type":"Feature","properties":{"id":"wat-b260","kind":"water","name":"Neagle Creek","acres":null,"editable":false,"source":"USGS 3DHP flowlines (Channel Line)"},"geometry":{"type":"LineString","coordinates":[[-113.142023,45.383702],[-113.141829,45.383583]]}},{"type":"Feature","properties":{"id":"wat-b261","kind":"water","name":"Creek","acres":null,"editable":false,"source":"USGS 3DHP flowlines (Channel Line)"},"geometry":{"type":"LineString","coordinates":[[-112.981547,45.135499],[-112.981211,45.135328],[-112.980639,45.13519],[-112.979441,45.135194],[-112.976786,45.135309],[-112.975641,45.135648],[-112.974947,45.135774],[-112.974268,45.135621],[-112.971796,45.136224],[-112.970339,45.13669],[-112.969721,45.137048],[-112.968866,45.137304],[-112.96747,45.13738],[-112.966829,45.137502],[-112.966165,45.137792],[-112.965898,45.138261],[-112.965609,45.139222],[-112.964617,45.139852],[-112.964296,45.140199],[-112.963807,45.140499]]}},{"type":"Feature","properties":{"id":"wat-b262","kind":"water","name":"Rattlesnake Creek","acres":null,"editable":false,"source":"USGS 3DHP flowlines (Channel Line)"},"geometry":{"type":"LineString","coordinates":[[-112.984291,45.405374],[-112.983739,45.405547],[-112.98303,45.40594],[-112.982595,45.406017],[-112.982114,45.405742],[-112.981992,45.405574],[-112.981221,45.405532],[-112.980155,45.405119]]}},{"type":"Feature","properties":{"id":"wat-b263","kind":"water","name":"Creek","acres":null,"editable":false,"source":"USGS 3DHP flowlines (Channel Line)"},"geometry":{"type":"LineString","coordinates":[[-113.041239,45.223516],[-113.041403,45.223382]]}},{"type":"Feature","properties":{"id":"wat-b264","kind":"water","name":"Buffalo Creek","acres":null,"editable":false,"source":"USGS 3DHP flowlines (Channel Line)"},"geometry":{"type":"LineString","coordinates":[[-113.05061,45.222758],[-113.050096,45.222959]]}},{"type":"Feature","properties":{"id":"wat-b265","kind":"water","name":"Clark Creek","acres":null,"editable":false,"source":"USGS 3DHP flowlines (Channel Line)"},"geometry":{"type":"LineString","coordinates":[[-113.104163,45.416769],[-113.104621,45.416298],[-113.105163,45.415984],[-113.106105,45.41511],[-113.107247,45.41476],[-113.108215,45.414282]]}},{"type":"Feature","properties":{"id":"wat-b266","kind":"water","name":"Creek","acres":null,"editable":false,"source":"USGS 3DHP flowlines (Channel Line)"},"geometry":{"type":"LineString","coordinates":[[-112.908823,45.371139],[-112.907541,45.369918],[-112.904787,45.369075],[-112.903963,45.368522],[-112.902071,45.367011],[-112.899812,45.3656],[-112.899339,45.364852],[-112.899126,45.363696]]}},{"type":"Feature","properties":{"id":"wat-b267","kind":"water","name":"East Fork Pole Creek","acres":null,"editable":false,"source":"USGS 3DHP flowlines (Channel Line)"},"geometry":{"type":"LineString","coordinates":[[-113.199119,45.393813],[-113.199783,45.393222],[-113.199821,45.392631],[-113.199989,45.392188],[-113.200439,45.391811],[-113.200546,45.391589],[-113.200462,45.391101],[-113.20002,45.390487],[-113.200271,45.39009],[-113.200294,45.389892],[-113.199966,45.388736],[-113.200363,45.387481],[-113.199974,45.386264],[-113.199821,45.385417],[-113.199974,45.384704],[-113.200531,45.383777],[-113.201324,45.382968],[-113.202011,45.382529],[-113.203415,45.382011],[-113.20443,45.38119],[-113.204903,45.380664],[-113.205292,45.379855],[-113.205551,45.378818],[-113.205711,45.377242],[-113.205383,45.376048],[-113.205058,45.375793],[-113.204728,45.375083]]}},{"type":"Feature","properties":{"id":"wat-b268","kind":"water","name":"Creek","acres":null,"editable":false,"source":"USGS 3DHP flowlines (Channel Line)"},"geometry":{"type":"LineString","coordinates":[[-113.020185,45.241271],[-113.020791,45.24058],[-113.021451,45.24007],[-113.022026,45.239796],[-113.022694,45.239291],[-113.023812,45.238902],[-113.024387,45.23859],[-113.026764,45.236665],[-113.026951,45.236352],[-113.027029,45.235694],[-113.027371,45.235184],[-113.02765,45.234399],[-113.027876,45.234103],[-113.029041,45.233473],[-113.029499,45.233116],[-113.030532,45.232809],[-113.031371,45.232058],[-113.032838,45.231378],[-113.03391,45.231099],[-113.0345,45.230792],[-113.035471,45.229936],[-113.035836,45.229371],[-113.03662,45.228932],[-113.037024,45.228192],[-113.037769,45.227616],[-113.037855,45.22734],[-113.039602,45.226212],[-113.040018,45.225855]]}},{"type":"Feature","properties":{"id":"wat-b269","kind":"water","name":"Creek","acres":null,"editable":false,"source":"USGS 3DHP flowlines (Channel Line)"},"geometry":{"type":"LineString","coordinates":[[-113.158989,45.141549],[-113.158566,45.141391],[-113.158201,45.141422]]}},{"type":"Feature","properties":{"id":"wat-b270","kind":"water","name":"Rattlesnake Creek","acres":null,"editable":false,"source":"USGS 3DHP flowlines (Channel Line)"},"geometry":{"type":"LineString","coordinates":[[-112.877352,45.286543],[-112.877282,45.286272]]}},{"type":"Feature","properties":{"id":"wat-b271","kind":"water","name":"French Creek","acres":null,"editable":false,"source":"USGS 3DHP flowlines (Channel Line)"},"geometry":{"type":"LineString","coordinates":[[-112.904839,45.381155],[-112.90381,45.3805],[-112.903352,45.379909],[-112.902771,45.379424],[-112.902499,45.379013],[-112.901326,45.378255],[-112.900624,45.377461]]}},{"type":"Feature","properties":{"id":"wat-b272","kind":"water","name":"Neagle Creek","acres":null,"editable":false,"source":"USGS 3DHP flowlines (Channel Line)"},"geometry":{"type":"LineString","coordinates":[[-113.141829,45.383583],[-113.140538,45.382602]]}},{"type":"Feature","properties":{"id":"wat-b273","kind":"water","name":"South Fork Hayes Creek","acres":null,"editable":false,"source":"USGS 3DHP flowlines (Channel Line)"},"geometry":{"type":"LineString","coordinates":[[-113.144739,45.212788],[-113.144421,45.212855]]}},{"type":"Feature","properties":{"id":"wat-b274","kind":"water","name":"Lake Creek","acres":null,"editable":false,"source":"USGS 3DHP flowlines (Channel Line)"},"geometry":{"type":"LineString","coordinates":[[-113.015807,45.39722],[-113.016585,45.397681],[-113.017051,45.398166],[-113.017157,45.398685],[-113.017104,45.399467],[-113.017531,45.400153],[-113.018134,45.400523],[-113.018691,45.400672],[-113.019217,45.400699],[-113.019996,45.401012]]}},{"type":"Feature","properties":{"id":"wat-b275","kind":"water","name":"Creek","acres":null,"editable":false,"source":"USGS 3DHP flowlines (Channel Line)"},"geometry":{"type":"LineString","coordinates":[[-112.984361,45.402263],[-112.983075,45.401695],[-112.981931,45.401443],[-112.980161,45.401443],[-112.979894,45.401527],[-112.97952,45.401996],[-112.978864,45.40224],[-112.978551,45.402646]]}},{"type":"Feature","properties":{"id":"wat-b276","kind":"water","name":"Left Fork Swamp Creek","acres":null,"editable":false,"source":"USGS 3DHP flowlines (Channel Line)"},"geometry":{"type":"LineString","coordinates":[[-113.196122,45.245916],[-113.194503,45.245211],[-113.193511,45.245044],[-113.192763,45.24483],[-113.190871,45.24454],[-113.188811,45.244452],[-113.187079,45.244498],[-113.186011,45.244189],[-113.18402,45.243796],[-113.182959,45.243697],[-113.181387,45.243354],[-113.180632,45.243334],[-113.179388,45.242922],[-113.17816,45.242652],[-113.177954,45.242507],[-113.177458,45.242362],[-113.176558,45.242209],[-113.175902,45.241854],[-113.175459,45.241423],[-113.174994,45.240645],[-113.174627,45.240241],[-113.174109,45.23931],[-113.173201,45.238288],[-113.172499,45.23778],[-113.171904,45.237155],[-113.17098,45.23651],[-113.169828,45.236087],[-113.169218,45.235945],[-113.168989,45.235957],[-113.167577,45.236434],[-113.166357,45.236994]]}},{"type":"Feature","properties":{"id":"wat-b277","kind":"water","name":"White Creek","acres":null,"editable":false,"source":"USGS 3DHP flowlines (Channel Line)"},"geometry":{"type":"LineString","coordinates":[[-113.017531,45.416095],[-113.018027,45.415805],[-113.018615,45.415714],[-113.018973,45.415801],[-113.020011,45.416293],[-113.021361,45.416324],[-113.022017,45.416484],[-113.022758,45.416778],[-113.023244,45.416826]]}},{"type":"Feature","properties":{"id":"wat-b278","kind":"water","name":"Billings Creek","acres":null,"editable":false,"source":"USGS 3DHP flowlines (Channel Line)"},"geometry":{"type":"LineString","coordinates":[[-113.044434,45.370433],[-113.045288,45.370425],[-113.046845,45.370116],[-113.047776,45.370067],[-113.048172,45.370116],[-113.049279,45.370379],[-113.050355,45.370936],[-113.051659,45.371455],[-113.052476,45.371509],[-113.054192,45.371158],[-113.056855,45.370459],[-113.058053,45.370242],[-113.059403,45.370334],[-113.060708,45.37025]]}},{"type":"Feature","properties":{"id":"wat-b279","kind":"water","name":"Kearns Creek","acres":null,"editable":false,"source":"USGS 3DHP flowlines (Channel Line)"},"geometry":{"type":"LineString","coordinates":[[-112.946583,45.309519],[-112.946331,45.309237],[-112.944813,45.308241],[-112.94408,45.308096],[-112.943187,45.307677],[-112.942798,45.306837],[-112.942638,45.306651],[-112.942112,45.306364],[-112.942013,45.305983]]}},{"type":"Feature","properties":{"id":"wat-b280","kind":"water","name":"Creek","acres":null,"editable":false,"source":"USGS 3DHP flowlines (Channel Line)"},"geometry":{"type":"LineString","coordinates":[[-112.990302,45.362622],[-112.990099,45.362579]]}},{"type":"Feature","properties":{"id":"wat-b281","kind":"water","name":"Dyce Creek","acres":null,"editable":false,"source":"USGS 3DHP flowlines (Channel Line)"},"geometry":{"type":"LineString","coordinates":[[-113.035468,45.263933],[-113.035601,45.263681],[-113.035428,45.263383]]}},{"type":"Feature","properties":{"id":"wat-b282","kind":"water","name":"West Fork Dyce Creek","acres":null,"editable":false,"source":"USGS 3DHP flowlines (Channel Line)"},"geometry":{"type":"LineString","coordinates":[[-113.046188,45.318181],[-113.046059,45.317782],[-113.046204,45.317522],[-113.046197,45.31716],[-113.045945,45.316443],[-113.045418,45.315478],[-113.045052,45.315234],[-113.044892,45.314974],[-113.044793,45.313589],[-113.044892,45.312502],[-113.044739,45.311789],[-113.044426,45.31119],[-113.044311,45.310519]]}},{"type":"Feature","properties":{"id":"wat-b283","kind":"water","name":"Reservoir Creek","acres":null,"editable":false,"source":"USGS 3DHP flowlines (Channel Line)"},"geometry":{"type":"LineString","coordinates":[[-113.121263,45.147787],[-113.121011,45.148023],[-113.119833,45.148408],[-113.119332,45.148499]]}},{"type":"Feature","properties":{"id":"wat-b284","kind":"water","name":"Creek","acres":null,"editable":false,"source":"USGS 3DHP flowlines (Channel Line)"},"geometry":{"type":"LineString","coordinates":[[-113.073389,45.406142],[-113.074275,45.406803]]}},{"type":"Feature","properties":{"id":"wat-b285","kind":"water","name":"Creek","acres":null,"editable":false,"source":"USGS 3DHP flowlines (Channel Line)"},"geometry":{"type":"LineString","coordinates":[[-113.039675,45.415544],[-113.040053,45.415319]]}},{"type":"Feature","properties":{"id":"wat-b286","kind":"water","name":"Creek","acres":null,"editable":false,"source":"USGS 3DHP flowlines (Channel Line)"},"geometry":{"type":"LineString","coordinates":[[-113.205368,45.327013],[-113.20301,45.327487],[-113.201401,45.328311],[-113.199562,45.328734],[-113.198845,45.328822]]}},{"type":"Feature","properties":{"id":"wat-b287","kind":"water","name":"Creek","acres":null,"editable":false,"source":"USGS 3DHP flowlines (Channel Line)"},"geometry":{"type":"LineString","coordinates":[[-113.018898,45.16992],[-113.018591,45.169977],[-113.018083,45.16985],[-113.017578,45.169971],[-113.017475,45.169832],[-113.017744,45.169587],[-113.017712,45.169417],[-113.017561,45.169434],[-113.01736,45.169625],[-113.017,45.169649],[-113.016631,45.169398],[-113.015878,45.169322],[-113.015736,45.169153],[-113.015821,45.168933]]}},{"type":"Feature","properties":{"id":"wat-b288","kind":"water","name":"North Fork Hayes Creek","acres":null,"editable":false,"source":"USGS 3DHP flowlines (Channel Line)"},"geometry":{"type":"LineString","coordinates":[[-113.188562,45.228413],[-113.185354,45.226764],[-113.182402,45.225775],[-113.181173,45.225192],[-113.180334,45.22499],[-113.178922,45.224467],[-113.176389,45.22312],[-113.176,45.222785],[-113.175497,45.222628],[-113.17407,45.222422],[-113.17288,45.222151],[-113.171987,45.222041],[-113.171209,45.222136],[-113.170034,45.222037],[-113.165563,45.222914],[-113.164457,45.222953],[-113.163243,45.222823],[-113.161923,45.22283],[-113.161283,45.222636],[-113.159779,45.222579],[-113.158681,45.222369],[-113.157323,45.221953],[-113.156377,45.22193],[-113.155667,45.222003],[-113.155011,45.222224],[-113.154286,45.222098],[-113.151227,45.222586],[-113.149212,45.222739],[-113.14851,45.222605],[-113.14803,45.22264],[-113.146099,45.222495],[-113.14436,45.22217],[-113.142368,45.221644],[-113.141316,45.221118],[-113.140072,45.220969],[-113.138622,45.220408],[-113.135998,45.220023]]}},{"type":"Feature","properties":{"id":"wat-b289","kind":"water","name":"Creek","acres":null,"editable":false,"source":"USGS 3DHP flowlines (Channel Line)"},"geometry":{"type":"LineString","coordinates":[[-113.028053,45.440479],[-113.028541,45.440158],[-113.029037,45.439964],[-113.029464,45.439617],[-113.029823,45.439548],[-113.030563,45.439151],[-113.030662,45.439044],[-113.030578,45.438926],[-113.030631,45.438739],[-113.031242,45.438381],[-113.031448,45.437778],[-113.031768,45.437522],[-113.031898,45.437255],[-113.031906,45.436893],[-113.031768,45.436721],[-113.031562,45.436019],[-113.031936,45.435497],[-113.032646,45.435131],[-113.033065,45.435089],[-113.033477,45.435146],[-113.034378,45.434982]]}},{"type":"Feature","properties":{"id":"wat-b290","kind":"water","name":"Creek","acres":null,"editable":false,"source":"USGS 3DHP flowlines (Channel Line)"},"geometry":{"type":"LineString","coordinates":[[-113.135678,45.243505],[-113.135317,45.243495],[-113.135097,45.243624],[-113.134978,45.243565],[-113.134714,45.243651],[-113.134126,45.243567],[-113.133588,45.243795],[-113.132924,45.24385],[-113.132116,45.244101],[-113.131437,45.244093]]}},{"type":"Feature","properties":{"id":"wat-b291","kind":"water","name":"Creek","acres":null,"editable":false,"source":"USGS 3DHP flowlines (Channel Line)"},"geometry":{"type":"LineString","coordinates":[[-113.136669,45.226984],[-113.136021,45.22737],[-113.135876,45.227332],[-113.135596,45.227048],[-113.135544,45.226326],[-113.134907,45.225979],[-113.134781,45.225773]]}},{"type":"Feature","properties":{"id":"wat-b292","kind":"water","name":"Cold Spring Creek","acres":null,"editable":false,"source":"USGS 3DHP flowlines (Channel Line)"},"geometry":{"type":"LineString","coordinates":[[-112.934043,45.167614],[-112.93422,45.167126]]}},{"type":"Feature","properties":{"id":"wat-b293","kind":"water","name":"Creek","acres":null,"editable":false,"source":"USGS 3DHP flowlines (Channel Line)"},"geometry":{"type":"LineString","coordinates":[[-113.03377,45.26861],[-113.034012,45.268541]]}},{"type":"Feature","properties":{"id":"wat-b294","kind":"water","name":"Creek","acres":null,"editable":false,"source":"USGS 3DHP flowlines (Channel Line)"},"geometry":{"type":"LineString","coordinates":[[-113.154866,45.187552],[-113.154587,45.187489]]}},{"type":"Feature","properties":{"id":"wat-b295","kind":"water","name":"Rattlesnake Creek","acres":null,"editable":false,"source":"USGS 3DHP flowlines (Channel Line)"},"geometry":{"type":"LineString","coordinates":[[-112.944045,45.327796],[-112.943726,45.327423]]}},{"type":"Feature","properties":{"id":"wat-b296","kind":"water","name":"East Fork Pole Creek","acres":null,"editable":false,"source":"USGS 3DHP flowlines (Channel Line)"},"geometry":{"type":"LineString","coordinates":[[-113.199655,45.370612],[-113.19914,45.370347]]}},{"type":"Feature","properties":{"id":"wat-b297","kind":"water","name":"Creek","acres":null,"editable":false,"source":"USGS 3DHP flowlines (Channel Line)"},"geometry":{"type":"LineString","coordinates":[[-112.970134,45.38541],[-112.969851,45.385184]]}},{"type":"Feature","properties":{"id":"wat-b298","kind":"water","name":"Shale Creek","acres":null,"editable":false,"source":"USGS 3DHP flowlines (Channel Line)"},"geometry":{"type":"LineString","coordinates":[[-113.167558,45.42838],[-113.166961,45.427871]]}},{"type":"Feature","properties":{"id":"wat-b299","kind":"water","name":"Creek","acres":null,"editable":false,"source":"USGS 3DHP flowlines (Channel Line)"},"geometry":{"type":"LineString","coordinates":[[-112.994865,45.395515],[-112.994058,45.395468]]}},{"type":"Feature","properties":{"id":"wat-b300","kind":"water","name":"Jager Creek","acres":null,"editable":false,"source":"USGS 3DHP flowlines (Channel Line)"},"geometry":{"type":"LineString","coordinates":[[-113.182845,45.378326],[-113.182143,45.377864],[-113.179885,45.376716],[-113.177588,45.375064],[-113.176894,45.374797],[-113.176055,45.374248],[-113.174918,45.373065],[-113.173239,45.37086],[-113.173102,45.370547],[-113.173201,45.370044],[-113.173079,45.369674],[-113.172804,45.369208],[-113.172484,45.368789],[-113.172148,45.368537],[-113.171957,45.368205],[-113.171454,45.366931],[-113.17121,45.365924],[-113.170134,45.364642],[-113.16963,45.364329],[-113.169134,45.363826],[-113.168432,45.363338],[-113.167677,45.362605],[-113.166533,45.361678],[-113.164122,45.360476],[-113.162054,45.359775],[-113.160673,45.359435],[-113.158338,45.359237],[-113.156136,45.359433]]}},{"type":"Feature","properties":{"id":"wat-b301","kind":"water","name":"Pole Creek","acres":null,"editable":false,"source":"USGS 3DHP flowlines (Channel Line)"},"geometry":{"type":"LineString","coordinates":[[-113.192375,45.360419],[-113.191986,45.360034],[-113.191039,45.359508],[-113.190185,45.359244],[-113.187644,45.358211],[-113.18579,45.357593],[-113.183875,45.356799],[-113.182944,45.356505],[-113.181922,45.356032],[-113.18035,45.355041],[-113.178893,45.354239],[-113.177214,45.353118],[-113.175673,45.352511],[-113.173361,45.350921],[-113.17047,45.349212],[-113.167998,45.348285],[-113.167242,45.348117],[-113.166479,45.347842],[-113.165892,45.347739],[-113.164373,45.347194],[-113.163359,45.346618],[-113.162649,45.346324],[-113.161581,45.34529],[-113.160444,45.344382],[-113.159544,45.343882],[-113.158429,45.343496]]}},{"type":"Feature","properties":{"id":"wat-b302","kind":"water","name":"West Fork Dyce Creek","acres":null,"editable":false,"source":"USGS 3DHP flowlines (Channel Line)"},"geometry":{"type":"LineString","coordinates":[[-113.045578,45.32148],[-113.045669,45.320661],[-113.04558,45.319438]]}},{"type":"Feature","properties":{"id":"wat-b303","kind":"water","name":"Creek","acres":null,"editable":false,"source":"USGS 3DHP flowlines (Channel Line)"},"geometry":{"type":"LineString","coordinates":[[-113.021102,45.361415],[-113.020263,45.362147],[-113.019897,45.362334],[-113.019141,45.362429],[-113.018241,45.362849],[-113.017498,45.362877]]}},{"type":"Feature","properties":{"id":"wat-b304","kind":"water","name":"Creek","acres":null,"editable":false,"source":"USGS 3DHP flowlines (Channel Line)"},"geometry":{"type":"LineString","coordinates":[[-113.00643,45.418994],[-113.00617,45.418937],[-113.005522,45.418974],[-113.004607,45.418723],[-113.003325,45.418566],[-113.002821,45.418388],[-113.001677,45.418166]]}},{"type":"Feature","properties":{"id":"wat-b305","kind":"water","name":"Reservoir Creek","acres":null,"editable":false,"source":"USGS 3DHP flowlines (Channel Line)"},"geometry":{"type":"LineString","coordinates":[[-113.053555,45.163081],[-113.053225,45.162619]]}},{"type":"Feature","properties":{"id":"wat-b306","kind":"water","name":"Creek","acres":null,"editable":false,"source":"USGS 3DHP flowlines (Channel Line)"},"geometry":{"type":"LineString","coordinates":[[-113.127842,45.250235],[-113.126489,45.251368]]}},{"type":"Feature","properties":{"id":"wat-b307","kind":"water","name":"Rattlesnake Creek","acres":null,"editable":false,"source":"USGS 3DHP flowlines (Channel Line)"},"geometry":{"type":"LineString","coordinates":[[-112.885861,45.28943],[-112.885635,45.289395],[-112.885481,45.289454],[-112.884928,45.28927],[-112.883863,45.289121],[-112.881317,45.288496],[-112.880894,45.288336],[-112.88071,45.288175],[-112.880198,45.288098],[-112.880115,45.287896],[-112.879907,45.287765],[-112.878723,45.287432],[-112.878206,45.287438],[-112.877868,45.287188]]}},{"type":"Feature","properties":{"id":"wat-b308","kind":"water","name":"Dyce Creek","acres":null,"editable":false,"source":"USGS 3DHP flowlines (Channel Line)"},"geometry":{"type":"LineString","coordinates":[[-113.04574,45.231177],[-113.04637,45.230493],[-113.046587,45.230068],[-113.046534,45.229531],[-113.046699,45.229352],[-113.047482,45.228738],[-113.048057,45.228569],[-113.048236,45.228428],[-113.048338,45.228259],[-113.048352,45.227887],[-113.048512,45.227727],[-113.049425,45.227365]]}},{"type":"Feature","properties":{"id":"wat-b309","kind":"water","name":"Rattlesnake Creek","acres":null,"editable":false,"source":"USGS 3DHP flowlines (Channel Line)"},"geometry":{"type":"LineString","coordinates":[[-112.965541,45.379659],[-112.965931,45.37955],[-112.96674,45.37902],[-112.967015,45.378627],[-112.967312,45.37844]]}},{"type":"Feature","properties":{"id":"wat-b310","kind":"water","name":"Creek","acres":null,"editable":false,"source":"USGS 3DHP flowlines (Channel Line)"},"geometry":{"type":"LineString","coordinates":[[-113.030253,45.414553],[-113.030545,45.414527]]}},{"type":"Feature","properties":{"id":"wat-b311","kind":"water","name":"Shale Creek","acres":null,"editable":false,"source":"USGS 3DHP flowlines (Channel Line)"},"geometry":{"type":"LineString","coordinates":[[-113.117977,45.413728],[-113.117145,45.413966],[-113.116574,45.413988]]}},{"type":"Feature","properties":{"id":"wat-b312","kind":"water","name":"South Fork Hayes Creek","acres":null,"editable":false,"source":"USGS 3DHP flowlines (Channel Line)"},"geometry":{"type":"LineString","coordinates":[[-113.144421,45.212855],[-113.144031,45.212981],[-113.143536,45.213324],[-113.142925,45.213488],[-113.141996,45.214198],[-113.140456,45.214487],[-113.139793,45.214473],[-113.139187,45.214613],[-113.13838,45.214618],[-113.137904,45.214702],[-113.137349,45.214557],[-113.13677,45.214515],[-113.136495,45.214562],[-113.135818,45.214394],[-113.135734,45.21418],[-113.135282,45.214098],[-113.134418,45.21361],[-113.133625,45.213667],[-113.132701,45.213385],[-113.131778,45.213362],[-113.131465,45.213519],[-113.131038,45.213591],[-113.130977,45.213541],[-113.129527,45.214007],[-113.12812,45.214202],[-113.127434,45.214464],[-113.126333,45.214562],[-113.125887,45.214824]]}},{"type":"Feature","properties":{"id":"wat-b313","kind":"water","name":"Creek","acres":null,"editable":false,"source":"USGS 3DHP flowlines (Channel Line)"},"geometry":{"type":"LineString","coordinates":[[-113.164874,45.152495],[-113.164004,45.152217],[-113.162898,45.152202],[-113.16186,45.15243],[-113.158869,45.153392],[-113.156901,45.153701],[-113.155879,45.153754],[-113.153956,45.153739],[-113.1514,45.153563],[-113.148676,45.153148],[-113.145989,45.153366]]}},{"type":"Feature","properties":{"id":"wat-b314","kind":"water","name":"Buffalo Creek","acres":null,"editable":false,"source":"USGS 3DHP flowlines (Channel Line)"},"geometry":{"type":"LineString","coordinates":[[-113.180121,45.155055],[-113.17732,45.155175],[-113.175979,45.155393],[-113.172073,45.155518],[-113.170985,45.155989],[-113.169398,45.156192],[-113.168971,45.156611],[-113.168445,45.156745],[-113.167911,45.157184],[-113.166274,45.157992],[-113.165212,45.158341],[-113.164206,45.158837],[-113.163287,45.159099],[-113.162936,45.159373],[-113.162555,45.159457],[-113.162152,45.159431],[-113.16188,45.15955],[-113.160991,45.160098],[-113.160238,45.160968],[-113.159881,45.161226],[-113.1581,45.162295],[-113.1568,45.162959],[-113.15494,45.163577],[-113.153566,45.164196],[-113.152601,45.164363],[-113.151856,45.164792]]}},{"type":"Feature","properties":{"id":"wat-b315","kind":"water","name":"Creek","acres":null,"editable":false,"source":"USGS 3DHP flowlines (Channel Line)"},"geometry":{"type":"LineString","coordinates":[[-113.051786,45.181011],[-113.05156,45.18096]]}},{"type":"Feature","properties":{"id":"wat-b316","kind":"water","name":"Creek","acres":null,"editable":false,"source":"USGS 3DHP flowlines (Channel Line)"},"geometry":{"type":"LineString","coordinates":[[-113.050056,45.220923],[-113.050306,45.221115]]}},{"type":"Feature","properties":{"id":"wat-b317","kind":"water","name":"Creek","acres":null,"editable":false,"source":"USGS 3DHP flowlines (Channel Line)"},"geometry":{"type":"LineString","coordinates":[[-113.052113,45.225112],[-113.051363,45.225182],[-113.051229,45.225111],[-113.050943,45.225127]]}},{"type":"Feature","properties":{"id":"wat-b318","kind":"water","name":"Glidewell Creek","acres":null,"editable":false,"source":"USGS 3DHP flowlines (Channel Line)"},"geometry":{"type":"LineString","coordinates":[[-113.138593,45.264929],[-113.138196,45.264792],[-113.137677,45.264735],[-113.137219,45.264544],[-113.134473,45.264426],[-113.132977,45.263895],[-113.131772,45.26319],[-113.131207,45.263106],[-113.130421,45.262824],[-113.130063,45.262583],[-113.12975,45.262225],[-113.129521,45.261317],[-113.129536,45.260935],[-113.129208,45.260546]]}},{"type":"Feature","properties":{"id":"wat-b319","kind":"water","name":"Cold Spring Creek","acres":null,"editable":false,"source":"USGS 3DHP flowlines (Channel Line)"},"geometry":{"type":"LineString","coordinates":[[-112.927972,45.173231],[-112.928407,45.172513],[-112.928628,45.171884],[-112.929055,45.171102],[-112.930229,45.170212]]}},{"type":"Feature","properties":{"id":"wat-b320","kind":"water","name":"French Creek","acres":null,"editable":false,"source":"USGS 3DHP flowlines (Channel Line)"},"geometry":{"type":"LineString","coordinates":[[-112.900624,45.377461],[-112.900421,45.377275],[-112.900017,45.376601]]}},{"type":"Feature","properties":{"id":"wat-b321","kind":"water","name":"Grasshopper Creek","acres":null,"editable":false,"source":"USGS 3DHP flowlines (Channel Line)"},"geometry":{"type":"LineString","coordinates":[[-113.112546,45.41681],[-113.112445,45.416877],[-113.112339,45.41682],[-113.112309,45.416602]]}},{"type":"Feature","properties":{"id":"wat-b322","kind":"water","name":"East Fork Dyce Creek","acres":null,"editable":false,"source":"USGS 3DHP flowlines (Channel Line)"},"geometry":{"type":"LineString","coordinates":[[-113.029846,45.322249],[-113.03003,45.322042]]}},{"type":"Feature","properties":{"id":"wat-b323","kind":"water","name":"Creek","acres":null,"editable":false,"source":"USGS 3DHP flowlines (Channel Line)"},"geometry":{"type":"LineString","coordinates":[[-113.013472,45.327691],[-113.013217,45.32716]]}},{"type":"Feature","properties":{"id":"wat-b324","kind":"water","name":"Creek","acres":null,"editable":false,"source":"USGS 3DHP flowlines (Channel Line)"},"geometry":{"type":"LineString","coordinates":[[-113.053788,45.362231],[-113.055116,45.36415],[-113.055077,45.365233],[-113.055299,45.366004],[-113.055367,45.367095],[-113.055512,45.367316],[-113.056649,45.368182],[-113.057275,45.368964],[-113.059327,45.369807],[-113.060708,45.37025]]}},{"type":"Feature","properties":{"id":"wat-b325","kind":"water","name":"Creek","acres":null,"editable":false,"source":"USGS 3DHP flowlines (Channel Line)"},"geometry":{"type":"LineString","coordinates":[[-113.080225,45.30519],[-113.080126,45.304839],[-113.080454,45.303629],[-113.080454,45.303038],[-113.080645,45.302676],[-113.081064,45.302359],[-113.081507,45.301718],[-113.081904,45.300726],[-113.082369,45.300597],[-113.083361,45.300833],[-113.083597,45.300765],[-113.083964,45.300459],[-113.084116,45.300211],[-113.084345,45.29941],[-113.084574,45.299067],[-113.085528,45.29801],[-113.086466,45.297457],[-113.087,45.297327],[-113.08813,45.297297],[-113.088984,45.297114],[-113.090205,45.297266],[-113.090785,45.297175],[-113.091746,45.297144],[-113.092051,45.297064],[-113.09315,45.296515],[-113.093615,45.29613],[-113.094569,45.294638],[-113.094798,45.2941],[-113.095118,45.292799],[-113.095355,45.292601],[-113.095713,45.29251]]}},{"type":"Feature","properties":{"id":"wat-b326","kind":"water","name":"Rattlesnake Creek","acres":null,"editable":false,"source":"USGS 3DHP flowlines (Channel Line)"},"geometry":{"type":"LineString","coordinates":[[-112.871285,45.28422],[-112.870588,45.284111],[-112.870293,45.283978],[-112.870064,45.283724],[-112.8694,45.283388],[-112.869126,45.282881],[-112.868638,45.282511],[-112.867645,45.282461]]}},{"type":"Feature","properties":{"id":"wat-b327","kind":"water","name":"Swamp Creek","acres":null,"editable":false,"source":"USGS 3DHP flowlines (Channel Line)"},"geometry":{"type":"LineString","coordinates":[[-113.166357,45.236994],[-113.164449,45.237376],[-113.16187,45.237612],[-113.160703,45.237906],[-113.159879,45.237963],[-113.159244,45.23818],[-113.156859,45.23785],[-113.155936,45.237904],[-113.155646,45.237853],[-113.155299,45.237589],[-113.154908,45.237442],[-113.154104,45.237518]]}},{"type":"Feature","properties":{"id":"wat-b328","kind":"water","name":"Creek","acres":null,"editable":false,"source":"USGS 3DHP flowlines (Channel Line)"},"geometry":{"type":"LineString","coordinates":[[-113.03684,45.216968],[-113.037254,45.216918],[-113.037426,45.216747],[-113.038166,45.216576],[-113.038428,45.216439]]}},{"type":"Feature","properties":{"id":"wat-b329","kind":"water","name":"Snyder Creek","acres":null,"editable":false,"source":"USGS 3DHP flowlines (Channel Line)"},"geometry":{"type":"LineString","coordinates":[[-113.113174,45.385274],[-113.11267,45.385175]]}},{"type":"Feature","properties":{"id":"wat-b330","kind":"water","name":"Buffalo Creek","acres":null,"editable":false,"source":"USGS 3DHP flowlines (Channel Line)"},"geometry":{"type":"LineString","coordinates":[[-113.151856,45.164792],[-113.151744,45.164851]]}},{"type":"Feature","properties":{"id":"wat-b331","kind":"water","name":"Creek","acres":null,"editable":false,"source":"USGS 3DHP flowlines (Channel Line)"},"geometry":{"type":"LineString","coordinates":[[-113.048734,45.231033],[-113.048575,45.230651],[-113.048233,45.23027],[-113.048468,45.230116],[-113.048541,45.229395],[-113.048359,45.229219],[-113.048584,45.228926],[-113.048599,45.228651],[-113.048812,45.228225],[-113.049305,45.227805],[-113.049425,45.227365]]}},{"type":"Feature","properties":{"id":"wat-b332","kind":"water","name":"Creek","acres":null,"editable":false,"source":"USGS 3DHP flowlines (Channel Line)"},"geometry":{"type":"LineString","coordinates":[[-113.128133,45.348806],[-113.12817,45.348762]]}},{"type":"Feature","properties":{"id":"wat-b333","kind":"water","name":"Creek","acres":null,"editable":false,"source":"USGS 3DHP flowlines (Channel Line)"},"geometry":{"type":"LineString","coordinates":[[-113.138018,45.242981],[-113.138013,45.243014]]}},{"type":"Feature","properties":{"id":"wat-b334","kind":"water","name":"Buffalo Creek","acres":null,"editable":false,"source":"USGS 3DHP flowlines (Channel Line)"},"geometry":{"type":"LineString","coordinates":[[-113.073339,45.209815],[-113.072329,45.210262],[-113.072113,45.21022],[-113.071294,45.210634],[-113.07059,45.2108],[-113.069989,45.211163],[-113.069451,45.211379],[-113.068669,45.211247],[-113.068275,45.211249],[-113.067802,45.211638],[-113.067899,45.211865],[-113.067413,45.211958],[-113.067012,45.212259],[-113.066395,45.212467],[-113.066465,45.212629],[-113.066133,45.212914],[-113.066148,45.213307],[-113.065357,45.214239],[-113.065264,45.214914],[-113.065388,45.215558],[-113.065545,45.215637]]}},{"type":"Feature","properties":{"id":"wat-b335","kind":"water","name":"Creek","acres":null,"editable":false,"source":"USGS 3DHP flowlines (Channel Line)"},"geometry":{"type":"LineString","coordinates":[[-113.014448,45.209161],[-113.014992,45.208102],[-113.016382,45.206945],[-113.017438,45.206375],[-113.018943,45.206014],[-113.019464,45.205778],[-113.019782,45.20546],[-113.019968,45.205098],[-113.020419,45.204835],[-113.020512,45.204626],[-113.020823,45.204385],[-113.021118,45.203771],[-113.021684,45.203469],[-113.02222,45.202948],[-113.022872,45.202488],[-113.023594,45.202148],[-113.024177,45.201413],[-113.02465,45.201051],[-113.025589,45.200673],[-113.026439,45.199971],[-113.026944,45.200002],[-113.02751,45.199922],[-113.029718,45.199064],[-113.031166,45.198804]]}},{"type":"Feature","properties":{"id":"wat-b336","kind":"water","name":"Rock Creek","acres":null,"editable":false,"source":"USGS 3DHP flowlines (Channel Line)"},"geometry":{"type":"LineString","coordinates":[[-113.189678,45.30905],[-113.189718,45.309422],[-113.189491,45.309689],[-113.188871,45.309796],[-113.188011,45.310116]]}},{"type":"Feature","properties":{"id":"wat-b337","kind":"water","name":"Buffalo Creek","acres":null,"editable":false,"source":"USGS 3DHP flowlines (Channel Line)"},"geometry":{"type":"LineString","coordinates":[[-113.19682,45.158388],[-113.196709,45.158278]]}},{"type":"Feature","properties":{"id":"wat-b338","kind":"water","name":"Dingley Creek","acres":null,"editable":false,"source":"USGS 3DHP flowlines (Channel Line)"},"geometry":{"type":"LineString","coordinates":[[-113.091738,45.429275],[-113.092782,45.429071]]}},{"type":"Feature","properties":{"id":"wat-b339","kind":"water","name":"Mason Creek","acres":null,"editable":false,"source":"USGS 3DHP flowlines (Channel Line)"},"geometry":{"type":"LineString","coordinates":[[-113.143005,45.252811],[-113.141912,45.253054],[-113.1415,45.253221]]}},{"type":"Feature","properties":{"id":"wat-b340","kind":"water","name":"Shale Creek","acres":null,"editable":false,"source":"USGS 3DHP flowlines (Channel Line)"},"geometry":{"type":"LineString","coordinates":[[-113.164141,45.426392],[-113.163534,45.425555],[-113.162794,45.424918],[-113.161108,45.424022],[-113.160299,45.423732],[-113.159773,45.423351]]}},{"type":"Feature","properties":{"id":"wat-b341","kind":"water","name":"Brays Canyon Creek","acres":null,"editable":false,"source":"USGS 3DHP flowlines (Channel Line)"},"geometry":{"type":"LineString","coordinates":[[-113.13039,45.185294],[-113.129799,45.185385]]}},{"type":"Feature","properties":{"id":"wat-b342","kind":"water","name":"Lake Creek","acres":null,"editable":false,"source":"USGS 3DHP flowlines (Channel Line)"},"geometry":{"type":"LineString","coordinates":[[-113.035455,45.396958],[-113.035728,45.396567],[-113.035782,45.396209],[-113.035955,45.396098]]}},{"type":"Feature","properties":{"id":"wat-b343","kind":"water","name":"Creek","acres":null,"editable":false,"source":"USGS 3DHP flowlines (Channel Line)"},"geometry":{"type":"LineString","coordinates":[[-112.905817,45.276739],[-112.904947,45.276705],[-112.904017,45.276423],[-112.901232,45.274801],[-112.900263,45.274103],[-112.898981,45.273485],[-112.898302,45.272863],[-112.897356,45.272219],[-112.896356,45.271357],[-112.895502,45.270292],[-112.895166,45.270029],[-112.894838,45.268797],[-112.893816,45.268133],[-112.893236,45.26787],[-112.892709,45.267862],[-112.892267,45.267763],[-112.889902,45.266642],[-112.889406,45.266573],[-112.888971,45.266672],[-112.888055,45.266584],[-112.886987,45.266306],[-112.88627,45.265978],[-112.88537,45.265776],[-112.884958,45.265444],[-112.883615,45.264978],[-112.882722,45.264284],[-112.880799,45.263281],[-112.880609,45.263121],[-112.880265,45.262377],[-112.880456,45.262095],[-112.880517,45.261713],[-112.880906,45.261175],[-112.880899,45.260839],[-112.880548,45.260374],[-112.88009,45.259996],[-112.879769,45.259474],[-112.879319,45.258974],[-112.879281,45.258284],[-112.879609,45.257639],[-112.879762,45.257017],[-112.878716,45.256041],[-112.878419,45.254564]]}},{"type":"Feature","properties":{"id":"wat-b344","kind":"water","name":"Middle Creek","acres":null,"editable":false,"source":"USGS 3DHP flowlines (Channel Line)"},"geometry":{"type":"LineString","coordinates":[[-113.157594,45.309625],[-113.156187,45.309664],[-113.15492,45.309867],[-113.154104,45.309809],[-113.153713,45.309868]]}},{"type":"Feature","properties":{"id":"wat-b345","kind":"water","name":"Divide Creek","acres":null,"editable":false,"source":"USGS 3DHP flowlines (Channel Line)"},"geometry":{"type":"LineString","coordinates":[[-113.150246,45.3217],[-113.149907,45.32149],[-113.149007,45.321681],[-113.147649,45.321681],[-113.146909,45.32154],[-113.145261,45.320876],[-113.143956,45.320479],[-113.142689,45.319797]]}},{"type":"Feature","properties":{"id":"wat-b346","kind":"water","name":"White Creek","acres":null,"editable":false,"source":"USGS 3DHP flowlines (Channel Line)"},"geometry":{"type":"LineString","coordinates":[[-113.035888,45.414058],[-113.036537,45.414085],[-113.038185,45.413852],[-113.040123,45.413314]]}},{"type":"Feature","properties":{"id":"wat-b347","kind":"water","name":"Snyder Creek","acres":null,"editable":false,"source":"USGS 3DHP flowlines (Channel Line)"},"geometry":{"type":"LineString","coordinates":[[-113.14977,45.399764],[-113.148732,45.399455]]}},{"type":"Feature","properties":{"id":"wat-b348","kind":"water","name":"Creek","acres":null,"editable":false,"source":"USGS 3DHP flowlines (Channel Line)"},"geometry":{"type":"LineString","coordinates":[[-112.891144,45.178338],[-112.891411,45.177915],[-112.892173,45.177427],[-112.892898,45.17682],[-112.893493,45.176599],[-112.894447,45.176576],[-112.895355,45.176645],[-112.896088,45.176881],[-112.897148,45.177411],[-112.898437,45.177633],[-112.899277,45.177625],[-112.900215,45.177888],[-112.901016,45.178274],[-112.901596,45.178426],[-112.902451,45.178983],[-112.902954,45.179136],[-112.904915,45.179262],[-112.905587,45.179166],[-112.906624,45.179136],[-112.907944,45.179254],[-112.909241,45.179254],[-112.911057,45.17941],[-112.912118,45.179582],[-112.913171,45.179906],[-112.914658,45.17999],[-112.916818,45.179811],[-112.919389,45.179731],[-112.921037,45.179113]]}},{"type":"Feature","properties":{"id":"wat-b349","kind":"water","name":"Creek","acres":null,"editable":false,"source":"USGS 3DHP flowlines (Channel Line)"},"geometry":{"type":"LineString","coordinates":[[-113.184583,45.184989],[-113.183156,45.183768],[-113.182042,45.183082],[-113.180562,45.182597],[-113.177739,45.182166],[-113.177052,45.182197],[-113.175587,45.181804],[-113.173336,45.181697],[-113.170086,45.181781],[-113.169315,45.181933],[-113.168766,45.181933],[-113.165821,45.182273],[-113.164875,45.182315],[-113.16386,45.182486],[-113.161068,45.18265],[-113.158855,45.182982],[-113.157505,45.183005],[-113.156377,45.183152]]}},{"type":"Feature","properties":{"id":"wat-b350","kind":"water","name":"Swamp Creek","acres":null,"editable":false,"source":"USGS 3DHP flowlines (Channel Line)"},"geometry":{"type":"LineString","coordinates":[[-113.097903,45.233946],[-113.097571,45.233793],[-113.096999,45.233811]]}},{"type":"Feature","properties":{"id":"wat-b351","kind":"water","name":"Creek","acres":null,"editable":false,"source":"USGS 3DHP flowlines (Channel Line)"},"geometry":{"type":"LineString","coordinates":[[-113.052591,45.224941],[-113.052113,45.225112]]}},{"type":"Feature","properties":{"id":"wat-b352","kind":"water","name":"Creek","acres":null,"editable":false,"source":"USGS 3DHP flowlines (Channel Line)"},"geometry":{"type":"LineString","coordinates":[[-113.095184,45.228135],[-113.094764,45.228619],[-113.094827,45.228674],[-113.094213,45.228826],[-113.093318,45.22953],[-113.092747,45.229835],[-113.091433,45.230235]]}},{"type":"Feature","properties":{"id":"wat-b353","kind":"water","name":"Rattlesnake Creek","acres":null,"editable":false,"source":"USGS 3DHP flowlines (Channel Line)"},"geometry":{"type":"LineString","coordinates":[[-112.943606,45.335838],[-112.943407,45.335346],[-112.943562,45.334822],[-112.943808,45.334678],[-112.943888,45.334474],[-112.943744,45.334132],[-112.94391,45.333908],[-112.94386,45.333782]]}},{"type":"Feature","properties":{"id":"wat-b354","kind":"water","name":"Rattlesnake Creek","acres":null,"editable":false,"source":"USGS 3DHP flowlines (Channel Line)"},"geometry":{"type":"LineString","coordinates":[[-112.943955,45.333641],[-112.944044,45.333603],[-112.944063,45.333388]]}},{"type":"Feature","properties":{"id":"wat-b355","kind":"water","name":"Dyce Creek","acres":null,"editable":false,"source":"USGS 3DHP flowlines (Channel Line)"},"geometry":{"type":"LineString","coordinates":[[-113.035359,45.259826],[-113.035729,45.259359],[-113.036095,45.259085],[-113.036179,45.258844],[-113.035904,45.257933]]}},{"type":"Feature","properties":{"id":"wat-b356","kind":"water","name":"Creek","acres":null,"editable":false,"source":"USGS 3DHP flowlines (Channel Line)"},"geometry":{"type":"LineString","coordinates":[[-113.082536,45.232457],[-113.082883,45.232886]]}},{"type":"Feature","properties":{"id":"wat-b357","kind":"water","name":"Creek","acres":null,"editable":false,"source":"USGS 3DHP flowlines (Channel Line)"},"geometry":{"type":"LineString","coordinates":[[-112.944036,45.306886],[-112.943801,45.306818]]}},{"type":"Feature","properties":{"id":"wat-b358","kind":"water","name":"Creek","acres":null,"editable":false,"source":"USGS 3DHP flowlines (Channel Line)"},"geometry":{"type":"LineString","coordinates":[[-113.058487,45.189188],[-113.057706,45.189219],[-113.056803,45.188948],[-113.055204,45.188987]]}},{"type":"Feature","properties":{"id":"wat-b359","kind":"water","name":"Creek","acres":null,"editable":false,"source":"USGS 3DHP flowlines (Channel Line)"},"geometry":{"type":"LineString","coordinates":[[-113.03908,45.393313],[-113.040962,45.393642],[-113.041428,45.393561],[-113.042168,45.393294],[-113.043167,45.393123],[-113.044312,45.393222],[-113.044998,45.393458],[-113.045372,45.393684]]}},{"type":"Feature","properties":{"id":"wat-b360","kind":"water","name":"South Fork Hayes Creek","acres":null,"editable":false,"source":"USGS 3DHP flowlines (Channel Line)"},"geometry":{"type":"LineString","coordinates":[[-113.187147,45.216525],[-113.185644,45.216075],[-113.184919,45.216021],[-113.183157,45.215628],[-113.182089,45.215197],[-113.181379,45.214766],[-113.18054,45.21453],[-113.179014,45.213855],[-113.177503,45.213313],[-113.175107,45.213416],[-113.171552,45.214152],[-113.16937,45.214038],[-113.168653,45.213839],[-113.167623,45.213671],[-113.16676,45.213103],[-113.16644,45.212977],[-113.164929,45.212737],[-113.16312,45.212593],[-113.162463,45.21243],[-113.161397,45.212039],[-113.161221,45.211913],[-113.158885,45.211343],[-113.15651,45.210498],[-113.155964,45.210414],[-113.154789,45.210694],[-113.154159,45.21097],[-113.152857,45.210937],[-113.151126,45.210727],[-113.150188,45.210774],[-113.149148,45.211016],[-113.148607,45.21138],[-113.147174,45.212094],[-113.146089,45.212235]]}},{"type":"Feature","properties":{"id":"wat-b361","kind":"water","name":"Creek","acres":null,"editable":false,"source":"USGS 3DHP flowlines (Channel Line)"},"geometry":{"type":"LineString","coordinates":[[-113.014907,45.404109],[-113.015334,45.403487],[-113.016951,45.402007],[-113.018851,45.401252],[-113.019996,45.401012]]}},{"type":"Feature","properties":{"id":"wat-b362","kind":"water","name":"Creek","acres":null,"editable":false,"source":"USGS 3DHP flowlines (Channel Line)"},"geometry":{"type":"LineString","coordinates":[[-113.046029,45.279112],[-113.045106,45.278677],[-113.044503,45.278277],[-113.044152,45.277887],[-113.044098,45.277662],[-113.044213,45.277483],[-113.044182,45.277193],[-113.044419,45.276518],[-113.044396,45.276312],[-113.044037,45.275885],[-113.043763,45.275358],[-113.043282,45.275248],[-113.043053,45.274992],[-113.042626,45.274927],[-113.042427,45.27482],[-113.042344,45.274649],[-113.041939,45.274359],[-113.041756,45.273989],[-113.041703,45.273516],[-113.041039,45.272482],[-113.040932,45.271582],[-113.041077,45.271059],[-113.041909,45.269819],[-113.041909,45.268953],[-113.041512,45.268385],[-113.040795,45.267828],[-113.040665,45.267626],[-113.040558,45.267412],[-113.040512,45.266634],[-113.040604,45.265921],[-113.040856,45.265203],[-113.041924,45.264318],[-113.043122,45.263681],[-113.043412,45.262842],[-113.043519,45.262663],[-113.044167,45.262144],[-113.044724,45.260599],[-113.045319,45.259802]]}},{"type":"Feature","properties":{"id":"wat-b363","kind":"water","name":"Creek","acres":null,"editable":false,"source":"USGS 3DHP flowlines (Channel Line)"},"geometry":{"type":"LineString","coordinates":[[-113.0664,45.434909],[-113.068216,45.434642],[-113.068963,45.434379],[-113.070199,45.434223],[-113.07287,45.433521],[-113.073999,45.432891],[-113.07448,45.432529],[-113.074854,45.432044],[-113.075288,45.431846],[-113.075555,45.4318],[-113.075723,45.431854],[-113.076166,45.432315],[-113.076387,45.432426],[-113.076708,45.432235],[-113.076914,45.431991],[-113.077356,45.431793],[-113.078317,45.431671],[-113.078996,45.431281],[-113.080194,45.431125],[-113.080767,45.43098],[-113.080904,45.430717],[-113.080904,45.430061],[-113.080706,45.429691],[-113.080599,45.429103],[-113.080873,45.428779],[-113.081606,45.428657],[-113.083216,45.42884],[-113.084917,45.428741]]}},{"type":"Feature","properties":{"id":"wat-b364","kind":"water","name":"Rattlesnake Creek","acres":null,"editable":false,"source":"USGS 3DHP flowlines (Channel Line)"},"geometry":{"type":"LineString","coordinates":[[-112.966664,45.373389],[-112.966297,45.372393],[-112.965545,45.371539],[-112.965464,45.370751],[-112.965174,45.370507]]}},{"type":"Feature","properties":{"id":"wat-b365","kind":"water","name":"Sheep Creek","acres":null,"editable":false,"source":"USGS 3DHP flowlines (Channel Line)"},"geometry":{"type":"LineString","coordinates":[[-112.870255,45.38607],[-112.867051,45.386665],[-112.861526,45.386787],[-112.860877,45.386876],[-112.859604,45.386856],[-112.858825,45.386998],[-112.856154,45.387223],[-112.855506,45.387344],[-112.854934,45.387551],[-112.852264,45.387856],[-112.85041,45.388188],[-112.847288,45.389034],[-112.845534,45.389943],[-112.844572,45.390281],[-112.842605,45.391418],[-112.841804,45.391704],[-112.840994,45.392119],[-112.840079,45.392411],[-112.839727,45.392642],[-112.838072,45.39334],[-112.837287,45.393832],[-112.836462,45.394539],[-112.835204,45.394752],[-112.832808,45.396144],[-112.831114,45.396716],[-112.829993,45.397552],[-112.829252,45.39837],[-112.828329,45.400101],[-112.827688,45.400883],[-112.827612,45.401147]]}},{"type":"Feature","properties":{"id":"wat-b366","kind":"water","name":"Divide Creek","acres":null,"editable":false,"source":"USGS 3DHP flowlines (Channel Line)"},"geometry":{"type":"LineString","coordinates":[[-113.18278,45.327039],[-113.181418,45.327109],[-113.180245,45.327032],[-113.179395,45.32678],[-113.177458,45.326583],[-113.176386,45.326677],[-113.174105,45.326657]]}},{"type":"Feature","properties":{"id":"wat-b367","kind":"water","name":"Creek","acres":null,"editable":false,"source":"USGS 3DHP flowlines (Channel Line)"},"geometry":{"type":"LineString","coordinates":[[-112.991759,45.400845],[-112.99189,45.401164]]}},{"type":"Feature","properties":{"id":"wat-b368","kind":"water","name":"Brays Canyon Creek","acres":null,"editable":false,"source":"USGS 3DHP flowlines (Channel Line)"},"geometry":{"type":"LineString","coordinates":[[-113.203764,45.198722],[-113.203367,45.19871],[-113.20325,45.198635],[-113.203071,45.198407],[-113.202396,45.197925],[-113.202231,45.197884],[-113.201998,45.197568],[-113.201666,45.197494],[-113.201556,45.197581],[-113.201232,45.197533],[-113.201115,45.197367],[-113.200537,45.197168],[-113.200316,45.197154],[-113.200094,45.19728],[-113.199888,45.197272],[-113.19924,45.197101],[-113.197584,45.196948],[-113.19719,45.196982],[-113.196721,45.196823],[-113.196405,45.196796],[-113.195468,45.197181],[-113.195137,45.197526],[-113.194435,45.197512],[-113.194001,45.197725],[-113.193284,45.198401]]}},{"type":"Feature","properties":{"id":"wat-b369","kind":"water","name":"Creek","acres":null,"editable":false,"source":"USGS 3DHP flowlines (Channel Line)"},"geometry":{"type":"LineString","coordinates":[[-112.989399,45.401746],[-112.988683,45.401794],[-112.988096,45.401946],[-112.987162,45.401719]]}},{"type":"Feature","properties":{"id":"wat-b370","kind":"water","name":"Creek","acres":null,"editable":false,"source":"USGS 3DHP flowlines (Channel Line)"},"geometry":{"type":"LineString","coordinates":[[-113.013082,45.326624],[-113.012847,45.326062]]}},{"type":"Feature","properties":{"id":"wat-b371","kind":"water","name":"Creek","acres":null,"editable":false,"source":"USGS 3DHP flowlines (Channel Line)"},"geometry":{"type":"LineString","coordinates":[[-113.139961,45.179404],[-113.139277,45.179362]]}},{"type":"Feature","properties":{"id":"wat-b372","kind":"water","name":"Creek","acres":null,"editable":false,"source":"USGS 3DHP flowlines (Channel Line)"},"geometry":{"type":"LineString","coordinates":[[-112.952942,45.380756],[-112.953121,45.380616]]}},{"type":"Feature","properties":{"id":"wat-b373","kind":"water","name":"Creek","acres":null,"editable":false,"source":"USGS 3DHP flowlines (Channel Line)"},"geometry":{"type":"LineString","coordinates":[[-113.06672,45.190025],[-113.064602,45.189998],[-113.063609,45.189817],[-113.062919,45.190075],[-113.062292,45.190126]]}},{"type":"Feature","properties":{"id":"wat-b374","kind":"water","name":"Creek","acres":null,"editable":false,"source":"USGS 3DHP flowlines (Channel Line)"},"geometry":{"type":"LineString","coordinates":[[-113.031464,45.304286],[-113.031647,45.304293]]}},{"type":"Feature","properties":{"id":"wat-b375","kind":"water","name":"Creek","acres":null,"editable":false,"source":"USGS 3DHP flowlines (Channel Line)"},"geometry":{"type":"LineString","coordinates":[[-112.874903,45.242992],[-112.874658,45.242962]]}},{"type":"Feature","properties":{"id":"wat-b376","kind":"water","name":"Creek","acres":null,"editable":false,"source":"USGS 3DHP flowlines (Channel Line)"},"geometry":{"type":"LineString","coordinates":[[-113.097239,45.410514],[-113.097216,45.410402]]}},{"type":"Feature","properties":{"id":"wat-b377","kind":"water","name":"Creek","acres":null,"editable":false,"source":"USGS 3DHP flowlines (Channel Line)"},"geometry":{"type":"LineString","coordinates":[[-113.040109,45.416057],[-113.040123,45.415275]]}},{"type":"Feature","properties":{"id":"wat-b378","kind":"water","name":"Creek","acres":null,"editable":false,"source":"USGS 3DHP flowlines (Channel Line)"},"geometry":{"type":"LineString","coordinates":[[-113.090473,45.416304],[-113.091067,45.416213],[-113.09199,45.416301],[-113.094691,45.415672],[-113.095027,45.415431],[-113.095355,45.415035],[-113.0954,45.414775],[-113.095278,45.414489],[-113.095378,45.414134],[-113.095538,45.41397],[-113.095553,45.41363],[-113.096146,45.413052]]}},{"type":"Feature","properties":{"id":"wat-b379","kind":"water","name":"Cottonwood Creek","acres":null,"editable":false,"source":"USGS 3DHP flowlines (Channel Line)"},"geometry":{"type":"LineString","coordinates":[[-113.157449,45.376915],[-113.157644,45.376761],[-113.157644,45.376666],[-113.157202,45.376391],[-113.155233,45.376136],[-113.153974,45.375632],[-113.152807,45.375403],[-113.151723,45.375033],[-113.148923,45.375026],[-113.146917,45.375369],[-113.145589,45.375079],[-113.143956,45.37514],[-113.142583,45.374766],[-113.142346,45.37477]]}},{"type":"Feature","properties":{"id":"wat-b380","kind":"water","name":"Creek","acres":null,"editable":false,"source":"USGS 3DHP flowlines (Channel Line)"},"geometry":{"type":"LineString","coordinates":[[-113.029948,45.410804],[-113.031043,45.411002],[-113.031677,45.411205],[-113.031967,45.411418],[-113.032562,45.412238],[-113.034156,45.4131],[-113.034958,45.41344],[-113.035484,45.413856],[-113.035888,45.414058]]}},{"type":"Feature","properties":{"id":"wat-b381","kind":"water","name":"Creek","acres":null,"editable":false,"source":"USGS 3DHP flowlines (Channel Line)"},"geometry":{"type":"LineString","coordinates":[[-113.008669,45.206163],[-113.009043,45.204161],[-113.008963,45.203876]]}},{"type":"Feature","properties":{"id":"wat-b382","kind":"water","name":"Rattlesnake Creek","acres":null,"editable":false,"source":"USGS 3DHP flowlines (Channel Line)"},"geometry":{"type":"LineString","coordinates":[[-112.963897,45.395364],[-112.963768,45.3951],[-112.963824,45.394672],[-112.963343,45.394237],[-112.963343,45.3941]]}},{"type":"Feature","properties":{"id":"wat-b383","kind":"water","name":"Creek","acres":null,"editable":false,"source":"USGS 3DHP flowlines (Channel Line)"},"geometry":{"type":"LineString","coordinates":[[-113.011668,45.220158],[-113.01246,45.220175],[-113.01364,45.220483],[-113.016185,45.220736],[-113.017171,45.220759],[-113.018793,45.221434],[-113.019763,45.222197],[-113.020182,45.222361],[-113.020516,45.222373],[-113.023186,45.221419],[-113.023574,45.22137],[-113.024343,45.221452],[-113.024622,45.221397],[-113.026354,45.220509],[-113.029032,45.219375],[-113.030531,45.219051],[-113.032339,45.218531],[-113.033549,45.21831],[-113.034415,45.218473]]}},{"type":"Feature","properties":{"id":"wat-b384","kind":"water","name":"Creek","acres":null,"editable":false,"source":"USGS 3DHP flowlines (Channel Line)"},"geometry":{"type":"LineString","coordinates":[[-113.129368,45.248749],[-113.129098,45.248934]]}},{"type":"Feature","properties":{"id":"wat-b385","kind":"water","name":"Dyce Creek","acres":null,"editable":false,"source":"USGS 3DHP flowlines (Channel Line)"},"geometry":{"type":"LineString","coordinates":[[-113.034012,45.268541],[-113.033934,45.268293],[-113.034201,45.267681]]}},{"type":"Feature","properties":{"id":"wat-b386","kind":"water","name":"Scudder Creek","acres":null,"editable":false,"source":"USGS 3DHP flowlines (Channel Line)"},"geometry":{"type":"LineString","coordinates":[[-113.093252,45.308027],[-113.094033,45.307826],[-113.09512,45.30678],[-113.095441,45.306682],[-113.09574,45.306326],[-113.096022,45.306245],[-113.097827,45.306297],[-113.098521,45.306506],[-113.099443,45.306878],[-113.10081,45.307833],[-113.101472,45.307959],[-113.101932,45.308528],[-113.102329,45.308706],[-113.103191,45.308671],[-113.104151,45.30847],[-113.105399,45.30797],[-113.106572,45.307792],[-113.108004,45.30717]]}},{"type":"Feature","properties":{"id":"wat-b387","kind":"water","name":"Creek","acres":null,"editable":false,"source":"USGS 3DHP flowlines (Channel Line)"},"geometry":{"type":"LineString","coordinates":[[-113.163695,45.301391],[-113.163359,45.301551]]}},{"type":"Feature","properties":{"id":"wat-b388","kind":"water","name":"Creek","acres":null,"editable":false,"source":"USGS 3DHP flowlines (Channel Line)"},"geometry":{"type":"LineString","coordinates":[[-112.917731,45.199247],[-112.915666,45.198904],[-112.914697,45.198328],[-112.914247,45.198202],[-112.912515,45.198118],[-112.911836,45.198282],[-112.911447,45.19819],[-112.910806,45.198186],[-112.909768,45.198499],[-112.907037,45.198801],[-112.905419,45.199441],[-112.904107,45.199693],[-112.901871,45.200891],[-112.90091,45.200952],[-112.899796,45.201185],[-112.89872,45.201295],[-112.898255,45.201482],[-112.897271,45.201696],[-112.896676,45.201726],[-112.8956,45.201948],[-112.89473,45.202447],[-112.894555,45.202417],[-112.894448,45.202585],[-112.894288,45.20252],[-112.893844,45.202631]]}},{"type":"Feature","properties":{"id":"wat-b389","kind":"water","name":"Creek","acres":null,"editable":false,"source":"USGS 3DHP flowlines (Channel Line)"},"geometry":{"type":"LineString","coordinates":[[-113.096146,45.413052],[-113.0964,45.412662],[-113.096789,45.411647],[-113.096956,45.411463]]}},{"type":"Feature","properties":{"id":"wat-b390","kind":"water","name":"Creek","acres":null,"editable":false,"source":"USGS 3DHP flowlines (Channel Line)"},"geometry":{"type":"LineString","coordinates":[[-113.083992,45.24946],[-113.084497,45.249097],[-113.085196,45.2489],[-113.088062,45.24897],[-113.089156,45.248712],[-113.090003,45.248366],[-113.091517,45.248377],[-113.092519,45.248569],[-113.093074,45.248505]]}},{"type":"Feature","properties":{"id":"wat-b391","kind":"water","name":"Creek","acres":null,"editable":false,"source":"USGS 3DHP flowlines (Channel Line)"},"geometry":{"type":"LineString","coordinates":[[-112.942798,45.388316],[-112.943294,45.388126],[-112.944728,45.38779],[-112.945558,45.387426]]}},{"type":"Feature","properties":{"id":"wat-b392","kind":"water","name":"Creek","acres":null,"editable":false,"source":"USGS 3DHP flowlines (Channel Line)"},"geometry":{"type":"LineString","coordinates":[[-112.943478,45.254518],[-112.942318,45.253954],[-112.941814,45.253416],[-112.94112,45.253141],[-112.940075,45.252565],[-112.939693,45.252176],[-112.939068,45.251203],[-112.938434,45.2507],[-112.938198,45.250196],[-112.937931,45.249929],[-112.937343,45.24814],[-112.936847,45.247354],[-112.936954,45.247022],[-112.936832,45.246385],[-112.936641,45.245973],[-112.936534,45.245214],[-112.936588,45.243986],[-112.936534,45.243814],[-112.936084,45.243498],[-112.935932,45.243253],[-112.935657,45.24241],[-112.935634,45.241892],[-112.935382,45.241461],[-112.935298,45.240881],[-112.935041,45.240402]]}},{"type":"Feature","properties":{"id":"wat-b393","kind":"water","name":"Swamp Creek","acres":null,"editable":false,"source":"USGS 3DHP flowlines (Channel Line)"},"geometry":{"type":"LineString","coordinates":[[-113.120809,45.231072],[-113.120459,45.231196],[-113.118369,45.231301]]}},{"type":"Feature","properties":{"id":"wat-b394","kind":"water","name":"Creek","acres":null,"editable":false,"source":"USGS 3DHP flowlines (Channel Line)"},"geometry":{"type":"LineString","coordinates":[[-113.180895,45.308551],[-113.180336,45.308853],[-113.179815,45.309027],[-113.179497,45.309004],[-113.179137,45.309314],[-113.178779,45.309482],[-113.17815,45.309634],[-113.177255,45.309797],[-113.176609,45.309824],[-113.175692,45.309678],[-113.173929,45.310128],[-113.173028,45.310136]]}},{"type":"Feature","properties":{"id":"wat-b395","kind":"water","name":"Dory Creek","acres":null,"editable":false,"source":"USGS 3DHP flowlines (Channel Line)"},"geometry":{"type":"LineString","coordinates":[[-113.162993,45.433742],[-113.162634,45.432826],[-113.162033,45.432155]]}},{"type":"Feature","properties":{"id":"wat-b396","kind":"water","name":"Creek","acres":null,"editable":false,"source":"USGS 3DHP flowlines (Channel Line)"},"geometry":{"type":"LineString","coordinates":[[-113.177181,45.149325],[-113.176235,45.149291],[-113.175517,45.149139],[-113.173572,45.148593],[-113.171817,45.147834],[-113.170924,45.14717],[-113.16978,45.145564],[-113.168788,45.144473],[-113.167575,45.143493],[-113.166758,45.143058],[-113.165789,45.142726],[-113.163584,45.142272],[-113.161601,45.142146]]}},{"type":"Feature","properties":{"id":"wat-b397","kind":"water","name":"Sheep Creek","acres":null,"editable":false,"source":"USGS 3DHP flowlines (Channel Line)"},"geometry":{"type":"LineString","coordinates":[[-112.882272,45.387554],[-112.880997,45.387539],[-112.878944,45.387003],[-112.878282,45.386708],[-112.877725,45.386788],[-112.877175,45.386603],[-112.876427,45.386623],[-112.874558,45.386436],[-112.873535,45.386447],[-112.870705,45.386071],[-112.870255,45.38607]]}},{"type":"Feature","properties":{"id":"wat-b398","kind":"water","name":"Swamp Creek","acres":null,"editable":false,"source":"USGS 3DHP flowlines (Channel Line)"},"geometry":{"type":"LineString","coordinates":[[-113.149013,45.237793],[-113.148427,45.237529]]}},{"type":"Feature","properties":{"id":"wat-b399","kind":"water","name":"Abrams Creek","acres":null,"editable":false,"source":"USGS 3DHP flowlines (Channel Line)"},"geometry":{"type":"LineString","coordinates":[[-113.194006,45.31355],[-113.193433,45.314076],[-113.192597,45.314368],[-113.192305,45.314857],[-113.191623,45.315298],[-113.191069,45.315486],[-113.190698,45.315505],[-113.189644,45.316],[-113.188769,45.316584],[-113.188027,45.316891],[-113.187224,45.317504],[-113.186454,45.317759],[-113.185981,45.318118],[-113.185559,45.318286]]}},{"type":"Feature","properties":{"id":"wat-b400","kind":"water","name":"Birch Creek","acres":null,"editable":false,"source":"USGS 3DHP flowlines (Channel Line)"},"geometry":{"type":"LineString","coordinates":[[-112.930941,45.427395],[-112.929827,45.427189],[-112.929438,45.427026],[-112.928752,45.426578],[-112.928554,45.426532],[-112.927691,45.426655],[-112.927271,45.42664],[-112.926043,45.426304],[-112.925067,45.425948],[-112.92293,45.425595],[-112.921816,45.425208],[-112.920588,45.425076],[-112.919573,45.425156],[-112.918543,45.424988],[-112.918008,45.42498],[-112.917222,45.425143],[-112.916582,45.425179],[-112.915568,45.424862],[-112.915056,45.424835],[-112.914247,45.425106],[-112.913156,45.425738],[-112.912447,45.425887],[-112.91102,45.425492],[-112.909258,45.425507]]}},{"type":"Feature","properties":{"id":"wat-b401","kind":"water","name":"Creek","acres":null,"editable":false,"source":"USGS 3DHP flowlines (Channel Line)"},"geometry":{"type":"LineString","coordinates":[[-112.948978,45.211347],[-112.949161,45.210809],[-112.950122,45.209673],[-112.950832,45.208536],[-112.950954,45.207376],[-112.951488,45.206182],[-112.951678,45.205934],[-112.952167,45.205663],[-112.952731,45.205152],[-112.953189,45.204443],[-112.95293,45.204095],[-112.952312,45.203588],[-112.952037,45.202909],[-112.951617,45.202367],[-112.951518,45.201639],[-112.95119,45.201044],[-112.950809,45.200735],[-112.950297,45.200571],[-112.95016,45.200422],[-112.950137,45.200147],[-112.950511,45.199773],[-112.950717,45.199419],[-112.95087,45.199049],[-112.950847,45.198789],[-112.951097,45.198336]]}},{"type":"Feature","properties":{"id":"wat-b402","kind":"water","name":"White Creek","acres":null,"editable":false,"source":"USGS 3DHP flowlines (Channel Line)"},"geometry":{"type":"LineString","coordinates":[[-113.104866,45.404096],[-113.105327,45.403461]]}},{"type":"Feature","properties":{"id":"wat-b403","kind":"water","name":"Dingley Creek","acres":null,"editable":false,"source":"USGS 3DHP flowlines (Channel Line)"},"geometry":{"type":"LineString","coordinates":[[-113.110985,45.419877],[-113.111675,45.419646],[-113.111995,45.41962],[-113.11269,45.419719],[-113.112957,45.419887]]}},{"type":"Feature","properties":{"id":"wat-b404","kind":"water","name":"Creek","acres":null,"editable":false,"source":"USGS 3DHP flowlines (Channel Line)"},"geometry":{"type":"LineString","coordinates":[[-113.094639,45.243518],[-113.094251,45.24355]]}},{"type":"Feature","properties":{"id":"wat-b405","kind":"water","name":"Trout Creek","acres":null,"editable":false,"source":"USGS 3DHP flowlines (Channel Line)"},"geometry":{"type":"LineString","coordinates":[[-112.883271,45.346824],[-112.883912,45.346027],[-112.883803,45.345801],[-112.88386,45.345537],[-112.884675,45.344974],[-112.885287,45.344796],[-112.885616,45.344396],[-112.887374,45.343894],[-112.887767,45.343662],[-112.888716,45.34367],[-112.889599,45.343336],[-112.890448,45.343133],[-112.890926,45.343113],[-112.891149,45.342975],[-112.891342,45.342681],[-112.89248,45.342151],[-112.893922,45.341857],[-112.894899,45.341571],[-112.895843,45.340891],[-112.896384,45.34084],[-112.896883,45.340644],[-112.897546,45.340252],[-112.898213,45.339334],[-112.898817,45.33891],[-112.899445,45.337984],[-112.90008,45.337649]]}},{"type":"Feature","properties":{"id":"wat-b406","kind":"water","name":"Creek","acres":null,"editable":false,"source":"USGS 3DHP flowlines (Channel Line)"},"geometry":{"type":"LineString","coordinates":[[-113.105992,45.152803],[-113.10494,45.154058]]}},{"type":"Feature","properties":{"id":"wat-b407","kind":"water","name":"Birch Creek","acres":null,"editable":false,"source":"USGS 3DHP flowlines (Channel Line)"},"geometry":{"type":"LineString","coordinates":[[-112.957988,45.435532],[-112.957614,45.435315],[-112.957142,45.435187],[-112.956158,45.435333],[-112.954944,45.435265],[-112.952159,45.435271],[-112.951587,45.435184],[-112.951138,45.43501],[-112.950381,45.434978],[-112.949993,45.435027],[-112.949024,45.435333],[-112.948299,45.435407],[-112.946834,45.435206],[-112.945987,45.435195],[-112.944666,45.435054],[-112.944194,45.434451],[-112.941043,45.432853],[-112.940388,45.432114],[-112.939219,45.431058],[-112.937991,45.430756],[-112.937411,45.430316],[-112.937213,45.430016],[-112.936687,45.429535],[-112.93555,45.429039],[-112.934978,45.428547],[-112.934733,45.428414],[-112.933703,45.428197],[-112.933368,45.427787],[-112.933047,45.427649],[-112.932741,45.427597],[-112.931643,45.427631],[-112.930941,45.427395]]}},{"type":"Feature","properties":{"id":"wat-b408","kind":"water","name":"Creek","acres":null,"editable":false,"source":"USGS 3DHP flowlines (Channel Line)"},"geometry":{"type":"LineString","coordinates":[[-112.927844,45.348611],[-112.928005,45.348058],[-112.928283,45.347743],[-112.929728,45.347062],[-112.930399,45.346887],[-112.930647,45.346754]]}},{"type":"Feature","properties":{"id":"wat-b409","kind":"water","name":"Creek","acres":null,"editable":false,"source":"USGS 3DHP flowlines (Channel Line)"},"geometry":{"type":"LineString","coordinates":[[-112.956457,45.378276],[-112.95689,45.377875],[-112.957531,45.37683],[-112.959149,45.375041],[-112.959568,45.374766],[-112.9613,45.373962],[-112.962315,45.373179],[-112.963925,45.371586],[-112.965088,45.370944],[-112.965174,45.370507]]}},{"type":"Feature","properties":{"id":"wat-b410","kind":"water","name":"Rattlesnake Creek","acres":null,"editable":false,"source":"USGS 3DHP flowlines (Channel Line)"},"geometry":{"type":"LineString","coordinates":[[-112.943801,45.341362],[-112.944166,45.341136]]}},{"type":"Feature","properties":{"id":"wat-b411","kind":"water","name":"Rattlesnake Creek","acres":null,"editable":false,"source":"USGS 3DHP flowlines (Channel Line)"},"geometry":{"type":"LineString","coordinates":[[-112.964598,45.396815],[-112.964253,45.395778],[-112.963897,45.395364]]}},{"type":"Feature","properties":{"id":"wat-b412","kind":"water","name":"Creek","acres":null,"editable":false,"source":"USGS 3DHP flowlines (Channel Line)"},"geometry":{"type":"LineString","coordinates":[[-113.097506,45.356418],[-113.098231,45.355429],[-113.098597,45.354045],[-113.098956,45.3534],[-113.099826,45.3529],[-113.102374,45.351024],[-113.102946,45.350268],[-113.103931,45.34949],[-113.104511,45.348807],[-113.105541,45.348212],[-113.105808,45.347892],[-113.106006,45.347125],[-113.107097,45.346324],[-113.108661,45.345336],[-113.109027,45.344943],[-113.110256,45.344527],[-113.110645,45.344275],[-113.111675,45.344149],[-113.11314,45.343661],[-113.114567,45.343619],[-113.115452,45.343779],[-113.116466,45.343833],[-113.11903,45.342856],[-113.119808,45.342768]]}},{"type":"Feature","properties":{"id":"wat-b413","kind":"water","name":"Creek","acres":null,"editable":false,"source":"USGS 3DHP flowlines (Channel Line)"},"geometry":{"type":"LineString","coordinates":[[-112.95038,45.171155],[-112.949686,45.171113],[-112.948237,45.171213],[-112.947458,45.170942],[-112.945803,45.170938],[-112.945276,45.170801],[-112.944712,45.17027],[-112.944658,45.169805],[-112.944437,45.169553],[-112.944391,45.169301],[-112.944002,45.168695],[-112.943376,45.168283],[-112.942156,45.168012],[-112.941415,45.167764],[-112.940782,45.167673],[-112.939691,45.166913],[-112.938142,45.166009],[-112.937768,45.165677],[-112.936632,45.165449],[-112.935449,45.165105],[-112.93519,45.164949]]}},{"type":"Feature","properties":{"id":"wat-b414","kind":"water","name":"Sagebrush Creek","acres":null,"editable":false,"source":"USGS 3DHP flowlines (Channel Line)"},"geometry":{"type":"LineString","coordinates":[[-113.016323,45.16256],[-113.016345,45.163015],[-113.016252,45.16318],[-113.015205,45.163316],[-113.015003,45.163706],[-113.014833,45.163826],[-113.013941,45.163969],[-113.013786,45.164051],[-113.0137,45.165011],[-113.013513,45.165214],[-113.013335,45.165285],[-113.012668,45.165296],[-113.012063,45.165531],[-113.011853,45.165696],[-113.011434,45.166305],[-113.011186,45.166271],[-113.010488,45.166364],[-113.009952,45.166896],[-113.009767,45.166732],[-113.009185,45.166962],[-113.008713,45.167053]]}},{"type":"Feature","properties":{"id":"wat-b415","kind":"water","name":"Swamp Creek","acres":null,"editable":false,"source":"USGS 3DHP flowlines (Channel Line)"},"geometry":{"type":"LineString","coordinates":[[-113.146822,45.237227],[-113.145983,45.236928],[-113.145469,45.236587],[-113.144978,45.236505]]}},{"type":"Feature","properties":{"id":"wat-b416","kind":"water","name":"Creek","acres":null,"editable":false,"source":"USGS 3DHP flowlines (Channel Line)"},"geometry":{"type":"LineString","coordinates":[[-113.038596,45.217597],[-113.038384,45.217386],[-113.038361,45.21724],[-113.03878,45.216901],[-113.038799,45.216713],[-113.038428,45.216439]]}},{"type":"Feature","properties":{"id":"wat-b417","kind":"water","name":"Brays Canyon Creek","acres":null,"editable":false,"source":"USGS 3DHP flowlines (Channel Line)"},"geometry":{"type":"LineString","coordinates":[[-113.132349,45.185946],[-113.131312,45.185568]]}},{"type":"Feature","properties":{"id":"wat-b418","kind":"water","name":"Creek","acres":null,"editable":false,"source":"USGS 3DHP flowlines (Channel Line)"},"geometry":{"type":"LineString","coordinates":[[-112.989723,45.362385],[-112.988424,45.361186],[-112.988104,45.36048],[-112.987432,45.359797],[-112.986761,45.359435],[-112.986341,45.359309],[-112.98495,45.359055]]}},{"type":"Feature","properties":{"id":"wat-b419","kind":"water","name":"Reservoir Creek","acres":null,"editable":false,"source":"USGS 3DHP flowlines (Channel Line)"},"geometry":{"type":"LineString","coordinates":[[-113.11507,45.149503],[-113.11443,45.149574],[-113.112367,45.150115],[-113.111889,45.150521]]}},{"type":"Feature","properties":{"id":"wat-b420","kind":"water","name":"Left Fork Swamp Creek","acres":null,"editable":false,"source":"USGS 3DHP flowlines (Channel Line)"},"geometry":{"type":"LineString","coordinates":[[-113.196808,45.246276],[-113.196661,45.246165]]}},{"type":"Feature","properties":{"id":"wat-b421","kind":"water","name":"Creek","acres":null,"editable":false,"source":"USGS 3DHP flowlines (Channel Line)"},"geometry":{"type":"LineString","coordinates":[[-113.154587,45.187489],[-113.154088,45.187377],[-113.153746,45.187213],[-113.153294,45.186873],[-113.153074,45.186524],[-113.152833,45.186328],[-113.152301,45.186172],[-113.152103,45.185873],[-113.150195,45.184004]]}},{"type":"Feature","properties":{"id":"wat-b422","kind":"water","name":"Creek","acres":null,"editable":false,"source":"USGS 3DHP flowlines (Channel Line)"},"geometry":{"type":"LineString","coordinates":[[-113.104398,45.154408],[-113.101519,45.154976]]}},{"type":"Feature","properties":{"id":"wat-b423","kind":"water","name":"Creek","acres":null,"editable":false,"source":"USGS 3DHP flowlines (Channel Line)"},"geometry":{"type":"LineString","coordinates":[[-112.893844,45.202631],[-112.892924,45.202714]]}},{"type":"Feature","properties":{"id":"wat-b424","kind":"water","name":"Creek","acres":null,"editable":false,"source":"USGS 3DHP flowlines (Channel Line)"},"geometry":{"type":"LineString","coordinates":[[-113.029186,45.414245],[-113.029864,45.414536]]}},{"type":"Feature","properties":{"id":"wat-b425","kind":"water","name":"Creek","acres":null,"editable":false,"source":"USGS 3DHP flowlines (Channel Line)"},"geometry":{"type":"LineString","coordinates":[[-113.051683,45.210235],[-113.051015,45.209499],[-113.050729,45.208623]]}},{"type":"Feature","properties":{"id":"wat-b426","kind":"water","name":"Creek","acres":null,"editable":false,"source":"USGS 3DHP flowlines (Channel Line)"},"geometry":{"type":"LineString","coordinates":[[-113.021636,45.412231],[-113.022491,45.412509],[-113.02321,45.412529]]}},{"type":"Feature","properties":{"id":"wat-b427","kind":"water","name":"Creek","acres":null,"editable":false,"source":"USGS 3DHP flowlines (Channel Line)"},"geometry":{"type":"LineString","coordinates":[[-112.961758,45.281538],[-112.96198,45.279409],[-112.96169,45.278288],[-112.961942,45.27635],[-112.962262,45.27511],[-112.962415,45.274012],[-112.962125,45.2736],[-112.961041,45.272772],[-112.960889,45.272379],[-112.960973,45.271856],[-112.960599,45.270967],[-112.960553,45.270235],[-112.960278,45.269766],[-112.96024,45.269495],[-112.959752,45.268698],[-112.959813,45.26832],[-112.960324,45.267744],[-112.960431,45.267504],[-112.959988,45.266642],[-112.959965,45.266321],[-112.959538,45.265703],[-112.959645,45.265345],[-112.96011,45.264833],[-112.960225,45.264482],[-112.960034,45.263357],[-112.960179,45.262762],[-112.96011,45.262178],[-112.960179,45.261823],[-112.960126,45.261457],[-112.959889,45.261041],[-112.96008,45.260805],[-112.960355,45.259458],[-112.960721,45.258615],[-112.961179,45.258245],[-112.962819,45.257711],[-112.963139,45.257551],[-112.963429,45.257284],[-112.964223,45.256235],[-112.964459,45.255773],[-112.965322,45.254781],[-112.965352,45.254431],[-112.965871,45.253847],[-112.965909,45.253195],[-112.966359,45.251947],[-112.967176,45.251104]]}},{"type":"Feature","properties":{"id":"wat-b428","kind":"water","name":"Creek","acres":null,"editable":false,"source":"USGS 3DHP flowlines (Channel Line)"},"geometry":{"type":"LineString","coordinates":[[-113.05156,45.18096],[-113.049495,45.180426]]}},{"type":"Feature","properties":{"id":"wat-b429","kind":"water","name":"Creek","acres":null,"editable":false,"source":"USGS 3DHP flowlines (Channel Line)"},"geometry":{"type":"LineString","coordinates":[[-113.089994,45.237786],[-113.089766,45.237319]]}},{"type":"Feature","properties":{"id":"wat-b430","kind":"water","name":"Rattlesnake Creek","acres":null,"editable":false,"source":"USGS 3DHP flowlines (Channel Line)"},"geometry":{"type":"LineString","coordinates":[[-112.94386,45.333782],[-112.943846,45.333688],[-112.943955,45.333641]]}},{"type":"Feature","properties":{"id":"wat-b431","kind":"water","name":"Creek","acres":null,"editable":false,"source":"USGS 3DHP flowlines (Channel Line)"},"geometry":{"type":"LineString","coordinates":[[-113.062724,45.16414],[-113.06253,45.164109]]}},{"type":"Feature","properties":{"id":"wat-b432","kind":"water","name":"Reservoir Creek","acres":null,"editable":false,"source":"USGS 3DHP flowlines (Channel Line)"},"geometry":{"type":"LineString","coordinates":[[-113.034018,45.162132],[-113.033405,45.162253],[-113.033064,45.16245],[-113.031784,45.162735],[-113.030916,45.162735],[-113.030164,45.162888],[-113.029714,45.163091],[-113.028969,45.163722],[-113.028542,45.163859],[-113.028023,45.163881],[-113.027139,45.163622],[-113.026619,45.163622],[-113.026216,45.163721],[-113.025937,45.163885],[-113.025549,45.16439],[-113.024633,45.165026],[-113.02323,45.165459],[-113.022779,45.165947],[-113.022105,45.166303],[-113.021561,45.166967],[-113.021065,45.167389],[-113.02094,45.167932],[-113.020754,45.168201],[-113.020661,45.168261],[-113.020455,45.168108],[-113.020095,45.168209],[-113.019759,45.168559],[-113.019399,45.168662]]}},{"type":"Feature","properties":{"id":"wat-b433","kind":"water","name":"Lake Creek","acres":null,"editable":false,"source":"USGS 3DHP flowlines (Channel Line)"},"geometry":{"type":"LineString","coordinates":[[-113.0748,45.389251],[-113.07554,45.389106],[-113.076334,45.388831],[-113.077608,45.388625],[-113.077967,45.388465],[-113.078188,45.388259],[-113.078554,45.38819],[-113.07908,45.387931],[-113.080614,45.387816]]}},{"type":"Feature","properties":{"id":"wat-b434","kind":"water","name":"Creek","acres":null,"editable":false,"source":"USGS 3DHP flowlines (Channel Line)"},"geometry":{"type":"LineString","coordinates":[[-113.082271,45.160505],[-113.081309,45.160769],[-113.079573,45.16106],[-113.078107,45.16208],[-113.077216,45.162448],[-113.076937,45.162437],[-113.076673,45.162322],[-113.075215,45.162646],[-113.07323,45.162668],[-113.070454,45.163271],[-113.069594,45.163655],[-113.069153,45.163742]]}},{"type":"Feature","properties":{"id":"wat-b435","kind":"water","name":"Creek","acres":null,"editable":false,"source":"USGS 3DHP flowlines (Channel Line)"},"geometry":{"type":"LineString","coordinates":[[-112.998976,45.373587],[-112.99774,45.373534],[-112.996664,45.373855],[-112.996054,45.373893],[-112.99539,45.373813],[-112.994779,45.373881],[-112.993292,45.374301],[-112.990736,45.375216],[-112.989584,45.375449],[-112.988836,45.375487],[-112.986593,45.375388],[-112.986204,45.375449]]}},{"type":"Feature","properties":{"id":"wat-b436","kind":"water","name":"Creek","acres":null,"editable":false,"source":"USGS 3DHP flowlines (Channel Line)"},"geometry":{"type":"LineString","coordinates":[[-113.142001,45.179381],[-113.141215,45.179331],[-113.139961,45.179404]]}},{"type":"Feature","properties":{"id":"wat-b437","kind":"water","name":"Dory Creek","acres":null,"editable":false,"source":"USGS 3DHP flowlines (Channel Line)"},"geometry":{"type":"LineString","coordinates":[[-113.165671,45.445197],[-113.166319,45.444476],[-113.166464,45.444091],[-113.166464,45.4435],[-113.166258,45.442222],[-113.165938,45.441333],[-113.164716,45.439683]]}},{"type":"Feature","properties":{"id":"wat-b438","kind":"water","name":"Harrison Creek","acres":null,"editable":false,"source":"USGS 3DHP flowlines (Channel Line)"},"geometry":{"type":"LineString","coordinates":[[-113.125542,45.290784],[-113.125283,45.290946]]}},{"type":"Feature","properties":{"id":"wat-b439","kind":"water","name":"Creek","acres":null,"editable":false,"source":"USGS 3DHP flowlines (Channel Line)"},"geometry":{"type":"LineString","coordinates":[[-113.131326,45.164302],[-113.130144,45.164637],[-113.128755,45.164782],[-113.127519,45.165133],[-113.125948,45.165148],[-113.125837,45.165256],[-113.123665,45.165345],[-113.121975,45.165237],[-113.120091,45.165237],[-113.116547,45.165086],[-113.116275,45.165058],[-113.115559,45.164719]]}},{"type":"Feature","properties":{"id":"wat-b440","kind":"water","name":"Rattlesnake Creek","acres":null,"editable":false,"source":"USGS 3DHP flowlines (Channel Line)"},"geometry":{"type":"LineString","coordinates":[[-112.995725,45.409923],[-112.9953,45.409773]]}},{"type":"Feature","properties":{"id":"wat-b441","kind":"water","name":"Creek","acres":null,"editable":false,"source":"USGS 3DHP flowlines (Channel Line)"},"geometry":{"type":"LineString","coordinates":[[-113.100131,45.266682],[-113.100633,45.26621],[-113.100487,45.265799]]}},{"type":"Feature","properties":{"id":"wat-b442","kind":"water","name":"Picket Creek","acres":null,"editable":false,"source":"USGS 3DHP flowlines (Channel Line)"},"geometry":{"type":"LineString","coordinates":[[-113.200615,45.349753],[-113.198921,45.34991],[-113.19857,45.349883],[-113.197746,45.349689],[-113.19693,45.349387],[-113.196365,45.34899],[-113.195816,45.348464],[-113.195381,45.3483],[-113.194335,45.348086],[-113.193733,45.347732],[-113.191245,45.345469],[-113.189979,45.344703],[-113.188468,45.343085],[-113.187499,45.342441],[-113.186133,45.341773],[-113.185653,45.341613],[-113.18492,45.341521],[-113.184043,45.341605],[-113.183722,45.341571]]}},{"type":"Feature","properties":{"id":"wat-b443","kind":"water","name":"Creek","acres":null,"editable":false,"source":"USGS 3DHP flowlines (Channel Line)"},"geometry":{"type":"LineString","coordinates":[[-112.967176,45.251104],[-112.967015,45.250112],[-112.966886,45.249944],[-112.966939,45.249719],[-112.967481,45.248403],[-112.967939,45.248045],[-112.968579,45.247862],[-112.96893,45.247854],[-112.970609,45.24806],[-112.972005,45.248075],[-112.972936,45.24772],[-112.973836,45.24711],[-112.975774,45.246111],[-112.976682,45.245851],[-112.977163,45.245866],[-112.977399,45.245802],[-112.978139,45.245397],[-112.979513,45.245092],[-112.980405,45.244566],[-112.981496,45.244398],[-112.982404,45.24394],[-112.98271,45.243635],[-112.98374,45.2437],[-112.985891,45.24352],[-112.98641,45.243414],[-112.98686,45.243158],[-112.987203,45.242834],[-112.9876,45.241865]]}},{"type":"Feature","properties":{"id":"wat-b444","kind":"water","name":"Shale Creek","acres":null,"editable":false,"source":"USGS 3DHP flowlines (Channel Line)"},"geometry":{"type":"LineString","coordinates":[[-113.116574,45.413988],[-113.113941,45.414012],[-113.112575,45.413913]]}},{"type":"Feature","properties":{"id":"wat-b445","kind":"water","name":"Grasshopper Creek","acres":null,"editable":false,"source":"USGS 3DHP flowlines (Channel Line)"},"geometry":{"type":"LineString","coordinates":[[-113.113584,45.426214],[-113.113392,45.426048],[-113.113077,45.425937],[-113.112989,45.425437],[-113.112865,45.425273],[-113.113025,45.424972],[-113.112781,45.424617],[-113.112766,45.424186],[-113.112415,45.423839],[-113.112361,45.423484],[-113.111919,45.423244],[-113.111782,45.423034],[-113.111812,45.422935],[-113.112209,45.422668],[-113.112097,45.422402],[-113.112188,45.422009],[-113.11203,45.421847],[-113.112176,45.421692]]}},{"type":"Feature","properties":{"id":"wat-b446","kind":"water","name":"Creek","acres":null,"editable":false,"source":"USGS 3DHP flowlines (Channel Line)"},"geometry":{"type":"LineString","coordinates":[[-112.980846,45.357736],[-112.980592,45.357331],[-112.980232,45.35716],[-112.979489,45.356934],[-112.978858,45.356898]]}},{"type":"Feature","properties":{"id":"wat-b447","kind":"water","name":"Clark Creek","acres":null,"editable":false,"source":"USGS 3DHP flowlines (Channel Line)"},"geometry":{"type":"LineString","coordinates":[[-113.02864,45.431345],[-113.02888,45.43139]]}},{"type":"Feature","properties":{"id":"wat-b448","kind":"water","name":"Creek","acres":null,"editable":false,"source":"USGS 3DHP flowlines (Channel Line)"},"geometry":{"type":"LineString","coordinates":[[-113.048621,45.159855],[-113.048492,45.159823]]}},{"type":"Feature","properties":{"id":"wat-b449","kind":"water","name":"Creek","acres":null,"editable":false,"source":"USGS 3DHP flowlines (Channel Line)"},"geometry":{"type":"LineString","coordinates":[[-113.089785,45.416811],[-113.090174,45.416652],[-113.09025,45.416465],[-113.090473,45.416304]]}},{"type":"Feature","properties":{"id":"wat-b450","kind":"water","name":"Right Fork Buffalo Creek","acres":null,"editable":false,"source":"USGS 3DHP flowlines (Channel Line)"},"geometry":{"type":"LineString","coordinates":[[-113.197019,45.188449],[-113.197721,45.18798],[-113.198438,45.187751],[-113.199148,45.187644],[-113.199552,45.1874],[-113.200132,45.187232],[-113.200697,45.186957],[-113.200933,45.186462],[-113.200909,45.185633]]}},{"type":"Feature","properties":{"id":"wat-b451","kind":"water","name":"Lake Creek","acres":null,"editable":false,"source":"USGS 3DHP flowlines (Channel Line)"},"geometry":{"type":"LineString","coordinates":[[-113.039996,45.394758],[-113.040162,45.394766]]}},{"type":"Feature","properties":{"id":"wat-b452","kind":"water","name":"Creek","acres":null,"editable":false,"source":"USGS 3DHP flowlines (Channel Line)"},"geometry":{"type":"LineString","coordinates":[[-113.006975,45.359834],[-113.006486,45.359832]]}},{"type":"Feature","properties":{"id":"wat-b453","kind":"water","name":"Buffalo Creek","acres":null,"editable":false,"source":"USGS 3DHP flowlines (Channel Line)"},"geometry":{"type":"LineString","coordinates":[[-113.195773,45.157658],[-113.195614,45.157702],[-113.195214,45.157438],[-113.194943,45.157088],[-113.194472,45.156774],[-113.192893,45.156245],[-113.192572,45.156322],[-113.192125,45.15628],[-113.191768,45.156119],[-113.18947,45.15584],[-113.187506,45.155742],[-113.18627,45.155434],[-113.185257,45.155379],[-113.184174,45.155455],[-113.182523,45.155213]]}},{"type":"Feature","properties":{"id":"wat-b454","kind":"water","name":"Creek","acres":null,"editable":false,"source":"USGS 3DHP flowlines (Channel Line)"},"geometry":{"type":"LineString","coordinates":[[-113.175893,45.219475],[-113.175283,45.219512],[-113.172964,45.220137],[-113.171987,45.220301],[-113.171247,45.220916],[-113.170957,45.221038],[-113.170217,45.221144],[-113.168348,45.220256],[-113.167287,45.219287],[-113.166547,45.21884],[-113.165448,45.218318],[-113.165013,45.218203],[-113.16435,45.218184],[-113.163251,45.218558],[-113.162839,45.218627],[-113.162137,45.218562],[-113.161008,45.218604],[-113.159962,45.218455],[-113.159177,45.218253],[-113.157139,45.218005],[-113.156529,45.217814],[-113.155682,45.217394],[-113.155156,45.217261],[-113.154606,45.217234],[-113.153401,45.217013],[-113.152935,45.21707],[-113.151989,45.217032],[-113.151219,45.217295],[-113.148953,45.217478],[-113.148228,45.217372],[-113.147457,45.217417],[-113.146168,45.217288],[-113.144032,45.217745],[-113.142948,45.217906],[-113.142742,45.21786],[-113.142185,45.218112],[-113.14156,45.218184],[-113.140667,45.218794],[-113.139561,45.219103],[-113.138805,45.219183],[-113.137386,45.219485],[-113.135998,45.220023]]}},{"type":"Feature","properties":{"id":"wat-b455","kind":"water","name":"Scudder Creek","acres":null,"editable":false,"source":"USGS 3DHP flowlines (Channel Line)"},"geometry":{"type":"LineString","coordinates":[[-113.056519,45.337939],[-113.056817,45.337447],[-113.057107,45.337206],[-113.058473,45.336516],[-113.059365,45.336207],[-113.059823,45.336123],[-113.060449,45.335639],[-113.060746,45.335234],[-113.060846,45.334895],[-113.060929,45.334311],[-113.060853,45.334006],[-113.061074,45.333869],[-113.061784,45.333827],[-113.061959,45.333766],[-113.061998,45.333674],[-113.061479,45.333106],[-113.061478,45.332662]]}},{"type":"Feature","properties":{"id":"wat-b456","kind":"water","name":"Krueger Creek","acres":null,"editable":false,"source":"USGS 3DHP flowlines (Channel Line)"},"geometry":{"type":"LineString","coordinates":[[-113.183722,45.341571],[-113.183288,45.341692]]}},{"type":"Feature","properties":{"id":"wat-b457","kind":"water","name":"Rock Creek","acres":null,"editable":false,"source":"USGS 3DHP flowlines (Channel Line)"},"geometry":{"type":"LineString","coordinates":[[-113.190139,45.308379],[-113.189598,45.308776],[-113.189678,45.30905]]}},{"type":"Feature","properties":{"id":"wat-b458","kind":"water","name":"Brays Canyon Creek","acres":null,"editable":false,"source":"USGS 3DHP flowlines (Channel Line)"},"geometry":{"type":"LineString","coordinates":[[-113.156368,45.193765],[-113.156159,45.193771]]}},{"type":"Feature","properties":{"id":"wat-b459","kind":"water","name":"Creek","acres":null,"editable":false,"source":"USGS 3DHP flowlines (Channel Line)"},"geometry":{"type":"LineString","coordinates":[[-112.879569,45.217946],[-112.879296,45.217939],[-112.878815,45.218198],[-112.878655,45.218656],[-112.877815,45.219381],[-112.877228,45.219514],[-112.876671,45.219541],[-112.874854,45.219966],[-112.87407,45.220027],[-112.873271,45.220208],[-112.872075,45.21999],[-112.871237,45.22005],[-112.869628,45.219199],[-112.869207,45.21912],[-112.868685,45.219163]]}},{"type":"Feature","properties":{"id":"wat-b460","kind":"water","name":"Rattlesnake Creek","acres":null,"editable":false,"source":"USGS 3DHP flowlines (Channel Line)"},"geometry":{"type":"LineString","coordinates":[[-112.898062,45.292809],[-112.897723,45.292661],[-112.896914,45.292631],[-112.896355,45.292488],[-112.894927,45.291911],[-112.893916,45.291804],[-112.89363,45.291679],[-112.891965,45.291655],[-112.890692,45.291257],[-112.889472,45.291316],[-112.888806,45.291274],[-112.888532,45.291167],[-112.888503,45.290929],[-112.88714,45.289615],[-112.885861,45.28943]]}},{"type":"Feature","properties":{"id":"wat-b461","kind":"water","name":"Rattlesnake Creek","acres":null,"editable":false,"source":"USGS 3DHP flowlines (Channel Line)"},"geometry":{"type":"LineString","coordinates":[[-112.946338,45.350482],[-112.946055,45.349455],[-112.945637,45.349061],[-112.945495,45.348334],[-112.945181,45.347842],[-112.944855,45.347657],[-112.944461,45.347011],[-112.944498,45.346598],[-112.944368,45.346383],[-112.944245,45.345583],[-112.944412,45.345379],[-112.944738,45.344339],[-112.944738,45.344013],[-112.944565,45.343797],[-112.94475,45.343576],[-112.944719,45.343391],[-112.944473,45.343446],[-112.944338,45.343286],[-112.94453,45.342898]]}},{"type":"Feature","properties":{"id":"wat-b462","kind":"water","name":"Creek","acres":null,"editable":false,"source":"USGS 3DHP flowlines (Channel Line)"},"geometry":{"type":"LineString","coordinates":[[-113.080437,45.17078],[-113.08046,45.170264],[-113.080266,45.169864],[-113.07963,45.169359],[-113.07873,45.169107],[-113.07828,45.168888],[-113.077815,45.168038],[-113.07683,45.16778],[-113.075806,45.167703],[-113.073673,45.166639],[-113.073061,45.166541],[-113.072502,45.166354],[-113.071525,45.165767],[-113.070765,45.164972],[-113.069982,45.16439],[-113.069222,45.163968],[-113.068984,45.163739]]}},{"type":"Feature","properties":{"id":"wat-b463","kind":"water","name":"Creek","acres":null,"editable":false,"source":"USGS 3DHP flowlines (Channel Line)"},"geometry":{"type":"LineString","coordinates":[[-113.12024,45.404003],[-113.119106,45.404025],[-113.11861,45.403941],[-113.117588,45.403609],[-113.116115,45.403453],[-113.115955,45.403339],[-113.115528,45.402618],[-113.115203,45.402435]]}},{"type":"Feature","properties":{"id":"wat-b464","kind":"water","name":"North Fork Hayes Creek","acres":null,"editable":false,"source":"USGS 3DHP flowlines (Channel Line)"},"geometry":{"type":"LineString","coordinates":[[-113.135998,45.220023],[-113.135605,45.220071],[-113.134829,45.219767],[-113.134582,45.219711],[-113.134081,45.219756],[-113.133462,45.219537],[-113.133119,45.219497],[-113.132776,45.219486],[-113.132253,45.219666],[-113.130262,45.219073],[-113.129647,45.21865],[-113.127926,45.218415]]}},{"type":"Feature","properties":{"id":"wat-b465","kind":"water","name":"Rock Creek","acres":null,"editable":false,"source":"USGS 3DHP flowlines (Channel Line)"},"geometry":{"type":"LineString","coordinates":[[-113.188011,45.310116],[-113.187107,45.310714],[-113.186546,45.310836],[-113.185503,45.311551],[-113.184807,45.311904],[-113.182944,45.31259],[-113.1824,45.312929],[-113.181217,45.313357],[-113.180668,45.313426],[-113.179451,45.313831],[-113.179216,45.313841],[-113.177959,45.314321],[-113.177541,45.314674],[-113.176989,45.314876],[-113.175933,45.315092],[-113.175484,45.315068],[-113.174558,45.315603],[-113.173539,45.315933]]}},{"type":"Feature","properties":{"id":"wat-b466","kind":"water","name":"Buffalo Creek","acres":null,"editable":false,"source":"USGS 3DHP flowlines (Channel Line)"},"geometry":{"type":"LineString","coordinates":[[-113.065545,45.215637],[-113.065083,45.216242],[-113.065173,45.216304],[-113.06517,45.216558],[-113.065277,45.216593],[-113.065206,45.216893],[-113.065038,45.216964],[-113.064813,45.216786],[-113.064402,45.217386],[-113.063988,45.217428],[-113.063928,45.217756]]}},{"type":"Feature","properties":{"id":"wat-b467","kind":"water","name":"Middle Creek","acres":null,"editable":false,"source":"USGS 3DHP flowlines (Channel Line)"},"geometry":{"type":"LineString","coordinates":[[-113.152162,45.310691],[-113.151258,45.311206],[-113.150472,45.311469],[-113.150189,45.311464]]}},{"type":"Feature","properties":{"id":"wat-b468","kind":"water","name":"Creek","acres":null,"editable":false,"source":"USGS 3DHP flowlines (Channel Line)"},"geometry":{"type":"LineString","coordinates":[[-113.129098,45.248934],[-113.128636,45.249194],[-113.128283,45.249514],[-113.128116,45.249927]]}},{"type":"Feature","properties":{"id":"wat-b469","kind":"water","name":"Creek","acres":null,"editable":false,"source":"USGS 3DHP flowlines (Channel Line)"},"geometry":{"type":"LineString","coordinates":[[-113.013217,45.32716],[-113.013072,45.327009],[-113.013082,45.326624]]}},{"type":"Feature","properties":{"id":"wat-b470","kind":"water","name":"Creek","acres":null,"editable":false,"source":"USGS 3DHP flowlines (Channel Line)"},"geometry":{"type":"LineString","coordinates":[[-112.951097,45.198336],[-112.951579,45.198061],[-112.952167,45.198011],[-112.952968,45.198198],[-112.953868,45.198251],[-112.955638,45.198747],[-112.956801,45.199197]]}},{"type":"Feature","properties":{"id":"wat-b471","kind":"water","name":"Cold Spring Creek","acres":null,"editable":false,"source":"USGS 3DHP flowlines (Channel Line)"},"geometry":{"type":"LineString","coordinates":[[-112.94053,45.152986],[-112.940385,45.152536],[-112.940385,45.152044],[-112.940881,45.150842],[-112.940675,45.150201],[-112.940751,45.149476],[-112.940431,45.148603],[-112.94085,45.147107],[-112.94085,45.146421],[-112.941201,45.145849],[-112.941209,45.145574],[-112.940942,45.144632],[-112.940705,45.144185],[-112.940591,45.143502],[-112.940308,45.143071],[-112.94082,45.142617],[-112.940994,45.141852]]}},{"type":"Feature","properties":{"id":"wat-b472","kind":"water","name":"Creek","acres":null,"editable":false,"source":"USGS 3DHP flowlines (Channel Line)"},"geometry":{"type":"LineString","coordinates":[[-113.128002,45.402946],[-113.127346,45.402824],[-113.126736,45.402843],[-113.126286,45.403018],[-113.125988,45.403312],[-113.125599,45.403442],[-113.123646,45.403342],[-113.123013,45.403461],[-113.122548,45.403636]]}},{"type":"Feature","properties":{"id":"wat-b473","kind":"water","name":"Creek","acres":null,"editable":false,"source":"USGS 3DHP flowlines (Channel Line)"},"geometry":{"type":"LineString","coordinates":[[-113.085169,45.37857],[-113.085749,45.379146],[-113.085947,45.379909],[-113.086199,45.380298],[-113.086436,45.381099],[-113.086344,45.381755],[-113.086718,45.38267],[-113.086764,45.383357],[-113.086916,45.383842],[-113.086848,45.38433],[-113.087107,45.385299],[-113.087427,45.385699]]}},{"type":"Feature","properties":{"id":"wat-b474","kind":"water","name":"Billings Creek","acres":null,"editable":false,"source":"USGS 3DHP flowlines (Channel Line)"},"geometry":{"type":"LineString","coordinates":[[-113.060708,45.37025],[-113.061837,45.370589],[-113.062463,45.370875],[-113.062829,45.371222],[-113.063523,45.372329],[-113.065149,45.373244],[-113.0655,45.373378],[-113.066224,45.373462],[-113.066758,45.373408],[-113.067544,45.373153]]}},{"type":"Feature","properties":{"id":"wat-b475","kind":"water","name":"Creek","acres":null,"editable":false,"source":"USGS 3DHP flowlines (Channel Line)"},"geometry":{"type":"LineString","coordinates":[[-112.881906,45.395667],[-112.879653,45.395888],[-112.878205,45.395818],[-112.877945,45.395862],[-112.877121,45.396099],[-112.87632,45.396191],[-112.875907,45.396384],[-112.875854,45.396544],[-112.875291,45.396938],[-112.874275,45.397212],[-112.872688,45.397433],[-112.869644,45.39766],[-112.868156,45.397983],[-112.865647,45.398711],[-112.864235,45.398926],[-112.862724,45.399341],[-112.861687,45.399536],[-112.859886,45.399676],[-112.857818,45.40004],[-112.856331,45.400463],[-112.85392,45.400016],[-112.852791,45.400055],[-112.851889,45.400242],[-112.848984,45.40102],[-112.845107,45.402363],[-112.84175,45.404155],[-112.840529,45.405209],[-112.839613,45.405773]]}},{"type":"Feature","properties":{"id":"wat-b476","kind":"water","name":"Swamp Creek","acres":null,"editable":false,"source":"USGS 3DHP flowlines (Channel Line)"},"geometry":{"type":"LineString","coordinates":[[-113.10828,45.230684],[-113.107981,45.230961],[-113.107175,45.231346],[-113.105369,45.231389],[-113.104926,45.231561],[-113.104569,45.231596],[-113.103727,45.231989],[-113.103113,45.231925],[-113.102949,45.23201]]}},{"type":"Feature","properties":{"id":"wat-b477","kind":"water","name":"Krueger Creek","acres":null,"editable":false,"source":"USGS 3DHP flowlines (Channel Line)"},"geometry":{"type":"LineString","coordinates":[[-113.182853,45.341845],[-113.181507,45.342346],[-113.18035,45.342349]]}},{"type":"Feature","properties":{"id":"wat-b478","kind":"water","name":"Buffalo Creek","acres":null,"editable":false,"source":"USGS 3DHP flowlines (Channel Line)"},"geometry":{"type":"LineString","coordinates":[[-113.080652,45.204192],[-113.079092,45.205477],[-113.078156,45.206106],[-113.077759,45.206198],[-113.077633,45.206492],[-113.076663,45.20703],[-113.076487,45.207301],[-113.076234,45.20825],[-113.075759,45.20862],[-113.074991,45.209095],[-113.074334,45.209381],[-113.074146,45.209556],[-113.073339,45.209815]]}},{"type":"Feature","properties":{"id":"wat-b479","kind":"water","name":"Dyce Creek","acres":null,"editable":false,"source":"USGS 3DHP flowlines (Channel Line)"},"geometry":{"type":"LineString","coordinates":[[-113.035702,45.256383],[-113.03524,45.255553]]}},{"type":"Feature","properties":{"id":"wat-b480","kind":"water","name":"Cold Spring Creek","acres":null,"editable":false,"source":"USGS 3DHP flowlines (Channel Line)"},"geometry":{"type":"LineString","coordinates":[[-112.941022,45.140486],[-112.941003,45.13994],[-112.941265,45.139541]]}},{"type":"Feature","properties":{"id":"wat-b481","kind":"water","name":"Creek","acres":null,"editable":false,"source":"USGS 3DHP flowlines (Channel Line)"},"geometry":{"type":"LineString","coordinates":[[-113.150454,45.175804],[-113.149141,45.176579]]}},{"type":"Feature","properties":{"id":"wat-b482","kind":"water","name":"Creek","acres":null,"editable":false,"source":"USGS 3DHP flowlines (Channel Line)"},"geometry":{"type":"LineString","coordinates":[[-112.986347,45.401641],[-112.985945,45.401732]]}},{"type":"Feature","properties":{"id":"wat-b483","kind":"water","name":"Creek","acres":null,"editable":false,"source":"USGS 3DHP flowlines (Channel Line)"},"geometry":{"type":"LineString","coordinates":[[-113.165677,45.191759],[-113.165343,45.191684]]}},{"type":"Feature","properties":{"id":"wat-b484","kind":"water","name":"East Fork Dyce Creek","acres":null,"editable":false,"source":"USGS 3DHP flowlines (Channel Line)"},"geometry":{"type":"LineString","coordinates":[[-113.031647,45.304293],[-113.031948,45.304078],[-113.031952,45.303921],[-113.031876,45.303465],[-113.031585,45.302879]]}},{"type":"Feature","properties":{"id":"wat-b485","kind":"water","name":"Rattlesnake Creek","acres":null,"editable":false,"source":"USGS 3DHP flowlines (Channel Line)"},"geometry":{"type":"LineString","coordinates":[[-112.970414,45.40189],[-112.968121,45.400928],[-112.967465,45.400478],[-112.967015,45.400318],[-112.966794,45.400157],[-112.965802,45.399104],[-112.965702,45.398654],[-112.964749,45.397285]]}},{"type":"Feature","properties":{"id":"wat-b486","kind":"water","name":"Creek","acres":null,"editable":false,"source":"USGS 3DHP flowlines (Channel Line)"},"geometry":{"type":"LineString","coordinates":[[-113.150284,45.400205],[-113.14977,45.399764]]}},{"type":"Feature","properties":{"id":"wat-b487","kind":"water","name":"Neagle Creek","acres":null,"editable":false,"source":"USGS 3DHP flowlines (Channel Line)"},"geometry":{"type":"LineString","coordinates":[[-113.134903,45.378131],[-113.134686,45.376733],[-113.134349,45.375824],[-113.134274,45.374973],[-113.133753,45.373456]]}},{"type":"Feature","properties":{"id":"wat-b488","kind":"water","name":"Creek","acres":null,"editable":false,"source":"USGS 3DHP flowlines (Channel Line)"},"geometry":{"type":"LineString","coordinates":[[-112.913431,45.348144],[-112.910952,45.348613],[-112.910311,45.348453],[-112.909708,45.348399],[-112.906389,45.347579],[-112.904856,45.347449],[-112.902582,45.346892],[-112.902109,45.346705],[-112.901388,45.346873]]}},{"type":"Feature","properties":{"id":"wat-b489","kind":"water","name":"Creek","acres":null,"editable":false,"source":"USGS 3DHP flowlines (Channel Line)"},"geometry":{"type":"LineString","coordinates":[[-113.047692,45.41661],[-113.048622,45.416141],[-113.049507,45.415847],[-113.051697,45.414428],[-113.052979,45.414031],[-113.053444,45.413226]]}},{"type":"Feature","properties":{"id":"wat-b490","kind":"water","name":"Creek","acres":null,"editable":false,"source":"USGS 3DHP flowlines (Channel Line)"},"geometry":{"type":"LineString","coordinates":[[-113.001296,45.370376],[-113.000148,45.370107]]}},{"type":"Feature","properties":{"id":"wat-b491","kind":"water","name":"Glidewell Creek","acres":null,"editable":false,"source":"USGS 3DHP flowlines (Channel Line)"},"geometry":{"type":"LineString","coordinates":[[-113.129208,45.260546],[-113.128699,45.259588],[-113.129031,45.259275],[-113.128963,45.259011],[-113.12821,45.258111],[-113.127887,45.257143],[-113.128102,45.256761],[-113.127975,45.256057],[-113.127085,45.25548],[-113.127144,45.255314],[-113.128122,45.254248],[-113.128112,45.253769],[-113.127965,45.253407],[-113.127985,45.252742],[-113.127659,45.252753]]}},{"type":"Feature","properties":{"id":"wat-b492","kind":"water","name":"Reservoir Creek","acres":null,"editable":false,"source":"USGS 3DHP flowlines (Channel Line)"},"geometry":{"type":"LineString","coordinates":[[-113.140616,45.143168],[-113.140283,45.14326]]}},{"type":"Feature","properties":{"id":"wat-b493","kind":"water","name":"Brays Canyon Creek","acres":null,"editable":false,"source":"USGS 3DHP flowlines (Channel Line)"},"geometry":{"type":"LineString","coordinates":[[-113.134841,45.187145],[-113.133616,45.186585]]}},{"type":"Feature","properties":{"id":"wat-b494","kind":"water","name":"Creek","acres":null,"editable":false,"source":"USGS 3DHP flowlines (Channel Line)"},"geometry":{"type":"LineString","coordinates":[[-112.902863,45.240687],[-112.902292,45.240873]]}},{"type":"Feature","properties":{"id":"wat-b495","kind":"water","name":"Taylor Creek","acres":null,"editable":false,"source":"USGS 3DHP flowlines (Channel Line)"},"geometry":{"type":"LineString","coordinates":[[-113.000895,45.207225],[-113.001175,45.207096],[-113.00134,45.206909],[-113.001203,45.20662],[-113.001742,45.206465]]}},{"type":"Feature","properties":{"id":"wat-b496","kind":"water","name":"Creek","acres":null,"editable":false,"source":"USGS 3DHP flowlines (Channel Line)"},"geometry":{"type":"LineString","coordinates":[[-113.111005,45.159268],[-113.11016,45.15901],[-113.108732,45.158309],[-113.107507,45.157887],[-113.106181,45.157591],[-113.105754,45.157268],[-113.105335,45.156692],[-113.104668,45.156231],[-113.103063,45.155491],[-113.101676,45.155087]]}},{"type":"Feature","properties":{"id":"wat-b497","kind":"water","name":"Creek","acres":null,"editable":false,"source":"USGS 3DHP flowlines (Channel Line)"},"geometry":{"type":"LineString","coordinates":[[-113.066124,45.204518],[-113.065147,45.204842],[-113.064479,45.205149],[-113.063199,45.205347],[-113.062493,45.205544],[-113.059474,45.205692],[-113.058807,45.20601],[-113.057053,45.206614],[-113.056774,45.206751],[-113.056378,45.207118],[-113.055998,45.207305],[-113.054818,45.207607],[-113.053476,45.207596],[-113.052382,45.207206],[-113.051691,45.207178],[-113.050992,45.207041],[-113.050431,45.206993],[-113.049731,45.207132]]}},{"type":"Feature","properties":{"id":"wat-b498","kind":"water","name":"Mule Creek","acres":null,"editable":false,"source":"USGS 3DHP flowlines (Channel Line)"},"geometry":{"type":"LineString","coordinates":[[-112.959988,45.408038],[-112.958797,45.408781],[-112.957958,45.40903],[-112.957508,45.409293],[-112.956975,45.409966],[-112.956425,45.410342],[-112.955959,45.410922],[-112.955257,45.411452],[-112.954753,45.412014],[-112.953785,45.412681],[-112.95345,45.413357],[-112.952892,45.413784],[-112.952641,45.414097],[-112.952351,45.41513],[-112.952015,45.415776],[-112.951404,45.416324],[-112.950344,45.416984],[-112.949634,45.41717],[-112.948612,45.41722],[-112.946995,45.417889]]}},{"type":"Feature","properties":{"id":"wat-b499","kind":"water","name":"Middle Creek","acres":null,"editable":false,"source":"USGS 3DHP flowlines (Channel Line)"},"geometry":{"type":"LineString","coordinates":[[-113.170454,45.30992],[-113.169981,45.309893],[-113.169569,45.309981],[-113.168493,45.31034],[-113.166983,45.310042],[-113.166319,45.309806],[-113.164984,45.309947],[-113.162924,45.309436],[-113.161573,45.30942],[-113.160281,45.309144]]}},{"type":"Feature","properties":{"id":"wat-b500","kind":"water","name":"Cold Spring Creek","acres":null,"editable":false,"source":"USGS 3DHP flowlines (Channel Line)"},"geometry":{"type":"LineString","coordinates":[[-112.939044,45.155539],[-112.939668,45.155065],[-112.940461,45.154661],[-112.941087,45.153993],[-112.941171,45.153745],[-112.94111,45.153562],[-112.94053,45.152986]]}},{"type":"Feature","properties":{"id":"wat-b501","kind":"water","name":"Driscoll Creek","acres":null,"editable":false,"source":"USGS 3DHP flowlines (Channel Line)"},"geometry":{"type":"LineString","coordinates":[[-113.106452,45.311408],[-113.106769,45.311339],[-113.10844,45.310626],[-113.111156,45.309905],[-113.112239,45.308943]]}},{"type":"Feature","properties":{"id":"wat-b502","kind":"water","name":"Lake Creek","acres":null,"editable":false,"source":"USGS 3DHP flowlines (Channel Line)"},"geometry":{"type":"LineString","coordinates":[[-113.034413,45.39731],[-113.034271,45.396793],[-113.034332,45.396632]]}},{"type":"Feature","properties":{"id":"wat-b503","kind":"water","name":"Creek","acres":null,"editable":false,"source":"USGS 3DHP flowlines (Channel Line)"},"geometry":{"type":"LineString","coordinates":[[-113.015821,45.168933],[-113.015786,45.1686],[-113.015583,45.168214],[-113.015169,45.16825],[-113.014825,45.168182],[-113.014554,45.16789]]}},{"type":"Feature","properties":{"id":"wat-b504","kind":"water","name":"Clark Creek","acres":null,"editable":false,"source":"USGS 3DHP flowlines (Channel Line)"},"geometry":{"type":"LineString","coordinates":[[-113.03377,45.43367],[-113.033721,45.43423],[-113.033966,45.43486]]}},{"type":"Feature","properties":{"id":"wat-b505","kind":"water","name":"Grasshopper Creek","acres":null,"editable":false,"source":"USGS 3DHP flowlines (Channel Line)"},"geometry":{"type":"LineString","coordinates":[[-113.110439,45.414535],[-113.110689,45.414416],[-113.110829,45.414543],[-113.110907,45.414487],[-113.110956,45.414108],[-113.111272,45.413967],[-113.11123,45.41382],[-113.111405,45.413736],[-113.111342,45.413581],[-113.111237,45.413497],[-113.111033,45.41349],[-113.111061,45.413427],[-113.111398,45.413293],[-113.111541,45.413118]]}},{"type":"Feature","properties":{"id":"wat-b506","kind":"water","name":"Creek","acres":null,"editable":false,"source":"USGS 3DHP flowlines (Channel Line)"},"geometry":{"type":"LineString","coordinates":[[-112.972596,45.372081],[-112.972508,45.372169],[-112.972012,45.372088],[-112.9717,45.371879],[-112.971433,45.371547],[-112.971143,45.371497],[-112.969983,45.371581],[-112.967229,45.371497],[-112.966763,45.370967],[-112.966725,45.370627],[-112.966313,45.370376],[-112.966275,45.369739],[-112.966099,45.369456],[-112.965062,45.368712],[-112.964199,45.368438],[-112.963848,45.368424]]}},{"type":"Feature","properties":{"id":"wat-b507","kind":"water","name":"Creek","acres":null,"editable":false,"source":"USGS 3DHP flowlines (Channel Line)"},"geometry":{"type":"LineString","coordinates":[[-113.059487,45.220471],[-113.05918,45.220542],[-113.05913,45.220678],[-113.058167,45.221063],[-113.05772,45.221442],[-113.057317,45.221529],[-113.055298,45.222374],[-113.055027,45.222659],[-113.0546,45.222873],[-113.054452,45.223175],[-113.053637,45.223723],[-113.053048,45.224529]]}},{"type":"Feature","properties":{"id":"wat-b508","kind":"water","name":"Creek","acres":null,"editable":false,"source":"USGS 3DHP flowlines (Channel Line)"},"geometry":{"type":"LineString","coordinates":[[-112.991716,45.400785],[-112.991759,45.400845]]}},{"type":"Feature","properties":{"id":"wat-b509","kind":"water","name":"Grasshopper Creek","acres":null,"editable":false,"source":"USGS 3DHP flowlines (Channel Line)"},"geometry":{"type":"LineString","coordinates":[[-113.115856,45.426727],[-113.11552,45.426688],[-113.115215,45.426399],[-113.11491,45.426315]]}},{"type":"Feature","properties":{"id":"wat-b510","kind":"water","name":"Clark Creek","acres":null,"editable":false,"source":"USGS 3DHP flowlines (Channel Line)"},"geometry":{"type":"LineString","coordinates":[[-113.102405,45.417781],[-113.103019,45.417239]]}},{"type":"Feature","properties":{"id":"wat-b511","kind":"water","name":"West Fork Dyce Creek","acres":null,"editable":false,"source":"USGS 3DHP flowlines (Channel Line)"},"geometry":{"type":"LineString","coordinates":[[-113.044311,45.310519],[-113.044234,45.310068],[-113.044323,45.309277],[-113.04446,45.308926],[-113.044763,45.308647],[-113.046708,45.308016],[-113.047214,45.307778],[-113.048981,45.306059],[-113.04976,45.305446],[-113.049986,45.30431],[-113.051628,45.302918],[-113.052211,45.301829],[-113.052378,45.301276],[-113.051979,45.300188],[-113.051537,45.299654],[-113.051347,45.299128],[-113.050919,45.29891],[-113.050614,45.298478],[-113.049982,45.298016],[-113.04935,45.297712],[-113.048991,45.297252],[-113.047856,45.296249],[-113.047784,45.295641],[-113.047435,45.295306],[-113.047337,45.294731],[-113.046805,45.29392],[-113.046825,45.293143],[-113.046317,45.292304],[-113.046395,45.291499],[-113.045991,45.29097],[-113.045712,45.290287],[-113.045345,45.290057]]}},{"type":"Feature","properties":{"id":"wat-b512","kind":"water","name":"Creek","acres":null,"editable":false,"source":"USGS 3DHP flowlines (Channel Line)"},"geometry":{"type":"LineString","coordinates":[[-113.11572,45.144246],[-113.114496,45.14445],[-113.113465,45.14428],[-113.112798,45.144313],[-113.111767,45.144177],[-113.110814,45.144402],[-113.109806,45.144128],[-113.10824,45.144189],[-113.106147,45.143826]]}},{"type":"Feature","properties":{"id":"wat-b513","kind":"water","name":"Creek","acres":null,"editable":false,"source":"USGS 3DHP flowlines (Channel Line)"},"geometry":{"type":"LineString","coordinates":[[-112.968969,45.270681],[-112.969525,45.269518],[-112.969609,45.268415],[-112.969922,45.267519],[-112.970433,45.267248],[-112.97154,45.266928],[-112.97215,45.2665],[-112.972761,45.265859],[-112.972822,45.265165],[-112.973165,45.264482],[-112.973279,45.26388],[-112.973714,45.262853],[-112.973714,45.261904],[-112.973516,45.261133],[-112.972959,45.260526],[-112.972532,45.259897],[-112.972486,45.259565],[-112.97212,45.258936],[-112.971959,45.258108],[-112.971349,45.256944],[-112.969724,45.255674],[-112.968465,45.253549],[-112.968015,45.253027],[-112.967305,45.251814],[-112.967176,45.251104]]}},{"type":"Feature","properties":{"id":"wat-b514","kind":"water","name":"Creek","acres":null,"editable":false,"source":"USGS 3DHP flowlines (Channel Line)"},"geometry":{"type":"LineString","coordinates":[[-113.026611,45.42844],[-113.027534,45.428787],[-113.028693,45.429813],[-113.029701,45.430149],[-113.030341,45.430622],[-113.030655,45.430739]]}},{"type":"Feature","properties":{"id":"wat-b515","kind":"water","name":"Trout Creek","acres":null,"editable":false,"source":"USGS 3DHP flowlines (Channel Line)"},"geometry":{"type":"LineString","coordinates":[[-112.882272,45.369865],[-112.88131,45.36853],[-112.877488,45.365669],[-112.876061,45.363384],[-112.875882,45.36265],[-112.875969,45.361961],[-112.876305,45.361125],[-112.876725,45.360523],[-112.876801,45.360263],[-112.87706,45.36003],[-112.87735,45.359515],[-112.877572,45.35934],[-112.877778,45.358859],[-112.877488,45.357154],[-112.877091,45.3562],[-112.877198,45.355769],[-112.87867,45.354675],[-112.879021,45.354293],[-112.879456,45.353137],[-112.880479,45.351646],[-112.880875,45.350631],[-112.881509,45.349647],[-112.882058,45.349116],[-112.88218,45.348239],[-112.882447,45.347667],[-112.883271,45.346824]]}},{"type":"Feature","properties":{"id":"wat-b516","kind":"water","name":"Rattlesnake Creek","acres":null,"editable":false,"source":"USGS 3DHP flowlines (Channel Line)"},"geometry":{"type":"LineString","coordinates":[[-112.993899,45.40939],[-112.993406,45.409122],[-112.992879,45.408603],[-112.99217,45.408382],[-112.991834,45.408099],[-112.99098,45.407626],[-112.990263,45.40747],[-112.98966,45.406936],[-112.98847,45.406432],[-112.987874,45.405856],[-112.987485,45.405654],[-112.987142,45.405353],[-112.986501,45.405216],[-112.985975,45.405345],[-112.98538,45.405261],[-112.984924,45.405279]]}},{"type":"Feature","properties":{"id":"wat-b517","kind":"water","name":"Creek","acres":null,"editable":false,"source":"USGS 3DHP flowlines (Channel Line)"},"geometry":{"type":"LineString","coordinates":[[-112.933543,45.332206],[-112.93394,45.331507],[-112.934047,45.331126],[-112.934764,45.330603],[-112.935382,45.329837],[-112.935802,45.329528],[-112.937,45.328906],[-112.937862,45.328692],[-112.939601,45.32783],[-112.939823,45.327647],[-112.939914,45.327323],[-112.940097,45.327105],[-112.94083,45.326762],[-112.941219,45.326445],[-112.942173,45.326125]]}},{"type":"Feature","properties":{"id":"wat-b518","kind":"water","name":"Creek","acres":null,"editable":false,"source":"USGS 3DHP flowlines (Channel Line)"},"geometry":{"type":"LineString","coordinates":[[-113.035628,45.1994],[-113.036018,45.199283],[-113.036057,45.199093],[-113.036442,45.19854],[-113.036396,45.198212],[-113.036139,45.198041],[-113.036217,45.197851],[-113.036685,45.197637],[-113.036442,45.197462],[-113.036349,45.196827],[-113.036535,45.196691],[-113.036649,45.196806],[-113.036928,45.196788],[-113.036871,45.196563],[-113.03696,45.196492],[-113.036867,45.196399],[-113.037138,45.196099],[-113.037131,45.195735],[-113.036703,45.195846],[-113.036589,45.195728]]}},{"type":"Feature","properties":{"id":"wat-b519","kind":"water","name":"South Fork Hayes Creek","acres":null,"editable":false,"source":"USGS 3DHP flowlines (Channel Line)"},"geometry":{"type":"LineString","coordinates":[[-113.11695,45.217997],[-113.116909,45.218271]]}},{"type":"Feature","properties":{"id":"wat-b520","kind":"water","name":"Creek","acres":null,"editable":false,"source":"USGS 3DHP flowlines (Channel Line)"},"geometry":{"type":"LineString","coordinates":[[-112.934981,45.240304],[-112.934718,45.239576],[-112.935397,45.237886],[-112.935771,45.237207],[-112.93587,45.236608],[-112.935764,45.236257],[-112.935474,45.235937],[-112.934489,45.235368],[-112.933238,45.235071],[-112.933139,45.234987],[-112.933253,45.234552],[-112.933162,45.234247],[-112.932948,45.234018],[-112.932933,45.233278],[-112.932818,45.23295],[-112.932727,45.232813],[-112.931941,45.232294],[-112.931674,45.231889],[-112.931407,45.231764],[-112.931231,45.231764],[-112.928447,45.232061],[-112.925334,45.232946],[-112.925112,45.233099],[-112.925059,45.233408],[-112.923876,45.233938],[-112.922671,45.23419],[-112.921923,45.234243],[-112.920733,45.234602],[-112.92013,45.235025],[-112.919749,45.235456],[-112.919467,45.235658],[-112.91923,45.235719],[-112.919039,45.235746],[-112.91862,45.235643],[-112.917857,45.234781],[-112.917719,45.234678],[-112.917376,45.234632],[-112.916483,45.234918],[-112.916407,45.234995],[-112.916659,45.235399],[-112.916613,45.235632],[-112.916193,45.235967],[-112.915903,45.236059],[-112.915461,45.236101],[-112.913157,45.23578],[-112.913027,45.23596],[-112.913409,45.236673],[-112.913332,45.237009],[-112.91292,45.237207],[-112.912226,45.237306],[-112.911898,45.237497],[-112.911577,45.23747],[-112.911089,45.237241],[-112.91057,45.237188],[-112.908953,45.237371],[-112.908152,45.237623],[-112.907152,45.237642],[-112.906603,45.237726],[-112.906122,45.238134],[-112.904802,45.238516],[-112.903566,45.239271],[-112.903391,45.239629],[-112.903748,45.240189],[-112.903444,45.240432]]}},{"type":"Feature","properties":{"id":"wat-b521","kind":"water","name":"Creek","acres":null,"editable":false,"source":"USGS 3DHP flowlines (Channel Line)"},"geometry":{"type":"LineString","coordinates":[[-113.006754,45.212613],[-113.007313,45.212087],[-113.007508,45.211687],[-113.007393,45.210249],[-113.007859,45.209322],[-113.008597,45.208439],[-113.008691,45.207595],[-113.008669,45.206163]]}},{"type":"Feature","properties":{"id":"wat-b522","kind":"water","name":"Reservoir Creek","acres":null,"editable":false,"source":"USGS 3DHP flowlines (Channel Line)"},"geometry":{"type":"LineString","coordinates":[[-113.088644,45.156035],[-113.088014,45.156299]]}},{"type":"Feature","properties":{"id":"wat-b523","kind":"water","name":"Creek","acres":null,"editable":false,"source":"USGS 3DHP flowlines (Channel Line)"},"geometry":{"type":"LineString","coordinates":[[-112.966908,45.38072],[-112.967312,45.37844]]}},{"type":"Feature","properties":{"id":"wat-b524","kind":"water","name":"Creek","acres":null,"editable":false,"source":"USGS 3DHP flowlines (Channel Line)"},"geometry":{"type":"LineString","coordinates":[[-112.952152,45.382024],[-112.952434,45.381435],[-112.952942,45.380756]]}},{"type":"Feature","properties":{"id":"wat-b525","kind":"water","name":"Buffalo Creek","acres":null,"editable":false,"source":"USGS 3DHP flowlines (Channel Line)"},"geometry":{"type":"LineString","coordinates":[[-113.180965,45.155055],[-113.180121,45.155055]]}},{"type":"Feature","properties":{"id":"wat-b526","kind":"water","name":"Dingley Creek","acres":null,"editable":false,"source":"USGS 3DHP flowlines (Channel Line)"},"geometry":{"type":"LineString","coordinates":[[-113.110485,45.420017],[-113.110681,45.419998]]}},{"type":"Feature","properties":{"id":"wat-b527","kind":"water","name":"Creek","acres":null,"editable":false,"source":"USGS 3DHP flowlines (Channel Line)"},"geometry":{"type":"LineString","coordinates":[[-113.161601,45.142146],[-113.161364,45.142245],[-113.16086,45.142261]]}},{"type":"Feature","properties":{"id":"wat-b528","kind":"water","name":"Creek","acres":null,"editable":false,"source":"USGS 3DHP flowlines (Channel Line)"},"geometry":{"type":"LineString","coordinates":[[-113.119981,45.171656],[-113.120502,45.173054],[-113.121093,45.174107],[-113.121147,45.174469],[-113.120963,45.175786],[-113.119648,45.179078],[-113.117758,45.181646],[-113.116743,45.182656],[-113.116115,45.183161],[-113.115053,45.183776],[-113.112766,45.185335]]}},{"type":"Feature","properties":{"id":"wat-b529","kind":"water","name":"Farlin Creek","acres":null,"editable":false,"source":"USGS 3DHP flowlines (Channel Line)"},"geometry":{"type":"LineString","coordinates":[[-113.091975,45.347094],[-113.092799,45.346892],[-113.093035,45.346801],[-113.093264,45.346587],[-113.093806,45.346362],[-113.094317,45.346247],[-113.094905,45.345767],[-113.096125,45.345172],[-113.09756,45.344653],[-113.098857,45.344046],[-113.102424,45.343839],[-113.102822,45.343764],[-113.103647,45.343325],[-113.104198,45.342688],[-113.105655,45.342326],[-113.106432,45.342389],[-113.106659,45.342349],[-113.107429,45.34189],[-113.10756,45.341639],[-113.107802,45.341478],[-113.108542,45.341246],[-113.109625,45.340668],[-113.110691,45.340228],[-113.111125,45.340216],[-113.111492,45.340012],[-113.112318,45.340093],[-113.113078,45.340043],[-113.11332,45.340178],[-113.113623,45.340089],[-113.114176,45.340068],[-113.114569,45.339841],[-113.115042,45.339897],[-113.115244,45.339776],[-113.115823,45.339897],[-113.116155,45.339841],[-113.117097,45.339438],[-113.117973,45.33962],[-113.11897,45.339317],[-113.119307,45.339317],[-113.119951,45.339005],[-113.120991,45.338691],[-113.121662,45.338282],[-113.122429,45.338109],[-113.122469,45.337802],[-113.122977,45.3376],[-113.123224,45.337419],[-113.123921,45.337195],[-113.124958,45.336989],[-113.126485,45.337231]]}},{"type":"Feature","properties":{"id":"wat-b530","kind":"water","name":"Creek","acres":null,"editable":false,"source":"USGS 3DHP flowlines (Channel Line)"},"geometry":{"type":"LineString","coordinates":[[-112.989645,45.341227],[-112.989362,45.342158],[-112.989355,45.342726],[-112.989233,45.343093],[-112.989286,45.343688],[-112.989019,45.344592],[-112.988996,45.34727],[-112.988836,45.347602],[-112.988653,45.347758],[-112.987989,45.347968],[-112.98773,45.348162],[-112.987364,45.349166]]}},{"type":"Feature","properties":{"id":"wat-b531","kind":"water","name":"Kearns Creek","acres":null,"editable":false,"source":"USGS 3DHP flowlines (Channel Line)"},"geometry":{"type":"LineString","coordinates":[[-112.942013,45.305983],[-112.94189,45.305498],[-112.941127,45.30506],[-112.940517,45.304877],[-112.940075,45.304491],[-112.939357,45.304087],[-112.938068,45.303576],[-112.937221,45.303141],[-112.936527,45.303087],[-112.936044,45.302728]]}},{"type":"Feature","properties":{"id":"wat-b532","kind":"water","name":"Creek","acres":null,"editable":false,"source":"USGS 3DHP flowlines (Channel Line)"},"geometry":{"type":"LineString","coordinates":[[-113.089045,45.396083],[-113.089404,45.396125],[-113.090281,45.396003],[-113.090838,45.39606],[-113.091914,45.396442],[-113.092845,45.396918],[-113.093546,45.396976],[-113.094065,45.396846],[-113.094508,45.396552],[-113.095454,45.396133],[-113.096667,45.395896],[-113.097995,45.396037],[-113.099154,45.39603],[-113.099872,45.396197],[-113.100421,45.396213],[-113.105365,45.395579],[-113.10657,45.395324],[-113.107082,45.39532],[-113.107265,45.395278],[-113.108035,45.394801],[-113.108219,45.39461],[-113.108341,45.394294],[-113.108241,45.393874],[-113.108295,45.393649],[-113.109027,45.39305],[-113.109279,45.392435]]}},{"type":"Feature","properties":{"id":"wat-b533","kind":"water","name":"Creek","acres":null,"editable":false,"source":"USGS 3DHP flowlines (Channel Line)"},"geometry":{"type":"LineString","coordinates":[[-113.115411,45.164684],[-113.115368,45.164631],[-113.114864,45.164648],[-113.113941,45.164802],[-113.112259,45.165428],[-113.111491,45.165571],[-113.110801,45.165845],[-113.108227,45.166203],[-113.107157,45.166428],[-113.106661,45.166576],[-113.10577,45.167103],[-113.105219,45.167307],[-113.104801,45.167416],[-113.103816,45.167433],[-113.102692,45.16796],[-113.101172,45.16823],[-113.100342,45.168482],[-113.099435,45.16851],[-113.098047,45.168768],[-113.097404,45.168944],[-113.096962,45.169169],[-113.094829,45.169625],[-113.092688,45.170466]]}},{"type":"Feature","properties":{"id":"wat-b534","kind":"water","name":"Swamp Creek","acres":null,"editable":false,"source":"USGS 3DHP flowlines (Channel Line)"},"geometry":{"type":"LineString","coordinates":[[-113.114207,45.230619],[-113.113597,45.230679],[-113.111917,45.230369],[-113.11128,45.230498],[-113.110623,45.230436]]}},{"type":"Feature","properties":{"id":"wat-b535","kind":"water","name":"Swamp Creek","acres":null,"editable":false,"source":"USGS 3DHP flowlines (Channel Line)"},"geometry":{"type":"LineString","coordinates":[[-113.102949,45.23201],[-113.102556,45.232389],[-113.102549,45.232746],[-113.101743,45.233092],[-113.101636,45.233356]]}},{"type":"Feature","properties":{"id":"wat-b536","kind":"water","name":"North Fork Hayes Creek","acres":null,"editable":false,"source":"USGS 3DHP flowlines (Channel Line)"},"geometry":{"type":"LineString","coordinates":[[-113.193728,45.229155],[-113.19278,45.229115]]}},{"type":"Feature","properties":{"id":"wat-b537","kind":"water","name":"Creek","acres":null,"editable":false,"source":"USGS 3DHP flowlines (Channel Line)"},"geometry":{"type":"LineString","coordinates":[[-113.169165,45.1694],[-113.16859,45.169513],[-113.16772,45.169486],[-113.164852,45.169246]]}},{"type":"Feature","properties":{"id":"wat-b538","kind":"water","name":"Creek","acres":null,"editable":false,"source":"USGS 3DHP flowlines (Channel Line)"},"geometry":{"type":"LineString","coordinates":[[-112.99192,45.395926],[-112.991785,45.396054],[-112.99143,45.396133],[-112.990869,45.396588]]}},{"type":"Feature","properties":{"id":"wat-b539","kind":"water","name":"Harrison Creek","acres":null,"editable":false,"source":"USGS 3DHP flowlines (Channel Line)"},"geometry":{"type":"LineString","coordinates":[[-113.213131,45.26646],[-113.212799,45.266547],[-113.212624,45.266505],[-113.212441,45.266185],[-113.211922,45.265956],[-113.21093,45.266009],[-113.210091,45.266173],[-113.209366,45.266131],[-113.209,45.266288],[-113.208061,45.266387],[-113.207222,45.26623],[-113.206695,45.265857],[-113.205765,45.265807],[-113.205169,45.265998],[-113.203163,45.266108],[-113.202423,45.266425],[-113.201545,45.266394],[-113.199111,45.26707],[-113.198204,45.267039],[-113.197341,45.267134],[-113.196639,45.266974],[-113.194511,45.267268],[-113.193755,45.267295],[-113.192191,45.267825],[-113.191845,45.268089]]}},{"type":"Feature","properties":{"id":"wat-b540","kind":"water","name":"Creek","acres":null,"editable":false,"source":"USGS 3DHP flowlines (Channel Line)"},"geometry":{"type":"LineString","coordinates":[[-113.032336,45.418839],[-113.033142,45.41817],[-113.033897,45.417983],[-113.034424,45.417986]]}},{"type":"Feature","properties":{"id":"wat-b541","kind":"water","name":"Reservoir Creek","acres":null,"editable":false,"source":"USGS 3DHP flowlines (Channel Line)"},"geometry":{"type":"LineString","coordinates":[[-113.045029,45.159929],[-113.044021,45.160072],[-113.043292,45.160302]]}},{"type":"Feature","properties":{"id":"wat-b542","kind":"water","name":"Creek","acres":null,"editable":false,"source":"USGS 3DHP flowlines (Channel Line)"},"geometry":{"type":"LineString","coordinates":[[-113.026488,45.172085],[-113.025878,45.17207],[-113.022398,45.17287],[-113.021892,45.172769],[-113.021798,45.172573],[-113.021086,45.172325],[-113.020775,45.172106],[-113.020131,45.171975],[-113.020024,45.171833]]}},{"type":"Feature","properties":{"id":"wat-b543","kind":"water","name":"Creek","acres":null,"editable":false,"source":"USGS 3DHP flowlines (Channel Line)"},"geometry":{"type":"LineString","coordinates":[[-113.094171,45.450133],[-113.094798,45.44963],[-113.095477,45.44873],[-113.096301,45.448619],[-113.096827,45.448257],[-113.098918,45.447685],[-113.100261,45.447582],[-113.101581,45.447242],[-113.102099,45.447025],[-113.103351,45.446918],[-113.104487,45.446628],[-113.105312,45.446327],[-113.106074,45.44617],[-113.10686,45.446128],[-113.107578,45.445724],[-113.108295,45.445499],[-113.111041,45.443859],[-113.111331,45.443412],[-113.111301,45.442859],[-113.112071,45.441661],[-113.113262,45.440647],[-113.113842,45.440322],[-113.114215,45.439727],[-113.114795,45.43925],[-113.115398,45.439075],[-113.117412,45.439056],[-113.118572,45.438808],[-113.119205,45.438541],[-113.120022,45.437957]]}},{"type":"Feature","properties":{"id":"wat-b544","kind":"water","name":"Creek","acres":null,"editable":false,"source":"USGS 3DHP flowlines (Channel Line)"},"geometry":{"type":"LineString","coordinates":[[-113.048029,45.245084],[-113.048037,45.244442],[-113.047843,45.244157],[-113.047439,45.243921],[-113.04747,45.243197],[-113.046919,45.242347],[-113.04671,45.241661],[-113.047494,45.240652],[-113.047129,45.239214],[-113.047091,45.238666],[-113.04751,45.237311],[-113.04758,45.236768],[-113.047736,45.236499],[-113.04845,45.235846],[-113.048574,45.235638],[-113.048598,45.235385],[-113.04838,45.23498],[-113.048365,45.234705],[-113.04932,45.233498],[-113.049405,45.233169],[-113.04939,45.232692],[-113.048885,45.232264],[-113.048676,45.231853],[-113.048734,45.231033]]}},{"type":"Feature","properties":{"id":"wat-b545","kind":"water","name":"Creek","acres":null,"editable":false,"source":"USGS 3DHP flowlines (Channel Line)"},"geometry":{"type":"LineString","coordinates":[[-112.969851,45.385184],[-112.968915,45.384349],[-112.968289,45.38409],[-112.967961,45.383845],[-112.968022,45.383472],[-112.967885,45.383163],[-112.967473,45.382835],[-112.967099,45.382388],[-112.966839,45.381442],[-112.966885,45.381076]]}},{"type":"Feature","properties":{"id":"wat-b546","kind":"water","name":"Driscoll Creek","acres":null,"editable":false,"source":"USGS 3DHP flowlines (Channel Line)"},"geometry":{"type":"LineString","coordinates":[[-113.07123,45.331755],[-113.072275,45.331607],[-113.07345,45.331618],[-113.074037,45.331442],[-113.075037,45.330798],[-113.07554,45.330321],[-113.076303,45.329894],[-113.077349,45.329447],[-113.078573,45.329196],[-113.078899,45.329014],[-113.079542,45.327814],[-113.080681,45.326818],[-113.081881,45.32611],[-113.082033,45.325911],[-113.082033,45.325545],[-113.082224,45.325389],[-113.082735,45.325301],[-113.083109,45.325102],[-113.084109,45.324961],[-113.085314,45.324633],[-113.086588,45.324038],[-113.087435,45.323802],[-113.088274,45.323321],[-113.088938,45.323084],[-113.090411,45.322795],[-113.091906,45.322222],[-113.092791,45.322291],[-113.093051,45.32223],[-113.094149,45.321429],[-113.096988,45.32017],[-113.098361,45.319972],[-113.099505,45.319567],[-113.09991,45.319323],[-113.101376,45.317726],[-113.101394,45.317536],[-113.100964,45.316482],[-113.100942,45.31607],[-113.10077,45.315819],[-113.100793,45.315568],[-113.100964,45.314951],[-113.101798,45.314083],[-113.101951,45.313807]]}},{"type":"Feature","properties":{"id":"wat-b547","kind":"water","name":"Creek","acres":null,"editable":false,"source":"USGS 3DHP flowlines (Channel Line)"},"geometry":{"type":"LineString","coordinates":[[-113.040035,45.414665],[-113.039902,45.414077],[-113.040123,45.413314]]}},{"type":"Feature","properties":{"id":"wat-b548","kind":"water","name":"Taylor Creek","acres":null,"editable":false,"source":"USGS 3DHP flowlines (Channel Line)"},"geometry":{"type":"LineString","coordinates":[[-112.983762,45.293654],[-112.98372,45.293078],[-112.983778,45.292839],[-112.984057,45.292568],[-112.984125,45.291932],[-112.985166,45.290976],[-112.985152,45.289764],[-112.985342,45.288832],[-112.985099,45.287315],[-112.984841,45.286753],[-112.984763,45.28622]]}},{"type":"Feature","properties":{"id":"wat-b549","kind":"water","name":"Creek","acres":null,"editable":false,"source":"USGS 3DHP flowlines (Channel Line)"},"geometry":{"type":"LineString","coordinates":[[-112.965808,45.178033],[-112.966312,45.178071],[-112.96815,45.178426],[-112.968707,45.178361],[-112.969913,45.178014],[-112.970493,45.177953],[-112.97211,45.178384],[-112.972293,45.178373],[-112.973064,45.178136],[-112.974262,45.17719],[-112.97623,45.176691],[-112.976863,45.176622],[-112.977802,45.176675],[-112.979274,45.17724],[-112.979633,45.177209],[-112.979953,45.176931],[-112.980327,45.176816],[-112.982418,45.177518],[-112.983082,45.177614],[-112.984081,45.177972],[-112.984424,45.178033],[-112.98505,45.177999],[-112.985538,45.177812],[-112.987064,45.17682],[-112.987308,45.176702],[-112.988049,45.176542],[-112.988453,45.176336],[-112.989285,45.174924],[-112.989689,45.174661],[-112.990429,45.174478],[-112.993611,45.174356],[-112.994869,45.173887]]}},{"type":"Feature","properties":{"id":"wat-b550","kind":"water","name":"Rattlesnake Creek","acres":null,"editable":false,"source":"USGS 3DHP flowlines (Channel Line)"},"geometry":{"type":"LineString","coordinates":[[-112.9435,45.34187],[-112.943538,45.341574],[-112.943801,45.341362]]}},{"type":"Feature","properties":{"id":"wat-b551","kind":"water","name":"Creek","acres":null,"editable":false,"source":"USGS 3DHP flowlines (Channel Line)"},"geometry":{"type":"LineString","coordinates":[[-113.053048,45.224529],[-113.052591,45.224941]]}},{"type":"Feature","properties":{"id":"wat-b552","kind":"water","name":"Clark Creek","acres":null,"editable":false,"source":"USGS 3DHP flowlines (Channel Line)"},"geometry":{"type":"LineString","coordinates":[[-113.099164,45.419713],[-113.099616,45.419571]]}},{"type":"Feature","properties":{"id":"wat-b553","kind":"water","name":"Creek","acres":null,"editable":false,"source":"USGS 3DHP flowlines (Channel Line)"},"geometry":{"type":"LineString","coordinates":[[-112.88234,45.320708],[-112.881478,45.320529],[-112.880441,45.320082],[-112.879708,45.319915],[-112.87867,45.319422],[-112.876641,45.317794],[-112.8763,45.317013]]}},{"type":"Feature","properties":{"id":"wat-b554","kind":"water","name":"Dyce Creek","acres":null,"editable":false,"source":"USGS 3DHP flowlines (Channel Line)"},"geometry":{"type":"LineString","coordinates":[[-113.03586,45.25756],[-113.036019,45.25704],[-113.035867,45.256631]]}},{"type":"Feature","properties":{"id":"wat-b555","kind":"water","name":"Creek","acres":null,"editable":false,"source":"USGS 3DHP flowlines (Channel Line)"},"geometry":{"type":"LineString","coordinates":[[-113.139504,45.151985],[-113.137483,45.151877],[-113.136453,45.151633],[-113.135538,45.151332],[-113.134424,45.15074],[-113.133043,45.150305],[-113.133005,45.149962],[-113.13318,45.149848],[-113.133447,45.14907],[-113.133386,45.147986],[-113.13418,45.146941],[-113.134347,45.146178],[-113.133996,45.145465],[-113.133027,45.14503]]}},{"type":"Feature","properties":{"id":"wat-b556","kind":"water","name":"Creek","acres":null,"editable":false,"source":"USGS 3DHP flowlines (Channel Line)"},"geometry":{"type":"LineString","coordinates":[[-112.943801,45.306818],[-112.943363,45.306647],[-112.942974,45.3062],[-112.942013,45.305983]]}},{"type":"Feature","properties":{"id":"wat-b557","kind":"water","name":"McMannis Creek","acres":null,"editable":false,"source":"USGS 3DHP flowlines (Channel Line)"},"geometry":{"type":"LineString","coordinates":[[-112.934177,45.371505],[-112.935184,45.371162],[-112.93555,45.371104],[-112.938037,45.371497],[-112.938983,45.371413],[-112.941661,45.371432],[-112.943058,45.371738],[-112.943683,45.37178],[-112.945675,45.371677],[-112.947063,45.371432],[-112.947307,45.371299],[-112.948154,45.370177],[-112.948459,45.369605],[-112.948612,45.369044],[-112.948589,45.368693],[-112.9482,45.368018],[-112.948459,45.366649],[-112.94894,45.365672],[-112.948627,45.3646],[-112.94865,45.363544],[-112.948513,45.362754],[-112.948581,45.361171],[-112.94865,45.360984],[-112.948978,45.360698],[-112.949779,45.360476],[-112.950084,45.360289]]}},{"type":"Feature","properties":{"id":"wat-b558","kind":"water","name":"Cottonwood Creek","acres":null,"editable":false,"source":"USGS 3DHP flowlines (Channel Line)"},"geometry":{"type":"LineString","coordinates":[[-112.996237,45.290239],[-112.996339,45.289336]]}},{"type":"Feature","properties":{"id":"wat-b559","kind":"water","name":"Estler Creek","acres":null,"editable":false,"source":"USGS 3DHP flowlines (Channel Line)"},"geometry":{"type":"LineString","coordinates":[[-112.984373,45.375121],[-112.983793,45.375163],[-112.98229,45.375838],[-112.98097,45.375907],[-112.980258,45.375817]]}},{"type":"Feature","properties":{"id":"wat-b560","kind":"water","name":"Mason Creek","acres":null,"editable":false,"source":"USGS 3DHP flowlines (Channel Line)"},"geometry":{"type":"LineString","coordinates":[[-113.102987,45.2596],[-113.102042,45.259378],[-113.101598,45.259068],[-113.101106,45.259093],[-113.100962,45.25883],[-113.100877,45.258211],[-113.100716,45.258025],[-113.100207,45.257803],[-113.100089,45.257525],[-113.099216,45.257075]]}},{"type":"Feature","properties":{"id":"wat-b561","kind":"water","name":"Creek","acres":null,"editable":false,"source":"USGS 3DHP flowlines (Channel Line)"},"geometry":{"type":"LineString","coordinates":[[-113.187092,45.171561],[-113.186378,45.171301]]}},{"type":"Feature","properties":{"id":"wat-b562","kind":"water","name":"Creek","acres":null,"editable":false,"source":"USGS 3DHP flowlines (Channel Line)"},"geometry":{"type":"LineString","coordinates":[[-113.176031,45.219477],[-113.175893,45.219475]]}},{"type":"Feature","properties":{"id":"wat-b563","kind":"water","name":"White Creek","acres":null,"editable":false,"source":"USGS 3DHP flowlines (Channel Line)"},"geometry":{"type":"LineString","coordinates":[[-113.104573,45.404307],[-113.104866,45.404096]]}},{"type":"Feature","properties":{"id":"wat-b564","kind":"water","name":"White Creek","acres":null,"editable":false,"source":"USGS 3DHP flowlines (Channel Line)"},"geometry":{"type":"LineString","coordinates":[[-113.02494,45.416172],[-113.025131,45.416123]]}},{"type":"Feature","properties":{"id":"wat-b565","kind":"water","name":"Taylor Creek","acres":null,"editable":false,"source":"USGS 3DHP flowlines (Channel Line)"},"geometry":{"type":"LineString","coordinates":[[-112.990744,45.232499],[-112.991285,45.232426]]}},{"type":"Feature","properties":{"id":"wat-b566","kind":"water","name":"Creek","acres":null,"editable":false,"source":"USGS 3DHP flowlines (Channel Line)"},"geometry":{"type":"LineString","coordinates":[[-113.090939,45.430624],[-113.091455,45.430265],[-113.091738,45.429275]]}},{"type":"Feature","properties":{"id":"wat-b567","kind":"water","name":"Creek","acres":null,"editable":false,"source":"USGS 3DHP flowlines (Channel Line)"},"geometry":{"type":"LineString","coordinates":[[-112.945558,45.387426],[-112.946072,45.38729]]}},{"type":"Feature","properties":{"id":"wat-b568","kind":"water","name":"Neagle Creek","acres":null,"editable":false,"source":"USGS 3DHP flowlines (Channel Line)"},"geometry":{"type":"LineString","coordinates":[[-113.135026,45.378303],[-113.134903,45.378131]]}},{"type":"Feature","properties":{"id":"wat-b569","kind":"water","name":"Creek","acres":null,"editable":false,"source":"USGS 3DHP flowlines (Channel Line)"},"geometry":{"type":"LineString","coordinates":[[-112.939421,45.389175],[-112.939638,45.389144]]}},{"type":"Feature","properties":{"id":"wat-b570","kind":"water","name":"Creek","acres":null,"editable":false,"source":"USGS 3DHP flowlines (Channel Line)"},"geometry":{"type":"LineString","coordinates":[[-113.207064,45.268489],[-113.20591,45.268584],[-113.20385,45.268405],[-113.201996,45.268412],[-113.200843,45.268187],[-113.199859,45.26821],[-113.198959,45.26834],[-113.198024,45.268343]]}},{"type":"Feature","properties":{"id":"wat-b571","kind":"water","name":"Farlin Creek","acres":null,"editable":false,"source":"USGS 3DHP flowlines (Channel Line)"},"geometry":{"type":"LineString","coordinates":[[-113.027381,45.355639],[-113.028038,45.355361],[-113.028503,45.354777],[-113.029007,45.353373],[-113.029808,45.351969],[-113.029846,45.351641],[-113.030151,45.351008],[-113.031517,45.349509],[-113.031868,45.349314],[-113.032684,45.34846],[-113.032814,45.348139],[-113.033134,45.348014],[-113.033562,45.347586],[-113.034866,45.3468],[-113.035164,45.346556],[-113.035576,45.346007],[-113.038246,45.344393],[-113.039032,45.344451],[-113.039566,45.344371],[-113.040322,45.344123],[-113.041184,45.344],[-113.042382,45.344382],[-113.044052,45.344737],[-113.044213,45.344664],[-113.044625,45.344691],[-113.047623,45.344428],[-113.048348,45.344306],[-113.048768,45.344077],[-113.049134,45.343978],[-113.051957,45.343726],[-113.052346,45.343638],[-113.052789,45.343398],[-113.053498,45.343318],[-113.053948,45.34331],[-113.054849,45.343474],[-113.056855,45.344119],[-113.057893,45.344348],[-113.058839,45.344432],[-113.06109,45.344344],[-113.061692,45.34402],[-113.0627,45.343646],[-113.063409,45.343646],[-113.063928,45.343775],[-113.064309,45.344012],[-113.064813,45.344195],[-113.066209,45.344546],[-113.067064,45.344939],[-113.06788,45.345603],[-113.068513,45.346575],[-113.069337,45.347548],[-113.069696,45.347708],[-113.070573,45.347796],[-113.071008,45.347953],[-113.07271,45.350035],[-113.073099,45.350196],[-113.07393,45.350222]]}},{"type":"Feature","properties":{"id":"wat-b572","kind":"water","name":"Dingley Creek","acres":null,"editable":false,"source":"USGS 3DHP flowlines (Channel Line)"},"geometry":{"type":"LineString","coordinates":[[-113.080744,45.432815],[-113.081064,45.432407],[-113.081797,45.431945],[-113.082079,45.431648],[-113.082437,45.431072],[-113.082819,45.430122],[-113.083147,45.429687],[-113.084917,45.428741]]}},{"type":"Feature","properties":{"id":"wat-b573","kind":"water","name":"Dyce Creek","acres":null,"editable":false,"source":"USGS 3DHP flowlines (Channel Line)"},"geometry":{"type":"LineString","coordinates":[[-113.034201,45.267681],[-113.034545,45.266646],[-113.035233,45.265478],[-113.035416,45.264696],[-113.035291,45.264389],[-113.035468,45.263933]]}},{"type":"Feature","properties":{"id":"wat-b574","kind":"water","name":"Reservoir Creek","acres":null,"editable":false,"source":"USGS 3DHP flowlines (Channel Line)"},"geometry":{"type":"LineString","coordinates":[[-113.106913,45.15241],[-113.106609,45.152509],[-113.106471,45.152352]]}},{"type":"Feature","properties":{"id":"wat-b575","kind":"water","name":"Brays Canyon Creek","acres":null,"editable":false,"source":"USGS 3DHP flowlines (Channel Line)"},"geometry":{"type":"LineString","coordinates":[[-113.137033,45.189104],[-113.136545,45.188774]]}},{"type":"Feature","properties":{"id":"wat-b576","kind":"water","name":"Reservoir Creek","acres":null,"editable":false,"source":"USGS 3DHP flowlines (Channel Line)"},"geometry":{"type":"LineString","coordinates":[[-113.067156,45.163067],[-113.066329,45.163315],[-113.065492,45.163782],[-113.064763,45.163851]]}},{"type":"Feature","properties":{"id":"wat-b577","kind":"water","name":"Creek","acres":null,"editable":false,"source":"USGS 3DHP flowlines (Channel Line)"},"geometry":{"type":"LineString","coordinates":[[-113.114911,45.417432],[-113.114381,45.417369]]}},{"type":"Feature","properties":{"id":"wat-b578","kind":"water","name":"Snyder Creek","acres":null,"editable":false,"source":"USGS 3DHP flowlines (Channel Line)"},"geometry":{"type":"LineString","coordinates":[[-113.148584,45.399414],[-113.147733,45.399123],[-113.147207,45.398845],[-113.147001,45.398669],[-113.146718,45.398006],[-113.146482,45.397723],[-113.145467,45.397311],[-113.144246,45.397086],[-113.143323,45.397098],[-113.142171,45.397246],[-113.14126,45.397559],[-113.140729,45.397586],[-113.140111,45.397456],[-113.13757,45.396613],[-113.136967,45.396319]]}},{"type":"Feature","properties":{"id":"wat-b579","kind":"water","name":"Creek","acres":null,"editable":false,"source":"USGS 3DHP flowlines (Channel Line)"},"geometry":{"type":"LineString","coordinates":[[-113.017789,45.284419],[-113.018184,45.283869],[-113.018269,45.283139]]}},{"type":"Feature","properties":{"id":"wat-b580","kind":"water","name":"Creek","acres":null,"editable":false,"source":"USGS 3DHP flowlines (Channel Line)"},"geometry":{"type":"LineString","coordinates":[[-113.018269,45.283139],[-113.018344,45.28283]]}},{"type":"Feature","properties":{"id":"wat-b581","kind":"water","name":"Divide Creek","acres":null,"editable":false,"source":"USGS 3DHP flowlines (Channel Line)"},"geometry":{"type":"LineString","coordinates":[[-113.167204,45.3254],[-113.165724,45.325251],[-113.164541,45.324935],[-113.164352,45.32499],[-113.16299,45.324501],[-113.161556,45.32448],[-113.161151,45.324158],[-113.160528,45.3242],[-113.160091,45.324044],[-113.158979,45.324015],[-113.158346,45.323722],[-113.157781,45.323222],[-113.15714,45.322984],[-113.156974,45.323057],[-113.1566,45.323015],[-113.156486,45.322901],[-113.156371,45.322953],[-113.155895,45.322658]]}},{"type":"Feature","properties":{"id":"wat-b582","kind":"water","name":"Creek","acres":null,"editable":false,"source":"USGS 3DHP flowlines (Channel Line)"},"geometry":{"type":"LineString","coordinates":[[-113.154104,45.237518],[-113.153997,45.237132],[-113.153669,45.236903],[-113.152957,45.236808],[-113.152167,45.236428],[-113.151949,45.236475],[-113.149674,45.235866],[-113.148893,45.235276],[-113.148572,45.234793],[-113.148526,45.234484],[-113.14874,45.234065],[-113.148618,45.233851],[-113.148412,45.233714],[-113.148221,45.233687],[-113.147732,45.233256],[-113.146092,45.23218],[-113.145337,45.231509],[-113.144151,45.231031]]}},{"type":"Feature","properties":{"id":"wat-b583","kind":"water","name":"Creek","acres":null,"editable":false,"source":"USGS 3DHP flowlines (Channel Line)"},"geometry":{"type":"LineString","coordinates":[[-113.016662,45.287775],[-113.016541,45.287437],[-113.016388,45.287286],[-113.016364,45.28692],[-113.016611,45.286782],[-113.016717,45.286198],[-113.017212,45.285587],[-113.017265,45.28531],[-113.017789,45.284419]]}},{"type":"Feature","properties":{"id":"wat-b584","kind":"water","name":"Creek","acres":null,"editable":false,"source":"USGS 3DHP flowlines (Channel Line)"},"geometry":{"type":"LineString","coordinates":[[-112.886612,45.216896],[-112.885575,45.216829],[-112.88446,45.216646]]}},{"type":"Feature","properties":{"id":"wat-b585","kind":"water","name":"Dory Creek","acres":null,"editable":false,"source":"USGS 3DHP flowlines (Channel Line)"},"geometry":{"type":"LineString","coordinates":[[-113.162033,45.432155],[-113.161775,45.432019],[-113.161623,45.431774]]}},{"type":"Feature","properties":{"id":"wat-b586","kind":"water","name":"Creek","acres":null,"editable":false,"source":"USGS 3DHP flowlines (Channel Line)"},"geometry":{"type":"LineString","coordinates":[[-113.092147,45.348258],[-113.091975,45.347625],[-113.091975,45.347094]]}},{"type":"Feature","properties":{"id":"wat-b587","kind":"water","name":"Creek","acres":null,"editable":false,"source":"USGS 3DHP flowlines (Channel Line)"},"geometry":{"type":"LineString","coordinates":[[-113.176395,45.142959],[-113.175921,45.14249],[-113.175548,45.141879],[-113.175227,45.141654],[-113.175029,45.141254],[-113.174319,45.140754],[-113.17332,45.140224],[-113.172427,45.140193],[-113.17129,45.140468],[-113.169894,45.140521],[-113.169001,45.140765],[-113.167414,45.140906],[-113.166094,45.140739],[-113.165515,45.140746],[-113.164431,45.140895],[-113.164004,45.141059]]}},{"type":"Feature","properties":{"id":"wat-b588","kind":"water","name":"Grasshopper Creek","acres":null,"editable":false,"source":"USGS 3DHP flowlines (Channel Line)"},"geometry":{"type":"LineString","coordinates":[[-113.12096,45.445709],[-113.12112,45.445262],[-113.121105,45.44503],[-113.120418,45.444251],[-113.120167,45.443519],[-113.119831,45.442981],[-113.119839,45.442653],[-113.119358,45.441047],[-113.119381,45.44065],[-113.119778,45.440135],[-113.119762,45.439449],[-113.120151,45.439082],[-113.120235,45.438896],[-113.120022,45.437957]]}},{"type":"Feature","properties":{"id":"wat-b589","kind":"water","name":"Creek","acres":null,"editable":false,"source":"USGS 3DHP flowlines (Channel Line)"},"geometry":{"type":"LineString","coordinates":[[-113.065805,45.405704],[-113.066552,45.40573],[-113.06862,45.405994],[-113.069559,45.40599],[-113.070665,45.405864],[-113.072343,45.405894],[-113.073389,45.406142]]}},{"type":"Feature","properties":{"id":"wat-b590","kind":"water","name":"Swamp Creek","acres":null,"editable":false,"source":"USGS 3DHP flowlines (Channel Line)"},"geometry":{"type":"LineString","coordinates":[[-113.098804,45.233975],[-113.098329,45.234137],[-113.097903,45.233946]]}},{"type":"Feature","properties":{"id":"wat-b591","kind":"water","name":"Creek","acres":null,"editable":false,"source":"USGS 3DHP flowlines (Channel Line)"},"geometry":{"type":"LineString","coordinates":[[-113.06253,45.164109],[-113.062057,45.163996]]}},{"type":"Feature","properties":{"id":"wat-b592","kind":"water","name":"Creek","acres":null,"editable":false,"source":"USGS 3DHP flowlines (Channel Line)"},"geometry":{"type":"LineString","coordinates":[[-112.979904,45.304001],[-112.980189,45.303395],[-112.980273,45.302949],[-112.980582,45.302711],[-112.980701,45.302473],[-112.981373,45.301955],[-112.981435,45.301789]]}},{"type":"Feature","properties":{"id":"wat-b593","kind":"water","name":"Lake Creek","acres":null,"editable":false,"source":"USGS 3DHP flowlines (Channel Line)"},"geometry":{"type":"LineString","coordinates":[[-113.033034,45.398182],[-113.03336,45.398035]]}},{"type":"Feature","properties":{"id":"wat-b594","kind":"water","name":"Lake Creek","acres":null,"editable":false,"source":"USGS 3DHP flowlines (Channel Line)"},"geometry":{"type":"LineString","coordinates":[[-113.108463,45.387033],[-113.1087,45.387062]]}},{"type":"Feature","properties":{"id":"wat-b595","kind":"water","name":"Taylor Creek","acres":null,"editable":false,"source":"USGS 3DHP flowlines (Channel Line)"},"geometry":{"type":"LineString","coordinates":[[-112.990782,45.245908],[-112.990461,45.245504],[-112.990263,45.244646],[-112.989981,45.244188],[-112.988691,45.243124],[-112.988401,45.242738],[-112.988295,45.242418],[-112.988043,45.242147],[-112.9876,45.241865]]}},{"type":"Feature","properties":{"id":"wat-b596","kind":"water","name":"Creek","acres":null,"editable":false,"source":"USGS 3DHP flowlines (Channel Line)"},"geometry":{"type":"LineString","coordinates":[[-112.933147,45.358012],[-112.933284,45.357581],[-112.933461,45.355614],[-112.933654,45.355157],[-112.933597,45.354878],[-112.933989,45.354479],[-112.935174,45.353943],[-112.936093,45.35375]]}},{"type":"Feature","properties":{"id":"wat-b597","kind":"water","name":"Creek","acres":null,"editable":false,"source":"USGS 3DHP flowlines (Channel Line)"},"geometry":{"type":"LineString","coordinates":[[-112.939638,45.389144],[-112.942798,45.388316]]}},{"type":"Feature","properties":{"id":"wat-b598","kind":"water","name":"Creek","acres":null,"editable":false,"source":"USGS 3DHP flowlines (Channel Line)"},"geometry":{"type":"LineString","coordinates":[[-113.159856,45.142305],[-113.159741,45.142309]]}},{"type":"Feature","properties":{"id":"wat-b599","kind":"water","name":"Creek","acres":null,"editable":false,"source":"USGS 3DHP flowlines (Channel Line)"},"geometry":{"type":"LineString","coordinates":[[-113.007239,45.369517],[-113.005896,45.370101],[-113.004713,45.370398],[-113.002386,45.370501],[-113.001296,45.370376]]}},{"type":"Feature","properties":{"id":"wat-b600","kind":"water","name":"Creek","acres":null,"editable":false,"source":"USGS 3DHP flowlines (Channel Line)"},"geometry":{"type":"LineString","coordinates":[[-113.061732,45.210805],[-113.061524,45.211046]]}},{"type":"Feature","properties":{"id":"wat-b601","kind":"water","name":"Creek","acres":null,"editable":false,"source":"USGS 3DHP flowlines (Channel Line)"},"geometry":{"type":"LineString","coordinates":[[-113.014266,45.330906],[-113.014416,45.3307],[-113.014396,45.330371],[-113.014306,45.330165],[-113.013854,45.329802],[-113.013591,45.329254]]}},{"type":"Feature","properties":{"id":"wat-b602","kind":"water","name":"West Fork Pole Creek","acres":null,"editable":false,"source":"USGS 3DHP flowlines (Channel Line)"},"geometry":{"type":"LineString","coordinates":[[-113.201719,45.363807],[-113.200242,45.363475],[-113.199198,45.36337],[-113.19852,45.36345],[-113.198193,45.363641],[-113.197937,45.363651],[-113.196535,45.363468]]}},{"type":"Feature","properties":{"id":"wat-b603","kind":"water","name":"Creek","acres":null,"editable":false,"source":"USGS 3DHP flowlines (Channel Line)"},"geometry":{"type":"LineString","coordinates":[[-113.198024,45.268343],[-113.197472,45.268382]]}},{"type":"Feature","properties":{"id":"wat-b604","kind":"water","name":"Shale Creek","acres":null,"editable":false,"source":"USGS 3DHP flowlines (Channel Line)"},"geometry":{"type":"LineString","coordinates":[[-113.173209,45.430984],[-113.170088,45.43027],[-113.169203,45.429908],[-113.168884,45.429667]]}},{"type":"Feature","properties":{"id":"wat-b605","kind":"water","name":"Rattlesnake Creek","acres":null,"editable":false,"source":"USGS 3DHP flowlines (Channel Line)"},"geometry":{"type":"LineString","coordinates":[[-112.90179,45.294302],[-112.899734,45.293159],[-112.899019,45.29307],[-112.898729,45.29294],[-112.898425,45.292982],[-112.898062,45.292809]]}},{"type":"Feature","properties":{"id":"wat-b606","kind":"water","name":"Creek","acres":null,"editable":false,"source":"USGS 3DHP flowlines (Channel Line)"},"geometry":{"type":"LineString","coordinates":[[-113.101676,45.155087],[-113.101519,45.154976]]}},{"type":"Feature","properties":{"id":"wat-b607","kind":"water","name":"Scudder Creek","acres":null,"editable":false,"source":"USGS 3DHP flowlines (Channel Line)"},"geometry":{"type":"LineString","coordinates":[[-113.065259,45.321358],[-113.065736,45.320583],[-113.066345,45.320107],[-113.066757,45.320006],[-113.068133,45.31993],[-113.069199,45.319283],[-113.06991,45.318068],[-113.071532,45.317628],[-113.072128,45.317285],[-113.073314,45.316289],[-113.073593,45.315649],[-113.074405,45.315332],[-113.074875,45.314888],[-113.075934,45.314469],[-113.077785,45.313556],[-113.07815,45.31317],[-113.078483,45.313042],[-113.078678,45.312752],[-113.078959,45.312725],[-113.079973,45.312323],[-113.081324,45.312251],[-113.084818,45.31185],[-113.085245,45.311728],[-113.086497,45.311579],[-113.087069,45.311358],[-113.088404,45.311266],[-113.089274,45.31098],[-113.090144,45.310835],[-113.090685,45.310599],[-113.092624,45.309195],[-113.093027,45.308809],[-113.093044,45.308298],[-113.093252,45.308027]]}},{"type":"Feature","properties":{"id":"wat-b608","kind":"water","name":"Wellman Creek","acres":null,"editable":false,"source":"USGS 3DHP flowlines (Channel Line)"},"geometry":{"type":"LineString","coordinates":[[-113.083727,45.446916],[-113.084375,45.445621],[-113.084879,45.444992],[-113.085558,45.44387],[-113.0861,45.443252],[-113.086344,45.44276],[-113.086291,45.442336],[-113.085909,45.441348],[-113.086077,45.440376],[-113.086474,45.440166],[-113.087404,45.440059],[-113.087855,45.439273],[-113.088824,45.438995],[-113.089197,45.438575],[-113.089838,45.438182],[-113.090571,45.437381],[-113.091364,45.43687],[-113.091906,45.436626],[-113.092928,45.436519],[-113.093409,45.436385],[-113.094111,45.435775],[-113.095126,45.435439],[-113.095805,45.434944],[-113.096881,45.434364],[-113.098864,45.433784],[-113.100139,45.433231],[-113.100902,45.432983],[-113.101581,45.432872],[-113.10358,45.432975],[-113.106578,45.432273],[-113.107265,45.43188],[-113.107585,45.431129],[-113.107921,45.42987],[-113.108478,45.429393],[-113.108951,45.429168],[-113.109691,45.428993],[-113.113102,45.42892],[-113.114841,45.428527],[-113.115329,45.428226],[-113.115642,45.427898],[-113.115825,45.427524],[-113.115901,45.427075]]}},{"type":"Feature","properties":{"id":"wat-b609","kind":"water","name":"Creek","acres":null,"editable":false,"source":"USGS 3DHP flowlines (Channel Line)"},"geometry":{"type":"LineString","coordinates":[[-113.051621,45.153967],[-113.051233,45.154307],[-113.050938,45.154735],[-113.050682,45.156172],[-113.050527,45.156458],[-113.050178,45.156732],[-113.049535,45.156968],[-113.04855,45.15711],[-113.04793,45.157351],[-113.047123,45.157115],[-113.046015,45.157044],[-113.045402,45.15711],[-113.04496,45.157302],[-113.044821,45.157521],[-113.044533,45.158668],[-113.044176,45.159452],[-113.043393,45.16011],[-113.043292,45.160302]]}},{"type":"Feature","properties":{"id":"wat-b610","kind":"water","name":"Lake Creek","acres":null,"editable":false,"source":"USGS 3DHP flowlines (Channel Line)"},"geometry":{"type":"LineString","coordinates":[[-113.068857,45.389464],[-113.069887,45.388988],[-113.071863,45.388629],[-113.07242,45.388705],[-113.073793,45.389194],[-113.074434,45.389278],[-113.0748,45.389251]]}},{"type":"Feature","properties":{"id":"wat-b611","kind":"water","name":"Creek","acres":null,"editable":false,"source":"USGS 3DHP flowlines (Channel Line)"},"geometry":{"type":"LineString","coordinates":[[-113.169111,45.297915],[-113.169058,45.298182],[-113.168684,45.298827],[-113.167944,45.299418],[-113.1668,45.299948],[-113.165823,45.300269],[-113.16503,45.300826],[-113.163695,45.301391]]}},{"type":"Feature","properties":{"id":"wat-b612","kind":"water","name":"North Fork Hayes Creek","acres":null,"editable":false,"source":"USGS 3DHP flowlines (Channel Line)"},"geometry":{"type":"LineString","coordinates":[[-113.127321,45.218351],[-113.126702,45.218448],[-113.123817,45.218313],[-113.122923,45.218651],[-113.121843,45.218701],[-113.120713,45.218971],[-113.118115,45.219326],[-113.116555,45.219804],[-113.115965,45.21987]]}},{"type":"Feature","properties":{"id":"wat-b613","kind":"water","name":"Creek","acres":null,"editable":false,"source":"USGS 3DHP flowlines (Channel Line)"},"geometry":{"type":"LineString","coordinates":[[-113.012991,45.324343],[-113.01319,45.323096],[-113.013572,45.322638],[-113.013946,45.321844],[-113.014533,45.32112],[-113.014777,45.320578],[-113.015273,45.318278],[-113.015891,45.317454],[-113.016227,45.317175],[-113.016502,45.317034],[-113.016677,45.317026]]}},{"type":"Feature","properties":{"id":"wat-b614","kind":"water","name":"Billings Creek","acres":null,"editable":false,"source":"USGS 3DHP flowlines (Channel Line)"},"geometry":{"type":"LineString","coordinates":[[-113.104442,45.371133],[-113.104781,45.371128],[-113.105645,45.371535],[-113.10641,45.371768],[-113.107349,45.371909],[-113.107731,45.372341],[-113.110042,45.372603],[-113.11088,45.372616],[-113.111858,45.372468],[-113.113285,45.372661],[-113.11391,45.372638],[-113.114849,45.372836],[-113.115177,45.372823],[-113.115933,45.373015],[-113.116655,45.373333],[-113.117735,45.3736],[-113.118382,45.3739],[-113.118626,45.374297],[-113.119045,45.374446],[-113.11944,45.374431],[-113.11965,45.374735]]}},{"type":"Feature","properties":{"id":"wat-b615","kind":"water","name":"Creek","acres":null,"editable":false,"source":"USGS 3DHP flowlines (Channel Line)"},"geometry":{"type":"LineString","coordinates":[[-113.156794,45.18783],[-113.156299,45.187674],[-113.155266,45.187641],[-113.154866,45.187552]]}},{"type":"Feature","properties":{"id":"wat-b616","kind":"water","name":"Cold Spring Creek","acres":null,"editable":false,"source":"USGS 3DHP flowlines (Channel Line)"},"geometry":{"type":"LineString","coordinates":[[-112.927321,45.175031],[-112.927301,45.174779],[-112.927545,45.174371]]}},{"type":"Feature","properties":{"id":"wat-b617","kind":"water","name":"Creek","acres":null,"editable":false,"source":"USGS 3DHP flowlines (Channel Line)"},"geometry":{"type":"LineString","coordinates":[[-113.099048,45.358687],[-113.099689,45.358264],[-113.100101,45.357791],[-113.10068,45.357631],[-113.101146,45.357207],[-113.101321,45.357165],[-113.103419,45.357104],[-113.104358,45.357253],[-113.105121,45.357474],[-113.105548,45.357482],[-113.106326,45.357283],[-113.1077,45.356425],[-113.108402,45.356059],[-113.108676,45.355994],[-113.109645,45.355937],[-113.110088,45.356223],[-113.110981,45.356387],[-113.112911,45.356269],[-113.113422,45.356158],[-113.113941,45.355548],[-113.114361,45.355334],[-113.11536,45.355235],[-113.116512,45.354712],[-113.117512,45.35456],[-113.117756,45.354422],[-113.119762,45.354522],[-113.120907,45.355105],[-113.122936,45.355323]]}},{"type":"Feature","properties":{"id":"wat-b618","kind":"water","name":"Creek","acres":null,"editable":false,"source":"USGS 3DHP flowlines (Channel Line)"},"geometry":{"type":"LineString","coordinates":[[-113.02321,45.412529],[-113.023779,45.412583]]}},{"type":"Feature","properties":{"id":"wat-b619","kind":"water","name":"Kearns Creek","acres":null,"editable":false,"source":"USGS 3DHP flowlines (Channel Line)"},"geometry":{"type":"LineString","coordinates":[[-112.93581,45.302526],[-112.93483,45.302704],[-112.934577,45.302629],[-112.93384,45.302697],[-112.933645,45.302779],[-112.933464,45.303059],[-112.932764,45.303524],[-112.932395,45.303565],[-112.932074,45.303701],[-112.931961,45.303995],[-112.931003,45.304282],[-112.930522,45.304338],[-112.930001,45.304548],[-112.929412,45.305119],[-112.928316,45.305608],[-112.927867,45.305941]]}},{"type":"Feature","properties":{"id":"wat-b620","kind":"water","name":"Creek","acres":null,"editable":false,"source":"USGS 3DHP flowlines (Channel Line)"},"geometry":{"type":"LineString","coordinates":[[-113.018344,45.28283],[-113.01872,45.28223],[-113.018825,45.281553]]}},{"type":"Feature","properties":{"id":"wat-b621","kind":"water","name":"Creek","acres":null,"editable":false,"source":"USGS 3DHP flowlines (Channel Line)"},"geometry":{"type":"LineString","coordinates":[[-113.11829,45.154836],[-113.117679,45.154442],[-113.117217,45.152781],[-113.115921,45.151344],[-113.115221,45.149863]]}},{"type":"Feature","properties":{"id":"wat-b622","kind":"water","name":"Hayes Creek","acres":null,"editable":false,"source":"USGS 3DHP flowlines (Channel Line)"},"geometry":{"type":"LineString","coordinates":[[-113.098074,45.226507],[-113.097849,45.226729],[-113.097421,45.226919],[-113.097173,45.227205],[-113.095936,45.2275],[-113.095127,45.228042]]}},{"type":"Feature","properties":{"id":"wat-b623","kind":"water","name":"French Creek","acres":null,"editable":false,"source":"USGS 3DHP flowlines (Channel Line)"},"geometry":{"type":"LineString","coordinates":[[-112.911417,45.385179],[-112.909326,45.384071],[-112.908517,45.38388]]}},{"type":"Feature","properties":{"id":"wat-b624","kind":"water","name":"Creek","acres":null,"editable":false,"source":"USGS 3DHP flowlines (Channel Line)"},"geometry":{"type":"LineString","coordinates":[[-112.997761,45.380569],[-112.997273,45.380389]]}},{"type":"Feature","properties":{"id":"wat-b625","kind":"water","name":"Buffalo Creek","acres":null,"editable":false,"source":"USGS 3DHP flowlines (Channel Line)"},"geometry":{"type":"LineString","coordinates":[[-113.182523,45.155213],[-113.182226,45.155179]]}},{"type":"Feature","properties":{"id":"wat-b626","kind":"water","name":"Reservoir Creek","acres":null,"editable":false,"source":"USGS 3DHP flowlines (Channel Line)"},"geometry":{"type":"LineString","coordinates":[[-113.061025,45.163969],[-113.060335,45.163952],[-113.059335,45.164094],[-113.05873,45.164045],[-113.058265,45.164275],[-113.057737,45.164374],[-113.05738,45.164599]]}},{"type":"Feature","properties":{"id":"wat-b627","kind":"water","name":"Creek","acres":null,"editable":false,"source":"USGS 3DHP flowlines (Channel Line)"},"geometry":{"type":"LineString","coordinates":[[-113.068501,45.163803],[-113.068175,45.163941],[-113.067275,45.163913],[-113.066919,45.164083],[-113.066352,45.164122],[-113.065631,45.164462],[-113.06437,45.16434]]}},{"type":"Feature","properties":{"id":"wat-b628","kind":"water","name":"Creek","acres":null,"editable":false,"source":"USGS 3DHP flowlines (Channel Line)"},"geometry":{"type":"LineString","coordinates":[[-112.963795,45.339068],[-112.963482,45.338374],[-112.962948,45.337565],[-112.962864,45.336932],[-112.962529,45.336516],[-112.961918,45.336039],[-112.960644,45.335627],[-112.958683,45.334548],[-112.958454,45.334254],[-112.958378,45.333869],[-112.958432,45.333365]]}},{"type":"Feature","properties":{"id":"wat-b629","kind":"water","name":"Farlin Creek","acres":null,"editable":false,"source":"USGS 3DHP flowlines (Channel Line)"},"geometry":{"type":"LineString","coordinates":[[-113.07393,45.350222],[-113.075888,45.350329],[-113.076136,45.350271],[-113.076557,45.349978],[-113.076952,45.34985],[-113.07791,45.349735],[-113.078633,45.349806],[-113.079298,45.349562]]}},{"type":"Feature","properties":{"id":"wat-b630","kind":"water","name":"Creek","acres":null,"editable":false,"source":"USGS 3DHP flowlines (Channel Line)"},"geometry":{"type":"LineString","coordinates":[[-112.987636,45.397895],[-112.986486,45.397727],[-112.985433,45.398139],[-112.984403,45.398257],[-112.983899,45.398177],[-112.983045,45.397828]]}},{"type":"Feature","properties":{"id":"wat-b631","kind":"water","name":"Swamp Creek","acres":null,"editable":false,"source":"USGS 3DHP flowlines (Channel Line)"},"geometry":{"type":"LineString","coordinates":[[-113.15074,45.237609],[-113.150425,45.237645]]}},{"type":"Feature","properties":{"id":"wat-b632","kind":"water","name":"Creek","acres":null,"editable":false,"source":"USGS 3DHP flowlines (Channel Line)"},"geometry":{"type":"LineString","coordinates":[[-113.013283,45.169994],[-113.013542,45.168467],[-113.013418,45.167638],[-113.01324,45.167174]]}},{"type":"Feature","properties":{"id":"wat-b633","kind":"water","name":"Creek","acres":null,"editable":false,"source":"USGS 3DHP flowlines (Channel Line)"},"geometry":{"type":"LineString","coordinates":[[-113.141546,45.228988],[-113.140126,45.228194],[-113.138607,45.22782],[-113.137882,45.227267],[-113.137049,45.226957],[-113.136669,45.226984]]}},{"type":"Feature","properties":{"id":"wat-b634","kind":"water","name":"Pole Creek","acres":null,"editable":false,"source":"USGS 3DHP flowlines (Channel Line)"},"geometry":{"type":"LineString","coordinates":[[-113.158429,45.343496],[-113.157849,45.343294]]}},{"type":"Feature","properties":{"id":"wat-b635","kind":"water","name":"Grasshopper Creek","acres":null,"editable":false,"source":"USGS 3DHP flowlines (Channel Line)"},"geometry":{"type":"LineString","coordinates":[[-113.11491,45.426315],[-113.114681,45.426273],[-113.114315,45.426322],[-113.114009,45.426185]]}},{"type":"Feature","properties":{"id":"wat-b636","kind":"water","name":"Creek","acres":null,"editable":false,"source":"USGS 3DHP flowlines (Channel Line)"},"geometry":{"type":"LineString","coordinates":[[-113.045682,45.190373],[-113.045347,45.190064]]}},{"type":"Feature","properties":{"id":"wat-b637","kind":"water","name":"Creek","acres":null,"editable":false,"source":"USGS 3DHP flowlines (Channel Line)"},"geometry":{"type":"LineString","coordinates":[[-112.918075,45.199469],[-112.917856,45.199337]]}},{"type":"Feature","properties":{"id":"wat-b638","kind":"water","name":"Rattlesnake Creek","acres":null,"editable":false,"source":"USGS 3DHP flowlines (Channel Line)"},"geometry":{"type":"LineString","coordinates":[[-112.995116,45.40971],[-112.993899,45.40939]]}},{"type":"Feature","properties":{"id":"wat-b639","kind":"water","name":"Creek","acres":null,"editable":false,"source":"USGS 3DHP flowlines (Channel Line)"},"geometry":{"type":"LineString","coordinates":[[-113.113271,45.243015],[-113.111578,45.242533],[-113.110638,45.2421],[-113.109838,45.242018],[-113.10917,45.241816],[-113.108168,45.24135],[-113.106428,45.240763],[-113.105799,45.240457],[-113.104937,45.239864],[-113.104673,45.239799],[-113.104145,45.239859],[-113.103206,45.240101],[-113.102142,45.240595],[-113.10078,45.241596],[-113.100397,45.242746],[-113.100218,45.242993],[-113.099931,45.243147],[-113.098642,45.243317],[-113.09792,45.243301],[-113.097276,45.243164],[-113.09674,45.243142],[-113.094639,45.243518]]}},{"type":"Feature","properties":{"id":"wat-b640","kind":"water","name":"Creek","acres":null,"editable":false,"source":"USGS 3DHP flowlines (Channel Line)"},"geometry":{"type":"LineString","coordinates":[[-113.044136,45.357108],[-113.044686,45.357322],[-113.045296,45.357447],[-113.047188,45.357344],[-113.048234,45.357425],[-113.048874,45.357306],[-113.049454,45.357085],[-113.049706,45.356791],[-113.049943,45.356112],[-113.050385,45.355399],[-113.051583,45.353698]]}},{"type":"Feature","properties":{"id":"wat-b641","kind":"water","name":"Reservoir Creek","acres":null,"editable":false,"source":"USGS 3DHP flowlines (Channel Line)"},"geometry":{"type":"LineString","coordinates":[[-113.088014,45.156299],[-113.087363,45.156615],[-113.085743,45.157186],[-113.079293,45.158838],[-113.078959,45.158975],[-113.078153,45.159529],[-113.077246,45.159749],[-113.076323,45.160232],[-113.074424,45.160797],[-113.073827,45.161186],[-113.072834,45.161269],[-113.071966,45.161955],[-113.071454,45.161955],[-113.070919,45.162114],[-113.070695,45.162097],[-113.070431,45.16196],[-113.070089,45.162103]]}},{"type":"Feature","properties":{"id":"wat-b642","kind":"water","name":"Creek","acres":null,"editable":false,"source":"USGS 3DHP flowlines (Channel Line)"},"geometry":{"type":"LineString","coordinates":[[-113.12817,45.348762],[-113.128188,45.34864],[-113.128041,45.348606],[-113.128117,45.348422],[-113.128308,45.348357],[-113.128369,45.348208],[-113.128201,45.348014],[-113.128323,45.347709],[-113.12814,45.347373],[-113.128331,45.347056],[-113.12862,45.346938],[-113.128516,45.346648]]}},{"type":"Feature","properties":{"id":"wat-b643","kind":"water","name":"Creek","acres":null,"editable":false,"source":"USGS 3DHP flowlines (Channel Line)"},"geometry":{"type":"LineString","coordinates":[[-113.063229,45.209542],[-113.062498,45.20978]]}},{"type":"Feature","properties":{"id":"wat-b644","kind":"water","name":"Harrison Creek","acres":null,"editable":false,"source":"USGS 3DHP flowlines (Channel Line)"},"geometry":{"type":"LineString","coordinates":[[-113.13979,45.287085],[-113.139623,45.287242],[-113.138509,45.287619],[-113.136922,45.288775],[-113.13493,45.289626],[-113.13403,45.2899],[-113.131749,45.29003],[-113.130642,45.290179],[-113.12962,45.289942],[-113.129147,45.289626],[-113.128842,45.289584],[-113.127652,45.289916],[-113.127026,45.29019],[-113.125938,45.290528]]}},{"type":"Feature","properties":{"id":"wat-b645","kind":"water","name":"Dyce Creek","acres":null,"editable":false,"source":"USGS 3DHP flowlines (Channel Line)"},"geometry":{"type":"LineString","coordinates":[[-113.035428,45.263383],[-113.035294,45.262609],[-113.035454,45.262178],[-113.035476,45.26078]]}},{"type":"Feature","properties":{"id":"wat-b646","kind":"water","name":"Creek","acres":null,"editable":false,"source":"USGS 3DHP flowlines (Channel Line)"},"geometry":{"type":"LineString","coordinates":[[-113.068984,45.163739],[-113.06871,45.163707],[-113.068501,45.163803]]}},{"type":"Feature","properties":{"id":"wat-b647","kind":"water","name":"Creek","acres":null,"editable":false,"source":"USGS 3DHP flowlines (Channel Line)"},"geometry":{"type":"LineString","coordinates":[[-112.89719,45.312299],[-112.897496,45.312164]]}},{"type":"Feature","properties":{"id":"wat-b648","kind":"water","name":"Creek","acres":null,"editable":false,"source":"USGS 3DHP flowlines (Channel Line)"},"geometry":{"type":"LineString","coordinates":[[-113.031498,45.414475],[-113.032307,45.414539]]}},{"type":"Feature","properties":{"id":"wat-b649","kind":"water","name":"Creek","acres":null,"editable":false,"source":"USGS 3DHP flowlines (Channel Line)"},"geometry":{"type":"LineString","coordinates":[[-113.096956,45.411463],[-113.097255,45.411]]}},{"type":"Feature","properties":{"id":"wat-b650","kind":"water","name":"Grasshopper Creek","acres":null,"editable":false,"source":"USGS 3DHP flowlines (Channel Line)"},"geometry":{"type":"LineString","coordinates":[[-113.127456,45.349143],[-113.127186,45.348815],[-113.12727,45.348419],[-113.127049,45.347911],[-113.12711,45.347678],[-113.126988,45.347464]]}},{"type":"Feature","properties":{"id":"wat-b651","kind":"water","name":"Pole Creek","acres":null,"editable":false,"source":"USGS 3DHP flowlines (Channel Line)"},"geometry":{"type":"LineString","coordinates":[[-113.157849,45.343294],[-113.157484,45.342959],[-113.156927,45.342746],[-113.153532,45.342177],[-113.152357,45.341872],[-113.151533,45.341472],[-113.149846,45.340403],[-113.148519,45.340297],[-113.147764,45.340125],[-113.146466,45.339621],[-113.145398,45.339381],[-113.144689,45.339137],[-113.143933,45.339099],[-113.143491,45.339164],[-113.143003,45.339396],[-113.142192,45.339566]]}},{"type":"Feature","properties":{"id":"wat-b652","kind":"water","name":"Grasshopper Creek","acres":null,"editable":false,"source":"USGS 3DHP flowlines (Channel Line)"},"geometry":{"type":"LineString","coordinates":[[-113.113735,45.417239],[-113.1133,45.416869],[-113.11304,45.416278],[-113.112918,45.416293],[-113.112865,45.416488],[-113.112546,45.41681]]}},{"type":"Feature","properties":{"id":"wat-b653","kind":"water","name":"Creek","acres":null,"editable":false,"source":"USGS 3DHP flowlines (Channel Line)"},"geometry":{"type":"LineString","coordinates":[[-113.032307,45.414539],[-113.032562,45.414497]]}},{"type":"Feature","properties":{"id":"wat-b654","kind":"water","name":"Buffalo Creek","acres":null,"editable":false,"source":"USGS 3DHP flowlines (Channel Line)"},"geometry":{"type":"LineString","coordinates":[[-113.196583,45.158155],[-113.196478,45.157895],[-113.196221,45.157717],[-113.19595,45.15761],[-113.195773,45.157658]]}},{"type":"Feature","properties":{"id":"wat-b655","kind":"water","name":"Creek","acres":null,"editable":false,"source":"USGS 3DHP flowlines (Channel Line)"},"geometry":{"type":"LineString","coordinates":[[-113.121395,45.40406],[-113.12024,45.404003]]}},{"type":"Feature","properties":{"id":"wat-b656","kind":"water","name":"Creek","acres":null,"editable":false,"source":"USGS 3DHP flowlines (Channel Line)"},"geometry":{"type":"LineString","coordinates":[[-113.035148,45.366732],[-113.036438,45.366847],[-113.038239,45.367385],[-113.040749,45.367843],[-113.042717,45.368823],[-113.043038,45.369258],[-113.043312,45.370025],[-113.043709,45.370231],[-113.044434,45.370433]]}},{"type":"Feature","properties":{"id":"wat-b657","kind":"water","name":"Taylor Creek","acres":null,"editable":false,"source":"USGS 3DHP flowlines (Channel Line)"},"geometry":{"type":"LineString","coordinates":[[-112.984763,45.28622],[-112.984599,45.285922],[-112.984533,45.285232]]}},{"type":"Feature","properties":{"id":"wat-b658","kind":"water","name":"Birch Creek","acres":null,"editable":false,"source":"USGS 3DHP flowlines (Channel Line)"},"geometry":{"type":"LineString","coordinates":[[-112.991476,45.425189],[-112.988531,45.42512],[-112.987309,45.425312],[-112.986181,45.425583],[-112.985433,45.425553],[-112.985219,45.425669],[-112.985173,45.425826]]}},{"type":"Feature","properties":{"id":"wat-b659","kind":"water","name":"Cold Spring Creek","acres":null,"editable":false,"source":"USGS 3DHP flowlines (Channel Line)"},"geometry":{"type":"LineString","coordinates":[[-112.93422,45.167126],[-112.934318,45.166799]]}},{"type":"Feature","properties":{"id":"wat-b660","kind":"water","name":"Creek","acres":null,"editable":false,"source":"USGS 3DHP flowlines (Channel Line)"},"geometry":{"type":"LineString","coordinates":[[-113.030655,45.430739],[-113.031207,45.431019]]}},{"type":"Feature","properties":{"id":"wat-b661","kind":"water","name":"Creek","acres":null,"editable":false,"source":"USGS 3DHP flowlines (Channel Line)"},"geometry":{"type":"LineString","coordinates":[[-112.956801,45.199197],[-112.95752,45.199651]]}},{"type":"Feature","properties":{"id":"wat-b662","kind":"water","name":"Creek","acres":null,"editable":false,"source":"USGS 3DHP flowlines (Channel Line)"},"geometry":{"type":"LineString","coordinates":[[-113.122312,45.403776],[-113.121979,45.403954]]}},{"type":"Feature","properties":{"id":"wat-b663","kind":"water","name":"Creek","acres":null,"editable":false,"source":"USGS 3DHP flowlines (Channel Line)"},"geometry":{"type":"LineString","coordinates":[[-112.880515,45.18078],[-112.878837,45.181047],[-112.87828,45.18126],[-112.877967,45.18126],[-112.877753,45.181154],[-112.87741,45.180692],[-112.876968,45.18041],[-112.875553,45.179742],[-112.873497,45.179689],[-112.872458,45.179519],[-112.871969,45.179569],[-112.870721,45.180782],[-112.870582,45.181062],[-112.869381,45.182428],[-112.868792,45.182714],[-112.868063,45.183219],[-112.866831,45.184273],[-112.864412,45.185431]]}},{"type":"Feature","properties":{"id":"wat-b664","kind":"water","name":"Buffalo Creek","acres":null,"editable":false,"source":"USGS 3DHP flowlines (Channel Line)"},"geometry":{"type":"LineString","coordinates":[[-113.052875,45.221706],[-113.052085,45.222313],[-113.05061,45.222758]]}},{"type":"Feature","properties":{"id":"wat-b665","kind":"water","name":"Grasshopper Creek","acres":null,"editable":false,"source":"USGS 3DHP flowlines (Channel Line)"},"geometry":{"type":"LineString","coordinates":[[-113.112309,45.416602],[-113.112392,45.416442],[-113.11269,45.416236],[-113.11285,45.415733],[-113.112651,45.415473],[-113.112651,45.415122],[-113.112415,45.415096],[-113.112166,45.415309]]}},{"type":"Feature","properties":{"id":"wat-b666","kind":"water","name":"Creek","acres":null,"editable":false,"source":"USGS 3DHP flowlines (Channel Line)"},"geometry":{"type":"LineString","coordinates":[[-113.03674,45.216999],[-113.03684,45.216968]]}},{"type":"Feature","properties":{"id":"wat-b667","kind":"water","name":"Buffalo Creek","acres":null,"editable":false,"source":"USGS 3DHP flowlines (Channel Line)"},"geometry":{"type":"LineString","coordinates":[[-113.085962,45.19783],[-113.085702,45.198037],[-113.085523,45.198287],[-113.085421,45.198683],[-113.085239,45.198779],[-113.085021,45.199102],[-113.084602,45.199494],[-113.08431,45.199622],[-113.084117,45.200008],[-113.083703,45.200207],[-113.083382,45.200472],[-113.083275,45.200621],[-113.083166,45.201288]]}},{"type":"Feature","properties":{"id":"wat-b668","kind":"water","name":"Buffalo Creek","acres":null,"editable":false,"source":"USGS 3DHP flowlines (Channel Line)"},"geometry":{"type":"LineString","coordinates":[[-113.088974,45.19685],[-113.087265,45.197074],[-113.086365,45.197509],[-113.085962,45.19783]]}},{"type":"Feature","properties":{"id":"wat-b669","kind":"water","name":"Creek","acres":null,"editable":false,"source":"USGS 3DHP flowlines (Channel Line)"},"geometry":{"type":"LineString","coordinates":[[-112.990099,45.362579],[-112.989868,45.362473]]}},{"type":"Feature","properties":{"id":"wat-b670","kind":"water","name":"Creek","acres":null,"editable":false,"source":"USGS 3DHP flowlines (Channel Line)"},"geometry":{"type":"LineString","coordinates":[[-113.031038,45.268742],[-113.032277,45.268807],[-113.032878,45.268623],[-113.033556,45.268671],[-113.03377,45.26861]]}},{"type":"Feature","properties":{"id":"wat-b671","kind":"water","name":"Creek","acres":null,"editable":false,"source":"USGS 3DHP flowlines (Channel Line)"},"geometry":{"type":"LineString","coordinates":[[-113.050271,45.400221],[-113.050971,45.400367]]}},{"type":"Feature","properties":{"id":"wat-b672","kind":"water","name":"White Creek","acres":null,"editable":false,"source":"USGS 3DHP flowlines (Channel Line)"},"geometry":{"type":"LineString","coordinates":[[-113.026765,45.416231],[-113.027127,45.416172]]}},{"type":"Feature","properties":{"id":"wat-b673","kind":"water","name":"Creek","acres":null,"editable":false,"source":"USGS 3DHP flowlines (Channel Line)"},"geometry":{"type":"LineString","coordinates":[[-112.938901,45.397179],[-112.938981,45.396771]]}},{"type":"Feature","properties":{"id":"wat-b674","kind":"water","name":"Creek","acres":null,"editable":false,"source":"USGS 3DHP flowlines (Channel Line)"},"geometry":{"type":"LineString","coordinates":[[-112.938491,45.389267],[-112.938937,45.38927],[-112.939421,45.389175]]}},{"type":"Feature","properties":{"id":"wat-b675","kind":"water","name":"Creek","acres":null,"editable":false,"source":"USGS 3DHP flowlines (Channel Line)"},"geometry":{"type":"LineString","coordinates":[[-112.96037,45.314936],[-112.95957,45.314733],[-112.958249,45.313635],[-112.957631,45.313517],[-112.957142,45.313185],[-112.956463,45.3132],[-112.955784,45.313422],[-112.955096,45.313507],[-112.953715,45.31338],[-112.950656,45.312589],[-112.94994,45.312506],[-112.948522,45.311364],[-112.947399,45.309981],[-112.946758,45.309683],[-112.946583,45.309519]]}},{"type":"Feature","properties":{"id":"wat-b676","kind":"water","name":"Creek","acres":null,"editable":false,"source":"USGS 3DHP flowlines (Channel Line)"},"geometry":{"type":"LineString","coordinates":[[-112.872968,45.171032],[-112.871425,45.171329],[-112.867431,45.171896],[-112.866175,45.172215],[-112.864803,45.172682],[-112.858568,45.173288],[-112.857591,45.173777],[-112.856559,45.174134],[-112.856125,45.174386],[-112.855993,45.174556],[-112.854869,45.175116],[-112.853442,45.17538],[-112.852302,45.175397],[-112.850689,45.175688],[-112.849797,45.175442],[-112.849665,45.174844],[-112.849284,45.1744],[-112.848275,45.173769],[-112.847616,45.173111],[-112.846242,45.172244]]}},{"type":"Feature","properties":{"id":"wat-b677","kind":"water","name":"Creek","acres":null,"editable":false,"source":"USGS 3DHP flowlines (Channel Line)"},"geometry":{"type":"LineString","coordinates":[[-113.050306,45.221115],[-113.050345,45.221251]]}},{"type":"Feature","properties":{"id":"wat-b678","kind":"water","name":"Swamp Creek","acres":null,"editable":false,"source":"USGS 3DHP flowlines (Channel Line)"},"geometry":{"type":"LineString","coordinates":[[-113.144978,45.236505],[-113.144859,45.236471],[-113.14452,45.236079],[-113.143757,45.235877],[-113.143132,45.235537],[-113.142857,45.235548],[-113.14272,45.235388],[-113.1423,45.235384],[-113.141942,45.235217],[-113.14156,45.235148],[-113.140896,45.235117],[-113.14021,45.234866],[-113.137402,45.23271],[-113.136807,45.232039],[-113.135739,45.231913],[-113.135243,45.231669],[-113.134426,45.23165],[-113.13393,45.231371],[-113.133312,45.231165],[-113.133022,45.231158],[-113.132458,45.231337],[-113.131719,45.231355],[-113.130303,45.231105],[-113.128546,45.231163],[-113.127913,45.230872],[-113.127297,45.230705],[-113.127122,45.230522],[-113.126864,45.230472],[-113.126198,45.230472],[-113.125923,45.230555],[-113.125373,45.230922],[-113.124474,45.231163],[-113.124091,45.231055],[-113.123442,45.231005],[-113.121725,45.23098],[-113.120809,45.231072]]}},{"type":"Feature","properties":{"id":"wat-b679","kind":"water","name":"Brays Canyon Creek","acres":null,"editable":false,"source":"USGS 3DHP flowlines (Channel Line)"},"geometry":{"type":"LineString","coordinates":[[-113.131312,45.185568],[-113.13039,45.185294]]}},{"type":"Feature","properties":{"id":"wat-b680","kind":"water","name":"Billings Creek","acres":null,"editable":false,"source":"USGS 3DHP flowlines (Channel Line)"},"geometry":{"type":"LineString","coordinates":[[-113.102464,45.370997],[-113.103642,45.371145],[-113.104208,45.371137]]}},{"type":"Feature","properties":{"id":"wat-b681","kind":"water","name":"Creek","acres":null,"editable":false,"source":"USGS 3DHP flowlines (Channel Line)"},"geometry":{"type":"LineString","coordinates":[[-112.99189,45.401164],[-112.991437,45.401539],[-112.991071,45.401508],[-112.990591,45.401578],[-112.990238,45.401721]]}},{"type":"Feature","properties":{"id":"wat-b682","kind":"water","name":"Creek","acres":null,"editable":false,"source":"USGS 3DHP flowlines (Channel Line)"},"geometry":{"type":"LineString","coordinates":[[-112.978858,45.356898],[-112.978109,45.356501],[-112.977544,45.355998]]}},{"type":"Feature","properties":{"id":"wat-b683","kind":"water","name":"Divide Creek","acres":null,"editable":false,"source":"USGS 3DHP flowlines (Channel Line)"},"geometry":{"type":"LineString","coordinates":[[-113.152741,45.321631],[-113.152205,45.321581],[-113.151446,45.321758],[-113.150246,45.3217]]}},{"type":"Feature","properties":{"id":"wat-b684","kind":"water","name":"Creek","acres":null,"editable":false,"source":"USGS 3DHP flowlines (Channel Line)"},"geometry":{"type":"LineString","coordinates":[[-113.152092,45.183315],[-113.150548,45.183501],[-113.149844,45.183684]]}},{"type":"Feature","properties":{"id":"wat-b685","kind":"water","name":"Rattlesnake Creek","acres":null,"editable":false,"source":"USGS 3DHP flowlines (Channel Line)"},"geometry":{"type":"LineString","coordinates":[[-112.874767,45.285703],[-112.873887,45.285391],[-112.872988,45.284287],[-112.872445,45.284141],[-112.871285,45.28422]]}},{"type":"Feature","properties":{"id":"wat-b686","kind":"water","name":"Shale Creek","acres":null,"editable":false,"source":"USGS 3DHP flowlines (Channel Line)"},"geometry":{"type":"LineString","coordinates":[[-113.164886,45.427013],[-113.164509,45.426738]]}},{"type":"Feature","properties":{"id":"wat-b687","kind":"water","name":"Clark Creek","acres":null,"editable":false,"source":"USGS 3DHP flowlines (Channel Line)"},"geometry":{"type":"LineString","coordinates":[[-113.102,45.418098],[-113.102405,45.417781]]}},{"type":"Feature","properties":{"id":"wat-b688","kind":"water","name":"Lake Creek","acres":null,"editable":false,"source":"USGS 3DHP flowlines (Channel Line)"},"geometry":{"type":"LineString","coordinates":[[-113.080614,45.387816],[-113.082209,45.387847],[-113.082895,45.387706]]}},{"type":"Feature","properties":{"id":"wat-b689","kind":"water","name":"Creek","acres":null,"editable":false,"source":"USGS 3DHP flowlines (Channel Line)"},"geometry":{"type":"LineString","coordinates":[[-113.0874,45.224479],[-113.086869,45.224894],[-113.08631,45.22518],[-113.086109,45.226107],[-113.085915,45.226425],[-113.084976,45.227138],[-113.084777,45.227505]]}},{"type":"Feature","properties":{"id":"wat-b690","kind":"water","name":"Right Fork Swamp Creek","acres":null,"editable":false,"source":"USGS 3DHP flowlines (Channel Line)"},"geometry":{"type":"LineString","coordinates":[[-113.199562,45.23831],[-113.198638,45.238383],[-113.197883,45.238272],[-113.197143,45.238013],[-113.194204,45.237249],[-113.193703,45.237346],[-113.193469,45.237543],[-113.192347,45.238054],[-113.191412,45.238137],[-113.190261,45.238013],[-113.186888,45.236602],[-113.185858,45.236586],[-113.184233,45.236396],[-113.182684,45.235717],[-113.180945,45.235076],[-113.180113,45.234545],[-113.179213,45.234343],[-113.17761,45.234153],[-113.175978,45.234076],[-113.173132,45.234458],[-113.172148,45.234877],[-113.171469,45.235057],[-113.170393,45.235633],[-113.170088,45.235663],[-113.169462,45.235503],[-113.16908,45.235522],[-113.168264,45.236003],[-113.167631,45.236178],[-113.166357,45.236994]]}},{"type":"Feature","properties":{"id":"wat-b691","kind":"water","name":"Creek","acres":null,"editable":false,"source":"USGS 3DHP flowlines (Channel Line)"},"geometry":{"type":"LineString","coordinates":[[-112.902995,45.152533],[-112.902664,45.152345],[-112.90052,45.152154],[-112.899993,45.151986],[-112.89978,45.151796],[-112.899673,45.151271],[-112.899423,45.150821],[-112.898995,45.1504],[-112.898995,45.150265],[-112.899643,45.149641],[-112.899715,45.149159],[-112.899982,45.148754],[-112.899792,45.148047],[-112.899233,45.14769],[-112.899007,45.147119],[-112.899078,45.146839],[-112.899816,45.145976],[-112.900263,45.145793],[-112.900671,45.145288],[-112.900528,45.145074],[-112.900685,45.145045],[-112.900999,45.144474],[-112.900942,45.144103],[-112.901299,45.143903],[-112.901156,45.143632],[-112.901527,45.143375],[-112.900956,45.142133],[-112.900928,45.141718],[-112.900742,45.141233],[-112.901085,45.140805],[-112.900942,45.140476],[-112.901199,45.140119],[-112.901185,45.13912],[-112.901356,45.13882],[-112.901884,45.138563],[-112.901913,45.138106],[-112.902641,45.137707],[-112.902555,45.137236],[-112.902641,45.137064],[-112.903027,45.136936],[-112.903412,45.136964],[-112.903969,45.13675],[-112.903969,45.135951],[-112.903712,45.135651],[-112.903569,45.135023],[-112.902969,45.134409],[-112.903022,45.133703]]}},{"type":"Feature","properties":{"id":"wat-b692","kind":"water","name":"Creek","acres":null,"editable":false,"source":"USGS 3DHP flowlines (Channel Line)"},"geometry":{"type":"LineString","coordinates":[[-112.930647,45.346754],[-112.930903,45.346595],[-112.932117,45.346221],[-112.934474,45.345931],[-112.937297,45.345263],[-112.937763,45.344954],[-112.938014,45.344619],[-112.93938,45.34357],[-112.939517,45.343379],[-112.941137,45.342761],[-112.94191,45.342118],[-112.942539,45.341928],[-112.942802,45.341947],[-112.943044,45.341862],[-112.943208,45.342],[-112.9435,45.34187]]}},{"type":"Feature","properties":{"id":"wat-b693","kind":"water","name":"Creek","acres":null,"editable":false,"source":"USGS 3DHP flowlines (Channel Line)"},"geometry":{"type":"LineString","coordinates":[[-112.939154,45.393382],[-112.939145,45.393278],[-112.93951,45.3931],[-112.939838,45.392555],[-112.940334,45.392124],[-112.940723,45.391319],[-112.941127,45.390888],[-112.941875,45.389781]]}},{"type":"Feature","properties":{"id":"wat-b694","kind":"water","name":"Shale Creek","acres":null,"editable":false,"source":"USGS 3DHP flowlines (Channel Line)"},"geometry":{"type":"LineString","coordinates":[[-113.151869,45.417978],[-113.150926,45.41779]]}},{"type":"Feature","properties":{"id":"wat-b695","kind":"water","name":"Harrison Creek","acres":null,"editable":false,"source":"USGS 3DHP flowlines (Channel Line)"},"geometry":{"type":"LineString","coordinates":[[-113.191845,45.268089],[-113.191703,45.268199],[-113.191634,45.268431]]}},{"type":"Feature","properties":{"id":"wat-b696","kind":"water","name":"Cold Spring Creek","acres":null,"editable":false,"source":"USGS 3DHP flowlines (Channel Line)"},"geometry":{"type":"LineString","coordinates":[[-112.94961,45.191881],[-112.949511,45.191576],[-112.948817,45.190599],[-112.94826,45.190153],[-112.947756,45.189958],[-112.947192,45.189603],[-112.946414,45.18942],[-112.945857,45.18905],[-112.943163,45.187963],[-112.942156,45.187639],[-112.941889,45.187334],[-112.941851,45.187108],[-112.942278,45.186525],[-112.942339,45.186101],[-112.941668,45.184469],[-112.941538,45.184339],[-112.940043,45.183801],[-112.938601,45.183412],[-112.934976,45.183366],[-112.932268,45.183237],[-112.93152,45.183099],[-112.930528,45.18276],[-112.929056,45.181447],[-112.9284,45.18099],[-112.927797,45.18036],[-112.927942,45.179857],[-112.928789,45.1788],[-112.929056,45.178136],[-112.928949,45.177724],[-112.928369,45.177209],[-112.927545,45.176221],[-112.927321,45.175031]]}},{"type":"Feature","properties":{"id":"wat-b697","kind":"water","name":"Creek","acres":null,"editable":false,"source":"USGS 3DHP flowlines (Channel Line)"},"geometry":{"type":"LineString","coordinates":[[-113.052644,45.281824],[-113.053002,45.281439],[-113.053109,45.280901],[-113.053849,45.280131],[-113.054299,45.279791],[-113.05446,45.279413],[-113.054986,45.278731],[-113.055329,45.278494],[-113.05549,45.278139],[-113.055818,45.277895],[-113.05607,45.277285],[-113.056039,45.276732],[-113.056253,45.276121],[-113.056245,45.275744],[-113.055818,45.273466],[-113.055848,45.27294],[-113.055627,45.272619],[-113.055512,45.27204],[-113.055093,45.271589],[-113.054925,45.270865],[-113.055047,45.270544],[-113.055398,45.270266],[-113.055566,45.269705],[-113.055856,45.269224],[-113.055802,45.267809],[-113.05594,45.267283],[-113.055863,45.266733],[-113.056069,45.26541],[-113.055802,45.264597],[-113.055833,45.26412],[-113.05594,45.263899],[-113.056253,45.263632],[-113.056207,45.263399],[-113.055848,45.262537],[-113.055375,45.262007],[-113.054719,45.261553],[-113.054338,45.260752],[-113.053933,45.260424],[-113.053849,45.260103],[-113.053323,45.259386],[-113.053163,45.258562],[-113.05269,45.258127],[-113.051835,45.257879],[-113.050782,45.257811],[-113.049653,45.258009],[-113.049149,45.258001],[-113.047578,45.257502]]}},{"type":"Feature","properties":{"id":"wat-b698","kind":"water","name":"Creek","acres":null,"editable":false,"source":"USGS 3DHP flowlines (Channel Line)"},"geometry":{"type":"LineString","coordinates":[[-113.177901,45.413051],[-113.177558,45.414439],[-113.177214,45.415054],[-113.176909,45.415347],[-113.176512,45.415576],[-113.175673,45.415866],[-113.173522,45.416148],[-113.172774,45.416167],[-113.170401,45.415797],[-113.168982,45.415088]]}},{"type":"Feature","properties":{"id":"wat-b699","kind":"water","name":"Creek","acres":null,"editable":false,"source":"USGS 3DHP flowlines (Channel Line)"},"geometry":{"type":"LineString","coordinates":[[-113.049097,45.39076],[-113.049424,45.390979],[-113.050179,45.391814],[-113.051392,45.392844],[-113.051926,45.393157],[-113.053078,45.393294],[-113.054375,45.393214],[-113.055825,45.393237],[-113.057763,45.392779],[-113.058328,45.392749],[-113.058762,45.39286],[-113.059998,45.39371],[-113.060616,45.393916]]}},{"type":"Feature","properties":{"id":"wat-b700","kind":"water","name":"Creek","acres":null,"editable":false,"source":"USGS 3DHP flowlines (Channel Line)"},"geometry":{"type":"LineString","coordinates":[[-112.914133,45.364089],[-112.912676,45.363128],[-112.912741,45.362725]]}},{"type":"Feature","properties":{"id":"wat-b701","kind":"water","name":"Swamp Creek","acres":null,"editable":false,"source":"USGS 3DHP flowlines (Channel Line)"},"geometry":{"type":"LineString","coordinates":[[-113.088983,45.235673],[-113.088672,45.235725],[-113.088627,45.235972],[-113.088468,45.236147],[-113.088474,45.236364],[-113.088239,45.2364],[-113.088144,45.236694]]}},{"type":"Feature","properties":{"id":"wat-b702","kind":"water","name":"South Fork Hayes Creek","acres":null,"editable":false,"source":"USGS 3DHP flowlines (Channel Line)"},"geometry":{"type":"LineString","coordinates":[[-113.125887,45.214824],[-113.124041,45.215862],[-113.123118,45.216208]]}},{"type":"Feature","properties":{"id":"wat-b703","kind":"water","name":"Creek","acres":null,"editable":false,"source":"USGS 3DHP flowlines (Channel Line)"},"geometry":{"type":"LineString","coordinates":[[-112.878282,45.375653],[-112.878624,45.376811],[-112.879311,45.378234],[-112.879655,45.380699]]}},{"type":"Feature","properties":{"id":"wat-b704","kind":"water","name":"Creek","acres":null,"editable":false,"source":"USGS 3DHP flowlines (Channel Line)"},"geometry":{"type":"LineString","coordinates":[[-112.883502,45.217],[-112.882386,45.216982],[-112.882046,45.216888],[-112.881664,45.217252],[-112.881103,45.21733],[-112.879569,45.217946]]}},{"type":"Feature","properties":{"id":"wat-b705","kind":"water","name":"Reservoir Creek","acres":null,"editable":false,"source":"USGS 3DHP flowlines (Channel Line)"},"geometry":{"type":"LineString","coordinates":[[-113.119332,45.148499],[-113.118792,45.148596]]}},{"type":"Feature","properties":{"id":"wat-b706","kind":"water","name":"Creek","acres":null,"editable":false,"source":"USGS 3DHP flowlines (Channel Line)"},"geometry":{"type":"LineString","coordinates":[[-113.050971,45.400367],[-113.051131,45.400408]]}},{"type":"Feature","properties":{"id":"wat-b707","kind":"water","name":"Creek","acres":null,"editable":false,"source":"USGS 3DHP flowlines (Channel Line)"},"geometry":{"type":"LineString","coordinates":[[-113.140334,45.143166],[-113.140283,45.14326]]}},{"type":"Feature","properties":{"id":"wat-b708","kind":"water","name":"Creek","acres":null,"editable":false,"source":"USGS 3DHP flowlines (Channel Line)"},"geometry":{"type":"LineString","coordinates":[[-113.006486,45.359832],[-113.0058,45.359965]]}},{"type":"Feature","properties":{"id":"wat-b709","kind":"water","name":"Rattlesnake Creek","acres":null,"editable":false,"source":"USGS 3DHP flowlines (Channel Line)"},"geometry":{"type":"LineString","coordinates":[[-112.964809,45.38907],[-112.964268,45.388385],[-112.964169,45.388034],[-112.964245,45.387431],[-112.964085,45.386882],[-112.963528,45.386207],[-112.963368,45.385795],[-112.963459,45.385329],[-112.963604,45.385108],[-112.964764,45.384105],[-112.965008,45.383723],[-112.965031,45.383346],[-112.964848,45.382697],[-112.96448,45.382239]]}},{"type":"Feature","properties":{"id":"wat-b710","kind":"water","name":"Creek","acres":null,"editable":false,"source":"USGS 3DHP flowlines (Channel Line)"},"geometry":{"type":"LineString","coordinates":[[-113.059948,45.207848],[-113.058768,45.208506],[-113.057876,45.208759],[-113.057154,45.209143],[-113.055811,45.209669],[-113.055113,45.210201],[-113.054438,45.210585],[-113.053631,45.210695],[-113.053103,45.211271]]}},{"type":"Feature","properties":{"id":"wat-b711","kind":"water","name":"Creek","acres":null,"editable":false,"source":"USGS 3DHP flowlines (Channel Line)"},"geometry":{"type":"LineString","coordinates":[[-113.095127,45.228042],[-113.095184,45.228135]]}},{"type":"Feature","properties":{"id":"wat-b712","kind":"water","name":"Thief Creek","acres":null,"editable":false,"source":"USGS 3DHP flowlines (Channel Line)"},"geometry":{"type":"LineString","coordinates":[[-112.875902,45.419827],[-112.873436,45.420033],[-112.872207,45.419734],[-112.870866,45.419812],[-112.870208,45.419747],[-112.869431,45.419449],[-112.86827,45.419308],[-112.867294,45.419],[-112.866151,45.418835],[-112.864899,45.418489],[-112.863884,45.418297],[-112.86203,45.417039],[-112.86135,45.416809],[-112.860344,45.416619],[-112.85942,45.4161],[-112.856719,45.415696],[-112.85485,45.415619],[-112.854194,45.415524]]}},{"type":"Feature","properties":{"id":"wat-b713","kind":"water","name":"Cottonwood Creek","acres":null,"editable":false,"source":"USGS 3DHP flowlines (Channel Line)"},"geometry":{"type":"LineString","coordinates":[[-113.158472,45.377318],[-113.15774,45.377231]]}},{"type":"Feature","properties":{"id":"wat-b714","kind":"water","name":"Creek","acres":null,"editable":false,"source":"USGS 3DHP flowlines (Channel Line)"},"geometry":{"type":"LineString","coordinates":[[-113.038752,45.393359],[-113.03908,45.393313]]}},{"type":"Feature","properties":{"id":"wat-b715","kind":"water","name":"White Creek","acres":null,"editable":false,"source":"USGS 3DHP flowlines (Channel Line)"},"geometry":{"type":"LineString","coordinates":[[-113.104439,45.40438],[-113.104573,45.404307]]}},{"type":"Feature","properties":{"id":"wat-b716","kind":"water","name":"Creek","acres":null,"editable":false,"source":"USGS 3DHP flowlines (Channel Line)"},"geometry":{"type":"LineString","coordinates":[[-112.876275,45.305293],[-112.878709,45.304747],[-112.879838,45.304225],[-112.88112,45.303114],[-112.881982,45.301871],[-112.882195,45.301184],[-112.882661,45.300578],[-112.88376,45.299967],[-112.884179,45.299548],[-112.884339,45.299048],[-112.884919,45.298426],[-112.885331,45.297457],[-112.886102,45.296389],[-112.886026,45.295504],[-112.885652,45.294844],[-112.885659,45.294714],[-112.885881,45.294222],[-112.885942,45.293742],[-112.886667,45.292735],[-112.886972,45.29201],[-112.88685,45.291384],[-112.886888,45.290766]]}},{"type":"Feature","properties":{"id":"wat-b717","kind":"water","name":"Clark Creek","acres":null,"editable":false,"source":"USGS 3DHP flowlines (Channel Line)"},"geometry":{"type":"LineString","coordinates":[[-113.091192,45.424562],[-113.091435,45.424572]]}},{"type":"Feature","properties":{"id":"wat-b718","kind":"water","name":"Creek","acres":null,"editable":false,"source":"USGS 3DHP flowlines (Channel Line)"},"geometry":{"type":"LineString","coordinates":[[-112.952936,45.157068],[-112.953043,45.15571],[-112.952753,45.15524],[-112.952722,45.154847],[-112.952638,45.154664],[-112.952226,45.154348],[-112.951441,45.153062],[-112.950807,45.151368],[-112.950822,45.151143],[-112.950082,45.149701],[-112.949976,45.149194],[-112.950357,45.148393],[-112.950677,45.147065],[-112.95054,45.146791],[-112.949685,45.145841],[-112.94964,45.145635],[-112.950441,45.145109],[-112.950822,45.144609],[-112.951112,45.1433],[-112.951379,45.142618],[-112.951677,45.142431],[-112.952478,45.142125],[-112.953172,45.141385],[-112.954011,45.140954],[-112.955171,45.139753],[-112.955682,45.138791],[-112.955766,45.138463],[-112.95546,45.137239]]}},{"type":"Feature","properties":{"id":"wat-b719","kind":"water","name":"Creek","acres":null,"editable":false,"source":"USGS 3DHP flowlines (Channel Line)"},"geometry":{"type":"LineString","coordinates":[[-113.100377,45.407725],[-113.101191,45.407149],[-113.101886,45.406531],[-113.102206,45.406165],[-113.102385,45.40576]]}},{"type":"Feature","properties":{"id":"wat-b720","kind":"water","name":"Creek","acres":null,"editable":false,"source":"USGS 3DHP flowlines (Channel Line)"},"geometry":{"type":"LineString","coordinates":[[-112.905785,45.154954],[-112.905629,45.15478]]}},{"type":"Feature","properties":{"id":"wat-b721","kind":"water","name":"Divide Creek","acres":null,"editable":false,"source":"USGS 3DHP flowlines (Channel Line)"},"geometry":{"type":"LineString","coordinates":[[-113.19065,45.327842],[-113.188811,45.327578],[-113.187724,45.32722],[-113.187236,45.327364],[-113.186981,45.327329],[-113.186468,45.327517],[-113.185702,45.327567],[-113.184717,45.327459],[-113.18417,45.327543],[-113.183214,45.327382],[-113.18278,45.327039]]}},{"type":"Feature","properties":{"id":"wat-b722","kind":"water","name":"Scudder Creek","acres":null,"editable":false,"source":"USGS 3DHP flowlines (Channel Line)"},"geometry":{"type":"LineString","coordinates":[[-113.12461,45.294566],[-113.125186,45.293602]]}},{"type":"Feature","properties":{"id":"wat-b723","kind":"water","name":"Creek","acres":null,"editable":false,"source":"USGS 3DHP flowlines (Channel Line)"},"geometry":{"type":"LineString","coordinates":[[-112.870858,45.333182],[-112.870736,45.332316],[-112.870285,45.331084],[-112.869599,45.329871],[-112.869469,45.328422],[-112.869171,45.327029],[-112.86882,45.325724],[-112.86834,45.324817],[-112.868317,45.32405],[-112.867935,45.323146],[-112.867127,45.322886],[-112.865181,45.322028],[-112.864578,45.32162],[-112.864075,45.321124],[-112.863869,45.320723],[-112.864029,45.319396],[-112.86377,45.31903],[-112.862091,45.318183],[-112.860916,45.317424],[-112.859894,45.316245],[-112.859726,45.315856],[-112.859726,45.315226],[-112.860084,45.314395],[-112.859848,45.314036],[-112.859306,45.313674],[-112.858047,45.313178],[-112.856315,45.312255],[-112.854889,45.311824],[-112.8535,45.31116],[-112.85289,45.310977],[-112.852264,45.310626],[-112.852211,45.310523],[-112.85247,45.309855],[-112.85247,45.30905],[-112.852234,45.308722],[-112.850776,45.308085],[-112.847289,45.307372],[-112.845794,45.306662],[-112.845146,45.306166],[-112.844955,45.305888],[-112.843948,45.305159],[-112.843467,45.304629],[-112.842597,45.303519],[-112.842658,45.303042],[-112.842574,45.302867],[-112.842063,45.302451],[-112.84114,45.302035],[-112.839088,45.301386],[-112.838714,45.301329],[-112.835715,45.301116],[-112.835036,45.301005],[-112.833159,45.301177],[-112.830237,45.300673],[-112.827345,45.300337],[-112.825224,45.300006],[-112.822378,45.299346],[-112.820959,45.298815],[-112.820611,45.298432]]}},{"type":"Feature","properties":{"id":"wat-b724","kind":"water","name":"Creek","acres":null,"editable":false,"source":"USGS 3DHP flowlines (Channel Line)"},"geometry":{"type":"LineString","coordinates":[[-113.064865,45.238307],[-113.065012,45.237408],[-113.065476,45.235834],[-113.065368,45.235507]]}},{"type":"Feature","properties":{"id":"wat-b725","kind":"water","name":"Buffalo Creek","acres":null,"editable":false,"source":"USGS 3DHP flowlines (Channel Line)"},"geometry":{"type":"LineString","coordinates":[[-113.182226,45.155179],[-113.180965,45.155055]]}},{"type":"Feature","properties":{"id":"wat-b726","kind":"water","name":"Cold Spring Creek","acres":null,"editable":false,"source":"USGS 3DHP flowlines (Channel Line)"},"geometry":{"type":"LineString","coordinates":[[-112.940994,45.141852],[-112.940929,45.141593]]}},{"type":"Feature","properties":{"id":"wat-b727","kind":"water","name":"Snyder Creek","acres":null,"editable":false,"source":"USGS 3DHP flowlines (Channel Line)"},"geometry":{"type":"LineString","coordinates":[[-113.114587,45.38597],[-113.114345,45.385902]]}},{"type":"Feature","properties":{"id":"wat-b728","kind":"water","name":"Reservoir Creek","acres":null,"editable":false,"source":"USGS 3DHP flowlines (Channel Line)"},"geometry":{"type":"LineString","coordinates":[[-113.056621,45.164542],[-113.056233,45.164253],[-113.05545,45.164083],[-113.054473,45.163694],[-113.053555,45.163081]]}},{"type":"Feature","properties":{"id":"wat-b729","kind":"water","name":"Cat Creek","acres":null,"editable":false,"source":"USGS 3DHP flowlines (Channel Line)"},"geometry":{"type":"LineString","coordinates":[[-112.987364,45.349166],[-112.986036,45.349627],[-112.9848,45.350291],[-112.984022,45.350577],[-112.983144,45.351104],[-112.982374,45.351332],[-112.981695,45.35166],[-112.980901,45.351874],[-112.980092,45.352359],[-112.979619,45.352381],[-112.978505,45.352111],[-112.977681,45.352237],[-112.977132,45.352412],[-112.975133,45.35242],[-112.973988,45.352191],[-112.973134,45.352294]]}},{"type":"Feature","properties":{"id":"wat-b730","kind":"water","name":"Creek","acres":null,"editable":false,"source":"USGS 3DHP flowlines (Channel Line)"},"geometry":{"type":"LineString","coordinates":[[-113.035553,45.425857],[-113.035934,45.425945],[-113.036773,45.425948],[-113.038498,45.426208],[-113.039818,45.425887],[-113.040497,45.425823],[-113.041663,45.42623]]}},{"type":"Feature","properties":{"id":"wat-b731","kind":"water","name":"Brays Canyon Creek","acres":null,"editable":false,"source":"USGS 3DHP flowlines (Channel Line)"},"geometry":{"type":"LineString","coordinates":[[-113.188047,45.201491],[-113.187093,45.201503],[-113.186147,45.201304],[-113.185628,45.201285],[-113.182576,45.201537],[-113.181684,45.201495],[-113.179631,45.201697],[-113.178823,45.201678],[-113.17809,45.20185],[-113.177136,45.20193],[-113.175649,45.201812],[-113.174931,45.201659],[-113.172597,45.200862],[-113.170377,45.2004],[-113.169728,45.200133],[-113.169247,45.199836],[-113.168606,45.199206],[-113.167973,45.198973],[-113.166409,45.198592],[-113.166172,45.198443],[-113.166153,45.198294],[-113.165857,45.198]]}},{"type":"Feature","properties":{"id":"wat-b732","kind":"water","name":"Birch Creek","acres":null,"editable":false,"source":"USGS 3DHP flowlines (Channel Line)"},"geometry":{"type":"LineString","coordinates":[[-112.972829,45.433593],[-112.972219,45.433835],[-112.970753,45.434227],[-112.969654,45.434684],[-112.965824,45.436969],[-112.965092,45.437046],[-112.964192,45.436831],[-112.963382,45.436966],[-112.961995,45.436658],[-112.961582,45.436715],[-112.960941,45.436963],[-112.96046,45.43706]]}},{"type":"Feature","properties":{"id":"wat-b733","kind":"water","name":"Creek","acres":null,"editable":false,"source":"USGS 3DHP flowlines (Channel Line)"},"geometry":{"type":"LineString","coordinates":[[-112.991728,45.400446],[-112.991636,45.400531],[-112.991716,45.400785]]}},{"type":"Feature","properties":{"id":"wat-b734","kind":"water","name":"Creek","acres":null,"editable":false,"source":"USGS 3DHP flowlines (Channel Line)"},"geometry":{"type":"LineString","coordinates":[[-113.047519,45.159545],[-113.046704,45.159387],[-113.045913,45.159403],[-113.045448,45.1596],[-113.045029,45.159929]]}},{"type":"Feature","properties":{"id":"wat-b735","kind":"water","name":"Creek","acres":null,"editable":false,"source":"USGS 3DHP flowlines (Channel Line)"},"geometry":{"type":"LineString","coordinates":[[-113.144307,45.246932],[-113.144094,45.246847]]}},{"type":"Feature","properties":{"id":"wat-b736","kind":"water","name":"Creek","acres":null,"editable":false,"source":"USGS 3DHP flowlines (Channel Line)"},"geometry":{"type":"LineString","coordinates":[[-113.069153,45.163742],[-113.068984,45.163739]]}},{"type":"Feature","properties":{"id":"wat-b737","kind":"water","name":"Creek","acres":null,"editable":false,"source":"USGS 3DHP flowlines (Channel Line)"},"geometry":{"type":"LineString","coordinates":[[-113.06521,45.380118],[-113.065423,45.37958],[-113.065774,45.379046],[-113.06611,45.377463],[-113.06685,45.376182],[-113.066835,45.374614],[-113.067163,45.373679],[-113.067544,45.373153]]}},{"type":"Feature","properties":{"id":"wat-b738","kind":"water","name":"Creek","acres":null,"editable":false,"source":"USGS 3DHP flowlines (Channel Line)"},"geometry":{"type":"LineString","coordinates":[[-112.869506,45.153237],[-112.870033,45.152924],[-112.870511,45.15283]]}},{"type":"Feature","properties":{"id":"wat-b739","kind":"water","name":"Creek","acres":null,"editable":false,"source":"USGS 3DHP flowlines (Channel Line)"},"geometry":{"type":"LineString","coordinates":[[-113.03921,45.415638],[-113.039675,45.415544]]}},{"type":"Feature","properties":{"id":"wat-b740","kind":"water","name":"Reservoir Creek","acres":null,"editable":false,"source":"USGS 3DHP flowlines (Channel Line)"},"geometry":{"type":"LineString","coordinates":[[-113.043292,45.160302],[-113.042121,45.160576],[-113.04154,45.160554],[-113.041036,45.160757],[-113.039981,45.16096],[-113.038756,45.160965],[-113.037973,45.161491],[-113.036833,45.162001],[-113.035196,45.161973],[-113.034018,45.162132]]}},{"type":"Feature","properties":{"id":"wat-b741","kind":"water","name":"Swamp Creek","acres":null,"editable":false,"source":"USGS 3DHP flowlines (Channel Line)"},"geometry":{"type":"LineString","coordinates":[[-113.153198,45.237294],[-113.151856,45.237364],[-113.15074,45.237609]]}},{"type":"Feature","properties":{"id":"wat-b742","kind":"water","name":"Estler Creek","acres":null,"editable":false,"source":"USGS 3DHP flowlines (Channel Line)"},"geometry":{"type":"LineString","coordinates":[[-112.980258,45.375817],[-112.98009,45.375763]]}},{"type":"Feature","properties":{"id":"wat-b743","kind":"water","name":"Creek","acres":null,"editable":false,"source":"USGS 3DHP flowlines (Channel Line)"},"geometry":{"type":"LineString","coordinates":[[-112.95248,45.407074],[-112.952762,45.407324],[-112.952885,45.407951],[-112.952312,45.409541],[-112.951663,45.41045],[-112.949078,45.41254],[-112.948238,45.413451],[-112.948002,45.414379],[-112.947231,45.416381],[-112.94717,45.417481],[-112.946995,45.417889]]}},{"type":"Feature","properties":{"id":"wat-b744","kind":"water","name":"Reservoir Creek","acres":null,"editable":false,"source":"USGS 3DHP flowlines (Channel Line)"},"geometry":{"type":"LineString","coordinates":[[-113.117467,45.148945],[-113.117068,45.149179]]}},{"type":"Feature","properties":{"id":"wat-b745","kind":"water","name":"Creek","acres":null,"editable":false,"source":"USGS 3DHP flowlines (Channel Line)"},"geometry":{"type":"LineString","coordinates":[[-112.941875,45.389781],[-112.941948,45.389624]]}},{"type":"Feature","properties":{"id":"wat-b746","kind":"water","name":"Grasshopper Creek","acres":null,"editable":false,"source":"USGS 3DHP flowlines (Channel Line)"},"geometry":{"type":"LineString","coordinates":[[-113.117171,45.429166],[-113.117557,45.428581],[-113.117542,45.428287],[-113.117252,45.427989],[-113.117229,45.427829],[-113.117611,45.427558],[-113.116947,45.427398],[-113.117298,45.427104],[-113.116855,45.426643],[-113.116695,45.426669],[-113.116382,45.426944],[-113.116237,45.426929],[-113.116001,45.426692],[-113.115856,45.426727]]}},{"type":"Feature","properties":{"id":"wat-b747","kind":"water","name":"Creek","acres":null,"editable":false,"source":"USGS 3DHP flowlines (Channel Line)"},"geometry":{"type":"LineString","coordinates":[[-112.889291,45.321147],[-112.889512,45.320456],[-112.889619,45.318625],[-112.88955,45.317431],[-112.889741,45.316298],[-112.890481,45.315581],[-112.891847,45.315165],[-112.892991,45.314982],[-112.894708,45.314139],[-112.895349,45.313709]]}},{"type":"Feature","properties":{"id":"wat-b748","kind":"water","name":"Shale Creek","acres":null,"editable":false,"source":"USGS 3DHP flowlines (Channel Line)"},"geometry":{"type":"LineString","coordinates":[[-113.166961,45.427871],[-113.166728,45.427716]]}},{"type":"Feature","properties":{"id":"wat-b749","kind":"water","name":"Middle Creek","acres":null,"editable":false,"source":"USGS 3DHP flowlines (Channel Line)"},"geometry":{"type":"LineString","coordinates":[[-113.158267,45.309434],[-113.157594,45.309625]]}},{"type":"Feature","properties":{"id":"wat-b750","kind":"water","name":"Creek","acres":null,"editable":false,"source":"USGS 3DHP flowlines (Channel Line)"},"geometry":{"type":"LineString","coordinates":[[-113.027603,45.339636],[-113.027961,45.339049],[-113.028297,45.337973],[-113.028106,45.336402],[-113.027694,45.335291],[-113.027908,45.333712],[-113.028083,45.333231],[-113.029258,45.332243],[-113.029892,45.331557],[-113.030418,45.331343],[-113.030784,45.331038],[-113.031631,45.329855],[-113.032028,45.328681],[-113.031937,45.328253],[-113.031662,45.327891],[-113.030975,45.327471],[-113.030136,45.326575],[-113.029695,45.325239]]}},{"type":"Feature","properties":{"id":"wat-b751","kind":"water","name":"Creek","acres":null,"editable":false,"source":"USGS 3DHP flowlines (Channel Line)"},"geometry":{"type":"LineString","coordinates":[[-112.899844,45.241185],[-112.899476,45.241407],[-112.897875,45.241637],[-112.89689,45.242048],[-112.896547,45.242323],[-112.894289,45.242731]]}},{"type":"Feature","properties":{"id":"wat-b752","kind":"water","name":"Cat Creek","acres":null,"editable":false,"source":"USGS 3DHP flowlines (Channel Line)"},"geometry":{"type":"LineString","coordinates":[[-112.962179,45.34851],[-112.962033,45.348492]]}},{"type":"Feature","properties":{"id":"wat-b753","kind":"water","name":"Creek","acres":null,"editable":false,"source":"USGS 3DHP flowlines (Channel Line)"},"geometry":{"type":"LineString","coordinates":[[-113.051594,45.221799],[-113.051149,45.222102]]}},{"type":"Feature","properties":{"id":"wat-b754","kind":"water","name":"Mason Creek","acres":null,"editable":false,"source":"USGS 3DHP flowlines (Channel Line)"},"geometry":{"type":"LineString","coordinates":[[-113.129757,45.252463],[-113.129452,45.252631],[-113.129162,45.252669],[-113.128247,45.2526],[-113.127659,45.252753]]}},{"type":"Feature","properties":{"id":"wat-b755","kind":"water","name":"Cold Spring Creek","acres":null,"editable":false,"source":"USGS 3DHP flowlines (Channel Line)"},"geometry":{"type":"LineString","coordinates":[[-112.930229,45.170212],[-112.930674,45.169608]]}},{"type":"Feature","properties":{"id":"wat-b756","kind":"water","name":"Rattlesnake Creek","acres":null,"editable":false,"source":"USGS 3DHP flowlines (Channel Line)"},"geometry":{"type":"LineString","coordinates":[[-112.967435,45.376025],[-112.966992,45.375197],[-112.966962,45.374835],[-112.966763,45.374488],[-112.966618,45.37387],[-112.966664,45.373389]]}},{"type":"Feature","properties":{"id":"wat-b757","kind":"water","name":"Reservoir Creek","acres":null,"editable":false,"source":"USGS 3DHP flowlines (Channel Line)"},"geometry":{"type":"LineString","coordinates":[[-113.070089,45.162103],[-113.069741,45.162147],[-113.069051,45.162021],[-113.068647,45.162021],[-113.068381,45.162156]]}},{"type":"Feature","properties":{"id":"wat-b758","kind":"water","name":"Creek","acres":null,"editable":false,"source":"USGS 3DHP flowlines (Channel Line)"},"geometry":{"type":"LineString","coordinates":[[-113.048837,45.401365],[-113.049622,45.400436],[-113.049942,45.400245],[-113.050271,45.400221]]}},{"type":"Feature","properties":{"id":"wat-b759","kind":"water","name":"Reservoir Creek","acres":null,"editable":false,"source":"USGS 3DHP flowlines (Channel Line)"},"geometry":{"type":"LineString","coordinates":[[-113.102536,45.152743],[-113.099324,45.153381],[-113.095138,45.153678],[-113.093618,45.153931],[-113.091657,45.154743],[-113.090909,45.154982],[-113.088644,45.156035]]}},{"type":"Feature","properties":{"id":"wat-b760","kind":"water","name":"East Fork Dyce Creek","acres":null,"editable":false,"source":"USGS 3DHP flowlines (Channel Line)"},"geometry":{"type":"LineString","coordinates":[[-113.031585,45.302879],[-113.031517,45.302573],[-113.030968,45.301932],[-113.031776,45.299982],[-113.031598,45.299004],[-113.031624,45.298163],[-113.031502,45.297812],[-113.031354,45.29773],[-113.0312,45.297403],[-113.031422,45.296105],[-113.031354,45.295798],[-113.030037,45.294576],[-113.029854,45.29423]]}},{"type":"Feature","properties":{"id":"wat-b761","kind":"water","name":"Snyder Creek","acres":null,"editable":false,"source":"USGS 3DHP flowlines (Channel Line)"},"geometry":{"type":"LineString","coordinates":[[-113.171401,45.40182],[-113.170615,45.402213],[-113.168631,45.402717],[-113.167837,45.402789],[-113.166632,45.402717],[-113.16458,45.4024],[-113.16065,45.402007],[-113.158407,45.401675],[-113.156667,45.401301],[-113.15431,45.400672],[-113.151304,45.400077],[-113.150968,45.399902],[-113.150457,45.399932],[-113.14977,45.399764]]}},{"type":"Feature","properties":{"id":"wat-b762","kind":"water","name":"Birch Creek","acres":null,"editable":false,"source":"USGS 3DHP flowlines (Channel Line)"},"geometry":{"type":"LineString","coordinates":[[-113.004821,45.425728],[-113.004576,45.425231],[-113.003912,45.424682],[-113.002676,45.424111],[-113.002179,45.424003],[-113.00128,45.423831],[-113.000616,45.42382],[-113.000167,45.423934],[-112.999464,45.423953],[-112.998876,45.424224],[-112.998114,45.424392]]}},{"type":"Feature","properties":{"id":"wat-b763","kind":"water","name":"Creek","acres":null,"editable":false,"source":"USGS 3DHP flowlines (Channel Line)"},"geometry":{"type":"LineString","coordinates":[[-112.905629,45.15478],[-112.904777,45.153859],[-112.90451,45.153653],[-112.903884,45.153363],[-112.903588,45.153047]]}},{"type":"Feature","properties":{"id":"wat-b764","kind":"water","name":"Creek","acres":null,"editable":false,"source":"USGS 3DHP flowlines (Channel Line)"},"geometry":{"type":"LineString","coordinates":[[-113.192089,45.268355],[-113.191734,45.268393]]}},{"type":"Feature","properties":{"id":"wat-b765","kind":"water","name":"Creek","acres":null,"editable":false,"source":"USGS 3DHP flowlines (Channel Line)"},"geometry":{"type":"LineString","coordinates":[[-112.943737,45.254794],[-112.943478,45.254518]]}},{"type":"Feature","properties":{"id":"wat-b766","kind":"water","name":"Creek","acres":null,"editable":false,"source":"USGS 3DHP flowlines (Channel Line)"},"geometry":{"type":"LineString","coordinates":[[-113.156482,45.140478],[-113.156311,45.140246],[-113.155653,45.139815]]}},{"type":"Feature","properties":{"id":"wat-b767","kind":"water","name":"Creek","acres":null,"editable":false,"source":"USGS 3DHP flowlines (Channel Line)"},"geometry":{"type":"LineString","coordinates":[[-113.183003,45.187911],[-113.182149,45.187964],[-113.180753,45.188357],[-113.180409,45.188277],[-113.179356,45.187724],[-113.178517,45.187404],[-113.177632,45.187213],[-113.176571,45.187125],[-113.175976,45.187205],[-113.174946,45.187697],[-113.173626,45.188064],[-113.172726,45.188247],[-113.171887,45.188292],[-113.17091,45.188063],[-113.170422,45.18769],[-113.169552,45.187423],[-113.167828,45.187198],[-113.167057,45.186953],[-113.165447,45.186969],[-113.163105,45.186663],[-113.16081,45.185651],[-113.160491,45.185753]]}},{"type":"Feature","properties":{"id":"wat-b768","kind":"water","name":"Creek","acres":null,"editable":false,"source":"USGS 3DHP flowlines (Channel Line)"},"geometry":{"type":"LineString","coordinates":[[-112.997367,45.418266],[-112.996976,45.41849],[-112.996344,45.419139],[-112.995274,45.419588],[-112.994725,45.420269],[-112.994597,45.420577],[-112.993726,45.421074],[-112.993008,45.421214],[-112.992933,45.421317],[-112.993093,45.421809],[-112.993002,45.422396],[-112.993361,45.422901]]}},{"type":"Feature","properties":{"id":"wat-b769","kind":"water","name":"Creek","acres":null,"editable":false,"source":"USGS 3DHP flowlines (Channel Line)"},"geometry":{"type":"LineString","coordinates":[[-113.124331,45.416444],[-113.123646,45.416496],[-113.123283,45.416323]]}},{"type":"Feature","properties":{"id":"wat-b770","kind":"water","name":"Straight Fork Buffalo Creek","acres":null,"editable":false,"source":"USGS 3DHP flowlines (Channel Line)"},"geometry":{"type":"LineString","coordinates":[[-113.19973,45.157906],[-113.198593,45.158047]]}},{"type":"Feature","properties":{"id":"wat-b771","kind":"water","name":"Abrams Creek","acres":null,"editable":false,"source":"USGS 3DHP flowlines (Channel Line)"},"geometry":{"type":"LineString","coordinates":[[-113.19644,45.311709],[-113.196333,45.311966],[-113.195966,45.312268],[-113.195559,45.313029],[-113.195074,45.313305],[-113.194006,45.31355]]}},{"type":"Feature","properties":{"id":"wat-b772","kind":"water","name":"Bond Creek","acres":null,"editable":false,"source":"USGS 3DHP flowlines (Channel Line)"},"geometry":{"type":"LineString","coordinates":[[-112.902308,45.438957],[-112.901345,45.439156],[-112.900728,45.439426],[-112.899171,45.440437],[-112.897707,45.44096],[-112.89695,45.441074]]}},{"type":"Feature","properties":{"id":"wat-b773","kind":"water","name":"Driscoll Creek","acres":null,"editable":false,"source":"USGS 3DHP flowlines (Channel Line)"},"geometry":{"type":"LineString","coordinates":[[-113.101951,45.313807],[-113.102062,45.313608]]}},{"type":"Feature","properties":{"id":"wat-b774","kind":"water","name":"Brays Canyon Creek","acres":null,"editable":false,"source":"USGS 3DHP flowlines (Channel Line)"},"geometry":{"type":"LineString","coordinates":[[-113.133616,45.186585],[-113.133054,45.186316]]}},{"type":"Feature","properties":{"id":"wat-b775","kind":"water","name":"French Creek","acres":null,"editable":false,"source":"USGS 3DHP flowlines (Channel Line)"},"geometry":{"type":"LineString","coordinates":[[-112.900017,45.376601],[-112.899931,45.376271]]}},{"type":"Feature","properties":{"id":"wat-b776","kind":"water","name":"Creek","acres":null,"editable":false,"source":"USGS 3DHP flowlines (Channel Line)"},"geometry":{"type":"LineString","coordinates":[[-113.115203,45.402435],[-113.115001,45.402377]]}},{"type":"Feature","properties":{"id":"wat-b777","kind":"water","name":"Creek","acres":null,"editable":false,"source":"USGS 3DHP flowlines (Channel Line)"},"geometry":{"type":"LineString","coordinates":[[-113.051873,45.383792],[-113.052857,45.384147],[-113.054215,45.38449],[-113.055512,45.384978],[-113.056069,45.385386],[-113.056474,45.38586],[-113.057557,45.38631],[-113.058236,45.386714],[-113.059113,45.387599],[-113.059342,45.387954],[-113.061288,45.3889],[-113.061608,45.388942],[-113.062539,45.388854],[-113.062959,45.389148],[-113.063356,45.389247],[-113.064599,45.389167],[-113.06653,45.389762],[-113.066934,45.389827],[-113.068124,45.389712],[-113.068857,45.389464]]}},{"type":"Feature","properties":{"id":"wat-b778","kind":"water","name":"Creek","acres":null,"editable":false,"source":"USGS 3DHP flowlines (Channel Line)"},"geometry":{"type":"LineString","coordinates":[[-112.999593,45.361959],[-112.9989,45.362113],[-112.99835,45.362376],[-112.997953,45.362471],[-112.996321,45.362254],[-112.995649,45.362262],[-112.994017,45.36238],[-112.99346,45.362559],[-112.991743,45.362807],[-112.990972,45.362773],[-112.990302,45.362622]]}},{"type":"Feature","properties":{"id":"wat-b779","kind":"water","name":"Neagle Creek","acres":null,"editable":false,"source":"USGS 3DHP flowlines (Channel Line)"},"geometry":{"type":"LineString","coordinates":[[-113.150373,45.386428],[-113.149007,45.385734],[-113.148107,45.38539],[-113.146575,45.385298],[-113.14506,45.38474],[-113.143295,45.383972],[-113.142448,45.383962],[-113.142023,45.383702]]}},{"type":"Feature","properties":{"id":"wat-b780","kind":"water","name":"Creek","acres":null,"editable":false,"source":"USGS 3DHP flowlines (Channel Line)"},"geometry":{"type":"LineString","coordinates":[[-113.041403,45.223382],[-113.041544,45.223267],[-113.041784,45.222746],[-113.041901,45.222224],[-113.042173,45.222071],[-113.042242,45.221913]]}},{"type":"Feature","properties":{"id":"wat-b781","kind":"water","name":"Harrison Creek","acres":null,"editable":false,"source":"USGS 3DHP flowlines (Channel Line)"},"geometry":{"type":"LineString","coordinates":[[-113.191634,45.268431],[-113.189004,45.269002]]}},{"type":"Feature","properties":{"id":"wat-b782","kind":"water","name":"Lake Creek","acres":null,"editable":false,"source":"USGS 3DHP flowlines (Channel Line)"},"geometry":{"type":"LineString","coordinates":[[-113.032836,45.398264],[-113.033034,45.398182]]}},{"type":"Feature","properties":{"id":"wat-b783","kind":"water","name":"Dingley Creek","acres":null,"editable":false,"source":"USGS 3DHP flowlines (Channel Line)"},"geometry":{"type":"LineString","coordinates":[[-113.110681,45.419998],[-113.110807,45.419951]]}},{"type":"Feature","properties":{"id":"wat-b784","kind":"water","name":"Creek","acres":null,"editable":false,"source":"USGS 3DHP flowlines (Channel Line)"},"geometry":{"type":"LineString","coordinates":[[-112.938196,45.389262],[-112.938491,45.389267]]}},{"type":"Feature","properties":{"id":"wat-b785","kind":"water","name":"Creek","acres":null,"editable":false,"source":"USGS 3DHP flowlines (Channel Line)"},"geometry":{"type":"LineString","coordinates":[[-112.921037,45.179113],[-112.921632,45.178979],[-112.922312,45.178983]]}},{"type":"Feature","properties":{"id":"wat-b786","kind":"water","name":"Taylor Creek","acres":null,"editable":false,"source":"USGS 3DHP flowlines (Channel Line)"},"geometry":{"type":"LineString","coordinates":[[-112.988493,45.233347],[-112.988729,45.233129],[-112.988931,45.233103],[-112.989446,45.232778],[-112.989566,45.232589],[-112.989841,45.232674],[-112.990425,45.232514],[-112.990744,45.232499]]}},{"type":"Feature","properties":{"id":"wat-b787","kind":"water","name":"Creek","acres":null,"editable":false,"source":"USGS 3DHP flowlines (Channel Line)"},"geometry":{"type":"LineString","coordinates":[[-113.031166,45.198804],[-113.03191,45.198586],[-113.032457,45.198628]]}},{"type":"Feature","properties":{"id":"wat-b788","kind":"water","name":"Billings Creek","acres":null,"editable":false,"source":"USGS 3DHP flowlines (Channel Line)"},"geometry":{"type":"LineString","coordinates":[[-113.034172,45.373576],[-113.035408,45.373553],[-113.035766,45.373637],[-113.037018,45.373629],[-113.037544,45.373713],[-113.038788,45.374144],[-113.039558,45.374198],[-113.039864,45.374293],[-113.040855,45.374232],[-113.041283,45.373935],[-113.041428,45.373744],[-113.041435,45.373557],[-113.041794,45.373252],[-113.043587,45.372729],[-113.043762,45.37255],[-113.044068,45.371962],[-113.044129,45.370768],[-113.044434,45.370433]]}},{"type":"Feature","properties":{"id":"wat-b789","kind":"water","name":"Shale Creek","acres":null,"editable":false,"source":"USGS 3DHP flowlines (Channel Line)"},"geometry":{"type":"LineString","coordinates":[[-113.159773,45.423351],[-113.159307,45.422866],[-113.157293,45.421855],[-113.156088,45.4211],[-113.153944,45.419036],[-113.15225,45.418101],[-113.151869,45.417978]]}},{"type":"Feature","properties":{"id":"wat-b790","kind":"water","name":"Creek","acres":null,"editable":false,"source":"USGS 3DHP flowlines (Channel Line)"},"geometry":{"type":"LineString","coordinates":[[-112.975579,45.387283],[-112.975343,45.386878]]}},{"type":"Feature","properties":{"id":"wat-b791","kind":"water","name":"Creek","acres":null,"editable":false,"source":"USGS 3DHP flowlines (Channel Line)"},"geometry":{"type":"LineString","coordinates":[[-113.073694,45.397273],[-113.074014,45.395896],[-113.073953,45.395637],[-113.073595,45.395175],[-113.07361,45.394878],[-113.074335,45.393745],[-113.074785,45.392509],[-113.07477,45.392249],[-113.074289,45.391643],[-113.07419,45.391254],[-113.074693,45.38996],[-113.074663,45.389533],[-113.0748,45.389251]]}},{"type":"Feature","properties":{"id":"wat-b792","kind":"water","name":"Creek","acres":null,"editable":false,"source":"USGS 3DHP flowlines (Channel Line)"},"geometry":{"type":"LineString","coordinates":[[-113.127456,45.349143],[-113.127821,45.34908],[-113.127951,45.348856],[-113.128133,45.348806]]}},{"type":"Feature","properties":{"id":"wat-b793","kind":"water","name":"Creek","acres":null,"editable":false,"source":"USGS 3DHP flowlines (Channel Line)"},"geometry":{"type":"LineString","coordinates":[[-113.027244,45.225743],[-113.027407,45.225271],[-113.027609,45.225085],[-113.027896,45.225008],[-113.029068,45.225019],[-113.029689,45.224954],[-113.03066,45.224504],[-113.031281,45.224115],[-113.031452,45.223989],[-113.031592,45.223714],[-113.031907,45.223547]]}},{"type":"Feature","properties":{"id":"wat-b794","kind":"water","name":"Hayes Creek","acres":null,"editable":false,"source":"USGS 3DHP flowlines (Channel Line)"},"geometry":{"type":"LineString","coordinates":[[-113.108909,45.223921],[-113.108319,45.223959],[-113.107881,45.223893],[-113.107177,45.224092],[-113.106929,45.224397],[-113.106501,45.224587],[-113.105873,45.224644],[-113.105559,45.224854],[-113.105006,45.224835],[-113.104598,45.224931]]}},{"type":"Feature","properties":{"id":"wat-b795","kind":"water","name":"Creek","acres":null,"editable":false,"source":"USGS 3DHP flowlines (Channel Line)"},"geometry":{"type":"LineString","coordinates":[[-112.928638,45.208319],[-112.927256,45.208943]]}},{"type":"Feature","properties":{"id":"wat-b796","kind":"water","name":"Creek","acres":null,"editable":false,"source":"USGS 3DHP flowlines (Channel Line)"},"geometry":{"type":"LineString","coordinates":[[-113.030013,45.420352],[-113.030926,45.41953]]}},{"type":"Feature","properties":{"id":"wat-b797","kind":"water","name":"Taylor Creek","acres":null,"editable":false,"source":"USGS 3DHP flowlines (Channel Line)"},"geometry":{"type":"LineString","coordinates":[[-112.985093,45.299757],[-112.98499,45.299621]]}},{"type":"Feature","properties":{"id":"wat-b798","kind":"water","name":"Creek","acres":null,"editable":false,"source":"USGS 3DHP flowlines (Channel Line)"},"geometry":{"type":"LineString","coordinates":[[-113.093138,45.184314],[-113.092277,45.184712],[-113.09082,45.185099],[-113.089985,45.185487],[-113.089452,45.185616],[-113.089015,45.185997],[-113.087581,45.186484],[-113.086885,45.186524],[-113.085159,45.186842],[-113.083739,45.187375],[-113.081901,45.187565]]}},{"type":"Feature","properties":{"id":"wat-b799","kind":"water","name":"French Creek","acres":null,"editable":false,"source":"USGS 3DHP flowlines (Channel Line)"},"geometry":{"type":"LineString","coordinates":[[-112.911659,45.385408],[-112.911553,45.385299]]}},{"type":"Feature","properties":{"id":"wat-b800","kind":"water","name":"Creek","acres":null,"editable":false,"source":"USGS 3DHP flowlines (Channel Line)"},"geometry":{"type":"LineString","coordinates":[[-113.037943,45.393394],[-113.038557,45.393427]]}},{"type":"Feature","properties":{"id":"wat-b801","kind":"water","name":"Creek","acres":null,"editable":false,"source":"USGS 3DHP flowlines (Channel Line)"},"geometry":{"type":"LineString","coordinates":[[-113.090656,45.431007],[-113.090939,45.430624]]}},{"type":"Feature","properties":{"id":"wat-b802","kind":"water","name":"Shale Creek","acres":null,"editable":false,"source":"USGS 3DHP flowlines (Channel Line)"},"geometry":{"type":"LineString","coordinates":[[-113.168884,45.429667],[-113.168583,45.42938]]}},{"type":"Feature","properties":{"id":"wat-b803","kind":"water","name":"Rattlesnake Creek","acres":null,"editable":false,"source":"USGS 3DHP flowlines (Channel Line)"},"geometry":{"type":"LineString","coordinates":[[-112.91978,45.299952],[-112.91952,45.299685],[-112.919079,45.299617],[-112.91855,45.299617],[-112.917853,45.299808],[-112.917442,45.299803],[-112.914839,45.298934],[-112.912784,45.298358],[-112.912118,45.298273],[-112.911438,45.298339],[-112.910663,45.298006],[-112.90937,45.297591],[-112.908179,45.297426],[-112.906705,45.296827],[-112.906117,45.29632],[-112.905248,45.29581],[-112.903914,45.295495],[-112.90179,45.294302]]}},{"type":"Feature","properties":{"id":"wat-b804","kind":"water","name":"Creek","acres":null,"editable":false,"source":"USGS 3DHP flowlines (Channel Line)"},"geometry":{"type":"LineString","coordinates":[[-112.936093,45.35375],[-112.936359,45.353694],[-112.937,45.353373],[-112.937427,45.352885],[-112.938403,45.35263],[-112.93896,45.352359],[-112.939983,45.352229],[-112.941394,45.352252],[-112.942958,45.352103],[-112.945209,45.351729],[-112.945514,45.351516],[-112.946109,45.350573],[-112.946338,45.350482]]}},{"type":"Feature","properties":{"id":"wat-b805","kind":"water","name":"Clark Creek","acres":null,"editable":false,"source":"USGS 3DHP flowlines (Channel Line)"},"geometry":{"type":"LineString","coordinates":[[-113.033966,45.43486],[-113.034378,45.434982]]}},{"type":"Feature","properties":{"id":"wat-b806","kind":"water","name":"Grasshopper Creek","acres":null,"editable":false,"source":"USGS 3DHP flowlines (Channel Line)"},"geometry":{"type":"LineString","coordinates":[[-113.119945,45.433482],[-113.119686,45.433257],[-113.119022,45.433158],[-113.118168,45.43344],[-113.117435,45.433551],[-113.117092,45.433849],[-113.116962,45.433872],[-113.116726,45.433715],[-113.116825,45.433433],[-113.116688,45.433265],[-113.116466,45.433269],[-113.116275,45.43341],[-113.116138,45.43333],[-113.116192,45.432967],[-113.115955,45.432643],[-113.115932,45.432449],[-113.116367,45.431724],[-113.116329,45.431209],[-113.11642,45.431022],[-113.116337,45.430732],[-113.11652,45.430545],[-113.116581,45.430251],[-113.116886,45.430057],[-113.117061,45.429744],[-113.117412,45.42958],[-113.117161,45.429275],[-113.117171,45.429166]]}},{"type":"Feature","properties":{"id":"wat-b807","kind":"water","name":"Estler Creek","acres":null,"editable":false,"source":"USGS 3DHP flowlines (Channel Line)"},"geometry":{"type":"LineString","coordinates":[[-112.98009,45.375763],[-112.979656,45.375579]]}},{"type":"Feature","properties":{"id":"wat-b808","kind":"water","name":"Buffalo Creek","acres":null,"editable":false,"source":"USGS 3DHP flowlines (Channel Line)"},"geometry":{"type":"LineString","coordinates":[[-113.082711,45.202458],[-113.082431,45.202548],[-113.081626,45.203071],[-113.081023,45.203986]]}},{"type":"Feature","properties":{"id":"wat-b809","kind":"water","name":"Creek","acres":null,"editable":false,"source":"USGS 3DHP flowlines (Channel Line)"},"geometry":{"type":"LineString","coordinates":[[-113.009441,45.368067],[-113.00878,45.368311],[-113.00819,45.368761],[-113.007887,45.369277],[-113.007239,45.369517]]}},{"type":"Feature","properties":{"id":"wat-b810","kind":"water","name":"Creek","acres":null,"editable":false,"source":"USGS 3DHP flowlines (Channel Line)"},"geometry":{"type":"LineString","coordinates":[[-112.977544,45.355998],[-112.977239,45.355639],[-112.97701,45.355078],[-112.976873,45.354956],[-112.976354,45.354766],[-112.976079,45.354537],[-112.975415,45.353362],[-112.975179,45.353102],[-112.974439,45.352862],[-112.973134,45.352294]]}},{"type":"Feature","properties":{"id":"wat-b811","kind":"water","name":"Taylor Creek","acres":null,"editable":false,"source":"USGS 3DHP flowlines (Channel Line)"},"geometry":{"type":"LineString","coordinates":[[-112.991285,45.232426],[-112.991617,45.232139],[-112.99201,45.231939],[-112.992537,45.231978],[-112.992663,45.231915]]}},{"type":"Feature","properties":{"id":"wat-b812","kind":"water","name":"Brays Canyon Creek","acres":null,"editable":false,"source":"USGS 3DHP flowlines (Channel Line)"},"geometry":{"type":"LineString","coordinates":[[-113.165857,45.198],[-113.16559,45.197962]]}},{"type":"Feature","properties":{"id":"wat-b813","kind":"water","name":"Creek","acres":null,"editable":false,"source":"USGS 3DHP flowlines (Channel Line)"},"geometry":{"type":"LineString","coordinates":[[-113.071023,45.382976],[-113.071603,45.382873],[-113.072214,45.382556],[-113.073053,45.382285],[-113.073656,45.382236],[-113.07496,45.382483],[-113.076959,45.383338],[-113.07889,45.384418],[-113.079485,45.385074],[-113.079859,45.386161],[-113.079927,45.387202],[-113.080614,45.387816]]}},{"type":"Feature","properties":{"id":"wat-b814","kind":"water","name":"Creek","acres":null,"editable":false,"source":"USGS 3DHP flowlines (Channel Line)"},"geometry":{"type":"LineString","coordinates":[[-113.161268,45.306048],[-113.160322,45.307563],[-113.159941,45.30844],[-113.15941,45.308912]]}},{"type":"Feature","properties":{"id":"wat-b815","kind":"water","name":"Creek","acres":null,"editable":false,"source":"USGS 3DHP flowlines (Channel Line)"},"geometry":{"type":"LineString","coordinates":[[-113.163969,45.247008],[-113.162799,45.247558],[-113.162048,45.247612],[-113.161927,45.247808],[-113.161019,45.248587],[-113.160823,45.248909],[-113.160237,45.249137],[-113.159633,45.249253],[-113.158864,45.249226],[-113.157419,45.249016],[-113.15584,45.248542],[-113.155062,45.248524],[-113.153725,45.24822],[-113.152459,45.248108],[-113.151882,45.247969],[-113.151046,45.247598],[-113.150612,45.247227],[-113.149883,45.247026],[-113.149404,45.246985],[-113.148179,45.247352],[-113.147477,45.247473],[-113.144699,45.24716],[-113.144534,45.247066]]}},{"type":"Feature","properties":{"id":"wat-b816","kind":"water","name":"Creek","acres":null,"editable":false,"source":"USGS 3DHP flowlines (Channel Line)"},"geometry":{"type":"LineString","coordinates":[[-113.138013,45.243014],[-113.137643,45.243064],[-113.137013,45.243351],[-113.136462,45.243327],[-113.135678,45.243505]]}},{"type":"Feature","properties":{"id":"wat-b817","kind":"water","name":"Creek","acres":null,"editable":false,"source":"USGS 3DHP flowlines (Channel Line)"},"geometry":{"type":"LineString","coordinates":[[-113.063633,45.20956],[-113.063229,45.209542]]}},{"type":"Feature","properties":{"id":"wat-b818","kind":"water","name":"Brays Canyon Creek","acres":null,"editable":false,"source":"USGS 3DHP flowlines (Channel Line)"},"geometry":{"type":"LineString","coordinates":[[-113.193284,45.198401],[-113.193083,45.198623]]}},{"type":"Feature","properties":{"id":"wat-b819","kind":"water","name":"Creek","acres":null,"editable":false,"source":"USGS 3DHP flowlines (Channel Line)"},"geometry":{"type":"LineString","coordinates":[[-113.14023,45.160514],[-113.139849,45.160525],[-113.139025,45.160765],[-113.138346,45.160834],[-113.136774,45.16128],[-113.135607,45.161395],[-113.135057,45.161692],[-113.13479,45.161971],[-113.134218,45.16212],[-113.133188,45.162181],[-113.13199,45.162139],[-113.12964,45.162261],[-113.128763,45.162234],[-113.128198,45.162585],[-113.12739,45.162917],[-113.1261,45.163283],[-113.125354,45.163386],[-113.123609,45.163403],[-113.121446,45.163701],[-113.120345,45.163575],[-113.119445,45.163685],[-113.11798,45.163681],[-113.117251,45.163829],[-113.116833,45.163994],[-113.115575,45.164648]]}},{"type":"Feature","properties":{"id":"wat-b820","kind":"water","name":"Creek","acres":null,"editable":false,"source":"USGS 3DHP flowlines (Channel Line)"},"geometry":{"type":"LineString","coordinates":[[-113.00016,45.207367],[-113.000524,45.207207],[-113.000788,45.207267],[-113.000895,45.207225]]}},{"type":"Feature","properties":{"id":"wat-b821","kind":"water","name":"Creek","acres":null,"editable":false,"source":"USGS 3DHP flowlines (Channel Line)"},"geometry":{"type":"LineString","coordinates":[[-112.874658,45.242962],[-112.873638,45.242739],[-112.872706,45.242855],[-112.872039,45.243036],[-112.87054,45.243213],[-112.869507,45.243164],[-112.867573,45.242808],[-112.867061,45.242644],[-112.866595,45.242381],[-112.865989,45.242233],[-112.865538,45.241997],[-112.863984,45.241587],[-112.862967,45.24117],[-112.861406,45.240891],[-112.860326,45.24014],[-112.859712,45.239575],[-112.859129,45.239235],[-112.858539,45.239109],[-112.857475,45.2386],[-112.856604,45.237838]]}},{"type":"Feature","properties":{"id":"wat-b822","kind":"water","name":"Lake Creek","acres":null,"editable":false,"source":"USGS 3DHP flowlines (Channel Line)"},"geometry":{"type":"LineString","coordinates":[[-113.034719,45.396723],[-113.035148,45.397006],[-113.035324,45.397033],[-113.035455,45.396958]]}},{"type":"Feature","properties":{"id":"wat-b823","kind":"water","name":"Creek","acres":null,"editable":false,"source":"USGS 3DHP flowlines (Channel Line)"},"geometry":{"type":"LineString","coordinates":[[-113.152547,45.438129],[-113.152593,45.437152],[-113.15238,45.43624],[-113.151807,45.435195],[-113.150663,45.433654],[-113.148954,45.432353],[-113.147786,45.431804],[-113.146993,45.431541],[-113.144811,45.431022],[-113.143849,45.430618],[-113.143376,45.430301],[-113.142652,45.429614],[-113.142342,45.429064]]}},{"type":"Feature","properties":{"id":"wat-b824","kind":"water","name":"Creek","acres":null,"editable":false,"source":"USGS 3DHP flowlines (Channel Line)"},"geometry":{"type":"LineString","coordinates":[[-113.13493,45.434882],[-113.133359,45.434463],[-113.131703,45.434242],[-113.128949,45.434158],[-113.127423,45.434013],[-113.12421,45.433086],[-113.122135,45.433303],[-113.120892,45.433311],[-113.119945,45.433482]]}},{"type":"Feature","properties":{"id":"wat-b825","kind":"water","name":"Wakefield Creek","acres":null,"editable":false,"source":"USGS 3DHP flowlines (Channel Line)"},"geometry":{"type":"LineString","coordinates":[[-113.190108,45.283828],[-113.189864,45.284442],[-113.189422,45.284838],[-113.187949,45.285178],[-113.18521,45.286563],[-113.184279,45.286734],[-113.182425,45.287638],[-113.181151,45.287959],[-113.179251,45.28831],[-113.178488,45.288348],[-113.176863,45.288646],[-113.175658,45.288737],[-113.174445,45.288722],[-113.173254,45.28889],[-113.172873,45.289054],[-113.172224,45.289038],[-113.171233,45.289157],[-113.170279,45.289023],[-113.169203,45.289233],[-113.168432,45.289271],[-113.167784,45.289256],[-113.166212,45.289019],[-113.164648,45.28863],[-113.163549,45.288462],[-113.161207,45.288428],[-113.159277,45.288623],[-113.15888,45.288821],[-113.158582,45.289099],[-113.158338,45.289668],[-113.157934,45.290171],[-113.157087,45.290782],[-113.156004,45.291758],[-113.153867,45.292617],[-113.151037,45.29336],[-113.149106,45.29346],[-113.147649,45.293788],[-113.146756,45.293723],[-113.145871,45.293906],[-113.142781,45.294181],[-113.138532,45.295428]]}},{"type":"Feature","properties":{"id":"wat-b826","kind":"water","name":"Creek","acres":null,"editable":false,"source":"USGS 3DHP flowlines (Channel Line)"},"geometry":{"type":"LineString","coordinates":[[-112.993617,45.395484],[-112.992973,45.395631]]}},{"type":"Feature","properties":{"id":"wat-b827","kind":"water","name":"Creek","acres":null,"editable":false,"source":"USGS 3DHP flowlines (Channel Line)"},"geometry":{"type":"LineString","coordinates":[[-112.937762,45.400642],[-112.937663,45.400283],[-112.937717,45.40002],[-112.938243,45.399215],[-112.93846,45.398472]]}},{"type":"Feature","properties":{"id":"wat-b828","kind":"water","name":"Creek","acres":null,"editable":false,"source":"USGS 3DHP flowlines (Channel Line)"},"geometry":{"type":"LineString","coordinates":[[-113.144987,45.153461],[-113.143869,45.153296],[-113.14303,45.15309],[-113.142794,45.152987],[-113.142549,45.152751],[-113.14184,45.152472],[-113.14055,45.152095],[-113.139883,45.152]]}},{"type":"Feature","properties":{"id":"wat-b829","kind":"water","name":"Reservoir Creek","acres":null,"editable":false,"source":"USGS 3DHP flowlines (Channel Line)"},"geometry":{"type":"LineString","coordinates":[[-113.046186,45.160037],[-113.045926,45.160027]]}},{"type":"Feature","properties":{"id":"wat-b830","kind":"water","name":"Creek","acres":null,"editable":false,"source":"USGS 3DHP flowlines (Channel Line)"},"geometry":{"type":"LineString","coordinates":[[-113.009032,45.360308],[-113.00894,45.360228],[-113.007994,45.360068],[-113.007376,45.359854],[-113.006975,45.359834]]}},{"type":"Feature","properties":{"id":"wat-b831","kind":"water","name":"Creek","acres":null,"editable":false,"source":"USGS 3DHP flowlines (Channel Line)"},"geometry":{"type":"LineString","coordinates":[[-113.083674,45.407321],[-113.08404,45.407527],[-113.084696,45.408118]]}},{"type":"Feature","properties":{"id":"wat-b832","kind":"water","name":"Swamp Creek","acres":null,"editable":false,"source":"USGS 3DHP flowlines (Channel Line)"},"geometry":{"type":"LineString","coordinates":[[-113.154104,45.237518],[-113.153584,45.237544],[-113.153198,45.237294]]}},{"type":"Feature","properties":{"id":"wat-b833","kind":"water","name":"Creek","acres":null,"editable":false,"source":"USGS 3DHP flowlines (Channel Line)"},"geometry":{"type":"LineString","coordinates":[[-112.989065,45.421482],[-112.988301,45.421778],[-112.988179,45.421897],[-112.988096,45.422476],[-112.987843,45.422789],[-112.986532,45.42329],[-112.985663,45.423805],[-112.985379,45.424072],[-112.984768,45.424888],[-112.984693,45.425258],[-112.984822,45.425621],[-112.985173,45.425826]]}},{"type":"Feature","properties":{"id":"wat-b834","kind":"water","name":"Neagle Creek","acres":null,"editable":false,"source":"USGS 3DHP flowlines (Channel Line)"},"geometry":{"type":"LineString","coordinates":[[-113.125808,45.368358],[-113.125292,45.368253]]}},{"type":"Feature","properties":{"id":"wat-b835","kind":"water","name":"Creek","acres":null,"editable":false,"source":"USGS 3DHP flowlines (Channel Line)"},"geometry":{"type":"LineString","coordinates":[[-113.142342,45.429064],[-113.142291,45.428438]]}},{"type":"Feature","properties":{"id":"wat-b836","kind":"water","name":"Creek","acres":null,"editable":false,"source":"USGS 3DHP flowlines (Channel Line)"},"geometry":{"type":"LineString","coordinates":[[-113.115221,45.149863],[-113.11507,45.149503]]}},{"type":"Feature","properties":{"id":"wat-b837","kind":"water","name":"Creek","acres":null,"editable":false,"source":"USGS 3DHP flowlines (Channel Line)"},"geometry":{"type":"LineString","coordinates":[[-112.926881,45.175233],[-112.926995,45.175077],[-112.927018,45.174646],[-112.927545,45.174371]]}},{"type":"Feature","properties":{"id":"wat-b838","kind":"water","name":"Creek","acres":null,"editable":false,"source":"USGS 3DHP flowlines (Channel Line)"},"geometry":{"type":"LineString","coordinates":[[-113.099788,45.155233],[-113.098186,45.155476],[-113.09531,45.156476],[-113.090775,45.157596],[-113.0851,45.159342],[-113.083496,45.159901],[-113.082868,45.160302],[-113.082271,45.160505]]}},{"type":"Feature","properties":{"id":"wat-b839","kind":"water","name":"French Creek","acres":null,"editable":false,"source":"USGS 3DHP flowlines (Channel Line)"},"geometry":{"type":"LineString","coordinates":[[-112.908517,45.38388],[-112.908411,45.383674],[-112.908032,45.383454]]}},{"type":"Feature","properties":{"id":"wat-b840","kind":"water","name":"Creek","acres":null,"editable":false,"source":"USGS 3DHP flowlines (Channel Line)"},"geometry":{"type":"LineString","coordinates":[[-113.156377,45.183152],[-113.155933,45.183213]]}},{"type":"Feature","properties":{"id":"wat-b841","kind":"water","name":"Reservoir Creek","acres":null,"editable":false,"source":"USGS 3DHP flowlines (Channel Line)"},"geometry":{"type":"LineString","coordinates":[[-113.103184,45.152686],[-113.102536,45.152743]]}},{"type":"Feature","properties":{"id":"wat-b842","kind":"water","name":"White Creek","acres":null,"editable":false,"source":"USGS 3DHP flowlines (Channel Line)"},"geometry":{"type":"LineString","coordinates":[[-113.100921,45.404544],[-113.102202,45.404808]]}},{"type":"Feature","properties":{"id":"wat-b843","kind":"water","name":"Creek","acres":null,"editable":false,"source":"USGS 3DHP flowlines (Channel Line)"},"geometry":{"type":"LineString","coordinates":[[-113.030545,45.414527],[-113.031498,45.414475]]}},{"type":"Feature","properties":{"id":"wat-b844","kind":"water","name":"Reservoir Creek","acres":null,"editable":false,"source":"USGS 3DHP flowlines (Channel Line)"},"geometry":{"type":"LineString","coordinates":[[-113.045926,45.160027],[-113.045029,45.159929]]}},{"type":"Feature","properties":{"id":"wat-b845","kind":"water","name":"Lake Creek","acres":null,"editable":false,"source":"USGS 3DHP flowlines (Channel Line)"},"geometry":{"type":"LineString","coordinates":[[-113.1087,45.387062],[-113.108899,45.387111]]}},{"type":"Feature","properties":{"id":"wat-b846","kind":"water","name":"Creek","acres":null,"editable":false,"source":"USGS 3DHP flowlines (Channel Line)"},"geometry":{"type":"LineString","coordinates":[[-113.014235,45.167411],[-113.014544,45.16708],[-113.01462,45.166802],[-113.014511,45.166604],[-113.014152,45.16644],[-113.013445,45.166302],[-113.013157,45.166416],[-113.013158,45.166608]]}},{"type":"Feature","properties":{"id":"wat-b847","kind":"water","name":"Cold Spring Creek","acres":null,"editable":false,"source":"USGS 3DHP flowlines (Channel Line)"},"geometry":{"type":"LineString","coordinates":[[-112.932307,45.168605],[-112.932596,45.168279],[-112.933709,45.167863],[-112.934043,45.167614]]}},{"type":"Feature","properties":{"id":"wat-b848","kind":"water","name":"Snyder Creek","acres":null,"editable":false,"source":"USGS 3DHP flowlines (Channel Line)"},"geometry":{"type":"LineString","coordinates":[[-113.148732,45.399455],[-113.148584,45.399414]]}},{"type":"Feature","properties":{"id":"wat-b849","kind":"water","name":"Dory Creek","acres":null,"editable":false,"source":"USGS 3DHP flowlines (Channel Line)"},"geometry":{"type":"LineString","coordinates":[[-113.161623,45.431774],[-113.16081,45.431274],[-113.158872,45.430614],[-113.156378,45.430183],[-113.153204,45.429389],[-113.149648,45.428817],[-113.14713,45.42868],[-113.143109,45.42826],[-113.142148,45.428245]]}},{"type":"Feature","properties":{"id":"wat-b850","kind":"water","name":"Lake Creek","acres":null,"editable":false,"source":"USGS 3DHP flowlines (Channel Line)"},"geometry":{"type":"LineString","coordinates":[[-113.055382,45.396125],[-113.056573,45.395114],[-113.05771,45.394897],[-113.058328,45.394454],[-113.059907,45.394149],[-113.060616,45.393916]]}},{"type":"Feature","properties":{"id":"wat-b851","kind":"water","name":"Creek","acres":null,"editable":false,"source":"USGS 3DHP flowlines (Channel Line)"},"geometry":{"type":"LineString","coordinates":[[-112.986896,45.295928],[-112.985662,45.295279],[-112.984996,45.294765]]}},{"type":"Feature","properties":{"id":"wat-b852","kind":"water","name":"Cottonwood Creek","acres":null,"editable":false,"source":"USGS 3DHP flowlines (Channel Line)"},"geometry":{"type":"LineString","coordinates":[[-113.001753,45.275225],[-113.001962,45.274898],[-113.002139,45.274107],[-113.002497,45.273806],[-113.002562,45.273176],[-113.002781,45.272867],[-113.002826,45.272484],[-113.003477,45.271366],[-113.003765,45.271061],[-113.003961,45.271008],[-113.004103,45.270646],[-113.004534,45.270508],[-113.005059,45.269825],[-113.005416,45.269697],[-113.006194,45.268892],[-113.00675,45.268629],[-113.00607,45.266017],[-113.006039,45.265239],[-113.006275,45.265184],[-113.006698,45.264749],[-113.007133,45.264477],[-113.007857,45.264396],[-113.0083,45.264107],[-113.008975,45.263916],[-113.009369,45.263631],[-113.00954,45.262785],[-113.009796,45.262155],[-113.009772,45.261602],[-113.009499,45.261468],[-113.009479,45.261325],[-113.00991,45.260508],[-113.009745,45.260182],[-113.009833,45.259642],[-113.009658,45.259377],[-113.009658,45.25917],[-113.009837,45.259052],[-113.009646,45.258466],[-113.009756,45.258226],[-113.009696,45.258028],[-113.010674,45.256594],[-113.010655,45.25635],[-113.011316,45.256036],[-113.011372,45.255868],[-113.011647,45.255729],[-113.011941,45.255322],[-113.012176,45.25434],[-113.01265,45.254001],[-113.01275,45.254019],[-113.012825,45.253851],[-113.013289,45.25368],[-113.013464,45.253162],[-113.013853,45.252891],[-113.014245,45.252813],[-113.01432,45.252677],[-113.014488,45.252706],[-113.014767,45.252616],[-113.015702,45.252195],[-113.01582,45.251781],[-113.016076,45.251613],[-113.016094,45.251503],[-113.016362,45.251381],[-113.01639,45.25118],[-113.016515,45.251154]]}},{"type":"Feature","properties":{"id":"wat-b853","kind":"water","name":"Creek","acres":null,"editable":false,"source":"USGS 3DHP flowlines (Channel Line)"},"geometry":{"type":"LineString","coordinates":[[-112.872385,45.162584],[-112.871152,45.162305],[-112.870151,45.162278],[-112.869105,45.162404],[-112.868267,45.162613],[-112.866561,45.162768],[-112.865988,45.162927],[-112.86553,45.163158],[-112.86529,45.163498],[-112.865206,45.164606],[-112.865051,45.164886],[-112.864354,45.16527],[-112.863122,45.166363],[-112.862269,45.16667],[-112.861533,45.16712],[-112.860649,45.167505],[-112.860346,45.167554],[-112.859439,45.167516],[-112.858579,45.168049],[-112.85723,45.168488],[-112.856477,45.168401],[-112.855624,45.168544],[-112.854298,45.168248],[-112.853631,45.168226],[-112.852608,45.168852],[-112.851872,45.169845],[-112.851267,45.1704],[-112.850662,45.170636],[-112.849856,45.170828],[-112.848522,45.171948],[-112.847375,45.17225],[-112.846242,45.172244]]}},{"type":"Feature","properties":{"id":"wat-b854","kind":"water","name":"Birch Creek","acres":null,"editable":false,"source":"USGS 3DHP flowlines (Channel Line)"},"geometry":{"type":"LineString","coordinates":[[-112.905389,45.426731],[-112.904558,45.427208],[-112.904459,45.427461],[-112.904168,45.427735],[-112.904099,45.427986],[-112.903421,45.428451],[-112.901955,45.42894],[-112.901163,45.42934],[-112.900284,45.429668],[-112.899857,45.429967],[-112.89962,45.430431],[-112.899721,45.430825],[-112.89966,45.431329],[-112.899362,45.431709],[-112.898996,45.431977],[-112.897912,45.432525],[-112.896577,45.43277],[-112.895586,45.433149],[-112.894395,45.433235]]}},{"type":"Feature","properties":{"id":"wat-b855","kind":"water","name":"Old Tim Creek","acres":null,"editable":false,"source":"USGS 3DHP flowlines (Channel Line)"},"geometry":{"type":"LineString","coordinates":[[-113.199905,45.434279],[-113.201264,45.434824]]}},{"type":"Feature","properties":{"id":"wat-b856","kind":"water","name":"Creek","acres":null,"editable":false,"source":"USGS 3DHP flowlines (Channel Line)"},"geometry":{"type":"LineString","coordinates":[[-113.062498,45.20978],[-113.061903,45.210097],[-113.061732,45.210805]]}},{"type":"Feature","properties":{"id":"wat-b857","kind":"water","name":"Creek","acres":null,"editable":false,"source":"USGS 3DHP flowlines (Channel Line)"},"geometry":{"type":"LineString","coordinates":[[-112.956114,45.378592],[-112.956457,45.378276]]}},{"type":"Feature","properties":{"id":"wat-b858","kind":"water","name":"Lake Creek","acres":null,"editable":false,"source":"USGS 3DHP flowlines (Channel Line)"},"geometry":{"type":"LineString","coordinates":[[-113.034332,45.396632],[-113.034719,45.396723]]}},{"type":"Feature","properties":{"id":"wat-b859","kind":"water","name":"Dyce Creek","acres":null,"editable":false,"source":"USGS 3DHP flowlines (Channel Line)"},"geometry":{"type":"LineString","coordinates":[[-113.0393,45.248348],[-113.039615,45.248045],[-113.039882,45.247603]]}},{"type":"Feature","properties":{"id":"wat-b860","kind":"water","name":"Creek","acres":null,"editable":false,"source":"USGS 3DHP flowlines (Channel Line)"},"geometry":{"type":"LineString","coordinates":[[-113.030844,45.434365],[-113.03186,45.434472]]}},{"type":"Feature","properties":{"id":"wat-b861","kind":"water","name":"Creek","acres":null,"editable":false,"source":"USGS 3DHP flowlines (Channel Line)"},"geometry":{"type":"LineString","coordinates":[[-113.038557,45.393427],[-113.038752,45.393359]]}},{"type":"Feature","properties":{"id":"wat-b862","kind":"water","name":"White Creek","acres":null,"editable":false,"source":"USGS 3DHP flowlines (Channel Line)"},"geometry":{"type":"LineString","coordinates":[[-113.027127,45.416172],[-113.028091,45.416137],[-113.029411,45.416343],[-113.030067,45.416358],[-113.031448,45.416026],[-113.031913,45.415714],[-113.032562,45.414497]]}},{"type":"Feature","properties":{"id":"wat-b863","kind":"water","name":"Creek","acres":null,"editable":false,"source":"USGS 3DHP flowlines (Channel Line)"},"geometry":{"type":"LineString","coordinates":[[-113.168982,45.415088],[-113.167181,45.414397],[-113.166098,45.413627],[-113.164587,45.412746],[-113.16429,45.412654],[-113.163679,45.412196],[-113.162794,45.411708],[-113.161344,45.410506],[-113.160543,45.409614],[-113.159422,45.408645],[-113.157629,45.407592],[-113.15621,45.406459],[-113.154211,45.40512],[-113.152708,45.403609],[-113.151201,45.401422]]}},{"type":"Feature","properties":{"id":"wat-b864","kind":"water","name":"Cat Creek","acres":null,"editable":false,"source":"USGS 3DHP flowlines (Channel Line)"},"geometry":{"type":"LineString","coordinates":[[-112.961832,45.348468],[-112.961659,45.348445],[-112.961369,45.348212],[-112.959538,45.347781],[-112.958538,45.347701],[-112.957432,45.347476],[-112.956722,45.347178],[-112.955685,45.346583],[-112.954678,45.346331],[-112.953915,45.346053],[-112.952274,45.345965],[-112.951534,45.346083],[-112.950909,45.345938],[-112.949955,45.34587],[-112.948025,45.346057],[-112.947262,45.346011],[-112.946728,45.346179],[-112.946544,45.346339],[-112.945858,45.346377],[-112.94555,45.346167],[-112.945341,45.345706],[-112.94553,45.345204],[-112.945461,45.344539],[-112.94453,45.342898]]}},{"type":"Feature","properties":{"id":"wat-b865","kind":"water","name":"North Fork Hayes Creek","acres":null,"editable":false,"source":"USGS 3DHP flowlines (Channel Line)"},"geometry":{"type":"LineString","coordinates":[[-113.127926,45.218415],[-113.127321,45.218351]]}},{"type":"Feature","properties":{"id":"wat-b866","kind":"water","name":"Buffalo Creek","acres":null,"editable":false,"source":"USGS 3DHP flowlines (Channel Line)"},"geometry":{"type":"LineString","coordinates":[[-113.083215,45.201583],[-113.082711,45.202458]]}},{"type":"Feature","properties":{"id":"wat-b867","kind":"water","name":"Cottonwood Creek","acres":null,"editable":false,"source":"USGS 3DHP flowlines (Channel Line)"},"geometry":{"type":"LineString","coordinates":[[-113.042316,45.228165],[-113.042435,45.227979],[-113.042854,45.227661],[-113.043483,45.226887],[-113.044415,45.225533],[-113.045075,45.225006],[-113.045119,45.224427],[-113.045149,45.224338],[-113.04527,45.224326],[-113.045161,45.22407],[-113.045545,45.223812]]}},{"type":"Feature","properties":{"id":"wat-b868","kind":"water","name":"Creek","acres":null,"editable":false,"source":"USGS 3DHP flowlines (Channel Line)"},"geometry":{"type":"LineString","coordinates":[[-112.998126,45.400897],[-112.997772,45.400969]]}},{"type":"Feature","properties":{"id":"wat-b869","kind":"water","name":"Rattlesnake Creek","acres":null,"editable":false,"source":"USGS 3DHP flowlines (Channel Line)"},"geometry":{"type":"LineString","coordinates":[[-112.921679,45.301166],[-112.921375,45.301176],[-112.920858,45.300835],[-112.92072,45.300552],[-112.919963,45.300143],[-112.91978,45.299952]]}},{"type":"Feature","properties":{"id":"wat-b870","kind":"water","name":"Dory Creek","acres":null,"editable":false,"source":"USGS 3DHP flowlines (Channel Line)"},"geometry":{"type":"LineString","coordinates":[[-113.163687,45.437424],[-113.163531,45.436835]]}},{"type":"Feature","properties":{"id":"wat-b871","kind":"water","name":"Creek","acres":null,"editable":false,"source":"USGS 3DHP flowlines (Channel Line)"},"geometry":{"type":"LineString","coordinates":[[-112.93865,45.397908],[-112.938901,45.397179]]}},{"type":"Feature","properties":{"id":"wat-b872","kind":"water","name":"Creek","acres":null,"editable":false,"source":"USGS 3DHP flowlines (Channel Line)"},"geometry":{"type":"LineString","coordinates":[[-113.023131,45.397998],[-113.023925,45.398246],[-113.024993,45.398299],[-113.025665,45.39844],[-113.026641,45.39844],[-113.028068,45.398219],[-113.029113,45.397872]]}},{"type":"Feature","properties":{"id":"wat-b873","kind":"water","name":"Creek","acres":null,"editable":false,"source":"USGS 3DHP flowlines (Channel Line)"},"geometry":{"type":"LineString","coordinates":[[-113.048071,45.180159],[-113.047126,45.180161],[-113.046311,45.179941],[-113.045774,45.179898]]}},{"type":"Feature","properties":{"id":"wat-b874","kind":"water","name":"Creek","acres":null,"editable":false,"source":"USGS 3DHP flowlines (Channel Line)"},"geometry":{"type":"LineString","coordinates":[[-113.049495,45.180426],[-113.048871,45.180501],[-113.048437,45.180156],[-113.048071,45.180159]]}},{"type":"Feature","properties":{"id":"wat-b875","kind":"water","name":"Cold Spring Creek","acres":null,"editable":false,"source":"USGS 3DHP flowlines (Channel Line)"},"geometry":{"type":"LineString","coordinates":[[-112.930674,45.169608],[-112.930986,45.16934],[-112.931878,45.168817],[-112.932237,45.168702],[-112.932307,45.168605]]}},{"type":"Feature","properties":{"id":"wat-b876","kind":"water","name":"Creek","acres":null,"editable":false,"source":"USGS 3DHP flowlines (Channel Line)"},"geometry":{"type":"LineString","coordinates":[[-113.060212,45.211596],[-113.05897,45.211737],[-113.057915,45.211765]]}},{"type":"Feature","properties":{"id":"wat-b877","kind":"water","name":"Dyce Creek","acres":null,"editable":false,"source":"USGS 3DHP flowlines (Channel Line)"},"geometry":{"type":"LineString","coordinates":[[-113.03524,45.255553],[-113.035271,45.254913],[-113.035717,45.254322],[-113.035727,45.253808],[-113.036734,45.252084],[-113.036713,45.251711],[-113.03702,45.251344]]}},{"type":"Feature","properties":{"id":"wat-b878","kind":"water","name":"Reservoir Creek","acres":null,"editable":false,"source":"USGS 3DHP flowlines (Channel Line)"},"geometry":{"type":"LineString","coordinates":[[-113.052373,45.161918],[-113.051077,45.161186],[-113.049864,45.160915]]}},{"type":"Feature","properties":{"id":"wat-b879","kind":"water","name":"Creek","acres":null,"editable":false,"source":"USGS 3DHP flowlines (Channel Line)"},"geometry":{"type":"LineString","coordinates":[[-113.0479,45.190211],[-113.047605,45.190183],[-113.047271,45.190474],[-113.046874,45.190528]]}},{"type":"Feature","properties":{"id":"wat-b880","kind":"water","name":"Reservoir Creek","acres":null,"editable":false,"source":"USGS 3DHP flowlines (Channel Line)"},"geometry":{"type":"LineString","coordinates":[[-113.118792,45.148596],[-113.118042,45.148732],[-113.117467,45.148945]]}},{"type":"Feature","properties":{"id":"wat-b881","kind":"water","name":"Shale Creek","acres":null,"editable":false,"source":"USGS 3DHP flowlines (Channel Line)"},"geometry":{"type":"LineString","coordinates":[[-113.168583,45.42938],[-113.167775,45.428552]]}},{"type":"Feature","properties":{"id":"wat-b882","kind":"water","name":"Cold Spring Creek","acres":null,"editable":false,"source":"USGS 3DHP flowlines (Channel Line)"},"geometry":{"type":"LineString","coordinates":[[-112.927545,45.174371],[-112.927949,45.173887],[-112.927972,45.173231]]}},{"type":"Feature","properties":{"id":"wat-b883","kind":"water","name":"East Fork Dyce Creek","acres":null,"editable":false,"source":"USGS 3DHP flowlines (Channel Line)"},"geometry":{"type":"LineString","coordinates":[[-113.029854,45.29423],[-113.029691,45.293441],[-113.029296,45.292836],[-113.02896,45.291172],[-113.029017,45.290624],[-113.029354,45.289662],[-113.029085,45.288604],[-113.029296,45.287681],[-113.029171,45.286787],[-113.029383,45.286489],[-113.029296,45.286066],[-113.029383,45.285392],[-113.029758,45.28395],[-113.030931,45.282161],[-113.031489,45.281517],[-113.032201,45.281199],[-113.03271,45.280853],[-113.033095,45.280267],[-113.033394,45.280069],[-113.033783,45.279604]]}},{"type":"Feature","properties":{"id":"wat-b884","kind":"water","name":"Steel Creek","acres":null,"editable":false,"source":"USGS 3DHP flowlines (Channel Line)"},"geometry":{"type":"LineString","coordinates":[[-113.097778,45.333615],[-113.098459,45.333574],[-113.098925,45.333769],[-113.100436,45.333983],[-113.101932,45.333949],[-113.102977,45.334193],[-113.106891,45.334334],[-113.107738,45.334201],[-113.107799,45.334128],[-113.109111,45.333792],[-113.109699,45.333541],[-113.110042,45.333346],[-113.110332,45.333029],[-113.111072,45.332583],[-113.111469,45.331885],[-113.111599,45.331218],[-113.112278,45.330752],[-113.112682,45.330237],[-113.113132,45.329928],[-113.114399,45.328723],[-113.114467,45.32857],[-113.114406,45.327597],[-113.114666,45.326995],[-113.115047,45.326476],[-113.115307,45.325831],[-113.115452,45.324702],[-113.115452,45.323348],[-113.115299,45.322386],[-113.114979,45.321528],[-113.114506,45.320693],[-113.113659,45.320265],[-113.113407,45.319758],[-113.113178,45.318934],[-113.113178,45.318663],[-113.11391,45.316844],[-113.114017,45.316119],[-113.113811,45.314753],[-113.113422,45.313845],[-113.113407,45.313498],[-113.112995,45.312857],[-113.113041,45.312533],[-113.112857,45.311926],[-113.112896,45.311553],[-113.11227,45.30971],[-113.112239,45.308943]]}},{"type":"Feature","properties":{"id":"wat-b885","kind":"water","name":"Clark Creek","acres":null,"editable":false,"source":"USGS 3DHP flowlines (Channel Line)"},"geometry":{"type":"LineString","coordinates":[[-113.023525,45.428584],[-113.024497,45.428958],[-113.026031,45.429859],[-113.027236,45.430366],[-113.027496,45.430515],[-113.028144,45.431156],[-113.02864,45.431345]]}},{"type":"Feature","properties":{"id":"wat-b886","kind":"water","name":"White Creek","acres":null,"editable":false,"source":"USGS 3DHP flowlines (Channel Line)"},"geometry":{"type":"LineString","coordinates":[[-113.053444,45.413226],[-113.053948,45.413379],[-113.055382,45.414043],[-113.057519,45.414718],[-113.059518,45.414836],[-113.060716,45.414722],[-113.062104,45.414985],[-113.06257,45.415263],[-113.062974,45.415813],[-113.063546,45.416038],[-113.064393,45.416538],[-113.064416,45.417159],[-113.064683,45.417365]]}},{"type":"Feature","properties":{"id":"wat-b887","kind":"water","name":"Jager Creek","acres":null,"editable":false,"source":"USGS 3DHP flowlines (Channel Line)"},"geometry":{"type":"LineString","coordinates":[[-113.184295,45.379252],[-113.183593,45.378718],[-113.182845,45.378326]]}},{"type":"Feature","properties":{"id":"wat-b888","kind":"water","name":"Creek","acres":null,"editable":false,"source":"USGS 3DHP flowlines (Channel Line)"},"geometry":{"type":"LineString","coordinates":[[-113.065233,45.29463],[-113.065553,45.294634],[-113.066087,45.294863],[-113.066743,45.295012],[-113.067796,45.295042],[-113.068384,45.294974],[-113.068826,45.294806],[-113.069689,45.294131],[-113.071626,45.293295],[-113.0721,45.292494],[-113.072817,45.291987],[-113.07361,45.291781],[-113.075403,45.291636],[-113.07564,45.291376],[-113.076319,45.289938],[-113.077395,45.288374],[-113.077784,45.288248],[-113.079127,45.288103],[-113.08034,45.287772],[-113.081293,45.287085],[-113.08169,45.286993],[-113.082224,45.286738],[-113.082506,45.285632],[-113.082758,45.285185],[-113.082796,45.284731],[-113.083308,45.283816],[-113.0842,45.283152],[-113.085864,45.282694],[-113.086054,45.282545],[-113.086344,45.281805],[-113.087069,45.281565],[-113.087824,45.281153],[-113.088084,45.281058],[-113.089038,45.28121],[-113.089594,45.281172],[-113.090068,45.280939],[-113.091021,45.28065],[-113.091845,45.280436],[-113.092341,45.280405],[-113.09273,45.280485],[-113.093081,45.28081],[-113.093295,45.281245],[-113.093974,45.281649],[-113.09524,45.28179],[-113.095675,45.281721],[-113.095958,45.281592],[-113.096332,45.281138],[-113.096927,45.281],[-113.097209,45.280829],[-113.09759,45.280817],[-113.097926,45.280959],[-113.098537,45.281035],[-113.099284,45.280913],[-113.100108,45.280497],[-113.101436,45.280089],[-113.102069,45.279681],[-113.102467,45.279219],[-113.102725,45.279097]]}},{"type":"Feature","properties":{"id":"wat-b889","kind":"water","name":"Creek","acres":null,"editable":false,"source":"USGS 3DHP flowlines (Channel Line)"},"geometry":{"type":"LineString","coordinates":[[-113.051583,45.353698],[-113.052026,45.353682],[-113.052788,45.353469],[-113.053307,45.353598],[-113.053819,45.353568],[-113.054772,45.353373],[-113.055405,45.353019],[-113.056207,45.352866],[-113.057458,45.353041],[-113.059289,45.353694],[-113.059983,45.353751],[-113.062257,45.353286],[-113.062623,45.353278],[-113.063958,45.352965],[-113.065744,45.352317],[-113.066476,45.351744],[-113.067644,45.351676],[-113.067949,45.351771],[-113.068602,45.351808]]}},{"type":"Feature","properties":{"id":"wat-b890","kind":"water","name":"Rattlesnake Creek","acres":null,"editable":false,"source":"USGS 3DHP flowlines (Channel Line)"},"geometry":{"type":"LineString","coordinates":[[-112.927867,45.305941],[-112.927638,45.305811]]}},{"type":"Feature","properties":{"id":"wat-b891","kind":"water","name":"Divide Creek","acres":null,"editable":false,"source":"USGS 3DHP flowlines (Channel Line)"},"geometry":{"type":"LineString","coordinates":[[-113.174105,45.326657],[-113.173684,45.326635],[-113.171254,45.326114],[-113.170565,45.326153],[-113.170326,45.326081],[-113.170316,45.325738],[-113.169318,45.325644],[-113.168768,45.325727],[-113.167204,45.3254]]}},{"type":"Feature","properties":{"id":"wat-b892","kind":"water","name":"Rattlesnake Creek","acres":null,"editable":false,"source":"USGS 3DHP flowlines (Channel Line)"},"geometry":{"type":"LineString","coordinates":[[-112.96448,45.382239],[-112.964531,45.380799],[-112.965541,45.379659]]}},{"type":"Feature","properties":{"id":"wat-b893","kind":"water","name":"Cottonwood Creek","acres":null,"editable":false,"source":"USGS 3DHP flowlines (Channel Line)"},"geometry":{"type":"LineString","coordinates":[[-113.159842,45.377208],[-113.159239,45.377086],[-113.158843,45.377247]]}},{"type":"Feature","properties":{"id":"wat-b894","kind":"water","name":"Rattlesnake Creek","acres":null,"editable":false,"source":"USGS 3DHP flowlines (Channel Line)"},"geometry":{"type":"LineString","coordinates":[[-112.975433,45.402603],[-112.974904,45.402505]]}},{"type":"Feature","properties":{"id":"wat-b895","kind":"water","name":"Rattlesnake Creek","acres":null,"editable":false,"source":"USGS 3DHP flowlines (Channel Line)"},"geometry":{"type":"LineString","coordinates":[[-112.965272,45.39064],[-112.9651,45.390415]]}},{"type":"Feature","properties":{"id":"wat-b896","kind":"water","name":"Creek","acres":null,"editable":false,"source":"USGS 3DHP flowlines (Channel Line)"},"geometry":{"type":"LineString","coordinates":[[-113.104598,45.224931],[-113.104386,45.225076],[-113.104394,45.225567],[-113.103577,45.226059],[-113.103403,45.226019],[-113.103355,45.226122],[-113.103078,45.226162],[-113.102991,45.226241],[-113.102809,45.226186],[-113.102499,45.226312],[-113.102507,45.226384],[-113.101778,45.226534],[-113.101239,45.226526],[-113.100835,45.226637],[-113.100534,45.226534],[-113.100074,45.226534],[-113.099583,45.22682],[-113.099305,45.226883],[-113.099202,45.227002],[-113.098735,45.227057],[-113.098648,45.226978],[-113.098227,45.226986],[-113.097578,45.227359],[-113.097427,45.227374],[-113.097356,45.227509],[-113.097007,45.227565],[-113.096864,45.22766],[-113.096539,45.227699],[-113.096008,45.227596],[-113.095414,45.227897],[-113.095184,45.228135]]}},{"type":"Feature","properties":{"id":"wat-b897","kind":"water","name":"Reservoir Creek","acres":null,"editable":false,"source":"USGS 3DHP flowlines (Channel Line)"},"geometry":{"type":"LineString","coordinates":[[-113.107614,45.15203],[-113.107241,45.152175],[-113.106913,45.15241]]}},{"type":"Feature","properties":{"id":"wat-b898","kind":"water","name":"East Fork Pole Creek","acres":null,"editable":false,"source":"USGS 3DHP flowlines (Channel Line)"},"geometry":{"type":"LineString","coordinates":[[-113.198462,45.369925],[-113.197441,45.369354],[-113.196823,45.369098],[-113.196215,45.368705],[-113.195615,45.368154],[-113.194856,45.367363],[-113.193551,45.365542],[-113.192521,45.36446],[-113.192261,45.363985],[-113.191994,45.362416],[-113.192405,45.360808],[-113.192375,45.360419]]}},{"type":"Feature","properties":{"id":"wat-b899","kind":"water","name":"Reservoir Creek","acres":null,"editable":false,"source":"USGS 3DHP flowlines (Channel Line)"},"geometry":{"type":"LineString","coordinates":[[-113.05738,45.164599],[-113.056993,45.164665],[-113.056621,45.164542]]}},{"type":"Feature","properties":{"id":"wat-b900","kind":"water","name":"South Fork Hayes Creek","acres":null,"editable":false,"source":"USGS 3DHP flowlines (Channel Line)"},"geometry":{"type":"LineString","coordinates":[[-113.146089,45.212235],[-113.145832,45.212275],[-113.145336,45.212622],[-113.144739,45.212788]]}},{"type":"Feature","properties":{"id":"wat-b901","kind":"water","name":"Dory Creek","acres":null,"editable":false,"source":"USGS 3DHP flowlines (Channel Line)"},"geometry":{"type":"LineString","coordinates":[[-113.164716,45.439683],[-113.163931,45.438457]]}},{"type":"Feature","properties":{"id":"wat-b902","kind":"water","name":"Rock Creek","acres":null,"editable":false,"source":"USGS 3DHP flowlines (Channel Line)"},"geometry":{"type":"LineString","coordinates":[[-113.172145,45.316542],[-113.171078,45.31677],[-113.170454,45.31676],[-113.169447,45.317134],[-113.168219,45.317384],[-113.167527,45.317241],[-113.167091,45.317262],[-113.166834,45.317384],[-113.166092,45.317284],[-113.165642,45.317384],[-113.165445,45.317219]]}},{"type":"Feature","properties":{"id":"wat-b903","kind":"water","name":"Creek","acres":null,"editable":false,"source":"USGS 3DHP flowlines (Channel Line)"},"geometry":{"type":"LineString","coordinates":[[-113.186378,45.171301],[-113.185944,45.171079]]}},{"type":"Feature","properties":{"id":"wat-b904","kind":"water","name":"Steel Creek","acres":null,"editable":false,"source":"USGS 3DHP flowlines (Channel Line)"},"geometry":{"type":"LineString","coordinates":[[-113.080507,45.33647],[-113.081019,45.336474],[-113.081545,45.336264],[-113.082911,45.335997],[-113.083976,45.335946]]}},{"type":"Feature","properties":{"id":"wat-b905","kind":"water","name":"Creek","acres":null,"editable":false,"source":"USGS 3DHP flowlines (Channel Line)"},"geometry":{"type":"LineString","coordinates":[[-113.062292,45.190126],[-113.062128,45.190115]]}},{"type":"Feature","properties":{"id":"wat-b906","kind":"water","name":"Buffalo Creek","acres":null,"editable":false,"source":"USGS 3DHP flowlines (Channel Line)"},"geometry":{"type":"LineString","coordinates":[[-113.132391,45.182009],[-113.129931,45.183039],[-113.127634,45.183642],[-113.127207,45.183894],[-113.125828,45.184368],[-113.124696,45.184862]]}},{"type":"Feature","properties":{"id":"wat-b907","kind":"water","name":"West Fork Dyce Creek","acres":null,"editable":false,"source":"USGS 3DHP flowlines (Channel Line)"},"geometry":{"type":"LineString","coordinates":[[-113.045716,45.318718],[-113.045995,45.31853],[-113.046188,45.318181]]}},{"type":"Feature","properties":{"id":"wat-b908","kind":"water","name":"Taylor Creek","acres":null,"editable":false,"source":"USGS 3DHP flowlines (Channel Line)"},"geometry":{"type":"LineString","coordinates":[[-113.001742,45.206465],[-113.002059,45.206302],[-113.002664,45.206345],[-113.003217,45.206063],[-113.00389,45.205465],[-113.004232,45.205322],[-113.004427,45.205021],[-113.00492,45.20498],[-113.005578,45.205059],[-113.005732,45.205127],[-113.005815,45.205367],[-113.005973,45.205412],[-113.006311,45.205158],[-113.006474,45.204785],[-113.006808,45.204642],[-113.007002,45.204451],[-113.007274,45.204385],[-113.007584,45.204489],[-113.00777,45.20438],[-113.008042,45.204352],[-113.008368,45.204166],[-113.008376,45.203875],[-113.008935,45.203826]]}},{"type":"Feature","properties":{"id":"wat-b909","kind":"water","name":"Creek","acres":null,"editable":false,"source":"USGS 3DHP flowlines (Channel Line)"},"geometry":{"type":"LineString","coordinates":[[-113.150082,45.228015],[-113.14864,45.227763],[-113.147442,45.227187],[-113.146679,45.226969],[-113.144711,45.226641],[-113.143856,45.226672],[-113.142857,45.226447],[-113.141796,45.22642],[-113.141018,45.226199],[-113.1404,45.226176],[-113.139858,45.226397],[-113.139286,45.226462],[-113.138645,45.226714],[-113.136945,45.226801],[-113.136669,45.226984]]}},{"type":"Feature","properties":{"id":"wat-b910","kind":"water","name":"Creek","acres":null,"editable":false,"source":"USGS 3DHP flowlines (Channel Line)"},"geometry":{"type":"LineString","coordinates":[[-113.087496,45.434581],[-113.0879,45.43439],[-113.08832,45.434001],[-113.088579,45.433402],[-113.088816,45.433158],[-113.089335,45.432777],[-113.090014,45.432437],[-113.09035,45.432155],[-113.090494,45.431739]]}},{"type":"Feature","properties":{"id":"wat-b911","kind":"water","name":"Creek","acres":null,"editable":false,"source":"USGS 3DHP flowlines (Channel Line)"},"geometry":{"type":"LineString","coordinates":[[-112.928664,45.310082],[-112.928592,45.309962],[-112.928268,45.309862],[-112.927986,45.309324],[-112.927971,45.308528],[-112.927482,45.307879]]}},{"type":"Feature","properties":{"id":"wat-b912","kind":"water","name":"Cottonwood Creek","acres":null,"editable":false,"source":"USGS 3DHP flowlines (Channel Line)"},"geometry":{"type":"LineString","coordinates":[[-113.161322,45.378844],[-113.160742,45.378459],[-113.160257,45.377846]]}},{"type":"Feature","properties":{"id":"wat-b913","kind":"water","name":"Creek","acres":null,"editable":false,"source":"USGS 3DHP flowlines (Channel Line)"},"geometry":{"type":"LineString","coordinates":[[-113.097251,45.410686],[-113.097239,45.410514]]}},{"type":"Feature","properties":{"id":"wat-b914","kind":"water","name":"Shale Creek","acres":null,"editable":false,"source":"USGS 3DHP flowlines (Channel Line)"},"geometry":{"type":"LineString","coordinates":[[-113.124312,45.412615],[-113.123806,45.412627],[-113.123272,45.412408],[-113.121906,45.412529]]}},{"type":"Feature","properties":{"id":"wat-b915","kind":"water","name":"Creek","acres":null,"editable":false,"source":"USGS 3DHP flowlines (Channel Line)"},"geometry":{"type":"LineString","coordinates":[[-113.164004,45.141059],[-113.163249,45.141467],[-113.161601,45.142146]]}},{"type":"Feature","properties":{"id":"wat-b916","kind":"water","name":"French Creek","acres":null,"editable":false,"source":"USGS 3DHP flowlines (Channel Line)"},"geometry":{"type":"LineString","coordinates":[[-112.90603,45.381784],[-112.905809,45.381595],[-112.904916,45.381201]]}},{"type":"Feature","properties":{"id":"wat-b917","kind":"water","name":"Reservoir Creek","acres":null,"editable":false,"source":"USGS 3DHP flowlines (Channel Line)"},"geometry":{"type":"LineString","coordinates":[[-113.117068,45.149179],[-113.116609,45.149441],[-113.115842,45.149644],[-113.115513,45.149584]]}},{"type":"Feature","properties":{"id":"wat-b918","kind":"water","name":"Reservoir Creek","acres":null,"editable":false,"source":"USGS 3DHP flowlines (Channel Line)"},"geometry":{"type":"LineString","coordinates":[[-113.062057,45.163996],[-113.061616,45.163984]]}},{"type":"Feature","properties":{"id":"wat-b919","kind":"water","name":"Creek","acres":null,"editable":false,"source":"USGS 3DHP flowlines (Channel Line)"},"geometry":{"type":"LineString","coordinates":[[-113.029864,45.414536],[-113.030253,45.414553]]}},{"type":"Feature","properties":{"id":"wat-b920","kind":"water","name":"Creek","acres":null,"editable":false,"source":"USGS 3DHP flowlines (Channel Line)"},"geometry":{"type":"LineString","coordinates":[[-113.096005,45.408845],[-113.096461,45.408889],[-113.097628,45.409209],[-113.098254,45.409167]]}},{"type":"Feature","properties":{"id":"wat-b921","kind":"water","name":"Creek","acres":null,"editable":false,"source":"USGS 3DHP flowlines (Channel Line)"},"geometry":{"type":"LineString","coordinates":[[-113.029113,45.397872],[-113.030601,45.397624],[-113.032714,45.396857],[-113.033948,45.396648]]}},{"type":"Feature","properties":{"id":"wat-b922","kind":"water","name":"Hayes Creek","acres":null,"editable":false,"source":"USGS 3DHP flowlines (Channel Line)"},"geometry":{"type":"LineString","coordinates":[[-113.113086,45.220629],[-113.112846,45.220843],[-113.112691,45.221205],[-113.112311,45.221699],[-113.11152,45.22233],[-113.111288,45.222714],[-113.110939,45.222999],[-113.110155,45.223482],[-113.109775,45.223521],[-113.108909,45.223921]]}},{"type":"Feature","properties":{"id":"wat-b923","kind":"water","name":"Creek","acres":null,"editable":false,"source":"USGS 3DHP flowlines (Channel Line)"},"geometry":{"type":"LineString","coordinates":[[-112.909258,45.425507],[-112.907548,45.426332],[-112.906542,45.426713],[-112.9059,45.426769],[-112.905389,45.426731]]}},{"type":"Feature","properties":{"id":"wat-b924","kind":"water","name":"Middle Creek","acres":null,"editable":false,"source":"USGS 3DHP flowlines (Channel Line)"},"geometry":{"type":"LineString","coordinates":[[-113.153713,45.309868],[-113.152708,45.310237],[-113.152521,45.310417]]}},{"type":"Feature","properties":{"id":"wat-b925","kind":"water","name":"Jager Creek","acres":null,"editable":false,"source":"USGS 3DHP flowlines (Channel Line)"},"geometry":{"type":"LineString","coordinates":[[-113.15578,45.359406],[-113.154577,45.359385],[-113.154043,45.359271],[-113.152769,45.358878],[-113.151464,45.358268],[-113.150228,45.357982],[-113.149053,45.35757],[-113.148122,45.357089],[-113.146978,45.356242],[-113.146123,45.355903],[-113.145353,45.355838],[-113.143109,45.356009]]}},{"type":"Feature","properties":{"id":"wat-b926","kind":"water","name":"Left Fork Swamp Creek","acres":null,"editable":false,"source":"USGS 3DHP flowlines (Channel Line)"},"geometry":{"type":"LineString","coordinates":[[-113.196661,45.246165],[-113.196122,45.245916]]}},{"type":"Feature","properties":{"id":"wat-b927","kind":"water","name":"Creek","acres":null,"editable":false,"source":"USGS 3DHP flowlines (Channel Line)"},"geometry":{"type":"LineString","coordinates":[[-113.029695,45.325239],[-113.029632,45.32494],[-113.029782,45.324325],[-113.029671,45.323969],[-113.029861,45.322809],[-113.029846,45.322249]]}},{"type":"Feature","properties":{"id":"wat-b928","kind":"water","name":"Creek","acres":null,"editable":false,"source":"USGS 3DHP flowlines (Channel Line)"},"geometry":{"type":"LineString","coordinates":[[-112.897496,45.312164],[-112.898149,45.311812],[-112.898409,45.311354],[-112.898569,45.309371],[-112.898752,45.308821],[-112.898607,45.308093],[-112.898691,45.307341],[-112.898546,45.307005],[-112.898515,45.3063],[-112.898302,45.305354],[-112.897966,45.304224],[-112.897966,45.303851],[-112.898279,45.303164],[-112.898355,45.302214],[-112.898706,45.301123],[-112.898996,45.300456],[-112.899332,45.299975],[-112.899202,45.299548],[-112.899217,45.297999],[-112.898691,45.297697],[-112.898409,45.297045],[-112.898477,45.296061],[-112.898203,45.295123],[-112.898332,45.294562],[-112.898065,45.29423],[-112.898062,45.292809]]}},{"type":"Feature","properties":{"id":"wat-b929","kind":"water","name":"Creek","acres":null,"editable":false,"source":"USGS 3DHP flowlines (Channel Line)"},"geometry":{"type":"LineString","coordinates":[[-112.995995,45.159441],[-112.995533,45.160139],[-112.995423,45.160185]]}},{"type":"Feature","properties":{"id":"wat-b930","kind":"water","name":"White Creek","acres":null,"editable":false,"source":"USGS 3DHP flowlines (Channel Line)"},"geometry":{"type":"LineString","coordinates":[[-113.078073,45.412074],[-113.078844,45.411571],[-113.079454,45.411323],[-113.080049,45.411258],[-113.08098,45.411281],[-113.082186,45.410865],[-113.083498,45.409476],[-113.083757,45.409053],[-113.084459,45.408439],[-113.084696,45.408118]]}},{"type":"Feature","properties":{"id":"wat-b931","kind":"water","name":"Creek","acres":null,"editable":false,"source":"USGS 3DHP flowlines (Channel Line)"},"geometry":{"type":"LineString","coordinates":[[-113.053376,45.181256],[-113.053052,45.181297],[-113.052743,45.181227]]}},{"type":"Feature","properties":{"id":"wat-b932","kind":"water","name":"Reservoir Creek","acres":null,"editable":false,"source":"USGS 3DHP flowlines (Channel Line)"},"geometry":{"type":"LineString","coordinates":[[-113.139513,45.143373],[-113.13936,45.143466],[-113.139177,45.143897],[-113.13904,45.144011],[-113.138689,45.144061],[-113.138147,45.144282],[-113.137498,45.144305],[-113.13672,45.144221],[-113.135629,45.144561],[-113.133806,45.144801],[-113.133027,45.14503]]}},{"type":"Feature","properties":{"id":"wat-b933","kind":"water","name":"Creek","acres":null,"editable":false,"source":"USGS 3DHP flowlines (Channel Line)"},"geometry":{"type":"LineString","coordinates":[[-113.090788,45.240646],[-113.090704,45.240429],[-113.090791,45.240318],[-113.091024,45.240255],[-113.09111,45.240328],[-113.091063,45.240391]]}},{"type":"Feature","properties":{"id":"wat-b934","kind":"water","name":"Creek","acres":null,"editable":false,"source":"USGS 3DHP flowlines (Channel Line)"},"geometry":{"type":"LineString","coordinates":[[-113.036589,45.195728],[-113.036781,45.195656],[-113.036863,45.195453],[-113.036685,45.195399],[-113.036285,45.195003],[-113.036788,45.19481],[-113.037081,45.195096],[-113.03731,45.195157],[-113.037763,45.194885],[-113.037881,45.194646],[-113.038038,45.194578],[-113.038159,45.194668],[-113.038295,45.194578],[-113.038552,45.194314],[-113.038559,45.194086],[-113.038823,45.1938],[-113.038862,45.193636],[-113.038744,45.193568],[-113.038719,45.193219],[-113.038894,45.193169],[-113.039135,45.192799]]}},{"type":"Feature","properties":{"id":"wat-b935","kind":"water","name":"South Fork Hayes Creek","acres":null,"editable":false,"source":"USGS 3DHP flowlines (Channel Line)"},"geometry":{"type":"LineString","coordinates":[[-113.123118,45.216208],[-113.122722,45.216499],[-113.122117,45.216696],[-113.120844,45.216928],[-113.119354,45.216846],[-113.117918,45.217011],[-113.117298,45.217319],[-113.11701,45.217757]]}},{"type":"Feature","properties":{"id":"wat-b936","kind":"water","name":"Hayes Creek","acres":null,"editable":false,"source":"USGS 3DHP flowlines (Channel Line)"},"geometry":{"type":"LineString","coordinates":[[-113.114392,45.220281],[-113.113086,45.220629]]}},{"type":"Feature","properties":{"id":"wat-b937","kind":"water","name":"Buffalo Creek","acres":null,"editable":false,"source":"USGS 3DHP flowlines (Channel Line)"},"geometry":{"type":"LineString","coordinates":[[-113.061972,45.217853],[-113.061603,45.218121],[-113.060601,45.218574]]}},{"type":"Feature","properties":{"id":"wat-b938","kind":"water","name":"Bond Creek","acres":null,"editable":false,"source":"USGS 3DHP flowlines (Channel Line)"},"geometry":{"type":"LineString","coordinates":[[-112.911692,45.435978],[-112.908807,45.436062]]}},{"type":"Feature","properties":{"id":"wat-b939","kind":"water","name":"Birch Creek","acres":null,"editable":false,"source":"USGS 3DHP flowlines (Channel Line)"},"geometry":{"type":"LineString","coordinates":[[-112.985173,45.425826],[-112.985151,45.426283],[-112.985021,45.426512],[-112.985166,45.42696],[-112.985051,45.427027],[-112.984342,45.426928],[-112.984235,45.426971],[-112.984143,45.427159],[-112.984479,45.427409],[-112.984448,45.427504],[-112.984235,45.427593],[-112.984006,45.42751],[-112.983846,45.427532]]}},{"type":"Feature","properties":{"id":"wat-b940","kind":"water","name":"North Fork Hayes Creek","acres":null,"editable":false,"source":"USGS 3DHP flowlines (Channel Line)"},"geometry":{"type":"LineString","coordinates":[[-113.19278,45.229115],[-113.190489,45.228938],[-113.188725,45.228482]]}},{"type":"Feature","properties":{"id":"wat-b941","kind":"water","name":"Creek","acres":null,"editable":false,"source":"USGS 3DHP flowlines (Channel Line)"},"geometry":{"type":"LineString","coordinates":[[-113.160491,45.185753],[-113.160206,45.185844],[-113.159905,45.18581],[-113.159001,45.185492],[-113.158675,45.185266],[-113.158039,45.18448],[-113.156867,45.183367],[-113.156315,45.183225],[-113.155933,45.183213]]}},{"type":"Feature","properties":{"id":"wat-b942","kind":"water","name":"Creek","acres":null,"editable":false,"source":"USGS 3DHP flowlines (Channel Line)"},"geometry":{"type":"LineString","coordinates":[[-113.197472,45.268382],[-113.196243,45.268466],[-113.194597,45.26839]]}},{"type":"Feature","properties":{"id":"wat-b943","kind":"water","name":"Creek","acres":null,"editable":false,"source":"USGS 3DHP flowlines (Channel Line)"},"geometry":{"type":"LineString","coordinates":[[-113.066912,45.189667],[-113.06672,45.190025]]}},{"type":"Feature","properties":{"id":"wat-b944","kind":"water","name":"Creek","acres":null,"editable":false,"source":"USGS 3DHP flowlines (Channel Line)"},"geometry":{"type":"LineString","coordinates":[[-112.975343,45.386878],[-112.974812,45.386447],[-112.974095,45.38618],[-112.973606,45.385818]]}},{"type":"Feature","properties":{"id":"wat-b945","kind":"water","name":"Buffalo Creek","acres":null,"editable":false,"source":"USGS 3DHP flowlines (Channel Line)"},"geometry":{"type":"LineString","coordinates":[[-113.132687,45.18199],[-113.132391,45.182009]]}},{"type":"Feature","properties":{"id":"wat-b946","kind":"water","name":"Creek","acres":null,"editable":false,"source":"USGS 3DHP flowlines (Channel Line)"},"geometry":{"type":"LineString","coordinates":[[-112.924303,45.2026],[-112.92441,45.202306],[-112.92441,45.201799],[-112.924288,45.20104],[-112.924051,45.200685],[-112.923769,45.200498],[-112.922846,45.200056],[-112.921907,45.200094],[-112.920915,45.199998],[-112.920709,45.199903],[-112.920572,45.200021],[-112.920236,45.199895],[-112.918542,45.199655],[-112.918362,45.199512]]}},{"type":"Feature","properties":{"id":"wat-b947","kind":"water","name":"Dingley Creek","acres":null,"editable":false,"source":"USGS 3DHP flowlines (Channel Line)"},"geometry":{"type":"LineString","coordinates":[[-113.063462,45.450874],[-113.064317,45.450107],[-113.065484,45.449501],[-113.066949,45.448097],[-113.06759,45.447658],[-113.070779,45.444873],[-113.071397,45.444427],[-113.072793,45.442501],[-113.073427,45.441364],[-113.074304,45.440483],[-113.07448,45.440071],[-113.074747,45.438766],[-113.075098,45.43795],[-113.075479,45.437244],[-113.07609,45.43658],[-113.076303,45.436214],[-113.077654,45.434684],[-113.07815,45.434379],[-113.07992,45.433643],[-113.0804,45.433326],[-113.080744,45.432815]]}},{"type":"Feature","properties":{"id":"wat-b948","kind":"water","name":"Creek","acres":null,"editable":false,"source":"USGS 3DHP flowlines (Channel Line)"},"geometry":{"type":"LineString","coordinates":[[-113.098254,45.409167],[-113.098735,45.408954],[-113.09918,45.408642]]}},{"type":"Feature","properties":{"id":"wat-b949","kind":"water","name":"Creek","acres":null,"editable":false,"source":"USGS 3DHP flowlines (Channel Line)"},"geometry":{"type":"LineString","coordinates":[[-113.193228,45.207278],[-113.190687,45.20378],[-113.189848,45.202998],[-113.18939,45.202338],[-113.189077,45.202163],[-113.188489,45.201983],[-113.188047,45.201491]]}},{"type":"Feature","properties":{"id":"wat-b950","kind":"water","name":"Creek","acres":null,"editable":false,"source":"USGS 3DHP flowlines (Channel Line)"},"geometry":{"type":"LineString","coordinates":[[-113.165343,45.191684],[-113.164051,45.191493],[-113.162953,45.191001],[-113.162556,45.190646],[-113.16238,45.190329],[-113.161388,45.189242],[-113.16103,45.189006],[-113.159702,45.188838],[-113.159215,45.188671]]}},{"type":"Feature","properties":{"id":"wat-b951","kind":"water","name":"Creek","acres":null,"editable":false,"source":"USGS 3DHP flowlines (Channel Line)"},"geometry":{"type":"LineString","coordinates":[[-112.940517,45.281294],[-112.939502,45.281168],[-112.938884,45.281015],[-112.93806,45.279856],[-112.937862,45.279715],[-112.937244,45.279608],[-112.935054,45.279604],[-112.93349,45.278421],[-112.931331,45.278025],[-112.930393,45.277762],[-112.930034,45.277136],[-112.929477,45.275],[-112.929248,45.274645],[-112.928989,45.274469],[-112.92596,45.272921],[-112.925273,45.272402],[-112.924197,45.271818],[-112.921237,45.270746],[-112.920558,45.270155],[-112.919886,45.269781],[-112.919001,45.269537],[-112.917079,45.26919],[-112.916621,45.268766],[-112.916087,45.268724],[-112.915843,45.268404]]}},{"type":"Feature","properties":{"id":"wat-b952","kind":"water","name":"Creek","acres":null,"editable":false,"source":"USGS 3DHP flowlines (Channel Line)"},"geometry":{"type":"LineString","coordinates":[[-113.038428,45.216439],[-113.038414,45.216222],[-113.038772,45.215981],[-113.038561,45.215816],[-113.038146,45.215836],[-113.037953,45.215648],[-113.037989,45.215453]]}},{"type":"Feature","properties":{"id":"wat-b953","kind":"water","name":"Creek","acres":null,"editable":false,"source":"USGS 3DHP flowlines (Channel Line)"},"geometry":{"type":"LineString","coordinates":[[-112.98495,45.359055],[-112.984839,45.359027]]}},{"type":"Feature","properties":{"id":"wat-b954","kind":"water","name":"Creek","acres":null,"editable":false,"source":"USGS 3DHP flowlines (Channel Line)"},"geometry":{"type":"LineString","coordinates":[[-112.930253,45.207352],[-112.929781,45.207671]]}},{"type":"Feature","properties":{"id":"wat-b955","kind":"water","name":"Creek","acres":null,"editable":false,"source":"USGS 3DHP flowlines (Channel Line)"},"geometry":{"type":"LineString","coordinates":[[-113.059253,45.241042],[-113.059745,45.240645],[-113.059882,45.239723],[-113.060025,45.239426],[-113.059936,45.239104],[-113.059983,45.238825],[-113.059864,45.238539],[-113.060031,45.23823],[-113.06009,45.237367],[-113.060198,45.237076],[-113.06064,45.236724],[-113.061334,45.236499],[-113.061587,45.236267],[-113.061934,45.23619],[-113.062256,45.235946],[-113.062381,45.235642],[-113.062351,45.23516],[-113.062559,45.234833],[-113.062423,45.234569]]}},{"type":"Feature","properties":{"id":"wat-b956","kind":"water","name":"Creek","acres":null,"editable":false,"source":"USGS 3DHP flowlines (Channel Line)"},"geometry":{"type":"LineString","coordinates":[[-113.126489,45.251368],[-113.126443,45.251441],[-113.124722,45.251906],[-113.123474,45.252514]]}},{"type":"Feature","properties":{"id":"wat-b957","kind":"water","name":"Neagle Creek","acres":null,"editable":false,"source":"USGS 3DHP flowlines (Channel Line)"},"geometry":{"type":"LineString","coordinates":[[-113.140019,45.38219],[-113.139088,45.38164],[-113.137251,45.380955],[-113.136402,45.380331],[-113.135923,45.379922],[-113.135579,45.379107],[-113.135026,45.378303]]}},{"type":"Feature","properties":{"id":"wat-b958","kind":"water","name":"Creek","acres":null,"editable":false,"source":"USGS 3DHP flowlines (Channel Line)"},"geometry":{"type":"LineString","coordinates":[[-113.142083,45.131324],[-113.141923,45.132228],[-113.141618,45.132762],[-113.140947,45.133448],[-113.140565,45.135188],[-113.140764,45.135966],[-113.140596,45.137336],[-113.140718,45.138804],[-113.140909,45.13935],[-113.140283,45.141417],[-113.140334,45.143166]]}},{"type":"Feature","properties":{"id":"wat-b959","kind":"water","name":"Creek","acres":null,"editable":false,"source":"USGS 3DHP flowlines (Channel Line)"},"geometry":{"type":"LineString","coordinates":[[-113.056955,45.244312],[-113.05711,45.244232],[-113.057152,45.244],[-113.057348,45.24397],[-113.057283,45.243881],[-113.057735,45.243697],[-113.057693,45.243364],[-113.057877,45.243304],[-113.057943,45.243161],[-113.057818,45.242947],[-113.058056,45.242787],[-113.058008,45.242394],[-113.058115,45.242269],[-113.05846,45.242311],[-113.058401,45.242174],[-113.058496,45.241978],[-113.058716,45.24193],[-113.058764,45.241627],[-113.058817,45.241591],[-113.058978,45.241698],[-113.059109,45.241627],[-113.05924,45.241436],[-113.059168,45.241299],[-113.059406,45.241127],[-113.059253,45.241042]]}},{"type":"Feature","properties":{"id":"wat-b960","kind":"water","name":"Twin Creek","acres":null,"editable":false,"source":"USGS 3DHP flowlines (Channel Line)"},"geometry":{"type":"LineString","coordinates":[[-113.18344,45.387599],[-113.183593,45.386397],[-113.183311,45.385062],[-113.18296,45.384418],[-113.181762,45.382743],[-113.181334,45.381919],[-113.180709,45.381259],[-113.180549,45.38095],[-113.180373,45.379745],[-113.180152,45.379382],[-113.179702,45.378963],[-113.17723,45.377524],[-113.174948,45.376441],[-113.174262,45.375953],[-113.173163,45.375392],[-113.172598,45.375167],[-113.170393,45.374549],[-113.169951,45.374263],[-113.168608,45.373691],[-113.167608,45.373122],[-113.16635,45.372687],[-113.165487,45.372252],[-113.164564,45.371333],[-113.164312,45.370593],[-113.163733,45.369678],[-113.163168,45.369159],[-113.162313,45.368545],[-113.159994,45.367576],[-113.15798,45.367213],[-113.157064,45.366965],[-113.156004,45.366862],[-113.155264,45.366618],[-113.154737,45.366328],[-113.153387,45.365821],[-113.15299,45.365489],[-113.151762,45.364951],[-113.150983,45.364375],[-113.149877,45.363975]]}},{"type":"Feature","properties":{"id":"wat-b961","kind":"water","name":"Creek","acres":null,"editable":false,"source":"USGS 3DHP flowlines (Channel Line)"},"geometry":{"type":"LineString","coordinates":[[-113.03186,45.434472],[-113.032187,45.434454]]}},{"type":"Feature","properties":{"id":"wat-b962","kind":"water","name":"Creek","acres":null,"editable":false,"source":"USGS 3DHP flowlines (Channel Line)"},"geometry":{"type":"LineString","coordinates":[[-113.013158,45.166608],[-113.013281,45.166902],[-113.013128,45.167063]]}},{"type":"Feature","properties":{"id":"wat-b963","kind":"water","name":"South Fork Thief Creek","acres":null,"editable":false,"source":"USGS 3DHP flowlines (Channel Line)"},"geometry":{"type":"LineString","coordinates":[[-112.902215,45.404484],[-112.902277,45.404816],[-112.902177,45.405197],[-112.901506,45.406207],[-112.900842,45.407635],[-112.899827,45.40886],[-112.899088,45.409554],[-112.89834,45.410008],[-112.896776,45.41074],[-112.894502,45.411247],[-112.892915,45.411926],[-112.892366,45.412349],[-112.891595,45.412762],[-112.889726,45.413204],[-112.88862,45.413773],[-112.887924,45.414023],[-112.887231,45.414561],[-112.886276,45.41587],[-112.885071,45.416877],[-112.884592,45.41755],[-112.88417,45.417877],[-112.883064,45.418504],[-112.882431,45.418758],[-112.88173,45.41891],[-112.880936,45.419266],[-112.879685,45.41966],[-112.878457,45.419765],[-112.877587,45.419708],[-112.876939,45.419799],[-112.876159,45.419728],[-112.875902,45.419827]]}},{"type":"Feature","properties":{"id":"wat-b964","kind":"water","name":"Creek","acres":null,"editable":false,"source":"USGS 3DHP flowlines (Channel Line)"},"geometry":{"type":"LineString","coordinates":[[-113.09772,45.258509],[-113.098102,45.258383],[-113.098682,45.258009],[-113.098987,45.257532],[-113.098819,45.2572],[-113.098842,45.256987],[-113.099025,45.256899]]}},{"type":"Feature","properties":{"id":"wat-b965","kind":"water","name":"Buffalo Creek","acres":null,"editable":false,"source":"USGS 3DHP flowlines (Channel Line)"},"geometry":{"type":"LineString","coordinates":[[-113.083166,45.201288],[-113.083215,45.201583]]}},{"type":"Feature","properties":{"id":"wat-b966","kind":"water","name":"Straight Fork Buffalo Creek","acres":null,"editable":false,"source":"USGS 3DHP flowlines (Channel Line)"},"geometry":{"type":"LineString","coordinates":[[-113.196946,45.158368],[-113.19682,45.158388]]}},{"type":"Feature","properties":{"id":"wat-b967","kind":"water","name":"French Creek","acres":null,"editable":false,"source":"USGS 3DHP flowlines (Channel Line)"},"geometry":{"type":"LineString","coordinates":[[-112.899931,45.376271],[-112.899911,45.375754],[-112.899758,45.375483]]}},{"type":"Feature","properties":{"id":"wat-b968","kind":"water","name":"Creek","acres":null,"editable":false,"source":"USGS 3DHP flowlines (Channel Line)"},"geometry":{"type":"LineString","coordinates":[[-113.005614,45.38354],[-113.005423,45.383239],[-113.005141,45.383018],[-113.003012,45.382281],[-113.002287,45.381728],[-113.00173,45.381484],[-113.000883,45.381293],[-112.998924,45.381044]]}},{"type":"Feature","properties":{"id":"wat-b969","kind":"water","name":"White Creek","acres":null,"editable":false,"source":"USGS 3DHP flowlines (Channel Line)"},"geometry":{"type":"LineString","coordinates":[[-113.105327,45.403461],[-113.10569,45.403137]]}},{"type":"Feature","properties":{"id":"wat-b970","kind":"water","name":"White Creek","acres":null,"editable":false,"source":"USGS 3DHP flowlines (Channel Line)"},"geometry":{"type":"LineString","coordinates":[[-113.10569,45.403137],[-113.106262,45.402992]]}},{"type":"Feature","properties":{"id":"wat-b971","kind":"water","name":"Shale Creek","acres":null,"editable":false,"source":"USGS 3DHP flowlines (Channel Line)"},"geometry":{"type":"LineString","coordinates":[[-113.125585,45.412736],[-113.12511,45.412751],[-113.124836,45.412639],[-113.124312,45.412615]]}},{"type":"Feature","properties":{"id":"wat-b972","kind":"water","name":"Creek","acres":null,"editable":false,"source":"USGS 3DHP flowlines (Channel Line)"},"geometry":{"type":"LineString","coordinates":[[-112.956397,45.294265],[-112.95614,45.294277]]}},{"type":"Feature","properties":{"id":"wat-b973","kind":"water","name":"Creek","acres":null,"editable":false,"source":"USGS 3DHP flowlines (Channel Line)"},"geometry":{"type":"LineString","coordinates":[[-113.050345,45.221251],[-113.050498,45.221606]]}},{"type":"Feature","properties":{"id":"wat-b974","kind":"water","name":"West Fork Dyce Creek","acres":null,"editable":false,"source":"USGS 3DHP flowlines (Channel Line)"},"geometry":{"type":"LineString","coordinates":[[-113.045456,45.328623],[-113.045952,45.327876],[-113.046227,45.326666],[-113.046204,45.32643],[-113.045739,45.325583],[-113.044632,45.324584],[-113.044312,45.324015],[-113.044342,45.323451],[-113.044564,45.323042],[-113.044934,45.322724]]}},{"type":"Feature","properties":{"id":"wat-b975","kind":"water","name":"Creek","acres":null,"editable":false,"source":"USGS 3DHP flowlines (Channel Line)"},"geometry":{"type":"LineString","coordinates":[[-112.997,45.305514],[-112.996336,45.304693],[-112.996251,45.304394],[-112.99584,45.304041],[-112.995215,45.303671],[-112.994902,45.303293],[-112.994436,45.302925],[-112.993903,45.302848],[-112.991583,45.302187],[-112.990927,45.301897],[-112.990675,45.301703],[-112.990026,45.300966],[-112.989814,45.300837],[-112.988327,45.298184],[-112.988309,45.297732],[-112.98797,45.297161],[-112.987667,45.296964],[-112.98747,45.296499],[-112.986896,45.295928]]}},{"type":"Feature","properties":{"id":"wat-b976","kind":"water","name":"Creek","acres":null,"editable":false,"source":"USGS 3DHP flowlines (Channel Line)"},"geometry":{"type":"LineString","coordinates":[[-113.118966,45.416863],[-113.117832,45.416999],[-113.117512,45.417274],[-113.116581,45.417484],[-113.11565,45.417556],[-113.114911,45.417432]]}},{"type":"Feature","properties":{"id":"wat-b977","kind":"water","name":"Creek","acres":null,"editable":false,"source":"USGS 3DHP flowlines (Channel Line)"},"geometry":{"type":"LineString","coordinates":[[-113.138257,45.250006],[-113.136182,45.250471],[-113.134877,45.251261],[-113.134289,45.251494],[-113.133473,45.251639],[-113.132252,45.251643],[-113.131352,45.251768],[-113.130192,45.252131],[-113.129757,45.252463]]}},{"type":"Feature","properties":{"id":"wat-b978","kind":"water","name":"Creek","acres":null,"editable":false,"source":"USGS 3DHP flowlines (Channel Line)"},"geometry":{"type":"LineString","coordinates":[[-112.973606,45.385818],[-112.973415,45.385487],[-112.973173,45.385298],[-112.972912,45.385248],[-112.971722,45.385673]]}},{"type":"Feature","properties":{"id":"wat-b979","kind":"water","name":"Creek","acres":null,"editable":false,"source":"USGS 3DHP flowlines (Channel Line)"},"geometry":{"type":"LineString","coordinates":[[-113.06437,45.16434],[-113.063786,45.164358],[-113.062724,45.16414]]}},{"type":"Feature","properties":{"id":"wat-b980","kind":"water","name":"Driscoll Creek","acres":null,"editable":false,"source":"USGS 3DHP flowlines (Channel Line)"},"geometry":{"type":"LineString","coordinates":[[-113.104773,45.31202],[-113.105684,45.311688],[-113.105972,45.311655],[-113.106452,45.311408]]}},{"type":"Feature","properties":{"id":"wat-b981","kind":"water","name":"Middle Creek","acres":null,"editable":false,"source":"USGS 3DHP flowlines (Channel Line)"},"geometry":{"type":"LineString","coordinates":[[-113.177855,45.302375],[-113.177664,45.3026],[-113.177168,45.302928],[-113.176581,45.303614],[-113.176238,45.304736],[-113.175414,45.306357],[-113.174941,45.306948],[-113.17417,45.307509],[-113.173705,45.307975],[-113.172972,45.308295],[-113.171957,45.308875],[-113.170721,45.309848],[-113.170454,45.30992]]}},{"type":"Feature","properties":{"id":"wat-b982","kind":"water","name":"White Creek","acres":null,"editable":false,"source":"USGS 3DHP flowlines (Channel Line)"},"geometry":{"type":"LineString","coordinates":[[-113.032562,45.414497],[-113.032852,45.414272],[-113.033477,45.414115],[-113.034301,45.414024],[-113.035888,45.414058]]}},{"type":"Feature","properties":{"id":"wat-b983","kind":"water","name":"Mason Creek","acres":null,"editable":false,"source":"USGS 3DHP flowlines (Channel Line)"},"geometry":{"type":"LineString","coordinates":[[-113.171774,45.254161],[-113.171454,45.253996],[-113.170248,45.253844],[-113.169234,45.253508],[-113.168074,45.253241],[-113.167044,45.253134],[-113.166067,45.253134],[-113.164984,45.253382],[-113.164587,45.253405],[-113.160948,45.25278],[-113.160421,45.252917],[-113.160032,45.25326],[-113.159918,45.253592],[-113.158857,45.25437],[-113.157598,45.254481],[-113.156477,45.254988],[-113.155248,45.254843],[-113.153348,45.254855],[-113.152614,45.25434]]}},{"type":"Feature","properties":{"id":"wat-b984","kind":"water","name":"Twin Creek","acres":null,"editable":false,"source":"USGS 3DHP flowlines (Channel Line)"},"geometry":{"type":"LineString","coordinates":[[-113.182395,45.391734],[-113.182845,45.391242],[-113.183082,45.390746],[-113.183394,45.388949],[-113.18344,45.387599]]}},{"type":"Feature","properties":{"id":"wat-b985","kind":"water","name":"Bond Creek","acres":null,"editable":false,"source":"USGS 3DHP flowlines (Channel Line)"},"geometry":{"type":"LineString","coordinates":[[-112.907441,45.436162],[-112.906946,45.436142],[-112.906587,45.436277],[-112.906046,45.436756],[-112.905808,45.437186]]}},{"type":"Feature","properties":{"id":"wat-b986","kind":"water","name":"Creek","acres":null,"editable":false,"source":"USGS 3DHP flowlines (Channel Line)"},"geometry":{"type":"LineString","coordinates":[[-112.929781,45.207671],[-112.928638,45.208319]]}},{"type":"Feature","properties":{"id":"wat-b987","kind":"water","name":"Creek","acres":null,"editable":false,"source":"USGS 3DHP flowlines (Channel Line)"},"geometry":{"type":"LineString","coordinates":[[-113.055204,45.188987],[-113.055043,45.188899],[-113.054843,45.188922],[-113.054111,45.189151],[-113.051352,45.189509],[-113.050682,45.189409],[-113.050299,45.189439],[-113.050143,45.189532],[-113.050003,45.189516],[-113.049943,45.189418],[-113.049861,45.189521],[-113.049724,45.189514]]}},{"type":"Feature","properties":{"id":"wat-b988","kind":"water","name":"Dingley Creek","acres":null,"editable":false,"source":"USGS 3DHP flowlines (Channel Line)"},"geometry":{"type":"LineString","coordinates":[[-113.092782,45.429071],[-113.093383,45.428598],[-113.093849,45.428354],[-113.094471,45.428268],[-113.095831,45.427717]]}},{"type":"Feature","properties":{"id":"wat-b989","kind":"water","name":"Lake Creek","acres":null,"editable":false,"source":"USGS 3DHP flowlines (Channel Line)"},"geometry":{"type":"LineString","coordinates":[[-113.03336,45.398035],[-113.034263,45.397571],[-113.034413,45.39731]]}},{"type":"Feature","properties":{"id":"wat-b990","kind":"water","name":"White Creek","acres":null,"editable":false,"source":"USGS 3DHP flowlines (Channel Line)"},"geometry":{"type":"LineString","coordinates":[[-113.023556,45.416808],[-113.024413,45.416335],[-113.02494,45.416172]]}},{"type":"Feature","properties":{"id":"wat-b991","kind":"water","name":"Creek","acres":null,"editable":false,"source":"USGS 3DHP flowlines (Channel Line)"},"geometry":{"type":"LineString","coordinates":[[-113.081319,45.187658],[-113.080877,45.187729],[-113.078853,45.188624],[-113.077739,45.188928],[-113.07703,45.189223],[-113.075104,45.18965],[-113.074511,45.189932],[-113.074163,45.189985],[-113.07365,45.189915],[-113.072918,45.190058],[-113.071198,45.189965],[-113.070311,45.190137],[-113.069672,45.190207],[-113.069172,45.190157],[-113.06845,45.190273],[-113.06672,45.190025]]}},{"type":"Feature","properties":{"id":"wat-b992","kind":"water","name":"Creek","acres":null,"editable":false,"source":"USGS 3DHP flowlines (Channel Line)"},"geometry":{"type":"LineString","coordinates":[[-113.09918,45.408642],[-113.099527,45.408395]]}},{"type":"Feature","properties":{"id":"wat-b993","kind":"water","name":"Creek","acres":null,"editable":false,"source":"USGS 3DHP flowlines (Channel Line)"},"geometry":{"type":"LineString","coordinates":[[-112.923467,45.178816],[-112.924157,45.178411],[-112.924852,45.177793],[-112.925775,45.176572],[-112.926049,45.176099],[-112.926126,45.175695],[-112.926881,45.175233]]}},{"type":"Feature","properties":{"id":"wat-b994","kind":"water","name":"Neagle Creek","acres":null,"editable":false,"source":"USGS 3DHP flowlines (Channel Line)"},"geometry":{"type":"LineString","coordinates":[[-113.133753,45.373456],[-113.133348,45.373073]]}},{"type":"Feature","properties":{"id":"wat-b995","kind":"water","name":"Creek","acres":null,"editable":false,"source":"USGS 3DHP flowlines (Channel Line)"},"geometry":{"type":"LineString","coordinates":[[-113.185522,45.171001],[-113.183751,45.171023],[-113.181866,45.170863],[-113.181408,45.170909],[-113.18063,45.170692],[-113.179638,45.170535],[-113.179302,45.170527],[-113.177998,45.170733],[-113.176762,45.170485],[-113.17606,45.170447],[-113.175152,45.170241],[-113.172752,45.169998]]}},{"type":"Feature","properties":{"id":"wat-b996","kind":"water","name":"Creek","acres":null,"editable":false,"source":"USGS 3DHP flowlines (Channel Line)"},"geometry":{"type":"LineString","coordinates":[[-112.981493,45.301244],[-112.981552,45.300688],[-112.98274,45.299067],[-112.982961,45.298624],[-112.982977,45.298384]]}},{"type":"Feature","properties":{"id":"wat-b997","kind":"water","name":"Creek","acres":null,"editable":false,"source":"USGS 3DHP flowlines (Channel Line)"},"geometry":{"type":"LineString","coordinates":[[-113.034415,45.218473],[-113.035041,45.218496],[-113.035748,45.218196],[-113.036333,45.217204],[-113.03674,45.216999]]}},{"type":"Feature","properties":{"id":"wat-b998","kind":"water","name":"Billings Creek","acres":null,"editable":false,"source":"USGS 3DHP flowlines (Channel Line)"},"geometry":{"type":"LineString","coordinates":[[-113.102252,45.370997],[-113.102464,45.370997]]}},{"type":"Feature","properties":{"id":"wat-b999","kind":"water","name":"Creek","acres":null,"editable":false,"source":"USGS 3DHP flowlines (Channel Line)"},"geometry":{"type":"LineString","coordinates":[[-113.030926,45.41953],[-113.032336,45.418839]]}},{"type":"Feature","properties":{"id":"wat-b1000","kind":"water","name":"Creek","acres":null,"editable":false,"source":"USGS 3DHP flowlines (Channel Line)"},"geometry":{"type":"LineString","coordinates":[[-112.981435,45.301789],[-112.981528,45.301539],[-112.981493,45.301244]]}},{"type":"Feature","properties":{"id":"wat-b1001","kind":"water","name":"Creek","acres":null,"editable":false,"source":"USGS 3DHP flowlines (Channel Line)"},"geometry":{"type":"LineString","coordinates":[[-113.049724,45.189514],[-113.04956,45.189608],[-113.049226,45.189608],[-113.048947,45.189849],[-113.048621,45.189854],[-113.0479,45.190211]]}},{"type":"Feature","properties":{"id":"wat-b1002","kind":"water","name":"Dory Creek","acres":null,"editable":false,"source":"USGS 3DHP flowlines (Channel Line)"},"geometry":{"type":"LineString","coordinates":[[-113.142148,45.428245],[-113.139623,45.428149],[-113.13683,45.427936],[-113.134343,45.427482],[-113.132817,45.427325],[-113.131657,45.427058],[-113.130207,45.426597],[-113.127873,45.425514],[-113.126538,45.424785],[-113.125729,45.42419],[-113.124981,45.423854],[-113.124043,45.423564],[-113.122799,45.423412],[-113.12215,45.423446],[-113.120686,45.423789],[-113.119762,45.423854],[-113.118862,45.424022],[-113.118305,45.423991],[-113.117115,45.424281],[-113.116039,45.424747],[-113.115047,45.425018],[-113.114086,45.425948],[-113.114009,45.426185]]}},{"type":"Feature","properties":{"id":"wat-b1003","kind":"water","name":"Rattlesnake Creek","acres":null,"editable":false,"source":"USGS 3DHP flowlines (Channel Line)"},"geometry":{"type":"LineString","coordinates":[[-112.944166,45.341136],[-112.944408,45.340895],[-112.944599,45.34019],[-112.945087,45.339671],[-112.945148,45.339457],[-112.944873,45.339069],[-112.944725,45.338626],[-112.94476,45.337962],[-112.943728,45.337309],[-112.943587,45.337142],[-112.943648,45.336767],[-112.943346,45.336699],[-112.943433,45.336391],[-112.943679,45.336299],[-112.943476,45.335973],[-112.943476,45.335856],[-112.943606,45.335838]]}},{"type":"Feature","properties":{"id":"wat-b1004","kind":"water","name":"Taylor Creek","acres":null,"editable":false,"source":"USGS 3DHP flowlines (Channel Line)"},"geometry":{"type":"LineString","coordinates":[[-112.982977,45.298384],[-112.98289,45.297958],[-112.983164,45.297274],[-112.983627,45.296609],[-112.983785,45.296164],[-112.983755,45.295134],[-112.983589,45.294161],[-112.983601,45.29371],[-112.983762,45.293654]]}},{"type":"Feature","properties":{"id":"wat-b1005","kind":"water","name":"Cat Creek","acres":null,"editable":false,"source":"USGS 3DHP flowlines (Channel Line)"},"geometry":{"type":"LineString","coordinates":[[-113.011084,45.344927],[-113.01055,45.344901],[-113.009055,45.345008],[-113.00759,45.344931],[-113.006194,45.344679],[-113.005927,45.344699],[-113.005057,45.344851],[-113.003172,45.344981],[-113.001486,45.345332],[-113.00025,45.345397],[-112.999731,45.345568],[-112.998305,45.345843],[-112.997267,45.345973],[-112.995283,45.346076],[-112.994276,45.346385],[-112.993635,45.346785],[-112.992247,45.347277],[-112.99201,45.347304],[-112.991072,45.347033],[-112.990873,45.347071],[-112.990499,45.347327],[-112.989866,45.348197],[-112.989301,45.348475],[-112.987806,45.348937],[-112.987364,45.349166]]}},{"type":"Feature","properties":{"id":"wat-b1006","kind":"water","name":"Harrison Creek","acres":null,"editable":false,"source":"USGS 3DHP flowlines (Channel Line)"},"geometry":{"type":"LineString","coordinates":[[-113.125283,45.290946],[-113.124851,45.291224],[-113.124668,45.291148],[-113.124166,45.291211],[-113.123653,45.29106],[-113.12345,45.290923]]}},{"type":"Feature","properties":{"id":"wat-b1007","kind":"water","name":"Creek","acres":null,"editable":false,"source":"USGS 3DHP flowlines (Channel Line)"},"geometry":{"type":"LineString","coordinates":[[-113.122382,45.253338],[-113.121777,45.253755],[-113.119987,45.25529],[-113.119532,45.255483]]}},{"type":"Feature","properties":{"id":"wat-b1008","kind":"water","name":"Taylor Creek","acres":null,"editable":false,"source":"USGS 3DHP flowlines (Channel Line)"},"geometry":{"type":"LineString","coordinates":[[-113.008935,45.203826],[-113.008913,45.203638],[-113.008537,45.203441],[-113.008518,45.203273],[-113.008594,45.20319],[-113.008886,45.203208],[-113.009248,45.203081],[-113.009289,45.202765],[-113.009455,45.202596],[-113.010643,45.202165],[-113.010884,45.201976],[-113.011493,45.201836],[-113.011402,45.201397],[-113.012023,45.201276],[-113.01203,45.201156],[-113.012264,45.20096],[-113.012658,45.20096],[-113.012628,45.200618],[-113.012922,45.200633],[-113.013125,45.200772],[-113.01341,45.200754],[-113.013834,45.200635],[-113.013993,45.200498],[-113.014199,45.199906],[-113.014681,45.199674],[-113.014828,45.199281],[-113.015278,45.198963],[-113.015442,45.198453],[-113.015729,45.198179],[-113.016055,45.197652],[-113.016606,45.197153],[-113.01743,45.195519],[-113.018626,45.193813],[-113.018983,45.193583],[-113.019456,45.193589],[-113.020062,45.193232],[-113.020093,45.192898],[-113.019481,45.192294],[-113.019667,45.191784],[-113.019861,45.191619],[-113.020071,45.19157],[-113.020288,45.191641],[-113.020497,45.191894],[-113.020637,45.191855],[-113.020777,45.191724],[-113.020886,45.191263],[-113.021281,45.191143],[-113.021452,45.190956],[-113.021879,45.190923],[-113.022205,45.190688],[-113.022726,45.190618],[-113.022783,45.19045],[-113.022586,45.190329],[-113.022562,45.190156],[-113.022733,45.189964],[-113.023036,45.189903],[-113.023346,45.18998],[-113.023417,45.189924]]}},{"type":"Feature","properties":{"id":"wat-b1009","kind":"water","name":"Creek","acres":null,"editable":false,"source":"USGS 3DHP flowlines (Channel Line)"},"geometry":{"type":"LineString","coordinates":[[-113.144307,45.246932],[-113.14426,45.246775]]}},{"type":"Feature","properties":{"id":"wat-b1010","kind":"water","name":"Creek","acres":null,"editable":false,"source":"USGS 3DHP flowlines (Channel Line)"},"geometry":{"type":"LineString","coordinates":[[-112.946538,45.259149],[-112.945596,45.258748],[-112.945393,45.258591],[-112.94528,45.257869],[-112.944897,45.256583],[-112.943948,45.255222]]}},{"type":"Feature","properties":{"id":"wat-b1011","kind":"water","name":"Creek","acres":null,"editable":false,"source":"USGS 3DHP flowlines (Channel Line)"},"geometry":{"type":"LineString","coordinates":[[-112.983045,45.397828],[-112.982792,45.397751]]}},{"type":"Feature","properties":{"id":"wat-b1012","kind":"water","name":"Lake Creek","acres":null,"editable":false,"source":"USGS 3DHP flowlines (Channel Line)"},"geometry":{"type":"LineString","coordinates":[[-113.045372,45.393684],[-113.047066,45.394492],[-113.047524,45.39482],[-113.049172,45.395423],[-113.049462,45.395637],[-113.050019,45.396323],[-113.050492,45.396579],[-113.051606,45.39667],[-113.052399,45.396396],[-113.052987,45.396281],[-113.053795,45.396434],[-113.054734,45.396449],[-113.055039,45.396373],[-113.055382,45.396125]]}},{"type":"Feature","properties":{"id":"wat-b1013","kind":"water","name":"Creek","acres":null,"editable":false,"source":"USGS 3DHP flowlines (Channel Line)"},"geometry":{"type":"LineString","coordinates":[[-113.067125,45.402026],[-113.067743,45.402206],[-113.068445,45.402728],[-113.06965,45.402732],[-113.071489,45.403373],[-113.072076,45.403999],[-113.07274,45.404906],[-113.073389,45.406142]]}},{"type":"Feature","properties":{"id":"wat-b1014","kind":"water","name":"Creek","acres":null,"editable":false,"source":"USGS 3DHP flowlines (Channel Line)"},"geometry":{"type":"LineString","coordinates":[[-113.173544,45.302092],[-113.173178,45.3021],[-113.171667,45.302493],[-113.170714,45.302554],[-113.169974,45.302733],[-113.169394,45.303008],[-113.167654,45.303511],[-113.166334,45.303984],[-113.163992,45.305316],[-113.162474,45.305781],[-113.161268,45.306048]]}},{"type":"Feature","properties":{"id":"wat-b1015","kind":"water","name":"Creek","acres":null,"editable":false,"source":"USGS 3DHP flowlines (Channel Line)"},"geometry":{"type":"LineString","coordinates":[[-112.981207,45.440502],[-112.981068,45.440261],[-112.980405,45.440073],[-112.979551,45.440086],[-112.979115,45.440418],[-112.978734,45.440441],[-112.97852,45.440544],[-112.978359,45.440372],[-112.978109,45.440667],[-112.977796,45.440524],[-112.977543,45.440513],[-112.977109,45.440739],[-112.976842,45.440627],[-112.976712,45.440337],[-112.975446,45.440384],[-112.975331,45.440316],[-112.975179,45.439956],[-112.974148,45.43981],[-112.973752,45.439507],[-112.973438,45.4394],[-112.972454,45.439564],[-112.97189,45.439407],[-112.97089,45.439372],[-112.969556,45.438835],[-112.969266,45.438801],[-112.968281,45.438885],[-112.967251,45.43871],[-112.966182,45.438679],[-112.96375,45.438012],[-112.961468,45.437186],[-112.96046,45.43706]]}},{"type":"Feature","properties":{"id":"wat-b1016","kind":"water","name":"Creek","acres":null,"editable":false,"source":"USGS 3DHP flowlines (Channel Line)"},"geometry":{"type":"LineString","coordinates":[[-113.09746,45.143691],[-113.097357,45.143606]]}},{"type":"Feature","properties":{"id":"wat-b1017","kind":"water","name":"Creek","acres":null,"editable":false,"source":"USGS 3DHP flowlines (Channel Line)"},"geometry":{"type":"LineString","coordinates":[[-113.150195,45.184004],[-113.149844,45.183684]]}},{"type":"Feature","properties":{"id":"wat-b1018","kind":"water","name":"Reservoir Creek","acres":null,"editable":false,"source":"USGS 3DHP flowlines (Channel Line)"},"geometry":{"type":"LineString","coordinates":[[-113.064763,45.163851],[-113.063941,45.163935],[-113.063127,45.163869],[-113.06239,45.163944]]}},{"type":"Feature","properties":{"id":"wat-b1019","kind":"water","name":"Farlin Creek","acres":null,"editable":false,"source":"USGS 3DHP flowlines (Channel Line)"},"geometry":{"type":"LineString","coordinates":[[-113.079298,45.349562],[-113.079554,45.349353]]}},{"type":"Feature","properties":{"id":"wat-b1020","kind":"water","name":"Creek","acres":null,"editable":false,"source":"USGS 3DHP flowlines (Channel Line)"},"geometry":{"type":"LineString","coordinates":[[-113.090519,45.431314],[-113.090656,45.431007]]}},{"type":"Feature","properties":{"id":"wat-b1021","kind":"water","name":"Creek","acres":null,"editable":false,"source":"USGS 3DHP flowlines (Channel Line)"},"geometry":{"type":"LineString","coordinates":[[-113.060568,45.193909],[-113.057403,45.193497],[-113.055774,45.193064],[-113.05506,45.192653],[-113.054051,45.19257],[-113.052988,45.192033],[-113.051832,45.191681],[-113.05129,45.191056],[-113.050785,45.190776],[-113.050359,45.190825],[-113.049459,45.191226],[-113.048791,45.191187],[-113.048202,45.190869],[-113.0479,45.190211]]}},{"type":"Feature","properties":{"id":"wat-b1022","kind":"water","name":"Farlin Creek","acres":null,"editable":false,"source":"USGS 3DHP flowlines (Channel Line)"},"geometry":{"type":"LineString","coordinates":[[-113.079554,45.349353],[-113.07947,45.349139],[-113.079546,45.348784],[-113.080217,45.348456],[-113.081339,45.347464],[-113.083689,45.345942],[-113.084597,45.346072],[-113.085589,45.346534],[-113.086298,45.346724],[-113.087824,45.346858],[-113.09022,45.346843],[-113.090914,45.346892],[-113.091677,45.347113],[-113.091975,45.347094]]}},{"type":"Feature","properties":{"id":"wat-b1023","kind":"water","name":"Driscoll Creek","acres":null,"editable":false,"source":"USGS 3DHP flowlines (Channel Line)"},"geometry":{"type":"LineString","coordinates":[[-113.102062,45.313608],[-113.102809,45.312693],[-113.104773,45.31202]]}},{"type":"Feature","properties":{"id":"wat-b1024","kind":"water","name":"Creek","acres":null,"editable":false,"source":"USGS 3DHP flowlines (Channel Line)"},"geometry":{"type":"LineString","coordinates":[[-112.994869,45.173887],[-112.994961,45.173578],[-112.994854,45.173326],[-112.994312,45.17307],[-112.994229,45.172636],[-112.993351,45.171842],[-112.993519,45.171403],[-112.99371,45.171197],[-112.993763,45.170892],[-112.994221,45.169893],[-112.994831,45.168909],[-112.994984,45.167936],[-112.995312,45.16702],[-112.995953,45.166357],[-112.996059,45.166139],[-112.995945,45.165269],[-112.996281,45.164411],[-112.996204,45.163946],[-112.996349,45.163785],[-112.99612,45.163179],[-112.996273,45.162794],[-112.996578,45.16258],[-112.996738,45.162321]]}},{"type":"Feature","properties":{"id":"wat-b1025","kind":"water","name":"Creek","acres":null,"editable":false,"source":"USGS 3DHP flowlines (Channel Line)"},"geometry":{"type":"LineString","coordinates":[[-113.013834,45.363879],[-113.013342,45.364034]]}},{"type":"Feature","properties":{"id":"wat-b1026","kind":"water","name":"Creek","acres":null,"editable":false,"source":"USGS 3DHP flowlines (Channel Line)"},"geometry":{"type":"LineString","coordinates":[[-112.895791,45.43501],[-112.895081,45.433658],[-112.894822,45.433419],[-112.894395,45.433235]]}},{"type":"Feature","properties":{"id":"wat-b1027","kind":"water","name":"Rattlesnake Creek","acres":null,"editable":false,"source":"USGS 3DHP flowlines (Channel Line)"},"geometry":{"type":"LineString","coordinates":[[-112.876329,45.285505],[-112.875941,45.285514],[-112.875268,45.285708],[-112.874767,45.285703]]}},{"type":"Feature","properties":{"id":"wat-b1028","kind":"water","name":"Creek","acres":null,"editable":false,"source":"USGS 3DHP flowlines (Channel Line)"},"geometry":{"type":"LineString","coordinates":[[-112.984839,45.359027],[-112.983381,45.358817],[-112.982641,45.358638],[-112.980846,45.357736]]}},{"type":"Feature","properties":{"id":"wat-b1029","kind":"water","name":"Dyce Creek","acres":null,"editable":false,"source":"USGS 3DHP flowlines (Channel Line)"},"geometry":{"type":"LineString","coordinates":[[-113.035867,45.256631],[-113.035702,45.256383]]}},{"type":"Feature","properties":{"id":"wat-b1030","kind":"water","name":"Rattlesnake Creek","acres":null,"editable":false,"source":"USGS 3DHP flowlines (Channel Line)"},"geometry":{"type":"LineString","coordinates":[[-112.972177,45.401912],[-112.971051,45.402072],[-112.970606,45.401973]]}},{"type":"Feature","properties":{"id":"wat-b1031","kind":"water","name":"Creek","acres":null,"editable":false,"source":"USGS 3DHP flowlines (Channel Line)"},"geometry":{"type":"LineString","coordinates":[[-113.012481,45.337225],[-113.014396,45.336298],[-113.015548,45.335455],[-113.015937,45.334944],[-113.015845,45.334433],[-113.015616,45.333952],[-113.015662,45.333548],[-113.015281,45.332835],[-113.014892,45.331583],[-113.014248,45.331056],[-113.014266,45.330906]]}},{"type":"Feature","properties":{"id":"wat-b1032","kind":"water","name":"Cottonwood Creek","acres":null,"editable":false,"source":"USGS 3DHP flowlines (Channel Line)"},"geometry":{"type":"LineString","coordinates":[[-113.158843,45.377247],[-113.158472,45.377318]]}},{"type":"Feature","properties":{"id":"wat-b1033","kind":"water","name":"Creek","acres":null,"editable":false,"source":"USGS 3DHP flowlines (Channel Line)"},"geometry":{"type":"LineString","coordinates":[[-113.137918,45.157805],[-113.13476,45.157641],[-113.132013,45.157618],[-113.130945,45.157645],[-113.128259,45.157874],[-113.125963,45.157607],[-113.124196,45.157637],[-113.123197,45.15747],[-113.121025,45.157298],[-113.119842,45.156513],[-113.118991,45.156102],[-113.118818,45.155882],[-113.118717,45.155341],[-113.11829,45.154836]]}},{"type":"Feature","properties":{"id":"wat-b1034","kind":"water","name":"Creek","acres":null,"editable":false,"source":"USGS 3DHP flowlines (Channel Line)"},"geometry":{"type":"LineString","coordinates":[[-113.063928,45.217756],[-113.063576,45.217947],[-113.063299,45.218351],[-113.06275,45.218458],[-113.062186,45.218779],[-113.0616,45.219421],[-113.060551,45.220178],[-113.059908,45.220421],[-113.059487,45.220471]]}},{"type":"Feature","properties":{"id":"wat-b1035","kind":"water","name":"Cold Spring Creek","acres":null,"editable":false,"source":"USGS 3DHP flowlines (Channel Line)"},"geometry":{"type":"LineString","coordinates":[[-112.935119,45.165208],[-112.93519,45.164949]]}},{"type":"Feature","properties":{"id":"wat-b1036","kind":"water","name":"Creek","acres":null,"editable":false,"source":"USGS 3DHP flowlines (Channel Line)"},"geometry":{"type":"LineString","coordinates":[[-113.14426,45.246775],[-113.144015,45.246337],[-113.14401,45.246064],[-113.143489,45.245621]]}},{"type":"Feature","properties":{"id":"wat-b1037","kind":"water","name":"Creek","acres":null,"editable":false,"source":"USGS 3DHP flowlines (Channel Line)"},"geometry":{"type":"LineString","coordinates":[[-112.985945,45.401732],[-112.985204,45.40224],[-112.984751,45.402331]]}},{"type":"Feature","properties":{"id":"wat-b1038","kind":"water","name":"Buffalo Creek","acres":null,"editable":false,"source":"USGS 3DHP flowlines (Channel Line)"},"geometry":{"type":"LineString","coordinates":[[-113.139277,45.179362],[-113.138186,45.180171],[-113.137248,45.180552],[-113.136248,45.181208],[-113.13399,45.181925],[-113.133227,45.181906],[-113.132687,45.18199]]}},{"type":"Feature","properties":{"id":"wat-b1039","kind":"water","name":"Reservoir Creek","acres":null,"editable":false,"source":"USGS 3DHP flowlines (Channel Line)"},"geometry":{"type":"LineString","coordinates":[[-113.053225,45.162619],[-113.052876,45.16224],[-113.052373,45.161918]]}},{"type":"Feature","properties":{"id":"wat-b1040","kind":"water","name":"Creek","acres":null,"editable":false,"source":"USGS 3DHP flowlines (Channel Line)"},"geometry":{"type":"LineString","coordinates":[[-113.059951,45.189572],[-113.059619,45.189544],[-113.058487,45.189188]]}},{"type":"Feature","properties":{"id":"wat-b1041","kind":"water","name":"Creek","acres":null,"editable":false,"source":"USGS 3DHP flowlines (Channel Line)"},"geometry":{"type":"LineString","coordinates":[[-113.158201,45.141422],[-113.158039,45.141249],[-113.157457,45.141026],[-113.157346,45.140877],[-113.157017,45.140865],[-113.156482,45.140478]]}},{"type":"Feature","properties":{"id":"wat-b1042","kind":"water","name":"Clark Creek","acres":null,"editable":false,"source":"USGS 3DHP flowlines (Channel Line)"},"geometry":{"type":"LineString","coordinates":[[-113.099616,45.419571],[-113.100337,45.419124],[-113.101008,45.418895],[-113.10138,45.418611]]}},{"type":"Feature","properties":{"id":"wat-b1043","kind":"water","name":"Taylor Creek","acres":null,"editable":false,"source":"USGS 3DHP flowlines (Channel Line)"},"geometry":{"type":"LineString","coordinates":[[-113.000332,45.209201],[-113.000884,45.208427]]}},{"type":"Feature","properties":{"id":"wat-b1044","kind":"water","name":"Creek","acres":null,"editable":false,"source":"USGS 3DHP flowlines (Channel Line)"},"geometry":{"type":"LineString","coordinates":[[-113.10494,45.154058],[-113.104398,45.154408]]}},{"type":"Feature","properties":{"id":"wat-b1045","kind":"water","name":"Creek","acres":null,"editable":false,"source":"USGS 3DHP flowlines (Channel Line)"},"geometry":{"type":"LineString","coordinates":[[-113.035487,45.417708],[-113.035988,45.416698],[-113.037224,45.41616],[-113.037864,45.416042],[-113.03921,45.415638]]}},{"type":"Feature","properties":{"id":"wat-b1046","kind":"water","name":"Creek","acres":null,"editable":false,"source":"USGS 3DHP flowlines (Channel Line)"},"geometry":{"type":"LineString","coordinates":[[-113.016677,45.317026],[-113.017486,45.316775],[-113.017715,45.316775],[-113.019927,45.317538],[-113.021522,45.317549],[-113.022506,45.317309],[-113.023788,45.316351],[-113.025001,45.314947],[-113.025543,45.314494],[-113.025795,45.314078],[-113.025947,45.313052],[-113.026428,45.311453],[-113.026062,45.31053],[-113.026176,45.3095],[-113.026405,45.309241],[-113.027145,45.30881],[-113.027511,45.307688],[-113.028404,45.306933],[-113.030266,45.304571],[-113.030922,45.304209],[-113.031464,45.304286]]}},{"type":"Feature","properties":{"id":"wat-b1047","kind":"water","name":"Birch Creek","acres":null,"editable":false,"source":"USGS 3DHP flowlines (Channel Line)"},"geometry":{"type":"LineString","coordinates":[[-112.876541,45.434738],[-112.875741,45.434651],[-112.875161,45.434044],[-112.874428,45.43388],[-112.873787,45.433461],[-112.873215,45.433261],[-112.872528,45.433209],[-112.871941,45.433518],[-112.871278,45.433088],[-112.871018,45.433125],[-112.870658,45.433319],[-112.870239,45.433381],[-112.869996,45.43335],[-112.86943,45.433097],[-112.86911,45.433041],[-112.868454,45.433111],[-112.867294,45.432862],[-112.86663,45.432358],[-112.866005,45.432124],[-112.865136,45.43161],[-112.864441,45.431355],[-112.863258,45.431134],[-112.863029,45.43098],[-112.86277,45.430405],[-112.861336,45.429615],[-112.860884,45.429081],[-112.860871,45.42807],[-112.860375,45.427628],[-112.860076,45.42701],[-112.859489,45.426757],[-112.858893,45.426362],[-112.858764,45.425969],[-112.858458,45.425546],[-112.85794,45.424156],[-112.857978,45.423859],[-112.857674,45.423447],[-112.857689,45.42225],[-112.857605,45.422034],[-112.857024,45.421493],[-112.856064,45.421178],[-112.855895,45.420701],[-112.855278,45.420048],[-112.855186,45.419808],[-112.85543,45.418358],[-112.855384,45.417572],[-112.855254,45.417252],[-112.854889,45.416939],[-112.854804,45.416573],[-112.854194,45.415524]]}},{"type":"Feature","properties":{"id":"wat-b1048","kind":"water","name":"Creek","acres":null,"editable":false,"source":"USGS 3DHP flowlines (Channel Line)"},"geometry":{"type":"LineString","coordinates":[[-113.064445,45.167742],[-113.060824,45.167545],[-113.059513,45.167155],[-113.058559,45.167111],[-113.056528,45.16642],[-113.055364,45.166376],[-113.054124,45.166041],[-113.053178,45.16597],[-113.05203,45.165772],[-113.050999,45.165734],[-113.047912,45.166002],[-113.046726,45.166019],[-113.045028,45.165887],[-113.044244,45.165931],[-113.043841,45.166024],[-113.042515,45.166654],[-113.041328,45.166901],[-113.040832,45.166879],[-113.039793,45.166484],[-113.039328,45.16644],[-113.03887,45.166495],[-113.038482,45.166637],[-113.038126,45.166884],[-113.037753,45.16752],[-113.037303,45.167778],[-113.037109,45.167981],[-113.035853,45.168316]]}},{"type":"Feature","properties":{"id":"wat-b1049","kind":"water","name":"Creek","acres":null,"editable":false,"source":"USGS 3DHP flowlines (Channel Line)"},"geometry":{"type":"LineString","coordinates":[[-113.133639,45.155996],[-113.130071,45.156129],[-113.127999,45.155918],[-113.126901,45.15597],[-113.125951,45.15589],[-113.125144,45.15594],[-113.123849,45.155861],[-113.120367,45.155429],[-113.11829,45.154836]]}},{"type":"Feature","properties":{"id":"wat-b1050","kind":"water","name":"Old Tim Creek","acres":null,"editable":false,"source":"USGS 3DHP flowlines (Channel Line)"},"geometry":{"type":"LineString","coordinates":[[-113.196159,45.40136],[-113.1959,45.402031],[-113.19558,45.403574],[-113.195419,45.406699],[-113.195495,45.408114],[-113.195397,45.409068],[-113.196334,45.411408],[-113.19664,45.412539],[-113.196929,45.414772],[-113.196693,45.416041],[-113.196755,45.416699],[-113.197136,45.417786],[-113.197143,45.418567],[-113.197639,45.419383],[-113.197814,45.419896],[-113.1978,45.421047],[-113.198006,45.422157],[-113.198044,45.423572],[-113.197876,45.425043],[-113.197006,45.428374],[-113.197426,45.430824],[-113.197479,45.432827]]}},{"type":"Feature","properties":{"id":"wat-b1051","kind":"water","name":"Dyce Creek","acres":null,"editable":false,"source":"USGS 3DHP flowlines (Channel Line)"},"geometry":{"type":"LineString","coordinates":[[-113.03702,45.251344],[-113.037308,45.250631],[-113.037697,45.25028],[-113.037947,45.249854],[-113.038445,45.249317],[-113.038643,45.249138],[-113.039001,45.248998],[-113.0393,45.248348]]}},{"type":"Feature","properties":{"id":"wat-b1052","kind":"water","name":"Clark Creek","acres":null,"editable":false,"source":"USGS 3DHP flowlines (Channel Line)"},"geometry":{"type":"LineString","coordinates":[[-113.035589,45.43511],[-113.035739,45.435157]]}},{"type":"Feature","properties":{"id":"wat-b1053","kind":"water","name":"Creek","acres":null,"editable":false,"source":"USGS 3DHP flowlines (Channel Line)"},"geometry":{"type":"LineString","coordinates":[[-112.887557,45.217011],[-112.886612,45.216896]]}},{"type":"Feature","properties":{"id":"wat-b1054","kind":"water","name":"Creek","acres":null,"editable":false,"source":"USGS 3DHP flowlines (Channel Line)"},"geometry":{"type":"LineString","coordinates":[[-112.998924,45.381044],[-112.998638,45.380992]]}},{"type":"Feature","properties":{"id":"wat-b1055","kind":"water","name":"Rattlesnake Creek","acres":null,"editable":false,"source":"USGS 3DHP flowlines (Channel Line)"},"geometry":{"type":"LineString","coordinates":[[-112.984924,45.405279],[-112.984291,45.405374]]}},{"type":"Feature","properties":{"id":"wat-b1056","kind":"water","name":"Creek","acres":null,"editable":false,"source":"USGS 3DHP flowlines (Channel Line)"},"geometry":{"type":"LineString","coordinates":[[-113.04588,45.402027],[-113.046273,45.402156],[-113.04662,45.402163]]}},{"type":"Feature","properties":{"id":"wat-b1057","kind":"water","name":"Shale Creek","acres":null,"editable":false,"source":"USGS 3DHP flowlines (Channel Line)"},"geometry":{"type":"LineString","coordinates":[[-113.166271,45.427481],[-113.165613,45.427267]]}},{"type":"Feature","properties":{"id":"wat-b1058","kind":"water","name":"Creek","acres":null,"editable":false,"source":"USGS 3DHP flowlines (Channel Line)"},"geometry":{"type":"LineString","coordinates":[[-113.149456,45.183441],[-113.148326,45.182936],[-113.147235,45.182162],[-113.146068,45.18162],[-113.14548,45.181254],[-113.145015,45.181082],[-113.142592,45.179749]]}},{"type":"Feature","properties":{"id":"wat-b1059","kind":"water","name":"Harrison Creek","acres":null,"editable":false,"source":"USGS 3DHP flowlines (Channel Line)"},"geometry":{"type":"LineString","coordinates":[[-113.189004,45.269002],[-113.188788,45.269049],[-113.18856,45.269217],[-113.188163,45.269297],[-113.186194,45.269271],[-113.185615,45.269202],[-113.182784,45.269347],[-113.181868,45.269641],[-113.181174,45.270068],[-113.180678,45.270125],[-113.180129,45.270049],[-113.179869,45.270117],[-113.178954,45.270526],[-113.177504,45.271746],[-113.176482,45.27217],[-113.175429,45.272811],[-113.173491,45.273368],[-113.172484,45.273471],[-113.171355,45.273169],[-113.170119,45.273036],[-113.169584,45.273066],[-113.167708,45.272837],[-113.1649,45.272849],[-113.164648,45.272936],[-113.163954,45.273516],[-113.162924,45.274089],[-113.161528,45.274375],[-113.160848,45.274611],[-113.16036,45.274966],[-113.159872,45.275088],[-113.159254,45.275416],[-113.158354,45.275641],[-113.15666,45.276263],[-113.156362,45.276282],[-113.155393,45.276049],[-113.154684,45.275778],[-113.153501,45.275775],[-113.152509,45.275626],[-113.151853,45.275702],[-113.150731,45.275488],[-113.149488,45.275359],[-113.148107,45.274966],[-113.145963,45.274161],[-113.145337,45.274046],[-113.144101,45.273631],[-113.143613,45.273325],[-113.143048,45.273196],[-113.142362,45.272616],[-113.141507,45.272227],[-113.14092,45.271632],[-113.14079,45.271384],[-113.140592,45.270911],[-113.140576,45.270449],[-113.140393,45.269911],[-113.139386,45.269305],[-113.139119,45.268878],[-113.13905,45.26858],[-113.139287,45.267844],[-113.13902,45.266985],[-113.138883,45.266123],[-113.139058,45.265528],[-113.138593,45.264929]]}},{"type":"Feature","properties":{"id":"wat-b1060","kind":"water","name":"Creek","acres":null,"editable":false,"source":"USGS 3DHP flowlines (Channel Line)"},"geometry":{"type":"LineString","coordinates":[[-113.013342,45.364034],[-113.012472,45.36447]]}},{"type":"Feature","properties":{"id":"wat-b1061","kind":"water","name":"Divide Creek","acres":null,"editable":false,"source":"USGS 3DHP flowlines (Channel Line)"},"geometry":{"type":"LineString","coordinates":[[-113.198845,45.328822],[-113.197845,45.328834],[-113.196952,45.328757],[-113.195544,45.328257],[-113.19412,45.328145],[-113.193191,45.327994],[-113.191718,45.328032],[-113.19065,45.327842]]}},{"type":"Feature","properties":{"id":"wat-b1062","kind":"water","name":"Creek","acres":null,"editable":false,"source":"USGS 3DHP flowlines (Channel Line)"},"geometry":{"type":"LineString","coordinates":[[-113.177855,45.440272],[-113.179861,45.440394],[-113.18061,45.440329],[-113.182152,45.439937],[-113.183157,45.439819],[-113.187461,45.439891],[-113.188705,45.439757],[-113.190413,45.439082],[-113.19207,45.438173],[-113.194069,45.436983],[-113.195099,45.436178],[-113.196045,45.435588],[-113.197898,45.435031],[-113.199905,45.434279]]}},{"type":"Feature","properties":{"id":"wat-b1063","kind":"water","name":"Mason Creek","acres":null,"editable":false,"source":"USGS 3DHP flowlines (Channel Line)"},"geometry":{"type":"LineString","coordinates":[[-113.119765,45.255455],[-113.119532,45.255483]]}},{"type":"Feature","properties":{"id":"wat-b1064","kind":"water","name":"Rattlesnake Creek","acres":null,"editable":false,"source":"USGS 3DHP flowlines (Channel Line)"},"geometry":{"type":"LineString","coordinates":[[-112.922118,45.301131],[-112.922026,45.301061],[-112.921898,45.30112]]}},{"type":"Feature","properties":{"id":"wat-b1065","kind":"water","name":"Creek","acres":null,"editable":false,"source":"USGS 3DHP flowlines (Channel Line)"},"geometry":{"type":"LineString","coordinates":[[-112.895349,45.313709],[-112.89547,45.313606]]}},{"type":"Feature","properties":{"id":"wat-b1066","kind":"water","name":"Buffalo Creek","acres":null,"editable":false,"source":"USGS 3DHP flowlines (Channel Line)"},"geometry":{"type":"LineString","coordinates":[[-113.196709,45.158278],[-113.196583,45.158155]]}},{"type":"Feature","properties":{"id":"wat-b1067","kind":"water","name":"Creek","acres":null,"editable":false,"source":"USGS 3DHP flowlines (Channel Line)"},"geometry":{"type":"LineString","coordinates":[[-113.193432,45.148959],[-113.193211,45.148498],[-113.192028,45.147079],[-113.191769,45.146171],[-113.191555,45.145881],[-113.19083,45.145263],[-113.189365,45.144294],[-113.187999,45.14257],[-113.187755,45.142013],[-113.187755,45.141093],[-113.187671,45.140819],[-113.187206,45.140556],[-113.185825,45.140441]]}},{"type":"Feature","properties":{"id":"wat-b1068","kind":"water","name":"Creek","acres":null,"editable":false,"source":"USGS 3DHP flowlines (Channel Line)"},"geometry":{"type":"LineString","coordinates":[[-113.159741,45.142309],[-113.159621,45.142007],[-113.159278,45.14172],[-113.159346,45.141596],[-113.159192,45.141528],[-113.158989,45.141549]]}},{"type":"Feature","properties":{"id":"wat-b1069","kind":"water","name":"Creek","acres":null,"editable":false,"source":"USGS 3DHP flowlines (Channel Line)"},"geometry":{"type":"LineString","coordinates":[[-113.078439,45.181247],[-113.077183,45.181488],[-113.076229,45.181884],[-113.07557,45.182048],[-113.074034,45.182932],[-113.072816,45.183239],[-113.071552,45.183733],[-113.07111,45.184045],[-113.070606,45.184813],[-113.070156,45.185154],[-113.068341,45.185856],[-113.067022,45.186476],[-113.06644,45.186838],[-113.065967,45.187332],[-113.065866,45.187732],[-113.066037,45.188303],[-113.066689,45.189087],[-113.066912,45.189667]]}},{"type":"Feature","properties":{"id":"wat-b1070","kind":"water","name":"Creek","acres":null,"editable":false,"source":"USGS 3DHP flowlines (Channel Line)"},"geometry":{"type":"LineString","coordinates":[[-112.927636,45.173799],[-112.927972,45.173231]]}},{"type":"Feature","properties":{"id":"wat-b1071","kind":"water","name":"Creek","acres":null,"editable":false,"source":"USGS 3DHP flowlines (Channel Line)"},"geometry":{"type":"LineString","coordinates":[[-112.88774,45.165052],[-112.887275,45.164773],[-112.886466,45.163942],[-112.885909,45.163705],[-112.885306,45.163556],[-112.884994,45.163007],[-112.884223,45.162667],[-112.884086,45.162465],[-112.88417,45.162183],[-112.884513,45.16174],[-112.885039,45.16155],[-112.885428,45.161252],[-112.886603,45.160718],[-112.88713,45.160299],[-112.887343,45.159871],[-112.887465,45.158971],[-112.887763,45.158693],[-112.888213,45.158597],[-112.888953,45.158754],[-112.889266,45.158693],[-112.889953,45.158097],[-112.890685,45.157804],[-112.89109,45.157064],[-112.891044,45.156423],[-112.890746,45.15587],[-112.890403,45.155572],[-112.889235,45.155282],[-112.888755,45.155053],[-112.887946,45.155091],[-112.887626,45.154962],[-112.887557,45.154691],[-112.887648,45.154439],[-112.889113,45.15331],[-112.889457,45.152261],[-112.889327,45.151673],[-112.888953,45.151094],[-112.88877,45.150945],[-112.887938,45.150636],[-112.887763,45.150498],[-112.887343,45.149652],[-112.887473,45.148973],[-112.888098,45.14829],[-112.888455,45.148227],[-112.888826,45.147822],[-112.88905,45.14777],[-112.889592,45.14738],[-112.889759,45.147004],[-112.889954,45.146904],[-112.889901,45.146799],[-112.890149,45.146656],[-112.889878,45.146518],[-112.89003,45.146166],[-112.89022,45.146028],[-112.890092,45.145938],[-112.890325,45.145567],[-112.890273,45.145262],[-112.890415,45.145224],[-112.890292,45.144957],[-112.890392,45.144743],[-112.890625,45.144658],[-112.890582,45.144334],[-112.890967,45.144063],[-112.890948,45.143849],[-112.891067,45.143606],[-112.891524,45.143482],[-112.891562,45.143382],[-112.89221,45.143016],[-112.892314,45.14283],[-112.892215,45.142388],[-112.8924,45.142311],[-112.892842,45.141855],[-112.893085,45.141826],[-112.893618,45.141498],[-112.894004,45.141526],[-112.894089,45.141284],[-112.893975,45.141141],[-112.893975,45.140798],[-112.894146,45.140722],[-112.894104,45.140593],[-112.894589,45.140356],[-112.894622,45.139861],[-112.89497,45.139775],[-112.89507,45.13968],[-112.895388,45.139803],[-112.895774,45.139803],[-112.896036,45.139632],[-112.89674,45.139585],[-112.897049,45.139385],[-112.897216,45.139247],[-112.897206,45.139018],[-112.897411,45.138966],[-112.897544,45.138833],[-112.897402,45.138166],[-112.897511,45.138086],[-112.897525,45.137862],[-112.897806,45.137695],[-112.897839,45.137429],[-112.89803,45.137529],[-112.898082,45.137357],[-112.898439,45.137234],[-112.898425,45.1371],[-112.898567,45.137005],[-112.898886,45.137],[-112.899286,45.136529],[-112.899724,45.136563],[-112.900485,45.13622],[-112.900609,45.136025],[-112.901061,45.135911],[-112.901237,45.135573],[-112.901627,45.135401],[-112.901804,45.135102],[-112.902108,45.134997],[-112.90237,45.134692],[-112.902139,45.134197],[-112.90221,45.133906],[-112.903022,45.133703]]}},{"type":"Feature","properties":{"id":"wat-b1072","kind":"water","name":"Harrison Creek","acres":null,"editable":false,"source":"USGS 3DHP flowlines (Channel Line)"},"geometry":{"type":"LineString","coordinates":[[-113.125938,45.290528],[-113.125542,45.290784]]}},{"type":"Feature","properties":{"id":"wat-b1073","kind":"water","name":"South Fork Thief Creek","acres":null,"editable":false,"source":"USGS 3DHP flowlines (Channel Line)"},"geometry":{"type":"LineString","coordinates":[[-112.912401,45.393616],[-112.91031,45.395663],[-112.9096,45.396144],[-112.908556,45.396644],[-112.908037,45.397189],[-112.907023,45.397925],[-112.906099,45.398444],[-112.905129,45.399177],[-112.903642,45.400775],[-112.903223,45.401562],[-112.903032,45.402299],[-112.902338,45.403655]]}},{"type":"Feature","properties":{"id":"wat-b1074","kind":"water","name":"Billings Creek","acres":null,"editable":false,"source":"USGS 3DHP flowlines (Channel Line)"},"geometry":{"type":"LineString","coordinates":[[-113.104208,45.371137],[-113.104442,45.371133]]}},{"type":"Feature","properties":{"id":"wat-b1075","kind":"water","name":"Brays Canyon Creek","acres":null,"editable":false,"source":"USGS 3DHP flowlines (Channel Line)"},"geometry":{"type":"LineString","coordinates":[[-113.135615,45.187746],[-113.134841,45.187145]]}},{"type":"Feature","properties":{"id":"wat-b1076","kind":"water","name":"Creek","acres":null,"editable":false,"source":"USGS 3DHP flowlines (Channel Line)"},"geometry":{"type":"LineString","coordinates":[[-113.073709,45.420162],[-113.075143,45.41793],[-113.075304,45.417182],[-113.07567,45.416682],[-113.07583,45.416206],[-113.075929,45.415485],[-113.076364,45.414798],[-113.076219,45.414241]]}},{"type":"Feature","properties":{"id":"wat-b1077","kind":"water","name":"Creek","acres":null,"editable":false,"source":"USGS 3DHP flowlines (Channel Line)"},"geometry":{"type":"LineString","coordinates":[[-113.114055,45.417262],[-113.113735,45.417239]]}},{"type":"Feature","properties":{"id":"wat-b1078","kind":"water","name":"Lake Creek","acres":null,"editable":false,"source":"USGS 3DHP flowlines (Channel Line)"},"geometry":{"type":"LineString","coordinates":[[-113.035955,45.396098],[-113.036903,45.395824],[-113.037834,45.395881],[-113.038216,45.395763],[-113.038399,45.39561],[-113.038422,45.394794],[-113.038528,45.394645],[-113.039996,45.394758]]}},{"type":"Feature","properties":{"id":"wat-b1079","kind":"water","name":"Creek","acres":null,"editable":false,"source":"USGS 3DHP flowlines (Channel Line)"},"geometry":{"type":"LineString","coordinates":[[-112.998603,45.196413],[-112.999089,45.196679],[-113.000063,45.196883],[-113.00168,45.19608],[-113.001948,45.195641],[-113.002312,45.195309],[-113.00334,45.194805],[-113.004257,45.194092],[-113.005072,45.193725],[-113.005841,45.192721],[-113.00647,45.192222],[-113.007084,45.191186],[-113.008016,45.19021],[-113.008452,45.188471],[-113.008336,45.187549],[-113.008709,45.187056],[-113.008865,45.186436],[-113.009253,45.186085],[-113.009789,45.185158],[-113.009929,45.184731],[-113.009124,45.183013],[-113.008838,45.181883],[-113.008443,45.180945],[-113.008141,45.180484],[-113.007343,45.179671],[-113.007296,45.179518],[-113.007747,45.179035],[-113.007856,45.17796],[-113.00833,45.17722],[-113.009347,45.176299],[-113.009681,45.175668],[-113.010077,45.17546],[-113.010643,45.174895],[-113.011365,45.174648],[-113.011528,45.174511],[-113.011676,45.174182],[-113.011863,45.172526],[-113.012399,45.171983],[-113.012632,45.171149],[-113.013121,45.170469],[-113.013283,45.169994]]}},{"type":"Feature","properties":{"id":"wat-b1080","kind":"water","name":"Rattlesnake Creek","acres":null,"editable":false,"source":"USGS 3DHP flowlines (Channel Line)"},"geometry":{"type":"LineString","coordinates":[[-112.94453,45.342898],[-112.944523,45.342749],[-112.943919,45.342437],[-112.9435,45.34187]]}},{"type":"Feature","properties":{"id":"wat-b1081","kind":"water","name":"Hayes Creek","acres":null,"editable":false,"source":"USGS 3DHP flowlines (Channel Line)"},"geometry":{"type":"LineString","coordinates":[[-113.104598,45.224931],[-113.103417,45.224959],[-113.101675,45.225235],[-113.101304,45.225434],[-113.10059,45.22533],[-113.099895,45.225787],[-113.099857,45.225939],[-113.099553,45.225939],[-113.098867,45.226167],[-113.098877,45.226301],[-113.098668,45.226386],[-113.098658,45.2265],[-113.098074,45.226507]]}},{"type":"Feature","properties":{"id":"wat-b1082","kind":"water","name":"Middle Creek","acres":null,"editable":false,"source":"USGS 3DHP flowlines (Channel Line)"},"geometry":{"type":"LineString","coordinates":[[-113.152521,45.310417],[-113.152162,45.310691]]}},{"type":"Feature","properties":{"id":"wat-b1083","kind":"water","name":"Creek","acres":null,"editable":false,"source":"USGS 3DHP flowlines (Channel Line)"},"geometry":{"type":"LineString","coordinates":[[-113.10469,45.143445],[-113.104588,45.143384],[-113.104131,45.143379],[-113.102605,45.144114],[-113.101372,45.144202],[-113.099458,45.144642],[-113.099047,45.144626],[-113.098636,45.144511],[-113.097853,45.144105],[-113.09746,45.143691]]}},{"type":"Feature","properties":{"id":"wat-b1084","kind":"water","name":"Creek","acres":null,"editable":false,"source":"USGS 3DHP flowlines (Channel Line)"},"geometry":{"type":"LineString","coordinates":[[-113.159215,45.188671],[-113.158275,45.188321]]}},{"type":"Feature","properties":{"id":"wat-b1085","kind":"water","name":"Clark Creek","acres":null,"editable":false,"source":"USGS 3DHP flowlines (Channel Line)"},"geometry":{"type":"LineString","coordinates":[[-113.053719,45.428581],[-113.054719,45.428436],[-113.055733,45.42852],[-113.056618,45.428493],[-113.058022,45.428249],[-113.059052,45.428172],[-113.061418,45.42818],[-113.062188,45.427932],[-113.063523,45.427223],[-113.065377,45.42675]]}},{"type":"Feature","properties":{"id":"wat-b1086","kind":"water","name":"Snyder Creek","acres":null,"editable":false,"source":"USGS 3DHP flowlines (Channel Line)"},"geometry":{"type":"LineString","coordinates":[[-113.136967,45.396319],[-113.134411,45.394954],[-113.132626,45.393699],[-113.129841,45.392253],[-113.128636,45.39133],[-113.126187,45.39025],[-113.125332,45.389659],[-113.124485,45.389361],[-113.123898,45.389045],[-113.123325,45.3889],[-113.121395,45.388045],[-113.119152,45.387622],[-113.118175,45.387103],[-113.117328,45.386836],[-113.116298,45.386622],[-113.115319,45.386235]]}},{"type":"Feature","properties":{"id":"wat-b1087","kind":"water","name":"Creek","acres":null,"editable":false,"source":"USGS 3DHP flowlines (Channel Line)"},"geometry":{"type":"LineString","coordinates":[[-113.051131,45.400408],[-113.051949,45.400497],[-113.052819,45.400184],[-113.053605,45.400165],[-113.054719,45.399467],[-113.054856,45.399131],[-113.055199,45.398975],[-113.055207,45.398715],[-113.056123,45.397895],[-113.055939,45.396987],[-113.055382,45.396125]]}},{"type":"Feature","properties":{"id":"wat-b1088","kind":"water","name":"French Creek","acres":null,"editable":false,"source":"USGS 3DHP flowlines (Channel Line)"},"geometry":{"type":"LineString","coordinates":[[-112.899126,45.363696],[-112.899095,45.363246],[-112.899599,45.361556],[-112.900789,45.359805],[-112.901102,45.358974],[-112.901186,45.35786],[-112.901422,45.356925],[-112.901467,45.355639],[-112.901126,45.35503],[-112.901112,45.354689],[-112.901887,45.353551],[-112.902422,45.35306],[-112.902518,45.352854],[-112.902326,45.352238],[-112.902401,45.352071],[-112.90261,45.352092]]}},{"type":"Feature","properties":{"id":"wat-b1089","kind":"water","name":"Creek","acres":null,"editable":false,"source":"USGS 3DHP flowlines (Channel Line)"},"geometry":{"type":"LineString","coordinates":[[-113.108537,45.237372],[-113.106992,45.237433],[-113.10457,45.237303],[-113.102186,45.237309],[-113.100905,45.237074],[-113.09946,45.236696],[-113.098443,45.236636],[-113.096495,45.236867],[-113.094212,45.237273],[-113.093055,45.237345],[-113.092613,45.237581],[-113.092287,45.237647],[-113.091875,45.23762],[-113.090633,45.237329],[-113.089766,45.237319]]}},{"type":"Feature","properties":{"id":"wat-b1090","kind":"water","name":"Buffalo Creek","acres":null,"editable":false,"source":"USGS 3DHP flowlines (Channel Line)"},"geometry":{"type":"LineString","coordinates":[[-113.124696,45.184862],[-113.119709,45.186055],[-113.117204,45.186468],[-113.11615,45.186951],[-113.11525,45.187698],[-113.114785,45.187956],[-113.113831,45.188077],[-113.112435,45.188006],[-113.111848,45.18823],[-113.110944,45.188765],[-113.11004,45.188922],[-113.108832,45.189263],[-113.108619,45.189494],[-113.108168,45.189448],[-113.107418,45.189571],[-113.105883,45.190108],[-113.103436,45.191218],[-113.103003,45.191163],[-113.102486,45.191228],[-113.101568,45.191026],[-113.101181,45.191094],[-113.099444,45.191736],[-113.098575,45.191939],[-113.098055,45.192263],[-113.096605,45.192752],[-113.094541,45.193065]]}},{"type":"Feature","properties":{"id":"wat-b1091","kind":"water","name":"Billings Creek","acres":null,"editable":false,"source":"USGS 3DHP flowlines (Channel Line)"},"geometry":{"type":"LineString","coordinates":[[-113.099385,45.370928],[-113.100404,45.370849]]}},{"type":"Feature","properties":{"id":"wat-b1092","kind":"water","name":"Creek","acres":null,"editable":false,"source":"USGS 3DHP flowlines (Channel Line)"},"geometry":{"type":"LineString","coordinates":[[-113.052748,45.211292],[-113.052389,45.211106],[-113.05214,45.210865],[-113.051683,45.210235]]}},{"type":"Feature","properties":{"id":"wat-b1093","kind":"water","name":"Creek","acres":null,"editable":false,"source":"USGS 3DHP flowlines (Channel Line)"},"geometry":{"type":"LineString","coordinates":[[-113.157252,45.18798],[-113.156794,45.18783]]}},{"type":"Feature","properties":{"id":"wat-b1094","kind":"water","name":"Scudder Creek","acres":null,"editable":false,"source":"USGS 3DHP flowlines (Channel Line)"},"geometry":{"type":"LineString","coordinates":[[-113.123318,45.299588],[-113.123661,45.299666],[-113.123871,45.299582]]}},{"type":"Feature","properties":{"id":"wat-b1095","kind":"water","name":"Creek","acres":null,"editable":false,"source":"USGS 3DHP flowlines (Channel Line)"},"geometry":{"type":"LineString","coordinates":[[-112.917856,45.199337],[-112.917731,45.199247]]}},{"type":"Feature","properties":{"id":"wat-b1096","kind":"water","name":"East Fork Pole Creek","acres":null,"editable":false,"source":"USGS 3DHP flowlines (Channel Line)"},"geometry":{"type":"LineString","coordinates":[[-113.19914,45.370347],[-113.198462,45.369925]]}},{"type":"Feature","properties":{"id":"wat-b1097","kind":"water","name":"Dory Creek","acres":null,"editable":false,"source":"USGS 3DHP flowlines (Channel Line)"},"geometry":{"type":"LineString","coordinates":[[-113.163931,45.438457],[-113.163687,45.437424]]}},{"type":"Feature","properties":{"id":"wat-b1098","kind":"water","name":"White Creek","acres":null,"editable":false,"source":"USGS 3DHP flowlines (Channel Line)"},"geometry":{"type":"LineString","coordinates":[[-113.064683,45.417365],[-113.065232,45.417587],[-113.066369,45.417636],[-113.067453,45.417144],[-113.068384,45.417136],[-113.068734,45.416923],[-113.069124,45.416442],[-113.070337,45.416126],[-113.070939,45.415668],[-113.072313,45.414977],[-113.074525,45.414371],[-113.076219,45.414241]]}},{"type":"Feature","properties":{"id":"wat-b1099","kind":"water","name":"Creek","acres":null,"editable":false,"source":"USGS 3DHP flowlines (Channel Line)"},"geometry":{"type":"LineString","coordinates":[[-113.121578,45.404055],[-113.121395,45.40406]]}},{"type":"Feature","properties":{"id":"wat-b1100","kind":"water","name":"Creek","acres":null,"editable":false,"source":"USGS 3DHP flowlines (Channel Line)"},"geometry":{"type":"LineString","coordinates":[[-112.982792,45.397751],[-112.98239,45.39766]]}},{"type":"Feature","properties":{"id":"wat-b1101","kind":"water","name":"Creek","acres":null,"editable":false,"source":"USGS 3DHP flowlines (Channel Line)"},"geometry":{"type":"LineString","coordinates":[[-113.144094,45.246847],[-113.142873,45.246508],[-113.141927,45.246382],[-113.140759,45.246085],[-113.140149,45.245909],[-113.138547,45.245242],[-113.138097,45.245203],[-113.137479,45.245352],[-113.1358,45.245554],[-113.133687,45.246058],[-113.132611,45.246928],[-113.131673,45.247496]]}},{"type":"Feature","properties":{"id":"wat-b1102","kind":"water","name":"Mule Creek","acres":null,"editable":false,"source":"USGS 3DHP flowlines (Channel Line)"},"geometry":{"type":"LineString","coordinates":[[-112.946995,45.417889],[-112.946682,45.418301],[-112.946384,45.418431],[-112.944934,45.418752],[-112.944377,45.418747],[-112.943118,45.4185],[-112.940097,45.418835],[-112.939539,45.418869],[-112.938068,45.41875],[-112.937564,45.418896],[-112.936198,45.419727],[-112.935938,45.420032],[-112.93581,45.42133],[-112.935367,45.421992],[-112.93542,45.422337],[-112.935321,45.422909],[-112.934848,45.424041],[-112.934588,45.4243],[-112.933916,45.42535],[-112.933787,45.425778],[-112.933199,45.426316],[-112.932964,45.426698],[-112.932597,45.426831],[-112.932193,45.427159],[-112.930941,45.427395]]}},{"type":"Feature","properties":{"id":"wat-b1103","kind":"water","name":"Creek","acres":null,"editable":false,"source":"USGS 3DHP flowlines (Channel Line)"},"geometry":{"type":"LineString","coordinates":[[-112.986204,45.375449],[-112.985235,45.375377],[-112.984373,45.375121]]}},{"type":"Feature","properties":{"id":"wat-b1104","kind":"water","name":"Creek","acres":null,"editable":false,"source":"USGS 3DHP flowlines (Channel Line)"},"geometry":{"type":"LineString","coordinates":[[-113.142592,45.179749],[-113.142001,45.179381]]}},{"type":"Feature","properties":{"id":"wat-b1105","kind":"water","name":"Creek","acres":null,"editable":false,"source":"USGS 3DHP flowlines (Channel Line)"},"geometry":{"type":"LineString","coordinates":[[-113.142675,45.179391],[-113.142001,45.179381]]}},{"type":"Feature","properties":{"id":"wat-b1106","kind":"water","name":"Creek","acres":null,"editable":false,"source":"USGS 3DHP flowlines (Channel Line)"},"geometry":{"type":"LineString","coordinates":[[-113.163359,45.301551],[-113.162738,45.30204]]}},{"type":"Feature","properties":{"id":"wat-b1107","kind":"water","name":"Creek","acres":null,"editable":false,"source":"USGS 3DHP flowlines (Channel Line)"},"geometry":{"type":"LineString","coordinates":[[-112.938836,45.39513],[-112.939022,45.394496],[-112.939,45.394022],[-112.939154,45.393382]]}},{"type":"Feature","properties":{"id":"wat-b1108","kind":"water","name":"Rattlesnake Creek","acres":null,"editable":false,"source":"USGS 3DHP flowlines (Channel Line)"},"geometry":{"type":"LineString","coordinates":[[-112.943726,45.327423],[-112.943557,45.327406],[-112.942799,45.327027],[-112.94223,45.326451],[-112.942173,45.326125]]}},{"type":"Feature","properties":{"id":"wat-b1109","kind":"water","name":"Creek","acres":null,"editable":false,"source":"USGS 3DHP flowlines (Channel Line)"},"geometry":{"type":"LineString","coordinates":[[-113.056017,45.150517],[-113.055141,45.15202],[-113.055102,45.15287],[-113.055218,45.153441],[-113.055505,45.153968],[-113.056482,45.154648],[-113.057102,45.15535],[-113.057257,45.155844],[-113.057094,45.156359],[-113.056024,45.157506],[-113.055714,45.15772],[-113.054497,45.15812],[-113.052543,45.158625],[-113.050992,45.160018],[-113.050247,45.160193]]}},{"type":"Feature","properties":{"id":"wat-b1110","kind":"water","name":"Creek","acres":null,"editable":false,"source":"USGS 3DHP flowlines (Channel Line)"},"geometry":{"type":"LineString","coordinates":[[-113.040018,45.225855],[-113.040278,45.225428],[-113.040884,45.22387],[-113.041239,45.223516]]}},{"type":"Feature","properties":{"id":"wat-b1111","kind":"water","name":"Creek","acres":null,"editable":false,"source":"USGS 3DHP flowlines (Channel Line)"},"geometry":{"type":"LineString","coordinates":[[-113.130863,45.244142],[-113.130207,45.244112],[-113.127232,45.244398],[-113.126782,45.244353],[-113.12627,45.24449],[-113.125829,45.24449],[-113.123189,45.245171],[-113.122708,45.245374],[-113.120216,45.245815],[-113.117865,45.246606],[-113.116428,45.247287],[-113.115536,45.247589],[-113.11382,45.247875],[-113.112935,45.24821],[-113.112158,45.248375],[-113.11111,45.248803],[-113.10979,45.249007],[-113.109325,45.249237],[-113.108797,45.249671],[-113.107943,45.249907],[-113.107135,45.250296],[-113.106441,45.250838],[-113.105831,45.251185],[-113.104572,45.251341],[-113.104289,45.251497],[-113.1039,45.251494],[-113.102626,45.252005],[-113.101955,45.252073],[-113.101611,45.252188],[-113.100436,45.252268],[-113.100055,45.252444],[-113.100017,45.252825],[-113.099686,45.253081]]}},{"type":"Feature","properties":{"id":"wat-b1112","kind":"water","name":"Swamp Creek","acres":null,"editable":false,"source":"USGS 3DHP flowlines (Channel Line)"},"geometry":{"type":"LineString","coordinates":[[-113.11515,45.230725],[-113.114788,45.230738],[-113.114207,45.230619]]}},{"type":"Feature","properties":{"id":"wat-b1113","kind":"water","name":"Creek","acres":null,"editable":false,"source":"USGS 3DHP flowlines (Channel Line)"},"geometry":{"type":"LineString","coordinates":[[-113.01196,45.364751],[-113.011663,45.364968],[-113.011045,45.36571],[-113.010894,45.366576],[-113.010405,45.367621],[-113.010161,45.367801],[-113.009441,45.368067]]}},{"type":"Feature","properties":{"id":"wat-b1114","kind":"water","name":"Brays Canyon Creek","acres":null,"editable":false,"source":"USGS 3DHP flowlines (Channel Line)"},"geometry":{"type":"LineString","coordinates":[[-113.133054,45.186316],[-113.132349,45.185946]]}},{"type":"Feature","properties":{"id":"wat-b1115","kind":"water","name":"Rattlesnake Creek","acres":null,"editable":false,"source":"USGS 3DHP flowlines (Channel Line)"},"geometry":{"type":"LineString","coordinates":[[-112.921898,45.30112],[-112.921679,45.301166]]}},{"type":"Feature","properties":{"id":"wat-b1116","kind":"water","name":"French Creek","acres":null,"editable":false,"source":"USGS 3DHP flowlines (Channel Line)"},"geometry":{"type":"LineString","coordinates":[[-112.904916,45.381201],[-112.904839,45.381155]]}},{"type":"Feature","properties":{"id":"wat-b1117","kind":"water","name":"Left Fork Swamp Creek","acres":null,"editable":false,"source":"USGS 3DHP flowlines (Channel Line)"},"geometry":{"type":"LineString","coordinates":[[-113.200149,45.249861],[-113.199279,45.24935],[-113.198585,45.248187],[-113.197132,45.246729]]}},{"type":"Feature","properties":{"id":"wat-b1118","kind":"water","name":"Mason Creek","acres":null,"editable":false,"source":"USGS 3DHP flowlines (Channel Line)"},"geometry":{"type":"LineString","coordinates":[[-113.152614,45.25434],[-113.150937,45.254432],[-113.150296,45.254386],[-113.149335,45.254543],[-113.149185,45.254471],[-113.14895,45.254085],[-113.148551,45.253758],[-113.147439,45.25336],[-113.147008,45.253327],[-113.144112,45.252654],[-113.143798,45.252634],[-113.143005,45.252811]]}},{"type":"Feature","properties":{"id":"wat-b1119","kind":"water","name":"Creek","acres":null,"editable":false,"source":"USGS 3DHP flowlines (Channel Line)"},"geometry":{"type":"LineString","coordinates":[[-113.15315,45.259168],[-113.151777,45.258456],[-113.150533,45.258021],[-113.149633,45.257823],[-113.148771,45.257777],[-113.148366,45.257811],[-113.146573,45.258227],[-113.145322,45.258379],[-113.144513,45.258585],[-113.143621,45.2587],[-113.142133,45.258624],[-113.141187,45.258704],[-113.140012,45.258559],[-113.139691,45.258601],[-113.138928,45.258822],[-113.137936,45.258929],[-113.136769,45.259249],[-113.133961,45.260401],[-113.132481,45.260394],[-113.131703,45.260123],[-113.131146,45.260062],[-113.130383,45.260279],[-113.12959,45.260378],[-113.129208,45.260546]]}},{"type":"Feature","properties":{"id":"wat-b1120","kind":"water","name":"Creek","acres":null,"editable":false,"source":"USGS 3DHP flowlines (Channel Line)"},"geometry":{"type":"LineString","coordinates":[[-113.096279,45.292247],[-113.096835,45.292014],[-113.097545,45.29156],[-113.098369,45.290789],[-113.098491,45.290598],[-113.09891,45.288943],[-113.099422,45.287665],[-113.09991,45.287508],[-113.101054,45.28744],[-113.102596,45.287604],[-113.103618,45.287619],[-113.104701,45.287539],[-113.106189,45.287272],[-113.107738,45.28723],[-113.109218,45.287592],[-113.109851,45.287913],[-113.110096,45.288142],[-113.11063,45.288378],[-113.111126,45.288477],[-113.111538,45.288401],[-113.11224,45.288168],[-113.113208,45.287543],[-113.113422,45.287112],[-113.114521,45.285807],[-113.114681,45.285227],[-113.115032,45.284579],[-113.115398,45.284209],[-113.115986,45.283904],[-113.11626,45.283778],[-113.117016,45.283667],[-113.117222,45.283541],[-113.11726,45.283076]]}},{"type":"Feature","properties":{"id":"wat-b1121","kind":"water","name":"Reservoir Creek","acres":null,"editable":false,"source":"USGS 3DHP flowlines (Channel Line)"},"geometry":{"type":"LineString","coordinates":[[-113.111889,45.150521],[-113.111768,45.150673],[-113.110972,45.150815],[-113.109502,45.151564],[-113.109231,45.151549],[-113.108711,45.151846],[-113.107614,45.15203]]}},{"type":"Feature","properties":{"id":"wat-b1122","kind":"water","name":"Creek","acres":null,"editable":false,"source":"USGS 3DHP flowlines (Channel Line)"},"geometry":{"type":"LineString","coordinates":[[-113.068602,45.351808],[-113.069223,45.351641],[-113.069566,45.351397],[-113.069826,45.35134],[-113.070055,45.351352],[-113.070619,45.351569],[-113.072289,45.351186],[-113.072767,45.351243],[-113.07323,45.351471],[-113.073939,45.351491],[-113.076507,45.351129],[-113.077435,45.351165],[-113.077878,45.350865],[-113.078178,45.350822],[-113.078456,45.350458],[-113.079106,45.350308],[-113.079577,45.350101],[-113.07977,45.349644],[-113.079645,45.349513]]}},{"type":"Feature","properties":{"id":"wat-b1123","kind":"water","name":"Grasshopper Creek","acres":null,"editable":false,"source":"USGS 3DHP flowlines (Channel Line)"},"geometry":{"type":"LineString","coordinates":[[-113.112957,45.419887],[-113.113178,45.419845],[-113.113445,45.419627],[-113.113407,45.419402],[-113.113681,45.419185],[-113.113628,45.418895],[-113.113918,45.418643],[-113.114002,45.418456],[-113.113956,45.41777],[-113.113735,45.417239]]}},{"type":"Feature","properties":{"id":"wat-b1124","kind":"water","name":"Abrams Creek","acres":null,"editable":false,"source":"USGS 3DHP flowlines (Channel Line)"},"geometry":{"type":"LineString","coordinates":[[-113.184917,45.318563],[-113.184623,45.318716]]}},{"type":"Feature","properties":{"id":"wat-b1125","kind":"water","name":"Creek","acres":null,"editable":false,"source":"USGS 3DHP flowlines (Channel Line)"},"geometry":{"type":"LineString","coordinates":[[-112.984751,45.402331],[-112.984361,45.402263]]}},{"type":"Feature","properties":{"id":"wat-b1126","kind":"water","name":"Creek","acres":null,"editable":false,"source":"USGS 3DHP flowlines (Channel Line)"},"geometry":{"type":"LineString","coordinates":[[-113.050247,45.160193],[-113.049945,45.160051],[-113.04941,45.160023],[-113.048621,45.159855]]}},{"type":"Feature","properties":{"id":"wat-b1127","kind":"water","name":"Creek","acres":null,"editable":false,"source":"USGS 3DHP flowlines (Channel Line)"},"geometry":{"type":"LineString","coordinates":[[-112.914551,45.162507],[-112.91536,45.162729],[-112.916085,45.162816],[-112.917588,45.16324],[-112.918961,45.163316],[-112.920197,45.163282],[-112.921586,45.16295],[-112.924226,45.161893],[-112.925095,45.161474],[-112.925706,45.16092],[-112.926026,45.160829],[-112.926236,45.160904]]}},{"type":"Feature","properties":{"id":"wat-b1128","kind":"water","name":"Reservoir Creek","acres":null,"editable":false,"source":"USGS 3DHP flowlines (Channel Line)"},"geometry":{"type":"LineString","coordinates":[[-113.068226,45.16228],[-113.067554,45.162641],[-113.067446,45.162931],[-113.067156,45.163067]]}},{"type":"Feature","properties":{"id":"wat-b1129","kind":"water","name":"Creek","acres":null,"editable":false,"source":"USGS 3DHP flowlines (Channel Line)"},"geometry":{"type":"LineString","coordinates":[[-112.990869,45.396588],[-112.990662,45.396604]]}},{"type":"Feature","properties":{"id":"wat-b1130","kind":"water","name":"Shale Creek","acres":null,"editable":false,"source":"USGS 3DHP flowlines (Channel Line)"},"geometry":{"type":"LineString","coordinates":[[-113.121906,45.412529],[-113.121481,45.412423],[-113.121152,45.412505],[-113.120021,45.413154],[-113.119584,45.413177],[-113.117977,45.413728]]}},{"type":"Feature","properties":{"id":"wat-b1131","kind":"water","name":"Grasshopper Creek","acres":null,"editable":false,"source":"USGS 3DHP flowlines (Channel Line)"},"geometry":{"type":"LineString","coordinates":[[-113.114009,45.426185],[-113.113584,45.426214]]}},{"type":"Feature","properties":{"id":"wat-b1132","kind":"water","name":"Creek","acres":null,"editable":false,"source":"USGS 3DHP flowlines (Channel Line)"},"geometry":{"type":"LineString","coordinates":[[-113.115965,45.217239],[-113.115269,45.217055],[-113.114478,45.216978],[-113.113746,45.216734],[-113.113389,45.216466],[-113.113199,45.216085],[-113.112741,45.215943],[-113.112568,45.215711],[-113.112211,45.21555],[-113.111706,45.215407],[-113.111176,45.215413],[-113.110206,45.215199],[-113.109665,45.214973],[-113.108678,45.215027],[-113.10835,45.21514],[-113.106691,45.215021],[-113.10628,45.215169],[-113.105715,45.215181],[-113.104633,45.215389],[-113.104412,45.215372],[-113.104094,45.215174],[-113.103366,45.2153],[-113.103068,45.215157],[-113.102681,45.215146],[-113.10206,45.215416]]}},{"type":"Feature","properties":{"id":"wat-b1133","kind":"water","name":"Left Fork Swamp Creek","acres":null,"editable":false,"source":"USGS 3DHP flowlines (Channel Line)"},"geometry":{"type":"LineString","coordinates":[[-113.197132,45.246729],[-113.196808,45.246276]]}},{"type":"Feature","properties":{"id":"wat-b1134","kind":"water","name":"Creek","acres":null,"editable":false,"source":"USGS 3DHP flowlines (Channel Line)"},"geometry":{"type":"LineString","coordinates":[[-113.15941,45.308912],[-113.159048,45.309241]]}},{"type":"Feature","properties":{"id":"wat-b1135","kind":"water","name":"Creek","acres":null,"editable":false,"source":"USGS 3DHP flowlines (Channel Line)"},"geometry":{"type":"LineString","coordinates":[[-112.943606,45.335838],[-112.943912,45.335341],[-112.944088,45.334571],[-112.944648,45.334328]]}},{"type":"Feature","properties":{"id":"wat-b1136","kind":"water","name":"Grasshopper Creek","acres":null,"editable":false,"source":"USGS 3DHP flowlines (Channel Line)"},"geometry":{"type":"LineString","coordinates":[[-113.111751,45.415294],[-113.111624,45.415202],[-113.111781,45.414874],[-113.111621,45.414792],[-113.110935,45.414882],[-113.110752,45.414653],[-113.110439,45.414535]]}},{"type":"Feature","properties":{"id":"wat-b1137","kind":"water","name":"Creek","acres":null,"editable":false,"source":"USGS 3DHP flowlines (Channel Line)"},"geometry":{"type":"LineString","coordinates":[[-113.047829,45.441112],[-113.049279,45.440807],[-113.050904,45.440677],[-113.051209,45.440532],[-113.052163,45.439369],[-113.053498,45.438648],[-113.053925,45.438213],[-113.054299,45.437545],[-113.054429,45.436759],[-113.054612,45.43629],[-113.054802,45.436107],[-113.055298,45.435981],[-113.055939,45.435951],[-113.056733,45.435611],[-113.058213,45.435508],[-113.059525,45.434917],[-113.059655,45.434741],[-113.059724,45.434318],[-113.059579,45.434039],[-113.059586,45.433612],[-113.059342,45.433044],[-113.059449,45.432758],[-113.059937,45.432525],[-113.060853,45.432651],[-113.061364,45.432491],[-113.06154,45.432342],[-113.061723,45.431842],[-113.062448,45.431369],[-113.064035,45.429962],[-113.064195,45.429653],[-113.064096,45.428874],[-113.064607,45.428176],[-113.064653,45.427883],[-113.064958,45.42744],[-113.065049,45.427081],[-113.065377,45.42675]]}},{"type":"Feature","properties":{"id":"wat-b1138","kind":"water","name":"Creek","acres":null,"editable":false,"source":"USGS 3DHP flowlines (Channel Line)"},"geometry":{"type":"LineString","coordinates":[[-112.964374,45.23886],[-112.965802,45.238462],[-112.966756,45.238111],[-112.967336,45.237436],[-112.967343,45.236959],[-112.966969,45.235948],[-112.967465,45.234411],[-112.9679,45.233774],[-112.968014,45.233152],[-112.967709,45.232858],[-112.966466,45.232542],[-112.965184,45.231649],[-112.964863,45.231107],[-112.964695,45.230077],[-112.964741,45.229387],[-112.966305,45.227739],[-112.966938,45.227361],[-112.967679,45.227129],[-112.97009,45.226068],[-112.972645,45.224786],[-112.972951,45.224558],[-112.972935,45.223875],[-112.97321,45.22365],[-112.973729,45.223585],[-112.97408,45.223688],[-112.974385,45.223981],[-112.974591,45.223955],[-112.974919,45.223402],[-112.975369,45.222948],[-112.975468,45.222871],[-112.976025,45.22278],[-112.976155,45.222669],[-112.976338,45.222215],[-112.976552,45.222017],[-112.978085,45.221201],[-112.978009,45.220663],[-112.978246,45.219884],[-112.978406,45.219751],[-112.979153,45.21919],[-112.979901,45.218813],[-112.981969,45.218252],[-112.982625,45.217599],[-112.983396,45.217069],[-112.984059,45.216428],[-112.985539,45.216154],[-112.985906,45.216028],[-112.986539,45.215654],[-112.987386,45.215379],[-112.988149,45.21544],[-112.988401,45.215398],[-112.989431,45.214666],[-112.990606,45.214044],[-112.991124,45.213918],[-112.992513,45.213773],[-112.9932,45.213571],[-112.994069,45.212873],[-112.994176,45.212545],[-112.994466,45.21224],[-112.994535,45.211809],[-112.994932,45.211301],[-112.99526,45.211042],[-112.995382,45.210764],[-112.996175,45.210119],[-112.99703,45.209638],[-112.997236,45.209276],[-112.997846,45.209043],[-112.998182,45.208677],[-112.998502,45.207876],[-112.999072,45.207572]]}},{"type":"Feature","properties":{"id":"wat-b1139","kind":"water","name":"Shale Creek","acres":null,"editable":false,"source":"USGS 3DHP flowlines (Channel Line)"},"geometry":{"type":"LineString","coordinates":[[-113.167775,45.428552],[-113.167558,45.42838]]}},{"type":"Feature","properties":{"id":"wat-b1140","kind":"water","name":"Kearns Creek","acres":null,"editable":false,"source":"USGS 3DHP flowlines (Channel Line)"},"geometry":{"type":"LineString","coordinates":[[-112.936044,45.302728],[-112.935847,45.302558]]}},{"type":"Feature","properties":{"id":"wat-b1141","kind":"water","name":"Creek","acres":null,"editable":false,"source":"USGS 3DHP flowlines (Channel Line)"},"geometry":{"type":"LineString","coordinates":[[-113.012847,45.326062],[-113.012788,45.324953]]}},{"type":"Feature","properties":{"id":"wat-b1142","kind":"water","name":"Creek","acres":null,"editable":false,"source":"USGS 3DHP flowlines (Channel Line)"},"geometry":{"type":"LineString","coordinates":[[-113.149844,45.183684],[-113.149456,45.183441]]}},{"type":"Feature","properties":{"id":"wat-b1143","kind":"water","name":"Creek","acres":null,"editable":false,"source":"USGS 3DHP flowlines (Channel Line)"},"geometry":{"type":"LineString","coordinates":[[-113.145989,45.153366],[-113.144987,45.153461]]}},{"type":"Feature","properties":{"id":"wat-b1144","kind":"water","name":"Creek","acres":null,"editable":false,"source":"USGS 3DHP flowlines (Channel Line)"},"geometry":{"type":"LineString","coordinates":[[-112.93846,45.398472],[-112.93865,45.397908]]}},{"type":"Feature","properties":{"id":"wat-b1145","kind":"water","name":"Creek","acres":null,"editable":false,"source":"USGS 3DHP flowlines (Channel Line)"},"geometry":{"type":"LineString","coordinates":[[-112.912704,45.362619],[-112.912569,45.362468],[-112.91318,45.361407],[-112.913332,45.360915],[-112.913416,45.359809],[-112.913309,45.359428],[-112.910997,45.358546],[-112.909563,45.357738],[-112.9088,45.35707],[-112.90838,45.356822],[-112.908258,45.35657],[-112.907412,45.355739],[-112.907183,45.35498],[-112.906192,45.354438],[-112.904247,45.353567],[-112.903316,45.352882],[-112.90261,45.352092]]}},{"type":"Feature","properties":{"id":"wat-b1146","kind":"water","name":"Creek","acres":null,"editable":false,"source":"USGS 3DHP flowlines (Channel Line)"},"geometry":{"type":"LineString","coordinates":[[-113.040635,45.417802],[-113.040588,45.41727],[-113.040153,45.416694],[-113.040109,45.416057]]}},{"type":"Feature","properties":{"id":"wat-b1147","kind":"water","name":"Creek","acres":null,"editable":false,"source":"USGS 3DHP flowlines (Channel Line)"},"geometry":{"type":"LineString","coordinates":[[-112.92895,45.311816],[-112.928917,45.311628],[-112.928667,45.311402],[-112.928813,45.310962],[-112.928667,45.310827],[-112.928692,45.310527],[-112.928538,45.310439],[-112.928523,45.310328],[-112.928662,45.310204]]}},{"type":"Feature","properties":{"id":"wat-b1148","kind":"water","name":"Scudder Creek","acres":null,"editable":false,"source":"USGS 3DHP flowlines (Channel Line)"},"geometry":{"type":"LineString","coordinates":[[-113.115055,45.305445],[-113.115505,45.305102],[-113.115726,45.304698],[-113.116222,45.304293],[-113.11639,45.303523],[-113.116688,45.303156],[-113.116962,45.303004],[-113.117237,45.302699],[-113.118519,45.301135],[-113.119122,45.300791],[-113.120129,45.300341],[-113.120419,45.300292],[-113.120602,45.300112],[-113.122349,45.299334],[-113.122746,45.299311],[-113.123064,45.299402]]}},{"type":"Feature","properties":{"id":"wat-b1149","kind":"water","name":"Lake Creek","acres":null,"editable":false,"source":"USGS 3DHP flowlines (Channel Line)"},"geometry":{"type":"LineString","coordinates":[[-113.082895,45.387706],[-113.083674,45.387473],[-113.086161,45.385932],[-113.087427,45.385699]]}},{"type":"Feature","properties":{"id":"wat-b1150","kind":"water","name":"Lake Creek","acres":null,"editable":false,"source":"USGS 3DHP flowlines (Channel Line)"},"geometry":{"type":"LineString","coordinates":[[-113.094487,45.384004],[-113.094733,45.38395],[-113.095111,45.384104]]}},{"type":"Feature","properties":{"id":"wat-b1151","kind":"water","name":"Creek","acres":null,"editable":false,"source":"USGS 3DHP flowlines (Channel Line)"},"geometry":{"type":"LineString","coordinates":[[-113.074746,45.406959],[-113.07493,45.406989],[-113.075594,45.40689],[-113.076555,45.407039],[-113.07715,45.40723],[-113.07847,45.407405],[-113.079439,45.407317],[-113.080217,45.406955],[-113.080759,45.406848],[-113.082918,45.407069],[-113.083674,45.407321]]}},{"type":"Feature","properties":{"id":"wat-b1152","kind":"water","name":"Creek","acres":null,"editable":false,"source":"USGS 3DHP flowlines (Channel Line)"},"geometry":{"type":"LineString","coordinates":[[-113.091433,45.230235],[-113.090444,45.230235],[-113.089749,45.230136]]}},{"type":"Feature","properties":{"id":"wat-b1153","kind":"water","name":"Buffalo Creek","acres":null,"editable":false,"source":"USGS 3DHP flowlines (Channel Line)"},"geometry":{"type":"LineString","coordinates":[[-113.050096,45.222959],[-113.050038,45.223016]]}},{"type":"Feature","properties":{"id":"wat-b1154","kind":"water","name":"West Fork Pole Creek","acres":null,"editable":false,"source":"USGS 3DHP flowlines (Channel Line)"},"geometry":{"type":"LineString","coordinates":[[-113.196535,45.363468],[-113.196123,45.363402],[-113.194801,45.362983],[-113.194023,45.362643],[-113.193733,45.362391],[-113.193534,45.362063],[-113.193389,45.361533],[-113.193054,45.360976],[-113.192695,45.360568],[-113.192375,45.360419]]}},{"type":"Feature","properties":{"id":"wat-b1155","kind":"water","name":"Scudder Creek","acres":null,"editable":false,"source":"USGS 3DHP flowlines (Channel Line)"},"geometry":{"type":"LineString","coordinates":[[-113.108004,45.30717],[-113.108928,45.306635],[-113.110538,45.306357],[-113.11243,45.305873],[-113.114162,45.305708],[-113.115055,45.305445]]}},{"type":"Feature","properties":{"id":"wat-b1156","kind":"water","name":"Buffalo Creek","acres":null,"editable":false,"source":"USGS 3DHP flowlines (Channel Line)"},"geometry":{"type":"LineString","coordinates":[[-113.050038,45.223016],[-113.049803,45.223246],[-113.049446,45.223383],[-113.048592,45.223191],[-113.048498,45.223293]]}},{"type":"Feature","properties":{"id":"wat-b1157","kind":"water","name":"West Fork Dyce Creek","acres":null,"editable":false,"source":"USGS 3DHP flowlines (Channel Line)"},"geometry":{"type":"LineString","coordinates":[[-113.045345,45.290057],[-113.043481,45.289114],[-113.043183,45.288864],[-113.042798,45.288864],[-113.042237,45.288298],[-113.041779,45.288162],[-113.040625,45.287239],[-113.040432,45.286998],[-113.03973,45.286623],[-113.039625,45.286027],[-113.038697,45.285299],[-113.038162,45.28475],[-113.037653,45.28345],[-113.03648,45.282623],[-113.034634,45.280632],[-113.034249,45.280469],[-113.034076,45.280219],[-113.033787,45.280046],[-113.033783,45.279604]]}},{"type":"Feature","properties":{"id":"wat-b1158","kind":"water","name":"Creek","acres":null,"editable":false,"source":"USGS 3DHP flowlines (Channel Line)"},"geometry":{"type":"LineString","coordinates":[[-112.994058,45.395468],[-112.993853,45.395469]]}},{"type":"Feature","properties":{"id":"wat-b1159","kind":"water","name":"Reservoir Creek","acres":null,"editable":false,"source":"USGS 3DHP flowlines (Channel Line)"},"geometry":{"type":"LineString","coordinates":[[-113.185825,45.140441],[-113.184505,45.140685],[-113.182712,45.140548],[-113.181564,45.140218],[-113.179329,45.139384],[-113.178346,45.138907]]}},{"type":"Feature","properties":{"id":"wat-b1160","kind":"water","name":"White Creek","acres":null,"editable":false,"source":"USGS 3DHP flowlines (Channel Line)"},"geometry":{"type":"LineString","coordinates":[[-113.023244,45.416826],[-113.023556,45.416808]]}},{"type":"Feature","properties":{"id":"wat-b1161","kind":"water","name":"Creek","acres":null,"editable":false,"source":"USGS 3DHP flowlines (Channel Line)"},"geometry":{"type":"LineString","coordinates":[[-113.08127,45.361682],[-113.081835,45.361659],[-113.082834,45.361335],[-113.083368,45.3613],[-113.08507,45.361754],[-113.08552,45.361621],[-113.085757,45.361411],[-113.086001,45.360999],[-113.086214,45.36003],[-113.086314,45.358733],[-113.086001,45.357905],[-113.085306,45.356864],[-113.085131,45.356231],[-113.08523,45.355895],[-113.085551,45.355468],[-113.085818,45.354487],[-113.086405,45.353598],[-113.086535,45.353068],[-113.086474,45.352248],[-113.086825,45.351043],[-113.087466,45.350272],[-113.087687,45.350188],[-113.088885,45.350135],[-113.089739,45.349913],[-113.090315,45.349637]]}},{"type":"Feature","properties":{"id":"wat-b1162","kind":"water","name":"Creek","acres":null,"editable":false,"source":"USGS 3DHP flowlines (Channel Line)"},"geometry":{"type":"LineString","coordinates":[[-112.928172,45.392085],[-112.927577,45.390865],[-112.92763,45.390575],[-112.928118,45.390014],[-112.928912,45.389377],[-112.929751,45.389057],[-112.930537,45.388889],[-112.932429,45.388957],[-112.932818,45.388908],[-112.934176,45.389022],[-112.935313,45.389209],[-112.936084,45.389137],[-112.937038,45.389263],[-112.938196,45.389262]]}},{"type":"Feature","properties":{"id":"wat-b1163","kind":"water","name":"Dyce Creek","acres":null,"editable":false,"source":"USGS 3DHP flowlines (Channel Line)"},"geometry":{"type":"LineString","coordinates":[[-113.033783,45.279604],[-113.033722,45.278196],[-113.033356,45.276197],[-113.033493,45.275595],[-113.033417,45.275034],[-113.033638,45.274305],[-113.033682,45.273041],[-113.034205,45.27245],[-113.033973,45.271907],[-113.034099,45.270434],[-113.034202,45.270218]]}},{"type":"Feature","properties":{"id":"wat-b1164","kind":"water","name":"Lake Creek","acres":null,"editable":false,"source":"USGS 3DHP flowlines (Channel Line)"},"geometry":{"type":"LineString","coordinates":[[-113.087427,45.385699],[-113.089564,45.385295],[-113.090785,45.384692],[-113.091395,45.384509],[-113.092219,45.384391],[-113.093089,45.384154],[-113.094111,45.384101],[-113.094487,45.384004]]}},{"type":"Feature","properties":{"id":"wat-b1165","kind":"water","name":"Creek","acres":null,"editable":false,"source":"USGS 3DHP flowlines (Channel Line)"},"geometry":{"type":"LineString","coordinates":[[-113.159967,45.142704],[-113.159741,45.142309]]}},{"type":"Feature","properties":{"id":"wat-b1166","kind":"water","name":"Creek","acres":null,"editable":false,"source":"USGS 3DHP flowlines (Channel Line)"},"geometry":{"type":"LineString","coordinates":[[-113.052058,45.221314],[-113.051594,45.221799]]}},{"type":"Feature","properties":{"id":"wat-b1167","kind":"water","name":"Creek","acres":null,"editable":false,"source":"USGS 3DHP flowlines (Channel Line)"},"geometry":{"type":"LineString","coordinates":[[-113.100091,45.407928],[-113.100377,45.407725]]}},{"type":"Feature","properties":{"id":"wat-b1168","kind":"water","name":"Creek","acres":null,"editable":false,"source":"USGS 3DHP flowlines (Channel Line)"},"geometry":{"type":"LineString","coordinates":[[-113.004505,45.210478],[-113.004203,45.210286],[-113.003528,45.210033],[-113.003086,45.209666],[-113.002993,45.209106],[-113.003157,45.208782],[-113.00356,45.208475],[-113.005074,45.207758],[-113.006712,45.20733],[-113.007411,45.207045],[-113.008133,45.206607],[-113.008669,45.206163]]}},{"type":"Feature","properties":{"id":"wat-b1169","kind":"water","name":"French Creek","acres":null,"editable":false,"source":"USGS 3DHP flowlines (Channel Line)"},"geometry":{"type":"LineString","coordinates":[[-112.899256,45.374453],[-112.899134,45.374446],[-112.89853,45.373778],[-112.897607,45.373023],[-112.896727,45.372592],[-112.896566,45.372367],[-112.896142,45.370727],[-112.896196,45.369342],[-112.896531,45.368278],[-112.897012,45.367729],[-112.897172,45.36721],[-112.897561,45.366817],[-112.897798,45.366233],[-112.898157,45.365829],[-112.898897,45.364383],[-112.899126,45.363696]]}},{"type":"Feature","properties":{"id":"wat-b1170","kind":"water","name":"Creek","acres":null,"editable":false,"source":"USGS 3DHP flowlines (Channel Line)"},"geometry":{"type":"LineString","coordinates":[[-112.88775,45.278242],[-112.887452,45.278055],[-112.885827,45.277628],[-112.884912,45.27727],[-112.884149,45.277151],[-112.882569,45.277273],[-112.881906,45.27722],[-112.879548,45.277327],[-112.878358,45.277514],[-112.877511,45.277899],[-112.876564,45.278198],[-112.876459,45.278412],[-112.875664,45.27881],[-112.87556,45.279171],[-112.874893,45.27952],[-112.873656,45.279765],[-112.873265,45.279777],[-112.872175,45.280187],[-112.871055,45.280487],[-112.870235,45.280591],[-112.869698,45.280777],[-112.868667,45.281623],[-112.868387,45.281956],[-112.867769,45.282225],[-112.867645,45.282461]]}},{"type":"Feature","properties":{"id":"wat-b1171","kind":"water","name":"Creek","acres":null,"editable":false,"source":"USGS 3DHP flowlines (Channel Line)"},"geometry":{"type":"LineString","coordinates":[[-113.128116,45.249927],[-113.12808,45.250053],[-113.127842,45.250235]]}},{"type":"Feature","properties":{"id":"wat-b1172","kind":"water","name":"North Fork Hayes Creek","acres":null,"editable":false,"source":"USGS 3DHP flowlines (Channel Line)"},"geometry":{"type":"LineString","coordinates":[[-113.202254,45.229037],[-113.201018,45.229026],[-113.200454,45.228949],[-113.199515,45.229113],[-113.198623,45.229106],[-113.198035,45.229194],[-113.196212,45.229129],[-113.193728,45.229155]]}},{"type":"Feature","properties":{"id":"wat-b1173","kind":"water","name":"Creek","acres":null,"editable":false,"source":"USGS 3DHP flowlines (Channel Line)"},"geometry":{"type":"LineString","coordinates":[[-113.040181,45.39978],[-113.040305,45.399862]]}},{"type":"Feature","properties":{"id":"wat-b1174","kind":"water","name":"Creek","acres":null,"editable":false,"source":"USGS 3DHP flowlines (Channel Line)"},"geometry":{"type":"LineString","coordinates":[[-113.020024,45.171833],[-113.018852,45.171173],[-113.017875,45.170921],[-113.016921,45.170542],[-113.015696,45.169916],[-113.015472,45.169609],[-113.015441,45.169296],[-113.015821,45.168933]]}},{"type":"Feature","properties":{"id":"wat-b1175","kind":"water","name":"Creek","acres":null,"editable":false,"source":"USGS 3DHP flowlines (Channel Line)"},"geometry":{"type":"LineString","coordinates":[[-112.902292,45.240873],[-112.902014,45.240942],[-112.901866,45.24106],[-112.901422,45.241037]]}},{"type":"Feature","properties":{"id":"wat-b1176","kind":"water","name":"Creek","acres":null,"editable":false,"source":"USGS 3DHP flowlines (Channel Line)"},"geometry":{"type":"LineString","coordinates":[[-112.885861,45.28943],[-112.8856,45.289068],[-112.885094,45.288883],[-112.884356,45.28874],[-112.88143,45.287331],[-112.880924,45.287271],[-112.880252,45.287063],[-112.87999,45.286783],[-112.878967,45.286266],[-112.878616,45.286194],[-112.877777,45.286319],[-112.877282,45.286272]]}},{"type":"Feature","properties":{"id":"wat-b1177","kind":"water","name":"Shale Creek","acres":null,"editable":false,"source":"USGS 3DHP flowlines (Channel Line)"},"geometry":{"type":"LineString","coordinates":[[-113.143661,45.415923],[-113.143314,45.415835]]}},{"type":"Feature","properties":{"id":"wat-b1178","kind":"water","name":"Creek","acres":null,"editable":false,"source":"USGS 3DHP flowlines (Channel Line)"},"geometry":{"type":"LineString","coordinates":[[-113.109961,45.162148],[-113.109224,45.162187],[-113.108224,45.162368],[-113.10541,45.163017],[-113.103161,45.162968],[-113.102161,45.163106],[-113.100843,45.163413],[-113.100207,45.163441],[-113.099052,45.163249],[-113.09626,45.162948],[-113.095143,45.162592],[-113.09422,45.162411],[-113.093515,45.162083],[-113.092088,45.1616],[-113.09049,45.161244],[-113.086582,45.161097],[-113.083372,45.160609],[-113.082271,45.160505]]}},{"type":"Feature","properties":{"id":"wat-b1179","kind":"water","name":"Clark Creek","acres":null,"editable":false,"source":"USGS 3DHP flowlines (Channel Line)"},"geometry":{"type":"LineString","coordinates":[[-113.023423,45.428557],[-113.023525,45.428584]]}},{"type":"Feature","properties":{"id":"wat-b1180","kind":"water","name":"Mason Creek","acres":null,"editable":false,"source":"USGS 3DHP flowlines (Channel Line)"},"geometry":{"type":"LineString","coordinates":[[-113.099216,45.257075],[-113.098994,45.25701],[-113.099025,45.256899]]}},{"type":"Feature","properties":{"id":"wat-b1181","kind":"water","name":"Creek","acres":null,"editable":false,"source":"USGS 3DHP flowlines (Channel Line)"},"geometry":{"type":"LineString","coordinates":[[-112.987162,45.401719],[-112.986918,45.401716]]}},{"type":"Feature","properties":{"id":"wat-b1182","kind":"water","name":"Reservoir Creek","acres":null,"editable":false,"source":"USGS 3DHP flowlines (Channel Line)"},"geometry":{"type":"LineString","coordinates":[[-113.061616,45.163984],[-113.061025,45.163969]]}},{"type":"Feature","properties":{"id":"wat-b1183","kind":"water","name":"Creek","acres":null,"editable":false,"source":"USGS 3DHP flowlines (Channel Line)"},"geometry":{"type":"LineString","coordinates":[[-113.040305,45.399862],[-113.040723,45.400016]]}},{"type":"Feature","properties":{"id":"wat-b1184","kind":"water","name":"Taylor Creek","acres":null,"editable":false,"source":"USGS 3DHP flowlines (Channel Line)"},"geometry":{"type":"LineString","coordinates":[[-112.999787,45.210613],[-112.999856,45.210533],[-112.999824,45.210037],[-113.000332,45.209201]]}},{"type":"Feature","properties":{"id":"wat-b1185","kind":"water","name":"Creek","acres":null,"editable":false,"source":"USGS 3DHP flowlines (Channel Line)"},"geometry":{"type":"LineString","coordinates":[[-113.040718,45.419051],[-113.040733,45.418853],[-113.040556,45.418438]]}},{"type":"Feature","properties":{"id":"wat-b1186","kind":"water","name":"Creek","acres":null,"editable":false,"source":"USGS 3DHP flowlines (Channel Line)"},"geometry":{"type":"LineString","coordinates":[[-112.903588,45.153047],[-112.902995,45.152533]]}},{"type":"Feature","properties":{"id":"wat-b1187","kind":"water","name":"Creek","acres":null,"editable":false,"source":"USGS 3DHP flowlines (Channel Line)"},"geometry":{"type":"LineString","coordinates":[[-113.032885,45.222768],[-113.03323,45.22281],[-113.033409,45.222749],[-113.034092,45.22213],[-113.034617,45.222085]]}},{"type":"Feature","properties":{"id":"wat-b1188","kind":"water","name":"Hayes Creek","acres":null,"editable":false,"source":"USGS 3DHP flowlines (Channel Line)"},"geometry":{"type":"LineString","coordinates":[[-113.095127,45.228042],[-113.094518,45.228147],[-113.09409,45.228547],[-113.093319,45.228623],[-113.092757,45.22888],[-113.092084,45.228942]]}},{"type":"Feature","properties":{"id":"wat-b1189","kind":"water","name":"Creek","acres":null,"editable":false,"source":"USGS 3DHP flowlines (Channel Line)"},"geometry":{"type":"LineString","coordinates":[[-113.144151,45.231031],[-113.143662,45.23073],[-113.14292,45.230447],[-113.141546,45.228988]]}},{"type":"Feature","properties":{"id":"wat-b1190","kind":"water","name":"Jager Creek","acres":null,"editable":false,"source":"USGS 3DHP flowlines (Channel Line)"},"geometry":{"type":"LineString","coordinates":[[-113.156136,45.359433],[-113.15578,45.359406]]}},{"type":"Feature","properties":{"id":"wat-b1191","kind":"water","name":"Divide Creek","acres":null,"editable":false,"source":"USGS 3DHP flowlines (Channel Line)"},"geometry":{"type":"LineString","coordinates":[[-113.155895,45.322658],[-113.155951,45.322494],[-113.154376,45.322049],[-113.153732,45.321654],[-113.153306,45.321613],[-113.153026,45.321696],[-113.152741,45.321631]]}},{"type":"Feature","properties":{"id":"wat-b1192","kind":"water","name":"Creek","acres":null,"editable":false,"source":"USGS 3DHP flowlines (Channel Line)"},"geometry":{"type":"LineString","coordinates":[[-113.157636,45.18806],[-113.157252,45.18798]]}},{"type":"Feature","properties":{"id":"wat-b1193","kind":"water","name":"White Creek","acres":null,"editable":false,"source":"USGS 3DHP flowlines (Channel Line)"},"geometry":{"type":"LineString","coordinates":[[-113.103331,45.404841],[-113.104439,45.40438]]}},{"type":"Feature","properties":{"id":"wat-b1194","kind":"water","name":"Creek","acres":null,"editable":false,"source":"USGS 3DHP flowlines (Channel Line)"},"geometry":{"type":"LineString","coordinates":[[-112.870761,45.152781],[-112.871359,45.152627],[-112.871684,45.152451],[-112.872273,45.152363],[-112.873257,45.15177],[-112.875094,45.150913],[-112.875326,45.150688],[-112.875318,45.150562],[-112.874643,45.149696],[-112.874425,45.149005],[-112.873959,45.148423],[-112.873889,45.147902],[-112.873368,45.147189],[-112.873686,45.146586],[-112.873957,45.146311],[-112.873995,45.145955],[-112.874336,45.145521],[-112.874506,45.144917],[-112.874893,45.144599],[-112.87521,45.144122],[-112.875683,45.14377],[-112.875667,45.143249],[-112.876074,45.142629],[-112.875952,45.142354],[-112.876013,45.142007],[-112.875572,45.141707],[-112.875083,45.141527],[-112.874959,45.141099],[-112.874974,45.140923],[-112.875369,45.140325],[-112.875929,45.1401],[-112.876142,45.139852],[-112.876142,45.139348],[-112.876509,45.138558],[-112.876394,45.137742],[-112.876074,45.137467],[-112.875861,45.13711],[-112.875636,45.136978],[-112.874644,45.136787],[-112.874085,45.136469],[-112.873527,45.13574],[-112.873472,45.135246],[-112.872727,45.134714],[-112.872285,45.134193],[-112.871703,45.133859],[-112.871346,45.133519],[-112.871292,45.133305],[-112.871718,45.133085],[-112.871811,45.132937],[-112.871717,45.132465],[-112.871856,45.132224],[-112.871732,45.131741],[-112.871886,45.13105],[-112.871684,45.130545],[-112.872087,45.13015],[-112.872117,45.129519],[-112.872636,45.129212],[-112.872279,45.128839],[-112.872349,45.128685],[-112.872658,45.128477],[-112.872511,45.12806],[-112.872549,45.127906],[-112.873037,45.127472],[-112.873277,45.126957],[-112.873571,45.126732],[-112.874028,45.126605],[-112.87426,45.126446],[-112.8745,45.125678],[-112.874941,45.125486],[-112.874778,45.125096],[-112.875046,45.124903],[-112.875154,45.124706],[-112.874882,45.124311],[-112.875363,45.124047],[-112.875633,45.123641],[-112.875695,45.123087],[-112.876085,45.122782],[-112.876016,45.122118],[-112.875654,45.121798],[-112.875932,45.121383],[-112.875932,45.120807],[-112.875792,45.120553],[-112.876034,45.12033]]}},{"type":"Feature","properties":{"id":"wat-b1195","kind":"water","name":"Creek","acres":null,"editable":false,"source":"USGS 3DHP flowlines (Channel Line)"},"geometry":{"type":"LineString","coordinates":[[-113.050811,45.222377],[-113.05061,45.222758]]}},{"type":"Feature","properties":{"id":"wat-b1196","kind":"water","name":"Shale Creek","acres":null,"editable":false,"source":"USGS 3DHP flowlines (Channel Line)"},"geometry":{"type":"LineString","coordinates":[[-113.135762,45.414668],[-113.13416,45.414741],[-113.133206,45.414565],[-113.132618,45.414191],[-113.131596,45.413718],[-113.130558,45.413013],[-113.129162,45.412574],[-113.127636,45.412357],[-113.126476,45.412414],[-113.126005,45.412626]]}},{"type":"Feature","properties":{"id":"wat-b1197","kind":"water","name":"Creek","acres":null,"editable":false,"source":"USGS 3DHP flowlines (Channel Line)"},"geometry":{"type":"LineString","coordinates":[[-113.054841,45.212851],[-113.054321,45.212692],[-113.054073,45.212522],[-113.053747,45.212203],[-113.053103,45.211271]]}},{"type":"Feature","properties":{"id":"wat-b1198","kind":"water","name":"Mason Creek","acres":null,"editable":false,"source":"USGS 3DHP flowlines (Channel Line)"},"geometry":{"type":"LineString","coordinates":[[-113.1415,45.253221],[-113.140726,45.253563]]}},{"type":"Feature","properties":{"id":"wat-b1199","kind":"water","name":"Creek","acres":null,"editable":false,"source":"USGS 3DHP flowlines (Channel Line)"},"geometry":{"type":"LineString","coordinates":[[-112.8763,45.317013],[-112.875728,45.316625]]}},{"type":"Feature","properties":{"id":"wat-b1200","kind":"water","name":"Steel Creek","acres":null,"editable":false,"source":"USGS 3DHP flowlines (Channel Line)"},"geometry":{"type":"LineString","coordinates":[[-113.083976,45.335946],[-113.084412,45.335927]]}},{"type":"Feature","properties":{"id":"wat-b1201","kind":"water","name":"Creek","acres":null,"editable":false,"source":"USGS 3DHP flowlines (Channel Line)"},"geometry":{"type":"LineString","coordinates":[[-112.95752,45.199651],[-112.957816,45.199842]]}},{"type":"Feature","properties":{"id":"wat-b1202","kind":"water","name":"White Creek","acres":null,"editable":false,"source":"USGS 3DHP flowlines (Channel Line)"},"geometry":{"type":"LineString","coordinates":[[-113.100672,45.404511],[-113.100921,45.404544]]}},{"type":"Feature","properties":{"id":"wat-b1203","kind":"water","name":"Creek","acres":null,"editable":false,"source":"USGS 3DHP flowlines (Channel Line)"},"geometry":{"type":"LineString","coordinates":[[-113.041535,45.3525],[-113.042496,45.351657],[-113.043099,45.351393],[-113.043312,45.351218],[-113.043442,45.350863],[-113.044258,45.350424],[-113.045159,45.35018],[-113.045769,45.350219],[-113.046242,45.350146],[-113.048028,45.350257],[-113.048935,45.350569],[-113.049622,45.351145],[-113.050675,45.352839],[-113.050782,45.353179],[-113.051087,45.353484],[-113.051583,45.353698]]}},{"type":"Feature","properties":{"id":"wat-b1204","kind":"water","name":"Creek","acres":null,"editable":false,"source":"USGS 3DHP flowlines (Channel Line)"},"geometry":{"type":"LineString","coordinates":[[-113.016037,45.296758],[-113.016582,45.296652],[-113.017075,45.296311],[-113.017605,45.296289],[-113.019316,45.296412],[-113.020774,45.296431],[-113.021797,45.29658],[-113.022445,45.296538],[-113.023471,45.296589],[-113.023865,45.296405],[-113.02475,45.296304],[-113.025257,45.296507],[-113.026897,45.295796],[-113.027756,45.295716],[-113.028885,45.294989],[-113.029533,45.294695],[-113.029854,45.29423]]}},{"type":"Feature","properties":{"id":"wat-b1205","kind":"water","name":"Creek","acres":null,"editable":false,"source":"USGS 3DHP flowlines (Channel Line)"},"geometry":{"type":"LineString","coordinates":[[-113.000883,45.401254],[-112.999746,45.401096],[-112.999166,45.401275],[-112.99893,45.40126],[-112.99867,45.401134],[-112.998556,45.400958],[-112.998126,45.400897]]}},{"type":"Feature","properties":{"id":"wat-b1206","kind":"water","name":"Reservoir Creek","acres":null,"editable":false,"source":"USGS 3DHP flowlines (Channel Line)"},"geometry":{"type":"LineString","coordinates":[[-113.210309,45.14373],[-113.209469,45.143649],[-113.208653,45.143321],[-113.208279,45.143256],[-113.20612,45.143417],[-113.20496,45.143398],[-113.204007,45.143676],[-113.203122,45.144355],[-113.202061,45.144759],[-113.201596,45.144878],[-113.200909,45.144866],[-113.200207,45.144725],[-113.199249,45.144286],[-113.198056,45.143147],[-113.19773,45.143093],[-113.197405,45.142876],[-113.197101,45.142529],[-113.195268,45.141878],[-113.194595,45.141813],[-113.194248,45.141867],[-113.193543,45.141672],[-113.191906,45.140853],[-113.190906,45.140563],[-113.189892,45.140411],[-113.188732,45.140105],[-113.187862,45.140067],[-113.187046,45.140128],[-113.186328,45.140258],[-113.185825,45.140441]]}},{"type":"Feature","properties":{"id":"wat-b1207","kind":"water","name":"Rattlesnake Creek","acres":null,"editable":false,"source":"USGS 3DHP flowlines (Channel Line)"},"geometry":{"type":"LineString","coordinates":[[-112.963848,45.368424],[-112.963299,45.367535],[-112.963193,45.367113],[-112.962568,45.366443],[-112.962161,45.366244],[-112.96174,45.366234],[-112.961084,45.366082],[-112.960093,45.366021],[-112.95956,45.365447],[-112.95866,45.36505],[-112.958503,45.364883],[-112.957538,45.364481],[-112.956811,45.364481],[-112.956166,45.364288],[-112.956003,45.363821],[-112.955139,45.363485],[-112.954662,45.363206],[-112.954438,45.363176],[-112.953584,45.363287],[-112.953351,45.363226],[-112.952822,45.362591],[-112.952472,45.362373],[-112.952202,45.362068],[-112.952197,45.361829],[-112.95174,45.361484],[-112.951715,45.361184],[-112.95081,45.360935],[-112.950429,45.360752],[-112.950272,45.360371],[-112.950084,45.360289]]}},{"type":"Feature","properties":{"id":"wat-b1208","kind":"water","name":"Wellman Creek","acres":null,"editable":false,"source":"USGS 3DHP flowlines (Channel Line)"},"geometry":{"type":"LineString","coordinates":[[-113.115901,45.427075],[-113.115856,45.426727]]}},{"type":"Feature","properties":{"id":"wat-b1209","kind":"water","name":"Creek","acres":null,"editable":false,"source":"USGS 3DHP flowlines (Channel Line)"},"geometry":{"type":"LineString","coordinates":[[-113.166156,45.147662],[-113.166041,45.1473],[-113.16582,45.14717],[-113.164981,45.14619],[-113.16495,45.145858],[-113.165095,45.145244],[-113.165049,45.144828],[-113.1645,45.143855],[-113.164225,45.14368],[-113.163409,45.143588],[-113.162791,45.143382],[-113.161089,45.142474],[-113.16086,45.142261]]}},{"type":"Feature","properties":{"id":"wat-b1210","kind":"water","name":"Creek","acres":null,"editable":false,"source":"USGS 3DHP flowlines (Channel Line)"},"geometry":{"type":"LineString","coordinates":[[-113.123474,45.252514],[-113.122382,45.253338]]}},{"type":"Feature","properties":{"id":"wat-b1211","kind":"water","name":"Scudder Creek","acres":null,"editable":false,"source":"USGS 3DHP flowlines (Channel Line)"},"geometry":{"type":"LineString","coordinates":[[-113.123962,45.29756],[-113.123882,45.297013],[-113.123617,45.296851],[-113.123446,45.296555],[-113.123836,45.294999],[-113.124388,45.294761],[-113.12461,45.294566]]}},{"type":"Feature","properties":{"id":"wat-b1212","kind":"water","name":"Dingley Creek","acres":null,"editable":false,"source":"USGS 3DHP flowlines (Channel Line)"},"geometry":{"type":"LineString","coordinates":[[-113.095831,45.427717],[-113.09669,45.427642],[-113.098025,45.426933],[-113.099246,45.426708],[-113.099879,45.426318],[-113.100581,45.425586],[-113.101504,45.425132],[-113.102611,45.424762],[-113.103847,45.423969],[-113.104777,45.42319],[-113.104755,45.422702],[-113.104594,45.422496],[-113.104968,45.422252],[-113.105044,45.422096],[-113.104846,45.421634],[-113.105037,45.42155],[-113.105579,45.421573],[-113.105716,45.421119],[-113.106021,45.420875],[-113.106395,45.420795],[-113.106792,45.421024],[-113.107028,45.421035],[-113.107837,45.420551],[-113.108287,45.420375],[-113.109615,45.420062],[-113.110485,45.420017]]}},{"type":"Feature","properties":{"id":"wat-b1213","kind":"water","name":"Creek","acres":null,"editable":false,"source":"USGS 3DHP flowlines (Channel Line)"},"geometry":{"type":"LineString","coordinates":[[-113.040053,45.415319],[-113.040123,45.415275]]}},{"type":"Feature","properties":{"id":"wat-b1214","kind":"water","name":"Creek","acres":null,"editable":false,"source":"USGS 3DHP flowlines (Channel Line)"},"geometry":{"type":"LineString","coordinates":[[-113.090494,45.431739],[-113.090519,45.431314]]}},{"type":"Feature","properties":{"id":"wat-b1215","kind":"water","name":"Creek","acres":null,"editable":false,"source":"USGS 3DHP flowlines (Channel Line)"},"geometry":{"type":"LineString","coordinates":[[-112.976642,45.381972],[-112.976735,45.380782],[-112.976476,45.380019],[-112.976285,45.379783],[-112.975972,45.379584],[-112.975865,45.379283],[-112.975102,45.378619],[-112.974278,45.377055],[-112.973149,45.37601],[-112.971585,45.375327],[-112.970555,45.374984],[-112.970111,45.374926],[-112.967312,45.373542],[-112.966794,45.373366],[-112.966664,45.373389]]}},{"type":"Feature","properties":{"id":"wat-b1216","kind":"water","name":"Hayes Creek","acres":null,"editable":false,"source":"USGS 3DHP flowlines (Channel Line)"},"geometry":{"type":"LineString","coordinates":[[-113.092084,45.228942],[-113.091701,45.22908],[-113.091405,45.229051],[-113.091272,45.229146],[-113.090758,45.229251],[-113.090596,45.229451],[-113.090235,45.229632],[-113.089997,45.230136],[-113.089749,45.230136]]}},{"type":"Feature","properties":{"id":"wat-b1217","kind":"water","name":"Mason Creek","acres":null,"editable":false,"source":"USGS 3DHP flowlines (Channel Line)"},"geometry":{"type":"LineString","coordinates":[[-113.127659,45.252753],[-113.126782,45.253004],[-113.125622,45.253596],[-113.123997,45.254011],[-113.12241,45.25466],[-113.119765,45.255455]]}},{"type":"Feature","properties":{"id":"wat-b1218","kind":"water","name":"Creek","acres":null,"editable":false,"source":"USGS 3DHP flowlines (Channel Line)"},"geometry":{"type":"LineString","coordinates":[[-113.082234,45.230633],[-113.082175,45.230875],[-113.082462,45.231122],[-113.082004,45.231511],[-113.082005,45.231731],[-113.082536,45.232457]]}},{"type":"Feature","properties":{"id":"wat-b1219","kind":"water","name":"Creek","acres":null,"editable":false,"source":"USGS 3DHP flowlines (Channel Line)"},"geometry":{"type":"LineString","coordinates":[[-113.130251,45.401953],[-113.129078,45.402267],[-113.128002,45.402946]]}},{"type":"Feature","properties":{"id":"wat-b1220","kind":"water","name":"Creek","acres":null,"editable":false,"source":"USGS 3DHP flowlines (Channel Line)"},"geometry":{"type":"LineString","coordinates":[[-112.997273,45.380389],[-112.995993,45.379954],[-112.994512,45.379146],[-112.993345,45.378619],[-112.992101,45.378406],[-112.991232,45.378394],[-112.99011,45.37802],[-112.989004,45.377345],[-112.987646,45.376819],[-112.986906,45.37625],[-112.986463,45.375628],[-112.986204,45.375449]]}},{"type":"Feature","properties":{"id":"wat-b1221","kind":"water","name":"Swamp Creek","acres":null,"editable":false,"source":"USGS 3DHP flowlines (Channel Line)"},"geometry":{"type":"LineString","coordinates":[[-113.089425,45.235214],[-113.088983,45.235673]]}},{"type":"Feature","properties":{"id":"wat-b1222","kind":"water","name":"Swamp Creek","acres":null,"editable":false,"source":"USGS 3DHP flowlines (Channel Line)"},"geometry":{"type":"LineString","coordinates":[[-113.115931,45.230785],[-113.11515,45.230725]]}},{"type":"Feature","properties":{"id":"wat-b1223","kind":"water","name":"Birch Creek","acres":null,"editable":false,"source":"USGS 3DHP flowlines (Channel Line)"},"geometry":{"type":"LineString","coordinates":[[-112.96046,45.43706],[-112.959119,45.436509],[-112.95866,45.436169],[-112.958339,45.435691],[-112.957988,45.435532]]}},{"type":"Feature","properties":{"id":"wat-b1224","kind":"water","name":"French Creek","acres":null,"editable":false,"source":"USGS 3DHP flowlines (Channel Line)"},"geometry":{"type":"LineString","coordinates":[[-112.899758,45.375483],[-112.899382,45.375054],[-112.899256,45.374453]]}},{"type":"Feature","properties":{"id":"wat-b1225","kind":"water","name":"Creek","acres":null,"editable":false,"source":"USGS 3DHP flowlines (Channel Line)"},"geometry":{"type":"LineString","coordinates":[[-112.993853,45.395469],[-112.993617,45.395484]]}},{"type":"Feature","properties":{"id":"wat-b1226","kind":"water","name":"Creek","acres":null,"editable":false,"source":"USGS 3DHP flowlines (Channel Line)"},"geometry":{"type":"LineString","coordinates":[[-113.097357,45.143606],[-113.096736,45.143282],[-113.095457,45.142855],[-113.094309,45.142312],[-113.094022,45.142115],[-113.093456,45.141478],[-113.093007,45.141402],[-113.092735,45.141523],[-113.092317,45.141484],[-113.091363,45.140892],[-113.089681,45.140629],[-113.089006,45.140273],[-113.088603,45.140152],[-113.088022,45.139659]]}},{"type":"Feature","properties":{"id":"wat-b1227","kind":"water","name":"Creek","acres":null,"editable":false,"source":"USGS 3DHP flowlines (Channel Line)"},"geometry":{"type":"LineString","coordinates":[[-112.999072,45.207572],[-112.999874,45.207325],[-113.00016,45.207367]]}},{"type":"Feature","properties":{"id":"wat-b1228","kind":"water","name":"Creek","acres":null,"editable":false,"source":"USGS 3DHP flowlines (Channel Line)"},"geometry":{"type":"LineString","coordinates":[[-113.081901,45.187565],[-113.081319,45.187658]]}},{"type":"Feature","properties":{"id":"wat-b1229","kind":"water","name":"Creek","acres":null,"editable":false,"source":"USGS 3DHP flowlines (Channel Line)"},"geometry":{"type":"LineString","coordinates":[[-112.901422,45.241037],[-112.901173,45.241001],[-112.899844,45.241185]]}},{"type":"Feature","properties":{"id":"wat-b1230","kind":"water","name":"Creek","acres":null,"editable":false,"source":"USGS 3DHP flowlines (Channel Line)"},"geometry":{"type":"LineString","coordinates":[[-113.044685,45.401912],[-113.04588,45.402027]]}},{"type":"Feature","properties":{"id":"wat-b1231","kind":"water","name":"Creek","acres":null,"editable":false,"source":"USGS 3DHP flowlines (Channel Line)"},"geometry":{"type":"LineString","coordinates":[[-112.89547,45.313606],[-112.896562,45.312674],[-112.89719,45.312299]]}},{"type":"Feature","properties":{"id":"wat-b1232","kind":"water","name":"Creek","acres":null,"editable":false,"source":"USGS 3DHP flowlines (Channel Line)"},"geometry":{"type":"LineString","coordinates":[[-112.998773,45.159548],[-112.998531,45.159345],[-112.99787,45.159298],[-112.997131,45.159116],[-112.996814,45.159152],[-112.996695,45.159258],[-112.996372,45.159265],[-112.995995,45.159441]]}},{"type":"Feature","properties":{"id":"wat-b1233","kind":"water","name":"Creek","acres":null,"editable":false,"source":"USGS 3DHP flowlines (Channel Line)"},"geometry":{"type":"LineString","coordinates":[[-113.022162,45.433883],[-113.024543,45.434188],[-113.026557,45.434165],[-113.027587,45.434383],[-113.027953,45.43436],[-113.028915,45.43412],[-113.030127,45.434253]]}},{"type":"Feature","properties":{"id":"wat-b1234","kind":"water","name":"Creek","acres":null,"editable":false,"source":"USGS 3DHP flowlines (Channel Line)"},"geometry":{"type":"LineString","coordinates":[[-112.919093,45.334521],[-112.916933,45.333876],[-112.915827,45.333098],[-112.914751,45.332183],[-112.91424,45.331965],[-112.912897,45.331584],[-112.91186,45.331469],[-112.910128,45.331458],[-112.908587,45.331843],[-112.908182,45.331763],[-112.907778,45.331538]]}},{"type":"Feature","properties":{"id":"wat-b1235","kind":"water","name":"French Creek","acres":null,"editable":false,"source":"USGS 3DHP flowlines (Channel Line)"},"geometry":{"type":"LineString","coordinates":[[-112.907778,45.331538],[-112.907843,45.331049],[-112.908266,45.330386],[-112.908368,45.329999],[-112.908645,45.329772],[-112.90909,45.328986],[-112.909127,45.328062],[-112.90929,45.327676],[-112.909563,45.327403],[-112.909249,45.326275],[-112.909177,45.3256],[-112.909374,45.324404],[-112.909796,45.324121],[-112.910462,45.322944],[-112.911799,45.322005],[-112.912009,45.321611],[-112.912354,45.321361],[-112.912589,45.320936],[-112.913389,45.32054],[-112.91366,45.319995],[-112.913996,45.319617],[-112.914707,45.319214],[-112.915566,45.318411],[-112.915771,45.318051],[-112.916967,45.31726],[-112.917276,45.317224],[-112.918097,45.316632],[-112.918698,45.316451],[-112.919308,45.315972],[-112.919488,45.315943],[-112.920762,45.314437],[-112.921487,45.314091],[-112.922389,45.313789],[-112.923218,45.313731],[-112.925705,45.312903],[-112.926087,45.312711],[-112.926565,45.312311],[-112.926733,45.311387],[-112.92694,45.310958],[-112.926901,45.310169],[-112.92714,45.309384],[-112.92744,45.309161],[-112.92747,45.309042],[-112.927232,45.308309],[-112.927482,45.307879]]}},{"type":"Feature","properties":{"id":"wat-b1236","kind":"water","name":"Creek","acres":null,"editable":false,"source":"USGS 3DHP flowlines (Channel Line)"},"geometry":{"type":"LineString","coordinates":[[-113.052329,45.181134],[-113.051786,45.181011]]}},{"type":"Feature","properties":{"id":"wat-b1237","kind":"water","name":"Lake Creek","acres":null,"editable":false,"source":"USGS 3DHP flowlines (Channel Line)"},"geometry":{"type":"LineString","coordinates":[[-113.019996,45.401012],[-113.022277,45.401839],[-113.022956,45.40195],[-113.024772,45.402015],[-113.025687,45.401858],[-113.026321,45.401534],[-113.027361,45.401204]]}},{"type":"Feature","properties":{"id":"wat-b1238","kind":"water","name":"Abrams Creek","acres":null,"editable":false,"source":"USGS 3DHP flowlines (Channel Line)"},"geometry":{"type":"LineString","coordinates":[[-113.185559,45.318286],[-113.185409,45.318408],[-113.184917,45.318563]]}},{"type":"Feature","properties":{"id":"wat-b1239","kind":"water","name":"Abrams Creek","acres":null,"editable":false,"source":"USGS 3DHP flowlines (Channel Line)"},"geometry":{"type":"LineString","coordinates":[[-113.183572,45.319607],[-113.183031,45.319928],[-113.18265,45.320356],[-113.182198,45.320654],[-113.181103,45.321201],[-113.181056,45.321463],[-113.179783,45.322212],[-113.173001,45.322319],[-113.172561,45.322367],[-113.170443,45.322974],[-113.168956,45.323271],[-113.168242,45.323997],[-113.167814,45.324187],[-113.166779,45.324544],[-113.165613,45.324746],[-113.166886,45.325186],[-113.167204,45.3254]]}},{"type":"Feature","properties":{"id":"wat-b1240","kind":"water","name":"Rattlesnake Creek","acres":null,"editable":false,"source":"USGS 3DHP flowlines (Channel Line)"},"geometry":{"type":"LineString","coordinates":[[-112.9651,45.390415],[-112.964955,45.390228],[-112.965008,45.389629],[-112.964809,45.38907]]}},{"type":"Feature","properties":{"id":"wat-b1241","kind":"water","name":"Creek","acres":null,"editable":false,"source":"USGS 3DHP flowlines (Channel Line)"},"geometry":{"type":"LineString","coordinates":[[-112.927256,45.208943],[-112.926577,45.209474],[-112.926108,45.210161]]}},{"type":"Feature","properties":{"id":"wat-b1242","kind":"water","name":"Mason Creek","acres":null,"editable":false,"source":"USGS 3DHP flowlines (Channel Line)"},"geometry":{"type":"LineString","coordinates":[[-113.106739,45.260162],[-113.10626,45.260093],[-113.105845,45.259873],[-113.105312,45.259791],[-113.104293,45.259491],[-113.103522,45.259466],[-113.102987,45.2596]]}},{"type":"Feature","properties":{"id":"wat-b1243","kind":"water","name":"Creek","acres":null,"editable":false,"source":"USGS 3DHP flowlines (Channel Line)"},"geometry":{"type":"LineString","coordinates":[[-112.998638,45.380992],[-112.997761,45.380569]]}},{"type":"Feature","properties":{"id":"wat-b1244","kind":"water","name":"Creek","acres":null,"editable":false,"source":"USGS 3DHP flowlines (Channel Line)"},"geometry":{"type":"LineString","coordinates":[[-112.938981,45.396771],[-112.938828,45.395772],[-112.938836,45.39513]]}},{"type":"Feature","properties":{"id":"wat-b1245","kind":"water","name":"Creek","acres":null,"editable":false,"source":"USGS 3DHP flowlines (Channel Line)"},"geometry":{"type":"LineString","coordinates":[[-113.075418,45.399509],[-113.076303,45.399367],[-113.077379,45.399394],[-113.077806,45.399097],[-113.078684,45.398254],[-113.079798,45.398158],[-113.08037,45.397933],[-113.081194,45.397063],[-113.081926,45.395717],[-113.081804,45.395267],[-113.081881,45.393771],[-113.083094,45.392791],[-113.083765,45.39178],[-113.08391,45.391295],[-113.083803,45.390937],[-113.083864,45.390052],[-113.083796,45.389697],[-113.083559,45.3893],[-113.082804,45.388747],[-113.08259,45.3884],[-113.082575,45.388072],[-113.082895,45.387706]]}},{"type":"Feature","properties":{"id":"wat-b1246","kind":"water","name":"Grasshopper Creek","acres":null,"editable":false,"source":"USGS 3DHP flowlines (Channel Line)"},"geometry":{"type":"LineString","coordinates":[[-113.120022,45.437957],[-113.119991,45.437534],[-113.120762,45.436519],[-113.120701,45.436233],[-113.120838,45.436027],[-113.120319,45.435115],[-113.120312,45.434882],[-113.120129,45.434581],[-113.120212,45.434097],[-113.11993,45.433715],[-113.119945,45.433482]]}},{"type":"Feature","properties":{"id":"wat-b1247","kind":"water","name":"Creek","acres":null,"editable":false,"source":"USGS 3DHP flowlines (Channel Line)"},"geometry":{"type":"LineString","coordinates":[[-112.918254,45.289007],[-112.917323,45.288641],[-112.9164,45.288775],[-112.915553,45.28913],[-112.914881,45.289267],[-112.911776,45.289046],[-112.90967,45.289027],[-112.908449,45.289206],[-112.907053,45.289652],[-112.905016,45.290152],[-112.903696,45.290892],[-112.903322,45.291281],[-112.902887,45.291529],[-112.901636,45.291743],[-112.900186,45.292353],[-112.898546,45.292635],[-112.898062,45.292809]]}},{"type":"Feature","properties":{"id":"wat-b1248","kind":"water","name":"Creek","acres":null,"editable":false,"source":"USGS 3DHP flowlines (Channel Line)"},"geometry":{"type":"LineString","coordinates":[[-113.058061,45.180624],[-113.056982,45.18062]]}},{"type":"Feature","properties":{"id":"wat-b1249","kind":"water","name":"Buffalo Creek","acres":null,"editable":false,"source":"USGS 3DHP flowlines (Channel Line)"},"geometry":{"type":"LineString","coordinates":[[-113.094541,45.193065],[-113.093975,45.193175],[-113.093533,45.193433],[-113.092765,45.19362],[-113.091935,45.194273],[-113.090562,45.194865],[-113.09019,45.195195],[-113.09009,45.195398],[-113.090028,45.195798],[-113.090183,45.196253],[-113.090105,45.196445],[-113.089793,45.196632]]}},{"type":"Feature","properties":{"id":"wat-b1250","kind":"water","name":"Buffalo Creek","acres":null,"editable":false,"source":"USGS 3DHP flowlines (Channel Line)"},"geometry":{"type":"LineString","coordinates":[[-113.089793,45.196632],[-113.088974,45.19685]]}},{"type":"Feature","properties":{"id":"wat-b1251","kind":"water","name":"Taylor Creek","acres":null,"editable":false,"source":"USGS 3DHP flowlines (Channel Line)"},"geometry":{"type":"LineString","coordinates":[[-112.9876,45.241865],[-112.987371,45.241487],[-112.987325,45.240827],[-112.987226,45.240625],[-112.987226,45.240125],[-112.987356,45.239679],[-112.987303,45.239439],[-112.986791,45.238371],[-112.987356,45.236887],[-112.987333,45.235677],[-112.98715,45.235452],[-112.987524,45.235056],[-112.987753,45.23419],[-112.988264,45.233801],[-112.988493,45.233347]]}},{"type":"Feature","properties":{"id":"wat-b1252","kind":"water","name":"Creek","acres":null,"editable":false,"source":"USGS 3DHP flowlines (Channel Line)"},"geometry":{"type":"LineString","coordinates":[[-113.092701,45.150283],[-113.091151,45.150936],[-113.088725,45.151463],[-113.085935,45.152731],[-113.085074,45.152962],[-113.084268,45.153022],[-113.083632,45.153154],[-113.082942,45.153461],[-113.081338,45.154367],[-113.078431,45.155475],[-113.0774,45.155947],[-113.071717,45.15778],[-113.068934,45.158444],[-113.067949,45.158899],[-113.066414,45.159426],[-113.066189,45.15958],[-113.066026,45.159947],[-113.065538,45.160276],[-113.064638,45.160485],[-113.064111,45.160463],[-113.062886,45.160194],[-113.061343,45.160441],[-113.057769,45.160512],[-113.057319,45.160594],[-113.056559,45.160869],[-113.055667,45.160973],[-113.055132,45.161192],[-113.054635,45.161257]]}},{"type":"Feature","properties":{"id":"wat-b1253","kind":"water","name":"Creek","acres":null,"editable":false,"source":"USGS 3DHP flowlines (Channel Line)"},"geometry":{"type":"LineString","coordinates":[[-113.131158,45.401958],[-113.130726,45.402019],[-113.130251,45.401953]]}},{"type":"Feature","properties":{"id":"wat-b1254","kind":"water","name":"Billings Creek","acres":null,"editable":false,"source":"USGS 3DHP flowlines (Channel Line)"},"geometry":{"type":"LineString","coordinates":[[-113.067544,45.373153],[-113.068399,45.3726],[-113.068788,45.372447],[-113.069986,45.372195],[-113.071458,45.372348],[-113.072237,45.372287],[-113.073038,45.372046],[-113.074114,45.371592],[-113.074465,45.371367],[-113.07509,45.370246],[-113.07554,45.369666],[-113.076196,45.369372],[-113.077288,45.36925],[-113.07889,45.368876],[-113.079821,45.368789],[-113.081087,45.368976],[-113.081995,45.369231],[-113.08317,45.369372],[-113.08359,45.369567],[-113.08549,45.369899],[-113.086161,45.36999],[-113.086954,45.369948],[-113.08803,45.370101],[-113.089388,45.37036],[-113.089701,45.370494],[-113.091074,45.370727],[-113.092051,45.3707],[-113.092616,45.370574],[-113.092959,45.370582],[-113.095515,45.370812],[-113.096114,45.370937],[-113.096903,45.370987],[-113.097476,45.370871],[-113.09801,45.371063],[-113.09843,45.370944],[-113.099385,45.370928]]}},{"type":"Feature","properties":{"id":"wat-b1255","kind":"water","name":"Driscoll Creek","acres":null,"editable":false,"source":"USGS 3DHP flowlines (Channel Line)"},"geometry":{"type":"LineString","coordinates":[[-113.112239,45.308943],[-113.113735,45.307852],[-113.114185,45.307238],[-113.114551,45.306372],[-113.114902,45.305918],[-113.115055,45.305445]]}},{"type":"Feature","properties":{"id":"wat-b1256","kind":"water","name":"South Fork Hayes Creek","acres":null,"editable":false,"source":"USGS 3DHP flowlines (Channel Line)"},"geometry":{"type":"LineString","coordinates":[[-113.11701,45.217757],[-113.11695,45.217997]]}},{"type":"Feature","properties":{"id":"wat-b1257","kind":"water","name":"Clark Creek","acres":null,"editable":false,"source":"USGS 3DHP flowlines (Channel Line)"},"geometry":{"type":"LineString","coordinates":[[-113.065377,45.42675],[-113.066125,45.426547],[-113.067109,45.426494],[-113.067689,45.426177],[-113.069177,45.426082],[-113.070436,45.425651],[-113.071809,45.425315],[-113.075327,45.425037],[-113.075777,45.42493],[-113.076173,45.424651],[-113.076479,45.424579],[-113.076845,45.424632],[-113.07802,45.425098],[-113.080347,45.425403],[-113.080675,45.425361],[-113.081354,45.42509],[-113.081903,45.425021],[-113.083529,45.425163],[-113.085024,45.425163],[-113.085879,45.425334],[-113.087321,45.425456],[-113.088618,45.425399],[-113.089159,45.425292],[-113.089541,45.425155],[-113.090235,45.424724],[-113.091192,45.424562]]}},{"type":"Feature","properties":{"id":"wat-b1258","kind":"water","name":"Creek","acres":null,"editable":false,"source":"USGS 3DHP flowlines (Channel Line)"},"geometry":{"type":"LineString","coordinates":[[-113.043269,45.426849],[-113.044052,45.426921],[-113.046005,45.426734],[-113.046951,45.426208],[-113.047646,45.426177],[-113.048584,45.426387],[-113.048882,45.42654],[-113.049073,45.426868],[-113.049385,45.42712],[-113.049622,45.427574],[-113.050972,45.42842],[-113.051583,45.428672],[-113.052018,45.428794],[-113.052712,45.42881],[-113.053719,45.428581]]}},{"type":"Feature","properties":{"id":"wat-b1259","kind":"water","name":"Creek","acres":null,"editable":false,"source":"USGS 3DHP flowlines (Channel Line)"},"geometry":{"type":"LineString","coordinates":[[-113.0058,45.359965],[-113.00556,45.360049],[-113.004371,45.360884]]}},{"type":"Feature","properties":{"id":"wat-b1260","kind":"water","name":"Creek","acres":null,"editable":false,"source":"USGS 3DHP flowlines (Channel Line)"},"geometry":{"type":"LineString","coordinates":[[-113.106471,45.152352],[-113.106146,45.152572],[-113.105992,45.152803]]}},{"type":"Feature","properties":{"id":"wat-b1261","kind":"water","name":"Shale Creek","acres":null,"editable":false,"source":"USGS 3DHP flowlines (Channel Line)"},"geometry":{"type":"LineString","coordinates":[[-113.150926,45.41779],[-113.148702,45.4174],[-113.145528,45.416347],[-113.143661,45.415923]]}},{"type":"Feature","properties":{"id":"wat-b1262","kind":"water","name":"Creek","acres":null,"editable":false,"source":"USGS 3DHP flowlines (Channel Line)"},"geometry":{"type":"LineString","coordinates":[[-113.041663,45.42623],[-113.042541,45.426715],[-113.043269,45.426849]]}},{"type":"Feature","properties":{"id":"wat-b1263","kind":"water","name":"Creek","acres":null,"editable":false,"source":"USGS 3DHP flowlines (Channel Line)"},"geometry":{"type":"LineString","coordinates":[[-112.999266,45.434692],[-112.998724,45.434763],[-112.99806,45.434967],[-112.996312,45.43505],[-112.99584,45.435153],[-112.994803,45.435806],[-112.994437,45.435935],[-112.99407,45.436309],[-112.993855,45.436695],[-112.993169,45.437068],[-112.992666,45.437146],[-112.992452,45.437317],[-112.992085,45.43732],[-112.991796,45.437514],[-112.991636,45.437366],[-112.991453,45.437348],[-112.990491,45.437882],[-112.990048,45.438239],[-112.990003,45.438366],[-112.98959,45.438567],[-112.989499,45.438705],[-112.98818,45.43943],[-112.986623,45.439861],[-112.985799,45.440414],[-112.985188,45.440617],[-112.984334,45.440792],[-112.983525,45.440868],[-112.982702,45.441082],[-112.982464,45.440993],[-112.982213,45.440765],[-112.981595,45.440745],[-112.981207,45.440502]]}},{"type":"Feature","properties":{"id":"wat-b1264","kind":"water","name":"Creek","acres":null,"editable":false,"source":"USGS 3DHP flowlines (Channel Line)"},"geometry":{"type":"LineString","coordinates":[[-113.091649,45.240695],[-113.091432,45.24025]]}},{"type":"Feature","properties":{"id":"wat-b1265","kind":"water","name":"Buffalo Creek","acres":null,"editable":false,"source":"USGS 3DHP flowlines (Channel Line)"},"geometry":{"type":"LineString","coordinates":[[-113.081023,45.203986],[-113.080671,45.204059],[-113.080652,45.204192]]}},{"type":"Feature","properties":{"id":"wat-b1266","kind":"water","name":"Hayes Creek","acres":null,"editable":false,"source":"USGS 3DHP flowlines (Channel Line)"},"geometry":{"type":"LineString","coordinates":[[-113.089749,45.230136],[-113.089559,45.230117],[-113.08874,45.230317],[-113.088131,45.23027],[-113.087808,45.230327],[-113.087484,45.230412],[-113.08718,45.230603],[-113.086827,45.23086],[-113.086894,45.231002],[-113.086789,45.231031],[-113.086808,45.231297],[-113.086561,45.231497],[-113.086532,45.231792],[-113.085923,45.232183],[-113.085761,45.232582],[-113.085447,45.232639],[-113.085352,45.232744],[-113.085562,45.232792],[-113.085647,45.233011],[-113.084965,45.233621],[-113.084764,45.234112],[-113.084785,45.23449],[-113.083964,45.234405],[-113.083666,45.234254]]}},{"type":"Feature","properties":{"id":"wat-b1267","kind":"water","name":"Old Tim Creek","acres":null,"editable":false,"source":"USGS 3DHP flowlines (Channel Line)"},"geometry":{"type":"LineString","coordinates":[[-113.197479,45.432827],[-113.198983,45.433886],[-113.199905,45.434279]]}},{"type":"Feature","properties":{"id":"wat-b1268","kind":"water","name":"Clark Creek","acres":null,"editable":false,"source":"USGS 3DHP flowlines (Channel Line)"},"geometry":{"type":"LineString","coordinates":[[-113.034378,45.434982],[-113.035589,45.43511]]}},{"type":"Feature","properties":{"id":"wat-b1269","kind":"water","name":"Creek","acres":null,"editable":false,"source":"USGS 3DHP flowlines (Channel Line)"},"geometry":{"type":"LineString","coordinates":[[-112.992164,45.395837],[-112.99192,45.395926]]}},{"type":"Feature","properties":{"id":"wat-b1270","kind":"water","name":"Creek","acres":null,"editable":false,"source":"USGS 3DHP flowlines (Channel Line)"},"geometry":{"type":"LineString","coordinates":[[-112.870511,45.15283],[-112.870761,45.152781]]}},{"type":"Feature","properties":{"id":"wat-b1271","kind":"water","name":"Creek","acres":null,"editable":false,"source":"USGS 3DHP flowlines (Channel Line)"},"geometry":{"type":"LineString","coordinates":[[-113.056982,45.18062],[-113.056286,45.180639],[-113.055829,45.180573],[-113.054277,45.181303],[-113.053376,45.181256]]}},{"type":"Feature","properties":{"id":"wat-b1272","kind":"water","name":"Scudder Creek","acres":null,"editable":false,"source":"USGS 3DHP flowlines (Channel Line)"},"geometry":{"type":"LineString","coordinates":[[-113.123064,45.299402],[-113.123318,45.299588]]}},{"type":"Feature","properties":{"id":"wat-b1273","kind":"water","name":"Creek","acres":null,"editable":false,"source":"USGS 3DHP flowlines (Channel Line)"},"geometry":{"type":"LineString","coordinates":[[-113.033948,45.396648],[-113.034332,45.396632]]}},{"type":"Feature","properties":{"id":"wat-b1274","kind":"water","name":"Shale Creek","acres":null,"editable":false,"source":"USGS 3DHP flowlines (Channel Line)"},"geometry":{"type":"LineString","coordinates":[[-113.165613,45.427267],[-113.165101,45.427131]]}},{"type":"Feature","properties":{"id":"wat-b1275","kind":"water","name":"Shale Creek","acres":null,"editable":false,"source":"USGS 3DHP flowlines (Channel Line)"},"geometry":{"type":"LineString","coordinates":[[-113.164509,45.426738],[-113.164141,45.426392]]}},{"type":"Feature","properties":{"id":"wat-b1276","kind":"water","name":"White Creek","acres":null,"editable":false,"source":"USGS 3DHP flowlines (Channel Line)"},"geometry":{"type":"LineString","coordinates":[[-113.076219,45.414241],[-113.07683,45.414054],[-113.077364,45.413692],[-113.077699,45.412441],[-113.078073,45.412074]]}},{"type":"Feature","properties":{"id":"wat-b1277","kind":"water","name":"Creek","acres":null,"editable":false,"source":"USGS 3DHP flowlines (Channel Line)"},"geometry":{"type":"LineString","coordinates":[[-113.085314,45.399661],[-113.085757,45.399741],[-113.086306,45.399703],[-113.087748,45.399837],[-113.08932,45.400142],[-113.089884,45.400375],[-113.090357,45.400821],[-113.091021,45.401225],[-113.091746,45.401534],[-113.092448,45.401706],[-113.093508,45.402286],[-113.095614,45.402274],[-113.096591,45.402492],[-113.097087,45.402785],[-113.09814,45.40406],[-113.098864,45.404487]]}},{"type":"Feature","properties":{"id":"wat-b1278","kind":"water","name":"Brays Canyon Creek","acres":null,"editable":false,"source":"USGS 3DHP flowlines (Channel Line)"},"geometry":{"type":"LineString","coordinates":[[-113.156055,45.193759],[-113.155582,45.19353],[-113.154308,45.193286],[-113.152561,45.193343],[-113.151767,45.193469],[-113.150798,45.193412],[-113.150348,45.193484],[-113.150112,45.193255],[-113.149181,45.193087],[-113.148799,45.193091],[-113.148326,45.19298],[-113.147937,45.192755],[-113.147418,45.19271],[-113.144985,45.191592],[-113.144008,45.191447],[-113.143031,45.190947],[-113.142345,45.190707],[-113.141551,45.190112],[-113.140529,45.189887],[-113.139155,45.189765],[-113.137033,45.189104]]}},{"type":"Feature","properties":{"id":"wat-b1279","kind":"water","name":"Rattlesnake Creek","acres":null,"editable":false,"source":"USGS 3DHP flowlines (Channel Line)"},"geometry":{"type":"LineString","coordinates":[[-112.980155,45.405119],[-112.98003,45.405062]]}},{"type":"Feature","properties":{"id":"wat-b1280","kind":"water","name":"Creek","acres":null,"editable":false,"source":"USGS 3DHP flowlines (Channel Line)"},"geometry":{"type":"LineString","coordinates":[[-113.034424,45.417986],[-113.035102,45.417938],[-113.035487,45.417708]]}},{"type":"Feature","properties":{"id":"wat-b1281","kind":"water","name":"Buffalo Creek","acres":null,"editable":false,"source":"USGS 3DHP flowlines (Channel Line)"},"geometry":{"type":"LineString","coordinates":[[-113.200237,45.164664],[-113.199968,45.163856],[-113.199453,45.163173],[-113.199005,45.163042],[-113.198791,45.161093],[-113.198384,45.159344],[-113.197891,45.158902],[-113.19682,45.158388]]}},{"type":"Feature","properties":{"id":"wat-b1282","kind":"water","name":"White Creek","acres":null,"editable":false,"source":"USGS 3DHP flowlines (Channel Line)"},"geometry":{"type":"LineString","coordinates":[[-113.08507,45.407939],[-113.085207,45.407375],[-113.085917,45.407062],[-113.086375,45.406741],[-113.08716,45.40652],[-113.088671,45.407027],[-113.090716,45.40702],[-113.09154,45.40713],[-113.093127,45.407607],[-113.094096,45.407539],[-113.094699,45.407088],[-113.094874,45.406245],[-113.095408,45.405746],[-113.096575,45.405208],[-113.098864,45.404487]]}},{"type":"Feature","properties":{"id":"wat-b1283","kind":"water","name":"Creek","acres":null,"editable":false,"source":"USGS 3DHP flowlines (Channel Line)"},"geometry":{"type":"LineString","coordinates":[[-113.014632,45.296526],[-113.01514,45.296744],[-113.016037,45.296758]]}},{"type":"Feature","properties":{"id":"wat-b1284","kind":"water","name":"Swamp Creek","acres":null,"editable":false,"source":"USGS 3DHP flowlines (Channel Line)"},"geometry":{"type":"LineString","coordinates":[[-113.101636,45.233356],[-113.101652,45.233486],[-113.101391,45.23362],[-113.101305,45.233591],[-113.101224,45.233691]]}},{"type":"Feature","properties":{"id":"wat-b1285","kind":"water","name":"Rock Creek","acres":null,"editable":false,"source":"USGS 3DHP flowlines (Channel Line)"},"geometry":{"type":"LineString","coordinates":[[-113.173539,45.315933],[-113.172731,45.316392],[-113.172145,45.316542]]}},{"type":"Feature","properties":{"id":"wat-b1286","kind":"water","name":"Creek","acres":null,"editable":false,"source":"USGS 3DHP flowlines (Channel Line)"},"geometry":{"type":"LineString","coordinates":[[-113.149141,45.176579],[-113.147578,45.17763],[-113.146754,45.178302],[-113.146319,45.178523],[-113.144687,45.17919],[-113.143657,45.179389],[-113.142675,45.179391]]}},{"type":"Feature","properties":{"id":"wat-b1287","kind":"water","name":"Shale Creek","acres":null,"editable":false,"source":"USGS 3DHP flowlines (Channel Line)"},"geometry":{"type":"LineString","coordinates":[[-113.143314,45.415835],[-113.13844,45.414787],[-113.137479,45.414672],[-113.135762,45.414668]]}},{"type":"Feature","properties":{"id":"wat-b1288","kind":"water","name":"Creek","acres":null,"editable":false,"source":"USGS 3DHP flowlines (Channel Line)"},"geometry":{"type":"LineString","coordinates":[[-113.173028,45.310136],[-113.172408,45.310199],[-113.171393,45.310027],[-113.170851,45.310057],[-113.170454,45.30992]]}},{"type":"Feature","properties":{"id":"wat-b1289","kind":"water","name":"Creek","acres":null,"editable":false,"source":"USGS 3DHP flowlines (Channel Line)"},"geometry":{"type":"LineString","coordinates":[[-113.084777,45.227505],[-113.083245,45.229075],[-113.082234,45.230633]]}},{"type":"Feature","properties":{"id":"wat-b1290","kind":"water","name":"East Fork Dyce Creek","acres":null,"editable":false,"source":"USGS 3DHP flowlines (Channel Line)"},"geometry":{"type":"LineString","coordinates":[[-113.03003,45.322042],[-113.031586,45.319846],[-113.032028,45.318823],[-113.031715,45.317248],[-113.031692,45.316096],[-113.0315,45.315098]]}},{"type":"Feature","properties":{"id":"wat-b1291","kind":"water","name":"Creek","acres":null,"editable":false,"source":"USGS 3DHP flowlines (Channel Line)"},"geometry":{"type":"LineString","coordinates":[[-112.987912,45.397937],[-112.987636,45.397895]]}},{"type":"Feature","properties":{"id":"wat-b1292","kind":"water","name":"Creek","acres":null,"editable":false,"source":"USGS 3DHP flowlines (Channel Line)"},"geometry":{"type":"LineString","coordinates":[[-113.123283,45.416323],[-113.12299,45.416301],[-113.122326,45.416454],[-113.121662,45.416232],[-113.121242,45.416232],[-113.119892,45.416736],[-113.118966,45.416863]]}},{"type":"Feature","properties":{"id":"wat-b1293","kind":"water","name":"Creek","acres":null,"editable":false,"source":"USGS 3DHP flowlines (Channel Line)"},"geometry":{"type":"LineString","coordinates":[[-112.877702,45.296862],[-112.876549,45.29637],[-112.876015,45.295954],[-112.875909,45.295771],[-112.874467,45.294741],[-112.873727,45.294489],[-112.873238,45.294211],[-112.872986,45.293993],[-112.872597,45.293417],[-112.871399,45.292193],[-112.870827,45.291815],[-112.869858,45.290942],[-112.869828,45.290747],[-112.86995,45.290541],[-112.870987,45.289702],[-112.871316,45.289122],[-112.871491,45.287772],[-112.871071,45.286963],[-112.871308,45.286581],[-112.872124,45.285853],[-112.872155,45.285673],[-112.87156,45.284525],[-112.871285,45.28422]]}},{"type":"Feature","properties":{"id":"wat-b1294","kind":"water","name":"Creek","acres":null,"editable":false,"source":"USGS 3DHP flowlines (Channel Line)"},"geometry":{"type":"LineString","coordinates":[[-113.129956,45.404021],[-113.12872,45.403487],[-113.128453,45.403186],[-113.128002,45.402946]]}},{"type":"Feature","properties":{"id":"wat-b1295","kind":"water","name":"Swamp Creek","acres":null,"editable":false,"source":"USGS 3DHP flowlines (Channel Line)"},"geometry":{"type":"LineString","coordinates":[[-113.110623,45.230436],[-113.109716,45.230272],[-113.10828,45.230684]]}},{"type":"Feature","properties":{"id":"wat-b1296","kind":"water","name":"Creek","acres":null,"editable":false,"source":"USGS 3DHP flowlines (Channel Line)"},"geometry":{"type":"LineString","coordinates":[[-113.147403,45.237454],[-113.146742,45.237665],[-113.146419,45.237931],[-113.145914,45.237827],[-113.145809,45.237998],[-113.145553,45.238046],[-113.145372,45.238207],[-113.144477,45.238312],[-113.144049,45.238541],[-113.143544,45.238959],[-113.14303,45.239197],[-113.142592,45.239921],[-113.14205,45.240149],[-113.141736,45.240387],[-113.141441,45.240682],[-113.141488,45.240834],[-113.141241,45.241025],[-113.141184,45.241206],[-113.140594,45.241434],[-113.140403,45.241786],[-113.140194,45.241853],[-113.139785,45.241758],[-113.139328,45.2419],[-113.138795,45.242329],[-113.138167,45.242509],[-113.138018,45.242981]]}},{"type":"Feature","properties":{"id":"wat-b1297","kind":"water","name":"Swamp Creek","acres":null,"editable":false,"source":"USGS 3DHP flowlines (Channel Line)"},"geometry":{"type":"LineString","coordinates":[[-113.147403,45.237454],[-113.146822,45.237227]]}},{"type":"Feature","properties":{"id":"wat-b1298","kind":"water","name":"Brays Canyon Creek","acres":null,"editable":false,"source":"USGS 3DHP flowlines (Channel Line)"},"geometry":{"type":"LineString","coordinates":[[-113.19138,45.199796],[-113.190191,45.200881],[-113.188772,45.201167],[-113.188047,45.201491]]}},{"type":"Feature","properties":{"id":"wat-b1299","kind":"water","name":"White Creek","acres":null,"editable":false,"source":"USGS 3DHP flowlines (Channel Line)"},"geometry":{"type":"LineString","coordinates":[[-113.098864,45.404487],[-113.099605,45.404567],[-113.100055,45.40446],[-113.100672,45.404511]]}},{"type":"Feature","properties":{"id":"wat-b1300","kind":"water","name":"Dyce Creek","acres":null,"editable":false,"source":"USGS 3DHP flowlines (Channel Line)"},"geometry":{"type":"LineString","coordinates":[[-113.035904,45.257933],[-113.03586,45.25756]]}},{"type":"Feature","properties":{"id":"wat-b1301","kind":"water","name":"Creek","acres":null,"editable":false,"source":"USGS 3DHP flowlines (Channel Line)"},"geometry":{"type":"LineString","coordinates":[[-113.018825,45.281553],[-113.01903,45.281106],[-113.01971,45.280722],[-113.019799,45.279612],[-113.019962,45.279051],[-113.020265,45.278733],[-113.020406,45.278392],[-113.020973,45.277834],[-113.021034,45.276903],[-113.021858,45.275843],[-113.022071,45.274832],[-113.022522,45.274508],[-113.022598,45.274343],[-113.022544,45.273516],[-113.022674,45.273188],[-113.023208,45.272909],[-113.023666,45.272428],[-113.024414,45.272093],[-113.025558,45.271936],[-113.026062,45.271608],[-113.027122,45.271421],[-113.027588,45.270998],[-113.028381,45.269999],[-113.028732,45.269754],[-113.029846,45.269438],[-113.030632,45.269041],[-113.031038,45.268742]]}},{"type":"Feature","properties":{"id":"wat-b1302","kind":"water","name":"Rattlesnake Creek","acres":null,"editable":false,"source":"USGS 3DHP flowlines (Channel Line)"},"geometry":{"type":"LineString","coordinates":[[-112.98003,45.405062],[-112.979407,45.404796]]}},{"type":"Feature","properties":{"id":"wat-b1303","kind":"water","name":"Creek","acres":null,"editable":false,"source":"USGS 3DHP flowlines (Channel Line)"},"geometry":{"type":"LineString","coordinates":[[-112.995521,45.395465],[-112.994865,45.395515]]}},{"type":"Feature","properties":{"id":"wat-b1304","kind":"water","name":"Creek","acres":null,"editable":false,"source":"USGS 3DHP flowlines (Channel Line)"},"geometry":{"type":"LineString","coordinates":[[-113.183263,45.208785],[-113.180959,45.207969],[-113.180089,45.207736],[-113.179731,45.207511],[-113.178678,45.207286],[-113.176931,45.206462],[-113.175557,45.20626],[-113.175153,45.206042],[-113.173123,45.205512],[-113.171956,45.205294],[-113.171018,45.20526],[-113.169873,45.205478],[-113.168759,45.205527],[-113.167706,45.205912],[-113.166959,45.205962],[-113.164929,45.206385],[-113.164296,45.206362],[-113.162877,45.206584],[-113.161358,45.206721],[-113.160077,45.206725]]}},{"type":"Feature","properties":{"id":"wat-b1305","kind":"water","name":"Creek","acres":null,"editable":false,"source":"USGS 3DHP flowlines (Channel Line)"},"geometry":{"type":"LineString","coordinates":[[-113.031907,45.223547],[-113.032469,45.222974],[-113.032885,45.222768]]}},{"type":"Feature","properties":{"id":"wat-b1306","kind":"water","name":"North Fork Hayes Creek","acres":null,"editable":false,"source":"USGS 3DHP flowlines (Channel Line)"},"geometry":{"type":"LineString","coordinates":[[-113.188725,45.228482],[-113.188562,45.228413]]}},{"type":"Feature","properties":{"id":"wat-b1307","kind":"water","name":"Brays Canyon Creek","acres":null,"editable":false,"source":"USGS 3DHP flowlines (Channel Line)"},"geometry":{"type":"LineString","coordinates":[[-113.193083,45.198623],[-113.192861,45.199023],[-113.19138,45.199796]]}},{"type":"Feature","properties":{"id":"wat-b1308","kind":"water","name":"Creek","acres":null,"editable":false,"source":"USGS 3DHP flowlines (Channel Line)"},"geometry":{"type":"LineString","coordinates":[[-113.155086,45.259314],[-113.154676,45.259495],[-113.154401,45.25949],[-113.15315,45.259168]]}},{"type":"Feature","properties":{"id":"wat-b1309","kind":"water","name":"Kearns Creek","acres":null,"editable":false,"source":"USGS 3DHP flowlines (Channel Line)"},"geometry":{"type":"LineString","coordinates":[[-112.935847,45.302558],[-112.93581,45.302526]]}},{"type":"Feature","properties":{"id":"wat-b1310","kind":"water","name":"Creek","acres":null,"editable":false,"source":"USGS 3DHP flowlines (Channel Line)"},"geometry":{"type":"LineString","coordinates":[[-112.951751,45.382556],[-112.951987,45.382368],[-112.952152,45.382024]]}},{"type":"Feature","properties":{"id":"wat-b1311","kind":"water","name":"Kearns Creek","acres":null,"editable":false,"source":"USGS 3DHP flowlines (Channel Line)"},"geometry":{"type":"LineString","coordinates":[[-112.948955,45.320283],[-112.949078,45.320158],[-112.949055,45.320059],[-112.948661,45.319951],[-112.948547,45.319648],[-112.948636,45.319219],[-112.948951,45.318802],[-112.948472,45.317703],[-112.948472,45.317539],[-112.948812,45.317072],[-112.94865,45.31576],[-112.947827,45.31519],[-112.947848,45.314888],[-112.947992,45.314673],[-112.947878,45.31423],[-112.948093,45.31389],[-112.947941,45.312949],[-112.947007,45.312374],[-112.947019,45.312134],[-112.947259,45.311882],[-112.947373,45.311162],[-112.947082,45.310707],[-112.94664,45.310455],[-112.946438,45.310038],[-112.946583,45.309519]]}},{"type":"Feature","properties":{"id":"wat-b1312","kind":"water","name":"Creek","acres":null,"editable":false,"source":"USGS 3DHP flowlines (Channel Line)"},"geometry":{"type":"LineString","coordinates":[[-113.185295,45.42889],[-113.188645,45.430443],[-113.190505,45.430965],[-113.192222,45.431139],[-113.193755,45.431415],[-113.195664,45.431965],[-113.197479,45.432827]]}},{"type":"Feature","properties":{"id":"wat-b1313","kind":"water","name":"Creek","acres":null,"editable":false,"source":"USGS 3DHP flowlines (Channel Line)"},"geometry":{"type":"LineString","coordinates":[[-112.947026,45.328739],[-112.945781,45.327747],[-112.945493,45.32764],[-112.944658,45.327587],[-112.943726,45.327423]]}},{"type":"Feature","properties":{"id":"wat-b1314","kind":"water","name":"Creek","acres":null,"editable":false,"source":"USGS 3DHP flowlines (Channel Line)"},"geometry":{"type":"LineString","coordinates":[[-112.922312,45.178983],[-112.922845,45.178991],[-112.923467,45.178816]]}},{"type":"Feature","properties":{"id":"wat-b1315","kind":"water","name":"Cottonwood Creek","acres":null,"editable":false,"source":"USGS 3DHP flowlines (Channel Line)"},"geometry":{"type":"LineString","coordinates":[[-113.041914,45.228492],[-113.042316,45.228165]]}},{"type":"Feature","properties":{"id":"wat-b1316","kind":"water","name":"Brays Canyon Creek","acres":null,"editable":false,"source":"USGS 3DHP flowlines (Channel Line)"},"geometry":{"type":"LineString","coordinates":[[-113.136545,45.188774],[-113.135615,45.187746]]}},{"type":"Feature","properties":{"id":"wat-b1317","kind":"water","name":"French Creek","acres":null,"editable":false,"source":"USGS 3DHP flowlines (Channel Line)"},"geometry":{"type":"LineString","coordinates":[[-112.906632,45.382299],[-112.906189,45.38215],[-112.906145,45.382039]]}},{"type":"Feature","properties":{"id":"wat-b1318","kind":"water","name":"Cottonwood Creek","acres":null,"editable":false,"source":"USGS 3DHP flowlines (Channel Line)"},"geometry":{"type":"LineString","coordinates":[[-113.160257,45.377846],[-113.159842,45.377208]]}},{"type":"Feature","properties":{"id":"wat-b1319","kind":"water","name":"Creek","acres":null,"editable":false,"source":"USGS 3DHP flowlines (Channel Line)"},"geometry":{"type":"LineString","coordinates":[[-113.041027,45.400158],[-113.042076,45.400638],[-113.042519,45.400928],[-113.043068,45.401496],[-113.043614,45.401814]]}},{"type":"Feature","properties":{"id":"wat-b1320","kind":"water","name":"Rattlesnake Creek","acres":null,"editable":false,"source":"USGS 3DHP flowlines (Channel Line)"},"geometry":{"type":"LineString","coordinates":[[-112.979407,45.404796],[-112.978922,45.404538]]}},{"type":"Feature","properties":{"id":"wat-b1321","kind":"water","name":"Creek","acres":null,"editable":false,"source":"USGS 3DHP flowlines (Channel Line)"},"geometry":{"type":"LineString","coordinates":[[-112.928758,45.160009],[-112.929582,45.15954],[-112.930581,45.158426],[-112.931481,45.157693],[-112.932702,45.156431],[-112.932931,45.156019],[-112.933068,45.155946],[-112.933991,45.155855],[-112.934869,45.155404],[-112.935678,45.15529],[-112.936791,45.154615],[-112.938142,45.154142],[-112.938836,45.154043],[-112.939309,45.153875],[-112.93992,45.153852],[-112.940332,45.153726],[-112.940545,45.153447],[-112.94053,45.152986]]}},{"type":"Feature","properties":{"id":"wat-b1322","kind":"water","name":"Brays Canyon Creek","acres":null,"editable":false,"source":"USGS 3DHP flowlines (Channel Line)"},"geometry":{"type":"LineString","coordinates":[[-113.16559,45.197962],[-113.16505,45.197595],[-113.164911,45.197284],[-113.164772,45.197206],[-113.164532,45.19728],[-113.164143,45.196925],[-113.162731,45.196364],[-113.161831,45.195838],[-113.160801,45.195441],[-113.159351,45.194617],[-113.158833,45.194163],[-113.158337,45.193953],[-113.157162,45.193755],[-113.156773,45.193713],[-113.156368,45.193765]]}},{"type":"Feature","properties":{"id":"wat-b1323","kind":"water","name":"Rattlesnake Creek","acres":null,"editable":false,"source":"USGS 3DHP flowlines (Channel Line)"},"geometry":{"type":"LineString","coordinates":[[-112.942173,45.326125],[-112.942079,45.325897],[-112.94177,45.32562],[-112.941551,45.324196],[-112.94118,45.323575],[-112.940987,45.322576],[-112.94058,45.322044],[-112.940541,45.321206],[-112.940298,45.321077],[-112.939445,45.320974],[-112.93947,45.320235],[-112.939102,45.319942],[-112.938999,45.319746],[-112.937496,45.318839],[-112.936925,45.3187],[-112.936368,45.318],[-112.936326,45.317597],[-112.936604,45.316969],[-112.936222,45.316748],[-112.936076,45.316562],[-112.93594,45.31592],[-112.935658,45.315605],[-112.934662,45.315249],[-112.934423,45.315084],[-112.934163,45.314717],[-112.933584,45.314328],[-112.933574,45.314178],[-112.933781,45.313928],[-112.933767,45.313553],[-112.934078,45.313075],[-112.934001,45.312728],[-112.933242,45.31244],[-112.933046,45.312254],[-112.933106,45.311811],[-112.932582,45.311676],[-112.931511,45.31124],[-112.931429,45.310776],[-112.931518,45.310534],[-112.931421,45.310335],[-112.93089,45.310002],[-112.930676,45.309591],[-112.928957,45.308829],[-112.928823,45.308553],[-112.9291,45.308305],[-112.929119,45.308086],[-112.928912,45.307455],[-112.928538,45.307108],[-112.928104,45.306162],[-112.927867,45.305941]]}},{"type":"Feature","properties":{"id":"wat-b1324","kind":"water","name":"Clark Creek","acres":null,"editable":false,"source":"USGS 3DHP flowlines (Channel Line)"},"geometry":{"type":"LineString","coordinates":[[-113.103019,45.417239],[-113.103281,45.41713]]}},{"type":"Feature","properties":{"id":"wat-b1325","kind":"water","name":"White Creek","acres":null,"editable":false,"source":"USGS 3DHP flowlines (Channel Line)"},"geometry":{"type":"LineString","coordinates":[[-113.040123,45.413314],[-113.040642,45.412944],[-113.041061,45.412433],[-113.041603,45.412235],[-113.042068,45.411952],[-113.042618,45.411891],[-113.043762,45.411544],[-113.045716,45.411361],[-113.048462,45.411475],[-113.050179,45.411639],[-113.051163,45.411929],[-113.051629,45.412151],[-113.051789,45.412276],[-113.052002,45.412734],[-113.052239,45.412902],[-113.053444,45.413226]]}},{"type":"Feature","properties":{"id":"wat-b1326","kind":"water","name":"Dyce Creek","acres":null,"editable":false,"source":"USGS 3DHP flowlines (Channel Line)"},"geometry":{"type":"LineString","coordinates":[[-113.039882,45.247603],[-113.040393,45.246295],[-113.04034,45.246155],[-113.040481,45.246005],[-113.040384,45.245835],[-113.040379,45.245033],[-113.040215,45.244046],[-113.040016,45.243471],[-113.04005,45.243287],[-113.039799,45.242997],[-113.039862,45.242001],[-113.039726,45.241953],[-113.039712,45.241745],[-113.039538,45.241701],[-113.039494,45.2416],[-113.039668,45.241324],[-113.040089,45.240038],[-113.039958,45.239946],[-113.040273,45.239685],[-113.040248,45.239516],[-113.040427,45.239438],[-113.040379,45.239259],[-113.040582,45.239129],[-113.040717,45.2385],[-113.041046,45.238094],[-113.04128,45.237994],[-113.041306,45.237875],[-113.041685,45.237611],[-113.041675,45.237403],[-113.042008,45.236895],[-113.041936,45.236866],[-113.042018,45.236581],[-113.042565,45.236063],[-113.042623,45.235744],[-113.042826,45.235657],[-113.042714,45.235628],[-113.042797,45.235512],[-113.042569,45.234898],[-113.042661,45.234492],[-113.04285,45.234197],[-113.042995,45.234158],[-113.043087,45.233989],[-113.043541,45.233868],[-113.043773,45.232978],[-113.044576,45.23249],[-113.045548,45.231508],[-113.04574,45.231177]]}},{"type":"Feature","properties":{"id":"wat-b1327","kind":"water","name":"Cottonwood Creek","acres":null,"editable":false,"source":"USGS 3DHP flowlines (Channel Line)"},"geometry":{"type":"LineString","coordinates":[[-113.017438,45.249498],[-113.018106,45.248857],[-113.018549,45.248572],[-113.020506,45.248101],[-113.021586,45.247733],[-113.022339,45.247657],[-113.023,45.247289],[-113.023458,45.247152],[-113.023854,45.246906],[-113.024748,45.24656],[-113.025307,45.246166],[-113.026254,45.245749],[-113.028111,45.244658],[-113.0285,45.244197],[-113.029176,45.242892],[-113.031041,45.240561],[-113.031398,45.239908],[-113.031724,45.239623],[-113.03188,45.239135],[-113.033123,45.23738],[-113.033946,45.236694],[-113.035018,45.236228],[-113.035973,45.23517],[-113.036222,45.234747],[-113.036626,45.233842],[-113.036805,45.232893],[-113.037574,45.232306],[-113.038459,45.231857],[-113.039026,45.231078],[-113.039468,45.230694],[-113.039779,45.230274]]}},{"type":"Feature","properties":{"id":"wat-b1328","kind":"water","name":"Swamp Creek","acres":null,"editable":false,"source":"USGS 3DHP flowlines (Channel Line)"},"geometry":{"type":"LineString","coordinates":[[-113.118369,45.231301],[-113.117701,45.231354],[-113.116329,45.231117],[-113.116132,45.230873],[-113.115931,45.230785]]}},{"type":"Feature","properties":{"id":"wat-b1329","kind":"water","name":"Swamp Creek","acres":null,"editable":false,"source":"USGS 3DHP flowlines (Channel Line)"},"geometry":{"type":"LineString","coordinates":[[-113.148427,45.237529],[-113.147403,45.237454]]}}]}