{"type":"FeatureCollection","features":[{"type":"Feature","properties":{"id":"excl-b-1","kind":"exclusion","name":"Creek exclusion zone","acres":43.2,"editable":true,"source":"Mesic Analysis Platform + NWI (filtered rule, 2 Sep 2026)","strm_type":"Perennial","veg_pct":72.2},"geometry":{"type":"Polygon","coordinates":[[[-111.155633,41.989615],[-111.154193,41.98843],[-111.15375,41.988392],[-111.153604,41.988499],[-111.15363,41.988661],[-111.153234,41.989589],[-111.153131,41.989589],[-111.152806,41.989264],[-111.152578,41.989219],[-111.152358,41.989066],[-111.152175,41.989086],[-111.152021,41.989219],[-111.151503,41.989203],[-111.151187,41.989495],[-111.150803,41.989617],[-111.15048,41.98983],[-111.149523,41.990793],[-111.149149,41.990975],[-111.148967,41.990975],[-111.148779,41.990235],[-111.148967,41.990053],[-111.149561,41.990008],[-111.150447,41.989125],[-111.150818,41.989102],[-111.151038,41.988855],[-111.150971,41.988719],[-111.150171,41.988197],[-111.150077,41.987734],[-111.150572,41.987299],[-111.150421,41.986872],[-111.149552,41.986108],[-111.148967,41.98607],[-111.148967,41.985977],[-111.149765,41.985472],[-111.150215,41.984919],[-111.150264,41.984945],[-111.150425,41.984779],[-111.150427,41.984778],[-111.150613,41.984564],[-111.150616,41.98456],[-111.150618,41.984557],[-111.15062,41.984553],[-111.150663,41.984452],[-111.150606,41.984438],[-111.150608,41.984435],[-111.15061,41.984429],[-111.150667,41.984442],[-111.150719,41.984322],[-111.15072,41.984317],[-111.150782,41.984086],[-111.150872,41.983865],[-111.15101,41.983661],[-111.151172,41.983454],[-111.151173,41.983453],[-111.151335,41.983227],[-111.151337,41.983224],[-111.151339,41.98322],[-111.15134,41.983217],[-111.15142,41.98297],[-111.151422,41.982966],[-111.151422,41.982961],[-111.151422,41.982957],[-111.151421,41.982953],[-111.151374,41.982718],[-111.151372,41.982714],[-111.15137,41.982709],[-111.151368,41.982705],[-111.151365,41.982701],[-111.15122,41.982536],[-111.15117,41.982561],[-111.151094,41.982307],[-111.151524,41.982193],[-111.151641,41.982072],[-111.151893,41.982099],[-111.152208,41.982022],[-111.152022,41.982672],[-111.152021,41.983845],[-111.151841,41.984069],[-111.152021,41.984309],[-111.152021,41.984496],[-111.151682,41.984646],[-111.151375,41.984992],[-111.151494,41.985361],[-111.151838,41.985607],[-111.151854,41.98591],[-111.1532,41.986959],[-111.154788,41.9878],[-111.155075,41.987828],[-111.155622,41.98817],[-111.156185,41.988385],[-111.156197,41.988574],[-111.156373,41.988755],[-111.15611,41.989084],[-111.156114,41.989236],[-111.155873,41.98935],[-111.155633,41.989615]]]}},{"type":"Feature","properties":{"id":"excl-b-2","kind":"exclusion","name":"Creek exclusion zone","acres":0.1,"editable":true,"source":"Mesic Analysis Platform + NWI (filtered rule, 2 Sep 2026)","strm_type":"Perennial","veg_pct":60.3},"geometry":{"type":"Polygon","coordinates":[[[-111.151155,41.98324],[-111.151271,41.9829],[-111.151207,41.982685],[-111.151256,41.982742],[-111.1513,41.982957],[-111.151225,41.98319],[-111.151068,41.98341],[-111.150904,41.983617],[-111.150903,41.98362],[-111.150762,41.983828],[-111.15076,41.983831],[-111.150758,41.983835],[-111.150746,41.983865],[-111.150817,41.983569],[-111.151155,41.98324]]]}},{"type":"Feature","properties":{"id":"excl-b-3","kind":"exclusion","name":"Creek exclusion zone","acres":8.5,"editable":true,"source":"Mesic Analysis Platform + NWI (filtered rule, 2 Sep 2026)","strm_type":"Perennial","veg_pct":63.0},"geometry":{"type":"Polygon","coordinates":[[[-111.150168,41.981291],[-111.150313,41.981451],[-111.150634,41.981531],[-111.150634,41.981625],[-111.150121,41.981633],[-111.149894,41.981807],[-111.148976,41.981718],[-111.148876,41.981433],[-111.149011,41.981255],[-111.1497,41.981251],[-111.149865,41.98116],[-111.150161,41.980699],[-111.150171,41.980234],[-111.150263,41.98011],[-111.150344,41.978937],[-111.149957,41.978165],[-111.14915,41.977179],[-111.148873,41.976715],[-111.148873,41.976542],[-111.1498,41.976247],[-111.149903,41.976392],[-111.14971,41.976578],[-111.149718,41.976737],[-111.149959,41.976958],[-111.150353,41.977086],[-111.150357,41.977628],[-111.15054,41.977826],[-111.150517,41.978113],[-111.150324,41.977692],[-111.150322,41.977688],[-111.150094,41.977305],[-111.150092,41.977303],[-111.150054,41.977247],[-111.149946,41.977289],[-111.149984,41.977343],[-111.15021,41.977723],[-111.150598,41.978569],[-111.150729,41.979005],[-111.150757,41.979286],[-111.150728,41.979641],[-111.15067,41.9799],[-111.150669,41.979904],[-111.150669,41.979908],[-111.150668,41.980223],[-111.150669,41.980227],[-111.15067,41.980231],[-111.150671,41.980236],[-111.150789,41.980537],[-111.150905,41.980512],[-111.150829,41.980318],[-111.151187,41.980604],[-111.150948,41.980863],[-111.150707,41.980869],[-111.150172,41.981151],[-111.150168,41.981291]]]}},{"type":"Feature","properties":{"id":"excl-b-4","kind":"exclusion","name":"Creek exclusion zone","acres":0.3,"editable":true,"source":"Mesic Analysis Platform + NWI (filtered rule, 2 Sep 2026)","strm_type":"Perennial","veg_pct":61.7},"geometry":{"type":"Polygon","coordinates":[[[-111.151004,41.9794],[-111.151004,41.979681],[-111.150818,41.979893],[-111.150821,41.980298],[-111.150789,41.980217],[-111.15079,41.979912],[-111.150847,41.979654],[-111.150848,41.979649],[-111.150877,41.979289],[-111.150877,41.979283],[-111.150849,41.978995],[-111.150848,41.978988],[-111.150717,41.978555],[-111.150817,41.978753],[-111.151004,41.9794]]]}},{"type":"Feature","properties":{"id":"excl-b-5","kind":"exclusion","name":"Creek exclusion zone","acres":1.1,"editable":true,"source":"Mesic Analysis Platform + NWI (filtered rule, 2 Sep 2026)","strm_type":"Perennial","veg_pct":81.0},"geometry":{"type":"Polygon","coordinates":[[[-111.150067,42.060438],[-111.149967,42.060487],[-111.150024,42.060551],[-111.149934,42.06064],[-111.149666,42.060514],[-111.149653,42.06027],[-111.149747,42.060177],[-111.15016,42.060042],[-111.150487,42.059717],[-111.150707,42.059744],[-111.150857,42.060025],[-111.150768,42.060176],[-111.150263,42.060315],[-111.1501,42.060475],[-111.150067,42.060438]]]}},{"type":"Feature","properties":{"id":"excl-b-6","kind":"exclusion","name":"Creek exclusion zone","acres":6.9,"editable":true,"source":"Mesic Analysis Platform + NWI (filtered rule, 2 Sep 2026)","strm_type":"Intermittent","veg_pct":75.2},"geometry":{"type":"Polygon","coordinates":[[[-111.158504,41.956065],[-111.15815,41.956505],[-111.15813,41.956716],[-111.157691,41.957337],[-111.157577,41.957639],[-111.156967,41.958335],[-111.15693,41.958473],[-111.1567,41.958595],[-111.156296,41.959014],[-111.156279,41.959677],[-111.156262,41.959703],[-111.156259,41.959616],[-111.156259,41.959615],[-111.156238,41.959319],[-111.156238,41.959039],[-111.156259,41.958921],[-111.15626,41.958916],[-111.156268,41.958736],[-111.156267,41.958732],[-111.156267,41.958728],[-111.156266,41.958724],[-111.156264,41.958719],[-111.156262,41.958716],[-111.156259,41.958712],[-111.156206,41.958644],[-111.156203,41.95864],[-111.156199,41.958637],[-111.156194,41.958634],[-111.156189,41.958631],[-111.156184,41.958628],[-111.156179,41.958626],[-111.156099,41.958599],[-111.156094,41.958598],[-111.156088,41.958596],[-111.156082,41.958596],[-111.156076,41.958595],[-111.156071,41.958595],[-111.156065,41.958596],[-111.156059,41.958597],[-111.156053,41.958598],[-111.156048,41.9586],[-111.155969,41.958628],[-111.156186,41.95838],[-111.156881,41.957794],[-111.157093,41.957476],[-111.157301,41.956899],[-111.157645,41.956561],[-111.158029,41.955795],[-111.15804,41.955371],[-111.157964,41.955256],[-111.158031,41.955181],[-111.158321,41.955207],[-111.158687,41.954862],[-111.159104,41.954722],[-111.159334,41.954491],[-111.159747,41.954281],[-111.160355,41.953658],[-111.160444,41.953658],[-111.160604,41.953845],[-111.159797,41.954678],[-111.159202,41.955],[-111.158541,41.955556],[-111.158504,41.956065]]]}},{"type":"Feature","properties":{"id":"excl-b-7","kind":"exclusion","name":"Creek exclusion zone","acres":18.9,"editable":true,"source":"Mesic Analysis Platform + NWI (filtered rule, 2 Sep 2026)","strm_type":"Perennial","veg_pct":82.0},"geometry":{"type":"Polygon","coordinates":[[[-111.156187,41.960294],[-111.156205,41.960336],[-111.156145,41.960332],[-111.156103,41.960655],[-111.155856,41.961077],[-111.155855,41.961078],[-111.155695,41.961377],[-111.155435,41.961696],[-111.155164,41.96196],[-111.155161,41.961964],[-111.154984,41.962181],[-111.154982,41.962185],[-111.154746,41.962535],[-111.154744,41.962539],[-111.154742,41.962543],[-111.154741,41.962547],[-111.15474,41.962551],[-111.154739,41.962555],[-111.154739,41.962782],[-111.15468,41.96291],[-111.154497,41.963061],[-111.154493,41.963065],[-111.15449,41.963068],[-111.154487,41.963072],[-111.154485,41.963076],[-111.15439,41.963265],[-111.154389,41.963269],[-111.154321,41.963454],[-111.15432,41.963458],[-111.154247,41.963787],[-111.154247,41.96379],[-111.154212,41.964051],[-111.154272,41.964056],[-111.154152,41.964399],[-111.15335,41.965103],[-111.153047,41.965789],[-111.153042,41.966205],[-111.152983,41.966194],[-111.152974,41.966222],[-111.152859,41.966513],[-111.152626,41.966838],[-111.152623,41.966841],[-111.152622,41.966845],[-111.15262,41.966849],[-111.152517,41.967178],[-111.152516,41.967181],[-111.152443,41.967511],[-111.152193,41.968153],[-111.152193,41.968154],[-111.152045,41.968564],[-111.152045,41.968565],[-111.151905,41.968979],[-111.151904,41.968981],[-111.151817,41.969306],[-111.151816,41.969308],[-111.151662,41.9701],[-111.151572,41.970478],[-111.151571,41.970481],[-111.151543,41.970697],[-111.151543,41.970704],[-111.151557,41.970938],[-111.151557,41.970942],[-111.151558,41.970946],[-111.151644,41.97123],[-111.151617,41.971352],[-111.151541,41.971498],[-111.151364,41.97166],[-111.151361,41.971663],[-111.15117,41.971875],[-111.151166,41.971879],[-111.150997,41.972123],[-111.150995,41.972125],[-111.15065,41.972699],[-111.150508,41.97287],[-111.150275,41.973091],[-111.149957,41.973329],[-111.150043,41.973392],[-111.150363,41.973153],[-111.150367,41.973149],[-111.150604,41.972924],[-111.150608,41.97292],[-111.150689,41.972823],[-111.150447,41.973291],[-111.150124,41.973339],[-111.149885,41.973661],[-111.14943,41.973197],[-111.150353,41.972181],[-111.150598,41.972046],[-111.150995,41.971531],[-111.150885,41.971169],[-111.151084,41.970976],[-111.151094,41.970143],[-111.151373,41.969649],[-111.151375,41.968475],[-111.151646,41.967906],[-111.151745,41.967365],[-111.152011,41.966991],[-111.152021,41.966625],[-111.152199,41.966345],[-111.152271,41.965889],[-111.152387,41.965767],[-111.152391,41.965421],[-111.15384,41.963885],[-111.154141,41.963385],[-111.154335,41.962825],[-111.154506,41.962655],[-111.154706,41.962085],[-111.155528,41.960981],[-111.155631,41.960541],[-111.155529,41.960133],[-111.155421,41.960028],[-111.155556,41.959849],[-111.155445,41.959673],[-111.155446,41.959307],[-111.155539,41.95912],[-111.155878,41.958733],[-111.155914,41.958769],[-111.156018,41.958711],[-111.156075,41.95869],[-111.156112,41.958702],[-111.156146,41.958746],[-111.156139,41.958911],[-111.156118,41.959031],[-111.156117,41.959036],[-111.156117,41.95932],[-111.156117,41.959323],[-111.156138,41.959619],[-111.156145,41.959791],[-111.156205,41.95979],[-111.156186,41.959819],[-111.156187,41.960294]]]}},{"type":"Feature","properties":{"id":"excl-b-8","kind":"exclusion","name":"Creek exclusion zone","acres":1.0,"editable":true,"source":"Mesic Analysis Platform + NWI (filtered rule, 2 Sep 2026)","strm_type":"Perennial","veg_pct":81.2},"geometry":{"type":"Polygon","coordinates":[[[-111.155836,41.961415],[-111.155815,41.961715],[-111.155632,41.961991],[-111.155313,41.96213],[-111.155101,41.962334],[-111.154986,41.962825],[-111.154717,41.963189],[-111.154611,41.963565],[-111.154365,41.963816],[-111.154367,41.9638],[-111.154439,41.963475],[-111.154504,41.963295],[-111.154594,41.963116],[-111.154778,41.962964],[-111.154782,41.96296],[-111.154785,41.962957],[-111.154788,41.962953],[-111.15479,41.962948],[-111.154856,41.962804],[-111.154858,41.962799],[-111.154859,41.962795],[-111.154859,41.96279],[-111.15486,41.962566],[-111.155088,41.962227],[-111.155262,41.962013],[-111.155532,41.961749],[-111.155536,41.961745],[-111.155801,41.96142],[-111.155803,41.961417],[-111.155805,41.961414],[-111.155967,41.961112],[-111.1561,41.960885],[-111.156096,41.961157],[-111.155836,41.961415]]]}},{"type":"Feature","properties":{"id":"excl-b-9","kind":"exclusion","name":"Creek exclusion zone","acres":0.5,"editable":true,"source":"Mesic Analysis Platform + NWI (filtered rule, 2 Sep 2026)","strm_type":"Perennial","veg_pct":87.2},"geometry":{"type":"Polygon","coordinates":[[[-111.152669,41.967395],[-111.152761,41.967828],[-111.152258,41.968321],[-111.152309,41.968178],[-111.15256,41.967534],[-111.152561,41.967529],[-111.152635,41.967197],[-111.152736,41.966875],[-111.15277,41.966827],[-111.152761,41.967271],[-111.152669,41.967395]]]}},{"type":"Feature","properties":{"id":"excl-b-10","kind":"exclusion","name":"Creek exclusion zone","acres":1.8,"editable":true,"source":"Mesic Analysis Platform + NWI (filtered rule, 2 Sep 2026)","strm_type":"Perennial","veg_pct":82.1},"geometry":{"type":"Polygon","coordinates":[[[-111.152114,41.969215],[-111.152028,41.969362],[-111.152208,41.970232],[-111.151937,41.970531],[-111.152021,41.970789],[-111.151841,41.971106],[-111.151927,41.971346],[-111.151468,41.971993],[-111.150834,41.972614],[-111.151104,41.972163],[-111.151272,41.971923],[-111.15146,41.971715],[-111.151641,41.97155],[-111.151645,41.971546],[-111.151648,41.971542],[-111.15165,41.971538],[-111.151732,41.97138],[-111.151734,41.971376],[-111.151735,41.971371],[-111.151765,41.971236],[-111.151766,41.971232],[-111.151766,41.971227],[-111.151766,41.971223],[-111.151765,41.971219],[-111.151677,41.97093],[-111.151664,41.970703],[-111.151691,41.970492],[-111.151781,41.970115],[-111.151781,41.970114],[-111.151936,41.969322],[-111.152022,41.969],[-111.152162,41.968587],[-111.152197,41.968491],[-111.152119,41.968767],[-111.152114,41.969215]]]}},{"type":"Feature","properties":{"id":"excl-b-11","kind":"exclusion","name":"Creek exclusion zone","acres":3.3,"editable":true,"source":"Mesic Analysis Platform + NWI (filtered rule, 2 Sep 2026)","strm_type":"Perennial","veg_pct":51.9},"geometry":{"type":"Polygon","coordinates":[[[-111.151878,41.865104],[-111.151366,41.865095],[-111.150764,41.864823],[-111.150349,41.864814],[-111.150065,41.864578],[-111.150349,41.864444],[-111.152649,41.864444],[-111.152628,41.864773],[-111.152734,41.8649],[-111.152591,41.865184],[-111.152475,41.865278],[-111.152293,41.865278],[-111.151878,41.865104]]]}},{"type":"Feature","properties":{"id":"excl-b-12","kind":"exclusion","name":"Creek exclusion zone","acres":15.1,"editable":true,"source":"Mesic Analysis Platform + NWI (filtered rule, 2 Sep 2026)","strm_type":"Perennial","veg_pct":59.1},"geometry":{"type":"Polygon","coordinates":[[[-111.154301,41.87714],[-111.154234,41.877304],[-111.153857,41.877374],[-111.153912,41.877355],[-111.153291,41.876327],[-111.153288,41.876323],[-111.152781,41.87567],[-111.152778,41.875667],[-111.152444,41.875319],[-111.152358,41.87518],[-111.15236,41.875136],[-111.1523,41.875133],[-111.152377,41.875021],[-111.1523,41.874713],[-111.152361,41.874712],[-111.152357,41.874616],[-111.152356,41.874611],[-111.152251,41.87403],[-111.152191,41.874036],[-111.152292,41.873858],[-111.152232,41.873216],[-111.152126,41.873013],[-111.152162,41.872783],[-111.152381,41.872563],[-111.152385,41.872238],[-111.152274,41.872115],[-111.152508,41.87206],[-111.152825,41.871829],[-111.152792,41.871867],[-111.153088,41.872011],[-111.153252,41.872159],[-111.153441,41.872505],[-111.153497,41.872488],[-111.153497,41.872872],[-111.15337,41.873048],[-111.153494,41.873484],[-111.153274,41.873715],[-111.153706,41.874079],[-111.153587,41.874416],[-111.153773,41.874629],[-111.153773,41.874816],[-111.153603,41.874986],[-111.153587,41.875177],[-111.153803,41.875361],[-111.154596,41.875491],[-111.1547,41.876296],[-111.154515,41.876514],[-111.154607,41.876925],[-111.154301,41.87714]]]}},{"type":"Feature","properties":{"id":"excl-b-13","kind":"exclusion","name":"Creek exclusion zone","acres":1.1,"editable":true,"source":"Mesic Analysis Platform + NWI (filtered rule, 2 Sep 2026)","strm_type":"Perennial","veg_pct":55.7},"geometry":{"type":"Polygon","coordinates":[[[-111.15331,41.87713],[-111.153287,41.876722],[-111.152627,41.875968],[-111.152382,41.875832],[-111.1522,41.875556],[-111.1522,41.87528],[-111.152245,41.875213],[-111.152338,41.875361],[-111.15234,41.875365],[-111.152343,41.875369],[-111.152679,41.875718],[-111.153182,41.876366],[-111.153797,41.877385],[-111.15368,41.877407],[-111.15331,41.87713]]]}},{"type":"Feature","properties":{"id":"excl-b-14","kind":"exclusion","name":"Creek exclusion zone","acres":22.2,"editable":true,"source":"Mesic Analysis Platform + NWI (filtered rule, 2 Sep 2026)","strm_type":"Perennial","veg_pct":76.7},"geometry":{"type":"Polygon","coordinates":[[[-111.160534,41.892341],[-111.160346,41.892318],[-111.160216,41.891992],[-111.159649,41.891418],[-111.159423,41.891297],[-111.159391,41.891167],[-111.158924,41.890692],[-111.158679,41.890556],[-111.158367,41.890151],[-111.158126,41.890093],[-111.157597,41.889668],[-111.157012,41.889376],[-111.156828,41.889352],[-111.156501,41.889028],[-111.155556,41.888463],[-111.155348,41.888429],[-111.155024,41.888105],[-111.154237,41.887689],[-111.154217,41.887478],[-111.153774,41.886945],[-111.153654,41.886547],[-111.153096,41.886033],[-111.153127,41.885464],[-111.153216,41.885282],[-111.153582,41.884988],[-111.153672,41.884595],[-111.153586,41.884261],[-111.154033,41.883907],[-111.15405,41.88352],[-111.154403,41.88317],[-111.15442,41.882874],[-111.154598,41.882594],[-111.154607,41.88241],[-111.154867,41.882146],[-111.154978,41.881576],[-111.155187,41.881341],[-111.155136,41.881165],[-111.154884,41.880929],[-111.154884,41.880644],[-111.155258,41.880569],[-111.155387,41.880455],[-111.155811,41.880466],[-111.155785,41.880695],[-111.155994,41.88093],[-111.15593,41.881652],[-111.155872,41.88164],[-111.155755,41.881959],[-111.155517,41.882296],[-111.155209,41.882674],[-111.155207,41.882676],[-111.154971,41.883014],[-111.154968,41.883019],[-111.154763,41.883425],[-111.154763,41.883426],[-111.154601,41.883782],[-111.1546,41.883783],[-111.15446,41.884117],[-111.154459,41.884121],[-111.154458,41.884126],[-111.154405,41.884511],[-111.154341,41.884747],[-111.15434,41.884752],[-111.154274,41.885296],[-111.154273,41.885301],[-111.15428,41.885676],[-111.15434,41.885676],[-111.154334,41.885687],[-111.154347,41.88572],[-111.154289,41.88573],[-111.154384,41.886036],[-111.154385,41.88604],[-111.154387,41.886044],[-111.154694,41.886593],[-111.154697,41.886597],[-111.154934,41.886916],[-111.154937,41.886919],[-111.154939,41.886922],[-111.155085,41.887063],[-111.155132,41.887036],[-111.155088,41.887331],[-111.155717,41.887779],[-111.156044,41.888384],[-111.156645,41.888706],[-111.157066,41.889125],[-111.158589,41.88991],[-111.159235,41.890374],[-111.159423,41.890557],[-111.159549,41.890974],[-111.160027,41.891456],[-111.160252,41.891578],[-111.160284,41.891708],[-111.160661,41.892091],[-111.160839,41.892185],[-111.161053,41.892145],[-111.161757,41.892471],[-111.161973,41.892965],[-111.161737,41.893152],[-111.161299,41.892723],[-111.160716,41.892501],[-111.160534,41.892341]]]}},{"type":"Feature","properties":{"id":"excl-b-15","kind":"exclusion","name":"Creek exclusion zone","acres":0.7,"editable":true,"source":"Mesic Analysis Platform + NWI (filtered rule, 2 Sep 2026)","strm_type":"Perennial","veg_pct":77.9},"geometry":{"type":"Polygon","coordinates":[[[-111.155717,41.88241],[-111.155097,41.883118],[-111.15516,41.883426],[-111.15481,41.883866],[-111.15479,41.884077],[-111.154552,41.88432],[-111.154577,41.884139],[-111.154715,41.883811],[-111.154876,41.883456],[-111.15508,41.883054],[-111.155313,41.882719],[-111.15562,41.882342],[-111.155622,41.882339],[-111.155865,41.881997],[-111.155868,41.881992],[-111.15587,41.881988],[-111.155911,41.881876],[-111.155905,41.881946],[-111.155717,41.88241]]]}},{"type":"Feature","properties":{"id":"excl-b-16","kind":"exclusion","name":"Creek exclusion zone","acres":0.2,"editable":true,"source":"Mesic Analysis Platform + NWI (filtered rule, 2 Sep 2026)","strm_type":"Perennial","veg_pct":80.6},"geometry":{"type":"Polygon","coordinates":[[[-111.154481,41.885068],[-111.154513,41.885371],[-111.154399,41.885573],[-111.154394,41.885302],[-111.154459,41.884763],[-111.154523,41.884526],[-111.154524,41.884522],[-111.154543,41.884384],[-111.154607,41.88472],[-111.154481,41.885068]]]}},{"type":"Feature","properties":{"id":"excl-b-17","kind":"exclusion","name":"Creek exclusion zone","acres":0.3,"editable":true,"source":"Mesic Analysis Platform + NWI (filtered rule, 2 Sep 2026)","strm_type":"Perennial","veg_pct":69.5},"geometry":{"type":"Polygon","coordinates":[[[-111.154895,41.886487],[-111.15516,41.886856],[-111.155142,41.886971],[-111.155038,41.88687],[-111.154804,41.886556],[-111.1545,41.886012],[-111.154498,41.886007],[-111.154883,41.886298],[-111.154895,41.886487]]]}},{"type":"Feature","properties":{"id":"excl-b-18","kind":"exclusion","name":"Creek exclusion zone","acres":0.5,"editable":true,"source":"Mesic Analysis Platform + NWI (filtered rule, 2 Sep 2026)","strm_type":"Perennial","veg_pct":52.7},"geometry":{"type":"Polygon","coordinates":[[[-111.156885,41.991847],[-111.156352,41.99142],[-111.156462,41.991449],[-111.157467,41.992062],[-111.157505,41.992027],[-111.157381,41.992273],[-111.157301,41.992273],[-111.15702,41.992179],[-111.156885,41.991847]]]}},{"type":"Feature","properties":{"id":"excl-b-19","kind":"exclusion","name":"Creek exclusion zone","acres":3.3,"editable":true,"source":"Mesic Analysis Platform + NWI (filtered rule, 2 Sep 2026)","strm_type":"Perennial","veg_pct":54.9},"geometry":{"type":"Polygon","coordinates":[[[-111.155446,41.991069],[-111.155263,41.990713],[-111.155815,41.990142],[-111.157254,41.991485],[-111.157755,41.991533],[-111.157527,41.991983],[-111.156531,41.991374],[-111.156526,41.991372],[-111.156522,41.99137],[-111.156517,41.991368],[-111.156512,41.991366],[-111.156241,41.991295],[-111.156234,41.991293],[-111.156226,41.991292],[-111.155977,41.991275],[-111.155972,41.991274],[-111.155967,41.991275],[-111.155962,41.991275],[-111.155734,41.991302],[-111.155743,41.991346],[-111.155727,41.991345],[-111.155446,41.991069]]]}},{"type":"Feature","properties":{"id":"excl-b-20","kind":"exclusion","name":"Creek exclusion zone","acres":4.6,"editable":true,"source":"Mesic Analysis Platform + NWI (filtered rule, 2 Sep 2026)","strm_type":"Intermittent","veg_pct":68.9},"geometry":{"type":"Polygon","coordinates":[[[-111.163332,41.951143],[-111.163294,41.951437],[-111.16304,41.95125],[-111.163129,41.951141],[-111.163222,41.950509],[-111.163572,41.950072],[-111.16368,41.949789],[-111.16304,41.948659],[-111.162815,41.947963],[-111.162586,41.947759],[-111.162393,41.947731],[-111.161421,41.947276],[-111.159985,41.947267],[-111.15978,41.947178],[-111.15978,41.946898],[-111.160174,41.947084],[-111.161185,41.947084],[-111.161559,41.946991],[-111.162393,41.947268],[-111.163133,41.947919],[-111.163327,41.948665],[-111.163873,41.949493],[-111.163873,41.950233],[-111.163706,41.950396],[-111.163503,41.950973],[-111.163332,41.951143]]]}},{"type":"Feature","properties":{"id":"excl-b-21","kind":"exclusion","name":"Creek exclusion zone","acres":1.5,"editable":true,"source":"Mesic Analysis Platform + NWI (filtered rule, 2 Sep 2026)","strm_type":"Perennial","veg_pct":76.5},"geometry":{"type":"Polygon","coordinates":[[[-111.161907,42.019066],[-111.161742,42.019219],[-111.161371,42.019337],[-111.161036,42.019547],[-111.161025,42.019441],[-111.16107,42.019471],[-111.161318,42.019263],[-111.161322,42.019259],[-111.161326,42.019255],[-111.161329,42.01925],[-111.161352,42.01921],[-111.161384,42.019154],[-111.161385,42.01915],[-111.161387,42.019146],[-111.161413,42.019063],[-111.161354,42.019053],[-111.161879,42.018804],[-111.162299,42.018386],[-111.162745,42.018203],[-111.162998,42.018535],[-111.162852,42.018662],[-111.162277,42.018883],[-111.162112,42.019032],[-111.161907,42.019066]]]}},{"type":"Feature","properties":{"id":"excl-b-22","kind":"exclusion","name":"Creek exclusion zone","acres":2.3,"editable":true,"source":"Mesic Analysis Platform + NWI (filtered rule, 2 Sep 2026)","strm_type":"Perennial","veg_pct":62.5},"geometry":{"type":"Polygon","coordinates":[[[-111.163864,41.894726],[-111.163286,41.894542],[-111.163098,41.894658],[-111.163039,41.894815],[-111.162661,41.894356],[-111.162651,41.894076],[-111.162478,41.893883],[-111.162804,41.893623],[-111.163176,41.894097],[-111.16338,41.894228],[-111.163899,41.89439],[-111.164421,41.894262],[-111.164616,41.894603],[-111.164462,41.894819],[-111.164328,41.894819],[-111.164205,41.894738],[-111.163864,41.894726]]]}},{"type":"Feature","properties":{"id":"excl-b-23","kind":"exclusion","name":"Creek exclusion zone","acres":0.9,"editable":true,"source":"Mesic Analysis Platform + NWI (filtered rule, 2 Sep 2026)","strm_type":"Perennial","veg_pct":70.0},"geometry":{"type":"Polygon","coordinates":[[[-111.163967,42.018385],[-111.163736,42.018234],[-111.163802,42.018039],[-111.163726,42.017739],[-111.163924,42.017826],[-111.164208,42.017836],[-111.16452,42.017739],[-111.164823,42.017739],[-111.164973,42.017845],[-111.16489,42.018015],[-111.164646,42.017983],[-111.164308,42.018053],[-111.163967,42.018385]]]}},{"type":"Feature","properties":{"id":"excl-b-24","kind":"exclusion","name":"Creek exclusion zone","acres":0.8,"editable":true,"source":"Mesic Analysis Platform + NWI (filtered rule, 2 Sep 2026)","strm_type":"Ephemeral","veg_pct":91.1},"geometry":{"type":"Polygon","coordinates":[[[-111.168596,41.956529],[-111.168809,41.956235],[-111.169059,41.956337],[-111.168965,41.957033],[-111.169059,41.957224],[-111.168596,41.957224],[-111.168596,41.956529]]]}},{"type":"Feature","properties":{"id":"excl-b-25","kind":"exclusion","name":"Creek exclusion zone","acres":1.6,"editable":true,"source":"Mesic Analysis Platform + NWI (filtered rule, 2 Sep 2026)","strm_type":"Ephemeral","veg_pct":95.6},"geometry":{"type":"Polygon","coordinates":[[[-111.168685,41.954487],[-111.168777,41.953689],[-111.168685,41.953564],[-111.168596,41.952882],[-111.168872,41.952784],[-111.168965,41.952824],[-111.169242,41.953381],[-111.16906,41.954059],[-111.169059,41.954545],[-111.168778,41.954545],[-111.168685,41.954487]]]}},{"type":"Feature","properties":{"id":"excl-b-26","kind":"exclusion","name":"Creek exclusion zone","acres":5.6,"editable":true,"source":"Mesic Analysis Platform + NWI (filtered rule, 2 Sep 2026)","strm_type":"Perennial","veg_pct":62.7},"geometry":{"type":"Polygon","coordinates":[[[-111.174783,41.895096],[-111.174527,41.895031],[-111.174324,41.895096],[-111.172111,41.895096],[-111.171938,41.895006],[-111.171277,41.895003],[-111.171088,41.895096],[-111.170654,41.895109],[-111.170342,41.895279],[-111.170067,41.895279],[-111.170057,41.895061],[-111.169859,41.894922],[-111.169978,41.89482],[-111.170645,41.894816],[-111.171088,41.894632],[-111.171407,41.894625],[-111.171558,41.894539],[-111.171828,41.894539],[-111.172153,41.894811],[-111.172845,41.89482],[-111.173038,41.894908],[-111.173628,41.894812],[-111.173773,41.894726],[-111.174533,41.894723],[-111.174706,41.894632],[-111.177661,41.894632],[-111.177814,41.894776],[-111.177613,41.894855],[-111.1776,41.894811],[-111.177376,41.894848],[-111.17737,41.894849],[-111.177364,41.894851],[-111.177358,41.894853],[-111.177353,41.894855],[-111.177326,41.89487],[-111.177361,41.894907],[-111.175455,41.894877],[-111.175091,41.894924],[-111.174783,41.895096]]]}},{"type":"Feature","properties":{"id":"excl-b-27","kind":"exclusion","name":"Creek exclusion zone","acres":1.7,"editable":true,"source":"Mesic Analysis Platform + NWI (filtered rule, 2 Sep 2026)","strm_type":"Intermittent","veg_pct":57.8},"geometry":{"type":"Polygon","coordinates":[[[-111.172651,41.896821],[-111.172292,41.896853],[-111.171735,41.89667],[-111.171569,41.896413],[-111.172105,41.896394],[-111.172735,41.896573],[-111.173215,41.896577],[-111.173866,41.896764],[-111.174001,41.896958],[-111.173773,41.89704],[-111.173606,41.89695],[-111.172939,41.896946],[-111.172651,41.896821]]]}},{"type":"Feature","properties":{"id":"excl-b-28","kind":"exclusion","name":"Creek exclusion zone","acres":0.9,"editable":true,"source":"Mesic Analysis Platform + NWI (filtered rule, 2 Sep 2026)","strm_type":"Ephemeral","veg_pct":95.6},"geometry":{"type":"Polygon","coordinates":[[[-111.175525,42.119166],[-111.175408,42.118863],[-111.176318,42.118796],[-111.17682,42.119085],[-111.176693,42.119166],[-111.176042,42.119166],[-111.175845,42.119102],[-111.175525,42.119166]]]}},{"type":"Feature","properties":{"id":"excl-b-29","kind":"exclusion","name":"Creek exclusion zone","acres":1.2,"editable":true,"source":"Mesic Analysis Platform + NWI (filtered rule, 2 Sep 2026)","strm_type":"Perennial","veg_pct":58.6},"geometry":{"type":"Polygon","coordinates":[[[-111.1766,41.96514],[-111.177206,41.9644],[-111.177326,41.9644],[-111.177641,41.964628],[-111.1774,41.96495],[-111.177388,41.965139],[-111.177112,41.965442],[-111.1766,41.96514]]]}},{"type":"Feature","properties":{"id":"excl-b-30","kind":"exclusion","name":"Creek exclusion zone","acres":1.6,"editable":true,"source":"Mesic Analysis Platform + NWI (filtered rule, 2 Sep 2026)","strm_type":"Perennial","veg_pct":53.4},"geometry":{"type":"Polygon","coordinates":[[[-111.178071,41.969744],[-111.177946,41.969501],[-111.178617,41.969279],[-111.178797,41.969769],[-111.178798,41.969771],[-111.178901,41.970011],[-111.178959,41.969998],[-111.178129,41.97049],[-111.17804,41.970419],[-111.178071,41.969744]]]}},{"type":"Feature","properties":{"id":"excl-b-31","kind":"exclusion","name":"Creek exclusion zone","acres":2.7,"editable":true,"source":"Mesic Analysis Platform + NWI (filtered rule, 2 Sep 2026)","strm_type":"Perennial","veg_pct":74.5},"geometry":{"type":"Polygon","coordinates":[[[-111.183408,41.950509],[-111.182989,41.950518],[-111.182387,41.950786],[-111.181979,41.950793],[-111.181764,41.950867],[-111.181796,41.950818],[-111.181798,41.950813],[-111.1818,41.950809],[-111.181801,41.950805],[-111.181801,41.950801],[-111.181801,41.950796],[-111.181801,41.950792],[-111.1818,41.950788],[-111.181798,41.950783],[-111.181796,41.950779],[-111.181693,41.950613],[-111.18169,41.950609],[-111.181687,41.950605],[-111.181683,41.950602],[-111.181679,41.950599],[-111.181674,41.950596],[-111.181669,41.950593],[-111.181664,41.950591],[-111.181659,41.950589],[-111.181526,41.950554],[-111.181521,41.950552],[-111.181517,41.950552],[-111.181393,41.950534],[-111.181276,41.95051],[-111.181277,41.950509],[-111.181509,41.950501],[-111.182017,41.950327],[-111.18243,41.950319],[-111.182851,41.950139],[-111.183177,41.950131],[-111.184149,41.949769],[-111.184282,41.949769],[-111.184448,41.949924],[-111.184385,41.950139],[-111.184242,41.950233],[-111.183622,41.950339],[-111.183408,41.950509]]]}},{"type":"Feature","properties":{"id":"excl-b-32","kind":"exclusion","name":"Creek exclusion zone","acres":6.3,"editable":true,"source":"Mesic Analysis Platform + NWI (filtered rule, 2 Sep 2026)","strm_type":"Perennial","veg_pct":84.3},"geometry":{"type":"Polygon","coordinates":[[[-111.181343,41.950962],[-111.181264,41.95098],[-111.180945,41.951019],[-111.180955,41.951064],[-111.180645,41.95106],[-111.180555,41.951144],[-111.180515,41.95111],[-111.180289,41.951262],[-111.180287,41.951264],[-111.180241,41.951298],[-111.180284,41.95133],[-111.179882,41.951535],[-111.179855,41.951495],[-111.179699,41.951554],[-111.179693,41.951556],[-111.179687,41.95156],[-111.179527,41.951662],[-111.179566,41.951696],[-111.179477,41.951741],[-111.179363,41.95186],[-111.179318,41.95183],[-111.179291,41.951853],[-111.179286,41.951858],[-111.178991,41.952182],[-111.178988,41.952187],[-111.178762,41.952516],[-111.178816,41.952537],[-111.178684,41.952528],[-111.17841,41.952244],[-111.178593,41.951901],[-111.179598,41.950888],[-111.179605,41.950522],[-111.179333,41.950233],[-111.179333,41.950046],[-111.179797,41.949203],[-111.180073,41.949305],[-111.180166,41.949582],[-111.180169,41.950544],[-111.180359,41.950693],[-111.18095,41.950689],[-111.181214,41.950544],[-111.181198,41.950588],[-111.181364,41.950622],[-111.181369,41.950622],[-111.181489,41.950639],[-111.181594,41.950668],[-111.181675,41.950798],[-111.181639,41.950854],[-111.181618,41.950871],[-111.181662,41.950902],[-111.18136,41.951006],[-111.181343,41.950962]]]}},{"type":"Feature","properties":{"id":"excl-b-33","kind":"exclusion","name":"Creek exclusion zone","acres":3.0,"editable":true,"source":"Mesic Analysis Platform + NWI (filtered rule, 2 Sep 2026)","strm_type":"Perennial","veg_pct":63.6},"geometry":{"type":"Polygon","coordinates":[[[-111.179323,41.971439],[-111.179057,41.971159],[-111.179462,41.970696],[-111.179697,41.970827],[-111.17965,41.970855],[-111.179695,41.970898],[-111.179808,41.97104],[-111.179934,41.97132],[-111.179991,41.971306],[-111.179993,41.971346],[-111.180191,41.971752],[-111.180133,41.971764],[-111.180231,41.97205],[-111.180232,41.972053],[-111.180234,41.972056],[-111.180374,41.972302],[-111.18043,41.972284],[-111.18021,41.972526],[-111.179703,41.972684],[-111.179427,41.97218],[-111.179323,41.971439]]]}},{"type":"Feature","properties":{"id":"excl-b-34","kind":"exclusion","name":"Creek exclusion zone","acres":9.1,"editable":true,"source":"Mesic Analysis Platform + NWI (filtered rule, 2 Sep 2026)","strm_type":"Perennial","veg_pct":78.2},"geometry":{"type":"Polygon","coordinates":[[[-111.194886,41.946714],[-111.194014,41.946811],[-111.193593,41.946991],[-111.192181,41.947088],[-111.192019,41.947178],[-111.191023,41.947376],[-111.189492,41.948042],[-111.188683,41.948565],[-111.188401,41.948659],[-111.187884,41.948578],[-111.187667,41.948752],[-111.186926,41.948959],[-111.186344,41.949246],[-111.186093,41.949492],[-111.185816,41.949675],[-111.185607,41.949709],[-111.185446,41.949862],[-111.185223,41.949702],[-111.185264,41.949493],[-111.185536,41.949306],[-111.185724,41.949282],[-111.186488,41.948901],[-111.186646,41.948753],[-111.187041,41.948625],[-111.187297,41.948382],[-111.187922,41.948274],[-111.188882,41.947891],[-111.189054,41.947731],[-111.189457,41.9476],[-111.189888,41.947268],[-111.190123,41.947259],[-111.190539,41.947085],[-111.190871,41.947144],[-111.191185,41.946991],[-111.191511,41.946982],[-111.191649,41.946898],[-111.192133,41.946894],[-111.192296,41.946804],[-111.19278,41.946894],[-111.193312,41.946715],[-111.194023,41.946608],[-111.194146,41.946528],[-111.195652,41.946341],[-111.195814,41.946251],[-111.19646,41.946251],[-111.196277,41.946638],[-111.196022,41.946531],[-111.195517,41.94653],[-111.194886,41.946714]]]}},{"type":"Feature","properties":{"id":"excl-b-35","kind":"exclusion","name":"Creek exclusion zone","acres":39.7,"editable":true,"source":"Mesic Analysis Platform + NWI (filtered rule, 2 Sep 2026)","strm_type":"Perennial","veg_pct":57.2},"geometry":{"type":"Polygon","coordinates":[[[-111.192202,41.988385],[-111.190722,41.988386],[-111.190279,41.988489],[-111.189774,41.988695],[-111.189387,41.988962],[-111.188964,41.989589],[-111.18822,41.990235],[-111.18779,41.990248],[-111.186833,41.990699],[-111.186664,41.990699],[-111.186082,41.988365],[-111.18612,41.9884],[-111.186359,41.988256],[-111.186363,41.988253],[-111.186367,41.98825],[-111.186371,41.988246],[-111.186374,41.988242],[-111.18657,41.98797],[-111.186517,41.987948],[-111.186738,41.987704],[-111.186728,41.987362],[-111.186437,41.986778],[-111.1864,41.986731],[-111.186459,41.986723],[-111.186413,41.986552],[-111.186302,41.985887],[-111.186242,41.985892],[-111.186276,41.98579],[-111.186463,41.985696],[-111.186947,41.985693],[-111.187203,41.985607],[-111.187229,41.985822],[-111.187626,41.986209],[-111.188159,41.98625],[-111.188495,41.985957],[-111.188314,41.985696],[-111.188268,41.98543],[-111.188373,41.985423],[-111.188645,41.985745],[-111.189053,41.985883],[-111.18907,41.986083],[-111.189241,41.986253],[-111.189253,41.986813],[-111.189582,41.987144],[-111.191832,41.987181],[-111.191994,41.987271],[-111.192483,41.987275],[-111.192897,41.987542],[-111.193655,41.987551],[-111.19378,41.988385],[-111.192942,41.988385],[-111.192775,41.988294],[-111.192413,41.988291],[-111.192202,41.988385]]]}},{"type":"Feature","properties":{"id":"excl-b-36","kind":"exclusion","name":"Creek exclusion zone","acres":0.1,"editable":true,"source":"Mesic Analysis Platform + NWI (filtered rule, 2 Sep 2026)","strm_type":"Perennial","veg_pct":63.0},"geometry":{"type":"Polygon","coordinates":[[[-111.18625,41.988091],[-111.186394,41.988024],[-111.186273,41.988192],[-111.18607,41.988315],[-111.186017,41.988104],[-111.18625,41.988091]]]}},{"type":"Feature","properties":{"id":"excl-b-37","kind":"exclusion","name":"Creek exclusion zone","acres":0.1,"editable":true,"source":"Mesic Analysis Platform + NWI (filtered rule, 2 Sep 2026)","strm_type":"Perennial","veg_pct":56.6},"geometry":{"type":"Polygon","coordinates":[[[-111.186202,41.986015],[-111.186293,41.986565],[-111.186294,41.986568],[-111.186306,41.986614],[-111.186093,41.986347],[-111.186202,41.986015]]]}},{"type":"Feature","properties":{"id":"excl-b-38","kind":"exclusion","name":"Creek exclusion zone","acres":0.8,"editable":true,"source":"Mesic Analysis Platform + NWI (filtered rule, 2 Sep 2026)","strm_type":"Ephemeral","veg_pct":94.2},"geometry":{"type":"Polygon","coordinates":[[[-111.187315,42.08166],[-111.187095,42.081472],[-111.187154,42.08129],[-111.187431,42.081197],[-111.188224,42.081197],[-111.188369,42.081308],[-111.188273,42.081384],[-111.1878,42.081407],[-111.18743,42.08166],[-111.187315,42.08166]]]}},{"type":"Feature","properties":{"id":"excl-b-39","kind":"exclusion","name":"Creek exclusion zone","acres":0.6,"editable":true,"source":"Mesic Analysis Platform + NWI (filtered rule, 2 Sep 2026)","strm_type":"Intermittent","veg_pct":70.9},"geometry":{"type":"Polygon","coordinates":[[[-111.193725,41.853047],[-111.194162,41.85309],[-111.19417,41.853046],[-111.194164,41.853091],[-111.194817,41.853143],[-111.194948,41.853519],[-111.194699,41.853519],[-111.194397,41.853347],[-111.194142,41.853332],[-111.193725,41.853047]]]}},{"type":"Feature","properties":{"id":"excl-b-40","kind":"exclusion","name":"Creek exclusion zone","acres":0.6,"editable":true,"source":"Mesic Analysis Platform + NWI (filtered rule, 2 Sep 2026)","strm_type":"Intermittent","veg_pct":70.9},"geometry":{"type":"Polygon","coordinates":[[[-111.193384,41.852964],[-111.193394,41.852919],[-111.193029,41.852871],[-111.193173,41.852827],[-111.193178,41.852826],[-111.193182,41.852824],[-111.193186,41.852821],[-111.19319,41.852819],[-111.193482,41.852624],[-111.193772,41.852454],[-111.193847,41.85264],[-111.19385,41.852645],[-111.193852,41.852649],[-111.193856,41.852653],[-111.19386,41.852657],[-111.194109,41.852873],[-111.19411,41.852994],[-111.193655,41.852949],[-111.193647,41.852994],[-111.193605,41.852965],[-111.193384,41.852964]]]}},{"type":"Feature","properties":{"id":"excl-b-41","kind":"exclusion","name":"Creek exclusion zone","acres":8.2,"editable":true,"source":"Mesic Analysis Platform + NWI (filtered rule, 2 Sep 2026)","strm_type":"Intermittent","veg_pct":61.7},"geometry":{"type":"Polygon","coordinates":[[[-111.192474,41.852868],[-111.192289,41.85278],[-111.191891,41.852779],[-111.191907,41.852736],[-111.191484,41.852649],[-111.191468,41.852692],[-111.191456,41.852686],[-111.191438,41.852686],[-111.191454,41.852643],[-111.191434,41.852639],[-111.191429,41.852638],[-111.190616,41.852518],[-111.190609,41.852518],[-111.190212,41.852496],[-111.189821,41.852465],[-111.189468,41.852396],[-111.189239,41.852329],[-111.189217,41.852371],[-111.189224,41.852223],[-111.189117,41.852095],[-111.189235,41.851973],[-111.189259,41.851758],[-111.190529,41.851758],[-111.190696,41.851849],[-111.191181,41.851852],[-111.191714,41.852031],[-111.19236,41.852034],[-111.192568,41.851945],[-111.193119,41.851944],[-111.193308,41.851852],[-111.193703,41.851848],[-111.194266,41.851665],[-111.19446,41.851851],[-111.194399,41.852012],[-111.194423,41.852081],[-111.194393,41.852042],[-111.194376,41.85205],[-111.194373,41.852051],[-111.193772,41.85234],[-111.193767,41.852343],[-111.193406,41.852554],[-111.193404,41.852556],[-111.193118,41.852747],[-111.192843,41.85283],[-111.192865,41.852871],[-111.192474,41.852868]]]}},{"type":"Feature","properties":{"id":"excl-b-42","kind":"exclusion","name":"Creek exclusion zone","acres":0.3,"editable":true,"source":"Mesic Analysis Platform + NWI (filtered rule, 2 Sep 2026)","strm_type":"Perennial","veg_pct":50.6},"geometry":{"type":"Polygon","coordinates":[[[-111.189884,41.852593],[-111.189206,41.852592],[-111.189214,41.852419],[-111.189428,41.852481],[-111.189435,41.852483],[-111.189795,41.852553],[-111.189804,41.852554],[-111.1902,41.852586],[-111.190202,41.852586],[-111.190596,41.852607],[-111.191132,41.852686],[-111.190071,41.852685],[-111.189884,41.852593]]]}},{"type":"Feature","properties":{"id":"excl-b-43","kind":"exclusion","name":"Creek exclusion zone","acres":0.1,"editable":true,"source":"Mesic Analysis Platform + NWI (filtered rule, 2 Sep 2026)","strm_type":"Intermittent","veg_pct":70.9},"geometry":{"type":"Polygon","coordinates":[[[-111.194117,41.852367],[-111.194092,41.852448],[-111.193985,41.852412],[-111.193915,41.852378],[-111.194437,41.852127],[-111.194439,41.852127],[-111.194471,41.852222],[-111.194117,41.852367]]]}},{"type":"Feature","properties":{"id":"excl-b-44","kind":"exclusion","name":"Creek exclusion zone","acres":0.3,"editable":true,"source":"Mesic Analysis Platform + NWI (filtered rule, 2 Sep 2026)","strm_type":"Intermittent","veg_pct":70.9},"geometry":{"type":"Polygon","coordinates":[[[-111.194169,41.85266],[-111.194418,41.852719],[-111.194512,41.852931],[-111.194877,41.853003],[-111.194853,41.853057],[-111.194849,41.853056],[-111.194843,41.853055],[-111.194837,41.853054],[-111.19423,41.853005],[-111.19423,41.852857],[-111.19423,41.852852],[-111.194229,41.852847],[-111.194227,41.852843],[-111.194225,41.852839],[-111.194222,41.852835],[-111.194219,41.852831],[-111.194215,41.852827],[-111.193959,41.852605],[-111.19391,41.852483],[-111.193924,41.852489],[-111.193928,41.852491],[-111.193932,41.852493],[-111.194054,41.852533],[-111.194078,41.852492],[-111.194063,41.852543],[-111.194169,41.85266]]]}},{"type":"Feature","properties":{"id":"excl-b-45","kind":"exclusion","name":"Creek exclusion zone","acres":8.8,"editable":true,"source":"Mesic Analysis Platform + NWI (filtered rule, 2 Sep 2026)","strm_type":"Perennial","veg_pct":73.7},"geometry":{"type":"Polygon","coordinates":[[[-111.194865,41.921758],[-111.194858,41.921713],[-111.194574,41.921739],[-111.194569,41.921739],[-111.194565,41.92174],[-111.194459,41.921763],[-111.194476,41.921806],[-111.194433,41.921806],[-111.194147,41.92162],[-111.193914,41.921627],[-111.193776,41.921712],[-111.193528,41.921712],[-111.193544,41.921669],[-111.193279,41.921616],[-111.191758,41.921277],[-111.191586,41.921222],[-111.191486,41.92119],[-111.19122,41.921089],[-111.191209,41.921084],[-111.191178,41.921123],[-111.191092,41.921061],[-111.190972,41.92075],[-111.190751,41.920546],[-111.19016,41.920415],[-111.190054,41.920126],[-111.190466,41.920135],[-111.190628,41.920045],[-111.191101,41.919999],[-111.192458,41.920845],[-111.193252,41.921142],[-111.193725,41.921148],[-111.194496,41.920882],[-111.194656,41.920968],[-111.19498,41.920972],[-111.195143,41.921121],[-111.195682,41.921335],[-111.19638,41.921342],[-111.196487,41.921502],[-111.19635,41.921784],[-111.196348,41.921739],[-111.19586,41.921753],[-111.195304,41.921725],[-111.1953,41.92177],[-111.19513,41.92168],[-111.194865,41.921758]]]}},{"type":"Feature","properties":{"id":"excl-b-46","kind":"exclusion","name":"Creek exclusion zone","acres":0.3,"editable":true,"source":"Mesic Analysis Platform + NWI (filtered rule, 2 Sep 2026)","strm_type":"Perennial","veg_pct":75.9},"geometry":{"type":"Polygon","coordinates":[[[-111.192388,41.921573],[-111.192078,41.921615],[-111.19198,41.921589],[-111.192024,41.921558],[-111.191794,41.921379],[-111.193245,41.921703],[-111.193247,41.921703],[-111.193294,41.921712],[-111.192639,41.921713],[-111.192388,41.921573]]]}},{"type":"Feature","properties":{"id":"excl-b-47","kind":"exclusion","name":"Creek exclusion zone","acres":34.6,"editable":true,"source":"Mesic Analysis Platform + NWI (filtered rule, 2 Sep 2026)","strm_type":"Perennial","veg_pct":63.6},"geometry":{"type":"Polygon","coordinates":[[[-111.206625,41.984713],[-111.206034,41.985185],[-111.205478,41.985743],[-111.205441,41.985883],[-111.204888,41.986347],[-111.20433,41.98653],[-111.204054,41.98653],[-111.203913,41.986448],[-111.203293,41.98635],[-111.20285,41.986717],[-111.202757,41.986717],[-111.202336,41.986392],[-111.20212,41.986318],[-111.201671,41.986435],[-111.201276,41.98644],[-111.20097,41.986266],[-111.200703,41.986257],[-111.200536,41.986347],[-111.200013,41.98636],[-111.199401,41.986658],[-111.198868,41.987181],[-111.198128,41.987644],[-111.197803,41.987734],[-111.197669,41.987462],[-111.197505,41.987374],[-111.197438,41.986996],[-111.197246,41.98682],[-111.197301,41.986677],[-111.197152,41.986347],[-111.197199,41.9861],[-111.197112,41.985883],[-111.197294,41.985696],[-111.198025,41.985494],[-111.199056,41.98505],[-111.199608,41.98505],[-111.200905,41.985419],[-111.201232,41.985411],[-111.20137,41.985326],[-111.202758,41.985325],[-111.202944,41.985237],[-111.203263,41.98523],[-111.203961,41.984956],[-111.204529,41.984839],[-111.205578,41.98417],[-111.205811,41.983939],[-111.206556,41.983569],[-111.207479,41.983569],[-111.207623,41.983656],[-111.207849,41.983663],[-111.208312,41.983846],[-111.208474,41.984161],[-111.208294,41.984585],[-111.207947,41.984498],[-111.207201,41.984497],[-111.206625,41.984713]]]}},{"type":"Feature","properties":{"id":"excl-b-48","kind":"exclusion","name":"Creek exclusion zone","acres":0.5,"editable":true,"source":"Mesic Analysis Platform + NWI (filtered rule, 2 Sep 2026)","strm_type":"Ephemeral","veg_pct":45.8},"geometry":{"type":"Polygon","coordinates":[[[-111.197827,41.899671],[-111.198035,41.899582],[-111.198354,41.899582],[-111.198483,41.899589],[-111.198498,41.89967],[-111.197487,41.899858],[-111.19718,41.899651],[-111.197334,41.899582],[-111.197827,41.899671]]]}},{"type":"Feature","properties":{"id":"excl-b-49","kind":"exclusion","name":"Creek exclusion zone","acres":1.8,"editable":true,"source":"Mesic Analysis Platform + NWI (filtered rule, 2 Sep 2026)","strm_type":"Perennial","veg_pct":67.7},"geometry":{"type":"Polygon","coordinates":[[[-111.198269,41.92136],[-111.197876,41.92161],[-111.197871,41.921565],[-111.197801,41.92157],[-111.197794,41.921571],[-111.197443,41.921625],[-111.197455,41.921669],[-111.19727,41.921446],[-111.197394,41.921155],[-111.199425,41.921155],[-111.199657,41.921249],[-111.199757,41.921377],[-111.199725,41.921558],[-111.199648,41.921617],[-111.199651,41.921572],[-111.199314,41.92156],[-111.199311,41.921605],[-111.198884,41.921389],[-111.198269,41.92136]]]}},{"type":"Feature","properties":{"id":"excl-b-50","kind":"exclusion","name":"Creek exclusion zone","acres":0.2,"editable":true,"source":"Mesic Analysis Platform + NWI (filtered rule, 2 Sep 2026)","strm_type":"Perennial","veg_pct":74.1},"geometry":{"type":"Polygon","coordinates":[[[-111.203497,41.920972],[-111.203228,41.920982],[-111.203609,41.920856],[-111.203613,41.920855],[-111.204019,41.920692],[-111.204316,41.920582],[-111.203867,41.920878],[-111.203635,41.920887],[-111.203497,41.920972]]]}},{"type":"Feature","properties":{"id":"excl-b-51","kind":"exclusion","name":"Creek exclusion zone","acres":4.9,"editable":true,"source":"Mesic Analysis Platform + NWI (filtered rule, 2 Sep 2026)","strm_type":"Perennial","veg_pct":70.0},"geometry":{"type":"Polygon","coordinates":[[[-111.202879,41.921057],[-111.202853,41.921016],[-111.202749,41.921054],[-111.202745,41.921055],[-111.202365,41.921215],[-111.201953,41.921348],[-111.201525,41.921455],[-111.201089,41.921542],[-111.200686,41.921584],[-111.200683,41.921559],[-111.200562,41.921455],[-111.200657,41.921155],[-111.20125,41.921049],[-111.202574,41.920602],[-111.202829,41.920587],[-111.203591,41.920139],[-111.204424,41.919858],[-111.204624,41.919905],[-111.204772,41.92038],[-111.204748,41.920339],[-111.204388,41.920455],[-111.204385,41.920456],[-111.203965,41.920612],[-111.203963,41.920612],[-111.203558,41.920774],[-111.203142,41.920911],[-111.20314,41.920912],[-111.203045,41.920947],[-111.203071,41.920987],[-111.202949,41.920992],[-111.202879,41.921057]]]}},{"type":"Feature","properties":{"id":"excl-b-52","kind":"exclusion","name":"Creek exclusion zone","acres":0.3,"editable":true,"source":"Mesic Analysis Platform + NWI (filtered rule, 2 Sep 2026)","strm_type":"Perennial","veg_pct":66.1},"geometry":{"type":"Polygon","coordinates":[[[-111.202016,41.921525],[-111.201144,41.921626],[-111.200715,41.921806],[-111.200692,41.921629],[-111.2007,41.921673],[-111.20111,41.92163],[-111.201117,41.921629],[-111.201558,41.921542],[-111.201562,41.921541],[-111.201994,41.921432],[-111.201999,41.921431],[-111.202416,41.921297],[-111.202421,41.921295],[-111.20279,41.92114],[-111.202573,41.921342],[-111.202016,41.921525]]]}},{"type":"Feature","properties":{"id":"excl-b-53","kind":"exclusion","name":"Creek exclusion zone","acres":2.3,"editable":true,"source":"Mesic Analysis Platform + NWI (filtered rule, 2 Sep 2026)","strm_type":"Perennial","veg_pct":90.0},"geometry":{"type":"Polygon","coordinates":[[[-111.203594,41.893771],[-111.203221,41.893375],[-111.203038,41.892822],[-111.203038,41.892358],[-111.203392,41.892319],[-111.203424,41.892837],[-111.203867,41.893281],[-111.203788,41.893626],[-111.203886,41.894116],[-111.204054,41.894396],[-111.204054,41.89486],[-111.203948,41.894992],[-111.203684,41.894855],[-111.203594,41.893771]]]}},{"type":"Feature","properties":{"id":"excl-b-54","kind":"exclusion","name":"Creek exclusion zone","acres":0.6,"editable":true,"source":"Mesic Analysis Platform + NWI (filtered rule, 2 Sep 2026)","strm_type":"Perennial","veg_pct":50.9},"geometry":{"type":"Polygon","coordinates":[[[-111.205854,41.899283],[-111.205633,41.899179],[-111.20547,41.898968],[-111.205258,41.898931],[-111.205258,41.898561],[-111.205383,41.898193],[-111.205477,41.898471],[-111.205477,41.898472],[-111.205617,41.898841],[-111.205619,41.898845],[-111.205621,41.898849],[-111.205831,41.899168],[-111.20591,41.899416],[-111.205911,41.89942],[-111.205914,41.899424],[-111.206127,41.899777],[-111.205999,41.899765],[-111.205878,41.899575],[-111.205854,41.899283]]]}},{"type":"Feature","properties":{"id":"excl-b-55","kind":"exclusion","name":"Creek exclusion zone","acres":3.2,"editable":true,"source":"Mesic Analysis Platform + NWI (filtered rule, 2 Sep 2026)","strm_type":"Perennial","veg_pct":60.1},"geometry":{"type":"Polygon","coordinates":[[[-111.205196,41.897576],[-111.205255,41.897564],[-111.205137,41.897247],[-111.205136,41.897243],[-111.204996,41.896968],[-111.204994,41.896965],[-111.204835,41.896711],[-111.204781,41.89673],[-111.204769,41.896584],[-111.204658,41.89648],[-111.204713,41.896463],[-111.20457,41.896202],[-111.204567,41.896198],[-111.204369,41.895916],[-111.204245,41.895703],[-111.20419,41.895721],[-111.204364,41.895567],[-111.204794,41.89597],[-111.205278,41.896917],[-111.205628,41.897357],[-111.205904,41.898191],[-111.205916,41.898661],[-111.206092,41.898837],[-111.206198,41.899224],[-111.206444,41.899582],[-111.206295,41.899794],[-111.206198,41.899784],[-111.206252,41.899766],[-111.206026,41.899391],[-111.205947,41.899143],[-111.205945,41.899138],[-111.205942,41.899133],[-111.205731,41.898813],[-111.205593,41.898449],[-111.205446,41.898013],[-111.205445,41.89801],[-111.205309,41.897698],[-111.205252,41.897712],[-111.205249,41.897629],[-111.205196,41.897576]]]}},{"type":"Feature","properties":{"id":"excl-b-56","kind":"exclusion","name":"Creek exclusion zone","acres":0.1,"editable":true,"source":"Mesic Analysis Platform + NWI (filtered rule, 2 Sep 2026)","strm_type":"Perennial","veg_pct":78.0},"geometry":{"type":"Polygon","coordinates":[[[-111.204146,41.89576],[-111.204259,41.895954],[-111.204261,41.895957],[-111.204459,41.896238],[-111.204523,41.896353],[-111.204014,41.895876],[-111.204146,41.89576]]]}},{"type":"Feature","properties":{"id":"excl-b-57","kind":"exclusion","name":"Creek exclusion zone","acres":0.4,"editable":true,"source":"Mesic Analysis Platform + NWI (filtered rule, 2 Sep 2026)","strm_type":"Ephemeral","veg_pct":37.4},"geometry":{"type":"Polygon","coordinates":[[[-111.205101,41.907876],[-111.205258,41.907729],[-111.205836,41.907725],[-111.205998,41.907635],[-111.206352,41.907597],[-111.206274,41.907822],[-111.20579,41.907826],[-111.205628,41.907916],[-111.205101,41.907876]]]}},{"type":"Feature","properties":{"id":"excl-b-58","kind":"exclusion","name":"Creek exclusion zone","acres":1.5,"editable":true,"source":"Mesic Analysis Platform + NWI (filtered rule, 2 Sep 2026)","strm_type":"Perennial","veg_pct":74.2},"geometry":{"type":"Polygon","coordinates":[[[-111.20734,41.962834],[-111.207278,41.962872],[-111.206888,41.962511],[-111.206885,41.962508],[-111.20688,41.962505],[-111.206876,41.962502],[-111.206871,41.9625],[-111.206741,41.962446],[-111.2069,41.96244],[-111.207109,41.962273],[-111.20769,41.962358],[-111.20813,41.962179],[-111.208508,41.962239],[-111.208547,41.962351],[-111.208406,41.962549],[-111.207777,41.962658],[-111.207572,41.962825],[-111.20734,41.962834]]]}},{"type":"Feature","properties":{"id":"excl-b-59","kind":"exclusion","name":"Creek exclusion zone","acres":1.9,"editable":true,"source":"Mesic Analysis Platform + NWI (filtered rule, 2 Sep 2026)","strm_type":"Perennial","veg_pct":81.9},"geometry":{"type":"Polygon","coordinates":[[[-111.206646,41.963011],[-111.20665,41.963278],[-111.206738,41.963383],[-111.206738,41.964212],[-111.20661,41.964408],[-111.206772,41.96478],[-111.206638,41.964789],[-111.206369,41.964586],[-111.206369,41.964306],[-111.206497,41.96402],[-111.206275,41.963753],[-111.206454,41.962512],[-111.206466,41.962557],[-111.206683,41.962525],[-111.206802,41.962574],[-111.207175,41.962919],[-111.20679,41.962926],[-111.206646,41.963011]]]}},{"type":"Feature","properties":{"id":"excl-b-60","kind":"exclusion","name":"Creek exclusion zone","acres":5.8,"editable":true,"source":"Mesic Analysis Platform + NWI (filtered rule, 2 Sep 2026)","strm_type":"Perennial","veg_pct":78.0},"geometry":{"type":"Polygon","coordinates":[[[-111.210903,41.917913],[-111.210235,41.91804],[-111.209516,41.918747],[-111.208993,41.918853],[-111.208312,41.919117],[-111.207704,41.919126],[-111.207385,41.919304],[-111.206817,41.919466],[-111.206382,41.919445],[-111.206431,41.919211],[-111.207302,41.919],[-111.20852,41.918437],[-111.20924,41.918007],[-111.2097,41.917824],[-111.210071,41.917801],[-111.211184,41.917173],[-111.211487,41.917218],[-111.211394,41.917406],[-111.21146,41.917637],[-111.211367,41.91773],[-111.210903,41.917913]]]}},{"type":"Feature","properties":{"id":"excl-b-61","kind":"exclusion","name":"Creek exclusion zone","acres":22.5,"editable":true,"source":"Mesic Analysis Platform + NWI (filtered rule, 2 Sep 2026)","strm_type":"Perennial","veg_pct":83.1},"geometry":{"type":"Polygon","coordinates":[[[-111.214422,41.89828],[-111.214333,41.898407],[-111.214332,41.899024],[-111.214239,41.899167],[-111.214332,41.899582],[-111.214145,41.900074],[-111.21415,41.900493],[-111.214332,41.900692],[-111.214332,41.900875],[-111.214164,41.90109],[-111.214289,41.90185],[-111.214147,41.902323],[-111.214145,41.902819],[-111.213791,41.903599],[-111.213962,41.904304],[-111.21351,41.905038],[-111.213217,41.906154],[-111.212414,41.90705],[-111.212477,41.907358],[-111.212201,41.907822],[-111.211845,41.908193],[-111.211872,41.90833],[-111.212388,41.908746],[-111.212495,41.908933],[-111.212379,41.909189],[-111.212377,41.909187],[-111.212134,41.908962],[-111.212131,41.90896],[-111.212127,41.908957],[-111.212123,41.908955],[-111.21194,41.908852],[-111.211935,41.908849],[-111.21193,41.908847],[-111.211925,41.908845],[-111.211668,41.908773],[-111.211662,41.908771],[-111.211655,41.90877],[-111.211649,41.90877],[-111.211391,41.908763],[-111.21113,41.908716],[-111.210666,41.908543],[-111.210661,41.908542],[-111.210492,41.908492],[-111.210487,41.908491],[-111.210387,41.908469],[-111.21037,41.908512],[-111.210064,41.908305],[-111.2097,41.908193],[-111.20946,41.908193],[-111.209502,41.908161],[-111.209329,41.908032],[-111.209325,41.908029],[-111.209321,41.908026],[-111.209316,41.908024],[-111.20837,41.907636],[-111.20819,41.907538],[-111.207778,41.907122],[-111.207389,41.906691],[-111.207385,41.906687],[-111.207381,41.906684],[-111.207234,41.906577],[-111.207094,41.906358],[-111.207051,41.906253],[-111.207016,41.905962],[-111.207008,41.905581],[-111.207008,41.905578],[-111.207007,41.905574],[-111.206949,41.905331],[-111.206947,41.905326],[-111.206945,41.905321],[-111.206885,41.905218],[-111.206883,41.905214],[-111.206881,41.905211],[-111.206639,41.904929],[-111.206588,41.904953],[-111.206921,41.904012],[-111.206926,41.903747],[-111.207182,41.90349],[-111.207384,41.902986],[-111.207353,41.902821],[-111.207411,41.902833],[-111.207462,41.902693],[-111.207464,41.902689],[-111.207464,41.902684],[-111.207464,41.90268],[-111.207449,41.902292],[-111.207448,41.90229],[-111.207416,41.902028],[-111.207612,41.902034],[-111.20784,41.901957],[-111.207756,41.902432],[-111.207942,41.90273],[-111.207849,41.903055],[-111.207942,41.90347],[-111.207759,41.903784],[-111.207849,41.904117],[-111.207584,41.904391],[-111.207572,41.904763],[-111.20748,41.904889],[-111.207448,41.905626],[-111.207699,41.90647],[-111.208129,41.906895],[-111.208252,41.907128],[-111.208658,41.907418],[-111.209423,41.907729],[-111.20964,41.907903],[-111.210638,41.908131],[-111.210887,41.908083],[-111.211799,41.907488],[-111.212018,41.906895],[-111.212915,41.90563],[-111.213218,41.904857],[-111.2134,41.904658],[-111.213499,41.903934],[-111.213596,41.903814],[-111.213592,41.903283],[-111.213857,41.903013],[-111.213869,41.902636],[-111.213989,41.902495],[-111.213963,41.902266],[-111.21405,41.902143],[-111.213962,41.901798],[-111.213962,41.899493],[-111.214144,41.899084],[-111.214118,41.897654],[-111.214237,41.897226],[-111.214239,41.89634],[-111.214419,41.896117],[-111.214333,41.89597],[-111.214333,41.8956],[-111.214516,41.895225],[-111.214703,41.89507],[-111.21497,41.895113],[-111.215068,41.895322],[-111.214519,41.896538],[-111.214515,41.897174],[-111.214334,41.897662],[-111.214422,41.89828]]]}},{"type":"Feature","properties":{"id":"excl-b-62","kind":"exclusion","name":"Creek exclusion zone","acres":0.8,"editable":true,"source":"Mesic Analysis Platform + NWI (filtered rule, 2 Sep 2026)","strm_type":"Perennial","veg_pct":74.7},"geometry":{"type":"Polygon","coordinates":[[[-111.212018,41.909409],[-111.21172,41.909041],[-111.210904,41.909026],[-111.210481,41.908587],[-111.210478,41.908585],[-111.210615,41.908625],[-111.211083,41.908799],[-111.211089,41.908801],[-111.211096,41.908802],[-111.211368,41.908851],[-111.211374,41.908852],[-111.21138,41.908852],[-111.211634,41.90886],[-111.211874,41.908927],[-111.212045,41.909023],[-111.212269,41.90923],[-111.212193,41.909247],[-111.212018,41.909409]]]}},{"type":"Feature","properties":{"id":"excl-b-63","kind":"exclusion","name":"Creek exclusion zone","acres":2.8,"editable":true,"source":"Mesic Analysis Platform + NWI (filtered rule, 2 Sep 2026)","strm_type":"Perennial","veg_pct":88.6},"geometry":{"type":"Polygon","coordinates":[[[-111.208584,41.907935],[-111.208036,41.907822],[-111.207509,41.907318],[-111.207036,41.907337],[-111.206645,41.906895],[-111.206644,41.90609],[-111.206556,41.905963],[-111.206645,41.905461],[-111.206556,41.905044],[-111.206567,41.905012],[-111.206777,41.905257],[-111.206831,41.905352],[-111.206888,41.905586],[-111.206895,41.905965],[-111.206895,41.905969],[-111.206931,41.906266],[-111.206932,41.906271],[-111.206934,41.906275],[-111.20698,41.906388],[-111.206981,41.906391],[-111.206983,41.906394],[-111.20713,41.906623],[-111.207132,41.906627],[-111.207135,41.90663],[-111.207138,41.906633],[-111.207142,41.906636],[-111.207292,41.906745],[-111.207678,41.907173],[-111.20768,41.907175],[-111.208099,41.907597],[-111.208102,41.907601],[-111.208107,41.907604],[-111.208112,41.907607],[-111.208302,41.90771],[-111.208309,41.907713],[-111.20925,41.9081],[-111.209374,41.908193],[-111.209053,41.908192],[-111.208584,41.907935]]]}},{"type":"Feature","properties":{"id":"excl-b-64","kind":"exclusion","name":"Creek exclusion zone","acres":1.9,"editable":true,"source":"Mesic Analysis Platform + NWI (filtered rule, 2 Sep 2026)","strm_type":"Intermittent","veg_pct":60.6},"geometry":{"type":"Polygon","coordinates":[[[-111.210375,41.961823],[-111.20961,41.962085],[-111.209274,41.962014],[-111.20933,41.961715],[-111.209741,41.961576],[-111.210351,41.961069],[-111.210628,41.961045],[-111.210997,41.960788],[-111.211223,41.96094],[-111.211171,41.961068],[-111.210773,41.961203],[-111.210386,41.961569],[-111.210375,41.961823]]]}},{"type":"Feature","properties":{"id":"excl-b-65","kind":"exclusion","name":"Creek exclusion zone","acres":0.6,"editable":true,"source":"Mesic Analysis Platform + NWI (filtered rule, 2 Sep 2026)","strm_type":"Perennial","veg_pct":44.4},"geometry":{"type":"Polygon","coordinates":[[[-111.211018,41.980696],[-111.211218,41.980611],[-111.211419,41.98084],[-111.211648,41.980885],[-111.211924,41.981161],[-111.21197,41.981416],[-111.211486,41.981102],[-111.210938,41.980874],[-111.211018,41.980696]]]}},{"type":"Feature","properties":{"id":"excl-b-66","kind":"exclusion","name":"Creek exclusion zone","acres":1.8,"editable":true,"source":"Mesic Analysis Platform + NWI (filtered rule, 2 Sep 2026)","strm_type":"Perennial","veg_pct":63.3},"geometry":{"type":"Polygon","coordinates":[[[-111.213208,41.916066],[-111.213304,41.915746],[-111.213218,41.915599],[-111.213217,41.914888],[-111.212941,41.914489],[-111.212941,41.914301],[-111.213124,41.913822],[-111.213129,41.913561],[-111.213311,41.913381],[-111.213208,41.913599],[-111.213206,41.913603],[-111.213205,41.913607],[-111.213168,41.913801],[-111.213168,41.913805],[-111.213168,41.913809],[-111.213168,41.913813],[-111.213169,41.913817],[-111.213214,41.91397],[-111.213216,41.913974],[-111.213217,41.913977],[-111.213219,41.913981],[-111.213356,41.914183],[-111.213411,41.914337],[-111.213457,41.914752],[-111.213457,41.914753],[-111.2135,41.915037],[-111.213501,41.915041],[-111.213502,41.915044],[-111.213566,41.915205],[-111.213573,41.915411],[-111.213553,41.915506],[-111.21341,41.915765],[-111.213199,41.916091],[-111.212893,41.916438],[-111.212677,41.916625],[-111.212674,41.916628],[-111.212671,41.916632],[-111.212668,41.916635],[-111.212666,41.916639],[-111.212664,41.916643],[-111.212663,41.916647],[-111.212663,41.916652],[-111.212662,41.916656],[-111.212667,41.916757],[-111.212727,41.916756],[-111.211925,41.916928],[-111.212018,41.916803],[-111.212708,41.916574],[-111.213208,41.916066]]]}},{"type":"Feature","properties":{"id":"excl-b-67","kind":"exclusion","name":"Creek exclusion zone","acres":6.7,"editable":true,"source":"Mesic Analysis Platform + NWI (filtered rule, 2 Sep 2026)","strm_type":"Perennial","veg_pct":63.3},"geometry":{"type":"Polygon","coordinates":[[[-111.214332,41.913191],[-111.214332,41.913748],[-111.213979,41.914099],[-111.213963,41.914459],[-111.214332,41.914859],[-111.214337,41.91531],[-111.214515,41.915599],[-111.214427,41.916051],[-111.214694,41.916335],[-111.212787,41.916743],[-111.212784,41.91667],[-111.212987,41.916494],[-111.212992,41.91649],[-111.213302,41.916138],[-111.213306,41.916133],[-111.213519,41.915803],[-111.213521,41.915801],[-111.213667,41.915535],[-111.213669,41.91553],[-111.213671,41.915525],[-111.213693,41.915421],[-111.213694,41.915417],[-111.213694,41.915413],[-111.213686,41.915197],[-111.213686,41.915193],[-111.213685,41.915189],[-111.213684,41.915185],[-111.21362,41.915023],[-111.213577,41.914744],[-111.213531,41.914326],[-111.21353,41.914321],[-111.213529,41.914318],[-111.213471,41.914155],[-111.213469,41.914151],[-111.213467,41.914147],[-111.213331,41.913945],[-111.213289,41.913806],[-111.213324,41.913624],[-111.213444,41.913371],[-111.213524,41.9133],[-111.213528,41.913296],[-111.213531,41.913292],[-111.213534,41.913288],[-111.213682,41.913023],[-111.213626,41.913005],[-111.213921,41.912998],[-111.214332,41.913191]]]}},{"type":"Feature","properties":{"id":"excl-b-68","kind":"exclusion","name":"Creek exclusion zone","acres":17.3,"editable":true,"source":"Mesic Analysis Platform + NWI (filtered rule, 2 Sep 2026)","strm_type":"Perennial","veg_pct":86.8},"geometry":{"type":"Polygon","coordinates":[[[-111.242432,41.986292],[-111.241827,41.98616],[-111.241364,41.98579],[-111.241223,41.985541],[-111.240904,41.985326],[-111.2409,41.984605],[-111.240571,41.984146],[-111.240061,41.983865],[-111.238926,41.983488],[-111.238354,41.983383],[-111.237969,41.983562],[-111.237966,41.983517],[-111.237965,41.983517],[-111.237967,41.983562],[-111.237548,41.983479],[-111.237353,41.983558],[-111.237382,41.983519],[-111.237257,41.983467],[-111.236977,41.983217],[-111.236973,41.983214],[-111.236969,41.983211],[-111.236965,41.983209],[-111.23696,41.983207],[-111.236955,41.983205],[-111.236837,41.983165],[-111.236831,41.983163],[-111.236825,41.983162],[-111.236818,41.983161],[-111.236812,41.983161],[-111.236488,41.983161],[-111.236482,41.983162],[-111.236475,41.983162],[-111.236392,41.983176],[-111.237016,41.982642],[-111.237663,41.982365],[-111.238309,41.982459],[-111.238772,41.982712],[-111.239356,41.982906],[-111.239789,41.982918],[-111.239928,41.983003],[-111.240534,41.983105],[-111.240717,41.983199],[-111.240754,41.983335],[-111.241136,41.983707],[-111.241837,41.983893],[-111.241844,41.9843],[-111.242125,41.984882],[-111.242788,41.985653],[-111.242961,41.985778],[-111.243218,41.98579],[-111.243494,41.985954],[-111.243682,41.985977],[-111.24374,41.986071],[-111.243423,41.986993],[-111.242916,41.986855],[-111.242967,41.986831],[-111.242697,41.986506],[-111.242646,41.986529],[-111.242635,41.986502],[-111.242432,41.986292]]]}},{"type":"Feature","properties":{"id":"excl-b-69","kind":"exclusion","name":"Creek exclusion zone","acres":57.2,"editable":true,"source":"Mesic Analysis Platform + NWI (filtered rule, 2 Sep 2026)","strm_type":"Perennial","veg_pct":85.5},"geometry":{"type":"Polygon","coordinates":[[[-111.236365,41.983752],[-111.236148,41.983582],[-111.235812,41.983569],[-111.235255,41.983382],[-111.234969,41.983125],[-111.234514,41.983105],[-111.234179,41.982805],[-111.233934,41.982842],[-111.233774,41.983105],[-111.233404,41.983199],[-111.233059,41.982952],[-111.232149,41.982555],[-111.231366,41.982459],[-111.231199,41.982368],[-111.23035,41.982365],[-111.229841,41.982186],[-111.229516,41.982178],[-111.228979,41.981998],[-111.228588,41.981995],[-111.228073,41.981815],[-111.226921,41.981625],[-111.226529,41.981453],[-111.226274,41.981437],[-111.225763,41.981262],[-111.225314,41.981222],[-111.224834,41.981263],[-111.2247,41.981344],[-111.224028,41.981348],[-111.223683,41.981625],[-111.223358,41.981633],[-111.223219,41.981718],[-111.222357,41.981722],[-111.222198,41.981807],[-111.221577,41.981718],[-111.221369,41.981807],[-111.219984,41.981808],[-111.219795,41.981901],[-111.218967,41.981901],[-111.218806,41.981769],[-111.218601,41.981754],[-111.218355,41.981939],[-111.21831,41.982088],[-111.217323,41.98219],[-111.216923,41.982458],[-111.215813,41.98267],[-111.215591,41.982998],[-111.215401,41.982956],[-111.215051,41.983045],[-111.21467,41.983543],[-111.214885,41.983846],[-111.214885,41.984033],[-111.214791,41.984122],[-111.213405,41.984496],[-111.212757,41.984497],[-111.212397,41.984586],[-111.212268,41.984393],[-111.212242,41.983773],[-111.212477,41.983752],[-111.212876,41.983939],[-111.213332,41.983936],[-111.213703,41.983812],[-111.214026,41.98351],[-111.214052,41.983293],[-111.214422,41.982642],[-111.214792,41.982272],[-111.215266,41.982244],[-111.215668,41.982044],[-111.216366,41.981531],[-111.216876,41.981298],[-111.217387,41.980885],[-111.21868,41.980421],[-111.21894,41.980511],[-111.219352,41.980511],[-111.220071,41.98014],[-111.220811,41.98014],[-111.221037,41.980318],[-111.222109,41.980421],[-111.222264,41.980569],[-111.222662,41.980696],[-111.223015,41.980574],[-111.223162,41.980435],[-111.223458,41.980411],[-111.224147,41.98014],[-111.225533,41.98014],[-111.226048,41.98032],[-111.226461,41.980327],[-111.226606,41.980414],[-111.226831,41.980421],[-111.227947,41.980954],[-111.228639,41.981154],[-111.229145,41.981161],[-111.229657,41.981337],[-111.230626,41.981438],[-111.230788,41.981527],[-111.231553,41.981531],[-111.23172,41.981622],[-111.232383,41.981625],[-111.232549,41.981715],[-111.233587,41.981808],[-111.233868,41.981902],[-111.234016,41.982108],[-111.23417,41.982169],[-111.234156,41.982362],[-111.234286,41.982503],[-111.234701,41.982548],[-111.234756,41.982576],[-111.234698,41.982589],[-111.234767,41.982759],[-111.234769,41.982763],[-111.234879,41.982961],[-111.234883,41.982966],[-111.234887,41.982971],[-111.235078,41.983164],[-111.235082,41.983167],[-111.235086,41.98317],[-111.23509,41.983173],[-111.23526,41.983267],[-111.235266,41.98327],[-111.235272,41.983273],[-111.235508,41.983349],[-111.235513,41.98335],[-111.235519,41.983351],[-111.235525,41.983352],[-111.235531,41.983352],[-111.235846,41.983356],[-111.235847,41.983311],[-111.235938,41.983352],[-111.236296,41.983259],[-111.236325,41.983234],[-111.236338,41.983278],[-111.236495,41.983251],[-111.236799,41.983251],[-111.236893,41.983283],[-111.237171,41.983531],[-111.237175,41.983534],[-111.237179,41.983537],[-111.237183,41.983539],[-111.237188,41.983541],[-111.23729,41.983584],[-111.237104,41.983659],[-111.236365,41.983752]]]}},{"type":"Feature","properties":{"id":"excl-b-70","kind":"exclusion","name":"Creek exclusion zone","acres":0.3,"editable":true,"source":"Mesic Analysis Platform + NWI (filtered rule, 2 Sep 2026)","strm_type":"Perennial","veg_pct":57.2},"geometry":{"type":"Polygon","coordinates":[[[-111.235493,41.983154],[-111.235743,41.983265],[-111.235545,41.983263],[-111.235326,41.983192],[-111.23517,41.983105],[-111.234988,41.982922],[-111.234881,41.982731],[-111.234835,41.982617],[-111.234884,41.982642],[-111.235493,41.983154]]]}},{"type":"Feature","properties":{"id":"excl-b-71","kind":"exclusion","name":"Creek exclusion zone","acres":10.2,"editable":true,"source":"Mesic Analysis Platform + NWI (filtered rule, 2 Sep 2026)","strm_type":"Perennial","veg_pct":63.9},"geometry":{"type":"Polygon","coordinates":[[[-111.21868,41.906618],[-111.218499,41.906813],[-111.218403,41.907358],[-111.217517,41.908237],[-111.21748,41.908562],[-111.217293,41.908745],[-111.216699,41.90914],[-111.216553,41.909396],[-111.21623,41.909536],[-111.215719,41.909949],[-111.2152,41.910194],[-111.214702,41.910783],[-111.214089,41.911232],[-111.21387,41.91177],[-111.214198,41.912256],[-111.213986,41.912286],[-111.21404,41.912265],[-111.213935,41.912119],[-111.213931,41.912114],[-111.21359,41.911759],[-111.213478,41.911538],[-111.213434,41.911367],[-111.213431,41.91136],[-111.213287,41.91105],[-111.213236,41.91073],[-111.213272,41.910067],[-111.213272,41.910062],[-111.213272,41.910057],[-111.21327,41.910053],[-111.213268,41.910048],[-111.213265,41.910044],[-111.213262,41.91004],[-111.213138,41.909901],[-111.213135,41.909898],[-111.213132,41.909895],[-111.213008,41.909796],[-111.212964,41.909827],[-111.212974,41.909728],[-111.213249,41.909579],[-111.213498,41.909673],[-111.213775,41.910043],[-111.213814,41.910426],[-111.21396,41.910504],[-111.214287,41.910502],[-111.215166,41.909767],[-111.215945,41.909351],[-111.216699,41.908801],[-111.217168,41.908325],[-111.217293,41.908005],[-111.217518,41.907891],[-111.218026,41.907367],[-111.218127,41.906895],[-111.218378,41.906651],[-111.218484,41.906317],[-111.218496,41.905632],[-111.218404,41.905414],[-111.218768,41.904382],[-111.218774,41.904023],[-111.219238,41.90356],[-111.219459,41.903547],[-111.218966,41.904222],[-111.218961,41.904763],[-111.218712,41.905663],[-111.21868,41.906618]]]}},{"type":"Feature","properties":{"id":"excl-b-72","kind":"exclusion","name":"Creek exclusion zone","acres":0.9,"editable":true,"source":"Mesic Analysis Platform + NWI (filtered rule, 2 Sep 2026)","strm_type":"Perennial","veg_pct":56.4},"geometry":{"type":"Polygon","coordinates":[[[-111.213499,41.912081],[-111.213473,41.911866],[-111.213035,41.911434],[-111.212941,41.9106],[-111.213121,41.910266],[-111.212941,41.910043],[-111.212958,41.909888],[-111.21304,41.909954],[-111.213151,41.910078],[-111.213116,41.91073],[-111.213116,41.910733],[-111.213116,41.910737],[-111.213168,41.911065],[-111.213169,41.91107],[-111.213171,41.911075],[-111.213316,41.911387],[-111.21336,41.911559],[-111.213362,41.911563],[-111.213363,41.911567],[-111.21348,41.911796],[-111.213482,41.9118],[-111.213484,41.911803],[-111.213487,41.911806],[-111.213831,41.912164],[-111.213925,41.912295],[-111.213869,41.912303],[-111.213499,41.912081]]]}},{"type":"Feature","properties":{"id":"excl-b-73","kind":"exclusion","name":"Creek exclusion zone","acres":0.1,"editable":true,"source":"Mesic Analysis Platform + NWI (filtered rule, 2 Sep 2026)","strm_type":"Perennial","veg_pct":54.5},"geometry":{"type":"Polygon","coordinates":[[[-111.224332,41.942926],[-111.224724,41.942835],[-111.224729,41.942833],[-111.224734,41.942831],[-111.225155,41.942662],[-111.225588,41.942582],[-111.225595,41.94258],[-111.22562,41.942573],[-111.225533,41.942639],[-111.225287,41.942651],[-111.2247,41.942915],[-111.224332,41.942926]]]}},{"type":"Feature","properties":{"id":"excl-b-74","kind":"exclusion","name":"Creek exclusion zone","acres":4.7,"editable":true,"source":"Mesic Analysis Platform + NWI (filtered rule, 2 Sep 2026)","strm_type":"Perennial","veg_pct":62.9},"geometry":{"type":"Polygon","coordinates":[[[-111.223332,41.943263],[-111.223301,41.943225],[-111.222955,41.94338],[-111.222986,41.943419],[-111.222371,41.943594],[-111.222303,41.943655],[-111.222283,41.943613],[-111.222038,41.943679],[-111.222032,41.94368],[-111.221606,41.943833],[-111.221601,41.943836],[-111.221596,41.943838],[-111.221453,41.943919],[-111.221489,41.943955],[-111.221434,41.943971],[-111.221396,41.944008],[-111.221359,41.943972],[-111.221228,41.944046],[-111.221224,41.944049],[-111.22122,41.944052],[-111.220892,41.944325],[-111.220832,41.944364],[-111.220606,41.944253],[-111.220601,41.944251],[-111.220596,41.944249],[-111.220591,41.944247],[-111.220586,41.944246],[-111.22058,41.944246],[-111.220575,41.944245],[-111.220346,41.944241],[-111.22034,41.944241],[-111.220333,41.944242],[-111.220117,41.944276],[-111.220399,41.944081],[-111.220442,41.943843],[-111.220718,41.943656],[-111.221047,41.943647],[-111.221449,41.943547],[-111.221739,41.943379],[-111.22206,41.943371],[-111.222479,41.943197],[-111.222734,41.943181],[-111.223496,41.942826],[-111.224113,41.94272],[-111.224606,41.942452],[-111.225347,41.942245],[-111.225836,41.942048],[-111.225998,41.941899],[-111.226185,41.941871],[-111.2263,41.942056],[-111.225721,41.942496],[-111.2257,41.942454],[-111.225555,41.942495],[-111.225119,41.942576],[-111.225114,41.942577],[-111.225109,41.942578],[-111.225105,41.94258],[-111.224682,41.94275],[-111.224143,41.942876],[-111.224138,41.942877],[-111.224133,41.942879],[-111.223597,41.943092],[-111.223594,41.943093],[-111.22343,41.943166],[-111.223462,41.943205],[-111.223424,41.943211],[-111.223332,41.943263]]]}},{"type":"Feature","properties":{"id":"excl-b-75","kind":"exclusion","name":"Creek exclusion zone","acres":1.1,"editable":true,"source":"Mesic Analysis Platform + NWI (filtered rule, 2 Sep 2026)","strm_type":"Perennial","veg_pct":57.7},"geometry":{"type":"Polygon","coordinates":[[[-111.220555,41.945023],[-111.220535,41.945323],[-111.220338,41.945438],[-111.220223,41.945363],[-111.220347,41.944709],[-111.220114,41.944368],[-111.220351,41.944331],[-111.220554,41.944335],[-111.220794,41.944453],[-111.220866,41.944537],[-111.220917,41.944513],[-111.220932,41.944717],[-111.220555,41.945023]]]}},{"type":"Feature","properties":{"id":"excl-b-76","kind":"exclusion","name":"Creek exclusion zone","acres":0.6,"editable":true,"source":"Mesic Analysis Platform + NWI (filtered rule, 2 Sep 2026)","strm_type":"Ephemeral","veg_pct":59.6},"geometry":{"type":"Polygon","coordinates":[[[-111.225347,42.061817],[-111.225257,42.06163],[-111.225482,42.061623],[-111.225627,42.061537],[-111.226091,42.061537],[-111.226394,42.06173],[-111.226345,42.061888],[-111.226248,42.061907],[-111.225986,42.061786],[-111.225347,42.061817]]]}},{"type":"Feature","properties":{"id":"excl-b-77","kind":"exclusion","name":"Creek exclusion zone","acres":1.3,"editable":true,"source":"Mesic Analysis Platform + NWI (filtered rule, 2 Sep 2026)","strm_type":"Ephemeral","veg_pct":61.0},"geometry":{"type":"Polygon","coordinates":[[[-111.228218,41.925695],[-111.228537,41.925556],[-111.229146,41.925044],[-111.229792,41.924696],[-111.229952,41.924865],[-111.228864,41.925694],[-111.228263,41.925971],[-111.228156,41.925784],[-111.228218,41.925695]]]}},{"type":"Feature","properties":{"id":"excl-b-78","kind":"exclusion","name":"Creek exclusion zone","acres":3.2,"editable":true,"source":"Mesic Analysis Platform + NWI (filtered rule, 2 Sep 2026)","strm_type":"Ephemeral","veg_pct":86.1},"geometry":{"type":"Polygon","coordinates":[[[-111.233404,42.15037],[-111.233437,42.150157],[-111.233311,42.15],[-111.233299,42.149713],[-111.23304,42.149471],[-111.232289,42.149257],[-111.231366,42.149349],[-111.230996,42.148979],[-111.230886,42.148592],[-111.230658,42.148333],[-111.230683,42.148216],[-111.230996,42.148239],[-111.231493,42.148843],[-111.23186,42.149061],[-111.2322,42.149073],[-111.232847,42.149255],[-111.233401,42.149255],[-111.233587,42.149167],[-111.233983,42.149141],[-111.233596,42.150019],[-111.233771,42.150426],[-111.233708,42.150454],[-111.233404,42.15037]]]}},{"type":"Feature","properties":{"id":"excl-b-79","kind":"exclusion","name":"Creek exclusion zone","acres":2.3,"editable":true,"source":"Mesic Analysis Platform + NWI (filtered rule, 2 Sep 2026)","strm_type":"Perennial","veg_pct":80.4},"geometry":{"type":"Polygon","coordinates":[[[-111.234254,42.094612],[-111.233332,42.095431],[-111.233299,42.095393],[-111.233104,42.095489],[-111.232939,42.095537],[-111.232584,42.09558],[-111.232593,42.095625],[-111.232407,42.095629],[-111.23257,42.09543],[-111.232825,42.095415],[-111.232983,42.095309],[-111.233561,42.094631],[-111.233587,42.094503],[-111.233868,42.09432],[-111.234224,42.094384],[-111.234884,42.09432],[-111.235057,42.094475],[-111.235403,42.094539],[-111.235204,42.094683],[-111.235193,42.094639],[-111.234989,42.094668],[-111.234982,42.094669],[-111.234713,42.09473],[-111.23471,42.094731],[-111.234679,42.094739],[-111.2347,42.094782],[-111.234498,42.094612],[-111.234254,42.094612]]]}},{"type":"Feature","properties":{"id":"excl-b-80","kind":"exclusion","name":"Creek exclusion zone","acres":0.3,"editable":true,"source":"Mesic Analysis Platform + NWI (filtered rule, 2 Sep 2026)","strm_type":"Ephemeral","veg_pct":96.2},"geometry":{"type":"Polygon","coordinates":[[[-111.235318,42.020984],[-111.235323,42.020981],[-111.235327,42.020977],[-111.235331,42.020974],[-111.235392,42.020903],[-111.235341,42.020879],[-111.235501,42.020875],[-111.235535,42.020852],[-111.235563,42.020906],[-111.235564,42.020928],[-111.235684,42.020926],[-111.235683,42.020896],[-111.235683,42.020891],[-111.235682,42.020886],[-111.235679,42.020881],[-111.23564,42.020804],[-111.235584,42.02082],[-111.235759,42.020704],[-111.235777,42.020748],[-111.235801,42.020742],[-111.235807,42.020741],[-111.235987,42.020685],[-111.235964,42.020644],[-111.236122,42.020726],[-111.235635,42.02116],[-111.235438,42.021003],[-111.235306,42.020991],[-111.235318,42.020984]]]}},{"type":"Feature","properties":{"id":"excl-b-81","kind":"exclusion","name":"Creek exclusion zone","acres":0.1,"editable":true,"source":"Mesic Analysis Platform + NWI (filtered rule, 2 Sep 2026)","strm_type":"Ephemeral","veg_pct":95.8},"geometry":{"type":"Polygon","coordinates":[[[-111.234994,42.021037],[-111.234876,42.021071],[-111.234768,42.021071],[-111.234743,42.021052],[-111.234745,42.021033],[-111.234752,42.020982],[-111.234692,42.020978],[-111.23484,42.020972],[-111.234978,42.020887],[-111.235268,42.02088],[-111.235235,42.020918],[-111.235146,42.020971],[-111.235184,42.021006],[-111.235016,42.02108],[-111.234994,42.021037]]]}},{"type":"Feature","properties":{"id":"excl-b-82","kind":"exclusion","name":"Creek exclusion zone","acres":0.2,"editable":true,"source":"Mesic Analysis Platform + NWI (filtered rule, 2 Sep 2026)","strm_type":"Ephemeral","veg_pct":95.3},"geometry":{"type":"Polygon","coordinates":[[[-111.234286,42.021265],[-111.23405,42.02144],[-111.233923,42.021434],[-111.233996,42.02128],[-111.234022,42.02132],[-111.234633,42.021098],[-111.234634,42.0211],[-111.234639,42.021103],[-111.234658,42.021116],[-111.2347,42.021148],[-111.234705,42.021151],[-111.234709,42.021153],[-111.234715,42.021156],[-111.23472,42.021158],[-111.234725,42.021159],[-111.234731,42.02116],[-111.234737,42.021161],[-111.234743,42.021161],[-111.234828,42.021161],[-111.234608,42.021257],[-111.234286,42.021265]]]}},{"type":"Feature","properties":{"id":"excl-b-83","kind":"exclusion","name":"Creek exclusion zone","acres":1.3,"editable":true,"source":"Mesic Analysis Platform + NWI (filtered rule, 2 Sep 2026)","strm_type":"Ephemeral","veg_pct":55.7},"geometry":{"type":"Polygon","coordinates":[[[-111.234979,41.978137],[-111.234978,41.978735],[-111.234791,41.978753],[-111.234877,41.97853],[-111.234791,41.97829],[-111.234879,41.978184],[-111.234977,41.977487],[-111.234635,41.977085],[-111.234728,41.976992],[-111.23519,41.976975],[-111.235421,41.976739],[-111.235531,41.976439],[-111.235718,41.976301],[-111.235812,41.976363],[-111.235718,41.976715],[-111.235123,41.977284],[-111.235161,41.977549],[-111.234979,41.978137]]]}},{"type":"Feature","properties":{"id":"excl-b-84","kind":"exclusion","name":"Creek exclusion zone","acres":0.5,"editable":true,"source":"Mesic Analysis Platform + NWI (filtered rule, 2 Sep 2026)","strm_type":"Intermittent","veg_pct":53.2},"geometry":{"type":"Polygon","coordinates":[[[-111.23479,41.880689],[-111.234703,41.881306],[-111.234884,41.881523],[-111.234515,41.881598],[-111.234515,41.880782],[-111.234608,41.880689],[-111.23479,41.880689]]]}},{"type":"Feature","properties":{"id":"excl-b-85","kind":"exclusion","name":"Creek exclusion zone","acres":3.9,"editable":true,"source":"Mesic Analysis Platform + NWI (filtered rule, 2 Sep 2026)","strm_type":"Intermittent","veg_pct":64.6},"geometry":{"type":"Polygon","coordinates":[[[-111.235641,41.87798],[-111.235624,41.878281],[-111.235139,41.878777],[-111.235161,41.879114],[-111.234896,41.879478],[-111.234884,41.879819],[-111.234608,41.879788],[-111.234608,41.879208],[-111.234786,41.878918],[-111.234885,41.878281],[-111.235218,41.878051],[-111.235255,41.877728],[-111.235812,41.877171],[-111.236735,41.876801],[-111.236967,41.876792],[-111.237105,41.876707],[-111.237518,41.8767],[-111.237663,41.876613],[-111.237872,41.876613],[-111.237894,41.876894],[-111.237382,41.876895],[-111.236952,41.876996],[-111.236136,41.877387],[-111.235641,41.87798]]]}},{"type":"Feature","properties":{"id":"excl-b-86","kind":"exclusion","name":"Creek exclusion zone","acres":0.9,"editable":true,"source":"Mesic Analysis Platform + NWI (filtered rule, 2 Sep 2026)","strm_type":"Ephemeral","veg_pct":96.3},"geometry":{"type":"Polygon","coordinates":[[[-111.235664,42.070514],[-111.235636,42.070464],[-111.235812,42.070152],[-111.236828,42.070152],[-111.236972,42.070355],[-111.236851,42.070428],[-111.236327,42.070435],[-111.236182,42.070521],[-111.235664,42.070514]]]}},{"type":"Feature","properties":{"id":"excl-b-87","kind":"exclusion","name":"Creek exclusion zone","acres":0.5,"editable":true,"source":"Mesic Analysis Platform + NWI (filtered rule, 2 Sep 2026)","strm_type":"Ephemeral","veg_pct":84.3},"geometry":{"type":"Polygon","coordinates":[[[-111.236152,42.14131],[-111.236162,42.141071],[-111.236387,42.140983],[-111.236459,42.140833],[-111.236552,42.140833],[-111.236553,42.141452],[-111.236641,42.141804],[-111.236459,42.141804],[-111.236438,42.14146],[-111.236152,42.14131]]]}},{"type":"Feature","properties":{"id":"excl-b-88","kind":"exclusion","name":"Creek exclusion zone","acres":1.8,"editable":true,"source":"Mesic Analysis Platform + NWI (filtered rule, 2 Sep 2026)","strm_type":"Ephemeral","veg_pct":83.9},"geometry":{"type":"Polygon","coordinates":[[[-111.237938,41.998869],[-111.237656,41.999033],[-111.236365,41.999033],[-111.236202,41.99889],[-111.236346,41.998667],[-111.236477,41.998669],[-111.236945,41.998937],[-111.237313,41.998936],[-111.237677,41.998818],[-111.238202,41.998408],[-111.23822,41.997923],[-111.238496,41.997642],[-111.2387,41.997553],[-111.238896,41.997653],[-111.238491,41.998029],[-111.238588,41.998445],[-111.238126,41.998846],[-111.237938,41.998869]]]}},{"type":"Feature","properties":{"id":"excl-b-89","kind":"exclusion","name":"Creek exclusion zone","acres":6.1,"editable":true,"source":"Mesic Analysis Platform + NWI (filtered rule, 2 Sep 2026)","strm_type":"Intermittent","veg_pct":59.6},"geometry":{"type":"Polygon","coordinates":[[[-111.241018,41.886002],[-111.240115,41.885607],[-111.239513,41.885598],[-111.239375,41.885513],[-111.239049,41.885504],[-111.238207,41.88506],[-111.237663,41.884947],[-111.237283,41.88469],[-111.236365,41.884488],[-111.236199,41.884334],[-111.235812,41.884207],[-111.235785,41.884113],[-111.235968,41.883837],[-111.236229,41.884068],[-111.236645,41.884277],[-111.23752,41.884568],[-111.237756,41.884577],[-111.238343,41.884845],[-111.23859,41.884858],[-111.239062,41.885209],[-111.239399,41.885314],[-111.24007,41.885317],[-111.240208,41.885402],[-111.24044,41.885411],[-111.241644,41.885968],[-111.241992,41.886305],[-111.242291,41.886339],[-111.242227,41.886647],[-111.243031,41.887542],[-111.242755,41.887819],[-111.241921,41.886985],[-111.241515,41.88638],[-111.241018,41.886002]]]}},{"type":"Feature","properties":{"id":"excl-b-90","kind":"exclusion","name":"Creek exclusion zone","acres":1.1,"editable":true,"source":"Mesic Analysis Platform + NWI (filtered rule, 2 Sep 2026)","strm_type":"Ephemeral","veg_pct":91.0},"geometry":{"type":"Polygon","coordinates":[[[-111.236862,41.974168],[-111.236702,41.974375],[-111.236735,41.974775],[-111.236552,41.974731],[-111.236458,41.974406],[-111.236552,41.974125],[-111.237089,41.973688],[-111.237016,41.973215],[-111.237198,41.973135],[-111.237386,41.973567],[-111.237386,41.973937],[-111.237292,41.974031],[-111.237045,41.974044],[-111.236862,41.974168]]]}},{"type":"Feature","properties":{"id":"excl-b-91","kind":"exclusion","name":"Creek exclusion zone","acres":5.4,"editable":true,"source":"Mesic Analysis Platform + NWI (filtered rule, 2 Sep 2026)","strm_type":"Intermittent","veg_pct":60.6},"geometry":{"type":"Polygon","coordinates":[[[-111.241762,41.937359],[-111.241508,41.937481],[-111.24138,41.93765],[-111.241368,41.937606],[-111.241172,41.937637],[-111.240535,41.93771],[-111.239603,41.937784],[-111.239601,41.937784],[-111.239016,41.937841],[-111.239024,41.937885],[-111.23881,41.93776],[-111.237969,41.937904],[-111.237484,41.937912],[-111.237382,41.937828],[-111.237377,41.937775],[-111.238024,41.937621],[-111.238309,41.937453],[-111.239534,41.93745],[-111.240811,41.937083],[-111.241732,41.937082],[-111.241921,41.936989],[-111.24265,41.936991],[-111.243004,41.936896],[-111.242843,41.937658],[-111.242664,41.937634],[-111.242662,41.937633],[-111.242395,41.937605],[-111.242386,41.93765],[-111.242128,41.937487],[-111.241762,41.937359]]]}},{"type":"Feature","properties":{"id":"excl-b-92","kind":"exclusion","name":"Creek exclusion zone","acres":0.8,"editable":true,"source":"Mesic Analysis Platform + NWI (filtered rule, 2 Sep 2026)","strm_type":"Intermittent","veg_pct":62.7},"geometry":{"type":"Polygon","coordinates":[[[-111.240904,41.938099],[-111.240623,41.938099],[-111.240347,41.937918],[-111.239956,41.93792],[-111.239789,41.93801],[-111.239237,41.93801],[-111.23909,41.937924],[-111.239616,41.937873],[-111.240549,41.937799],[-111.240552,41.937799],[-111.241192,41.937726],[-111.241195,41.937725],[-111.241341,41.937703],[-111.24118,41.937917],[-111.240904,41.938099]]]}},{"type":"Feature","properties":{"id":"excl-b-93","kind":"exclusion","name":"Creek exclusion zone","acres":0.6,"editable":true,"source":"Mesic Analysis Platform + NWI (filtered rule, 2 Sep 2026)","strm_type":"Perennial","veg_pct":59.6},"geometry":{"type":"Polygon","coordinates":[[[-111.2397,42.095243],[-111.239839,42.095328],[-111.240534,42.09543],[-111.240708,42.09553],[-111.240507,42.095662],[-111.240508,42.095617],[-111.240368,42.095616],[-111.240075,42.095584],[-111.239596,42.095491],[-111.239484,42.095456],[-111.239461,42.095498],[-111.239376,42.095309],[-111.2397,42.095243]]]}},{"type":"Feature","properties":{"id":"excl-b-94","kind":"exclusion","name":"Creek exclusion zone","acres":0.5,"editable":true,"source":"Mesic Analysis Platform + NWI (filtered rule, 2 Sep 2026)","strm_type":"Ephemeral","veg_pct":67.6},"geometry":{"type":"Polygon","coordinates":[[[-111.239479,42.018602],[-111.239497,42.018645],[-111.239561,42.01863],[-111.240028,42.018629],[-111.240033,42.018629],[-111.240257,42.018615],[-111.240263,42.018614],[-111.240269,42.018613],[-111.240274,42.018612],[-111.240356,42.018588],[-111.240419,42.01857],[-111.240397,42.018528],[-111.240747,42.018601],[-111.240623,42.018756],[-111.239415,42.018789],[-111.239402,42.018741],[-111.239479,42.018602]]]}},{"type":"Feature","properties":{"id":"excl-b-95","kind":"exclusion","name":"Creek exclusion zone","acres":1.7,"editable":true,"source":"Mesic Analysis Platform + NWI (filtered rule, 2 Sep 2026)","strm_type":"Intermittent","veg_pct":52.7},"geometry":{"type":"Polygon","coordinates":[[[-111.239287,41.876942],[-111.239036,41.876894],[-111.239054,41.876524],[-111.239259,41.87649],[-111.239419,41.876337],[-111.2397,41.876337],[-111.239882,41.8765],[-111.240164,41.876524],[-111.240195,41.876983],[-111.240024,41.877031],[-111.239789,41.877264],[-111.239607,41.877264],[-111.239287,41.876942]]]}},{"type":"Feature","properties":{"id":"excl-b-96","kind":"exclusion","name":"Creek exclusion zone","acres":1.1,"editable":true,"source":"Mesic Analysis Platform + NWI (filtered rule, 2 Sep 2026)","strm_type":"Ephemeral","veg_pct":94.1},"geometry":{"type":"Polygon","coordinates":[[[-111.240267,41.995609],[-111.240779,41.995181],[-111.240811,41.994958],[-111.241364,41.994115],[-111.241517,41.994079],[-111.24155,41.9942],[-111.240993,41.995234],[-111.240534,41.995715],[-111.240388,41.995759],[-111.240267,41.995609]]]}},{"type":"Feature","properties":{"id":"excl-b-97","kind":"exclusion","name":"Creek exclusion zone","acres":1.9,"editable":true,"source":"Mesic Analysis Platform + NWI (filtered rule, 2 Sep 2026)","strm_type":"Intermittent","veg_pct":54.3},"geometry":{"type":"Polygon","coordinates":[[[-111.242108,41.946157],[-111.241782,41.946166],[-111.241363,41.946344],[-111.241185,41.946344],[-111.241092,41.946157],[-111.24152,41.946006],[-111.242015,41.945511],[-111.243001,41.944802],[-111.243401,41.9444],[-111.243624,41.944583],[-111.242754,41.945323],[-111.242327,41.945552],[-111.24212,41.945872],[-111.242108,41.946157]]]}},{"type":"Feature","properties":{"id":"excl-b-98","kind":"exclusion","name":"Creek exclusion zone","acres":5.2,"editable":true,"source":"Mesic Analysis Platform + NWI (filtered rule, 2 Sep 2026)","strm_type":"Perennial","veg_pct":87.2},"geometry":{"type":"Polygon","coordinates":[[[-111.261982,42.094895],[-111.261981,42.094896],[-111.261937,42.095011],[-111.261768,42.095243],[-111.261644,42.095243],[-111.261766,42.094884],[-111.261766,42.094032],[-111.261685,42.093904],[-111.260346,42.093856],[-111.259491,42.09358],[-111.259096,42.093587],[-111.258495,42.093762],[-111.258076,42.093771],[-111.257938,42.093856],[-111.257519,42.093865],[-111.25738,42.093949],[-111.2571,42.093973],[-111.256997,42.094064],[-111.256792,42.093931],[-111.256699,42.093845],[-111.256631,42.093755],[-111.256682,42.093777],[-111.256921,42.093669],[-111.257262,42.093762],[-111.257474,42.093669],[-111.258149,42.093665],[-111.258678,42.093486],[-111.259097,42.093477],[-111.259512,42.093299],[-111.259976,42.093299],[-111.260508,42.093482],[-111.261659,42.093576],[-111.261869,42.093458],[-111.261953,42.09331],[-111.261826,42.093116],[-111.26182,42.092971],[-111.261848,42.093021],[-111.261851,42.093025],[-111.261854,42.093029],[-111.261857,42.093033],[-111.261861,42.093036],[-111.261866,42.093039],[-111.261932,42.093079],[-111.261936,42.093081],[-111.261941,42.093084],[-111.261947,42.093086],[-111.261952,42.093087],[-111.261958,42.093088],[-111.262041,42.093101],[-111.262046,42.093102],[-111.262052,42.093102],[-111.262058,42.093102],[-111.262063,42.093101],[-111.262069,42.0931],[-111.262074,42.093099],[-111.26208,42.093097],[-111.262085,42.093095],[-111.262133,42.093073],[-111.262138,42.093071],[-111.262142,42.093068],[-111.262147,42.093064],[-111.26215,42.093061],[-111.262154,42.093057],[-111.262156,42.093053],[-111.262159,42.093049],[-111.262182,42.092995],[-111.262183,42.09299],[-111.262184,42.092986],[-111.262184,42.092982],[-111.262184,42.092978],[-111.262173,42.092866],[-111.262286,42.092697],[-111.262399,42.092608],[-111.262414,42.0926],[-111.26238,42.092563],[-111.262382,42.092563],[-111.262498,42.092591],[-111.262513,42.092597],[-111.26252,42.092604],[-111.262537,42.092607],[-111.262636,42.09265],[-111.262698,42.092701],[-111.262719,42.092829],[-111.262691,42.092912],[-111.262238,42.093162],[-111.262237,42.093163],[-111.262236,42.093163],[-111.262235,42.093164],[-111.262154,42.093241],[-111.262153,42.093242],[-111.262152,42.093243],[-111.262123,42.093304],[-111.262122,42.093305],[-111.262122,42.093306],[-111.262115,42.09347],[-111.262078,42.09354],[-111.262078,42.093541],[-111.262078,42.093542],[-111.262078,42.093543],[-111.262092,42.093692],[-111.262092,42.093693],[-111.262093,42.093694],[-111.262151,42.093835],[-111.262137,42.093908],[-111.262094,42.093961],[-111.262093,42.093962],[-111.262092,42.093963],[-111.262092,42.093964],[-111.262077,42.094041],[-111.262077,42.094042],[-111.262077,42.094043],[-111.262085,42.094125],[-111.262085,42.094126],[-111.262085,42.094127],[-111.262085,42.094128],[-111.262086,42.094129],[-111.262257,42.094353],[-111.262278,42.094511],[-111.262277,42.094517],[-111.261982,42.094894],[-111.261982,42.094895]]]}},{"type":"Feature","properties":{"id":"excl-b-99","kind":"exclusion","name":"Creek exclusion zone","acres":10.0,"editable":true,"source":"Mesic Analysis Platform + NWI (filtered rule, 2 Sep 2026)","strm_type":"Perennial","veg_pct":82.8},"geometry":{"type":"Polygon","coordinates":[[[-111.256065,42.094295],[-111.256046,42.094252],[-111.255948,42.094278],[-111.255968,42.09432],[-111.255575,42.094328],[-111.255436,42.094413],[-111.254327,42.094414],[-111.254143,42.094502],[-111.253541,42.094511],[-111.25344,42.094573],[-111.253438,42.094528],[-111.253267,42.094534],[-111.25327,42.094579],[-111.252687,42.094503],[-111.252476,42.094552],[-111.252484,42.094507],[-111.252372,42.094497],[-111.252207,42.094467],[-111.252193,42.094511],[-111.25211,42.094437],[-111.251642,42.094321],[-111.251089,42.094321],[-111.250901,42.094413],[-111.250537,42.094413],[-111.250356,42.094327],[-111.249816,42.09432],[-111.249398,42.094556],[-111.249386,42.094512],[-111.249282,42.094527],[-111.249277,42.094528],[-111.249273,42.094529],[-111.249047,42.094593],[-111.248789,42.094657],[-111.248764,42.094661],[-111.24858,42.094692],[-111.248279,42.094697],[-111.248198,42.094689],[-111.248191,42.094734],[-111.247863,42.094599],[-111.247608,42.094648],[-111.247619,42.094604],[-111.246663,42.09447],[-111.246652,42.094515],[-111.246435,42.094413],[-111.245888,42.09442],[-111.245892,42.094375],[-111.245792,42.09437],[-111.24579,42.09437],[-111.245587,42.094364],[-111.245582,42.094364],[-111.245577,42.094364],[-111.245342,42.094387],[-111.245289,42.094392],[-111.245284,42.094393],[-111.245278,42.094394],[-111.244948,42.094473],[-111.244943,42.094475],[-111.244661,42.094563],[-111.244204,42.094697],[-111.2442,42.094698],[-111.24366,42.094886],[-111.243686,42.094927],[-111.243555,42.094824],[-111.243593,42.094596],[-111.243772,42.094503],[-111.24438,42.094498],[-111.244793,42.094226],[-111.245024,42.094218],[-111.245163,42.094133],[-111.245715,42.094133],[-111.245987,42.094318],[-111.247826,42.094325],[-111.248124,42.094133],[-111.248608,42.094129],[-111.24877,42.094039],[-111.250171,42.094197],[-111.250625,42.094039],[-111.251359,42.09395],[-111.25178,42.094124],[-111.252012,42.094133],[-111.252293,42.094319],[-111.25287,42.094316],[-111.253492,42.094133],[-111.254609,42.09423],[-111.254834,42.0941],[-111.254884,42.09395],[-111.255344,42.093926],[-111.255592,42.093709],[-111.255624,42.09358],[-111.256088,42.093462],[-111.25627,42.093299],[-111.256296,42.093299],[-111.256297,42.093309],[-111.256297,42.093312],[-111.256298,42.093316],[-111.256346,42.093505],[-111.256347,42.093509],[-111.256349,42.093513],[-111.256423,42.093655],[-111.256479,42.093638],[-111.2565,42.093699],[-111.256528,42.093711],[-111.256476,42.093733],[-111.256596,42.093892],[-111.256599,42.093895],[-111.256602,42.093898],[-111.256701,42.09399],[-111.256704,42.093993],[-111.256708,42.093996],[-111.256918,42.094132],[-111.256526,42.094136],[-111.256065,42.094295]]]}},{"type":"Feature","properties":{"id":"excl-b-100","kind":"exclusion","name":"Creek exclusion zone","acres":0.3,"editable":true,"source":"Mesic Analysis Platform + NWI (filtered rule, 2 Sep 2026)","strm_type":"Perennial","veg_pct":71.6},"geometry":{"type":"Polygon","coordinates":[[[-111.244937,42.094603],[-111.244605,42.094783],[-111.244276,42.094792],[-111.243865,42.094966],[-111.243736,42.094966],[-111.243729,42.094961],[-111.24425,42.09478],[-111.244706,42.094647],[-111.244708,42.094646],[-111.244988,42.094558],[-111.24531,42.094481],[-111.245358,42.094477],[-111.245588,42.094454],[-111.245681,42.094457],[-111.245382,42.094588],[-111.244937,42.094603]]]}},{"type":"Feature","properties":{"id":"excl-b-101","kind":"exclusion","name":"Creek exclusion zone","acres":1.3,"editable":true,"source":"Mesic Analysis Platform + NWI (filtered rule, 2 Sep 2026)","strm_type":"Perennial","veg_pct":85.9},"geometry":{"type":"Polygon","coordinates":[[[-111.261456,42.092375],[-111.261456,42.092188],[-111.261701,42.091955],[-111.261733,42.091818],[-111.262196,42.091818],[-111.262199,42.091871],[-111.262087,42.092057],[-111.262087,42.092058],[-111.262086,42.092058],[-111.262086,42.092059],[-111.262086,42.09206],[-111.262079,42.092197],[-111.262079,42.092198],[-111.262079,42.0922],[-111.262123,42.092359],[-111.262123,42.09236],[-111.262124,42.09236],[-111.262124,42.092361],[-111.262125,42.092362],[-111.262228,42.092477],[-111.262229,42.092478],[-111.26223,42.092479],[-111.262231,42.092479],[-111.262329,42.092534],[-111.262326,42.092536],[-111.262321,42.092539],[-111.262316,42.092542],[-111.262192,42.09264],[-111.262188,42.092643],[-111.262185,42.092647],[-111.262182,42.092651],[-111.262058,42.092837],[-111.262055,42.092841],[-111.262053,42.092846],[-111.262052,42.092851],[-111.262052,42.092855],[-111.262052,42.09286],[-111.262063,42.092976],[-111.26205,42.093005],[-111.262042,42.093009],[-111.261997,42.093002],[-111.261954,42.092976],[-111.261918,42.092912],[-111.261916,42.092909],[-111.261869,42.09284],[-111.261815,42.09286],[-111.26181,42.092728],[-111.261456,42.092375]]]}},{"type":"Feature","properties":{"id":"excl-b-102","kind":"exclusion","name":"Creek exclusion zone","acres":9.4,"editable":true,"source":"Mesic Analysis Platform + NWI (filtered rule, 2 Sep 2026)","strm_type":"Intermittent","veg_pct":65.9},"geometry":{"type":"Polygon","coordinates":[[[-111.248771,41.892564],[-111.248217,41.892447],[-111.247537,41.892183],[-111.247107,41.892171],[-111.24655,41.891988],[-111.24618,41.891618],[-111.246076,41.891151],[-111.24569,41.890379],[-111.245163,41.88995],[-111.244882,41.88958],[-111.244667,41.888893],[-111.244372,41.888605],[-111.243772,41.888282],[-111.243847,41.888006],[-111.244117,41.888091],[-111.244585,41.888095],[-111.244793,41.888006],[-111.245069,41.888006],[-111.244848,41.888459],[-111.244987,41.889029],[-111.245288,41.889445],[-111.246085,41.890133],[-111.246273,41.890414],[-111.246476,41.891178],[-111.246857,41.891558],[-111.24757,41.891707],[-111.248064,41.891975],[-111.249051,41.892171],[-111.249421,41.892358],[-111.250384,41.893281],[-111.25025,41.893562],[-111.250161,41.893562],[-111.249698,41.893375],[-111.248771,41.892564]]]}},{"type":"Feature","properties":{"id":"excl-b-103","kind":"exclusion","name":"Creek exclusion zone","acres":0.4,"editable":true,"source":"Mesic Analysis Platform + NWI (filtered rule, 2 Sep 2026)","strm_type":"Intermittent","veg_pct":52.9},"geometry":{"type":"Polygon","coordinates":[[[-111.245329,41.94275],[-111.245439,41.942363],[-111.245538,41.94232],[-111.245623,41.942454],[-111.245439,41.942915],[-111.245162,41.94324],[-111.24502,41.943103],[-111.245329,41.94275]]]}},{"type":"Feature","properties":{"id":"excl-b-104","kind":"exclusion","name":"Creek exclusion zone","acres":1.5,"editable":true,"source":"Mesic Analysis Platform + NWI (filtered rule, 2 Sep 2026)","strm_type":"Perennial","veg_pct":95.6},"geometry":{"type":"Polygon","coordinates":[[[-111.246455,41.986993],[-111.246244,41.987031],[-111.246085,41.987181],[-111.245903,41.987181],[-111.245891,41.986898],[-111.245671,41.986665],[-111.245716,41.98653],[-111.246021,41.986526],[-111.246179,41.986441],[-111.246753,41.986438],[-111.24692,41.986347],[-111.247477,41.986347],[-111.247467,41.986442],[-111.247289,41.98653],[-111.246846,41.986559],[-111.246736,41.986811],[-111.246455,41.986993]]]}},{"type":"Feature","properties":{"id":"excl-b-105","kind":"exclusion","name":"Creek exclusion zone","acres":0.2,"editable":true,"source":"Mesic Analysis Platform + NWI (filtered rule, 2 Sep 2026)","strm_type":"Ephemeral","veg_pct":78.0},"geometry":{"type":"Polygon","coordinates":[[[-111.247847,41.920508],[-111.247429,41.920283],[-111.247954,41.920405],[-111.24796,41.920406],[-111.248357,41.920466],[-111.248364,41.920466],[-111.248371,41.920467],[-111.248381,41.920466],[-111.248311,41.920508],[-111.247847,41.920508]]]}},{"type":"Feature","properties":{"id":"excl-b-106","kind":"exclusion","name":"Creek exclusion zone","acres":5.5,"editable":true,"source":"Mesic Analysis Platform + NWI (filtered rule, 2 Sep 2026)","strm_type":"Ephemeral","veg_pct":70.1},"geometry":{"type":"Polygon","coordinates":[[[-111.246634,41.91923],[-111.246179,41.919117],[-111.245716,41.918841],[-111.245533,41.91856],[-111.245809,41.918409],[-111.246065,41.918713],[-111.246481,41.918919],[-111.246826,41.918935],[-111.247428,41.91939],[-111.24803,41.919398],[-111.248238,41.919487],[-111.249031,41.919486],[-111.249307,41.919397],[-111.249375,41.919526],[-111.249559,41.919581],[-111.249598,41.920145],[-111.249583,41.920101],[-111.249374,41.920141],[-111.249367,41.920143],[-111.249361,41.920145],[-111.249032,41.920271],[-111.248715,41.92037],[-111.248374,41.920376],[-111.247987,41.920318],[-111.247343,41.920169],[-111.247325,41.920212],[-111.247311,41.91955],[-111.246634,41.91923]]]}},{"type":"Feature","properties":{"id":"excl-b-107","kind":"exclusion","name":"Creek exclusion zone","acres":2.3,"editable":true,"source":"Mesic Analysis Platform + NWI (filtered rule, 2 Sep 2026)","strm_type":"Intermittent","veg_pct":50.8},"geometry":{"type":"Polygon","coordinates":[[[-111.246835,41.914394],[-111.246736,41.914859],[-111.246387,41.915203],[-111.246366,41.915416],[-111.246085,41.915906],[-111.245809,41.915849],[-111.245997,41.915229],[-111.246529,41.914602],[-111.246643,41.914212],[-111.247097,41.913379],[-111.247107,41.912638],[-111.247289,41.912638],[-111.247383,41.912821],[-111.247383,41.913378],[-111.247021,41.914017],[-111.247013,41.914212],[-111.246835,41.914394]]]}},{"type":"Feature","properties":{"id":"excl-b-108","kind":"exclusion","name":"Creek exclusion zone","acres":0.8,"editable":true,"source":"Mesic Analysis Platform + NWI (filtered rule, 2 Sep 2026)","strm_type":"Ephemeral","veg_pct":94.1},"geometry":{"type":"Polygon","coordinates":[[[-111.24729,41.885692],[-111.247477,41.885389],[-111.247847,41.885277],[-111.24757,41.886151],[-111.247383,41.886258],[-111.247201,41.886196],[-111.24729,41.885692]]]}},{"type":"Feature","properties":{"id":"excl-b-109","kind":"exclusion","name":"Creek exclusion zone","acres":0.4,"editable":true,"source":"Mesic Analysis Platform + NWI (filtered rule, 2 Sep 2026)","strm_type":"Intermittent","veg_pct":61.5},"geometry":{"type":"Polygon","coordinates":[[[-111.247941,41.910971],[-111.248123,41.911109],[-111.247477,41.911804],[-111.24729,41.911688],[-111.24781,41.9112],[-111.247941,41.910971]]]}},{"type":"Feature","properties":{"id":"excl-b-110","kind":"exclusion","name":"Creek exclusion zone","acres":0.2,"editable":true,"source":"Mesic Analysis Platform + NWI (filtered rule, 2 Sep 2026)","strm_type":"Intermittent","veg_pct":59.9},"geometry":{"type":"Polygon","coordinates":[[[-111.249011,41.938292],[-111.249229,41.938214],[-111.249473,41.938144],[-111.249659,41.938118],[-111.24989,41.938122],[-111.249853,41.93838],[-111.249517,41.938189],[-111.249234,41.938287],[-111.249011,41.938292]]]}},{"type":"Feature","properties":{"id":"excl-b-111","kind":"exclusion","name":"Creek exclusion zone","acres":0.1,"editable":true,"source":"Mesic Analysis Platform + NWI (filtered rule, 2 Sep 2026)","strm_type":"Intermittent","veg_pct":57.6},"geometry":{"type":"Polygon","coordinates":[[[-111.248217,41.938657],[-111.248023,41.938529],[-111.248553,41.938538],[-111.248554,41.938554],[-111.248615,41.938552],[-111.248587,41.938657],[-111.248217,41.938657]]]}},{"type":"Feature","properties":{"id":"excl-b-112","kind":"exclusion","name":"Creek exclusion zone","acres":0.7,"editable":true,"source":"Mesic Analysis Platform + NWI (filtered rule, 2 Sep 2026)","strm_type":"Intermittent","veg_pct":58.9},"geometry":{"type":"Polygon","coordinates":[[[-111.247901,41.938287],[-111.24803,41.938193],[-111.248218,41.93817],[-111.248988,41.937763],[-111.248821,41.93791],[-111.248817,41.937914],[-111.248814,41.937917],[-111.248812,41.937921],[-111.24881,41.937925],[-111.248808,41.937928],[-111.248721,41.938185],[-111.24872,41.93819],[-111.248719,41.938194],[-111.248712,41.938288],[-111.248626,41.93841],[-111.248583,41.938448],[-111.247954,41.938438],[-111.247953,41.938483],[-111.247932,41.93847],[-111.247901,41.938287]]]}},{"type":"Feature","properties":{"id":"excl-b-113","kind":"exclusion","name":"Creek exclusion zone","acres":0.8,"editable":true,"source":"Mesic Analysis Platform + NWI (filtered rule, 2 Sep 2026)","strm_type":"Intermittent","veg_pct":58.9},"geometry":{"type":"Polygon","coordinates":[[[-111.249897,41.938077],[-111.249898,41.938032],[-111.249655,41.938028],[-111.249649,41.938028],[-111.249643,41.938029],[-111.249445,41.938056],[-111.249439,41.938057],[-111.249434,41.938058],[-111.249184,41.938131],[-111.249179,41.938132],[-111.248892,41.938234],[-111.248836,41.938243],[-111.248839,41.938203],[-111.248922,41.937961],[-111.249151,41.937759],[-111.249105,41.93773],[-111.249947,41.93773],[-111.249897,41.938077]]]}},{"type":"Feature","properties":{"id":"excl-b-114","kind":"exclusion","name":"Creek exclusion zone","acres":1.1,"editable":true,"source":"Mesic Analysis Platform + NWI (filtered rule, 2 Sep 2026)","strm_type":"Ephemeral","veg_pct":47.2},"geometry":{"type":"Polygon","coordinates":[[[-111.249697,41.908005],[-111.249302,41.908133],[-111.249144,41.908286],[-111.248735,41.908286],[-111.248864,41.908005],[-111.249243,41.907981],[-111.249698,41.907635],[-111.250255,41.907635],[-111.250718,41.908005],[-111.250532,41.908192],[-111.250297,41.907871],[-111.249953,41.907826],[-111.249697,41.908005]]]}},{"type":"Feature","properties":{"id":"excl-b-115","kind":"exclusion","name":"Creek exclusion zone","acres":1.6,"editable":true,"source":"Mesic Analysis Platform + NWI (filtered rule, 2 Sep 2026)","strm_type":"Intermittent","veg_pct":75.2},"geometry":{"type":"Polygon","coordinates":[[[-111.250995,41.910043],[-111.250306,41.91005],[-111.249791,41.91023],[-111.249532,41.910245],[-111.249051,41.910506],[-111.248868,41.910506],[-111.24877,41.910342],[-111.249885,41.909949],[-111.250966,41.909848],[-111.251735,41.909401],[-111.25189,41.90958],[-111.251829,41.909766],[-111.251641,41.90986],[-111.251297,41.909873],[-111.250995,41.910043]]]}},{"type":"Feature","properties":{"id":"excl-b-116","kind":"exclusion","name":"Creek exclusion zone","acres":8.4,"editable":true,"source":"Mesic Analysis Platform + NWI (filtered rule, 2 Sep 2026)","strm_type":"Intermittent","veg_pct":62.7},"geometry":{"type":"Polygon","coordinates":[[[-111.251881,41.899063],[-111.251459,41.898837],[-111.251459,41.898097],[-111.251545,41.897968],[-111.251459,41.897544],[-111.251642,41.897174],[-111.252365,41.896353],[-111.252382,41.895689],[-111.252468,41.895542],[-111.252199,41.895136],[-111.251991,41.894372],[-111.251689,41.894072],[-111.251276,41.893838],[-111.251325,41.893651],[-111.252288,41.893651],[-111.252382,41.893745],[-111.252387,41.894197],[-111.252662,41.894579],[-111.252667,41.894936],[-111.252845,41.895225],[-111.252752,41.896429],[-111.252298,41.897173],[-111.25211,41.897742],[-111.252105,41.898142],[-111.252402,41.899048],[-111.252983,41.89967],[-111.252752,41.899858],[-111.252501,41.899615],[-111.252106,41.899488],[-111.251881,41.899063]]]}},{"type":"Feature","properties":{"id":"excl-b-117","kind":"exclusion","name":"Creek exclusion zone","acres":1.0,"editable":true,"source":"Mesic Analysis Platform + NWI (filtered rule, 2 Sep 2026)","strm_type":"Ephemeral","veg_pct":78.5},"geometry":{"type":"MultiPolygon","coordinates":[[[[-111.254274,41.920346],[-111.254025,41.920228],[-111.254166,41.920212],[-111.254305,41.920226],[-111.254465,41.920322],[-111.254599,41.920516],[-111.254705,41.920733],[-111.254786,41.920963],[-111.254921,41.921509],[-111.254922,41.921512],[-111.254923,41.921516],[-111.25512,41.921918],[-111.255121,41.92192],[-111.255261,41.922164],[-111.255262,41.922166],[-111.255387,41.922362],[-111.255243,41.922414],[-111.255238,41.922416],[-111.255234,41.922418],[-111.255229,41.922421],[-111.255225,41.922424],[-111.255222,41.922427],[-111.255219,41.92243],[-111.255216,41.922434],[-111.255141,41.922542],[-111.255139,41.922546],[-111.255137,41.92255],[-111.255136,41.922553],[-111.254884,41.922176],[-111.25478,41.920971],[-111.254274,41.920346]]],[[[-111.253679,41.920321],[-111.253403,41.920321],[-111.253318,41.920283],[-111.253735,41.920259],[-111.253739,41.920259],[-111.254025,41.920228],[-111.253679,41.920321]]]]}},{"type":"Feature","properties":{"id":"excl-b-118","kind":"exclusion","name":"Creek exclusion zone","acres":4.5,"editable":true,"source":"Mesic Analysis Platform + NWI (filtered rule, 2 Sep 2026)","strm_type":"Ephemeral","veg_pct":77.0},"geometry":{"type":"Polygon","coordinates":[[[-111.252606,41.920288],[-111.252604,41.920243],[-111.252552,41.920245],[-111.25223,41.920235],[-111.252227,41.920235],[-111.252222,41.92028],[-111.251843,41.920044],[-111.251869,41.919858],[-111.252223,41.919854],[-111.252388,41.919768],[-111.252752,41.919768],[-111.25296,41.919857],[-111.25416,41.919857],[-111.254398,41.919785],[-111.254455,41.920003],[-111.254696,41.920139],[-111.254826,41.920373],[-111.255436,41.920879],[-111.255623,41.921249],[-111.255635,41.921532],[-111.2559,41.921895],[-111.255528,41.922375],[-111.255521,41.922364],[-111.255371,41.922128],[-111.255233,41.921886],[-111.255038,41.921489],[-111.254904,41.920945],[-111.254903,41.920942],[-111.25482,41.920708],[-111.254819,41.920704],[-111.254711,41.920482],[-111.254708,41.920477],[-111.254567,41.920272],[-111.254564,41.920268],[-111.25456,41.920264],[-111.254556,41.920261],[-111.254551,41.920258],[-111.254367,41.920148],[-111.254362,41.920145],[-111.254356,41.920143],[-111.25435,41.920141],[-111.254344,41.92014],[-111.254338,41.920139],[-111.254174,41.920122],[-111.254168,41.920122],[-111.254162,41.920122],[-111.254157,41.920122],[-111.253723,41.92017],[-111.253223,41.920199],[-111.253228,41.920243],[-111.253192,41.920228],[-111.252606,41.920288]]]}},{"type":"Feature","properties":{"id":"excl-b-119","kind":"exclusion","name":"Creek exclusion zone","acres":1.3,"editable":true,"source":"Mesic Analysis Platform + NWI (filtered rule, 2 Sep 2026)","strm_type":"Ephemeral","veg_pct":31.1},"geometry":{"type":"Polygon","coordinates":[[[-111.253122,41.932361],[-111.252939,41.932601],[-111.252752,41.932552],[-111.252752,41.932454],[-111.252928,41.932274],[-111.253122,41.931714],[-111.253569,41.931263],[-111.253586,41.930417],[-111.25368,41.93014],[-111.253897,41.930147],[-111.253774,41.930538],[-111.253773,41.93125],[-111.253143,41.932154],[-111.253122,41.932361]]]}},{"type":"Feature","properties":{"id":"excl-b-120","kind":"exclusion","name":"Creek exclusion zone","acres":0.4,"editable":true,"source":"Mesic Analysis Platform + NWI (filtered rule, 2 Sep 2026)","strm_type":"Intermittent","veg_pct":67.2},"geometry":{"type":"Polygon","coordinates":[[[-111.253033,41.907992],[-111.253033,41.907822],[-111.253216,41.907359],[-111.253403,41.907154],[-111.253581,41.907265],[-111.253227,41.907816],[-111.253215,41.908005],[-111.253122,41.908032],[-111.253033,41.907992]]]}},{"type":"Feature","properties":{"id":"excl-b-121","kind":"exclusion","name":"Creek exclusion zone","acres":0.8,"editable":true,"source":"Mesic Analysis Platform + NWI (filtered rule, 2 Sep 2026)","strm_type":"Ephemeral","veg_pct":83.0},"geometry":{"type":"Polygon","coordinates":[[[-111.253773,41.912451],[-111.254326,41.912175],[-111.255022,41.912072],[-111.25516,41.911987],[-111.255573,41.91198],[-111.255717,41.911894],[-111.255784,41.912081],[-111.254554,41.912277],[-111.253956,41.912638],[-111.253782,41.912638],[-111.253773,41.912451]]]}},{"type":"Feature","properties":{"id":"excl-b-122","kind":"exclusion","name":"Creek exclusion zone","acres":0.5,"editable":true,"source":"Mesic Analysis Platform + NWI (filtered rule, 2 Sep 2026)","strm_type":"Intermittent","veg_pct":56.6},"geometry":{"type":"Polygon","coordinates":[[[-111.254419,41.905383],[-111.25442,41.904857],[-111.254513,41.904777],[-111.254696,41.904777],[-111.254607,41.905597],[-111.254513,41.905668],[-111.254326,41.905615],[-111.254419,41.905383]]]}},{"type":"Feature","properties":{"id":"excl-b-123","kind":"exclusion","name":"Creek exclusion zone","acres":7.1,"editable":true,"source":"Mesic Analysis Platform + NWI (filtered rule, 2 Sep 2026)","strm_type":"Ephemeral","veg_pct":60.9},"geometry":{"type":"Polygon","coordinates":[[[-111.260554,41.960791],[-111.259982,41.960881],[-111.259701,41.960788],[-111.259048,41.960975],[-111.258713,41.960941],[-111.25849,41.960999],[-111.258162,41.961295],[-111.258125,41.961438],[-111.257844,41.961572],[-111.257595,41.961511],[-111.257546,41.961345],[-111.257709,41.961022],[-111.257505,41.96087],[-111.257286,41.960905],[-111.256729,41.961182],[-111.256364,41.961438],[-111.256159,41.961438],[-111.255999,41.96133],[-111.256088,41.961069],[-111.256365,41.961045],[-111.256921,41.960694],[-111.257269,41.960679],[-111.257626,41.960476],[-111.257686,41.960329],[-111.257547,41.95994],[-111.258214,41.959954],[-111.258887,41.960219],[-111.259788,41.960418],[-111.26002,41.960596],[-111.260346,41.960605],[-111.260531,41.960693],[-111.26118,41.960694],[-111.261732,41.960881],[-111.261872,41.961123],[-111.261644,41.961157],[-111.261341,41.96099],[-111.261086,41.960975],[-111.260554,41.960791]]]}},{"type":"Feature","properties":{"id":"excl-b-124","kind":"exclusion","name":"Creek exclusion zone","acres":0.6,"editable":true,"source":"Mesic Analysis Platform + NWI (filtered rule, 2 Sep 2026)","strm_type":"Intermittent","veg_pct":51.2},"geometry":{"type":"Polygon","coordinates":[[[-111.256165,41.936969],[-111.256172,41.937014],[-111.256393,41.936995],[-111.256848,41.937003],[-111.257269,41.937051],[-111.257306,41.937057],[-111.257319,41.937013],[-111.25734,41.93727],[-111.25664,41.93727],[-111.256496,41.937184],[-111.256181,41.937176],[-111.256165,41.936969]]]}},{"type":"Feature","properties":{"id":"excl-b-125","kind":"exclusion","name":"Creek exclusion zone","acres":0.8,"editable":true,"source":"Mesic Analysis Platform + NWI (filtered rule, 2 Sep 2026)","strm_type":"Intermittent","veg_pct":51.2},"geometry":{"type":"Polygon","coordinates":[[[-111.256458,41.936619],[-111.257287,41.936619],[-111.257315,41.936966],[-111.257294,41.936963],[-111.25729,41.936962],[-111.256862,41.936914],[-111.256855,41.936913],[-111.256391,41.936905],[-111.256383,41.936905],[-111.256162,41.936924],[-111.256146,41.936713],[-111.256458,41.936619]]]}},{"type":"Feature","properties":{"id":"excl-b-126","kind":"exclusion","name":"Creek exclusion zone","acres":1.6,"editable":true,"source":"Mesic Analysis Platform + NWI (filtered rule, 2 Sep 2026)","strm_type":"Ephemeral","veg_pct":36.4},"geometry":{"type":"Polygon","coordinates":[[[-111.256734,41.965603],[-111.256556,41.965756],[-111.256458,41.965612],[-111.256458,41.965327],[-111.256822,41.964294],[-111.256828,41.963659],[-111.257093,41.963296],[-111.257104,41.963071],[-111.257293,41.963034],[-111.25738,41.96316],[-111.257291,41.963565],[-111.256925,41.964323],[-111.256827,41.965327],[-111.256734,41.965603]]]}},{"type":"Feature","properties":{"id":"excl-b-127","kind":"exclusion","name":"Creek exclusion zone","acres":8.4,"editable":true,"source":"Mesic Analysis Platform + NWI (filtered rule, 2 Sep 2026)","strm_type":"Ephemeral","veg_pct":84.2},"geometry":{"type":"Polygon","coordinates":[[[-111.26136,41.925187],[-111.26113,41.925208],[-111.261125,41.925208],[-111.260387,41.925322],[-111.26003,41.925352],[-111.259366,41.925364],[-111.259044,41.925356],[-111.258721,41.925304],[-111.258413,41.925219],[-111.258112,41.925127],[-111.257813,41.925021],[-111.257565,41.924839],[-111.257499,41.924759],[-111.257447,41.924782],[-111.257408,41.924397],[-111.257844,41.924027],[-111.258049,41.924194],[-111.258584,41.92421],[-111.258845,41.924394],[-111.259091,41.92439],[-111.259236,41.924303],[-111.260069,41.924303],[-111.261821,41.924861],[-111.261783,41.925221],[-111.261784,41.925176],[-111.261505,41.925175],[-111.261498,41.925175],[-111.261363,41.925187],[-111.26137,41.925232],[-111.261369,41.925231],[-111.261367,41.925232],[-111.26136,41.925187]]]}},{"type":"Feature","properties":{"id":"excl-b-128","kind":"exclusion","name":"Creek exclusion zone","acres":0.6,"editable":true,"source":"Mesic Analysis Platform + NWI (filtered rule, 2 Sep 2026)","strm_type":"Ephemeral","veg_pct":85.5},"geometry":{"type":"Polygon","coordinates":[[[-111.259141,41.925508],[-111.258954,41.9256],[-111.258585,41.925601],[-111.258322,41.925352],[-111.257844,41.92523],[-111.257474,41.925043],[-111.257458,41.92488],[-111.257466,41.924891],[-111.25747,41.924895],[-111.257475,41.924899],[-111.257735,41.92509],[-111.25774,41.925094],[-111.257746,41.925096],[-111.257752,41.925099],[-111.258062,41.925209],[-111.258065,41.92521],[-111.258368,41.925303],[-111.25837,41.925304],[-111.258683,41.925389],[-111.258691,41.925391],[-111.259024,41.925445],[-111.259029,41.925446],[-111.259035,41.925446],[-111.259364,41.925454],[-111.259368,41.925454],[-111.259822,41.925446],[-111.259699,41.925507],[-111.259141,41.925508]]]}},{"type":"Feature","properties":{"id":"excl-b-129","kind":"exclusion","name":"Creek exclusion zone","acres":0.5,"editable":true,"source":"Mesic Analysis Platform + NWI (filtered rule, 2 Sep 2026)","strm_type":"Ephemeral","veg_pct":33.0},"geometry":{"type":"Polygon","coordinates":[[[-111.260069,41.943406],[-111.260079,41.943659],[-111.260346,41.944213],[-111.26007,41.944306],[-111.259976,41.944119],[-111.259882,41.943464],[-111.260069,41.943406]]]}},{"type":"Feature","properties":{"id":"excl-b-130","kind":"exclusion","name":"Creek exclusion zone","acres":0.6,"editable":true,"source":"Mesic Analysis Platform + NWI (filtered rule, 2 Sep 2026)","strm_type":"Other","veg_pct":86.4},"geometry":{"type":"Polygon","coordinates":[[[-111.261577,42.089598],[-111.261779,42.089884],[-111.261815,42.089954],[-111.261815,42.090144],[-111.261815,42.090145],[-111.261815,42.090146],[-111.26183,42.090206],[-111.26183,42.090207],[-111.26183,42.090208],[-111.261831,42.090209],[-111.261832,42.09021],[-111.26192,42.090304],[-111.26192,42.090338],[-111.261439,42.090614],[-111.26155,42.089598],[-111.261577,42.089598]]]}},{"type":"Feature","properties":{"id":"excl-b-131","kind":"exclusion","name":"Creek exclusion zone","acres":4.9,"editable":true,"source":"Mesic Analysis Platform + NWI (filtered rule, 2 Sep 2026)","strm_type":"Ephemeral","veg_pct":69.8},"geometry":{"type":"Polygon","coordinates":[[[-111.266735,41.925323],[-111.266479,41.925321],[-111.266326,41.925315],[-111.266323,41.92536],[-111.266258,41.925349],[-111.266237,41.925357],[-111.26624,41.925312],[-111.266159,41.925308],[-111.266155,41.925308],[-111.26615,41.925309],[-111.265803,41.925334],[-111.265801,41.925334],[-111.265107,41.925401],[-111.264404,41.92545],[-111.264068,41.925447],[-111.263395,41.925377],[-111.263387,41.925421],[-111.263281,41.925337],[-111.262932,41.925324],[-111.26295,41.925044],[-111.264421,41.925042],[-111.264881,41.924861],[-111.265265,41.924925],[-111.265438,41.924861],[-111.266548,41.924861],[-111.26701,41.925043],[-111.268702,41.925044],[-111.268702,41.925285],[-111.2687,41.92524],[-111.268467,41.925246],[-111.268465,41.925246],[-111.267735,41.92528],[-111.267739,41.925325],[-111.266827,41.925325],[-111.266735,41.925368],[-111.266735,41.925323]]]}},{"type":"Feature","properties":{"id":"excl-b-132","kind":"exclusion","name":"Creek exclusion zone","acres":0.1,"editable":true,"source":"Mesic Analysis Platform + NWI (filtered rule, 2 Sep 2026)","strm_type":"Ephemeral","veg_pct":62.4},"geometry":{"type":"Polygon","coordinates":[[[-111.264821,41.92552],[-111.264698,41.925601],[-111.263494,41.925507],[-111.263453,41.925474],[-111.264055,41.925536],[-111.264062,41.925537],[-111.264406,41.92554],[-111.264412,41.92554],[-111.265119,41.925491],[-111.265121,41.925491],[-111.265316,41.925472],[-111.265251,41.925507],[-111.264821,41.92552]]]}},{"type":"Feature","properties":{"id":"excl-b-133","kind":"exclusion","name":"Creek exclusion zone","acres":1.8,"editable":true,"source":"Mesic Analysis Platform + NWI (filtered rule, 2 Sep 2026)","strm_type":"Intermittent","veg_pct":41.6},"geometry":{"type":"Polygon","coordinates":[[[-111.265906,41.933025],[-111.265946,41.933217],[-111.266361,41.933471],[-111.266455,41.933748],[-111.266456,41.934367],[-111.266548,41.934572],[-111.266361,41.934568],[-111.266255,41.933824],[-111.265621,41.933195],[-111.265808,41.932637],[-111.266085,41.932267],[-111.266549,41.931804],[-111.266829,41.931714],[-111.266918,41.93199],[-111.266676,41.932048],[-111.26613,41.932581],[-111.265906,41.933025]]]}},{"type":"Feature","properties":{"id":"excl-b-134","kind":"exclusion","name":"Creek exclusion zone","acres":3.5,"editable":true,"source":"Mesic Analysis Platform + NWI (filtered rule, 2 Sep 2026)","strm_type":"Ephemeral","veg_pct":77.3},"geometry":{"type":"Polygon","coordinates":[[[-111.26918,41.865835],[-111.268897,41.86581],[-111.268893,41.86581],[-111.268459,41.865794],[-111.268454,41.865794],[-111.268319,41.865798],[-111.268321,41.865843],[-111.268132,41.865806],[-111.266982,41.865963],[-111.266615,41.866252],[-111.266586,41.866213],[-111.266487,41.866254],[-111.266481,41.866256],[-111.266094,41.866459],[-111.266036,41.866487],[-111.266069,41.866525],[-111.265853,41.866528],[-111.265821,41.866479],[-111.265902,41.866335],[-111.266236,41.866204],[-111.266361,41.865965],[-111.267106,41.865688],[-111.267702,41.865681],[-111.268139,41.865488],[-111.268102,41.865111],[-111.267659,41.864578],[-111.267694,41.864012],[-111.26761,41.863838],[-111.267682,41.863714],[-111.267846,41.863838],[-111.267853,41.864401],[-111.268122,41.864578],[-111.268475,41.865368],[-111.268956,41.865594],[-111.269624,41.865591],[-111.269796,41.865501],[-111.270169,41.865501],[-111.269973,41.865688],[-111.269632,41.865701],[-111.269173,41.86588],[-111.26918,41.865835]]]}},{"type":"Feature","properties":{"id":"excl-b-135","kind":"exclusion","name":"Creek exclusion zone","acres":0.6,"editable":true,"source":"Mesic Analysis Platform + NWI (filtered rule, 2 Sep 2026)","strm_type":"Ephemeral","veg_pct":76.0},"geometry":{"type":"Polygon","coordinates":[[[-111.267971,41.962414],[-111.268216,41.962455],[-111.268586,41.962732],[-111.268928,41.963192],[-111.26868,41.963195],[-111.268365,41.962883],[-111.267958,41.962642],[-111.267971,41.962414]]]}},{"type":"Feature","properties":{"id":"excl-b-136","kind":"exclusion","name":"Creek exclusion zone","acres":1.1,"editable":true,"source":"Mesic Analysis Platform + NWI (filtered rule, 2 Sep 2026)","strm_type":"Ephemeral","veg_pct":50.6},"geometry":{"type":"Polygon","coordinates":[[[-111.27014,41.965303],[-111.269973,41.965139],[-111.269953,41.964933],[-111.269791,41.964769],[-111.269871,41.964578],[-111.270066,41.964676],[-111.270291,41.965283],[-111.270505,41.965476],[-111.270713,41.96551],[-111.270715,41.965778],[-111.2709,41.965974],[-111.270994,41.966289],[-111.270807,41.966325],[-111.270713,41.96625],[-111.270254,41.965603],[-111.27014,41.965303]]]}},{"type":"Feature","properties":{"id":"excl-b-137","kind":"exclusion","name":"Creek exclusion zone","acres":0.5,"editable":true,"source":"Mesic Analysis Platform + NWI (filtered rule, 2 Sep 2026)","strm_type":"Ephemeral","veg_pct":50.5},"geometry":{"type":"Polygon","coordinates":[[[-111.271235,41.899765],[-111.272005,41.899765],[-111.272149,41.89985],[-111.272503,41.899892],[-111.272376,41.899952],[-111.271254,41.899952],[-111.27112,41.899844],[-111.271235,41.899765]]]}},{"type":"Feature","properties":{"id":"excl-b-138","kind":"exclusion","name":"Creek exclusion zone","acres":3.0,"editable":true,"source":"Mesic Analysis Platform + NWI (filtered rule, 2 Sep 2026)","strm_type":"Ephemeral","veg_pct":66.5},"geometry":{"type":"Polygon","coordinates":[[[-111.272417,41.865266],[-111.272042,41.865648],[-111.272011,41.865782],[-111.271786,41.865896],[-111.271489,41.866201],[-111.271435,41.866379],[-111.271364,41.866368],[-111.271452,41.865851],[-111.271365,41.865729],[-111.271208,41.865688],[-111.271165,41.865501],[-111.27104,41.86541],[-111.271177,41.865225],[-111.272002,41.865205],[-111.272381,41.864855],[-111.272586,41.864821],[-111.272751,41.864667],[-111.273609,41.864664],[-111.273955,41.864484],[-111.274291,41.864507],[-111.274218,41.864667],[-111.273491,41.864948],[-111.272803,41.864993],[-111.272417,41.865266]]]}},{"type":"Feature","properties":{"id":"excl-b-139","kind":"exclusion","name":"Creek exclusion zone","acres":0.5,"editable":true,"source":"Mesic Analysis Platform + NWI (filtered rule, 2 Sep 2026)","strm_type":"Ephemeral","veg_pct":64.2},"geometry":{"type":"Polygon","coordinates":[[[-111.273567,41.93134],[-111.273955,41.930881],[-111.274325,41.930693],[-111.274409,41.930881],[-111.274194,41.930994],[-111.273772,41.931433],[-111.27363,41.931433],[-111.273567,41.93134]]]}},{"type":"Feature","properties":{"id":"excl-b-140","kind":"exclusion","name":"Creek exclusion zone","acres":0.5,"editable":true,"source":"Mesic Analysis Platform + NWI (filtered rule, 2 Sep 2026)","strm_type":"Ephemeral","veg_pct":77.0},"geometry":{"type":"Polygon","coordinates":[[[-111.276875,41.926167],[-111.27664,41.926158],[-111.276432,41.926061],[-111.276795,41.926051],[-111.277086,41.926104],[-111.277089,41.926105],[-111.277404,41.92615],[-111.27741,41.926151],[-111.277416,41.926151],[-111.277422,41.926151],[-111.277778,41.92612],[-111.277784,41.926119],[-111.27779,41.926118],[-111.278133,41.926036],[-111.278156,41.926032],[-111.27812,41.926398],[-111.277864,41.92625],[-111.27701,41.926247],[-111.276875,41.926167]]]}},{"type":"Feature","properties":{"id":"excl-b-141","kind":"exclusion","name":"Creek exclusion zone","acres":3.1,"editable":true,"source":"Mesic Analysis Platform + NWI (filtered rule, 2 Sep 2026)","strm_type":"Ephemeral","veg_pct":77.9},"geometry":{"type":"Polygon","coordinates":[[[-111.274981,41.925694],[-111.274959,41.925414],[-111.275622,41.925414],[-111.276086,41.9256],[-111.276985,41.925601],[-111.277473,41.925324],[-111.27766,41.925324],[-111.277821,41.925474],[-111.2782,41.925601],[-111.278161,41.925985],[-111.278147,41.925941],[-111.278103,41.925949],[-111.278099,41.92595],[-111.277758,41.926031],[-111.277418,41.92606],[-111.277113,41.926017],[-111.276816,41.925962],[-111.27681,41.925961],[-111.276805,41.925961],[-111.276799,41.925961],[-111.276338,41.925974],[-111.27634,41.926019],[-111.275848,41.925791],[-111.274981,41.925694]]]}},{"type":"Feature","properties":{"id":"excl-b-142","kind":"exclusion","name":"Creek exclusion zone","acres":1.6,"editable":true,"source":"Mesic Analysis Platform + NWI (filtered rule, 2 Sep 2026)","strm_type":"Ephemeral","veg_pct":45.7},"geometry":{"type":"Polygon","coordinates":[[[-111.275805,41.929676],[-111.275252,41.930229],[-111.275066,41.930047],[-111.275691,41.929428],[-111.275806,41.929025],[-111.276865,41.928427],[-111.277197,41.928102],[-111.27729,41.928062],[-111.277372,41.928196],[-111.277197,41.928472],[-111.276211,41.929067],[-111.27592,41.929376],[-111.275805,41.929676]]]}},{"type":"Feature","properties":{"id":"excl-b-143","kind":"exclusion","name":"Creek exclusion zone","acres":0.5,"editable":true,"source":"Mesic Analysis Platform + NWI (filtered rule, 2 Sep 2026)","strm_type":"Ephemeral","veg_pct":65.3},"geometry":{"type":"Polygon","coordinates":[[[-111.27664,41.861894],[-111.276722,41.861828],[-111.276826,41.86201],[-111.276733,41.862634],[-111.27656,41.86296],[-111.276457,41.862723],[-111.27664,41.861894]]]}},{"type":"Feature","properties":{"id":"excl-b-144","kind":"exclusion","name":"Creek exclusion zone","acres":1.1,"editable":true,"source":"Mesic Analysis Platform + NWI (filtered rule, 2 Sep 2026)","strm_type":"Ephemeral","veg_pct":45.4},"geometry":{"type":"Polygon","coordinates":[[[-111.278481,41.895966],[-111.278214,41.895689],[-111.278227,41.89519],[-111.278583,41.895783],[-111.278714,41.8962],[-111.279323,41.896617],[-111.279433,41.896783],[-111.279235,41.896861],[-111.278771,41.896616],[-111.27849,41.89634],[-111.278481,41.895966]]]}},{"type":"Feature","properties":{"id":"excl-b-145","kind":"exclusion","name":"Creek exclusion zone","acres":0.9,"editable":true,"source":"Mesic Analysis Platform + NWI (filtered rule, 2 Sep 2026)","strm_type":"Ephemeral","veg_pct":57.8},"geometry":{"type":"Polygon","coordinates":[[[-111.279975,41.88847],[-111.279788,41.887912],[-111.279788,41.887493],[-111.279876,41.887405],[-111.279974,41.887498],[-111.279898,41.887703],[-111.280081,41.888206],[-111.28086,41.889114],[-111.280622,41.889116],[-111.280345,41.888929],[-111.280308,41.888793],[-111.279975,41.88847]]]}},{"type":"Feature","properties":{"id":"excl-b-146","kind":"exclusion","name":"Creek exclusion zone","acres":0.4,"editable":true,"source":"Mesic Analysis Platform + NWI (filtered rule, 2 Sep 2026)","strm_type":"Ephemeral","veg_pct":84.7},"geometry":{"type":"Polygon","coordinates":[[[-111.280037,41.874124],[-111.280991,41.874116],[-111.281295,41.874205],[-111.281388,41.874309],[-111.281179,41.874392],[-111.280661,41.874219],[-111.280037,41.874177],[-111.280037,41.874124]]]}},{"type":"Feature","properties":{"id":"excl-b-147","kind":"exclusion","name":"Creek exclusion zone","acres":0.6,"editable":true,"source":"Mesic Analysis Platform + NWI (filtered rule, 2 Sep 2026)","strm_type":"Ephemeral","veg_pct":64.1},"geometry":{"type":"Polygon","coordinates":[[[-111.280953,41.878158],[-111.281059,41.878004],[-111.28143,41.877986],[-111.281919,41.877728],[-111.282143,41.877786],[-111.282105,41.877964],[-111.281783,41.878179],[-111.281503,41.878098],[-111.280953,41.878158]]]}},{"type":"Feature","properties":{"id":"excl-b-148","kind":"exclusion","name":"Creek exclusion zone","acres":2.5,"editable":true,"source":"Mesic Analysis Platform + NWI (filtered rule, 2 Sep 2026)","strm_type":"Ephemeral","veg_pct":50.2},"geometry":{"type":"Polygon","coordinates":[[[-111.284889,41.888672],[-111.284233,41.88921],[-111.283415,41.889409],[-111.283029,41.889669],[-111.281919,41.889669],[-111.281593,41.889487],[-111.281613,41.889412],[-111.281746,41.889393],[-111.282108,41.889486],[-111.282833,41.889459],[-111.283493,41.889117],[-111.283808,41.889109],[-111.284071,41.888988],[-111.284697,41.88847],[-111.285033,41.888457],[-111.285344,41.888283],[-111.286712,41.888283],[-111.286824,41.88836],[-111.286689,41.88847],[-111.286359,41.888377],[-111.285782,41.88838],[-111.284889,41.888672]]]}},{"type":"Feature","properties":{"id":"excl-b-149","kind":"exclusion","name":"Creek exclusion zone","acres":0.4,"editable":true,"source":"Mesic Analysis Platform + NWI (filtered rule, 2 Sep 2026)","strm_type":"Ephemeral","veg_pct":39.1},"geometry":{"type":"Polygon","coordinates":[[[-111.281767,41.89833],[-111.282472,41.898285],[-111.282935,41.898467],[-111.283034,41.898586],[-111.282842,41.898654],[-111.282259,41.89839],[-111.281763,41.898377],[-111.281767,41.89833]]]}},{"type":"Feature","properties":{"id":"excl-b-150","kind":"exclusion","name":"Creek exclusion zone","acres":2.8,"editable":true,"source":"Mesic Analysis Platform + NWI (filtered rule, 2 Sep 2026)","strm_type":"Ephemeral","veg_pct":87.6},"geometry":{"type":"Polygon","coordinates":[[[-111.282566,41.928187],[-111.283074,41.927451],[-111.283863,41.927451],[-111.283934,41.928285],[-111.283493,41.928561],[-111.282753,41.928561],[-111.282659,41.928472],[-111.282566,41.928187]]]}},{"type":"Feature","properties":{"id":"excl-b-151","kind":"exclusion","name":"Creek exclusion zone","acres":8.8,"editable":true,"source":"Mesic Analysis Platform + NWI (filtered rule, 2 Sep 2026)","strm_type":"Ephemeral","veg_pct":52.7},"geometry":{"type":"Polygon","coordinates":[[[-111.294138,41.876266],[-111.293678,41.876154],[-111.293328,41.875813],[-111.292287,41.875409],[-111.291837,41.874978],[-111.291497,41.874875],[-111.291106,41.874856],[-111.290232,41.874859],[-111.289602,41.875132],[-111.289024,41.875136],[-111.288862,41.875226],[-111.288382,41.875229],[-111.288209,41.87532],[-111.287841,41.87532],[-111.287815,41.875098],[-111.287565,41.87488],[-111.287156,41.874863],[-111.28562,41.875596],[-111.285388,41.875605],[-111.28525,41.87569],[-111.284878,41.875597],[-111.284161,41.875611],[-111.283616,41.875931],[-111.283305,41.876336],[-111.283179,41.876412],[-111.2831,41.876349],[-111.283316,41.875808],[-111.283533,41.875735],[-111.28377,41.875503],[-111.284052,41.875409],[-111.284973,41.875409],[-111.285275,41.875499],[-111.286171,41.875043],[-111.286219,41.87488],[-111.286037,41.874717],[-111.28562,41.874669],[-111.285457,41.874583],[-111.284924,41.874677],[-111.284786,41.874762],[-111.284378,41.874752],[-111.284371,41.874699],[-111.28488,41.874486],[-111.285338,41.874392],[-111.28553,41.874485],[-111.286177,41.874486],[-111.286405,41.87466],[-111.287011,41.874669],[-111.2872,41.874762],[-111.288028,41.874669],[-111.28849,41.874948],[-111.289458,41.874943],[-111.289739,41.87481],[-111.289972,41.87458],[-111.290346,41.874762],[-111.290738,41.874759],[-111.2909,41.874669],[-111.291733,41.874669],[-111.292286,41.874856],[-111.292835,41.875378],[-111.29349,41.875597],[-111.293932,41.875933],[-111.294877,41.876243],[-111.295231,41.876446],[-111.295064,41.876599],[-111.294739,41.876439],[-111.294324,41.87643],[-111.294138,41.876266]]]}},{"type":"Feature","properties":{"id":"excl-b-152","kind":"exclusion","name":"Creek exclusion zone","acres":0.9,"editable":true,"source":"Mesic Analysis Platform + NWI (filtered rule, 2 Sep 2026)","strm_type":"Ephemeral","veg_pct":44.6},"geometry":{"type":"Polygon","coordinates":[[[-111.28826,41.888755],[-111.287934,41.888746],[-111.287678,41.888542],[-111.288304,41.888559],[-111.288442,41.888644],[-111.288768,41.888653],[-111.288906,41.888738],[-111.289232,41.888746],[-111.289376,41.888833],[-111.290074,41.888946],[-111.28995,41.889023],[-111.289312,41.888958],[-111.289045,41.889022],[-111.28826,41.888755]]]}},{"type":"Feature","properties":{"id":"excl-b-153","kind":"exclusion","name":"Creek exclusion zone","acres":1.9,"editable":true,"source":"Mesic Analysis Platform + NWI (filtered rule, 2 Sep 2026)","strm_type":"Ephemeral","veg_pct":47.2},"geometry":{"type":"Polygon","coordinates":[[[-111.289826,41.860454],[-111.289509,41.860408],[-111.2893,41.860006],[-111.289069,41.859796],[-111.288769,41.859669],[-111.288122,41.859668],[-111.287948,41.859604],[-111.287698,41.859668],[-111.287616,41.859426],[-111.287934,41.859392],[-111.288101,41.859482],[-111.289414,41.859575],[-111.289442,41.859802],[-111.289927,41.860286],[-111.290529,41.860503],[-111.290529,41.860689],[-111.290342,41.860779],[-111.290066,41.860779],[-111.289826,41.860454]]]}},{"type":"Feature","properties":{"id":"excl-b-154","kind":"exclusion","name":"Creek exclusion zone","acres":1228.4,"editable":true,"source":"Mesic Analysis Platform + NWI (filtered rule, 2 Sep 2026)","strm_type":"Perennial","veg_pct":90.9},"geometry":{"type":"Polygon","coordinates":[[[-111.348802,41.846469],[-111.348773,41.846806],[-111.34902,41.847043],[-111.349318,41.847076],[-111.34933,41.847265],[-111.349505,41.847446],[-111.349406,41.847629],[-111.349341,41.847625],[-111.348528,41.847493],[-111.348527,41.847493],[-111.348057,41.84746],[-111.34719,41.8474],[-111.346634,41.847368],[-111.346634,41.847259],[-111.346908,41.846947],[-111.346787,41.846764],[-111.346635,41.846707],[-111.346398,41.84671],[-111.346123,41.846845],[-111.345914,41.847052],[-111.345893,41.847259],[-111.345873,41.847259],[-111.345297,41.847159],[-111.345296,41.847159],[-111.344598,41.847099],[-111.344439,41.847089],[-111.344503,41.846889],[-111.345284,41.846311],[-111.34577,41.845811],[-111.34577,41.845657],[-111.345592,41.845517],[-111.34506,41.845502],[-111.344871,41.845409],[-111.34432,41.845408],[-111.344131,41.845315],[-111.342475,41.845315],[-111.342283,41.845222],[-111.340802,41.845221],[-111.340579,41.845099],[-111.338832,41.845161],[-111.338414,41.845572],[-111.3383,41.846148],[-111.338117,41.846335],[-111.3378,41.846294],[-111.337662,41.846245],[-111.337538,41.846196],[-111.337537,41.846195],[-111.337536,41.846195],[-111.337535,41.846195],[-111.33747,41.846184],[-111.337251,41.846102],[-111.33725,41.846102],[-111.337015,41.846042],[-111.337014,41.846041],[-111.337013,41.846041],[-111.337012,41.846041],[-111.336292,41.846003],[-111.336291,41.846003],[-111.335726,41.846019],[-111.334889,41.846014],[-111.334888,41.846014],[-111.334887,41.846014],[-111.334131,41.846097],[-111.33243,41.846091],[-111.332173,41.846064],[-111.332172,41.846064],[-111.332171,41.846064],[-111.332036,41.846067],[-111.331947,41.846022],[-111.331739,41.846114],[-111.331427,41.846185],[-111.330989,41.84624],[-111.330804,41.846225],[-111.330811,41.846085],[-111.330811,41.846084],[-111.330811,41.846083],[-111.33081,41.846082],[-111.33081,41.846081],[-111.330809,41.84608],[-111.330808,41.846079],[-111.330807,41.846078],[-111.330806,41.846078],[-111.330806,41.846077],[-111.330732,41.846039],[-111.330731,41.846038],[-111.33073,41.846038],[-111.330729,41.846037],[-111.330728,41.846037],[-111.330726,41.846037],[-111.330725,41.846037],[-111.330724,41.846037],[-111.330448,41.846058],[-111.330397,41.846022],[-111.330306,41.846068],[-111.330284,41.84607],[-111.32966,41.846076],[-111.328566,41.846092],[-111.328565,41.846092],[-111.328564,41.846092],[-111.328563,41.846092],[-111.328562,41.846093],[-111.328418,41.846136],[-111.328313,41.846125],[-111.328146,41.84606],[-111.328145,41.84606],[-111.328144,41.84606],[-111.328143,41.846059],[-111.328141,41.846059],[-111.32814,41.846059],[-111.327832,41.846065],[-111.326812,41.84607],[-111.326364,41.846048],[-111.326055,41.846038],[-111.326054,41.846038],[-111.326053,41.846038],[-111.325672,41.846071],[-111.325298,41.846093],[-111.325296,41.846093],[-111.324968,41.846137],[-111.324749,41.84612],[-111.324536,41.846109],[-111.324535,41.846109],[-111.324533,41.846109],[-111.324532,41.84611],[-111.324531,41.84611],[-111.32453,41.84611],[-111.324318,41.846187],[-111.324094,41.846214],[-111.323573,41.846203],[-111.323572,41.846203],[-111.323571,41.846203],[-111.32357,41.846203],[-111.323569,41.846203],[-111.323568,41.846203],[-111.323203,41.846323],[-111.3231,41.846324],[-111.323048,41.846289],[-111.323012,41.846193],[-111.323011,41.846192],[-111.323011,41.846191],[-111.32301,41.84619],[-111.323009,41.846189],[-111.323008,41.846188],[-111.323007,41.846188],[-111.323006,41.846187],[-111.322903,41.846144],[-111.322902,41.846143],[-111.322901,41.846143],[-111.3229,41.846143],[-111.322899,41.846142],[-111.322898,41.846142],[-111.322897,41.846142],[-111.322895,41.846143],[-111.322894,41.846143],[-111.322893,41.846143],[-111.322776,41.846176],[-111.322774,41.846176],[-111.322602,41.846243],[-111.322564,41.846242],[-111.322538,41.845933],[-111.322273,41.845807],[-111.322024,41.84594],[-111.322095,41.84631],[-111.322013,41.84634],[-111.321715,41.846357],[-111.321474,41.84634],[-111.321151,41.846318],[-111.321149,41.846318],[-111.3209,41.846324],[-111.320898,41.846324],[-111.320531,41.846368],[-111.320163,41.846425],[-111.319858,41.846425],[-111.319632,41.846395],[-111.31963,41.846395],[-111.319629,41.846395],[-111.319357,41.846406],[-111.319356,41.846406],[-111.319233,41.846425],[-111.319084,41.846426],[-111.318853,41.846406],[-111.318851,41.846406],[-111.31885,41.846406],[-111.318849,41.846406],[-111.318848,41.846407],[-111.318365,41.846505],[-111.31786,41.846494],[-111.317859,41.846494],[-111.317858,41.846494],[-111.317608,41.846533],[-111.31708,41.846598],[-111.316803,41.846604],[-111.316621,41.846582],[-111.31662,41.846582],[-111.316618,41.846582],[-111.316617,41.846582],[-111.316125,41.846643],[-111.315663,41.846681],[-111.315504,41.846692],[-111.315243,41.846702],[-111.315228,41.84671],[-111.315002,41.846725],[-111.314715,41.846758],[-111.314714,41.846758],[-111.314713,41.846758],[-111.314712,41.846759],[-111.314456,41.846846],[-111.314246,41.846879],[-111.314033,41.846889],[-111.314017,41.846889],[-111.313897,41.846868],[-111.313896,41.846868],[-111.313895,41.846868],[-111.313894,41.846868],[-111.313798,41.846873],[-111.313797,41.846873],[-111.313306,41.846928],[-111.313067,41.846928],[-111.312885,41.84689],[-111.312883,41.84689],[-111.312882,41.84689],[-111.312881,41.84689],[-111.31288,41.84689],[-111.312878,41.84689],[-111.312877,41.84689],[-111.312607,41.846966],[-111.312349,41.846982],[-111.312312,41.847004],[-111.312299,41.847005],[-111.311834,41.847073],[-111.311725,41.847072],[-111.311694,41.847089],[-111.311389,41.847115],[-111.311388,41.847115],[-111.310617,41.847225],[-111.309765,41.847384],[-111.309764,41.847384],[-111.308586,41.847629],[-111.30858,41.847629],[-111.308491,41.84754],[-111.308503,41.847175],[-111.308213,41.847077],[-111.308027,41.847169],[-111.307495,41.847182],[-111.30732,41.847307],[-111.307293,41.847443],[-111.307531,41.847854],[-111.306901,41.847972],[-111.306274,41.848084],[-111.305961,41.848076],[-111.305885,41.848142],[-111.305715,41.848241],[-111.305438,41.848329],[-111.305108,41.848405],[-111.305107,41.848406],[-111.305106,41.848406],[-111.304614,41.848604],[-111.304396,41.848685],[-111.304133,41.848729],[-111.304132,41.848729],[-111.303809,41.848806],[-111.303807,41.848806],[-111.303256,41.848988],[-111.303255,41.848988],[-111.303254,41.848989],[-111.30299,41.849142],[-111.302749,41.849257],[-111.302523,41.849317],[-111.302097,41.849438],[-111.302096,41.849438],[-111.302095,41.849438],[-111.301995,41.849484],[-111.301914,41.849484],[-111.301914,41.849395],[-111.302195,41.849114],[-111.302658,41.848833],[-111.302986,41.848829],[-111.303211,41.84865],[-111.303704,41.848519],[-111.303816,41.84838],[-111.303756,41.848232],[-111.303589,41.848173],[-111.30324,41.848199],[-111.302841,41.848373],[-111.30257,41.848393],[-111.302377,41.848556],[-111.301453,41.848856],[-111.30085,41.84916],[-111.300686,41.849346],[-111.301069,41.850011],[-111.300603,41.85029],[-111.30017,41.850515],[-111.300169,41.850515],[-111.299626,41.850861],[-111.299624,41.850862],[-111.299391,41.851058],[-111.299323,41.851058],[-111.29914,41.85087],[-111.299225,41.850424],[-111.299095,41.850338],[-111.299546,41.850033],[-111.299466,41.849967],[-111.299009,41.850275],[-111.29905,41.850308],[-111.298967,41.850253],[-111.298647,41.850352],[-111.298395,41.850594],[-111.29778,41.85098],[-111.297816,41.850944],[-111.297726,41.850892],[-111.297721,41.850889],[-111.297716,41.850887],[-111.29771,41.850885],[-111.296695,41.850599],[-111.297265,41.849693],[-111.297748,41.848524],[-111.297748,41.848035],[-111.297566,41.847446],[-111.297561,41.846994],[-111.297473,41.846889],[-111.297471,41.846272],[-111.297379,41.846148],[-111.297379,41.845408],[-111.298119,41.844762],[-111.29909,41.844252],[-111.300344,41.843371],[-111.300919,41.843154],[-111.301216,41.842955],[-111.301825,41.842354],[-111.302442,41.842248],[-111.302888,41.842027],[-111.305249,41.839576],[-111.305568,41.839569],[-111.305713,41.839482],[-111.306817,41.839482],[-111.307009,41.839575],[-111.307933,41.839576],[-111.308096,41.839662],[-111.308767,41.839665],[-111.308912,41.839751],[-111.309324,41.839759],[-111.309462,41.839844],[-111.310065,41.839946],[-111.310607,41.840288],[-111.310805,41.840316],[-111.311052,41.840555],[-111.311358,41.840593],[-111.311758,41.840856],[-111.313188,41.840869],[-111.313396,41.84078],[-111.313856,41.840779],[-111.314043,41.840686],[-111.314362,41.840679],[-111.314506,41.840593],[-111.315019,41.840584],[-111.315246,41.84041],[-111.315433,41.84041],[-111.315689,41.840589],[-111.316168,41.840499],[-111.316331,41.840593],[-111.316881,41.840625],[-111.317101,41.840499],[-111.317868,41.84041],[-111.318024,41.840316],[-111.318408,41.840381],[-111.318582,41.840316],[-111.31916,41.840312],[-111.319322,41.840223],[-111.3199,41.840499],[-111.320831,41.840495],[-111.321079,41.840316],[-111.322007,41.840315],[-111.322194,41.840222],[-111.32284,41.840223],[-111.322978,41.840307],[-111.323211,41.840315],[-111.323628,41.840083],[-111.323857,41.839852],[-111.324045,41.839829],[-111.324227,41.839665],[-111.324419,41.839642],[-111.324878,41.839389],[-111.325258,41.83963],[-111.325567,41.839548],[-111.325796,41.839224],[-111.325476,41.83888],[-111.325248,41.838835],[-111.325389,41.838565],[-111.325329,41.838418],[-111.324801,41.838281],[-111.323398,41.838278],[-111.32321,41.838184],[-111.32319,41.837978],[-111.32289,41.83768],[-111.322194,41.837444],[-111.322177,41.837151],[-111.321679,41.836545],[-111.320526,41.835964],[-111.32025,41.835594],[-111.32025,41.835407],[-111.320339,41.835224],[-111.320939,41.834826],[-111.321515,41.834243],[-111.321543,41.833926],[-111.32173,41.833739],[-111.322246,41.833518],[-111.322747,41.832722],[-111.323268,41.832404],[-111.323304,41.832076],[-111.323674,41.831612],[-111.323898,41.831567],[-111.324227,41.831242],[-111.324473,41.831184],[-111.324878,41.830778],[-111.32512,41.83072],[-111.325676,41.830273],[-111.326082,41.829757],[-111.326723,41.829737],[-111.327104,41.829387],[-111.327468,41.829481],[-111.327485,41.82968],[-111.327644,41.829804],[-111.327829,41.829811],[-111.327981,41.829719],[-111.328026,41.828183],[-111.328119,41.828066],[-111.328116,41.827813],[-111.328397,41.827905],[-111.328694,41.827903],[-111.328943,41.827813],[-111.329287,41.827909],[-111.329507,41.827813],[-111.329767,41.827802],[-111.329935,41.827682],[-111.330005,41.827527],[-111.329877,41.827353],[-111.329877,41.827166],[-111.330279,41.827205],[-111.33043,41.826979],[-111.330763,41.82675],[-111.330711,41.826332],[-111.330977,41.82585],[-111.330838,41.825428],[-111.33067,41.825324],[-111.330341,41.825315],[-111.330523,41.824852],[-111.330801,41.824828],[-111.330987,41.824665],[-111.331293,41.824763],[-111.33149,41.824718],[-111.331701,41.824514],[-111.331735,41.82435],[-111.331545,41.823924],[-111.331757,41.823887],[-111.332191,41.823554],[-111.332604,41.823547],[-111.332931,41.823372],[-111.333118,41.823372],[-111.333207,41.823461],[-111.333671,41.824295],[-111.333692,41.824505],[-111.334179,41.824937],[-111.334692,41.824946],[-111.3349,41.825035],[-111.337835,41.824945],[-111.338741,41.824665],[-111.343022,41.832232],[-111.342933,41.832445],[-111.3427,41.832491],[-111.342225,41.832956],[-111.342188,41.833092],[-111.341567,41.833711],[-111.341359,41.834109],[-111.340739,41.834719],[-111.340707,41.834853],[-111.339782,41.834854],[-111.339597,41.834942],[-111.339228,41.834942],[-111.338807,41.83458],[-111.337717,41.834665],[-111.337377,41.834853],[-111.337147,41.834861],[-111.337007,41.834943],[-111.336433,41.834946],[-111.335803,41.83513],[-111.335374,41.835115],[-111.334781,41.835594],[-111.334273,41.835602],[-111.333816,41.835822],[-111.333599,41.836041],[-111.333619,41.836195],[-111.333834,41.836394],[-111.334088,41.83651],[-111.334322,41.836517],[-111.334687,41.836774],[-111.334969,41.836798],[-111.335165,41.836961],[-111.336355,41.837351],[-111.336552,41.837519],[-111.336819,41.837538],[-111.337179,41.837787],[-111.337466,41.837815],[-111.339497,41.838808],[-111.339785,41.838836],[-111.340337,41.839182],[-111.340614,41.839206],[-111.340984,41.839482],[-111.3409,41.83974],[-111.341048,41.839908],[-111.341448,41.839946],[-111.342005,41.840129],[-111.342375,41.840316],[-111.34281,41.840742],[-111.343022,41.84078],[-111.34543,41.841984],[-111.345686,41.842226],[-111.348114,41.843464],[-111.349135,41.844204],[-111.349172,41.844347],[-111.349739,41.844899],[-111.35001,41.845034],[-111.350246,41.845038],[-111.350798,41.845957],[-111.350622,41.846055],[-111.350453,41.845969],[-111.349422,41.845911],[-111.348802,41.846469]],[[-111.304353,41.847877],[-111.304237,41.848146],[-111.304323,41.848252],[-111.304504,41.848289],[-111.305433,41.847999],[-111.305473,41.847847],[-111.305363,41.847737],[-111.304764,41.847726],[-111.304353,41.847877]]]}},{"type":"Feature","properties":{"id":"excl-b-155","kind":"exclusion","name":"Creek exclusion zone","acres":0.3,"editable":true,"source":"Mesic Analysis Platform + NWI (filtered rule, 2 Sep 2026)","strm_type":"Perennial","veg_pct":90.9},"geometry":{"type":"Polygon","coordinates":[[[-111.297379,41.851058],[-111.297123,41.850874],[-111.296639,41.85087],[-111.296639,41.850688],[-111.296669,41.85064],[-111.296648,41.850682],[-111.297659,41.850967],[-111.297732,41.851009],[-111.297655,41.851058],[-111.297379,41.851058]]]}},{"type":"Feature","properties":{"id":"excl-b-156","kind":"exclusion","name":"Creek exclusion zone","acres":1.6,"editable":true,"source":"Mesic Analysis Platform + NWI (filtered rule, 2 Sep 2026)","strm_type":"Perennial","veg_pct":92.9},"geometry":{"type":"Polygon","coordinates":[[[-111.45,42.112132],[-111.45,42.112064],[-111.449712,42.112065],[-111.449752,42.111967],[-111.449753,42.111964],[-111.449784,42.111856],[-111.449815,42.111789],[-111.449872,42.111738],[-111.449875,42.111734],[-111.449878,42.11173],[-111.449913,42.111681],[-111.449916,42.111677],[-111.449918,42.111673],[-111.449919,42.111669],[-111.44992,42.111664],[-111.44992,42.11166],[-111.449918,42.111457],[-111.449918,42.111453],[-111.449917,42.111448],[-111.449916,42.111444],[-111.449893,42.111385],[-111.450749,42.111483],[-111.450798,42.112129],[-111.450691,42.112223],[-111.450321,42.112223],[-111.450154,42.112133],[-111.45,42.112132]]]}},{"type":"Feature","properties":{"id":"excl-b-157","kind":"exclusion","name":"Creek exclusion zone","acres":101.0,"editable":true,"source":"Mesic Analysis Platform + NWI (filtered rule, 2 Sep 2026)","strm_type":"Perennial","veg_pct":93.9},"geometry":{"type":"Polygon","coordinates":[[[-111.449339,42.112016],[-111.449114,42.112041],[-111.44898,42.11222],[-111.448959,42.112177],[-111.448574,42.112281],[-111.448569,42.112282],[-111.448221,42.1124],[-111.448213,42.112403],[-111.447987,42.112511],[-111.447507,42.112454],[-111.447505,42.112453],[-111.447265,42.11243],[-111.447259,42.11243],[-111.447254,42.11243],[-111.44708,42.112437],[-111.447074,42.112437],[-111.447068,42.112438],[-111.447063,42.11244],[-111.447057,42.112441],[-111.447052,42.112443],[-111.447047,42.112446],[-111.447016,42.112463],[-111.447012,42.112465],[-111.447009,42.112467],[-111.446977,42.112491],[-111.446973,42.112495],[-111.44697,42.112498],[-111.446967,42.112502],[-111.446964,42.112506],[-111.446922,42.112581],[-111.44691,42.112604],[-111.446856,42.11267],[-111.446811,42.112708],[-111.446808,42.112711],[-111.446805,42.112715],[-111.446803,42.112718],[-111.446661,42.112933],[-111.446658,42.112937],[-111.44652,42.113209],[-111.446479,42.113265],[-111.446458,42.113281],[-111.446399,42.113309],[-111.446394,42.113312],[-111.446346,42.113341],[-111.446342,42.113344],[-111.446338,42.113347],[-111.446334,42.11335],[-111.446331,42.113354],[-111.446309,42.113383],[-111.446307,42.113386],[-111.446305,42.11339],[-111.446303,42.113394],[-111.446302,42.113398],[-111.446293,42.113441],[-111.446293,42.113446],[-111.446293,42.113451],[-111.446293,42.113455],[-111.446302,42.113495],[-111.446304,42.1135],[-111.446306,42.113504],[-111.446308,42.113508],[-111.446341,42.113557],[-111.446344,42.113562],[-111.446374,42.113596],[-111.446378,42.113599],[-111.446382,42.113603],[-111.44643,42.113639],[-111.446434,42.113642],[-111.446439,42.113644],[-111.446444,42.113647],[-111.446549,42.113689],[-111.446082,42.114238],[-111.445792,42.114549],[-111.445792,42.11455],[-111.445389,42.115005],[-111.445388,42.115006],[-111.445237,42.115187],[-111.445288,42.115211],[-111.445204,42.115221],[-111.444859,42.115554],[-111.444534,42.115563],[-111.444389,42.115648],[-111.444119,42.115647],[-111.443929,42.115555],[-111.443472,42.115555],[-111.443285,42.115647],[-111.442614,42.115651],[-111.442523,42.115699],[-111.44252,42.115655],[-111.442397,42.115659],[-111.441662,42.115675],[-111.441664,42.11572],[-111.441499,42.115648],[-111.441194,42.11573],[-111.441194,42.115685],[-111.440387,42.115682],[-111.440387,42.115727],[-111.440206,42.115648],[-111.439657,42.115651],[-111.439531,42.115717],[-111.439533,42.115672],[-111.439224,42.115665],[-111.439223,42.115665],[-111.438975,42.115663],[-111.438974,42.115708],[-111.438227,42.11566],[-111.437887,42.115779],[-111.437096,42.116289],[-111.437075,42.116247],[-111.436749,42.11634],[-111.436771,42.116382],[-111.436422,42.116324],[-111.436075,42.116407],[-111.435602,42.116758],[-111.434674,42.117221],[-111.434398,42.117315],[-111.433964,42.117328],[-111.43345,42.117532],[-111.433137,42.117825],[-111.43273,42.118425],[-111.432271,42.118796],[-111.431536,42.119002],[-111.431156,42.119259],[-111.430901,42.119275],[-111.430046,42.119629],[-111.429514,42.119645],[-111.429305,42.119817],[-111.429109,42.119845],[-111.428659,42.120093],[-111.42834,42.1201],[-111.428008,42.120276],[-111.427302,42.120382],[-111.42671,42.12058],[-111.426527,42.12074],[-111.426005,42.120752],[-111.425141,42.12111],[-111.424822,42.121117],[-111.424677,42.121203],[-111.423843,42.121203],[-111.423162,42.120894],[-111.422522,42.120931],[-111.422363,42.121016],[-111.420421,42.121017],[-111.420231,42.12111],[-111.419802,42.121122],[-111.418474,42.121574],[-111.418104,42.121574],[-111.417571,42.121394],[-111.417225,42.121398],[-111.416624,42.121761],[-111.416395,42.121768],[-111.416254,42.12185],[-111.415676,42.121854],[-111.415513,42.121944],[-111.414399,42.12185],[-111.41407,42.121525],[-111.41372,42.121448],[-111.412127,42.121757],[-111.411444,42.121671],[-111.411172,42.121851],[-111.410528,42.121831],[-111.410261,42.121667],[-111.409957,42.121761],[-111.408725,42.121765],[-111.408607,42.12185],[-111.408604,42.121805],[-111.408316,42.121816],[-111.407808,42.121379],[-111.407754,42.121332],[-111.40752,42.121099],[-111.407519,42.121097],[-111.407419,42.121007],[-111.407334,42.12093],[-111.40733,42.120927],[-111.407325,42.120924],[-111.40732,42.120921],[-111.407244,42.120884],[-111.407239,42.120882],[-111.407233,42.12088],[-111.407226,42.120878],[-111.40715,42.120863],[-111.407145,42.120863],[-111.407139,42.120862],[-111.407133,42.120862],[-111.407127,42.120862],[-111.407121,42.120863],[-111.406928,42.120896],[-111.406924,42.120897],[-111.406647,42.12096],[-111.406641,42.120962],[-111.406425,42.121032],[-111.406268,42.121056],[-111.406116,42.121057],[-111.405919,42.121011],[-111.405698,42.120907],[-111.405558,42.120831],[-111.405699,42.12074],[-111.405986,42.120712],[-111.406163,42.120557],[-111.406788,42.120542],[-111.40718,42.120276],[-111.407456,42.120276],[-111.40773,42.120369],[-111.40792,42.120276],[-111.40859,42.120273],[-111.408754,42.120187],[-111.409514,42.120183],[-111.409677,42.120094],[-111.410155,42.120157],[-111.410328,42.120094],[-111.411897,42.120092],[-111.412085,42.12],[-111.412455,42.12],[-111.412644,42.120093],[-111.414492,42.120187],[-111.414907,42.120361],[-111.41542,42.12037],[-111.415953,42.120643],[-111.416278,42.120642],[-111.416437,42.120557],[-111.416988,42.120557],[-111.417178,42.120645],[-111.418198,42.120646],[-111.418395,42.12071],[-111.418893,42.120638],[-111.419028,42.120557],[-111.419627,42.12055],[-111.420316,42.12035],[-111.420602,42.120187],[-111.421617,42.120093],[-111.421816,42.120257],[-111.422155,42.120366],[-111.422456,42.12037],[-111.422732,42.120534],[-111.42294,42.120553],[-111.423291,42.120276],[-111.424031,42.119906],[-111.42525,42.119814],[-111.425417,42.119723],[-111.425836,42.119715],[-111.426251,42.119536],[-111.427565,42.119444],[-111.427919,42.11926],[-111.428299,42.119308],[-111.428842,42.11889],[-111.429212,42.118702],[-111.429676,42.118589],[-111.430046,42.118332],[-111.430628,42.118115],[-111.43088,42.117779],[-111.431373,42.117648],[-111.43199,42.117128],[-111.4329,42.117113],[-111.433564,42.116758],[-111.434315,42.116547],[-111.435257,42.116077],[-111.435415,42.115924],[-111.435696,42.115835],[-111.436712,42.115835],[-111.436854,42.115917],[-111.437111,42.11592],[-111.437823,42.115465],[-111.438235,42.115458],[-111.438563,42.115278],[-111.439136,42.115368],[-111.439584,42.115095],[-111.439974,42.115091],[-111.440137,42.115001],[-111.44106,42.115],[-111.441247,42.114908],[-111.441498,42.114895],[-111.441898,42.114631],[-111.442627,42.114663],[-111.443102,42.114444],[-111.443807,42.114477],[-111.444213,42.114355],[-111.44465,42.114339],[-111.444936,42.114091],[-111.444953,42.113704],[-111.445417,42.11324],[-111.446292,42.112824],[-111.446803,42.112223],[-111.447339,42.112114],[-111.448007,42.11176],[-111.448245,42.11175],[-111.448748,42.111553],[-111.449118,42.111296],[-111.449827,42.111377],[-111.449769,42.11139],[-111.449798,42.111464],[-111.449799,42.111649],[-111.449774,42.111684],[-111.449714,42.111738],[-111.449711,42.111742],[-111.449708,42.111745],[-111.449706,42.111749],[-111.449704,42.111753],[-111.449669,42.11183],[-111.449667,42.111834],[-111.449635,42.111943],[-111.449584,42.112071],[-111.449487,42.112085],[-111.449499,42.112129],[-111.449488,42.112129],[-111.449339,42.112016]]]}},{"type":"Feature","properties":{"id":"excl-b-158","kind":"exclusion","name":"Creek exclusion zone","acres":3.3,"editable":true,"source":"Mesic Analysis Platform + NWI (filtered rule, 2 Sep 2026)","strm_type":"Perennial","veg_pct":94.6},"geometry":{"type":"Polygon","coordinates":[[[-111.448629,42.112443],[-111.448134,42.112823],[-111.448007,42.113057],[-111.447267,42.113797],[-111.447023,42.113933],[-111.446433,42.114631],[-111.446041,42.114664],[-111.44551,42.115184],[-111.445368,42.115201],[-111.44549,42.115054],[-111.445892,42.1146],[-111.446182,42.114289],[-111.446183,42.114287],[-111.446686,42.113696],[-111.447069,42.113256],[-111.447177,42.113151],[-111.447328,42.113006],[-111.447501,42.112871],[-111.447714,42.112755],[-111.448033,42.112596],[-111.448275,42.112481],[-111.448617,42.112365],[-111.448935,42.11228],[-111.448841,42.112406],[-111.448629,42.112443]]]}},{"type":"Feature","properties":{"id":"excl-b-159","kind":"exclusion","name":"Creek exclusion zone","acres":142.0,"editable":true,"source":"Mesic Analysis Platform + NWI (filtered rule, 2 Sep 2026)","strm_type":"Perennial","veg_pct":96.0},"geometry":{"type":"Polygon","coordinates":[[[-111.407801,42.121978],[-111.405699,42.123424],[-111.405236,42.123518],[-111.404937,42.12335],[-111.40461,42.123335],[-111.404401,42.123424],[-111.404021,42.123452],[-111.403291,42.124258],[-111.402827,42.124539],[-111.402364,42.124445],[-111.401994,42.124164],[-111.401874,42.12367],[-111.401424,42.123295],[-111.401075,42.123231],[-111.400219,42.123237],[-111.40003,42.123138],[-111.399497,42.123148],[-111.399245,42.123054],[-111.399033,42.123148],[-111.39852,42.123156],[-111.397552,42.123424],[-111.396976,42.123338],[-111.396659,42.123482],[-111.396161,42.124075],[-111.395327,42.124628],[-111.394957,42.124815],[-111.394391,42.124691],[-111.394086,42.124729],[-111.39357,42.124998],[-111.393387,42.125022],[-111.393031,42.125254],[-111.392919,42.125738],[-111.392366,42.125926],[-111.391842,42.125926],[-111.3919,42.125914],[-111.391766,42.125542],[-111.391717,42.125386],[-111.39168,42.125201],[-111.391672,42.125054],[-111.391672,42.125051],[-111.391658,42.124957],[-111.391649,42.124826],[-111.39165,42.12393],[-111.39165,42.123699],[-111.391651,42.123315],[-111.391659,42.122471],[-111.391659,42.121766],[-111.39166,42.121439],[-111.39166,42.120764],[-111.391662,42.119853],[-111.391667,42.119055],[-111.391675,42.117756],[-111.39168,42.117311],[-111.39172,42.117316],[-111.391996,42.117409],[-111.392183,42.117568],[-111.39246,42.117592],[-111.393199,42.118219],[-111.39354,42.11823],[-111.393841,42.118056],[-111.394158,42.11823],[-111.394404,42.118243],[-111.39512,42.118761],[-111.395638,42.118971],[-111.396255,42.119072],[-111.396694,42.119412],[-111.397757,42.119985],[-111.39838,42.119999],[-111.398663,42.119906],[-111.399206,42.120107],[-111.399497,42.12],[-111.399956,42.12],[-111.400429,42.12035],[-111.400977,42.12037],[-111.40107,42.120464],[-111.40107,42.120833],[-111.400884,42.121118],[-111.40088,42.121455],[-111.401123,42.121737],[-111.401357,42.121825],[-111.401572,42.121733],[-111.4019,42.121391],[-111.402364,42.121391],[-111.402499,42.121472],[-111.402806,42.12148],[-111.403015,42.121391],[-111.403382,42.121371],[-111.403723,42.121057],[-111.403844,42.120646],[-111.404011,42.120556],[-111.405456,42.120896],[-111.405511,42.120861],[-111.405475,42.120897],[-111.405628,42.12098],[-111.405632,42.120982],[-111.405861,42.12109],[-111.405865,42.121092],[-111.40587,42.121094],[-111.405875,42.121095],[-111.406089,42.121145],[-111.406095,42.121146],[-111.406101,42.121147],[-111.406107,42.121147],[-111.406274,42.121146],[-111.40628,42.121146],[-111.406286,42.121145],[-111.406455,42.121119],[-111.406461,42.121118],[-111.406467,42.121116],[-111.406686,42.121045],[-111.406958,42.120984],[-111.407134,42.120953],[-111.407186,42.120964],[-111.407246,42.120993],[-111.407325,42.121065],[-111.407424,42.121154],[-111.407659,42.121387],[-111.407661,42.121389],[-111.407716,42.121437],[-111.408201,42.121854],[-111.408183,42.121864],[-111.408219,42.121901],[-111.408093,42.12188],[-111.407801,42.121978]]]}},{"type":"Feature","properties":{"id":"excl-b-160","kind":"exclusion","name":"Creek exclusion zone","acres":1517.9,"editable":true,"source":"Mesic Analysis Platform + NWI (filtered rule, 2 Sep 2026)","strm_type":"Perennial","veg_pct":81.8},"geometry":{"type":"Polygon","coordinates":[[[-111.391683,42.125785],[-111.391439,42.125556],[-111.391146,42.124616],[-111.390966,42.124465],[-111.390744,42.124454],[-111.390235,42.124722],[-111.389837,42.124726],[-111.389545,42.124861],[-111.389315,42.125148],[-111.389775,42.125832],[-111.389682,42.126162],[-111.389775,42.12676],[-111.38959,42.127253],[-111.389494,42.12898],[-111.389223,42.129273],[-111.389218,42.130278],[-111.389038,42.130795],[-111.389494,42.131758],[-111.389511,42.132052],[-111.389775,42.132405],[-111.389975,42.13298],[-111.390146,42.13315],[-111.390115,42.133544],[-111.390235,42.133796],[-111.390208,42.134025],[-111.390328,42.134166],[-111.390317,42.135084],[-111.390484,42.135179],[-111.391162,42.135183],[-111.391262,42.135275],[-111.390807,42.135288],[-111.390805,42.135288],[-111.390623,42.135297],[-111.390614,42.135298],[-111.390421,42.135329],[-111.390415,42.13533],[-111.39041,42.135332],[-111.390221,42.135393],[-111.390216,42.135395],[-111.39021,42.135397],[-111.390206,42.1354],[-111.390061,42.135492],[-111.390057,42.135494],[-111.390053,42.135497],[-111.39005,42.1355],[-111.390047,42.135504],[-111.389915,42.135676],[-111.389912,42.135681],[-111.38982,42.13585],[-111.389818,42.135854],[-111.389817,42.135857],[-111.389816,42.135861],[-111.389807,42.135908],[-111.38979,42.1359],[-111.389784,42.135898],[-111.389779,42.135896],[-111.389773,42.135895],[-111.389767,42.135894],[-111.389761,42.135893],[-111.389638,42.135887],[-111.389632,42.135887],[-111.389627,42.135887],[-111.389497,42.135899],[-111.389492,42.1359],[-111.389487,42.135901],[-111.389327,42.135935],[-111.389322,42.135936],[-111.389317,42.135938],[-111.389312,42.13594],[-111.389145,42.136016],[-111.38896,42.136081],[-111.388806,42.136112],[-111.388634,42.136112],[-111.388544,42.136098],[-111.388529,42.136094],[-111.388502,42.136092],[-111.388489,42.13609],[-111.388482,42.136089],[-111.388468,42.136087],[-111.388455,42.136085],[-111.388448,42.136083],[-111.388436,42.136079],[-111.388424,42.136075],[-111.388417,42.136073],[-111.388404,42.136067],[-111.388264,42.136004],[-111.388253,42.135998],[-111.388247,42.135995],[-111.388244,42.135993],[-111.388196,42.135973],[-111.388194,42.135972],[-111.388023,42.135906],[-111.388017,42.135904],[-111.38801,42.135902],[-111.387857,42.135872],[-111.387851,42.135871],[-111.387844,42.135871],[-111.387219,42.135857],[-111.387215,42.135857],[-111.386907,42.135863],[-111.386903,42.135863],[-111.386728,42.135875],[-111.386723,42.135876],[-111.386718,42.135877],[-111.386713,42.135878],[-111.386708,42.135879],[-111.386608,42.135915],[-111.386603,42.135917],[-111.386598,42.13592],[-111.386594,42.135922],[-111.38659,42.135925],[-111.386586,42.135928],[-111.386542,42.13597],[-111.386539,42.135974],[-111.386536,42.135978],[-111.386534,42.135982],[-111.386532,42.135986],[-111.38653,42.13599],[-111.38653,42.135994],[-111.386519,42.136096],[-111.386518,42.1361],[-111.386525,42.13685],[-111.386494,42.138209],[-111.386494,42.138214],[-111.386495,42.13822],[-111.386518,42.138298],[-111.386519,42.138302],[-111.386521,42.138305],[-111.386523,42.138309],[-111.386526,42.138312],[-111.386529,42.138316],[-111.386577,42.138362],[-111.386581,42.138365],[-111.386585,42.138368],[-111.38659,42.138371],[-111.386595,42.138373],[-111.3866,42.138375],[-111.386705,42.138411],[-111.386711,42.138413],[-111.386717,42.138414],[-111.386724,42.138415],[-111.386887,42.138428],[-111.386893,42.138428],[-111.38792,42.138433],[-111.387926,42.138433],[-111.387932,42.138432],[-111.387938,42.138431],[-111.388057,42.138403],[-111.388063,42.138401],[-111.388068,42.1384],[-111.388073,42.138397],[-111.388078,42.138395],[-111.388082,42.138392],[-111.388086,42.138389],[-111.388138,42.138342],[-111.388142,42.138338],[-111.388145,42.138333],[-111.388148,42.138329],[-111.38815,42.138324],[-111.388172,42.13826],[-111.388173,42.138256],[-111.388173,42.138253],[-111.388191,42.138093],[-111.388192,42.138089],[-111.388198,42.136914],[-111.389648,42.136907],[-111.389851,42.136909],[-111.391193,42.136921],[-111.391806,42.13694],[-111.391816,42.136975],[-111.391818,42.13698],[-111.39182,42.136984],[-111.391854,42.137037],[-111.391857,42.137041],[-111.391861,42.137045],[-111.391865,42.137049],[-111.391869,42.137052],[-111.391874,42.137055],[-111.39188,42.137057],[-111.391885,42.137059],[-111.391935,42.137075],[-111.39194,42.137077],[-111.391945,42.137078],[-111.39195,42.137079],[-111.391956,42.137079],[-111.392027,42.137082],[-111.392033,42.137082],[-111.392039,42.137082],[-111.392127,42.137072],[-111.392131,42.137071],[-111.392378,42.13703],[-111.392843,42.136978],[-111.392834,42.136933],[-111.392923,42.137015],[-111.39357,42.137127],[-111.393753,42.137497],[-111.393771,42.137774],[-111.393965,42.137885],[-111.394141,42.13785],[-111.394279,42.137725],[-111.394305,42.137501],[-111.394314,42.137546],[-111.394876,42.137486],[-111.394879,42.137485],[-111.395378,42.137411],[-111.396222,42.137295],[-111.396223,42.137295],[-111.396666,42.137227],[-111.396662,42.137268],[-111.396831,42.137397],[-111.397082,42.137407],[-111.397459,42.137221],[-111.397641,42.137221],[-111.397829,42.137315],[-111.397922,42.137497],[-111.397829,42.137684],[-111.397458,42.137708],[-111.397198,42.137934],[-111.397183,42.138232],[-111.397365,42.138518],[-111.397097,42.138685],[-111.3971,42.138911],[-111.397346,42.139068],[-111.398199,42.139071],[-111.398337,42.139156],[-111.398569,42.139165],[-111.398569,42.139352],[-111.398127,42.139456],[-111.39771,42.139663],[-111.397386,42.139975],[-111.397478,42.140942],[-111.397709,42.141044],[-111.398064,42.141007],[-111.398199,42.140926],[-111.398756,42.140926],[-111.398751,42.141273],[-111.398889,42.141431],[-111.399585,42.141479],[-111.399319,42.141872],[-111.399403,42.142219],[-111.399127,42.142219],[-111.398945,42.14204],[-111.398719,42.142015],[-111.398454,42.142252],[-111.398498,42.142444],[-111.398704,42.142581],[-111.399215,42.14259],[-111.399383,42.14268],[-111.400237,42.142683],[-111.400714,42.14306],[-111.40107,42.143053],[-111.401169,42.143518],[-111.401304,42.143677],[-111.401521,42.143735],[-111.401811,42.143611],[-111.402087,42.143887],[-111.402181,42.144079],[-111.402113,42.144381],[-111.402803,42.14515],[-111.403053,42.1452],[-111.403271,42.145061],[-111.403699,42.145084],[-111.403938,42.144908],[-111.404162,42.144863],[-111.40439,42.14454],[-111.404496,42.144074],[-111.404772,42.143794],[-111.405512,42.143424],[-111.406346,42.143424],[-111.406469,42.143505],[-111.406671,42.143508],[-111.407311,42.143195],[-111.40755,42.142871],[-111.407826,42.142871],[-111.408107,42.143052],[-111.408634,42.142947],[-111.408847,42.142777],[-111.409094,42.142764],[-111.409616,42.142552],[-111.410141,42.14213],[-111.411017,42.14203],[-111.411251,42.14185],[-111.412316,42.141752],[-111.412642,42.141573],[-111.412874,42.141564],[-111.413012,42.141479],[-111.413251,42.141532],[-111.412964,42.141615],[-111.412958,42.141617],[-111.412953,42.141619],[-111.412904,42.141643],[-111.412903,42.141644],[-111.412755,42.141717],[-111.41251,42.141795],[-111.412476,42.141806],[-111.412471,42.141808],[-111.412294,42.141881],[-111.41194,42.141956],[-111.411938,42.141956],[-111.411878,42.141971],[-111.41167,42.142023],[-111.411326,42.14208],[-111.411322,42.142081],[-111.410975,42.142157],[-111.410972,42.142158],[-111.410683,42.142233],[-111.410375,42.142305],[-111.410369,42.142307],[-111.410363,42.142309],[-111.410358,42.142312],[-111.410352,42.142315],[-111.410348,42.142318],[-111.410235,42.142412],[-111.410233,42.142414],[-111.410126,42.142513],[-111.410123,42.142516],[-111.409997,42.142657],[-111.409915,42.14274],[-111.409765,42.14278],[-111.40953,42.142781],[-111.409524,42.142781],[-111.409518,42.142782],[-111.409512,42.142783],[-111.409099,42.142879],[-111.408774,42.142955],[-111.408768,42.142957],[-111.408763,42.142959],[-111.408492,42.14307],[-111.408139,42.143141],[-111.408136,42.143141],[-111.40762,42.143269],[-111.407324,42.143321],[-111.407219,42.14334],[-111.407214,42.143341],[-111.40721,42.143342],[-111.407052,42.14339],[-111.407048,42.143392],[-111.407044,42.143394],[-111.40681,42.1435],[-111.406809,42.1435],[-111.406782,42.143512],[-111.406583,42.143536],[-111.406569,42.143538],[-111.406469,42.143513],[-111.406464,42.143512],[-111.406249,42.143475],[-111.406243,42.143474],[-111.406236,42.143474],[-111.40623,42.143474],[-111.406028,42.143486],[-111.406027,42.143486],[-111.405983,42.143489],[-111.405977,42.14349],[-111.405971,42.143491],[-111.405965,42.143493],[-111.40596,42.143495],[-111.405752,42.143581],[-111.405746,42.143584],[-111.40574,42.143587],[-111.405679,42.143629],[-111.405589,42.143691],[-111.405585,42.143694],[-111.405581,42.143698],[-111.405578,42.143701],[-111.405575,42.143705],[-111.405518,42.143799],[-111.405454,42.143839],[-111.405297,42.143928],[-111.405294,42.14393],[-111.40529,42.143933],[-111.405095,42.144084],[-111.405094,42.144085],[-111.4049,42.144246],[-111.404897,42.144249],[-111.404894,42.144251],[-111.404699,42.144472],[-111.404696,42.144476],[-111.404552,42.144679],[-111.40455,42.144683],[-111.404548,42.144686],[-111.404547,42.14469],[-111.404485,42.144892],[-111.404484,42.144896],[-111.404484,42.144901],[-111.404484,42.144905],[-111.404484,42.14491],[-111.404486,42.144914],[-111.404487,42.144918],[-111.404538,42.145017],[-111.404541,42.145021],[-111.404543,42.145024],[-111.404553,42.145037],[-111.404605,42.145014],[-111.404589,42.145091],[-111.404313,42.145473],[-111.404308,42.145831],[-111.403988,42.145971],[-111.403787,42.146158],[-111.403579,42.146476],[-111.403393,42.147084],[-111.403109,42.147327],[-111.403016,42.147714],[-111.403014,42.148516],[-111.402556,42.149272],[-111.402644,42.149719],[-111.402463,42.150012],[-111.402363,42.150741],[-111.402271,42.150864],[-111.402368,42.151466],[-111.402551,42.151847],[-111.40238,42.152021],[-111.402267,42.15234],[-111.40227,42.153055],[-111.40175,42.152929],[-111.40153,42.153055],[-111.401347,42.153055],[-111.400987,42.152897],[-111.400721,42.153028],[-111.400702,42.153485],[-111.400883,42.153889],[-111.400329,42.154497],[-111.400547,42.154754],[-111.400977,42.154999],[-111.400977,42.155093],[-111.40042,42.155093],[-111.399957,42.154835],[-111.399586,42.154812],[-111.399253,42.154656],[-111.399074,42.15469],[-111.398863,42.154892],[-111.398872,42.155029],[-111.399126,42.155276],[-111.399143,42.155759],[-111.399403,42.156016],[-111.399412,42.156294],[-111.399773,42.156849],[-111.399497,42.15685],[-111.399358,42.156765],[-111.398382,42.156573],[-111.398138,42.156241],[-111.397735,42.156203],[-111.397459,42.155182],[-111.397455,42.154457],[-111.397183,42.154165],[-111.397181,42.15355],[-111.396995,42.152868],[-111.3969,42.151629],[-111.396777,42.151489],[-111.396533,42.151493],[-111.396354,42.151677],[-111.396348,42.152034],[-111.396256,42.152157],[-111.396348,42.152587],[-111.396256,42.152715],[-111.396254,42.153068],[-111.395515,42.153135],[-111.395515,42.152685],[-111.395696,42.152194],[-111.395698,42.151387],[-111.395879,42.151095],[-111.395885,42.150741],[-111.39615,42.150373],[-111.396349,42.14972],[-111.396536,42.149679],[-111.396624,42.149557],[-111.396317,42.148016],[-111.396082,42.147784],[-111.396338,42.147783],[-111.396338,42.147693],[-111.396037,42.147694],[-111.396037,42.147739],[-111.395948,42.147651],[-111.395709,42.147546],[-111.394587,42.147592],[-111.394311,42.147499],[-111.394034,42.147246],[-111.393571,42.147129],[-111.392549,42.146665],[-111.392283,42.146416],[-111.391923,42.146298],[-111.391698,42.146328],[-111.391539,42.146536],[-111.391809,42.147129],[-111.391813,42.147484],[-111.391908,42.147675],[-111.391473,42.147679],[-111.391278,42.147678],[-111.38523,42.147653],[-111.384066,42.147658],[-111.383481,42.147654],[-111.382761,42.147638],[-111.382759,42.147638],[-111.380605,42.147626],[-111.37871,42.147635],[-111.375974,42.14763],[-111.375967,42.14763],[-111.375847,42.14764],[-111.375842,42.147641],[-111.375721,42.14766],[-111.375745,42.147748],[-111.375864,42.14773],[-111.375977,42.14772],[-111.37871,42.147725],[-111.380605,42.147716],[-111.382758,42.147728],[-111.383478,42.147744],[-111.383479,42.147744],[-111.384065,42.147748],[-111.384066,42.147748],[-111.38523,42.147743],[-111.391278,42.147768],[-111.391473,42.147769],[-111.391474,42.147769],[-111.39193,42.147765],[-111.39193,42.14772],[-111.39246,42.148797],[-111.39246,42.149167],[-111.392366,42.149349],[-111.392028,42.14959],[-111.391961,42.149804],[-111.392001,42.150266],[-111.39209,42.150371],[-111.392091,42.151171],[-111.392179,42.151298],[-111.392094,42.151928],[-111.392549,42.152498],[-111.392276,42.152906],[-111.39246,42.153149],[-111.39246,42.153403],[-111.382928,42.154241],[-111.382736,42.154165],[-111.382537,42.154209],[-111.382458,42.154393],[-111.382552,42.154536],[-111.382561,42.154907],[-111.382739,42.155093],[-111.38286,42.15541],[-111.383385,42.155922],[-111.383301,42.156181],[-111.383479,42.15639],[-111.383479,42.156573],[-111.383386,42.156573],[-111.383096,42.156405],[-111.382646,42.156292],[-111.38241,42.156103],[-111.382203,42.156119],[-111.382089,42.156248],[-111.38219,42.156765],[-111.382552,42.157126],[-111.382553,42.157558],[-111.382645,42.157684],[-111.382646,42.159298],[-111.382739,42.159441],[-111.382828,42.161202],[-111.382519,42.16114],[-111.382182,42.161295],[-111.382051,42.161059],[-111.381718,42.160831],[-111.381681,42.160691],[-111.381255,42.160274],[-111.381255,42.160185],[-111.38158,42.16017],[-111.381716,42.160034],[-111.381709,42.159814],[-111.381442,42.159534],[-111.381424,42.159326],[-111.381086,42.159009],[-111.380458,42.15888],[-111.379935,42.159013],[-111.37983,42.159168],[-111.379932,42.159314],[-111.380144,42.159351],[-111.380607,42.159628],[-111.380392,42.159971],[-111.380514,42.160274],[-111.380331,42.160274],[-111.380154,42.160119],[-111.379961,42.160092],[-111.379808,42.160149],[-111.379687,42.160332],[-111.379996,42.16068],[-111.380237,42.160738],[-111.380254,42.160938],[-111.380514,42.161202],[-111.380514,42.161384],[-111.380425,42.161478],[-111.379866,42.161484],[-111.379774,42.161759],[-111.374941,42.161759],[-111.375037,42.143218],[-111.374909,42.143076],[-111.373269,42.142511],[-111.372323,42.141657],[-111.371508,42.140216],[-111.370884,42.138525],[-111.370603,42.138236],[-111.370064,42.138145],[-111.369253,42.138753],[-111.366621,42.139305],[-111.364812,42.139924],[-111.364609,42.139927],[-111.363319,42.140504],[-111.362235,42.140685],[-111.360364,42.141855],[-111.359789,42.142484],[-111.359008,42.142868],[-111.359003,42.142784],[-111.359729,42.142426],[-111.360314,42.141789],[-111.36216,42.140633],[-111.363411,42.140394],[-111.364546,42.139869],[-111.364622,42.139642],[-111.364958,42.1395],[-111.368295,42.138653],[-111.36895,42.138424],[-111.369677,42.137826],[-111.36937,42.13718],[-111.3694,42.136832],[-111.369567,42.136601],[-111.369443,42.137168],[-111.36978,42.137754],[-111.370701,42.137926],[-111.371167,42.138105],[-111.371459,42.138698],[-111.371923,42.140267],[-111.372951,42.141923],[-111.37397,42.142489],[-111.374844,42.142766],[-111.375041,42.14259],[-111.375138,42.123425],[-111.377874,42.123432],[-111.377875,42.123432],[-111.381068,42.12341],[-111.383172,42.12341],[-111.38395,42.12341],[-111.384501,42.12341],[-111.386543,42.123398],[-111.387984,42.123395],[-111.387985,42.123395],[-111.388259,42.123393],[-111.388255,42.123398],[-111.388302,42.123618],[-111.38847,42.12379],[-111.388676,42.123821],[-111.389157,42.12346],[-111.389218,42.123701],[-111.389155,42.12392],[-111.389373,42.124114],[-111.389578,42.124129],[-111.390198,42.123474],[-111.390235,42.123338],[-111.390235,42.123383],[-111.390558,42.123381],[-111.39056,42.123381],[-111.39071,42.123377],[-111.390911,42.123373],[-111.39153,42.123361],[-111.39153,42.123699],[-111.39153,42.12393],[-111.391529,42.124827],[-111.391529,42.124829],[-111.391538,42.124963],[-111.391538,42.124966],[-111.391552,42.125059],[-111.39156,42.125207],[-111.39156,42.125212],[-111.391598,42.125401],[-111.391599,42.125404],[-111.391648,42.125563],[-111.391649,42.125565],[-111.391779,42.125926],[-111.39172,42.125926],[-111.391683,42.125785]],[[-111.398828,42.14922],[-111.399125,42.149166],[-111.399546,42.149111],[-111.399548,42.149111],[-111.400056,42.149032],[-111.400497,42.148985],[-111.400502,42.148984],[-111.400507,42.148983],[-111.400572,42.148967],[-111.400534,42.148881],[-111.400474,42.148896],[-111.400036,42.148943],[-111.400033,42.148944],[-111.399525,42.149023],[-111.399103,42.149078],[-111.399099,42.149078],[-111.398796,42.149133],[-111.398788,42.149135],[-111.398709,42.149158],[-111.398703,42.14916],[-111.398697,42.149163],[-111.398583,42.149221],[-111.398578,42.149224],[-111.398573,42.149227],[-111.398447,42.149324],[-111.398444,42.149327],[-111.398064,42.149674],[-111.397755,42.149936],[-111.397754,42.149938],[-111.397717,42.149972],[-111.397812,42.150028],[-111.397847,42.149995],[-111.398156,42.149733],[-111.398157,42.149731],[-111.398536,42.149385],[-111.398656,42.149293],[-111.398759,42.14924],[-111.398828,42.14922]],[[-111.386478,42.14037],[-111.386475,42.14037],[-111.386286,42.140369],[-111.386282,42.140369],[-111.386277,42.140369],[-111.386172,42.140381],[-111.386171,42.140382],[-111.386001,42.140402],[-111.385682,42.140399],[-111.38568,42.140489],[-111.386004,42.140492],[-111.386009,42.140492],[-111.386015,42.140491],[-111.38619,42.14047],[-111.38629,42.140459],[-111.386473,42.14046],[-111.387356,42.140496],[-111.387357,42.140496],[-111.388609,42.14052],[-111.38861,42.14052],[-111.392211,42.140551],[-111.392212,42.140551],[-111.393639,42.140544],[-111.394427,42.14056],[-111.394432,42.14056],[-111.394829,42.140543],[-111.394823,42.140453],[-111.394428,42.14047],[-111.393642,42.140454],[-111.39364,42.140454],[-111.392212,42.140461],[-111.388612,42.14043],[-111.387361,42.140406],[-111.386478,42.14037]]]}},{"type":"Feature","properties":{"id":"excl-b-161","kind":"exclusion","name":"Creek exclusion zone","acres":6.4,"editable":true,"source":"Mesic Analysis Platform + NWI (filtered rule, 2 Sep 2026)","strm_type":"Perennial","veg_pct":79.6},"geometry":{"type":"Polygon","coordinates":[[[-111.391809,42.135464],[-111.391846,42.1356],[-111.391967,42.135723],[-111.391907,42.135729],[-111.392016,42.136367],[-111.392073,42.136674],[-111.392073,42.136744],[-111.39206,42.136786],[-111.392027,42.136815],[-111.391874,42.136864],[-111.391872,42.136863],[-111.391868,42.13686],[-111.391863,42.136858],[-111.391857,42.136855],[-111.391852,42.136854],[-111.391846,42.136852],[-111.39184,42.136851],[-111.391834,42.136851],[-111.391198,42.136831],[-111.391196,42.136831],[-111.389913,42.13682],[-111.389914,42.135987],[-111.389935,42.135879],[-111.390023,42.135718],[-111.390147,42.135555],[-111.390277,42.135473],[-111.390453,42.135416],[-111.390635,42.135387],[-111.390812,42.135378],[-111.391312,42.135364],[-111.39131,42.135319],[-111.391443,42.13544],[-111.391809,42.135464]]]}},{"type":"Feature","properties":{"id":"excl-b-162","kind":"exclusion","name":"Creek exclusion zone","acres":1.0,"editable":true,"source":"Mesic Analysis Platform + NWI (filtered rule, 2 Sep 2026)","strm_type":"Perennial","veg_pct":79.6},"geometry":{"type":"Polygon","coordinates":[[[-111.392643,42.136298],[-111.39259,42.136711],[-111.39279,42.136893],[-111.392358,42.136941],[-111.392354,42.136942],[-111.392107,42.136983],[-111.392027,42.136992],[-111.391973,42.136989],[-111.391954,42.136983],[-111.391933,42.13695],[-111.391931,42.136944],[-111.392088,42.136893],[-111.392093,42.136892],[-111.392098,42.136889],[-111.392102,42.136887],[-111.392106,42.136884],[-111.39211,42.136881],[-111.392162,42.136836],[-111.392165,42.136833],[-111.392169,42.136829],[-111.392171,42.136825],[-111.392173,42.136821],[-111.392175,42.136817],[-111.392193,42.136759],[-111.392194,42.136754],[-111.392195,42.136749],[-111.392195,42.136671],[-111.392194,42.136665],[-111.392136,42.136355],[-111.392041,42.135798],[-111.392215,42.135976],[-111.392643,42.136298]]]}},{"type":"Feature","properties":{"id":"excl-b-163","kind":"exclusion","name":"Creek exclusion zone","acres":11.5,"editable":true,"source":"Mesic Analysis Platform + NWI (filtered rule, 2 Sep 2026)","strm_type":"Perennial","veg_pct":79.6},"geometry":{"type":"Polygon","coordinates":[[[-111.394114,42.13657],[-111.393847,42.136298],[-111.393939,42.136079],[-111.393941,42.135464],[-111.394404,42.135094],[-111.394846,42.135282],[-111.395321,42.135094],[-111.395608,42.135183],[-111.395884,42.13544],[-111.396255,42.135464],[-111.396348,42.135553],[-111.396447,42.136388],[-111.396718,42.136668],[-111.39667,42.137181],[-111.396658,42.137137],[-111.396199,42.137207],[-111.395356,42.137323],[-111.395355,42.137323],[-111.394857,42.137397],[-111.39431,42.137455],[-111.394217,42.137314],[-111.394114,42.13657]]]}},{"type":"Feature","properties":{"id":"excl-b-164","kind":"exclusion","name":"Creek exclusion zone","acres":1.5,"editable":true,"source":"Mesic Analysis Platform + NWI (filtered rule, 2 Sep 2026)","strm_type":"Intermittent","veg_pct":94.1},"geometry":{"type":"Polygon","coordinates":[[[-111.416994,42.141016],[-111.417241,42.141259],[-111.41764,42.14139],[-111.418726,42.142096],[-111.419027,42.14213],[-111.419027,42.142313],[-111.418474,42.142589],[-111.417953,42.142655],[-111.418068,42.142485],[-111.418365,42.142196],[-111.418369,42.142193],[-111.418371,42.142189],[-111.418374,42.142184],[-111.418376,42.14218],[-111.418377,42.142176],[-111.418377,42.142171],[-111.418377,42.142166],[-111.418377,42.142162],[-111.418375,42.142157],[-111.418336,42.142049],[-111.418335,42.142045],[-111.418332,42.142041],[-111.418329,42.142037],[-111.418326,42.142033],[-111.418237,42.141949],[-111.418233,42.141946],[-111.418229,42.141943],[-111.418225,42.141941],[-111.418221,42.141939],[-111.418216,42.141937],[-111.417931,42.141832],[-111.417756,42.141721],[-111.417514,42.141515],[-111.417467,42.141475],[-111.417462,42.141472],[-111.417208,42.141294],[-111.417205,42.141292],[-111.416937,42.141128],[-111.416907,42.14111],[-111.416902,42.141107],[-111.416898,42.141105],[-111.416893,42.141104],[-111.416887,42.141102],[-111.416671,42.141051],[-111.416666,42.14105],[-111.41666,42.141049],[-111.416655,42.141049],[-111.416485,42.141045],[-111.416479,42.141045],[-111.416474,42.141045],[-111.416468,42.141046],[-111.416463,42.141048],[-111.416325,42.141084],[-111.416118,42.141097],[-111.416254,42.141016],[-111.416994,42.141016]]]}},{"type":"Feature","properties":{"id":"excl-b-165","kind":"exclusion","name":"Creek exclusion zone","acres":1.8,"editable":true,"source":"Mesic Analysis Platform + NWI (filtered rule, 2 Sep 2026)","strm_type":"Intermittent","veg_pct":94.1},"geometry":{"type":"Polygon","coordinates":[[[-111.417641,42.142407],[-111.417814,42.142131],[-111.417408,42.141601],[-111.416777,42.141215],[-111.416056,42.141207],[-111.415884,42.141296],[-111.415465,42.141305],[-111.414956,42.141479],[-111.414638,42.141486],[-111.414492,42.141573],[-111.413434,42.141673],[-111.413106,42.141849],[-111.412084,42.14213],[-111.41178,42.142134],[-111.411621,42.142219],[-111.411074,42.142229],[-111.411354,42.142168],[-111.411699,42.14211],[-111.411705,42.142109],[-111.411916,42.142057],[-111.411975,42.142042],[-111.412334,42.141966],[-111.41234,42.141965],[-111.412346,42.141962],[-111.412527,42.141887],[-111.412558,42.141877],[-111.412808,42.141798],[-111.412813,42.141797],[-111.412818,42.141794],[-111.41297,42.141719],[-111.413014,42.141697],[-111.413332,42.141605],[-111.413663,42.14155],[-111.413916,42.141544],[-111.413923,42.141544],[-111.41393,42.141542],[-111.414237,42.141481],[-111.414459,42.141448],[-111.41464,42.141433],[-111.414646,42.141432],[-111.414652,42.141431],[-111.414945,42.141361],[-111.415168,42.141331],[-111.415464,42.141293],[-111.415466,42.141293],[-111.415731,42.141254],[-111.415733,42.141254],[-111.415972,42.141212],[-111.416108,42.141188],[-111.416343,42.141173],[-111.416348,42.141172],[-111.416353,42.141172],[-111.416358,42.14117],[-111.416492,42.141135],[-111.416643,42.141139],[-111.41684,42.141185],[-111.416861,42.141198],[-111.417127,42.141361],[-111.417377,42.141536],[-111.417422,42.141575],[-111.417423,42.141575],[-111.417668,42.141783],[-111.417674,42.141787],[-111.417859,42.141904],[-111.417863,42.141907],[-111.417867,42.141909],[-111.417871,42.14191],[-111.41815,42.142013],[-111.418223,42.142082],[-111.418251,42.142159],[-111.417968,42.142434],[-111.417965,42.142437],[-111.417962,42.142441],[-111.417825,42.142644],[-111.417879,42.142665],[-111.417735,42.142683],[-111.417641,42.142407]]]}},{"type":"Feature","properties":{"id":"excl-b-166","kind":"exclusion","name":"Creek exclusion zone","acres":1.8,"editable":true,"source":"Mesic Analysis Platform + NWI (filtered rule, 2 Sep 2026)","strm_type":"Intermittent","veg_pct":94.1},"geometry":{"type":"Polygon","coordinates":[[[-111.41014,42.14287],[-111.409818,42.142877],[-111.409133,42.143073],[-111.408753,42.143334],[-111.40829,42.143517],[-111.407908,42.143451],[-111.407295,42.143532],[-111.407016,42.143759],[-111.406946,42.143971],[-111.406356,42.143638],[-111.406121,42.143618],[-111.405115,42.144202],[-111.405183,42.144146],[-111.405374,42.143998],[-111.405529,42.14391],[-111.405531,42.143908],[-111.405606,42.143861],[-111.40561,42.143859],[-111.405614,42.143856],[-111.405617,42.143853],[-111.40562,42.143849],[-111.405622,42.143846],[-111.40568,42.143751],[-111.405761,42.143695],[-111.405817,42.143657],[-111.406007,42.143578],[-111.406038,42.143576],[-111.40623,42.143564],[-111.406434,42.143599],[-111.406545,42.143627],[-111.40655,42.143628],[-111.406556,42.143629],[-111.406561,42.143629],[-111.406567,42.143629],[-111.406573,42.143629],[-111.406601,42.143626],[-111.406602,42.143625],[-111.406814,42.143599],[-111.40682,42.143599],[-111.406825,42.143597],[-111.406831,42.143595],[-111.406836,42.143593],[-111.406873,42.143576],[-111.407102,42.143472],[-111.407252,42.143427],[-111.407352,42.143409],[-111.407651,42.143356],[-111.407656,42.143355],[-111.408172,42.143227],[-111.408531,42.143155],[-111.408538,42.143154],[-111.408544,42.143151],[-111.408816,42.14304],[-111.409135,42.142965],[-111.409539,42.142871],[-111.409776,42.14287],[-111.409783,42.14287],[-111.40979,42.142869],[-111.409796,42.142867],[-111.409973,42.14282],[-111.409979,42.142819],[-111.409984,42.142817],[-111.409989,42.142814],[-111.409994,42.142811],[-111.409998,42.142808],[-111.410002,42.142805],[-111.410096,42.14271],[-111.410097,42.142708],[-111.410222,42.142568],[-111.410326,42.142471],[-111.410427,42.142387],[-111.41072,42.142319],[-111.410722,42.142318],[-111.410791,42.142301],[-111.410376,42.142529],[-111.41014,42.14287]]]}},{"type":"Feature","properties":{"id":"excl-b-167","kind":"exclusion","name":"Creek exclusion zone","acres":392.9,"editable":true,"source":"Mesic Analysis Platform + NWI (filtered rule, 2 Sep 2026)","strm_type":"Perennial","veg_pct":83.8},"geometry":{"type":"Polygon","coordinates":[[[-111.375009,42.12029],[-111.374218,42.120093],[-111.374108,42.119516],[-111.373759,42.119259],[-111.373759,42.119072],[-111.374202,42.118718],[-111.374093,42.118467],[-111.373417,42.11791],[-111.372925,42.117872],[-111.372649,42.117779],[-111.372346,42.117513],[-111.371997,42.117498],[-111.371789,42.117409],[-111.371416,42.117413],[-111.371164,42.117498],[-111.370981,42.117409],[-111.370981,42.117315],[-111.371437,42.116798],[-111.371286,42.116612],[-111.370936,42.11649],[-111.370734,42.116494],[-111.37061,42.116575],[-111.369965,42.116575],[-111.369589,42.116389],[-111.369313,42.116481],[-111.368886,42.116465],[-111.368683,42.116649],[-111.368666,42.116945],[-111.368202,42.117409],[-111.367738,42.117522],[-111.367462,42.117685],[-111.36702,42.117701],[-111.366392,42.118055],[-111.366976,42.114751],[-111.367137,42.114746],[-111.367338,42.114794],[-111.367444,42.114883],[-111.367444,42.114955],[-111.367386,42.115075],[-111.367385,42.115075],[-111.367385,42.115076],[-111.367385,42.115077],[-111.367385,42.115078],[-111.3674,42.115205],[-111.3674,42.115206],[-111.3674,42.115207],[-111.367401,42.115208],[-111.367482,42.115334],[-111.367483,42.115335],[-111.367484,42.115336],[-111.367551,42.115386],[-111.367552,42.115386],[-111.367553,42.115387],[-111.367554,42.115387],[-111.367555,42.115388],[-111.367725,42.115437],[-111.367726,42.115437],[-111.367727,42.115438],[-111.367728,42.115438],[-111.367729,42.115438],[-111.36773,42.115438],[-111.367732,42.115438],[-111.367733,42.115437],[-111.367734,42.115437],[-111.367735,42.115437],[-111.367736,42.115436],[-111.367737,42.115436],[-111.367738,42.115435],[-111.367739,42.115434],[-111.36774,42.115433],[-111.36774,42.115432],[-111.367741,42.115431],[-111.367741,42.11543],[-111.367741,42.115429],[-111.367741,42.115428],[-111.367719,42.115301],[-111.367719,42.1153],[-111.367718,42.1153],[-111.367718,42.115299],[-111.36766,42.115202],[-111.367652,42.115045],[-111.367689,42.114876],[-111.367689,42.114875],[-111.367689,42.114874],[-111.367689,42.114704],[-111.367689,42.114703],[-111.367689,42.114702],[-111.367688,42.114702],[-111.367688,42.114701],[-111.367688,42.1147],[-111.367687,42.114699],[-111.367686,42.114698],[-111.367685,42.114698],[-111.367685,42.114697],[-111.367684,42.114697],[-111.367588,42.114647],[-111.367587,42.114647],[-111.367586,42.114646],[-111.367585,42.114646],[-111.367474,42.114619],[-111.367473,42.114619],[-111.367472,42.114618],[-111.367471,42.114618],[-111.36747,42.114618],[-111.367469,42.114618],[-111.367467,42.114619],[-111.367315,42.114646],[-111.367239,42.114631],[-111.367239,42.11458],[-111.367325,42.114451],[-111.367516,42.114282],[-111.367517,42.114281],[-111.367518,42.11428],[-111.367554,42.114225],[-111.367555,42.114224],[-111.367555,42.114223],[-111.367556,42.114222],[-111.367556,42.114221],[-111.367556,42.11422],[-111.367555,42.114219],[-111.367555,42.114218],[-111.367555,42.114217],[-111.367554,42.114216],[-111.367553,42.114216],[-111.367472,42.114133],[-111.367471,42.114133],[-111.36747,42.114132],[-111.367124,42.113913],[-111.367164,42.113682],[-111.367325,42.113706],[-111.367331,42.113707],[-111.367336,42.113707],[-111.367404,42.113708],[-111.367405,42.113663],[-111.367581,42.113703],[-111.371232,42.113703],[-111.371308,42.11367],[-111.371308,42.113715],[-111.372018,42.113716],[-111.372018,42.11367],[-111.372147,42.113736],[-111.373034,42.1137],[-111.37309,42.113671],[-111.37309,42.113716],[-111.373464,42.113716],[-111.373464,42.113671],[-111.373601,42.113703],[-111.373966,42.1137],[-111.374028,42.113667],[-111.374028,42.113712],[-111.375001,42.113704],[-111.375821,42.113707],[-111.375821,42.113662],[-111.375915,42.113703],[-111.376024,42.113663],[-111.376024,42.113708],[-111.376941,42.113711],[-111.376941,42.113666],[-111.377025,42.113703],[-111.377159,42.113667],[-111.377159,42.113712],[-111.378412,42.113717],[-111.381294,42.113719],[-111.381294,42.113674],[-111.381355,42.113703],[-111.382157,42.113703],[-111.382248,42.113675],[-111.382248,42.11372],[-111.382589,42.11372],[-111.382589,42.113675],[-111.382648,42.113703],[-111.384101,42.113703],[-111.384157,42.113679],[-111.384158,42.113724],[-111.384852,42.113716],[-111.384996,42.113714],[-111.385703,42.113706],[-111.385702,42.113661],[-111.385745,42.114777],[-111.385914,42.114893],[-111.385854,42.114893],[-111.385855,42.115434],[-111.385855,42.115438],[-111.38588,42.115644],[-111.385881,42.115649],[-111.385903,42.115727],[-111.385962,42.115718],[-111.385961,42.115763],[-111.386179,42.115765],[-111.386181,42.115765],[-111.387403,42.115756],[-111.38751,42.115756],[-111.387509,42.115711],[-111.387915,42.11599],[-111.388108,42.116018],[-111.388202,42.116294],[-111.388108,42.116481],[-111.387884,42.1166],[-111.387565,42.116946],[-111.387716,42.117188],[-111.388043,42.117184],[-111.388546,42.116697],[-111.388753,42.116358],[-111.388754,42.115753],[-111.388778,42.115753],[-111.389274,42.115751],[-111.38901,42.115957],[-111.389054,42.116149],[-111.389581,42.116665],[-111.389762,42.116699],[-111.390416,42.116575],[-111.390699,42.116669],[-111.390886,42.116758],[-111.390923,42.116901],[-111.391308,42.11727],[-111.391619,42.117305],[-111.391559,42.117304],[-111.391555,42.11771],[-111.390506,42.117694],[-111.390505,42.117694],[-111.388922,42.117703],[-111.387268,42.117682],[-111.387266,42.117682],[-111.387069,42.117684],[-111.387071,42.117774],[-111.387267,42.117772],[-111.388921,42.117793],[-111.388922,42.117793],[-111.390505,42.117784],[-111.391554,42.1178],[-111.391547,42.119055],[-111.391542,42.119853],[-111.39154,42.120764],[-111.39154,42.121439],[-111.391539,42.121766],[-111.391539,42.122471],[-111.391531,42.123271],[-111.390907,42.123283],[-111.390706,42.123287],[-111.390557,42.123291],[-111.390354,42.123292],[-111.390484,42.123245],[-111.390516,42.123013],[-111.39012,42.122099],[-111.389944,42.121934],[-111.389738,42.121919],[-111.389502,42.122167],[-111.389682,42.122408],[-111.389692,42.12273],[-111.38926,42.122928],[-111.389137,42.123341],[-111.388945,42.123242],[-111.388344,42.123281],[-111.388293,42.123348],[-111.388293,42.123303],[-111.387984,42.123305],[-111.386543,42.123308],[-111.384501,42.12332],[-111.38395,42.12332],[-111.383172,42.12332],[-111.381068,42.12332],[-111.381067,42.12332],[-111.377874,42.123342],[-111.375139,42.123335],[-111.375153,42.120422],[-111.375009,42.12029]]]}},{"type":"Feature","properties":{"id":"excl-b-168","kind":"exclusion","name":"Creek exclusion zone","acres":0.2,"editable":true,"source":"Mesic Analysis Platform + NWI (filtered rule, 2 Sep 2026)","strm_type":"Perennial","veg_pct":94.1},"geometry":{"type":"Polygon","coordinates":[[[-111.381159,42.11361],[-111.381199,42.113629],[-111.378412,42.113627],[-111.377324,42.113623],[-111.377372,42.11361],[-111.381159,42.11361]]]}},{"type":"Feature","properties":{"id":"excl-b-169","kind":"exclusion","name":"Creek exclusion zone","acres":1.9,"editable":true,"source":"Mesic Analysis Platform + NWI (filtered rule, 2 Sep 2026)","strm_type":"Perennial","veg_pct":95.8},"geometry":{"type":"Polygon","coordinates":[[[-111.387019,42.115262],[-111.387368,42.115278],[-111.387486,42.115666],[-111.387403,42.115666],[-111.387402,42.115666],[-111.38618,42.115675],[-111.386011,42.115673],[-111.386,42.115633],[-111.385975,42.115432],[-111.385975,42.114897],[-111.386257,42.114908],[-111.387019,42.115262]]]}},{"type":"Feature","properties":{"id":"excl-b-170","kind":"exclusion","name":"Creek exclusion zone","acres":1.7,"editable":true,"source":"Mesic Analysis Platform + NWI (filtered rule, 2 Sep 2026)","strm_type":"Perennial","veg_pct":92.7},"geometry":{"type":"Polygon","coordinates":[[[-111.389051,42.114904],[-111.389312,42.114814],[-111.389344,42.114948],[-111.389639,42.115232],[-111.390235,42.115465],[-111.390235,42.115554],[-111.389498,42.115577],[-111.389333,42.115706],[-111.389332,42.115661],[-111.388778,42.115663],[-111.388754,42.115663],[-111.388755,42.114908],[-111.389051,42.114904]]]}},{"type":"Feature","properties":{"id":"excl-b-171","kind":"exclusion","name":"Creek exclusion zone","acres":10.9,"editable":true,"source":"Mesic Analysis Platform + NWI (filtered rule, 2 Sep 2026)","strm_type":"Intermittent","veg_pct":96.8},"geometry":{"type":"Polygon","coordinates":[[[-111.44858,41.883031],[-111.448386,41.883003],[-111.447782,41.882496],[-111.446995,41.88208],[-111.446203,41.881197],[-111.445978,41.881152],[-111.444485,41.880432],[-111.443896,41.880233],[-111.443107,41.880136],[-111.442945,41.880046],[-111.442554,41.880042],[-111.442392,41.879952],[-111.441813,41.879949],[-111.44162,41.880042],[-111.441272,41.879952],[-111.440861,41.879952],[-111.440516,41.880135],[-111.440059,41.880224],[-111.440064,41.880169],[-111.440064,41.880165],[-111.440063,41.880161],[-111.440062,41.880157],[-111.440038,41.880076],[-111.440036,41.880071],[-111.440033,41.880067],[-111.44003,41.880063],[-111.440027,41.880059],[-111.440023,41.880055],[-111.440018,41.880052],[-111.439754,41.87988],[-111.439714,41.879915],[-111.440052,41.879579],[-111.44041,41.879469],[-111.440869,41.879672],[-111.441094,41.879556],[-111.441022,41.879347],[-111.440748,41.879217],[-111.440528,41.879224],[-111.43998,41.878778],[-111.439504,41.878744],[-111.439526,41.878557],[-111.439682,41.878468],[-111.440082,41.878638],[-111.440328,41.878651],[-111.440763,41.879077],[-111.441379,41.879289],[-111.441953,41.879478],[-111.442553,41.879485],[-111.44274,41.879577],[-111.4432,41.879485],[-111.443663,41.879831],[-111.444127,41.879855],[-111.444493,41.880201],[-111.444868,41.880225],[-111.445544,41.880493],[-111.445791,41.880506],[-111.446123,41.880831],[-111.446531,41.881059],[-111.447415,41.882034],[-111.447922,41.882263],[-111.448152,41.882493],[-111.44893,41.882978],[-111.44962,41.883271],[-111.450143,41.883373],[-111.450125,41.88356],[-111.449773,41.88356],[-111.448939,41.883284],[-111.44858,41.883031]]]}},{"type":"Feature","properties":{"id":"excl-b-172","kind":"exclusion","name":"Creek exclusion zone","acres":39.2,"editable":true,"source":"Mesic Analysis Platform + NWI (filtered rule, 2 Sep 2026)","strm_type":"Intermittent","veg_pct":91.4},"geometry":{"type":"Polygon","coordinates":[[[-111.439733,41.880364],[-111.439035,41.881152],[-111.438606,41.881393],[-111.438201,41.881799],[-111.43792,41.881892],[-111.437688,41.881901],[-111.43755,41.881986],[-111.436883,41.881989],[-111.436716,41.88208],[-111.435956,41.882083],[-111.435793,41.882169],[-111.435054,41.882169],[-111.434773,41.882081],[-111.434589,41.882169],[-111.434105,41.882173],[-111.433943,41.882263],[-111.43299,41.88236],[-111.432828,41.88245],[-111.432229,41.882457],[-111.431441,41.882726],[-111.430197,41.882766],[-111.430108,41.882883],[-111.430155,41.883025],[-111.430884,41.883743],[-111.430978,41.884118],[-111.430994,41.885521],[-111.431494,41.886017],[-111.432012,41.886151],[-111.431976,41.886338],[-111.431442,41.886244],[-111.431072,41.886062],[-111.430795,41.885692],[-111.430794,41.884332],[-111.430477,41.883698],[-111.429961,41.883284],[-111.429646,41.882784],[-111.429221,41.882539],[-111.428821,41.882138],[-111.427366,41.881059],[-111.426776,41.880089],[-111.425052,41.878557],[-111.424499,41.877817],[-111.424379,41.877325],[-111.424002,41.876937],[-111.423666,41.87673],[-111.422925,41.876524],[-111.422346,41.876258],[-111.421627,41.876154],[-111.421465,41.876064],[-111.421163,41.87606],[-111.420517,41.875779],[-111.420515,41.874886],[-111.420304,41.874451],[-111.419925,41.87408],[-111.419037,41.873558],[-111.418976,41.873499],[-111.41946,41.873724],[-111.419972,41.874086],[-111.420256,41.874348],[-111.420338,41.874503],[-111.42034,41.874507],[-111.420342,41.87451],[-111.420345,41.874514],[-111.420515,41.874684],[-111.420612,41.87463],[-111.420447,41.874465],[-111.420364,41.874308],[-111.420362,41.874304],[-111.420359,41.8743],[-111.420355,41.874296],[-111.420063,41.874027],[-111.420057,41.874023],[-111.419538,41.873656],[-111.419533,41.873653],[-111.419529,41.87365],[-111.418976,41.873393],[-111.418881,41.873332],[-111.418842,41.873367],[-111.418769,41.873295],[-111.418826,41.873281],[-111.418782,41.87318],[-111.418725,41.873194],[-111.418547,41.872692],[-111.418168,41.872256],[-111.418219,41.872233],[-111.418019,41.871986],[-111.418015,41.871982],[-111.418011,41.871979],[-111.418006,41.871975],[-111.418001,41.871972],[-111.417809,41.871874],[-111.417802,41.871871],[-111.417298,41.871685],[-111.417272,41.871726],[-111.41716,41.871629],[-111.417055,41.871625],[-111.417088,41.871587],[-111.416115,41.871104],[-111.416113,41.871103],[-111.415472,41.870817],[-111.415467,41.870815],[-111.414673,41.870541],[-111.41405,41.87024],[-111.413499,41.869929],[-111.413241,41.869738],[-111.412953,41.869384],[-111.41295,41.86938],[-111.412947,41.869377],[-111.412943,41.869374],[-111.412939,41.869372],[-111.412703,41.869232],[-111.412503,41.869032],[-111.412165,41.868648],[-111.411865,41.868255],[-111.411812,41.868278],[-111.411811,41.867943],[-111.411682,41.867677],[-111.411662,41.86766],[-111.411718,41.867645],[-111.411669,41.867541],[-111.411667,41.867537],[-111.411664,41.867533],[-111.411661,41.86753],[-111.411657,41.867526],[-111.411393,41.867304],[-111.411275,41.867173],[-111.410462,41.866186],[-111.410461,41.866185],[-111.409648,41.865251],[-111.409646,41.865249],[-111.409375,41.864972],[-111.409327,41.864999],[-111.409424,41.864609],[-111.409171,41.864325],[-111.408946,41.864208],[-111.40886,41.863851],[-111.408901,41.863884],[-111.408919,41.863872],[-111.40892,41.86387],[-111.409296,41.863582],[-111.4093,41.863578],[-111.409303,41.863575],[-111.409429,41.863432],[-111.409685,41.863651],[-111.409695,41.863837],[-111.410238,41.864948],[-111.410177,41.865448],[-111.410566,41.865825],[-111.410978,41.865965],[-111.411259,41.866246],[-111.411266,41.866439],[-111.411474,41.866745],[-111.412276,41.867632],[-111.412281,41.867991],[-111.412584,41.868507],[-111.413203,41.869024],[-111.413311,41.869415],[-111.413724,41.869816],[-111.414037,41.869853],[-111.414586,41.8702],[-111.414867,41.870223],[-111.415029,41.870376],[-111.415286,41.870496],[-111.415518,41.870504],[-111.415897,41.870761],[-111.416165,41.870781],[-111.416722,41.870968],[-111.417081,41.871217],[-111.417368,41.871244],[-111.417709,41.871483],[-111.418041,41.871599],[-111.419125,41.871615],[-111.419337,41.871708],[-111.420021,41.871615],[-111.419959,41.871984],[-111.419313,41.871984],[-111.419043,41.871894],[-111.418877,41.871986],[-111.41885,41.872135],[-111.419142,41.872925],[-111.419406,41.873189],[-111.419435,41.873412],[-111.42061,41.874299],[-111.420793,41.874763],[-111.420741,41.875551],[-111.420955,41.875746],[-111.421559,41.875951],[-111.422461,41.87606],[-111.422599,41.876145],[-111.423201,41.876243],[-111.424218,41.876707],[-111.424775,41.877264],[-111.424895,41.877573],[-111.425332,41.878004],[-111.425369,41.878237],[-111.425885,41.878651],[-111.426016,41.878885],[-111.426788,41.879638],[-111.427276,41.879854],[-111.429281,41.879842],[-111.430281,41.879256],[-111.430701,41.878838],[-111.430931,41.87879],[-111.431718,41.878004],[-111.432092,41.877911],[-111.432177,41.878098],[-111.431905,41.878374],[-111.430846,41.879066],[-111.430144,41.879672],[-111.429947,41.8797],[-111.429591,41.879948],[-111.427555,41.879949],[-111.427346,41.880073],[-111.427403,41.880366],[-111.428017,41.880876],[-111.427927,41.881114],[-111.42805,41.881293],[-111.428663,41.881616],[-111.429067,41.882022],[-111.429684,41.882427],[-111.430144,41.88245],[-111.430327,41.882538],[-111.431352,41.882538],[-111.431718,41.882357],[-111.432067,41.882341],[-111.433016,41.881986],[-111.433781,41.881982],[-111.433943,41.881893],[-111.43433,41.881889],[-111.434502,41.881799],[-111.435976,41.881799],[-111.436163,41.881892],[-111.436811,41.881892],[-111.437922,41.881593],[-111.438433,41.881115],[-111.438478,41.880965],[-111.438999,41.880459],[-111.439125,41.880225],[-111.439632,41.879996],[-111.439678,41.879951],[-111.439924,41.88011],[-111.439943,41.880171],[-111.439938,41.880234],[-111.439998,41.880236],[-111.439979,41.88024],[-111.439733,41.880364]]]}},{"type":"Feature","properties":{"id":"excl-b-173","kind":"exclusion","name":"Creek exclusion zone","acres":0.4,"editable":true,"source":"Mesic Analysis Platform + NWI (filtered rule, 2 Sep 2026)","strm_type":"Intermittent","veg_pct":84.4},"geometry":{"type":"Polygon","coordinates":[[[-111.415237,41.870968],[-111.415065,41.870808],[-111.414408,41.870597],[-111.413663,41.870223],[-111.413282,41.869895],[-111.413417,41.869995],[-111.413423,41.869999],[-111.413979,41.870313],[-111.413983,41.870314],[-111.414611,41.870618],[-111.414619,41.870621],[-111.415413,41.870896],[-111.41605,41.87118],[-111.416215,41.871262],[-111.415786,41.871076],[-111.415237,41.870968]]]}},{"type":"Feature","properties":{"id":"excl-b-174","kind":"exclusion","name":"Creek exclusion zone","acres":0.1,"editable":true,"source":"Mesic Analysis Platform + NWI (filtered rule, 2 Sep 2026)","strm_type":"Intermittent","veg_pct":86.8},"geometry":{"type":"Polygon","coordinates":[[[-111.411813,41.868373],[-111.411813,41.868369],[-111.412061,41.868694],[-111.412063,41.868696],[-111.412403,41.869083],[-111.412405,41.869085],[-111.412611,41.869291],[-111.412614,41.869294],[-111.412618,41.869296],[-111.412622,41.869299],[-111.412855,41.869437],[-111.413102,41.869741],[-111.41237,41.869113],[-111.411813,41.868373]]]}},{"type":"Feature","properties":{"id":"excl-b-175","kind":"exclusion","name":"Creek exclusion zone","acres":0.2,"editable":true,"source":"Mesic Analysis Platform + NWI (filtered rule, 2 Sep 2026)","strm_type":"Intermittent","veg_pct":92.9},"geometry":{"type":"Polygon","coordinates":[[[-111.409496,41.865248],[-111.409548,41.865301],[-111.41036,41.866234],[-111.410477,41.866376],[-111.409592,41.865501],[-111.409496,41.865248]]]}},{"type":"Feature","properties":{"id":"excl-b-176","kind":"exclusion","name":"Creek exclusion zone","acres":431.9,"editable":true,"source":"Mesic Analysis Platform + NWI (filtered rule, 2 Sep 2026)","strm_type":"Intermittent","veg_pct":88.5},"geometry":{"type":"Polygon","coordinates":[[[-111.408666,41.86358],[-111.407903,41.863295],[-111.407461,41.86328],[-111.407372,41.863187],[-111.407362,41.862816],[-111.407148,41.862488],[-111.406788,41.862276],[-111.406444,41.862263],[-111.406257,41.862076],[-111.406168,41.861613],[-111.406532,41.861044],[-111.406444,41.860502],[-111.406626,41.860286],[-111.406622,41.859962],[-111.406502,41.859804],[-111.405911,41.859332],[-111.405146,41.859022],[-111.404892,41.858774],[-111.404223,41.858558],[-111.403831,41.858297],[-111.403378,41.858234],[-111.403056,41.858509],[-111.403019,41.858652],[-111.402926,41.858652],[-111.402269,41.858301],[-111.40193,41.858192],[-111.401628,41.858188],[-111.401445,41.858094],[-111.401258,41.857911],[-111.401253,41.857642],[-111.401127,41.857398],[-111.40091,41.8572],[-111.400705,41.857167],[-111.400693,41.856978],[-111.400424,41.856707],[-111.40042,41.856439],[-111.400286,41.856273],[-111.400103,41.856159],[-111.399501,41.856056],[-111.399037,41.85578],[-111.398761,41.855593],[-111.398553,41.85511],[-111.398266,41.854819],[-111.397858,41.854673],[-111.39737,41.85467],[-111.396803,41.854038],[-111.396471,41.853933],[-111.395425,41.853836],[-111.394911,41.853656],[-111.394267,41.853561],[-111.394288,41.853519],[-111.394228,41.853502],[-111.394206,41.853544],[-111.393843,41.853298],[-111.393481,41.853278],[-111.393278,41.853096],[-111.393628,41.853016],[-111.393634,41.853015],[-111.393639,41.853013],[-111.394232,41.85278],[-111.394235,41.852779],[-111.395105,41.852401],[-111.395106,41.852401],[-111.396673,41.85169],[-111.397444,41.851353],[-111.397448,41.851351],[-111.397452,41.851349],[-111.397634,41.851236],[-111.397639,41.851233],[-111.397643,41.851229],[-111.397646,41.851226],[-111.39765,41.851222],[-111.397743,41.851084],[-111.397745,41.85108],[-111.397747,41.851076],[-111.397748,41.851072],[-111.397749,41.851068],[-111.397749,41.851063],[-111.397749,41.851059],[-111.397722,41.850889],[-111.397722,41.850885],[-111.39772,41.850881],[-111.397719,41.850878],[-111.39725,41.849984],[-111.397138,41.850016],[-111.397604,41.850905],[-111.397627,41.851056],[-111.397548,41.851173],[-111.397379,41.851278],[-111.396612,41.851612],[-111.396611,41.851613],[-111.395044,41.852323],[-111.394175,41.852701],[-111.393588,41.852931],[-111.393219,41.853015],[-111.393237,41.853058],[-111.393196,41.853022],[-111.392835,41.853002],[-111.39269,41.852916],[-111.392148,41.852995],[-111.392152,41.85295],[-111.392083,41.852947],[-111.392079,41.852992],[-111.391906,41.852909],[-111.391195,41.852908],[-111.390171,41.8532],[-111.389627,41.85345],[-111.389607,41.853407],[-111.389519,41.853431],[-111.389539,41.853473],[-111.388897,41.853564],[-111.388759,41.853648],[-111.388227,41.853664],[-111.387347,41.854053],[-111.386388,41.854993],[-111.386351,41.855133],[-111.38607,41.855157],[-111.385834,41.855358],[-111.385521,41.855963],[-111.384807,41.856302],[-111.383792,41.857314],[-111.383573,41.857818],[-111.383407,41.857988],[-111.38339,41.858188],[-111.382938,41.858828],[-111.382926,41.859668],[-111.382462,41.860408],[-111.381292,41.861207],[-111.380831,41.861663],[-111.380799,41.8618],[-111.380138,41.86201],[-111.379872,41.862263],[-111.379397,41.862381],[-111.379025,41.862615],[-111.379018,41.862571],[-111.378789,41.862591],[-111.378519,41.862574],[-111.378254,41.862531],[-111.378011,41.86246],[-111.377807,41.862348],[-111.377632,41.862186],[-111.377466,41.861986],[-111.377465,41.861984],[-111.377283,41.861786],[-111.37728,41.861783],[-111.377265,41.86177],[-111.37772,41.861979],[-111.378133,41.861949],[-111.378481,41.861597],[-111.378392,41.8606],[-111.378482,41.860447],[-111.378392,41.860315],[-111.378382,41.859855],[-111.377891,41.859069],[-111.377587,41.858778],[-111.377371,41.858741],[-111.377371,41.858652],[-111.377876,41.858513],[-111.378266,41.858135],[-111.378392,41.857537],[-111.37857,41.857248],[-111.378538,41.857028],[-111.377988,41.856485],[-111.377696,41.856342],[-111.377302,41.856348],[-111.377034,41.856485],[-111.37663,41.85689],[-111.376387,41.856882],[-111.376444,41.856867],[-111.376407,41.856791],[-111.376405,41.856787],[-111.376403,41.856783],[-111.376306,41.856658],[-111.376302,41.856654],[-111.376299,41.85665],[-111.376295,41.856647],[-111.376101,41.856513],[-111.376096,41.856509],[-111.375806,41.856348],[-111.375734,41.856421],[-111.376021,41.85658],[-111.376206,41.856708],[-111.376296,41.856825],[-111.376322,41.85688],[-111.376139,41.856874],[-111.375983,41.857078],[-111.375797,41.857078],[-111.375563,41.856898],[-111.375189,41.856881],[-111.375057,41.857024],[-111.375056,41.85763],[-111.374316,41.85763],[-111.373155,41.857268],[-111.37251,41.857269],[-111.370773,41.858035],[-111.370696,41.858108],[-111.370666,41.858069],[-111.370585,41.858104],[-111.370343,41.858168],[-111.370082,41.858222],[-111.369824,41.858264],[-111.369367,41.858326],[-111.369377,41.85837],[-111.369282,41.85823],[-111.368891,41.857938],[-111.368461,41.858034],[-111.36802,41.858371],[-111.367159,41.858371],[-111.366575,41.855317],[-111.367097,41.855317],[-111.367285,41.855409],[-111.36883,41.85541],[-111.369041,41.855317],[-111.369525,41.855313],[-111.370512,41.855021],[-111.371262,41.85467],[-111.371981,41.854467],[-111.372466,41.854206],[-111.372721,41.854191],[-111.373299,41.85393],[-111.373937,41.85391],[-111.374223,41.853649],[-111.374503,41.853555],[-111.374739,41.853546],[-111.374874,41.853466],[-111.375707,41.853466],[-111.375866,41.853551],[-111.376354,41.853555],[-111.376651,41.853646],[-111.377213,41.853431],[-111.377558,41.853185],[-111.377928,41.853185],[-111.37809,41.853275],[-111.379038,41.853372],[-111.379278,41.853718],[-111.379941,41.854172],[-111.380217,41.854296],[-111.380561,41.854293],[-111.380911,41.854173],[-111.381133,41.853972],[-111.381446,41.853279],[-111.381816,41.852726],[-111.382305,41.852504],[-111.382463,41.852356],[-111.382926,41.852356],[-111.383085,41.852441],[-111.383573,41.852445],[-111.383773,41.852511],[-111.384224,41.852356],[-111.384892,41.852352],[-111.385058,41.852262],[-111.386577,41.852255],[-111.387258,41.85206],[-111.388418,41.851576],[-111.388722,41.851288],[-111.388759,41.851152],[-111.389129,41.851152],[-111.389731,41.851419],[-111.39015,41.851428],[-111.390889,41.851868],[-111.391167,41.851892],[-111.391526,41.85214],[-111.391813,41.852168],[-111.39208,41.852289],[-111.392263,41.852269],[-111.392597,41.852047],[-111.392818,41.851815],[-111.392835,41.851611],[-111.393017,41.851611],[-111.393322,41.851891],[-111.393545,41.851887],[-111.393669,41.851705],[-111.393873,41.851671],[-111.394096,41.851471],[-111.394124,41.851164],[-111.393711,41.850733],[-111.393299,41.850594],[-111.392835,41.850318],[-111.392833,41.84942],[-111.392741,41.849292],[-111.392804,41.848711],[-111.392227,41.848138],[-111.391957,41.848008],[-111.391724,41.847999],[-111.391444,41.847722],[-111.391427,41.84752],[-111.391225,41.8473],[-111.390797,41.847076],[-111.390521,41.846799],[-111.390511,41.846335],[-111.390262,41.846055],[-111.391631,41.844298],[-111.391954,41.844474],[-111.392553,41.844481],[-111.392558,41.844929],[-111.392767,41.845534],[-111.393038,41.845763],[-111.393334,41.845738],[-111.393481,41.845542],[-111.393388,41.845221],[-111.393386,41.844327],[-111.393298,41.8442],[-111.393388,41.843834],[-111.393945,41.843834],[-111.394387,41.844358],[-111.395055,41.844481],[-111.395149,41.844575],[-111.395252,41.845225],[-111.395612,41.845685],[-111.395649,41.845921],[-111.396446,41.846612],[-111.396774,41.847048],[-111.397093,41.84717],[-111.397276,41.847353],[-111.397188,41.847569],[-111.397224,41.847866],[-111.397718,41.84834],[-111.39848,41.848463],[-111.39876,41.84865],[-111.398765,41.849096],[-111.398964,41.849691],[-111.399501,41.850131],[-111.399557,41.850385],[-111.399871,41.850501],[-111.399845,41.850729],[-111.400054,41.850964],[-111.400054,41.851147],[-111.399594,41.851059],[-111.399356,41.85119],[-111.399313,41.851611],[-111.399135,41.851811],[-111.399131,41.852168],[-111.398943,41.852355],[-111.398624,41.852396],[-111.398545,41.852582],[-111.398901,41.853068],[-111.399131,41.853185],[-111.399553,41.853604],[-111.399777,41.853649],[-111.399758,41.853988],[-111.400335,41.854576],[-111.400433,41.85513],[-111.400648,41.855457],[-111.401064,41.855846],[-111.401998,41.855963],[-111.402547,41.856516],[-111.403019,41.856521],[-111.403727,41.857129],[-111.404129,41.857167],[-111.404752,41.857533],[-111.40502,41.85757],[-111.405497,41.857447],[-111.405744,41.857463],[-111.406167,41.857261],[-111.407634,41.857268],[-111.407831,41.857078],[-111.408689,41.856674],[-111.409269,41.856287],[-111.411349,41.854483],[-111.411764,41.854344],[-111.412464,41.853743],[-111.412711,41.85373],[-111.413307,41.853527],[-111.414684,41.852632],[-111.415556,41.852625],[-111.415888,41.852445],[-111.416147,41.85243],[-111.416535,41.852262],[-111.417645,41.852262],[-111.417807,41.852352],[-111.418219,41.852352],[-111.418385,41.852262],[-111.41882,41.852249],[-111.419417,41.852047],[-111.41996,41.851522],[-111.420296,41.85137],[-111.4207,41.850964],[-111.420945,41.850829],[-111.421074,41.850594],[-111.421627,41.850131],[-111.422057,41.849889],[-111.422367,41.849578],[-111.422856,41.849356],[-111.423019,41.849203],[-111.423369,41.849255],[-111.423295,41.849577],[-111.422677,41.849912],[-111.422091,41.8505],[-111.421771,41.850622],[-111.421627,41.85087],[-111.421401,41.850992],[-111.420887,41.851521],[-111.420423,41.851798],[-111.420145,41.851822],[-111.419219,41.852355],[-111.418731,41.852359],[-111.418202,41.852538],[-111.417343,41.852542],[-111.417092,41.852725],[-111.416863,41.852733],[-111.416722,41.852815],[-111.415704,41.852816],[-111.415518,41.852908],[-111.415137,41.852936],[-111.41385,41.853742],[-111.413489,41.853762],[-111.412923,41.854112],[-111.412379,41.854225],[-111.411956,41.854435],[-111.411719,41.85467],[-111.411503,41.854707],[-111.411072,41.855133],[-111.409995,41.855917],[-111.409352,41.856565],[-111.409315,41.856797],[-111.408873,41.856812],[-111.408202,41.857164],[-111.408233,41.857397],[-111.408593,41.857448],[-111.40727,41.859592],[-111.407292,41.859772],[-111.409573,41.861399],[-111.409958,41.861498],[-111.410577,41.861308],[-111.410692,41.861202],[-111.410702,41.860873],[-111.410925,41.860493],[-111.410609,41.860039],[-111.410702,41.859945],[-111.411442,41.859945],[-111.41163,41.860319],[-111.411543,41.860632],[-111.411629,41.860872],[-111.411516,41.861118],[-111.412093,41.861613],[-111.41233,41.861966],[-111.412245,41.862158],[-111.412276,41.862446],[-111.412062,41.862975],[-111.412088,41.863187],[-111.41163,41.863186],[-111.411145,41.862925],[-111.409869,41.86254],[-111.409682,41.862376],[-111.409405,41.862353],[-111.409316,41.862081],[-111.409431,41.861754],[-111.409153,41.861437],[-111.40864,41.861434],[-111.408284,41.861547],[-111.407763,41.862046],[-111.407775,41.862216],[-111.408079,41.862486],[-111.408664,41.862447],[-111.408851,41.862634],[-111.408982,41.863049],[-111.409388,41.863396],[-111.409333,41.863379],[-111.409336,41.863374],[-111.409205,41.863522],[-111.408847,41.863798],[-111.408824,41.863704],[-111.408666,41.86358]]]}},{"type":"Feature","properties":{"id":"excl-b-177","kind":"exclusion","name":"Creek exclusion zone","acres":7.2,"editable":true,"source":"Mesic Analysis Platform + NWI (filtered rule, 2 Sep 2026)","strm_type":"Intermittent","veg_pct":87.8},"geometry":{"type":"Polygon","coordinates":[[[-111.37821,41.862724],[-111.378053,41.862783],[-111.377745,41.863113],[-111.37774,41.864208],[-111.377268,41.864083],[-111.376911,41.864114],[-111.376663,41.863875],[-111.376448,41.863838],[-111.376167,41.863557],[-111.376167,41.863097],[-111.376629,41.862416],[-111.376629,41.862015],[-111.376448,41.861612],[-111.376448,41.861485],[-111.376453,41.861529],[-111.376607,41.86152],[-111.376613,41.861519],[-111.376619,41.861518],[-111.376727,41.861494],[-111.376733,41.861493],[-111.376739,41.861491],[-111.376745,41.861488],[-111.37675,41.861485],[-111.376755,41.861482],[-111.376777,41.861464],[-111.377185,41.861839],[-111.377364,41.862034],[-111.377531,41.862236],[-111.377536,41.862241],[-111.377718,41.862409],[-111.377722,41.862412],[-111.377726,41.862415],[-111.37773,41.862417],[-111.377946,41.862536],[-111.37795,41.862538],[-111.377955,41.86254],[-111.37796,41.862542],[-111.378215,41.862616],[-111.378219,41.862617],[-111.378223,41.862618],[-111.378497,41.862663],[-111.378505,41.862664],[-111.378785,41.862681],[-111.378791,41.862681],[-111.378797,41.862681],[-111.378942,41.862668],[-111.378855,41.862723],[-111.37821,41.862724]]]}},{"type":"Feature","properties":{"id":"excl-b-178","kind":"exclusion","name":"Creek exclusion zone","acres":0.6,"editable":true,"source":"Mesic Analysis Platform + NWI (filtered rule, 2 Sep 2026)","strm_type":"Intermittent","veg_pct":93.3},"geometry":{"type":"Polygon","coordinates":[[[-111.370245,41.858652],[-111.369505,41.858558],[-111.369406,41.858412],[-111.369846,41.858353],[-111.369848,41.858353],[-111.37011,41.858309],[-111.370112,41.858309],[-111.370377,41.858255],[-111.370382,41.858254],[-111.370607,41.858194],[-111.370366,41.858424],[-111.370245,41.858652]]]}},{"type":"Feature","properties":{"id":"excl-b-179","kind":"exclusion","name":"Creek exclusion zone","acres":1.4,"editable":true,"source":"Mesic Analysis Platform + NWI (filtered rule, 2 Sep 2026)","strm_type":"Ephemeral","veg_pct":87.7},"geometry":{"type":"Polygon","coordinates":[[[-111.394655,42.063313],[-111.394766,42.063163],[-111.394761,42.062834],[-111.394936,42.062744],[-111.395392,42.062833],[-111.395898,42.062834],[-111.395973,42.063107],[-111.395786,42.06348],[-111.395613,42.06348],[-111.395151,42.063235],[-111.394655,42.063313]]]}},{"type":"Feature","properties":{"id":"excl-b-180","kind":"exclusion","name":"Creek exclusion zone","acres":55.8,"editable":true,"source":"Mesic Analysis Platform + NWI (filtered rule, 2 Sep 2026)","strm_type":"Perennial","veg_pct":93.7},"geometry":{"type":"Polygon","coordinates":[[[-111.431861,42.040618],[-111.431165,42.04061],[-111.430978,42.040517],[-111.430508,42.040517],[-111.430522,42.040473],[-111.430472,42.040464],[-111.430466,42.040463],[-111.43046,42.040463],[-111.430271,42.040459],[-111.430128,42.040444],[-111.430126,42.040444],[-111.429937,42.040431],[-111.429933,42.040431],[-111.429736,42.040426],[-111.429611,42.040419],[-111.429607,42.040464],[-111.429424,42.040337],[-111.4289,42.040334],[-111.42892,42.040292],[-111.42863,42.040217],[-111.42848,42.040173],[-111.428367,42.040119],[-111.428262,42.040062],[-111.42825,42.040054],[-111.42821,42.040088],[-111.428162,42.040001],[-111.427872,42.039783],[-111.427277,42.039776],[-111.427132,42.039689],[-111.426349,42.039593],[-111.425723,42.03941],[-111.425308,42.03941],[-111.425244,42.039432],[-111.425256,42.039388],[-111.424832,42.039324],[-111.424584,42.039275],[-111.424306,42.039202],[-111.423839,42.039056],[-111.423816,42.039098],[-111.423694,42.03898],[-111.423019,42.038759],[-111.422718,42.03849],[-111.422274,42.038478],[-111.422115,42.038393],[-111.421257,42.038295],[-111.420607,42.037949],[-111.420205,42.037823],[-111.419798,42.037847],[-111.419589,42.038019],[-111.419012,42.038022],[-111.418965,42.038047],[-111.418967,42.038002],[-111.41879,42.037997],[-111.418686,42.037991],[-111.418681,42.038036],[-111.418414,42.037921],[-111.417986,42.038085],[-111.417976,42.038041],[-111.417963,42.038042],[-111.417846,42.038049],[-111.417698,42.038058],[-111.417559,42.03805],[-111.417415,42.038035],[-111.41741,42.038035],[-111.417268,42.038029],[-111.417263,42.038029],[-111.417148,42.038032],[-111.41714,42.038033],[-111.41691,42.038062],[-111.416059,42.038155],[-111.416056,42.038156],[-111.415943,42.038174],[-111.415955,42.038218],[-111.415806,42.038188],[-111.415424,42.038295],[-111.415055,42.038295],[-111.414888,42.038205],[-111.414408,42.038202],[-111.414071,42.038046],[-111.413669,42.038108],[-111.413469,42.037987],[-111.413017,42.038019],[-111.412923,42.037921],[-111.413002,42.03765],[-111.412781,42.037413],[-111.412464,42.037368],[-111.412145,42.037194],[-111.411443,42.037091],[-111.411217,42.036913],[-111.410979,42.036904],[-111.410336,42.036447],[-111.409686,42.036164],[-111.409654,42.036034],[-111.409437,42.035849],[-111.40921,42.035841],[-111.409034,42.035981],[-111.408295,42.035981],[-111.406814,42.035424],[-111.406477,42.035179],[-111.406298,42.035212],[-111.406073,42.035424],[-111.405704,42.035424],[-111.40539,42.035298],[-111.404706,42.035342],[-111.404499,42.035517],[-111.404083,42.035566],[-111.403609,42.036028],[-111.403572,42.036164],[-111.40329,42.036258],[-111.402862,42.036177],[-111.402166,42.036477],[-111.402034,42.036624],[-111.400735,42.03664],[-111.400517,42.036815],[-111.400302,42.036814],[-111.400153,42.036897],[-111.400115,42.037025],[-111.400241,42.037279],[-111.400054,42.037462],[-111.399853,42.037462],[-111.399856,42.037417],[-111.399588,42.037408],[-111.399382,42.037393],[-111.399376,42.037438],[-111.399172,42.037286],[-111.398667,42.037279],[-111.398428,42.037043],[-111.398204,42.036998],[-111.39799,42.036828],[-111.396906,42.036721],[-111.39663,42.036628],[-111.396424,42.03646],[-111.395983,42.036445],[-111.396055,42.035868],[-111.395596,42.03535],[-111.395853,42.035378],[-111.395856,42.035378],[-111.39612,42.035398],[-111.396132,42.035308],[-111.395869,42.035288],[-111.39556,42.035255],[-111.395551,42.035299],[-111.395209,42.034914],[-111.394792,42.034691],[-111.394828,42.034574],[-111.394828,42.034573],[-111.394828,42.034572],[-111.394828,42.034571],[-111.394799,42.034423],[-111.394798,42.034422],[-111.394798,42.034421],[-111.394797,42.03442],[-111.394797,42.034419],[-111.394787,42.034407],[-111.394826,42.034407],[-111.394822,42.034435],[-111.394822,42.03444],[-111.394822,42.034444],[-111.394823,42.034449],[-111.394824,42.034453],[-111.394882,42.034594],[-111.394884,42.034598],[-111.394887,42.034603],[-111.39489,42.034607],[-111.394894,42.03461],[-111.394898,42.034613],[-111.394903,42.034616],[-111.395023,42.034686],[-111.395028,42.034689],[-111.395034,42.034692],[-111.39504,42.034693],[-111.395046,42.034695],[-111.395324,42.034745],[-111.395329,42.034746],[-111.395334,42.034746],[-111.395339,42.034746],[-111.395623,42.034741],[-111.395629,42.034741],[-111.395635,42.03474],[-111.39564,42.034739],[-111.395645,42.034738],[-111.395696,42.034722],[-111.395673,42.03468],[-111.396072,42.034684],[-111.396259,42.034778],[-111.396304,42.034923],[-111.396651,42.035226],[-111.397276,42.03533],[-111.397421,42.035417],[-111.397739,42.035424],[-111.397902,42.035577],[-111.39848,42.035794],[-111.398953,42.036332],[-111.39932,42.036444],[-111.400146,42.036444],[-111.400335,42.036352],[-111.400858,42.036339],[-111.401164,42.036164],[-111.401774,42.036156],[-111.402508,42.035933],[-111.403092,42.035256],[-111.403474,42.034315],[-111.403483,42.034037],[-111.404406,42.033574],[-111.404536,42.033809],[-111.404869,42.033944],[-111.404901,42.034073],[-111.405229,42.034379],[-111.405472,42.034399],[-111.40598,42.03422],[-111.406443,42.03459],[-111.406451,42.034786],[-111.406586,42.034915],[-111.40709,42.03496],[-111.40731,42.035113],[-111.407648,42.035054],[-111.407793,42.03514],[-111.408201,42.035148],[-111.408517,42.035244],[-111.408758,42.035148],[-111.409034,42.035148],[-111.409266,42.035369],[-111.409539,42.035455],[-111.409728,42.035758],[-111.410098,42.036077],[-111.410796,42.036258],[-111.411371,42.036519],[-111.411812,42.036534],[-111.412276,42.036722],[-111.412646,42.036905],[-111.412917,42.037157],[-111.413204,42.037185],[-111.41385,42.037462],[-111.414163,42.037724],[-111.415142,42.037905],[-111.415331,42.037832],[-111.416958,42.037799],[-111.417739,42.037556],[-111.418479,42.037556],[-111.418617,42.03764],[-111.418847,42.037648],[-111.419126,42.037462],[-111.419864,42.037462],[-111.421016,42.037824],[-111.421533,42.037832],[-111.421977,42.038015],[-111.422454,42.038018],[-111.422644,42.037926],[-111.422924,42.037926],[-111.424218,42.038666],[-111.424457,42.038893],[-111.424853,42.039015],[-111.425145,42.038942],[-111.425702,42.038942],[-111.426097,42.039129],[-111.426444,42.03904],[-111.426908,42.039214],[-111.427186,42.039238],[-111.428064,42.039581],[-111.42857,42.039683],[-111.429043,42.039944],[-111.429736,42.040143],[-111.430795,42.040057],[-111.430954,42.040142],[-111.431348,42.040146],[-111.431461,42.04025],[-111.431776,42.04033],[-111.432458,42.040334],[-111.432984,42.040597],[-111.433573,42.040704],[-111.433681,42.041477],[-111.433479,42.041515],[-111.43266,42.040825],[-111.431999,42.040703],[-111.431861,42.040618]]]}},{"type":"Feature","properties":{"id":"excl-b-181","kind":"exclusion","name":"Creek exclusion zone","acres":0.1,"editable":true,"source":"Mesic Analysis Platform + NWI (filtered rule, 2 Sep 2026)","strm_type":"Perennial","veg_pct":95.1},"geometry":{"type":"Polygon","coordinates":[[[-111.416514,42.038206],[-111.416346,42.038296],[-111.416085,42.038244],[-111.416928,42.038151],[-111.416929,42.03815],[-111.417156,42.038122],[-111.417244,42.03812],[-111.417092,42.038202],[-111.416514,42.038206]]]}},{"type":"Feature","properties":{"id":"excl-b-182","kind":"exclusion","name":"Creek exclusion zone","acres":0.1,"editable":true,"source":"Mesic Analysis Platform + NWI (filtered rule, 2 Sep 2026)","strm_type":"Perennial","veg_pct":84.1},"geometry":{"type":"Polygon","coordinates":[[[-111.395519,42.034653],[-111.395344,42.034656],[-111.395087,42.03461],[-111.394992,42.034554],[-111.394943,42.034436],[-111.394947,42.034412],[-111.394887,42.034407],[-111.394961,42.034407],[-111.395519,42.034653]]]}},{"type":"Feature","properties":{"id":"excl-b-183","kind":"exclusion","name":"Creek exclusion zone","acres":0.8,"editable":true,"source":"Mesic Analysis Platform + NWI (filtered rule, 2 Sep 2026)","strm_type":"Ephemeral","veg_pct":93.8},"geometry":{"type":"Polygon","coordinates":[[[-111.394457,41.878394],[-111.394503,41.878098],[-111.39491,41.877959],[-111.395243,41.877634],[-111.395453,41.877681],[-111.395546,41.877898],[-111.395254,41.878136],[-111.394867,41.878211],[-111.394685,41.878374],[-111.394457,41.878394]]]}},{"type":"Feature","properties":{"id":"excl-b-184","kind":"exclusion","name":"Creek exclusion zone","acres":0.7,"editable":true,"source":"Mesic Analysis Platform + NWI (filtered rule, 2 Sep 2026)","strm_type":"Ephemeral","veg_pct":97.3},"geometry":{"type":"Polygon","coordinates":[[[-111.397318,42.101363],[-111.397,42.101356],[-111.397,42.101169],[-111.397835,42.101168],[-111.398023,42.10108],[-111.398153,42.101205],[-111.398053,42.101313],[-111.39806,42.101543],[-111.39774,42.101543],[-111.397318,42.101363]]]}},{"type":"Feature","properties":{"id":"excl-b-185","kind":"exclusion","name":"Creek exclusion zone","acres":1.0,"editable":true,"source":"Mesic Analysis Platform + NWI (filtered rule, 2 Sep 2026)","strm_type":"Ephemeral","veg_pct":82.1},"geometry":{"type":"Polygon","coordinates":[[[-111.398297,41.901803],[-111.39863,41.901793],[-111.399037,41.901624],[-111.399176,41.901653],[-111.399233,41.901803],[-111.398616,41.902122],[-111.398573,41.902542],[-111.39806,41.902157],[-111.398297,41.901803]]]}},{"type":"Feature","properties":{"id":"excl-b-186","kind":"exclusion","name":"Creek exclusion zone","acres":1.3,"editable":true,"source":"Mesic Analysis Platform + NWI (filtered rule, 2 Sep 2026)","strm_type":"Ephemeral","veg_pct":92.9},"geometry":{"type":"Polygon","coordinates":[[[-111.400866,42.100266],[-111.400794,42.099974],[-111.400888,42.099782],[-111.401445,42.099319],[-111.40183,42.099501],[-111.401787,42.099649],[-111.401734,42.099627],[-111.40147,42.099988],[-111.401287,42.100229],[-111.40134,42.100251],[-111.401164,42.100339],[-111.400866,42.100266]]]}},{"type":"Feature","properties":{"id":"excl-b-187","kind":"exclusion","name":"Creek exclusion zone","acres":1.2,"editable":true,"source":"Mesic Analysis Platform + NWI (filtered rule, 2 Sep 2026)","strm_type":"Ephemeral","veg_pct":90.7},"geometry":{"type":"Polygon","coordinates":[[[-111.40337,42.098641],[-111.403354,42.098302],[-111.403688,42.098175],[-111.403833,42.09804],[-111.403862,42.098079],[-111.403923,42.098054],[-111.403893,42.098015],[-111.404424,42.097932],[-111.40459,42.098236],[-111.404499,42.098484],[-111.403828,42.098488],[-111.403572,42.098672],[-111.40337,42.098641]]]}},{"type":"Feature","properties":{"id":"excl-b-188","kind":"exclusion","name":"Creek exclusion zone","acres":1.1,"editable":true,"source":"Mesic Analysis Platform + NWI (filtered rule, 2 Sep 2026)","strm_type":"Ephemeral","veg_pct":96.4},"geometry":{"type":"Polygon","coordinates":[[[-111.403853,41.964676],[-111.403795,41.964347],[-111.403835,41.96428],[-111.404312,41.964306],[-111.4045,41.964477],[-111.404754,41.964497],[-111.40498,41.964607],[-111.404925,41.964923],[-111.404564,41.96495],[-111.404404,41.964791],[-111.403853,41.964676]]]}},{"type":"Feature","properties":{"id":"excl-b-189","kind":"exclusion","name":"Creek exclusion zone","acres":1.2,"editable":true,"source":"Mesic Analysis Platform + NWI (filtered rule, 2 Sep 2026)","strm_type":"Ephemeral","veg_pct":96.5},"geometry":{"type":"Polygon","coordinates":[[[-111.404381,41.898225],[-111.404223,41.898378],[-111.403929,41.898355],[-111.403943,41.898191],[-111.404223,41.898003],[-111.405057,41.897633],[-111.406024,41.897441],[-111.405944,41.897727],[-111.405565,41.897735],[-111.404959,41.897938],[-111.404381,41.898225]]]}},{"type":"Feature","properties":{"id":"excl-b-190","kind":"exclusion","name":"Creek exclusion zone","acres":1.8,"editable":true,"source":"Mesic Analysis Platform + NWI (filtered rule, 2 Sep 2026)","strm_type":"Ephemeral","veg_pct":95.4},"geometry":{"type":"Polygon","coordinates":[[[-111.405668,42.068469],[-111.405624,42.068297],[-111.406074,42.068114],[-111.406503,42.068101],[-111.406814,42.067926],[-111.407697,42.067833],[-111.407828,42.06807],[-111.406391,42.068475],[-111.405657,42.068629],[-111.405597,42.068587],[-111.405668,42.068469]]]}},{"type":"Feature","properties":{"id":"excl-b-191","kind":"exclusion","name":"Creek exclusion zone","acres":0.8,"editable":true,"source":"Mesic Analysis Platform + NWI (filtered rule, 2 Sep 2026)","strm_type":"Ephemeral","veg_pct":93.1},"geometry":{"type":"Polygon","coordinates":[[[-111.405299,41.90734],[-111.405281,41.907276],[-111.405704,41.907082],[-111.407124,41.906909],[-111.407414,41.906816],[-111.407431,41.906857],[-111.407442,41.906953],[-111.407422,41.907037],[-111.4074,41.907066],[-111.407453,41.907088],[-111.405964,41.907174],[-111.405516,41.907358],[-111.405299,41.90734]]]}},{"type":"Feature","properties":{"id":"excl-b-192","kind":"exclusion","name":"Creek exclusion zone","acres":0.9,"editable":true,"source":"Mesic Analysis Platform + NWI (filtered rule, 2 Sep 2026)","strm_type":"Ephemeral","veg_pct":89.9},"geometry":{"type":"Polygon","coordinates":[[[-111.406998,42.061169],[-111.406813,42.061172],[-111.406807,42.061172],[-111.406802,42.061173],[-111.406575,42.061208],[-111.406567,42.061209],[-111.406509,42.061224],[-111.406528,42.061267],[-111.406302,42.061271],[-111.406404,42.061077],[-111.406839,42.061073],[-111.407001,42.060984],[-111.408107,42.060983],[-111.40867,42.060796],[-111.408826,42.060926],[-111.408137,42.061131],[-111.408126,42.061086],[-111.407915,42.061114],[-111.407816,42.061122],[-111.407822,42.061166],[-111.407095,42.061167],[-111.407,42.061214],[-111.406998,42.061169]]]}},{"type":"Feature","properties":{"id":"excl-b-193","kind":"exclusion","name":"Creek exclusion zone","acres":1.2,"editable":true,"source":"Mesic Analysis Platform + NWI (filtered rule, 2 Sep 2026)","strm_type":"Intermittent","veg_pct":97.6},"geometry":{"type":"Polygon","coordinates":[[[-111.428017,41.985237],[-111.427516,41.985059],[-111.427452,41.985056],[-111.427592,41.984965],[-111.427646,41.98495],[-111.427625,41.984908],[-111.427932,41.98503],[-111.428269,41.985049],[-111.429173,41.984557],[-111.429456,41.984059],[-111.429591,41.98426],[-111.429497,41.984496],[-111.428872,41.985106],[-111.428293,41.985237],[-111.428017,41.985237]]]}},{"type":"Feature","properties":{"id":"excl-b-194","kind":"exclusion","name":"Creek exclusion zone","acres":3.1,"editable":true,"source":"Mesic Analysis Platform + NWI (filtered rule, 2 Sep 2026)","strm_type":"Perennial","veg_pct":97.6},"geometry":{"type":"Polygon","coordinates":[[[-111.427037,41.984936],[-111.42707,41.984898],[-111.427067,41.984896],[-111.426854,41.984795],[-111.426849,41.984793],[-111.426844,41.984792],[-111.426838,41.98479],[-111.426833,41.984789],[-111.426827,41.984789],[-111.426822,41.984788],[-111.426816,41.984789],[-111.426712,41.984796],[-111.426718,41.984841],[-111.426533,41.984703],[-111.425722,41.9845],[-111.425444,41.984512],[-111.425285,41.984641],[-111.42529,41.984596],[-111.42502,41.984581],[-111.425015,41.984581],[-111.424661,41.984583],[-111.42452,41.984583],[-111.424682,41.984295],[-111.424752,41.984206],[-111.424801,41.984162],[-111.424945,41.984064],[-111.425095,41.983973],[-111.425117,41.983962],[-111.425222,41.983974],[-111.425171,41.984021],[-111.425186,41.98416],[-111.425396,41.98433],[-111.42607,41.984219],[-111.426771,41.984309],[-111.42698,41.984219],[-111.427397,41.984264],[-111.427736,41.984216],[-111.427881,41.984302],[-111.42811,41.984309],[-111.428201,41.984373],[-111.428068,41.984431],[-111.42752,41.984459],[-111.427348,41.984569],[-111.427317,41.984688],[-111.427438,41.984833],[-111.427553,41.984879],[-111.42754,41.984883],[-111.427535,41.984885],[-111.42753,41.984887],[-111.427525,41.984889],[-111.427521,41.984891],[-111.42736,41.984997],[-111.427249,41.984975],[-111.427234,41.985019],[-111.427107,41.984929],[-111.427037,41.984936]]]}},{"type":"Feature","properties":{"id":"excl-b-195","kind":"exclusion","name":"Creek exclusion zone","acres":19.2,"editable":true,"source":"Mesic Analysis Platform + NWI (filtered rule, 2 Sep 2026)","strm_type":"Perennial","veg_pct":95.1},"geometry":{"type":"Polygon","coordinates":[[[-111.424058,41.984961],[-111.424004,41.98494],[-111.423775,41.985273],[-111.423664,41.985381],[-111.423557,41.985471],[-111.423602,41.985501],[-111.423453,41.985551],[-111.4225,41.986135],[-111.422474,41.986095],[-111.422441,41.986107],[-111.422387,41.986112],[-111.422396,41.986157],[-111.421964,41.986137],[-111.421879,41.986214],[-111.421865,41.98617],[-111.421524,41.986229],[-111.421519,41.98623],[-111.420661,41.986437],[-111.420396,41.986489],[-111.419717,41.98658],[-111.419728,41.986624],[-111.419037,41.986623],[-111.418668,41.986292],[-111.417645,41.98616],[-111.417394,41.986051],[-111.41715,41.985756],[-111.416905,41.985696],[-111.416613,41.985436],[-111.416274,41.98543],[-111.416155,41.985671],[-111.414961,41.985326],[-111.414686,41.985088],[-111.414285,41.984956],[-111.414037,41.985049],[-111.413618,41.985058],[-111.41348,41.985143],[-111.412905,41.985176],[-111.412565,41.985413],[-111.412564,41.985368],[-111.412532,41.985368],[-111.41253,41.985369],[-111.412115,41.985387],[-111.412113,41.985387],[-111.410826,41.985477],[-111.410823,41.985478],[-111.410781,41.985483],[-111.410718,41.985186],[-111.410718,41.985185],[-111.410619,41.984785],[-111.410618,41.984782],[-111.410555,41.984606],[-111.410906,41.984517],[-111.411161,41.984472],[-111.411923,41.984402],[-111.412262,41.984392],[-111.412258,41.984308],[-111.412366,41.984308],[-111.412559,41.984216],[-111.413757,41.984216],[-111.414082,41.984394],[-111.414778,41.984403],[-111.414982,41.984502],[-111.415484,41.984493],[-111.415641,41.98441],[-111.415849,41.984729],[-111.416258,41.984867],[-111.417164,41.98548],[-111.417645,41.985513],[-111.417944,41.985681],[-111.418479,41.98579],[-111.418938,41.986136],[-111.419454,41.986228],[-111.420171,41.986156],[-111.42033,41.986071],[-111.421258,41.986063],[-111.421449,41.985913],[-111.421813,41.985881],[-111.422856,41.985479],[-111.423338,41.985209],[-111.423848,41.984586],[-111.424535,41.984251],[-111.424829,41.983927],[-111.424839,41.983971],[-111.424925,41.98396],[-111.424867,41.983995],[-111.424865,41.983997],[-111.424717,41.984097],[-111.424711,41.984102],[-111.424656,41.984152],[-111.424653,41.984154],[-111.42465,41.984158],[-111.424576,41.984252],[-111.424572,41.984258],[-111.424379,41.984599],[-111.424317,41.984635],[-111.424311,41.984639],[-111.424212,41.984711],[-111.424206,41.984716],[-111.424064,41.984856],[-111.424061,41.984859],[-111.424058,41.984862],[-111.424053,41.98487],[-111.424106,41.984891],[-111.424061,41.984928],[-111.424058,41.984961]]]}},{"type":"Feature","properties":{"id":"excl-b-196","kind":"exclusion","name":"Creek exclusion zone","acres":0.2,"editable":true,"source":"Mesic Analysis Platform + NWI (filtered rule, 2 Sep 2026)","strm_type":"Perennial","veg_pct":97.6},"geometry":{"type":"Polygon","coordinates":[[[-111.420668,41.986529],[-111.420694,41.986524],[-111.420697,41.986523],[-111.421554,41.986317],[-111.421815,41.986271],[-111.421627,41.98644],[-111.420668,41.986529]]]}},{"type":"Feature","properties":{"id":"excl-b-197","kind":"exclusion","name":"Creek exclusion zone","acres":2.3,"editable":true,"source":"Mesic Analysis Platform + NWI (filtered rule, 2 Sep 2026)","strm_type":"Perennial","veg_pct":93.8},"geometry":{"type":"Polygon","coordinates":[[[-111.412093,41.985977],[-111.41163,41.986347],[-111.41132,41.986351],[-111.411166,41.98644],[-111.410912,41.98644],[-111.410972,41.986434],[-111.410799,41.985572],[-111.410839,41.985567],[-111.412123,41.985477],[-111.412498,41.98546],[-111.41213,41.985834],[-111.412093,41.985977]]]}},{"type":"Feature","properties":{"id":"excl-b-198","kind":"exclusion","name":"Creek exclusion zone","acres":7.9,"editable":true,"source":"Mesic Analysis Platform + NWI (filtered rule, 2 Sep 2026)","strm_type":"Perennial","veg_pct":94.1},"geometry":{"type":"Polygon","coordinates":[[[-111.410627,41.986387],[-111.410552,41.986336],[-111.410525,41.98631],[-111.410567,41.986284],[-111.410571,41.986281],[-111.410575,41.986278],[-111.410579,41.986274],[-111.410582,41.98627],[-111.410585,41.986266],[-111.410587,41.986262],[-111.410588,41.986258],[-111.410589,41.986254],[-111.410595,41.986208],[-111.410595,41.986204],[-111.410594,41.986199],[-111.410593,41.986194],[-111.410482,41.985825],[-111.41048,41.985819],[-111.41042,41.985702],[-111.410418,41.985699],[-111.410415,41.985695],[-111.410412,41.985692],[-111.410409,41.985689],[-111.410314,41.985608],[-111.410311,41.985605],[-111.410307,41.985603],[-111.410302,41.9856],[-111.410298,41.985598],[-111.410242,41.985576],[-111.410236,41.985574],[-111.41023,41.985572],[-111.410223,41.985571],[-111.410152,41.985562],[-111.410142,41.985607],[-111.410133,41.985562],[-111.409973,41.985581],[-111.409968,41.985582],[-111.409962,41.985583],[-111.409957,41.985585],[-111.409718,41.98567],[-111.40957,41.985714],[-111.40925,41.985768],[-111.409138,41.985781],[-111.409147,41.985826],[-111.40899,41.985705],[-111.408665,41.985696],[-111.408215,41.985264],[-111.408135,41.985259],[-111.408194,41.98525],[-111.408191,41.98524],[-111.408194,41.985069],[-111.408073,41.985068],[-111.408071,41.985244],[-111.408071,41.985249],[-111.408072,41.985254],[-111.407831,41.985237],[-111.407409,41.984963],[-111.406814,41.984956],[-111.406796,41.984935],[-111.406831,41.98492],[-111.406921,41.984893],[-111.406995,41.984884],[-111.407077,41.984884],[-111.407175,41.984893],[-111.407176,41.984893],[-111.407259,41.984897],[-111.407418,41.984923],[-111.407578,41.984958],[-111.407754,41.984994],[-111.407755,41.984994],[-111.407854,41.985007],[-111.407855,41.985007],[-111.407947,41.985011],[-111.408,41.985016],[-111.408001,41.985016],[-111.408002,41.985016],[-111.408093,41.985011],[-111.408095,41.985011],[-111.408096,41.985011],[-111.408097,41.98501],[-111.408098,41.98501],[-111.408099,41.985009],[-111.4081,41.985009],[-111.408138,41.984986],[-111.408139,41.984986],[-111.408192,41.98495],[-111.408193,41.984949],[-111.408246,41.984904],[-111.408247,41.984903],[-111.408248,41.984902],[-111.408279,41.984862],[-111.408279,41.984861],[-111.40828,41.98486],[-111.40828,41.984859],[-111.40828,41.984858],[-111.40828,41.984857],[-111.40828,41.984856],[-111.40828,41.984855],[-111.408279,41.984854],[-111.408279,41.984853],[-111.408278,41.984852],[-111.408277,41.984851],[-111.408276,41.984851],[-111.408246,41.984828],[-111.408245,41.984828],[-111.408244,41.984827],[-111.408243,41.984827],[-111.408242,41.984826],[-111.408241,41.984826],[-111.40824,41.984826],[-111.408239,41.984826],[-111.408237,41.984826],[-111.408192,41.984826],[-111.408131,41.984826],[-111.40813,41.984826],[-111.408128,41.984826],[-111.408127,41.984826],[-111.40806,41.98484],[-111.407978,41.984849],[-111.407927,41.984845],[-111.407845,41.984823],[-111.407716,41.984788],[-111.407587,41.984739],[-111.407586,41.984739],[-111.407511,41.984712],[-111.407428,41.984668],[-111.407427,41.984668],[-111.407426,41.984667],[-111.407425,41.984667],[-111.407424,41.984667],[-111.407355,41.984654],[-111.407354,41.984653],[-111.407353,41.984653],[-111.407352,41.984653],[-111.407207,41.984654],[-111.407206,41.984654],[-111.407084,41.984663],[-111.406963,41.984668],[-111.406841,41.984669],[-111.406788,41.984669],[-111.406787,41.984669],[-111.406711,41.984674],[-111.406643,41.984678],[-111.40662,41.984677],[-111.406625,41.984551],[-111.406712,41.984538],[-111.40684,41.984547],[-111.406916,41.984556],[-111.406917,41.984556],[-111.406993,41.984555],[-111.407054,41.98456],[-111.407055,41.98456],[-111.407056,41.98456],[-111.407057,41.98456],[-111.407058,41.984559],[-111.407119,41.984546],[-111.40712,41.984545],[-111.407121,41.984545],[-111.407122,41.984545],[-111.407123,41.984544],[-111.407162,41.984521],[-111.407163,41.984521],[-111.407163,41.98452],[-111.407164,41.98452],[-111.407165,41.984519],[-111.407165,41.984518],[-111.407166,41.984517],[-111.407166,41.984516],[-111.407166,41.984515],[-111.407168,41.984497],[-111.407272,41.984496],[-111.407896,41.984734],[-111.408333,41.984461],[-111.408378,41.984505],[-111.408475,41.984451],[-111.408428,41.984405],[-111.40838,41.984432],[-111.408575,41.984309],[-111.408896,41.984301],[-111.409041,41.984216],[-111.409404,41.984216],[-111.409534,41.984455],[-111.409814,41.984618],[-111.409991,41.984569],[-111.410145,41.984403],[-111.410395,41.984403],[-111.410338,41.984419],[-111.410424,41.984591],[-111.410501,41.984803],[-111.410599,41.985201],[-111.410671,41.985541],[-111.410851,41.98644],[-111.410562,41.98644],[-111.410627,41.986387]]]}},{"type":"Feature","properties":{"id":"excl-b-199","kind":"exclusion","name":"Creek exclusion zone","acres":0.8,"editable":true,"source":"Mesic Analysis Platform + NWI (filtered rule, 2 Sep 2026)","strm_type":"Perennial","veg_pct":94.1},"geometry":{"type":"Polygon","coordinates":[[[-111.410281,41.986354],[-111.410056,41.986347],[-111.409499,41.985907],[-111.409222,41.985883],[-111.409199,41.985865],[-111.40927,41.985857],[-111.409274,41.985856],[-111.409601,41.985801],[-111.409605,41.9858],[-111.40961,41.985799],[-111.409764,41.985754],[-111.409768,41.985752],[-111.410001,41.985669],[-111.410085,41.985659],[-111.410088,41.985699],[-111.410089,41.985703],[-111.410123,41.985895],[-111.410123,41.985899],[-111.410124,41.985902],[-111.410205,41.98611],[-111.410207,41.986113],[-111.410209,41.986116],[-111.410267,41.98621],[-111.410271,41.986214],[-111.410274,41.986218],[-111.410364,41.986304],[-111.410365,41.986305],[-111.410461,41.986395],[-111.410464,41.986397],[-111.410467,41.9864],[-111.410526,41.98644],[-111.410426,41.98644],[-111.410281,41.986354]]]}},{"type":"Feature","properties":{"id":"excl-b-200","kind":"exclusion","name":"Creek exclusion zone","acres":0.8,"editable":true,"source":"Mesic Analysis Platform + NWI (filtered rule, 2 Sep 2026)","strm_type":"Ephemeral","veg_pct":97.6},"geometry":{"type":"Polygon","coordinates":[[[-111.425467,41.983353],[-111.425792,41.983012],[-111.425984,41.98297],[-111.426075,41.983073],[-111.425979,41.983292],[-111.42547,41.983751],[-111.425416,41.983694],[-111.425085,41.983868],[-111.424928,41.983869],[-111.424923,41.983869],[-111.424918,41.983869],[-111.424876,41.983875],[-111.425239,41.983476],[-111.425467,41.983353]]]}},{"type":"Feature","properties":{"id":"excl-b-201","kind":"exclusion","name":"Creek exclusion zone","acres":1.7,"editable":true,"source":"Mesic Analysis Platform + NWI (filtered rule, 2 Sep 2026)","strm_type":"Ephemeral","veg_pct":94.1},"geometry":{"type":"Polygon","coordinates":[[[-111.407594,42.097753],[-111.407538,42.09771],[-111.407579,42.097521],[-111.407597,42.097564],[-111.40778,42.09752],[-111.407781,42.09752],[-111.40924,42.097149],[-111.409719,42.097042],[-111.410163,42.096965],[-111.410164,42.096965],[-111.410414,42.096916],[-111.410416,42.096915],[-111.410634,42.096866],[-111.41064,42.096865],[-111.410645,42.096863],[-111.410732,42.09683],[-111.410755,42.09691],[-111.410671,42.097081],[-111.410003,42.097276],[-111.409237,42.097378],[-111.407594,42.097753]]]}},{"type":"Feature","properties":{"id":"excl-b-202","kind":"exclusion","name":"Creek exclusion zone","acres":0.4,"editable":true,"source":"Mesic Analysis Platform + NWI (filtered rule, 2 Sep 2026)","strm_type":"Ephemeral","veg_pct":93.9},"geometry":{"type":"Polygon","coordinates":[[[-111.407572,41.91847],[-111.407453,41.918438],[-111.407456,41.918372],[-111.40874,41.918377],[-111.408855,41.918442],[-111.408845,41.918544],[-111.408575,41.918564],[-111.408391,41.918478],[-111.407572,41.91847]]]}},{"type":"Feature","properties":{"id":"excl-b-203","kind":"exclusion","name":"Creek exclusion zone","acres":0.9,"editable":true,"source":"Mesic Analysis Platform + NWI (filtered rule, 2 Sep 2026)","strm_type":"Ephemeral","veg_pct":97.6},"geometry":{"type":"Polygon","coordinates":[[[-111.407554,41.914582],[-111.408043,41.914361],[-111.408201,41.914212],[-111.40848,41.914154],[-111.408495,41.914395],[-111.408154,41.914728],[-111.408114,41.914694],[-111.408094,41.914707],[-111.407753,41.914911],[-111.407622,41.914972],[-111.407655,41.91501],[-111.407422,41.914764],[-111.407554,41.914582]]]}},{"type":"Feature","properties":{"id":"excl-b-204","kind":"exclusion","name":"Creek exclusion zone","acres":0.8,"editable":true,"source":"Mesic Analysis Platform + NWI (filtered rule, 2 Sep 2026)","strm_type":"Ephemeral","veg_pct":96.6},"geometry":{"type":"Polygon","coordinates":[[[-111.408385,42.044208],[-111.409601,42.044222],[-111.409738,42.044429],[-111.409623,42.044498],[-111.408665,42.044498],[-111.408482,42.044409],[-111.408385,42.044208]]]}},{"type":"Feature","properties":{"id":"excl-b-205","kind":"exclusion","name":"Creek exclusion zone","acres":1.2,"editable":true,"source":"Mesic Analysis Platform + NWI (filtered rule, 2 Sep 2026)","strm_type":"Ephemeral","veg_pct":93.7},"geometry":{"type":"Polygon","coordinates":[[[-111.408946,41.963566],[-111.409405,41.963289],[-111.409593,41.963266],[-111.410332,41.962919],[-111.410888,41.962882],[-111.410702,41.963102],[-111.408833,41.963835],[-111.40879,41.963749],[-111.408946,41.963566]]]}},{"type":"Feature","properties":{"id":"excl-b-206","kind":"exclusion","name":"Creek exclusion zone","acres":0.6,"editable":true,"source":"Mesic Analysis Platform + NWI (filtered rule, 2 Sep 2026)","strm_type":"Ephemeral","veg_pct":92.7},"geometry":{"type":"Polygon","coordinates":[[[-111.408534,41.906768],[-111.408495,41.906655],[-111.409405,41.906338],[-111.409718,41.906299],[-111.409747,41.906396],[-111.409498,41.906618],[-111.40909,41.906625],[-111.408758,41.906801],[-111.408534,41.906768]]]}},{"type":"Feature","properties":{"id":"excl-b-207","kind":"exclusion","name":"Creek exclusion zone","acres":1.0,"editable":true,"source":"Mesic Analysis Platform + NWI (filtered rule, 2 Sep 2026)","strm_type":"Ephemeral","veg_pct":86.3},"geometry":{"type":"Polygon","coordinates":[[[-111.409106,41.934057],[-111.409316,41.933748],[-111.409911,41.933651],[-111.410056,41.933565],[-111.410216,41.933565],[-111.410368,41.933677],[-111.410145,41.933935],[-111.409404,41.934211],[-111.409258,41.934211],[-111.409106,41.934057]]]}},{"type":"Feature","properties":{"id":"excl-b-208","kind":"exclusion","name":"Creek exclusion zone","acres":4.3,"editable":true,"source":"Mesic Analysis Platform + NWI (filtered rule, 2 Sep 2026)","strm_type":"Ephemeral","veg_pct":97.5},"geometry":{"type":"Polygon","coordinates":[[[-111.414949,41.911383],[-111.414936,41.911339],[-111.414751,41.911372],[-111.414588,41.911386],[-111.414419,41.911391],[-111.414414,41.911392],[-111.41441,41.911392],[-111.414227,41.911419],[-111.41422,41.91142],[-111.414213,41.911422],[-111.414027,41.911486],[-111.414021,41.911488],[-111.413827,41.911572],[-111.413821,41.911575],[-111.413645,41.911673],[-111.41364,41.911676],[-111.413346,41.911883],[-111.413229,41.911945],[-111.413097,41.911986],[-111.413091,41.911988],[-111.412915,41.912061],[-111.41291,41.912063],[-111.41279,41.912124],[-111.412824,41.912161],[-111.412625,41.912203],[-111.4125,41.912326],[-111.412466,41.912288],[-111.41233,41.912358],[-111.411902,41.912546],[-111.411896,41.912549],[-111.411704,41.912658],[-111.411699,41.912662],[-111.411292,41.912952],[-111.411334,41.912985],[-111.410771,41.913225],[-111.41074,41.913255],[-111.410712,41.913215],[-111.410622,41.913251],[-111.410618,41.913253],[-111.410398,41.913357],[-111.410397,41.913358],[-111.41026,41.913426],[-111.410294,41.913464],[-111.410091,41.913457],[-111.409726,41.913803],[-111.409687,41.913769],[-111.409613,41.913814],[-111.409547,41.913846],[-111.40958,41.913884],[-111.409471,41.913927],[-111.409472,41.913924],[-111.409472,41.91392],[-111.409473,41.913916],[-111.409473,41.913912],[-111.409469,41.913866],[-111.409468,41.913862],[-111.409467,41.913859],[-111.409446,41.913791],[-111.409445,41.913787],[-111.409443,41.913784],[-111.409441,41.91378],[-111.409408,41.913734],[-111.409404,41.91373],[-111.4094,41.913725],[-111.409337,41.913673],[-111.409332,41.91367],[-111.409328,41.913668],[-111.409323,41.913665],[-111.409318,41.913663],[-111.409313,41.913661],[-111.409307,41.91366],[-111.409244,41.913648],[-111.409316,41.913561],[-111.410264,41.913157],[-111.410609,41.912915],[-111.410817,41.912882],[-111.41163,41.912357],[-111.413204,41.911617],[-111.413935,41.911415],[-111.414221,41.911247],[-111.41454,41.91124],[-111.415888,41.910877],[-111.416043,41.911102],[-111.41571,41.911173],[-111.415546,41.911269],[-111.415528,41.911226],[-111.415367,41.911264],[-111.415151,41.911302],[-111.415164,41.911346],[-111.415005,41.911349],[-111.414949,41.911383]]]}},{"type":"Feature","properties":{"id":"excl-b-209","kind":"exclusion","name":"Creek exclusion zone","acres":0.1,"editable":true,"source":"Mesic Analysis Platform + NWI (filtered rule, 2 Sep 2026)","strm_type":"Ephemeral","veg_pct":97.6},"geometry":{"type":"Polygon","coordinates":[[[-111.414037,41.91171],[-111.413756,41.911734],[-111.413553,41.911861],[-111.41372,41.911744],[-111.41389,41.911649],[-111.414079,41.911567],[-111.414257,41.911506],[-111.414428,41.911481],[-111.414595,41.911476],[-111.4146,41.911476],[-111.414645,41.911472],[-111.414229,41.911543],[-111.414037,41.91171]]]}},{"type":"Feature","properties":{"id":"excl-b-210","kind":"exclusion","name":"Creek exclusion zone","acres":0.6,"editable":true,"source":"Mesic Analysis Platform + NWI (filtered rule, 2 Sep 2026)","strm_type":"Ephemeral","veg_pct":95.8},"geometry":{"type":"Polygon","coordinates":[[[-111.41089,41.905878],[-111.411771,41.905741],[-111.411805,41.905893],[-111.410889,41.906154],[-111.410518,41.906141],[-111.410609,41.905968],[-111.41089,41.905878]]]}},{"type":"Feature","properties":{"id":"excl-b-211","kind":"exclusion","name":"Creek exclusion zone","acres":1.3,"editable":true,"source":"Mesic Analysis Platform + NWI (filtered rule, 2 Sep 2026)","strm_type":"Ephemeral","veg_pct":97.0},"geometry":{"type":"Polygon","coordinates":[[[-111.413434,41.917831],[-111.413293,41.917913],[-111.412902,41.917917],[-111.41274,41.918007],[-111.412339,41.918012],[-111.412183,41.9181],[-111.411886,41.918096],[-111.411873,41.91799],[-111.412,41.917913],[-111.412391,41.917909],[-111.412553,41.917824],[-111.413436,41.917722],[-111.413574,41.917637],[-111.413964,41.91763],[-111.415136,41.917322],[-111.415282,41.917305],[-111.41532,41.917399],[-111.414778,41.917637],[-111.413995,41.917737],[-111.41385,41.917824],[-111.413434,41.917831]]]}},{"type":"Feature","properties":{"id":"excl-b-212","kind":"exclusion","name":"Creek exclusion zone","acres":1.0,"editable":true,"source":"Mesic Analysis Platform + NWI (filtered rule, 2 Sep 2026)","strm_type":"Ephemeral","veg_pct":89.4},"geometry":{"type":"Polygon","coordinates":[[[-111.412553,41.8956],[-111.411846,41.89582],[-111.411799,41.895715],[-111.411906,41.8956],[-111.412111,41.895567],[-111.413293,41.894855],[-111.413824,41.894725],[-111.413792,41.894949],[-111.413583,41.894968],[-111.412991,41.89526],[-111.412553,41.8956]]]}},{"type":"Feature","properties":{"id":"excl-b-213","kind":"exclusion","name":"Creek exclusion zone","acres":1.3,"editable":true,"source":"Mesic Analysis Platform + NWI (filtered rule, 2 Sep 2026)","strm_type":"Ephemeral","veg_pct":95.5},"geometry":{"type":"Polygon","coordinates":[[[-111.416907,41.889211],[-111.416722,41.889299],[-111.416396,41.889308],[-111.415701,41.889669],[-111.415522,41.889698],[-111.415564,41.889666],[-111.415323,41.889492],[-111.415331,41.889487],[-111.415578,41.889474],[-111.416441,41.889117],[-111.417181,41.889023],[-111.418667,41.888995],[-111.418608,41.889002],[-111.41861,41.889011],[-111.418612,41.889123],[-111.417737,41.889134],[-111.417556,41.88921],[-111.416907,41.889211]]]}},{"type":"Feature","properties":{"id":"excl-b-214","kind":"exclusion","name":"Creek exclusion zone","acres":1.3,"editable":true,"source":"Mesic Analysis Platform + NWI (filtered rule, 2 Sep 2026)","strm_type":"Ephemeral","veg_pct":91.6},"geometry":{"type":"Polygon","coordinates":[[[-111.415075,41.889872],[-111.414408,41.890133],[-111.413663,41.890133],[-111.413242,41.889957],[-111.412923,41.88995],[-111.412668,41.889749],[-111.412684,41.889655],[-111.413016,41.88967],[-111.413616,41.889938],[-111.414217,41.889947],[-111.414763,41.889834],[-111.415276,41.88952],[-111.415234,41.889553],[-111.415472,41.889725],[-111.415331,41.889856],[-111.415075,41.889872]]]}},{"type":"Feature","properties":{"id":"excl-b-215","kind":"exclusion","name":"Creek exclusion zone","acres":0.2,"editable":true,"source":"Mesic Analysis Platform + NWI (filtered rule, 2 Sep 2026)","strm_type":"Ephemeral","veg_pct":96.2},"geometry":{"type":"Polygon","coordinates":[[[-111.418949,41.888929],[-111.419125,41.888929],[-111.419217,41.889039],[-111.419125,41.889116],[-111.418732,41.889121],[-111.41873,41.889007],[-111.418729,41.889001],[-111.418728,41.888994],[-111.418778,41.888993],[-111.418949,41.888929]]]}},{"type":"Feature","properties":{"id":"excl-b-216","kind":"exclusion","name":"Creek exclusion zone","acres":0.9,"editable":true,"source":"Mesic Analysis Platform + NWI (filtered rule, 2 Sep 2026)","strm_type":"Ephemeral","veg_pct":97.6},"geometry":{"type":"Polygon","coordinates":[[[-111.414037,42.043851],[-111.413858,42.043723],[-111.413944,42.043388],[-111.414589,42.043387],[-111.414778,42.043294],[-111.415059,42.043294],[-111.415179,42.043455],[-111.415059,42.043575],[-111.414507,42.043595],[-111.414314,42.043758],[-111.414037,42.043851]]]}},{"type":"Feature","properties":{"id":"excl-b-217","kind":"exclusion","name":"Creek exclusion zone","acres":0.7,"editable":true,"source":"Mesic Analysis Platform + NWI (filtered rule, 2 Sep 2026)","strm_type":"Ephemeral","veg_pct":93.4},"geometry":{"type":"Polygon","coordinates":[[[-111.413757,41.961528],[-111.414127,41.961251],[-111.414644,41.961316],[-111.414568,41.961438],[-111.41385,41.961808],[-111.413533,41.961835],[-111.413757,41.961528]]]}},{"type":"Feature","properties":{"id":"excl-b-218","kind":"exclusion","name":"Creek exclusion zone","acres":1.6,"editable":true,"source":"Mesic Analysis Platform + NWI (filtered rule, 2 Sep 2026)","strm_type":"Ephemeral","veg_pct":96.8},"geometry":{"type":"Polygon","coordinates":[[[-111.414476,41.948939],[-111.414037,41.949122],[-111.413815,41.949122],[-111.413653,41.94901],[-111.413683,41.948936],[-111.413703,41.948979],[-111.413951,41.948912],[-111.414309,41.948845],[-111.41451,41.948824],[-111.41472,41.948821],[-111.414724,41.948821],[-111.414729,41.948821],[-111.414915,41.948796],[-111.415433,41.94877],[-111.415436,41.94877],[-111.415839,41.948734],[-111.415942,41.948737],[-111.416029,41.948748],[-111.416263,41.948818],[-111.416271,41.94882],[-111.416439,41.948851],[-111.416446,41.948852],[-111.416453,41.948852],[-111.416548,41.948853],[-111.417165,41.948934],[-111.417172,41.948935],[-111.417502,41.948951],[-111.418002,41.949011],[-111.418006,41.949011],[-111.418011,41.949011],[-111.418123,41.949012],[-111.418137,41.949014],[-111.418142,41.949018],[-111.418155,41.949046],[-111.418162,41.949099],[-111.416722,41.949122],[-111.415798,41.948858],[-111.415331,41.948935],[-111.414476,41.948939]]]}},{"type":"Feature","properties":{"id":"excl-b-219","kind":"exclusion","name":"Creek exclusion zone","acres":0.8,"editable":true,"source":"Mesic Analysis Platform + NWI (filtered rule, 2 Sep 2026)","strm_type":"Ephemeral","veg_pct":97.6},"geometry":{"type":"Polygon","coordinates":[[[-111.416425,41.948749],[-111.417092,41.948753],[-111.417275,41.948841],[-111.418942,41.948842],[-111.419087,41.948928],[-111.419424,41.948935],[-111.419569,41.949077],[-111.418223,41.949099],[-111.418283,41.949094],[-111.418274,41.949032],[-111.418273,41.949027],[-111.418271,41.949022],[-111.418252,41.94898],[-111.418249,41.948975],[-111.418246,41.948971],[-111.418243,41.948967],[-111.418239,41.948964],[-111.418214,41.948943],[-111.418209,41.94894],[-111.418205,41.948937],[-111.4182,41.948935],[-111.418195,41.948933],[-111.418189,41.948931],[-111.418184,41.94893],[-111.418145,41.948923],[-111.418138,41.948922],[-111.418131,41.948922],[-111.418016,41.948921],[-111.417518,41.948862],[-111.417513,41.948862],[-111.417183,41.948845],[-111.416564,41.948764],[-111.41656,41.948764],[-111.416555,41.948763],[-111.416462,41.948762],[-111.416304,41.948733],[-111.416068,41.948662],[-111.416062,41.948661],[-111.416055,41.94866],[-111.416049,41.948659],[-111.416252,41.948659],[-111.416425,41.948749]]]}},{"type":"Feature","properties":{"id":"excl-b-220","kind":"exclusion","name":"Creek exclusion zone","acres":0.5,"editable":true,"source":"Mesic Analysis Platform + NWI (filtered rule, 2 Sep 2026)","strm_type":"Ephemeral","veg_pct":94.7},"geometry":{"type":"Polygon","coordinates":[[[-111.414033,41.905161],[-111.413757,41.905321],[-111.413578,41.905314],[-111.413547,41.905208],[-111.413851,41.905044],[-111.414083,41.905036],[-111.414591,41.904857],[-111.414796,41.904866],[-111.41472,41.905044],[-111.414452,41.905053],[-111.414314,41.905138],[-111.414033,41.905161]]]}},{"type":"Feature","properties":{"id":"excl-b-221","kind":"exclusion","name":"Creek exclusion zone","acres":1.1,"editable":true,"source":"Mesic Analysis Platform + NWI (filtered rule, 2 Sep 2026)","strm_type":"Ephemeral","veg_pct":89.9},"geometry":{"type":"Polygon","coordinates":[[[-111.414631,41.885237],[-111.414497,41.885317],[-111.413463,41.885291],[-111.413543,41.885143],[-111.414635,41.88504],[-111.415798,41.884793],[-111.415851,41.884904],[-111.415701,41.885041],[-111.415099,41.885143],[-111.41496,41.885228],[-111.414631,41.885237]]]}},{"type":"Feature","properties":{"id":"excl-b-222","kind":"exclusion","name":"Creek exclusion zone","acres":0.6,"editable":true,"source":"Mesic Analysis Platform + NWI (filtered rule, 2 Sep 2026)","strm_type":"Ephemeral","veg_pct":92.2},"geometry":{"type":"Polygon","coordinates":[[[-111.414127,41.931804],[-111.414601,41.931686],[-111.414778,41.931527],[-111.414925,41.931501],[-111.414976,41.931589],[-111.414778,41.931803],[-111.413938,41.932219],[-111.413806,41.932043],[-111.414127,41.931804]]]}},{"type":"Feature","properties":{"id":"excl-b-223","kind":"exclusion","name":"Creek exclusion zone","acres":0.5,"editable":true,"source":"Mesic Analysis Platform + NWI (filtered rule, 2 Sep 2026)","strm_type":"Ephemeral","veg_pct":97.6},"geometry":{"type":"Polygon","coordinates":[[[-111.416174,42.111855],[-111.416351,42.111775],[-111.41632,42.111736],[-111.416354,42.111732],[-111.416378,42.11171],[-111.41641,42.111748],[-111.416417,42.111745],[-111.416595,42.111686],[-111.41671,42.111656],[-111.416897,42.111638],[-111.416899,42.111637],[-111.417031,42.111621],[-111.417021,42.111577],[-111.41723,42.111577],[-111.417353,42.111697],[-111.416148,42.112031],[-111.416086,42.111996],[-111.416143,42.111817],[-111.416174,42.111855]]]}},{"type":"Feature","properties":{"id":"excl-b-224","kind":"exclusion","name":"Creek exclusion zone","acres":1.6,"editable":true,"source":"Mesic Analysis Platform + NWI (filtered rule, 2 Sep 2026)","strm_type":"Ephemeral","veg_pct":96.9},"geometry":{"type":"Polygon","coordinates":[[[-111.416211,41.921388],[-111.415982,41.921619],[-111.415784,41.921646],[-111.415607,41.921806],[-111.415103,41.922009],[-111.415051,41.921929],[-111.415237,41.921713],[-111.415842,41.921386],[-111.417462,41.920228],[-111.417738,41.920228],[-111.417556,41.920508],[-111.417049,41.920736],[-111.416628,41.921155],[-111.416211,41.921388]]]}},{"type":"Feature","properties":{"id":"excl-b-225","kind":"exclusion","name":"Creek exclusion zone","acres":0.7,"editable":true,"source":"Mesic Analysis Platform + NWI (filtered rule, 2 Sep 2026)","strm_type":"Ephemeral","veg_pct":92.4},"geometry":{"type":"Polygon","coordinates":[[[-111.415551,41.893712],[-111.415311,41.893794],[-111.415256,41.893654],[-111.415367,41.893472],[-111.415999,41.893473],[-111.416207,41.893583],[-111.416513,41.893579],[-111.416517,41.893845],[-111.416258,41.893838],[-111.416096,41.893749],[-111.415551,41.893712]]]}},{"type":"Feature","properties":{"id":"excl-b-226","kind":"exclusion","name":"Creek exclusion zone","acres":3.6,"editable":true,"source":"Mesic Analysis Platform + NWI (filtered rule, 2 Sep 2026)","strm_type":"Ephemeral","veg_pct":96.5},"geometry":{"type":"Polygon","coordinates":[[[-111.419475,41.929523],[-111.419313,41.929676],[-111.418838,41.929793],[-111.418666,41.929953],[-111.417838,41.93016],[-111.417181,41.93051],[-111.416973,41.930544],[-111.416352,41.931063],[-111.416091,41.931079],[-111.415794,41.93125],[-111.415643,41.93119],[-111.415701,41.93097],[-111.415982,41.930787],[-111.417739,41.929953],[-111.417964,41.929946],[-111.418582,41.929741],[-111.419365,41.929341],[-111.419683,41.929026],[-111.419964,41.929002],[-111.42033,41.928749],[-111.420649,41.928742],[-111.421369,41.928516],[-111.421434,41.928642],[-111.421337,41.928749],[-111.420703,41.928866],[-111.420517,41.929025],[-111.419475,41.929523]]]}},{"type":"Feature","properties":{"id":"excl-b-227","kind":"exclusion","name":"Creek exclusion zone","acres":0.6,"editable":true,"source":"Mesic Analysis Platform + NWI (filtered rule, 2 Sep 2026)","strm_type":"Ephemeral","veg_pct":95.2},"geometry":{"type":"Polygon","coordinates":[[[-111.416362,42.013117],[-111.416495,42.012924],[-111.416716,42.012923],[-111.416909,42.013016],[-111.417556,42.013017],[-111.417744,42.013192],[-111.417187,42.0132],[-111.416397,42.01317],[-111.416362,42.013117]]]}},{"type":"Feature","properties":{"id":"excl-b-228","kind":"exclusion","name":"Creek exclusion zone","acres":0.4,"editable":true,"source":"Mesic Analysis Platform + NWI (filtered rule, 2 Sep 2026)","strm_type":"Ephemeral","veg_pct":96.6},"geometry":{"type":"Polygon","coordinates":[[[-111.416496,41.917274],[-111.416352,41.91736],[-111.416169,41.917303],[-111.416156,41.91721],[-111.416811,41.91708],[-111.417556,41.91708],[-111.417556,41.917173],[-111.417069,41.917183],[-111.416905,41.917266],[-111.416496,41.917274]]]}},{"type":"Feature","properties":{"id":"excl-b-229","kind":"exclusion","name":"Creek exclusion zone","acres":1.3,"editable":true,"source":"Mesic Analysis Platform + NWI (filtered rule, 2 Sep 2026)","strm_type":"Ephemeral","veg_pct":87.6},"geometry":{"type":"Polygon","coordinates":[[[-111.428077,41.909745],[-111.428127,41.90977],[-111.428185,41.909706],[-111.428188,41.909702],[-111.428191,41.909698],[-111.428193,41.909694],[-111.428194,41.909689],[-111.428195,41.909685],[-111.428203,41.909613],[-111.428366,41.909665],[-111.429221,41.909767],[-111.42941,41.909859],[-111.429867,41.909767],[-111.430146,41.909948],[-111.430937,41.909923],[-111.43095,41.910058],[-111.430334,41.910226],[-111.429442,41.909956],[-111.428294,41.90986],[-111.428077,41.909745]]]}},{"type":"Feature","properties":{"id":"excl-b-230","kind":"exclusion","name":"Creek exclusion zone","acres":9.3,"editable":true,"source":"Mesic Analysis Platform + NWI (filtered rule, 2 Sep 2026)","strm_type":"Ephemeral","veg_pct":93.1},"geometry":{"type":"Polygon","coordinates":[[[-111.427593,41.909673],[-111.427626,41.909636],[-111.427524,41.909584],[-111.427407,41.909503],[-111.427402,41.9095],[-111.427397,41.909498],[-111.427244,41.909428],[-111.427239,41.909426],[-111.427233,41.909424],[-111.427228,41.909423],[-111.427222,41.909422],[-111.427045,41.909401],[-111.427036,41.9094],[-111.426865,41.909398],[-111.426685,41.909364],[-111.426504,41.909318],[-111.426498,41.909317],[-111.426311,41.909285],[-111.426305,41.909285],[-111.4263,41.909284],[-111.426115,41.90928],[-111.42611,41.90928],[-111.426105,41.90928],[-111.4261,41.909281],[-111.425945,41.909306],[-111.425939,41.909308],[-111.425934,41.909309],[-111.425775,41.909359],[-111.425771,41.909361],[-111.425767,41.909362],[-111.425559,41.909459],[-111.42559,41.909497],[-111.425057,41.909696],[-111.424869,41.90986],[-111.424333,41.909964],[-111.424203,41.910025],[-111.424182,41.909982],[-111.424144,41.909993],[-111.42414,41.909994],[-111.424136,41.909996],[-111.423976,41.910061],[-111.423973,41.910062],[-111.423677,41.9102],[-111.423469,41.910269],[-111.423466,41.91027],[-111.423359,41.910311],[-111.423387,41.910351],[-111.422954,41.910426],[-111.422363,41.910687],[-111.42239,41.910914],[-111.422864,41.911376],[-111.423018,41.911434],[-111.423388,41.911894],[-111.423408,41.911969],[-111.423399,41.911964],[-111.423194,41.911818],[-111.423191,41.911815],[-111.423187,41.911813],[-111.423182,41.911811],[-111.423063,41.911761],[-111.423058,41.911759],[-111.423052,41.911758],[-111.42246,41.911608],[-111.422143,41.911511],[-111.422135,41.911509],[-111.421954,41.911473],[-111.421946,41.911471],[-111.42132,41.911415],[-111.421312,41.911415],[-111.421139,41.911415],[-111.421132,41.911416],[-111.421042,41.911424],[-111.421049,41.911468],[-111.42098,41.911435],[-111.420859,41.911473],[-111.42086,41.911428],[-111.420802,41.911428],[-111.420624,41.91141],[-111.420334,41.911352],[-111.420075,41.911277],[-111.420069,41.911275],[-111.419964,41.911254],[-111.419948,41.911297],[-111.419864,41.911248],[-111.419292,41.91125],[-111.419125,41.91134],[-111.418641,41.911344],[-111.418422,41.911421],[-111.418448,41.911381],[-111.418274,41.911317],[-111.418248,41.911358],[-111.418223,41.911344],[-111.418205,41.911342],[-111.418231,41.911302],[-111.418111,41.911258],[-111.418106,41.911256],[-111.4181,41.911255],[-111.417927,41.911222],[-111.417921,41.911221],[-111.417527,41.911178],[-111.417314,41.911144],[-111.417302,41.911188],[-111.417186,41.911087],[-111.416911,41.911048],[-111.416926,41.910957],[-111.417175,41.910877],[-111.417688,41.911049],[-111.418444,41.911153],[-111.419015,41.91115],[-111.419595,41.91097],[-111.420541,41.911149],[-111.421074,41.910877],[-111.423099,41.910211],[-111.423478,41.909949],[-111.423814,41.90994],[-111.424129,41.909767],[-111.424426,41.909763],[-111.424766,41.909653],[-111.42502,41.909439],[-111.425052,41.909303],[-111.425495,41.908957],[-111.425703,41.908005],[-111.425832,41.907863],[-111.426073,41.908094],[-111.425793,41.908903],[-111.426072,41.909186],[-111.427676,41.909309],[-111.427993,41.909546],[-111.428145,41.909595],[-111.428085,41.909591],[-111.428076,41.909665],[-111.428028,41.909719],[-111.427948,41.909677],[-111.427593,41.909673]]]}},{"type":"Feature","properties":{"id":"excl-b-231","kind":"exclusion","name":"Creek exclusion zone","acres":0.1,"editable":true,"source":"Mesic Analysis Platform + NWI (filtered rule, 2 Sep 2026)","strm_type":"Ephemeral","veg_pct":78.8},"geometry":{"type":"MultiPolygon","coordinates":[[[[-111.426855,41.909488],[-111.42703,41.90949],[-111.427191,41.90951],[-111.42733,41.909572],[-111.427418,41.909634],[-111.426931,41.909494],[-111.426855,41.909488]]],[[[-111.425908,41.909415],[-111.425976,41.909393],[-111.426119,41.90937],[-111.42629,41.909374],[-111.426468,41.909404],[-111.426649,41.90945],[-111.426654,41.909451],[-111.426842,41.909486],[-111.426849,41.909487],[-111.425908,41.909415]]]]}},{"type":"Feature","properties":{"id":"excl-b-232","kind":"exclusion","name":"Creek exclusion zone","acres":0.3,"editable":true,"source":"Mesic Analysis Platform + NWI (filtered rule, 2 Sep 2026)","strm_type":"Ephemeral","veg_pct":94.6},"geometry":{"type":"Polygon","coordinates":[[[-111.423284,41.912257],[-111.423108,41.912174],[-111.422876,41.911849],[-111.422602,41.911739],[-111.423009,41.911842],[-111.423117,41.911887],[-111.423317,41.91203],[-111.42332,41.912032],[-111.423388,41.912074],[-111.423426,41.912039],[-111.423443,41.912101],[-111.423284,41.912257]]]}},{"type":"Feature","properties":{"id":"excl-b-233","kind":"exclusion","name":"Creek exclusion zone","acres":1.8,"editable":true,"source":"Mesic Analysis Platform + NWI (filtered rule, 2 Sep 2026)","strm_type":"Ephemeral","veg_pct":85.8},"geometry":{"type":"Polygon","coordinates":[[[-111.436253,42.131389],[-111.436065,42.131482],[-111.43412,42.131576],[-111.433928,42.131665],[-111.432548,42.131665],[-111.432538,42.13166],[-111.432659,42.13162],[-111.432728,42.131608],[-111.43281,42.131604],[-111.432935,42.131613],[-111.43294,42.131613],[-111.433503,42.131621],[-111.43351,42.131621],[-111.433727,42.131605],[-111.433735,42.131604],[-111.433868,42.13158],[-111.433875,42.131578],[-111.434014,42.131539],[-111.434021,42.131537],[-111.434105,42.131504],[-111.434152,42.131491],[-111.434456,42.13148],[-111.434603,42.131484],[-111.434606,42.131484],[-111.434758,42.131483],[-111.434765,42.131483],[-111.434995,42.131461],[-111.434999,42.13146],[-111.435245,42.131424],[-111.435437,42.131416],[-111.435441,42.131416],[-111.435639,42.131398],[-111.435642,42.131397],[-111.435846,42.131372],[-111.43585,42.131372],[-111.43615,42.13132],[-111.436393,42.131301],[-111.436396,42.1313],[-111.436649,42.13127],[-111.436651,42.13127],[-111.437232,42.131181],[-111.437344,42.131167],[-111.437536,42.131164],[-111.43754,42.131164],[-111.437891,42.131142],[-111.437896,42.131141],[-111.437901,42.131141],[-111.438156,42.131091],[-111.438161,42.13109],[-111.438497,42.131003],[-111.438499,42.131002],[-111.438859,42.130899],[-111.438861,42.130898],[-111.438904,42.130884],[-111.43888,42.130843],[-111.438961,42.130944],[-111.438879,42.131165],[-111.439007,42.131338],[-111.438668,42.131281],[-111.437614,42.131296],[-111.437359,42.131388],[-111.436253,42.131389]]]}},{"type":"Feature","properties":{"id":"excl-b-234","kind":"exclusion","name":"Creek exclusion zone","acres":15.0,"editable":true,"source":"Mesic Analysis Platform + NWI (filtered rule, 2 Sep 2026)","strm_type":"Ephemeral","veg_pct":94.0},"geometry":{"type":"Polygon","coordinates":[[[-111.430198,42.131572],[-111.429396,42.131576],[-111.429129,42.131665],[-111.428937,42.131576],[-111.428008,42.131575],[-111.427836,42.131416],[-111.427277,42.131201],[-111.426985,42.131295],[-111.426321,42.131209],[-111.425974,42.131388],[-111.425694,42.131388],[-111.425446,42.131209],[-111.424401,42.131205],[-111.424238,42.131116],[-111.423661,42.131112],[-111.422733,42.130832],[-111.421602,42.130928],[-111.421435,42.131018],[-111.420927,42.131027],[-111.420789,42.131112],[-111.420373,42.131113],[-111.420392,42.13107],[-111.420378,42.131066],[-111.420371,42.131065],[-111.420164,42.131034],[-111.420158,42.131033],[-111.420152,42.131033],[-111.419964,42.131034],[-111.419959,42.131034],[-111.419954,42.131035],[-111.419788,42.131055],[-111.419784,42.131055],[-111.4197,42.13107],[-111.419714,42.131114],[-111.419288,42.131115],[-111.418855,42.13129],[-111.41885,42.131245],[-111.418773,42.131249],[-111.418777,42.131294],[-111.418666,42.131294],[-111.418625,42.131106],[-111.418501,42.131013],[-111.419121,42.130831],[-111.420708,42.130845],[-111.421024,42.130822],[-111.421159,42.130742],[-111.421951,42.130718],[-111.422546,42.130555],[-111.423052,42.130547],[-111.42338,42.130372],[-111.42403,42.130372],[-111.424165,42.130452],[-111.4244,42.130461],[-111.424605,42.130633],[-111.424835,42.130648],[-111.425417,42.130461],[-111.426152,42.130372],[-111.426621,42.130555],[-111.426843,42.130757],[-111.427028,42.130764],[-111.427268,42.130648],[-111.427413,42.130735],[-111.427638,42.130742],[-111.428334,42.131103],[-111.429123,42.131112],[-111.429312,42.131205],[-111.430139,42.131206],[-111.430323,42.131294],[-111.430874,42.131205],[-111.431063,42.131294],[-111.433194,42.131295],[-111.433332,42.13138],[-111.433628,42.131388],[-111.433841,42.131295],[-111.435744,42.131294],[-111.435623,42.131308],[-111.435429,42.131326],[-111.435234,42.131334],[-111.435225,42.131335],[-111.434977,42.131372],[-111.434753,42.131393],[-111.434606,42.131394],[-111.434458,42.13139],[-111.434453,42.13139],[-111.434136,42.131401],[-111.43413,42.131402],[-111.434123,42.131403],[-111.434117,42.131404],[-111.434058,42.131421],[-111.434052,42.131423],[-111.433968,42.131456],[-111.433836,42.131493],[-111.433711,42.131515],[-111.433502,42.131531],[-111.432944,42.131523],[-111.432817,42.131514],[-111.432812,42.131514],[-111.432807,42.131514],[-111.432715,42.131518],[-111.43271,42.131518],[-111.432705,42.131519],[-111.432625,42.131533],[-111.43262,42.131534],[-111.432614,42.131536],[-111.432448,42.131592],[-111.432473,42.131633],[-111.432339,42.131575],[-111.430198,42.131572]]]}},{"type":"Feature","properties":{"id":"excl-b-235","kind":"exclusion","name":"Creek exclusion zone","acres":0.5,"editable":true,"source":"Mesic Analysis Platform + NWI (filtered rule, 2 Sep 2026)","strm_type":"Ephemeral","veg_pct":90.0},"geometry":{"type":"Polygon","coordinates":[[[-111.437031,42.131105],[-111.437546,42.130925],[-111.438141,42.130917],[-111.438474,42.130742],[-111.438798,42.130742],[-111.438848,42.130804],[-111.438814,42.130815],[-111.438456,42.130918],[-111.438123,42.131004],[-111.437876,42.131052],[-111.437532,42.131074],[-111.437337,42.131077],[-111.437332,42.131077],[-111.437328,42.131078],[-111.437211,42.131093],[-111.437209,42.131093],[-111.436628,42.131182],[-111.436378,42.131211],[-111.436133,42.131231],[-111.436126,42.131232],[-111.435824,42.131284],[-111.435804,42.131286],[-111.435972,42.131206],[-111.437031,42.131105]]]}},{"type":"Feature","properties":{"id":"excl-b-236","kind":"exclusion","name":"Creek exclusion zone","acres":0.4,"editable":true,"source":"Mesic Analysis Platform + NWI (filtered rule, 2 Sep 2026)","strm_type":"Ephemeral","veg_pct":94.8},"geometry":{"type":"Polygon","coordinates":[[[-111.417833,41.894208],[-111.417323,41.894067],[-111.417334,41.894014],[-111.41792,41.894026],[-111.418084,41.894111],[-111.418666,41.894115],[-111.418666,41.894302],[-111.418485,41.894302],[-111.418335,41.894216],[-111.417833,41.894208]]]}},{"type":"Feature","properties":{"id":"excl-b-237","kind":"exclusion","name":"Creek exclusion zone","acres":1.8,"editable":true,"source":"Mesic Analysis Platform + NWI (filtered rule, 2 Sep 2026)","strm_type":"Ephemeral","veg_pct":96.2},"geometry":{"type":"Polygon","coordinates":[[[-111.420733,42.062455],[-111.420053,42.062629],[-111.419907,42.062545],[-111.420053,42.062277],[-111.421341,42.061981],[-111.421627,42.061724],[-111.421904,42.06163],[-111.422154,42.061886],[-111.421903,42.062094],[-111.421414,42.062233],[-111.421074,42.062464],[-111.420733,42.062455]]]}},{"type":"Feature","properties":{"id":"excl-b-238","kind":"exclusion","name":"Creek exclusion zone","acres":1.7,"editable":true,"source":"Mesic Analysis Platform + NWI (filtered rule, 2 Sep 2026)","strm_type":"Ephemeral","veg_pct":89.3},"geometry":{"type":"Polygon","coordinates":[[[-111.422705,42.110006],[-111.422363,42.110185],[-111.421819,42.110298],[-111.421529,42.110461],[-111.421098,42.110498],[-111.421078,42.11045],[-111.421126,42.110293],[-111.421153,42.110334],[-111.421536,42.110192],[-111.421537,42.110192],[-111.421777,42.110099],[-111.421779,42.110098],[-111.421995,42.110008],[-111.422319,42.109937],[-111.422632,42.10989],[-111.422634,42.10989],[-111.42293,42.109839],[-111.422932,42.109838],[-111.423182,42.109788],[-111.423186,42.109787],[-111.423385,42.109735],[-111.423527,42.109701],[-111.423797,42.109675],[-111.423789,42.10963],[-111.424144,42.109628],[-111.424182,42.109611],[-111.424185,42.109656],[-111.424339,42.10965],[-111.424361,42.10965],[-111.424361,42.109605],[-111.424445,42.109832],[-111.424307,42.109909],[-111.423481,42.10991],[-111.423196,42.110002],[-111.422705,42.110006]]]}},{"type":"Feature","properties":{"id":"excl-b-239","kind":"exclusion","name":"Creek exclusion zone","acres":0.1,"editable":true,"source":"Mesic Analysis Platform + NWI (filtered rule, 2 Sep 2026)","strm_type":"Ephemeral","veg_pct":92.1},"geometry":{"type":"Polygon","coordinates":[[[-111.422176,42.109815],[-111.422538,42.109812],[-111.422293,42.109849],[-111.422288,42.10985],[-111.421954,42.109923],[-111.421948,42.109925],[-111.421941,42.109927],[-111.42172,42.110019],[-111.421482,42.110112],[-111.421143,42.110237],[-111.421159,42.110185],[-111.422176,42.109815]]]}},{"type":"Feature","properties":{"id":"excl-b-240","kind":"exclusion","name":"Creek exclusion zone","acres":0.9,"editable":true,"source":"Mesic Analysis Platform + NWI (filtered rule, 2 Sep 2026)","strm_type":"Ephemeral","veg_pct":93.4},"geometry":{"type":"Polygon","coordinates":[[[-111.421444,42.025609],[-111.42139,42.025609],[-111.421445,42.025591],[-111.421386,42.025484],[-111.421383,42.02548],[-111.421381,42.025476],[-111.421367,42.02546],[-111.421366,42.02546],[-111.421275,42.025359],[-111.421808,42.025333],[-111.422,42.025421],[-111.422924,42.025422],[-111.423063,42.025507],[-111.423366,42.025516],[-111.423475,42.025683],[-111.423201,42.025703],[-111.421688,42.025516],[-111.421444,42.025609]]]}},{"type":"Feature","properties":{"id":"excl-b-241","kind":"exclusion","name":"Creek exclusion zone","acres":0.1,"editable":true,"source":"Mesic Analysis Platform + NWI (filtered rule, 2 Sep 2026)","strm_type":"Ephemeral","veg_pct":91.7},"geometry":{"type":"Polygon","coordinates":[[[-111.420972,42.025374],[-111.421205,42.025363],[-111.421155,42.025388],[-111.421174,42.025409],[-111.421266,42.02551],[-111.421276,42.025522],[-111.421324,42.025608],[-111.421056,42.025605],[-111.420972,42.025374]]]}},{"type":"Feature","properties":{"id":"excl-b-242","kind":"exclusion","name":"Creek exclusion zone","acres":1.1,"editable":true,"source":"Mesic Analysis Platform + NWI (filtered rule, 2 Sep 2026)","strm_type":"Ephemeral","veg_pct":96.1},"geometry":{"type":"Polygon","coordinates":[[[-111.422157,42.051517],[-111.422461,42.051446],[-111.423156,42.052092],[-111.423107,42.052296],[-111.422831,42.052368],[-111.422185,42.051815],[-111.422157,42.051517]]]}},{"type":"Feature","properties":{"id":"excl-b-243","kind":"exclusion","name":"Creek exclusion zone","acres":2.0,"editable":true,"source":"Mesic Analysis Platform + NWI (filtered rule, 2 Sep 2026)","strm_type":"Ephemeral","veg_pct":95.0},"geometry":{"type":"Polygon","coordinates":[[[-111.421534,41.872912],[-111.420981,41.872354],[-111.421052,41.872078],[-111.421533,41.872261],[-111.421771,41.872497],[-111.42246,41.872889],[-111.422687,41.872905],[-111.422848,41.872819],[-111.422555,41.873465],[-111.422296,41.873222],[-111.421997,41.873188],[-111.421534,41.872912]]]}},{"type":"Feature","properties":{"id":"excl-b-244","kind":"exclusion","name":"Creek exclusion zone","acres":6.2,"editable":true,"source":"Mesic Analysis Platform + NWI (filtered rule, 2 Sep 2026)","strm_type":"Ephemeral","veg_pct":97.1},"geometry":{"type":"Polygon","coordinates":[[[-111.42623,41.859823],[-111.426022,41.85962],[-111.425339,41.859232],[-111.424592,41.859022],[-111.423872,41.858592],[-111.42334,41.858379],[-111.422911,41.858306],[-111.422308,41.858429],[-111.422107,41.858635],[-111.421903,41.859111],[-111.421644,41.859375],[-111.42135,41.860038],[-111.42115,41.860132],[-111.420935,41.859988],[-111.421341,41.859482],[-111.421351,41.858835],[-111.421904,41.858282],[-111.422461,41.858095],[-111.423018,41.858095],[-111.423163,41.858181],[-111.423477,41.858188],[-111.424158,41.858452],[-111.424405,41.858465],[-111.424657,41.858707],[-111.425239,41.858928],[-111.426255,41.859486],[-111.426625,41.859856],[-111.427126,41.860732],[-111.427605,41.861198],[-111.428017,41.861336],[-111.428112,41.861542],[-111.42783,41.861612],[-111.427366,41.861336],[-111.426813,41.860779],[-111.42623,41.859823]]]}},{"type":"Feature","properties":{"id":"excl-b-245","kind":"exclusion","name":"Creek exclusion zone","acres":1.2,"editable":true,"source":"Mesic Analysis Platform + NWI (filtered rule, 2 Sep 2026)","strm_type":"Ephemeral","veg_pct":97.2},"geometry":{"type":"Polygon","coordinates":[[[-111.42244,41.948857],[-111.4216,41.948799],[-111.422091,41.948565],[-111.422273,41.948565],[-111.42341,41.949107],[-111.423935,41.949095],[-111.423958,41.949194],[-111.423848,41.949305],[-111.423505,41.949342],[-111.423018,41.949211],[-111.42244,41.948857]]]}},{"type":"Feature","properties":{"id":"excl-b-246","kind":"exclusion","name":"Creek exclusion zone","acres":0.3,"editable":true,"source":"Mesic Analysis Platform + NWI (filtered rule, 2 Sep 2026)","strm_type":"Ephemeral","veg_pct":96.5},"geometry":{"type":"Polygon","coordinates":[[[-111.433265,42.01633],[-111.433294,42.016276],[-111.433296,42.016272],[-111.433297,42.016267],[-111.433298,42.016263],[-111.433298,42.016259],[-111.433298,42.016254],[-111.433297,42.01625],[-111.433296,42.016246],[-111.433294,42.016242],[-111.433291,42.016238],[-111.433287,42.016232],[-111.43385,42.016072],[-111.434063,42.016158],[-111.433943,42.016254],[-111.433254,42.016355],[-111.43325,42.016357],[-111.433265,42.01633]]]}},{"type":"Feature","properties":{"id":"excl-b-247","kind":"exclusion","name":"Creek exclusion zone","acres":4.6,"editable":true,"source":"Mesic Analysis Platform + NWI (filtered rule, 2 Sep 2026)","strm_type":"Ephemeral","veg_pct":96.0},"geometry":{"type":"Polygon","coordinates":[[[-111.432635,42.016356],[-111.432458,42.016441],[-111.431872,42.016446],[-111.431712,42.016535],[-111.431348,42.016535],[-111.431157,42.016443],[-111.430193,42.01645],[-111.429752,42.016569],[-111.429221,42.016999],[-111.429008,42.017032],[-111.428851,42.017182],[-111.427736,42.017552],[-111.425887,42.017553],[-111.425097,42.017712],[-111.424162,42.017769],[-111.423295,42.018015],[-111.423006,42.017883],[-111.423295,42.017646],[-111.424051,42.017642],[-111.424218,42.017552],[-111.425098,42.017451],[-111.425239,42.017369],[-111.425609,42.017369],[-111.425817,42.017458],[-111.427506,42.017451],[-111.428107,42.017252],[-111.428481,42.016999],[-111.428758,42.016976],[-111.42931,42.016535],[-111.430055,42.016254],[-111.430795,42.016254],[-111.430962,42.016345],[-111.431506,42.016348],[-111.431718,42.016254],[-111.433177,42.016251],[-111.433153,42.016296],[-111.433111,42.016373],[-111.433077,42.016404],[-111.433124,42.016433],[-111.433109,42.016441],[-111.432635,42.016356]]]}},{"type":"Feature","properties":{"id":"excl-b-248","kind":"exclusion","name":"Creek exclusion zone","acres":0.7,"editable":true,"source":"Mesic Analysis Platform + NWI (filtered rule, 2 Sep 2026)","strm_type":"Ephemeral","veg_pct":93.3},"geometry":{"type":"Polygon","coordinates":[[[-111.422238,41.867356],[-111.422228,41.867144],[-111.422554,41.867075],[-111.422924,41.867445],[-111.422929,41.867711],[-111.423064,41.867989],[-111.42301,41.86803],[-111.422831,41.867909],[-111.422606,41.867577],[-111.422238,41.867356]]]}},{"type":"Feature","properties":{"id":"excl-b-249","kind":"exclusion","name":"Creek exclusion zone","acres":4.1,"editable":true,"source":"Mesic Analysis Platform + NWI (filtered rule, 2 Sep 2026)","strm_type":"Ephemeral","veg_pct":97.3},"geometry":{"type":"Polygon","coordinates":[[[-111.429078,41.939406],[-111.42894,41.939491],[-111.428438,41.939498],[-111.428293,41.939584],[-111.427346,41.939588],[-111.426813,41.939767],[-111.426351,41.939674],[-111.425979,41.939861],[-111.425239,41.939861],[-111.425101,41.939776],[-111.424682,41.939767],[-111.424478,41.939668],[-111.424218,41.939767],[-111.423941,41.939767],[-111.42373,41.939674],[-111.423477,41.939767],[-111.422898,41.939767],[-111.422778,41.939619],[-111.422778,41.939539],[-111.422898,41.939491],[-111.423281,41.939555],[-111.423483,41.939491],[-111.426505,41.939527],[-111.428818,41.939301],[-111.429759,41.939103],[-111.430191,41.938888],[-111.430425,41.938657],[-111.430558,41.938638],[-111.43061,41.938705],[-111.430237,41.93912],[-111.430033,41.939154],[-111.429867,41.939303],[-111.429078,41.939406]]]}},{"type":"Feature","properties":{"id":"excl-b-250","kind":"exclusion","name":"Creek exclusion zone","acres":1.8,"editable":true,"source":"Mesic Analysis Platform + NWI (filtered rule, 2 Sep 2026)","strm_type":"Ephemeral","veg_pct":94.0},"geometry":{"type":"Polygon","coordinates":[[[-111.424962,42.091354],[-111.424722,42.091294],[-111.424758,42.091078],[-111.424963,42.090891],[-111.425792,42.090614],[-111.426532,42.090613],[-111.426725,42.090521],[-111.426958,42.090607],[-111.426871,42.090725],[-111.426897,42.09089],[-111.42629,42.090882],[-111.424962,42.091354]]]}},{"type":"Feature","properties":{"id":"excl-b-251","kind":"exclusion","name":"Creek exclusion zone","acres":5.4,"editable":true,"source":"Mesic Analysis Platform + NWI (filtered rule, 2 Sep 2026)","strm_type":"Ephemeral","veg_pct":97.5},"geometry":{"type":"Polygon","coordinates":[[[-111.430607,42.053666],[-111.429847,42.053669],[-111.429215,42.053853],[-111.428844,42.05376],[-111.427736,42.05376],[-111.427598,42.053675],[-111.427372,42.053667],[-111.426896,42.053787],[-111.426349,42.05413],[-111.425887,42.053808],[-111.425529,42.053766],[-111.425332,42.053853],[-111.425052,42.053853],[-111.424766,42.053685],[-111.424517,42.053666],[-111.424488,42.053463],[-111.424706,42.053296],[-111.424869,42.053296],[-111.425214,42.053479],[-111.426162,42.053483],[-111.426476,42.053605],[-111.426861,42.053564],[-111.427277,42.05339],[-111.427647,42.05339],[-111.428225,42.053572],[-111.428487,42.053483],[-111.429033,42.053483],[-111.429312,42.053572],[-111.429498,42.053483],[-111.430075,42.053479],[-111.430238,42.05339],[-111.431905,42.05339],[-111.43232,42.053573],[-111.432375,42.053781],[-111.432182,42.053853],[-111.43176,42.053673],[-111.430856,42.053572],[-111.430607,42.053666]]]}},{"type":"Feature","properties":{"id":"excl-b-252","kind":"exclusion","name":"Creek exclusion zone","acres":0.6,"editable":true,"source":"Mesic Analysis Platform + NWI (filtered rule, 2 Sep 2026)","strm_type":"Ephemeral","veg_pct":97.0},"geometry":{"type":"Polygon","coordinates":[[[-111.424347,42.012366],[-111.424893,42.012362],[-111.425058,42.012277],[-111.42552,42.012277],[-111.425633,42.01251],[-111.4249,42.012549],[-111.424247,42.01251],[-111.424347,42.012366]]]}},{"type":"Feature","properties":{"id":"excl-b-253","kind":"exclusion","name":"Creek exclusion zone","acres":2.9,"editable":true,"source":"Mesic Analysis Platform + NWI (filtered rule, 2 Sep 2026)","strm_type":"Ephemeral","veg_pct":94.0},"geometry":{"type":"Polygon","coordinates":[[[-111.429867,42.025516],[-111.429272,42.025523],[-111.429127,42.025609],[-111.427345,42.025635],[-111.427183,42.025703],[-111.426506,42.025708],[-111.426349,42.025792],[-111.42472,42.025843],[-111.424379,42.025781],[-111.424521,42.025516],[-111.424775,42.025516],[-111.425304,42.025703],[-111.425703,42.025516],[-111.426072,42.025608],[-111.42674,42.025606],[-111.42709,42.025422],[-111.42811,42.025422],[-111.428255,42.025509],[-111.428568,42.025515],[-111.428851,42.025333],[-111.429148,42.025422],[-111.429503,42.025333],[-111.431467,42.025333],[-111.431593,42.025401],[-111.431473,42.025516],[-111.430945,42.025423],[-111.430057,42.025423],[-111.429867,42.025516]]]}},{"type":"Feature","properties":{"id":"excl-b-254","kind":"exclusion","name":"Creek exclusion zone","acres":2.6,"editable":true,"source":"Mesic Analysis Platform + NWI (filtered rule, 2 Sep 2026)","strm_type":"Ephemeral","veg_pct":94.3},"geometry":{"type":"Polygon","coordinates":[[[-111.424592,41.926158],[-111.424405,41.926341],[-111.424081,41.926204],[-111.423942,41.925971],[-111.424775,41.925043],[-111.425703,41.92421],[-111.425885,41.92421],[-111.425877,41.924589],[-111.425275,41.925085],[-111.425145,41.925324],[-111.424629,41.925828],[-111.424592,41.926158]]]}},{"type":"Feature","properties":{"id":"excl-b-255","kind":"exclusion","name":"Creek exclusion zone","acres":3.9,"editable":true,"source":"Mesic Analysis Platform + NWI (filtered rule, 2 Sep 2026)","strm_type":"Ephemeral","veg_pct":96.1},"geometry":{"type":"Polygon","coordinates":[[[-111.429867,42.049039],[-111.42968,42.049131],[-111.429404,42.049131],[-111.429265,42.049046],[-111.427923,42.04885],[-111.427297,42.048671],[-111.426813,42.048667],[-111.426039,42.048421],[-111.425052,42.048391],[-111.424897,42.048251],[-111.425049,42.04811],[-111.425332,42.04811],[-111.425522,42.048203],[-111.426255,42.048204],[-111.4264,42.04829],[-111.426719,42.048298],[-111.427131,42.048472],[-111.427366,42.04848],[-111.427533,42.048571],[-111.427923,42.048574],[-111.42809,42.048664],[-111.428757,42.048574],[-111.428953,42.048742],[-111.42931,42.048761],[-111.429493,42.048849],[-111.429736,42.048846],[-111.430238,42.048668],[-111.430998,42.048664],[-111.431165,42.048574],[-111.431584,42.048574],[-111.43169,42.048795],[-111.43086,42.048765],[-111.430331,42.049037],[-111.429867,42.049039]]]}},{"type":"Feature","properties":{"id":"excl-b-256","kind":"exclusion","name":"Creek exclusion zone","acres":0.3,"editable":true,"source":"Mesic Analysis Platform + NWI (filtered rule, 2 Sep 2026)","strm_type":"Ephemeral","veg_pct":96.7},"geometry":{"type":"Polygon","coordinates":[[[-111.425262,41.994942],[-111.425262,41.994938],[-111.425263,41.994934],[-111.425262,41.994854],[-111.425262,41.994849],[-111.425261,41.994845],[-111.425259,41.99484],[-111.425257,41.994836],[-111.425243,41.994812],[-111.425564,41.994766],[-111.425703,41.994681],[-111.425894,41.994681],[-111.426028,41.994784],[-111.425514,41.994887],[-111.425332,41.995051],[-111.425237,41.995048],[-111.425262,41.994942]]]}},{"type":"Feature","properties":{"id":"excl-b-257","kind":"exclusion","name":"Creek exclusion zone","acres":0.1,"editable":true,"source":"Mesic Analysis Platform + NWI (filtered rule, 2 Sep 2026)","strm_type":"Ephemeral","veg_pct":96.7},"geometry":{"type":"Polygon","coordinates":[[[-111.424869,41.994864],[-111.425182,41.99482],[-111.425127,41.994838],[-111.425141,41.994863],[-111.425142,41.99493],[-111.425116,41.995039],[-111.425176,41.995046],[-111.424735,41.995034],[-111.424869,41.994864]]]}},{"type":"Feature","properties":{"id":"excl-b-258","kind":"exclusion","name":"Creek exclusion zone","acres":1.8,"editable":true,"source":"Mesic Analysis Platform + NWI (filtered rule, 2 Sep 2026)","strm_type":"Ephemeral","veg_pct":96.3},"geometry":{"type":"Polygon","coordinates":[[[-111.426256,42.045332],[-111.426117,42.045247],[-111.425306,42.045119],[-111.425418,42.044869],[-111.425609,42.044868],[-111.426605,42.045145],[-111.428293,42.045149],[-111.42894,42.045332],[-111.428851,42.045519],[-111.428481,42.045519],[-111.427958,42.04532],[-111.426256,42.045332]]]}},{"type":"Feature","properties":{"id":"excl-b-259","kind":"exclusion","name":"Creek exclusion zone","acres":0.9,"editable":true,"source":"Mesic Analysis Platform + NWI (filtered rule, 2 Sep 2026)","strm_type":"Ephemeral","veg_pct":94.8},"geometry":{"type":"Polygon","coordinates":[[[-111.426813,42.004219],[-111.426646,42.004129],[-111.425609,42.004032],[-111.425192,42.00389],[-111.425199,42.003839],[-111.426536,42.003943],[-111.427279,42.004125],[-111.427734,42.004125],[-111.427831,42.004077],[-111.427814,42.004217],[-111.427795,42.004306],[-111.427855,42.004313],[-111.42746,42.004313],[-111.427297,42.004223],[-111.426813,42.004219]]]}},{"type":"Feature","properties":{"id":"excl-b-260","kind":"exclusion","name":"Creek exclusion zone","acres":0.4,"editable":true,"source":"Mesic Analysis Platform + NWI (filtered rule, 2 Sep 2026)","strm_type":"Ephemeral","veg_pct":91.9},"geometry":{"type":"Polygon","coordinates":[[[-111.4282,42.004032],[-111.428717,42.004243],[-111.428597,42.004313],[-111.427916,42.004313],[-111.427934,42.004229],[-111.427934,42.004226],[-111.427952,42.004075],[-111.427952,42.004072],[-111.427952,42.004068],[-111.42795,42.004046],[-111.42789,42.004048],[-111.427923,42.004032],[-111.4282,42.004032]]]}},{"type":"Feature","properties":{"id":"excl-b-261","kind":"exclusion","name":"Creek exclusion zone","acres":5.6,"editable":true,"source":"Mesic Analysis Platform + NWI (filtered rule, 2 Sep 2026)","strm_type":"Ephemeral","veg_pct":92.3},"geometry":{"type":"Polygon","coordinates":[[[-111.430692,41.874761],[-111.430477,41.874524],[-111.429744,41.874218],[-111.428736,41.874302],[-111.42857,41.874392],[-111.42775,41.874286],[-111.427069,41.874303],[-111.426906,41.874392],[-111.426162,41.874392],[-111.425647,41.874212],[-111.425239,41.874205],[-111.424824,41.874031],[-111.42449,41.874022],[-111.424682,41.873456],[-111.424869,41.873465],[-111.425144,41.873722],[-111.426259,41.874115],[-111.427807,41.874022],[-111.428198,41.874115],[-111.428481,41.873929],[-111.428845,41.873929],[-111.429126,41.874115],[-111.429359,41.874107],[-111.429498,41.874023],[-111.430325,41.874022],[-111.430469,41.874107],[-111.430795,41.874116],[-111.430884,41.87421],[-111.430812,41.874595],[-111.431535,41.875409],[-111.431535,41.875529],[-111.431348,41.87569],[-111.430702,41.875039],[-111.430692,41.874761]]]}},{"type":"Feature","properties":{"id":"excl-b-262","kind":"exclusion","name":"Creek exclusion zone","acres":0.6,"editable":true,"source":"Mesic Analysis Platform + NWI (filtered rule, 2 Sep 2026)","strm_type":"Ephemeral","veg_pct":91.0},"geometry":{"type":"Polygon","coordinates":[[[-111.426445,42.110064],[-111.426631,42.109893],[-111.426633,42.109938],[-111.426962,42.109929],[-111.426965,42.109929],[-111.427149,42.109917],[-111.427154,42.109916],[-111.42748,42.109876],[-111.427485,42.109876],[-111.427849,42.109807],[-111.427852,42.109806],[-111.427995,42.109773],[-111.42819,42.109728],[-111.428196,42.109726],[-111.428411,42.109658],[-111.428417,42.109656],[-111.428423,42.109653],[-111.42859,42.10956],[-111.428565,42.109632],[-111.427731,42.110002],[-111.426898,42.110091],[-111.426445,42.110064]]]}},{"type":"Feature","properties":{"id":"excl-b-263","kind":"exclusion","name":"Creek exclusion zone","acres":0.3,"editable":true,"source":"Mesic Analysis Platform + NWI (filtered rule, 2 Sep 2026)","strm_type":"Ephemeral","veg_pct":91.0},"geometry":{"type":"Polygon","coordinates":[[[-111.427839,42.109694],[-111.428383,42.109352],[-111.428685,42.10929],[-111.428615,42.10949],[-111.428579,42.109454],[-111.428357,42.109578],[-111.428151,42.109643],[-111.427959,42.109687],[-111.427818,42.10972],[-111.427458,42.109788],[-111.427433,42.109791],[-111.427549,42.109722],[-111.427839,42.109694]]]}},{"type":"Feature","properties":{"id":"excl-b-264","kind":"exclusion","name":"Creek exclusion zone","acres":0.4,"editable":true,"source":"Mesic Analysis Platform + NWI (filtered rule, 2 Sep 2026)","strm_type":"Ephemeral","veg_pct":97.6},"geometry":{"type":"Polygon","coordinates":[[[-111.431744,41.927561],[-111.431743,41.927558],[-111.431681,41.927437],[-111.431679,41.927432],[-111.431655,41.927398],[-111.431602,41.927419],[-111.432265,41.92709],[-111.43238,41.927203],[-111.432088,41.927545],[-111.431864,41.92759],[-111.431784,41.92766],[-111.431744,41.927561]]]}},{"type":"Feature","properties":{"id":"excl-b-265","kind":"exclusion","name":"Creek exclusion zone","acres":1.2,"editable":true,"source":"Mesic Analysis Platform + NWI (filtered rule, 2 Sep 2026)","strm_type":"Ephemeral","veg_pct":97.6},"geometry":{"type":"Polygon","coordinates":[[[-111.430345,41.928575],[-111.430391,41.928546],[-111.430337,41.928496],[-111.430333,41.928494],[-111.430224,41.928409],[-111.430221,41.928406],[-111.430119,41.928338],[-111.430909,41.927975],[-111.431535,41.927451],[-111.431551,41.927444],[-111.43157,41.927471],[-111.431629,41.927588],[-111.431679,41.927714],[-111.431737,41.927701],[-111.431071,41.928285],[-111.430345,41.928575]]]}},{"type":"Feature","properties":{"id":"excl-b-266","kind":"exclusion","name":"Creek exclusion zone","acres":2.1,"editable":true,"source":"Mesic Analysis Platform + NWI (filtered rule, 2 Sep 2026)","strm_type":"Ephemeral","veg_pct":97.5},"geometry":{"type":"Polygon","coordinates":[[[-111.429684,41.928679],[-111.429199,41.928876],[-111.428757,41.929212],[-111.428502,41.929228],[-111.4282,41.929395],[-111.427968,41.929404],[-111.427829,41.929489],[-111.426256,41.929489],[-111.426111,41.929402],[-111.425792,41.929395],[-111.425517,41.929209],[-111.425576,41.929218],[-111.425683,41.928816],[-111.425624,41.928808],[-111.425702,41.928749],[-111.425719,41.928951],[-111.425936,41.929185],[-111.42649,41.929388],[-111.427996,41.929275],[-111.428782,41.928902],[-111.429127,41.928655],[-111.429685,41.928538],[-111.430065,41.928363],[-111.430025,41.928397],[-111.430139,41.928472],[-111.430245,41.928555],[-111.43029,41.928597],[-111.430144,41.928655],[-111.429684,41.928679]]]}},{"type":"Feature","properties":{"id":"excl-b-267","kind":"exclusion","name":"Creek exclusion zone","acres":3.2,"editable":true,"source":"Mesic Analysis Platform + NWI (filtered rule, 2 Sep 2026)","strm_type":"Ephemeral","veg_pct":94.7},"geometry":{"type":"Polygon","coordinates":[[[-111.429961,41.915692],[-111.429487,41.91572],[-111.428757,41.91625],[-111.428386,41.916363],[-111.427553,41.916803],[-111.427116,41.916928],[-111.427012,41.917079],[-111.42685,41.917027],[-111.426904,41.917006],[-111.426897,41.916996],[-111.426894,41.916992],[-111.42689,41.916988],[-111.426755,41.916865],[-111.426751,41.916861],[-111.426578,41.916733],[-111.426575,41.916731],[-111.426536,41.916706],[-111.427231,41.916701],[-111.429591,41.915416],[-111.429817,41.915409],[-111.430238,41.915229],[-111.431476,41.91494],[-111.431812,41.914765],[-111.432024,41.914761],[-111.432058,41.914856],[-111.431973,41.914961],[-111.431952,41.914919],[-111.43189,41.914936],[-111.431885,41.914938],[-111.43188,41.91494],[-111.431567,41.915082],[-111.431329,41.91518],[-111.431064,41.915238],[-111.430915,41.915256],[-111.430909,41.915257],[-111.430904,41.915258],[-111.430898,41.91526],[-111.430893,41.915262],[-111.430758,41.915324],[-111.430751,41.915328],[-111.430657,41.915387],[-111.430695,41.915421],[-111.430349,41.915431],[-111.429961,41.915692]]]}},{"type":"Feature","properties":{"id":"excl-b-268","kind":"exclusion","name":"Creek exclusion zone","acres":0.3,"editable":true,"source":"Mesic Analysis Platform + NWI (filtered rule, 2 Sep 2026)","strm_type":"Ephemeral","veg_pct":94.9},"geometry":{"type":"Polygon","coordinates":[[[-111.425979,41.916896],[-111.4259,41.916741],[-111.426076,41.916567],[-111.42608,41.91657],[-111.426085,41.916573],[-111.42609,41.916576],[-111.426392,41.916731],[-111.426494,41.916798],[-111.426664,41.916924],[-111.426736,41.91699],[-111.426459,41.9169],[-111.425979,41.916896]]]}},{"type":"Feature","properties":{"id":"excl-b-269","kind":"exclusion","name":"Creek exclusion zone","acres":1.6,"editable":true,"source":"Mesic Analysis Platform + NWI (filtered rule, 2 Sep 2026)","strm_type":"Ephemeral","veg_pct":94.4},"geometry":{"type":"Polygon","coordinates":[[[-111.428017,42.061724],[-111.427647,42.061471],[-111.427277,42.061447],[-111.427033,42.061328],[-111.427161,42.06126],[-111.427829,42.06126],[-111.428264,42.061443],[-111.429304,42.061498],[-111.430325,42.061446],[-111.430514,42.061354],[-111.430795,42.061354],[-111.430966,42.061483],[-111.430382,42.061543],[-111.430237,42.06163],[-111.428393,42.06162],[-111.428017,42.061724]]]}},{"type":"Feature","properties":{"id":"excl-b-270","kind":"exclusion","name":"Creek exclusion zone","acres":3.2,"editable":true,"source":"Mesic Analysis Platform + NWI (filtered rule, 2 Sep 2026)","strm_type":"Ephemeral","veg_pct":97.5},"geometry":{"type":"Polygon","coordinates":[[[-111.427923,41.981437],[-111.427736,41.981718],[-111.426996,41.982365],[-111.42666,41.98253],[-111.426606,41.982477],[-111.42672,41.982271],[-111.427626,41.981462],[-111.428035,41.980247],[-111.42894,41.979311],[-111.429156,41.979273],[-111.429404,41.97903],[-111.429612,41.978996],[-111.429774,41.978847],[-111.430041,41.978827],[-111.430608,41.978566],[-111.430992,41.978605],[-111.429196,41.979434],[-111.428714,41.979798],[-111.42831,41.98031],[-111.427923,41.981437]]]}},{"type":"Feature","properties":{"id":"excl-b-271","kind":"exclusion","name":"Creek exclusion zone","acres":0.6,"editable":true,"source":"Mesic Analysis Platform + NWI (filtered rule, 2 Sep 2026)","strm_type":"Ephemeral","veg_pct":97.6},"geometry":{"type":"Polygon","coordinates":[[[-111.426972,41.947825],[-111.426539,41.947935],[-111.426507,41.947826],[-111.426852,41.947644],[-111.427165,41.947641],[-111.427809,41.947858],[-111.427774,41.947961],[-111.427647,41.947972],[-111.427183,41.947918],[-111.426972,41.947825]]]}},{"type":"Feature","properties":{"id":"excl-b-272","kind":"exclusion","name":"Creek exclusion zone","acres":0.9,"editable":true,"source":"Mesic Analysis Platform + NWI (filtered rule, 2 Sep 2026)","strm_type":"Ephemeral","veg_pct":93.7},"geometry":{"type":"Polygon","coordinates":[[[-111.428111,41.994957],[-111.42709,41.994775],[-111.426889,41.994628],[-111.427277,41.994588],[-111.427415,41.994673],[-111.427923,41.994681],[-111.428112,41.994774],[-111.428847,41.994774],[-111.429034,41.994681],[-111.429378,41.994721],[-111.429127,41.994864],[-111.428808,41.994871],[-111.428663,41.994957],[-111.428111,41.994957]]]}},{"type":"Feature","properties":{"id":"excl-b-273","kind":"exclusion","name":"Creek exclusion zone","acres":1.6,"editable":true,"source":"Mesic Analysis Platform + NWI (filtered rule, 2 Sep 2026)","strm_type":"Ephemeral","veg_pct":93.6},"geometry":{"type":"Polygon","coordinates":[[[-111.427314,41.904679],[-111.427366,41.905321],[-111.427085,41.905681],[-111.426996,41.905508],[-111.427123,41.905127],[-111.426996,41.904674],[-111.427267,41.904211],[-111.42746,41.90356],[-111.427635,41.903383],[-111.427647,41.903189],[-111.428046,41.902949],[-111.428132,41.903031],[-111.42811,41.903189],[-111.427768,41.903523],[-111.427469,41.904116],[-111.427314,41.904679]]]}},{"type":"Feature","properties":{"id":"excl-b-274","kind":"exclusion","name":"Creek exclusion zone","acres":2.3,"editable":true,"source":"Mesic Analysis Platform + NWI (filtered rule, 2 Sep 2026)","strm_type":"Ephemeral","veg_pct":95.1},"geometry":{"type":"Polygon","coordinates":[[[-111.432697,42.032929],[-111.432088,42.033109],[-111.43052,42.03311],[-111.430331,42.033203],[-111.430055,42.033203],[-111.429865,42.03311],[-111.429034,42.033109],[-111.428355,42.032887],[-111.42836,42.032833],[-111.42931,42.032833],[-111.429684,42.033015],[-111.431161,42.033015],[-111.431348,42.032923],[-111.432092,42.032921],[-111.432276,42.032833],[-111.432684,42.032826],[-111.433386,42.032552],[-111.43378,42.032549],[-111.433943,42.032463],[-111.434188,42.032587],[-111.433943,42.032739],[-111.433618,42.032748],[-111.433109,42.032922],[-111.432697,42.032929]]]}},{"type":"Feature","properties":{"id":"excl-b-275","kind":"exclusion","name":"Creek exclusion zone","acres":1.6,"editable":true,"source":"Mesic Analysis Platform + NWI (filtered rule, 2 Sep 2026)","strm_type":"Ephemeral","veg_pct":97.6},"geometry":{"type":"Polygon","coordinates":[[[-111.433662,41.95829],[-111.433333,41.958299],[-111.432088,41.95866],[-111.431407,41.958732],[-111.431416,41.958688],[-111.431228,41.958668],[-111.431061,41.958626],[-111.431767,41.958558],[-111.432182,41.95838],[-111.433177,41.958182],[-111.433756,41.957916],[-111.43414,41.95798],[-111.435123,41.957872],[-111.435142,41.957954],[-111.434634,41.958018],[-111.434126,41.958197],[-111.4338,41.958205],[-111.433662,41.95829]]]}},{"type":"Feature","properties":{"id":"excl-b-276","kind":"exclusion","name":"Creek exclusion zone","acres":1.2,"editable":true,"source":"Mesic Analysis Platform + NWI (filtered rule, 2 Sep 2026)","strm_type":"Ephemeral","veg_pct":97.6},"geometry":{"type":"Polygon","coordinates":[[[-111.430054,41.95903],[-111.4298,41.959043],[-111.429404,41.959213],[-111.428762,41.959244],[-111.428812,41.959219],[-111.428759,41.959157],[-111.428755,41.959152],[-111.428657,41.959063],[-111.428654,41.95906],[-111.42865,41.959057],[-111.428626,41.959042],[-111.428587,41.959076],[-111.428664,41.958937],[-111.429059,41.959027],[-111.429774,41.95875],[-111.430924,41.958639],[-111.430905,41.958682],[-111.431195,41.958755],[-111.430282,41.958852],[-111.430054,41.95903]]]}},{"type":"Feature","properties":{"id":"excl-b-277","kind":"exclusion","name":"Creek exclusion zone","acres":1.4,"editable":true,"source":"Mesic Analysis Platform + NWI (filtered rule, 2 Sep 2026)","strm_type":"Ephemeral","veg_pct":97.6},"geometry":{"type":"Polygon","coordinates":[[[-111.433489,42.011526],[-111.433532,42.011494],[-111.433484,42.011459],[-111.43348,42.011456],[-111.433476,42.011454],[-111.433471,42.011452],[-111.433334,42.011396],[-111.433329,42.011394],[-111.433324,42.011392],[-111.433147,42.011349],[-111.433064,42.011329],[-111.433058,42.011328],[-111.433052,42.011327],[-111.432941,42.011318],[-111.433386,42.011073],[-111.433923,42.011057],[-111.434313,42.010792],[-111.434861,42.010679],[-111.435054,42.010516],[-111.435191,42.010516],[-111.435351,42.010651],[-111.434101,42.011196],[-111.433849,42.011443],[-111.43362,42.01145],[-111.433489,42.011526]]]}},{"type":"Feature","properties":{"id":"excl-b-278","kind":"exclusion","name":"Creek exclusion zone","acres":1.8,"editable":true,"source":"Mesic Analysis Platform + NWI (filtered rule, 2 Sep 2026)","strm_type":"Ephemeral","veg_pct":97.6},"geometry":{"type":"Polygon","coordinates":[[[-111.432552,42.011813],[-111.431905,42.011996],[-111.431165,42.011997],[-111.430978,42.012089],[-111.429961,42.01209],[-111.429774,42.012183],[-111.428864,42.012174],[-111.42898,42.01209],[-111.429446,42.012082],[-111.429961,42.011902],[-111.430419,42.011995],[-111.430884,42.011813],[-111.431718,42.011802],[-111.431905,42.01172],[-111.432224,42.011712],[-111.43287,42.011357],[-111.432863,42.011402],[-111.433032,42.011416],[-111.433109,42.011435],[-111.433281,42.011477],[-111.433406,42.011527],[-111.433414,42.011533],[-111.432952,42.011545],[-111.432552,42.011813]]]}},{"type":"Feature","properties":{"id":"excl-b-279","kind":"exclusion","name":"Creek exclusion zone","acres":2.7,"editable":true,"source":"Mesic Analysis Platform + NWI (filtered rule, 2 Sep 2026)","strm_type":"Ephemeral","veg_pct":93.5},"geometry":{"type":"Polygon","coordinates":[[[-111.432369,42.089135],[-111.431608,42.08935],[-111.430607,42.089967],[-111.430325,42.090057],[-111.43001,42.090057],[-111.429872,42.089977],[-111.430906,42.089564],[-111.431254,42.089228],[-111.431514,42.089212],[-111.431905,42.08904],[-111.433386,42.08904],[-111.433524,42.089125],[-111.434219,42.089228],[-111.434772,42.08941],[-111.435195,42.089765],[-111.434866,42.08978],[-111.433251,42.089236],[-111.432369,42.089135]]]}},{"type":"Feature","properties":{"id":"excl-b-280","kind":"exclusion","name":"Creek exclusion zone","acres":0.4,"editable":true,"source":"Mesic Analysis Platform + NWI (filtered rule, 2 Sep 2026)","strm_type":"Ephemeral","veg_pct":87.5},"geometry":{"type":"Polygon","coordinates":[[[-111.431067,42.107777],[-111.431249,42.10772],[-111.431249,42.107892],[-111.431204,42.107862],[-111.430998,42.108034],[-111.430864,42.108127],[-111.430471,42.108347],[-111.430336,42.108418],[-111.43051,42.108148],[-111.431067,42.107777]]]}},{"type":"Feature","properties":{"id":"excl-b-281","kind":"exclusion","name":"Creek exclusion zone","acres":0.7,"editable":true,"source":"Mesic Analysis Platform + NWI (filtered rule, 2 Sep 2026)","strm_type":"Ephemeral","veg_pct":97.6},"geometry":{"type":"Polygon","coordinates":[[[-111.431255,42.00392],[-111.431255,42.003916],[-111.431254,42.003912],[-111.431253,42.003908],[-111.431251,42.003904],[-111.431249,42.0039],[-111.431188,42.003808],[-111.431185,42.003804],[-111.431181,42.0038],[-111.431154,42.003775],[-111.431107,42.003803],[-111.431165,42.003756],[-111.431426,42.003739],[-111.431718,42.003568],[-111.43232,42.00347],[-111.432458,42.003385],[-111.432933,42.003367],[-111.432645,42.003568],[-111.432008,42.003681],[-111.431255,42.003991],[-111.431255,42.00392]]]}},{"type":"Feature","properties":{"id":"excl-b-282","kind":"exclusion","name":"Creek exclusion zone","acres":0.5,"editable":true,"source":"Mesic Analysis Platform + NWI (filtered rule, 2 Sep 2026)","strm_type":"Ephemeral","veg_pct":97.5},"geometry":{"type":"Polygon","coordinates":[[[-111.430221,42.004222],[-111.430055,42.004313],[-111.429621,42.004294],[-111.429868,42.004126],[-111.430369,42.004118],[-111.430957,42.003928],[-111.431066,42.003837],[-111.431083,42.003853],[-111.431135,42.00393],[-111.431134,42.004016],[-111.431194,42.004016],[-111.430701,42.004219],[-111.430221,42.004222]]]}},{"type":"Feature","properties":{"id":"excl-b-283","kind":"exclusion","name":"Creek exclusion zone","acres":2.5,"editable":true,"source":"Mesic Analysis Platform + NWI (filtered rule, 2 Sep 2026)","strm_type":"Ephemeral","veg_pct":94.3},"geometry":{"type":"Polygon","coordinates":[[[-111.43355,42.0634],[-111.433015,42.063574],[-111.43102,42.063869],[-111.430607,42.064038],[-111.430331,42.064038],[-111.430123,42.06379],[-111.430238,42.063668],[-111.431087,42.063665],[-111.431254,42.063574],[-111.431688,42.063562],[-111.431812,42.063481],[-111.432853,42.063388],[-111.433479,42.063204],[-111.43374,42.063295],[-111.434402,42.063298],[-111.434576,42.063362],[-111.435147,42.063298],[-111.435271,42.063381],[-111.435047,42.063481],[-111.434032,42.06348],[-111.433869,42.063395],[-111.43355,42.0634]]]}},{"type":"Feature","properties":{"id":"excl-b-284","kind":"exclusion","name":"Creek exclusion zone","acres":0.4,"editable":true,"source":"Mesic Analysis Platform + NWI (filtered rule, 2 Sep 2026)","strm_type":"Ephemeral","veg_pct":96.5},"geometry":{"type":"Polygon","coordinates":[[[-111.429025,41.8618],[-111.428924,41.861676],[-111.429127,41.861613],[-111.429289,41.861702],[-111.429774,41.861706],[-111.429912,41.861791],[-111.430267,41.861834],[-111.430264,41.861887],[-111.429404,41.861889],[-111.429269,41.861808],[-111.429025,41.8618]]]}},{"type":"Feature","properties":{"id":"excl-b-285","kind":"exclusion","name":"Creek exclusion zone","acres":2.2,"editable":true,"source":"Mesic Analysis Platform + NWI (filtered rule, 2 Sep 2026)","strm_type":"Ephemeral","veg_pct":89.4},"geometry":{"type":"Polygon","coordinates":[[[-111.430978,42.065518],[-111.430795,42.065335],[-111.430769,42.065116],[-111.430425,42.064778],[-111.43045,42.064522],[-111.430701,42.064408],[-111.431477,42.065294],[-111.432088,42.065706],[-111.432138,42.065905],[-111.431941,42.066076],[-111.431718,42.066076],[-111.431408,42.065764],[-111.430978,42.065518]]]}},{"type":"Feature","properties":{"id":"excl-b-286","kind":"exclusion","name":"Creek exclusion zone","acres":3.3,"editable":true,"source":"Mesic Analysis Platform + NWI (filtered rule, 2 Sep 2026)","strm_type":"Ephemeral","veg_pct":95.7},"geometry":{"type":"Polygon","coordinates":[[[-111.445514,41.937546],[-111.445119,41.93755],[-111.444957,41.93764],[-111.444034,41.93764],[-111.443889,41.937554],[-111.443477,41.937546],[-111.443342,41.937457],[-111.443013,41.937453],[-111.442826,41.93736],[-111.44112,41.937359],[-111.441205,41.937244],[-111.441207,41.93724],[-111.441209,41.937236],[-111.44121,41.937233],[-111.441211,41.937229],[-111.441212,41.937225],[-111.441214,41.937194],[-111.441383,41.937222],[-111.442155,41.93727],[-111.442366,41.937177],[-111.442643,41.937177],[-111.44281,41.937254],[-111.443664,41.93727],[-111.444196,41.937449],[-111.444668,41.937453],[-111.445453,41.937248],[-111.446687,41.936543],[-111.447088,41.936526],[-111.447182,41.936806],[-111.446717,41.936919],[-111.446348,41.937176],[-111.445514,41.937546]]]}},{"type":"Feature","properties":{"id":"excl-b-287","kind":"exclusion","name":"Creek exclusion zone","acres":2.0,"editable":true,"source":"Mesic Analysis Platform + NWI (filtered rule, 2 Sep 2026)","strm_type":"Ephemeral","veg_pct":94.6},"geometry":{"type":"Polygon","coordinates":[[[-111.439823,41.937277],[-111.439458,41.937404],[-111.439218,41.93764],[-111.438935,41.937733],[-111.438909,41.937688],[-111.438906,41.937684],[-111.438904,41.937681],[-111.438901,41.937677],[-111.438897,41.937674],[-111.438795,41.937595],[-111.438791,41.937592],[-111.438786,41.937589],[-111.438782,41.937587],[-111.438776,41.937585],[-111.43863,41.937536],[-111.438624,41.937534],[-111.438619,41.937533],[-111.438613,41.937532],[-111.438606,41.937532],[-111.4386,41.937532],[-111.43849,41.937539],[-111.439312,41.936989],[-111.439804,41.936985],[-111.440235,41.936807],[-111.440431,41.93697],[-111.440698,41.936989],[-111.440988,41.937157],[-111.441155,41.937184],[-111.441094,41.937182],[-111.441092,41.937209],[-111.441006,41.937327],[-111.440886,41.937271],[-111.439823,41.937277]]]}},{"type":"Feature","properties":{"id":"excl-b-288","kind":"exclusion","name":"Creek exclusion zone","acres":3.8,"editable":true,"source":"Mesic Analysis Platform + NWI (filtered rule, 2 Sep 2026)","strm_type":"Ephemeral","veg_pct":96.2},"geometry":{"type":"Polygon","coordinates":[[[-111.438238,41.938237],[-111.437831,41.938844],[-111.437619,41.938878],[-111.43718,41.939214],[-111.436578,41.939312],[-111.43644,41.939397],[-111.435374,41.939499],[-111.435147,41.939673],[-111.43417,41.939682],[-111.433572,41.939884],[-111.433198,41.940137],[-111.432369,41.940507],[-111.43205,41.940515],[-111.432005,41.940529],[-111.432004,41.940526],[-111.432003,41.940521],[-111.431985,41.940469],[-111.431983,41.940465],[-111.431981,41.940461],[-111.431978,41.940457],[-111.431975,41.940454],[-111.431971,41.940451],[-111.431923,41.94041],[-111.431919,41.940407],[-111.431915,41.940405],[-111.43191,41.940402],[-111.431905,41.9404],[-111.431891,41.940395],[-111.432182,41.940231],[-111.432923,41.940025],[-111.43385,41.939585],[-111.434752,41.939393],[-111.435917,41.939293],[-111.437097,41.938999],[-111.437411,41.938816],[-111.438068,41.938152],[-111.438452,41.937586],[-111.438457,41.937631],[-111.438595,41.937623],[-111.438716,41.937663],[-111.438802,41.937731],[-111.438824,41.937769],[-111.438805,41.937775],[-111.438238,41.938237]]]}},{"type":"Feature","properties":{"id":"excl-b-289","kind":"exclusion","name":"Creek exclusion zone","acres":1.1,"editable":true,"source":"Mesic Analysis Platform + NWI (filtered rule, 2 Sep 2026)","strm_type":"Ephemeral","veg_pct":97.5},"geometry":{"type":"Polygon","coordinates":[[[-111.430842,41.940796],[-111.430144,41.941065],[-111.429808,41.941073],[-111.429771,41.940964],[-111.429868,41.940878],[-111.430795,41.940601],[-111.431804,41.940412],[-111.431777,41.940452],[-111.431841,41.940477],[-111.431872,41.940503],[-111.431883,41.940533],[-111.431881,41.940538],[-111.43194,41.940549],[-111.431165,41.940788],[-111.430842,41.940796]]]}},{"type":"Feature","properties":{"id":"excl-b-290","kind":"exclusion","name":"Creek exclusion zone","acres":1.0,"editable":true,"source":"Mesic Analysis Platform + NWI (filtered rule, 2 Sep 2026)","strm_type":"Ephemeral","veg_pct":95.9},"geometry":{"type":"Polygon","coordinates":[[[-111.430608,41.994218],[-111.431254,41.99403],[-111.431677,41.994022],[-111.432094,41.993847],[-111.432369,41.993847],[-111.432532,41.993988],[-111.431022,41.99432],[-111.430607,41.994494],[-111.430175,41.994518],[-111.430608,41.994218]]]}},{"type":"Feature","properties":{"id":"excl-b-291","kind":"exclusion","name":"Creek exclusion zone","acres":3.3,"editable":true,"source":"Mesic Analysis Platform + NWI (filtered rule, 2 Sep 2026)","strm_type":"Ephemeral","veg_pct":94.2},"geometry":{"type":"Polygon","coordinates":[[[-111.432922,41.900228],[-111.432403,41.900469],[-111.431348,41.901432],[-111.430054,41.902079],[-111.429675,41.902139],[-111.429634,41.90205],[-111.429774,41.901896],[-111.429982,41.901863],[-111.431224,41.901187],[-111.432276,41.900229],[-111.432706,41.899998],[-111.433573,41.899025],[-111.433708,41.898977],[-111.433849,41.899203],[-111.433662,41.899488],[-111.433318,41.899732],[-111.433292,41.899952],[-111.432922,41.900228]]]}},{"type":"Feature","properties":{"id":"excl-b-292","kind":"exclusion","name":"Creek exclusion zone","acres":4.2,"editable":true,"source":"Mesic Analysis Platform + NWI (filtered rule, 2 Sep 2026)","strm_type":"Ephemeral","veg_pct":97.0},"geometry":{"type":"Polygon","coordinates":[[[-111.434773,41.949956],[-111.43356,41.949231],[-111.432646,41.949029],[-111.43195,41.948667],[-111.431165,41.948659],[-111.431027,41.948574],[-111.430795,41.948565],[-111.430703,41.948345],[-111.431629,41.948383],[-111.431837,41.948471],[-111.432182,41.948382],[-111.433174,41.948838],[-111.433499,41.948838],[-111.433662,41.948753],[-111.434111,41.948774],[-111.434255,41.949081],[-111.435118,41.949825],[-111.435964,41.949868],[-111.43585,41.950046],[-111.435236,41.950045],[-111.435095,41.949963],[-111.434773,41.949956]]]}},{"type":"Feature","properties":{"id":"excl-b-293","kind":"exclusion","name":"Creek exclusion zone","acres":0.9,"editable":true,"source":"Mesic Analysis Platform + NWI (filtered rule, 2 Sep 2026)","strm_type":"Intermittent","veg_pct":97.4},"geometry":{"type":"Polygon","coordinates":[[[-111.431387,41.982259],[-111.431535,41.982089],[-111.432552,41.981808],[-111.433716,41.981713],[-111.433733,41.981804],[-111.433386,41.981901],[-111.432901,41.981905],[-111.431629,41.982271],[-111.431387,41.982259]]]}},{"type":"Feature","properties":{"id":"excl-b-294","kind":"exclusion","name":"Creek exclusion zone","acres":0.6,"editable":true,"source":"Mesic Analysis Platform + NWI (filtered rule, 2 Sep 2026)","strm_type":"Ephemeral","veg_pct":97.6},"geometry":{"type":"Polygon","coordinates":[[[-111.431441,41.938287],[-111.431236,41.938262],[-111.43129,41.9381],[-111.431442,41.938011],[-111.431999,41.937823],[-111.432275,41.937765],[-111.432407,41.937799],[-111.432428,41.937879],[-111.431973,41.938044],[-111.431811,41.938193],[-111.43158,41.938202],[-111.431441,41.938287]]]}},{"type":"Feature","properties":{"id":"excl-b-295","kind":"exclusion","name":"Creek exclusion zone","acres":1.2,"editable":true,"source":"Mesic Analysis Platform + NWI (filtered rule, 2 Sep 2026)","strm_type":"Ephemeral","veg_pct":79.0},"geometry":{"type":"Polygon","coordinates":[[[-111.434769,42.106321],[-111.434233,42.106479],[-111.433419,42.106481],[-111.432649,42.106629],[-111.432618,42.106579],[-111.432676,42.106481],[-111.432715,42.106515],[-111.432708,42.106519],[-111.432967,42.106404],[-111.433217,42.106329],[-111.43339,42.10629],[-111.433552,42.106267],[-111.433701,42.106266],[-111.433704,42.106266],[-111.433865,42.106259],[-111.433873,42.106258],[-111.433966,42.106244],[-111.433954,42.1062],[-111.433958,42.1062],[-111.43396,42.106199],[-111.433972,42.106243],[-111.43412,42.106221],[-111.434125,42.10622],[-111.434414,42.106155],[-111.434621,42.106118],[-111.434717,42.106115],[-111.434861,42.106135],[-111.435028,42.106177],[-111.435034,42.106178],[-111.43504,42.106179],[-111.435215,42.106195],[-111.435223,42.106195],[-111.43531,42.106194],[-111.435373,42.106193],[-111.435378,42.106193],[-111.435565,42.106179],[-111.435568,42.106179],[-111.435785,42.106155],[-111.435695,42.106203],[-111.434769,42.106321]]]}},{"type":"Feature","properties":{"id":"excl-b-296","kind":"exclusion","name":"Creek exclusion zone","acres":0.6,"editable":true,"source":"Mesic Analysis Platform + NWI (filtered rule, 2 Sep 2026)","strm_type":"Ephemeral","veg_pct":83.7},"geometry":{"type":"Polygon","coordinates":[[[-111.435707,42.106017],[-111.436066,42.105833],[-111.436801,42.105832],[-111.436989,42.10574],[-111.437219,42.105776],[-111.437154,42.105933],[-111.437147,42.105888],[-111.436692,42.105931],[-111.436689,42.105932],[-111.43636,42.105979],[-111.436357,42.105979],[-111.435997,42.106041],[-111.435552,42.106089],[-111.435368,42.106103],[-111.435308,42.106104],[-111.435225,42.106105],[-111.43506,42.10609],[-111.434895,42.106048],[-111.434887,42.106047],[-111.434732,42.106026],[-111.434725,42.106025],[-111.434719,42.106025],[-111.434611,42.106028],[-111.434605,42.106028],[-111.434599,42.106029],[-111.434384,42.106068],[-111.434381,42.106069],[-111.434157,42.106119],[-111.434398,42.106021],[-111.435707,42.106017]]]}},{"type":"Feature","properties":{"id":"excl-b-297","kind":"exclusion","name":"Creek exclusion zone","acres":0.8,"editable":true,"source":"Mesic Analysis Platform + NWI (filtered rule, 2 Sep 2026)","strm_type":"Ephemeral","veg_pct":97.0},"geometry":{"type":"Polygon","coordinates":[[[-111.431812,41.974308],[-111.431995,41.973922],[-111.431999,41.973433],[-111.431812,41.97301],[-111.431822,41.972752],[-111.431933,41.972736],[-111.432088,41.972921],[-111.432181,41.973937],[-111.431877,41.974653],[-111.43179,41.974626],[-111.431812,41.974308]]]}},{"type":"Feature","properties":{"id":"excl-b-298","kind":"exclusion","name":"Creek exclusion zone","acres":4.1,"editable":true,"source":"Mesic Analysis Platform + NWI (filtered rule, 2 Sep 2026)","strm_type":"Ephemeral","veg_pct":97.0},"geometry":{"type":"Polygon","coordinates":[[[-111.435606,41.969679],[-111.435071,41.969788],[-111.434772,41.969955],[-111.433562,41.970353],[-111.432987,41.970641],[-111.432774,41.970834],[-111.432198,41.971606],[-111.432088,41.972011],[-111.431989,41.972076],[-111.431886,41.972039],[-111.431812,41.971904],[-111.431906,41.971623],[-111.432161,41.971366],[-111.432182,41.971159],[-111.432369,41.970883],[-111.433292,41.970143],[-111.433569,41.970119],[-111.433756,41.969956],[-111.434478,41.969847],[-111.435887,41.969309],[-111.436232,41.969294],[-111.436717,41.969028],[-111.437256,41.969013],[-111.437921,41.968658],[-111.438498,41.968655],[-111.438667,41.968569],[-111.439214,41.968626],[-111.43813,41.96886],[-111.43718,41.969215],[-111.43619,41.969415],[-111.435606,41.969679]]]}},{"type":"Feature","properties":{"id":"excl-b-299","kind":"exclusion","name":"Creek exclusion zone","acres":16.3,"editable":true,"source":"Mesic Analysis Platform + NWI (filtered rule, 2 Sep 2026)","strm_type":"Ephemeral","veg_pct":96.1},"geometry":{"type":"Polygon","coordinates":[[[-111.447973,41.858101],[-111.447829,41.858188],[-111.445805,41.858198],[-111.445608,41.858281],[-111.44475,41.858285],[-111.444581,41.858371],[-111.444217,41.858371],[-111.444034,41.858283],[-111.443341,41.858289],[-111.442431,41.858686],[-111.44209,41.859022],[-111.44172,41.859204],[-111.44103,41.859305],[-111.440886,41.859392],[-111.440567,41.859399],[-111.440422,41.859485],[-111.440028,41.859489],[-111.439865,41.859575],[-111.439456,41.859582],[-111.439312,41.859668],[-111.438899,41.859676],[-111.438754,41.859762],[-111.437508,41.859863],[-111.437163,41.859978],[-111.436997,41.860132],[-111.435789,41.860249],[-111.435551,41.860373],[-111.435099,41.860816],[-111.435053,41.86106],[-111.434621,41.861483],[-111.434589,41.861612],[-111.433301,41.861909],[-111.432996,41.862201],[-111.433005,41.862338],[-111.433198,41.862447],[-111.433215,41.862646],[-111.433436,41.862882],[-111.433849,41.863093],[-111.434194,41.863433],[-111.434713,41.863638],[-111.435423,41.863744],[-111.435635,41.863838],[-111.435887,41.863744],[-111.436396,41.863736],[-111.436816,41.863557],[-111.437368,41.863557],[-111.437512,41.863643],[-111.438108,41.863651],[-111.438294,41.863743],[-111.439124,41.863744],[-111.439269,41.863831],[-111.440235,41.863927],[-111.440516,41.864021],[-111.440678,41.864174],[-111.441068,41.864297],[-111.44116,41.8645],[-111.440792,41.864484],[-111.439929,41.864127],[-111.439218,41.86402],[-111.439029,41.863928],[-111.438487,41.863896],[-111.43821,41.863946],[-111.43792,41.864114],[-111.437644,41.864114],[-111.437269,41.863857],[-111.436899,41.863839],[-111.436716,41.863927],[-111.436278,41.863942],[-111.43607,41.864114],[-111.435612,41.864114],[-111.434369,41.863778],[-111.434032,41.863837],[-111.43348,41.863467],[-111.433199,41.863187],[-111.433072,41.862863],[-111.432577,41.862387],[-111.432275,41.862265],[-111.431442,41.862263],[-111.431106,41.862057],[-111.431348,41.861983],[-111.43151,41.862073],[-111.432369,41.862077],[-111.432613,41.862136],[-111.433292,41.861706],[-111.433851,41.861589],[-111.434184,41.861388],[-111.434558,41.861007],[-111.43459,41.860873],[-111.435017,41.860549],[-111.435054,41.860409],[-111.435977,41.859856],[-111.436738,41.859853],[-111.437368,41.859669],[-111.43841,41.859665],[-111.438572,41.859575],[-111.439814,41.859385],[-111.439959,41.859299],[-111.440931,41.859196],[-111.441637,41.858994],[-111.442273,41.858558],[-111.443013,41.858188],[-111.444682,41.858187],[-111.445327,41.858001],[-111.447274,41.858],[-111.447735,41.857818],[-111.448451,41.857912],[-111.448663,41.857818],[-111.449957,41.857817],[-111.450173,41.857724],[-111.450318,41.857836],[-111.449773,41.858001],[-111.448755,41.858002],[-111.448569,41.858094],[-111.447973,41.858101]]]}},{"type":"Feature","properties":{"id":"excl-b-300","kind":"exclusion","name":"Creek exclusion zone","acres":1.6,"editable":true,"source":"Mesic Analysis Platform + NWI (filtered rule, 2 Sep 2026)","strm_type":"Ephemeral","veg_pct":97.6},"geometry":{"type":"Polygon","coordinates":[[[-111.43205,41.978477],[-111.432029,41.978405],[-111.432276,41.978196],[-111.432901,41.978092],[-111.433573,41.977826],[-111.434049,41.97783],[-111.435506,41.978034],[-111.435493,41.978124],[-111.433849,41.978014],[-111.432369,41.978477],[-111.43205,41.978477]]]}},{"type":"Feature","properties":{"id":"excl-b-301","kind":"exclusion","name":"Creek exclusion zone","acres":1.2,"editable":true,"source":"Mesic Analysis Platform + NWI (filtered rule, 2 Sep 2026)","strm_type":"Ephemeral","veg_pct":85.4},"geometry":{"type":"Polygon","coordinates":[[[-111.43384,42.143423],[-111.433383,42.143423],[-111.433256,42.143202],[-111.433377,42.143147],[-111.434022,42.143147],[-111.434285,42.14324],[-111.435776,42.143206],[-111.435695,42.143423],[-111.434398,42.143423],[-111.434049,42.143334],[-111.43384,42.143423]]]}},{"type":"Feature","properties":{"id":"excl-b-302","kind":"exclusion","name":"Creek exclusion zone","acres":3.4,"editable":true,"source":"Mesic Analysis Platform + NWI (filtered rule, 2 Sep 2026)","strm_type":"Ephemeral","veg_pct":97.6},"geometry":{"type":"Polygon","coordinates":[[[-111.435749,42.048667],[-111.434182,42.048597],[-111.433286,42.048944],[-111.432998,42.048776],[-111.432672,42.048752],[-111.432672,42.048699],[-111.433334,42.04866],[-111.433756,42.04848],[-111.435051,42.048479],[-111.435242,42.048391],[-111.435793,42.048479],[-111.43607,42.048391],[-111.43792,42.048944],[-111.438641,42.049467],[-111.439035,42.049591],[-111.439167,42.049842],[-111.438942,42.049871],[-111.438231,42.049357],[-111.437683,42.04915],[-111.435749,42.048667]]]}},{"type":"Feature","properties":{"id":"excl-b-303","kind":"exclusion","name":"Creek exclusion zone","acres":3.4,"editable":true,"source":"Mesic Analysis Platform + NWI (filtered rule, 2 Sep 2026)","strm_type":"Ephemeral","veg_pct":93.3},"geometry":{"type":"Polygon","coordinates":[[[-111.436461,41.908207],[-111.435689,41.908497],[-111.435517,41.908656],[-111.435122,41.908779],[-111.434126,41.909396],[-111.433878,41.909412],[-111.433386,41.909673],[-111.43316,41.90968],[-111.433015,41.909766],[-111.432714,41.90977],[-111.432182,41.909949],[-111.431817,41.909975],[-111.431883,41.909767],[-111.432531,41.909658],[-111.434596,41.908902],[-111.436193,41.907918],[-111.436596,41.908002],[-111.437732,41.907552],[-111.437738,41.907822],[-111.437544,41.90785],[-111.437091,41.908099],[-111.436461,41.908207]]]}},{"type":"Feature","properties":{"id":"excl-b-304","kind":"exclusion","name":"Creek exclusion zone","acres":5.2,"editable":true,"source":"Mesic Analysis Platform + NWI (filtered rule, 2 Sep 2026)","strm_type":"Ephemeral","veg_pct":97.1},"geometry":{"type":"Polygon","coordinates":[[[-111.439076,41.913851],[-111.438571,41.914048],[-111.438324,41.914177],[-111.438314,41.914189],[-111.438284,41.91415],[-111.438223,41.914176],[-111.438046,41.914231],[-111.43804,41.914234],[-111.438034,41.914236],[-111.437802,41.914361],[-111.437732,41.914388],[-111.437636,41.9144],[-111.437511,41.914393],[-111.437192,41.914335],[-111.437186,41.914334],[-111.43718,41.914334],[-111.437008,41.91433],[-111.437002,41.91433],[-111.436996,41.914331],[-111.43699,41.914332],[-111.436899,41.914352],[-111.436916,41.914395],[-111.436259,41.914396],[-111.436064,41.914489],[-111.435505,41.914488],[-111.435522,41.914445],[-111.435274,41.914391],[-111.435269,41.91439],[-111.435264,41.914389],[-111.435258,41.914389],[-111.435253,41.914389],[-111.435144,41.914395],[-111.435149,41.91444],[-111.435074,41.914399],[-111.434525,41.914395],[-111.434395,41.914452],[-111.434384,41.914408],[-111.434293,41.91442],[-111.434285,41.914422],[-111.434167,41.91445],[-111.434185,41.914493],[-111.433871,41.914504],[-111.433627,41.914614],[-111.433612,41.91457],[-111.432965,41.914698],[-111.432962,41.914699],[-111.432945,41.914703],[-111.432964,41.914746],[-111.432844,41.914666],[-111.432826,41.914567],[-111.433016,41.914489],[-111.433756,41.914302],[-111.434628,41.914205],[-111.434773,41.914119],[-111.43559,41.914124],[-111.435794,41.914025],[-111.436064,41.914025],[-111.436232,41.914115],[-111.43718,41.914119],[-111.437325,41.914205],[-111.437584,41.914208],[-111.438503,41.913808],[-111.438848,41.913561],[-111.439332,41.913558],[-111.439776,41.913379],[-111.440031,41.913363],[-111.441163,41.912821],[-111.441354,41.912912],[-111.441256,41.913097],[-111.440875,41.913219],[-111.440052,41.913655],[-111.439076,41.913851]]]}},{"type":"Feature","properties":{"id":"excl-b-305","kind":"exclusion","name":"Creek exclusion zone","acres":2.3,"editable":true,"source":"Mesic Analysis Platform + NWI (filtered rule, 2 Sep 2026)","strm_type":"Ephemeral","veg_pct":95.4},"geometry":{"type":"Polygon","coordinates":[[[-111.438248,41.914626],[-111.438571,41.914835],[-111.438754,41.914859],[-111.439269,41.915277],[-111.439588,41.915416],[-111.439915,41.915741],[-111.440792,41.91625],[-111.441095,41.916495],[-111.441032,41.916592],[-111.440886,41.916611],[-111.44063,41.916373],[-111.439776,41.915969],[-111.439444,41.915644],[-111.438291,41.914952],[-111.438056,41.914716],[-111.437506,41.914497],[-111.437181,41.914488],[-111.437027,41.914421],[-111.43717,41.914424],[-111.437487,41.914482],[-111.437492,41.914483],[-111.437498,41.914483],[-111.437635,41.91449],[-111.437642,41.91449],[-111.437648,41.914489],[-111.43776,41.914476],[-111.437767,41.914475],[-111.437773,41.914474],[-111.437779,41.914472],[-111.437862,41.91444],[-111.437866,41.914438],[-111.437869,41.914436],[-111.438099,41.914313],[-111.438251,41.914265],[-111.438112,41.914433],[-111.438248,41.914626]]]}},{"type":"Feature","properties":{"id":"excl-b-306","kind":"exclusion","name":"Creek exclusion zone","acres":10.9,"editable":true,"source":"Mesic Analysis Platform + NWI (filtered rule, 2 Sep 2026)","strm_type":"Ephemeral","veg_pct":95.4},"geometry":{"type":"Polygon","coordinates":[[[-111.449194,42.059237],[-111.448258,42.059039],[-111.447033,42.059232],[-111.446718,42.059409],[-111.445978,42.059409],[-111.445289,42.059137],[-111.444885,42.059111],[-111.444622,42.058963],[-111.44434,42.059127],[-111.442752,42.059191],[-111.442463,42.059295],[-111.442026,42.059328],[-111.441902,42.059409],[-111.440782,42.059506],[-111.439877,42.059773],[-111.439036,42.059779],[-111.438891,42.059693],[-111.438018,42.059593],[-111.437831,42.059686],[-111.437491,42.059698],[-111.436533,42.060087],[-111.43607,42.060426],[-111.435684,42.060429],[-111.435053,42.060613],[-111.434482,42.060617],[-111.433916,42.060784],[-111.43386,42.060746],[-111.433943,42.06052],[-111.434358,42.060511],[-111.434683,42.060333],[-111.435397,42.06032],[-111.4357,42.060056],[-111.436329,42.059947],[-111.436628,42.05978],[-111.437832,42.05941],[-111.438478,42.05941],[-111.438661,42.059498],[-111.439869,42.059498],[-111.440516,42.059316],[-111.441205,42.059309],[-111.441533,42.059129],[-111.441949,42.059121],[-111.442924,42.058852],[-111.444308,42.058851],[-111.444498,42.058759],[-111.444957,42.058759],[-111.445102,42.058845],[-111.446254,42.058946],[-111.446422,42.059036],[-111.447059,42.059039],[-111.447829,42.058759],[-111.44875,42.058758],[-111.44922,42.058945],[-111.44996,42.058852],[-111.450272,42.059037],[-111.449973,42.059197],[-111.44996,42.059498],[-111.449679,42.059498],[-111.449194,42.059237]]]}},{"type":"Feature","properties":{"id":"excl-b-307","kind":"exclusion","name":"Creek exclusion zone","acres":0.6,"editable":true,"source":"Mesic Analysis Platform + NWI (filtered rule, 2 Sep 2026)","strm_type":"Intermittent","veg_pct":89.3},"geometry":{"type":"Polygon","coordinates":[[[-111.433101,41.886245],[-111.433943,41.886521],[-111.434077,41.886708],[-111.433943,41.886891],[-111.43357,41.886638],[-111.433109,41.886521],[-111.433101,41.886245]]]}},{"type":"Feature","properties":{"id":"excl-b-308","kind":"exclusion","name":"Creek exclusion zone","acres":1.2,"editable":true,"source":"Mesic Analysis Platform + NWI (filtered rule, 2 Sep 2026)","strm_type":"Ephemeral","veg_pct":94.4},"geometry":{"type":"Polygon","coordinates":[[[-111.434496,42.054317],[-111.434267,42.054117],[-111.434402,42.054036],[-111.434677,42.054036],[-111.434828,42.054123],[-111.435147,42.05413],[-111.43536,42.054305],[-111.43652,42.0545],[-111.436601,42.054653],[-111.435424,42.054593],[-111.435024,42.054419],[-111.434496,42.054317]]]}},{"type":"Feature","properties":{"id":"excl-b-309","kind":"exclusion","name":"Creek exclusion zone","acres":3.3,"editable":true,"source":"Mesic Analysis Platform + NWI (filtered rule, 2 Sep 2026)","strm_type":"Perennial","veg_pct":95.1},"geometry":{"type":"Polygon","coordinates":[[[-111.440096,42.043578],[-111.440103,42.043533],[-111.439716,42.043497],[-111.439709,42.043542],[-111.439586,42.043482],[-111.439103,42.043482],[-111.439116,42.043437],[-111.439037,42.043425],[-111.438426,42.043282],[-111.438408,42.043325],[-111.438316,42.043298],[-111.438292,42.043298],[-111.43831,42.043255],[-111.438204,42.04323],[-111.438198,42.043229],[-111.438067,42.043209],[-111.437947,42.043179],[-111.437809,42.043123],[-111.43778,42.043162],[-111.437763,42.043146],[-111.437724,42.043131],[-111.437764,42.043097],[-111.43754,42.042948],[-111.437534,42.042944],[-111.437323,42.042835],[-111.437173,42.042748],[-111.43717,42.042746],[-111.436928,42.042622],[-111.436894,42.042659],[-111.436801,42.042573],[-111.436705,42.042569],[-111.436737,42.042531],[-111.436708,42.042518],[-111.4367,42.042515],[-111.436498,42.042449],[-111.436494,42.042447],[-111.436093,42.042343],[-111.43609,42.042343],[-111.435866,42.042294],[-111.435849,42.042337],[-111.43572,42.042281],[-111.435588,42.04228],[-111.435605,42.042236],[-111.435558,42.042226],[-111.435354,42.042174],[-111.435351,42.042174],[-111.435233,42.04215],[-111.435226,42.042148],[-111.43509,42.042133],[-111.435084,42.042133],[-111.435077,42.042133],[-111.434935,42.042139],[-111.434939,42.042184],[-111.434686,42.042184],[-111.434693,42.042139],[-111.434573,42.042129],[-111.434566,42.042174],[-111.434371,42.04209],[-111.434323,42.04194],[-111.434822,42.041912],[-111.43681,42.042184],[-111.438138,42.043099],[-111.439024,42.043254],[-111.439494,42.043205],[-111.439636,42.043287],[-111.440516,42.043388],[-111.440707,42.043469],[-111.440581,42.043648],[-111.440593,42.043604],[-111.440326,42.043562],[-111.440313,42.043606],[-111.440263,42.043579],[-111.440096,42.043578]]]}},{"type":"Feature","properties":{"id":"excl-b-310","kind":"exclusion","name":"Creek exclusion zone","acres":1.7,"editable":true,"source":"Mesic Analysis Platform + NWI (filtered rule, 2 Sep 2026)","strm_type":"Ephemeral","veg_pct":86.7},"geometry":{"type":"Polygon","coordinates":[[[-111.434361,41.936139],[-111.434313,41.93579],[-111.434401,41.935662],[-111.434403,41.935139],[-111.43459,41.934675],[-111.435054,41.934118],[-111.435434,41.934001],[-111.435794,41.933748],[-111.435994,41.933834],[-111.434709,41.934921],[-111.434559,41.935389],[-111.434555,41.93614],[-111.434361,41.936139]]]}},{"type":"Feature","properties":{"id":"excl-b-311","kind":"exclusion","name":"Creek exclusion zone","acres":0.8,"editable":true,"source":"Mesic Analysis Platform + NWI (filtered rule, 2 Sep 2026)","strm_type":"Ephemeral","veg_pct":96.8},"geometry":{"type":"Polygon","coordinates":[[[-111.434874,42.015965],[-111.434858,42.015909],[-111.435147,42.015701],[-111.435627,42.015698],[-111.435794,42.015608],[-111.436692,42.015701],[-111.436904,42.015608],[-111.437229,42.015608],[-111.437363,42.015699],[-111.437091,42.015795],[-111.435493,42.015798],[-111.435053,42.015978],[-111.434874,42.015965]]]}},{"type":"Feature","properties":{"id":"excl-b-312","kind":"exclusion","name":"Creek exclusion zone","acres":0.6,"editable":true,"source":"Mesic Analysis Platform + NWI (filtered rule, 2 Sep 2026)","strm_type":"Ephemeral","veg_pct":96.6},"geometry":{"type":"Polygon","coordinates":[[[-111.435517,42.002552],[-111.435832,42.002458],[-111.435987,42.002555],[-111.435053,42.003015],[-111.434799,42.003015],[-111.434866,42.002828],[-111.435517,42.002552]]]}},{"type":"Feature","properties":{"id":"excl-b-313","kind":"exclusion","name":"Creek exclusion zone","acres":1.3,"editable":true,"source":"Mesic Analysis Platform + NWI (filtered rule, 2 Sep 2026)","strm_type":"Ephemeral","veg_pct":95.1},"geometry":{"type":"Polygon","coordinates":[[[-111.435129,42.032276],[-111.435424,42.032182],[-111.436533,42.032181],[-111.436717,42.032093],[-111.437754,42.03209],[-111.437927,42.031999],[-111.438182,42.032089],[-111.438759,42.032092],[-111.438638,42.032182],[-111.437671,42.032183],[-111.435039,42.032465],[-111.435129,42.032276]]]}},{"type":"Feature","properties":{"id":"excl-b-314","kind":"exclusion","name":"Creek exclusion zone","acres":12.0,"editable":true,"source":"Mesic Analysis Platform + NWI (filtered rule, 2 Sep 2026)","strm_type":"Ephemeral","veg_pct":96.2},"geometry":{"type":"Polygon","coordinates":[[[-111.450023,42.072018],[-111.450021,42.072018],[-111.449998,42.072059],[-111.44968,42.071838],[-111.449033,42.071725],[-111.44887,42.071636],[-111.4482,42.071634],[-111.448209,42.071589],[-111.448126,42.07158],[-111.448121,42.071579],[-111.447583,42.071554],[-111.447579,42.071554],[-111.447467,42.071554],[-111.447467,42.071599],[-111.447376,42.071564],[-111.445611,42.071698],[-111.445385,42.071755],[-111.445389,42.07171],[-111.445347,42.071708],[-111.44534,42.071708],[-111.445334,42.071708],[-111.445328,42.071709],[-111.445321,42.071711],[-111.445192,42.071748],[-111.445187,42.07175],[-111.445183,42.071752],[-111.445178,42.071754],[-111.445174,42.071756],[-111.44517,42.071759],[-111.445166,42.071762],[-111.445154,42.071774],[-111.445202,42.071802],[-111.44515,42.071815],[-111.444969,42.071697],[-111.443554,42.071553],[-111.443455,42.071618],[-111.443491,42.071582],[-111.443392,42.071528],[-111.443385,42.071524],[-111.443286,42.071484],[-111.443236,42.071464],[-111.443231,42.071463],[-111.443226,42.071461],[-111.443221,42.07146],[-111.443216,42.071459],[-111.443039,42.07144],[-111.443032,42.07144],[-111.443026,42.07144],[-111.44302,42.071441],[-111.442836,42.071465],[-111.44283,42.071466],[-111.442825,42.071467],[-111.44282,42.071469],[-111.442815,42.071471],[-111.44281,42.071473],[-111.442806,42.071476],[-111.442802,42.071479],[-111.442798,42.071482],[-111.442795,42.071485],[-111.442734,42.071558],[-111.442733,42.071558],[-111.442678,42.071625],[-111.442584,42.071618],[-111.442579,42.071618],[-111.442573,42.071618],[-111.442568,42.071619],[-111.442458,42.071632],[-111.442379,42.071638],[-111.442372,42.071639],[-111.442365,42.071641],[-111.442204,42.071684],[-111.442199,42.071685],[-111.442194,42.071687],[-111.44219,42.071689],[-111.442185,42.071691],[-111.442004,42.071803],[-111.442001,42.071806],[-111.44195,42.071843],[-111.441946,42.071846],[-111.441942,42.071849],[-111.441895,42.0719],[-111.441877,42.071913],[-111.441805,42.071665],[-111.441069,42.071538],[-111.439865,42.070798],[-111.439087,42.069909],[-111.438015,42.068947],[-111.437242,42.067703],[-111.436949,42.067402],[-111.436572,42.067193],[-111.436021,42.067186],[-111.435913,42.067057],[-111.436164,42.06691],[-111.436528,42.06691],[-111.437091,42.067093],[-111.437601,42.067622],[-111.437831,42.067744],[-111.437868,42.067882],[-111.438201,42.068207],[-111.438238,42.06844],[-111.439218,42.069411],[-111.43944,42.069831],[-111.439682,42.069964],[-111.440563,42.070843],[-111.440979,42.070892],[-111.441741,42.07134],[-111.443728,42.071355],[-111.443941,42.071262],[-111.444398,42.071262],[-111.444661,42.071441],[-111.445641,42.071448],[-111.446348,42.071444],[-111.446537,42.071355],[-111.448475,42.071356],[-111.44864,42.071433],[-111.449215,42.071445],[-111.449735,42.071718],[-111.450143,42.071726],[-111.450401,42.072093],[-111.45005,42.072095],[-111.45,42.07206],[-111.450023,42.072018]]]}},{"type":"Feature","properties":{"id":"excl-b-315","kind":"exclusion","name":"Creek exclusion zone","acres":0.2,"editable":true,"source":"Mesic Analysis Platform + NWI (filtered rule, 2 Sep 2026)","strm_type":"Ephemeral","veg_pct":97.2},"geometry":{"type":"Polygon","coordinates":[[[-111.442787,42.07173],[-111.442789,42.071701],[-111.442789,42.071697],[-111.442789,42.071693],[-111.442788,42.071689],[-111.442786,42.071685],[-111.442785,42.071681],[-111.442782,42.071677],[-111.44278,42.071674],[-111.442836,42.071606],[-111.442883,42.07155],[-111.443031,42.071531],[-111.443188,42.071547],[-111.443228,42.071564],[-111.443324,42.071602],[-111.443409,42.071649],[-111.443294,42.071725],[-111.442787,42.07173]]]}},{"type":"Feature","properties":{"id":"excl-b-316","kind":"exclusion","name":"Creek exclusion zone","acres":4.8,"editable":true,"source":"Mesic Analysis Platform + NWI (filtered rule, 2 Sep 2026)","strm_type":"Ephemeral","veg_pct":94.3},"geometry":{"type":"Polygon","coordinates":[[[-111.44356,42.085826],[-111.442676,42.086414],[-111.442205,42.086881],[-111.442179,42.087096],[-111.441986,42.087124],[-111.44172,42.087372],[-111.44146,42.087446],[-111.441101,42.088034],[-111.440609,42.088483],[-111.439401,42.088971],[-111.439218,42.089134],[-111.438499,42.089332],[-111.438201,42.089504],[-111.437747,42.089499],[-111.437738,42.089317],[-111.438014,42.089134],[-111.438733,42.089119],[-111.439588,42.08867],[-111.439983,42.088542],[-111.440422,42.088207],[-111.440646,42.088161],[-111.441439,42.087096],[-111.442273,42.08645],[-111.442686,42.086217],[-111.443294,42.085705],[-111.443529,42.085696],[-111.443796,42.085571],[-111.444217,42.085152],[-111.44468,42.085152],[-111.44468,42.085335],[-111.444497,42.085522],[-111.443847,42.085798],[-111.44356,42.085826]]]}},{"type":"Feature","properties":{"id":"excl-b-317","kind":"exclusion","name":"Creek exclusion zone","acres":0.9,"editable":true,"source":"Mesic Analysis Platform + NWI (filtered rule, 2 Sep 2026)","strm_type":"Ephemeral","veg_pct":91.8},"geometry":{"type":"Polygon","coordinates":[[[-111.436904,42.089781],[-111.436069,42.089764],[-111.436182,42.08941],[-111.436347,42.089317],[-111.436925,42.089582],[-111.437438,42.08964],[-111.437422,42.089823],[-111.437296,42.089874],[-111.437091,42.089874],[-111.436904,42.089781]]]}},{"type":"Feature","properties":{"id":"excl-b-318","kind":"exclusion","name":"Creek exclusion zone","acres":0.6,"editable":true,"source":"Mesic Analysis Platform + NWI (filtered rule, 2 Sep 2026)","strm_type":"Intermittent","veg_pct":96.0},"geometry":{"type":"Polygon","coordinates":[[[-111.434706,41.887542],[-111.434866,41.887378],[-111.435236,41.887725],[-111.43533,41.888282],[-111.435054,41.888282],[-111.435073,41.888037],[-111.434706,41.887542]]]}},{"type":"Feature","properties":{"id":"excl-b-319","kind":"exclusion","name":"Creek exclusion zone","acres":0.8,"editable":true,"source":"Mesic Analysis Platform + NWI (filtered rule, 2 Sep 2026)","strm_type":"Intermittent","veg_pct":97.6},"geometry":{"type":"Polygon","coordinates":[[[-111.436525,42.15009],[-111.436806,42.149907],[-111.437488,42.14972],[-111.43759,42.15],[-111.437176,42.150183],[-111.436909,42.150203],[-111.436637,42.15037],[-111.436525,42.15009]]]}},{"type":"Feature","properties":{"id":"excl-b-320","kind":"exclusion","name":"Creek exclusion zone","acres":8.0,"editable":true,"source":"Mesic Analysis Platform + NWI (filtered rule, 2 Sep 2026)","strm_type":"Ephemeral","veg_pct":95.8},"geometry":{"type":"Polygon","coordinates":[[[-111.448386,41.891524],[-111.447823,41.891267],[-111.44748,41.891157],[-111.447182,41.891154],[-111.446763,41.890975],[-111.445795,41.890968],[-111.445608,41.89106],[-111.445189,41.891069],[-111.444868,41.891248],[-111.444577,41.891276],[-111.444178,41.891476],[-111.443664,41.891988],[-111.443476,41.892077],[-111.442692,41.892179],[-111.441996,41.892447],[-111.441394,41.892456],[-111.440979,41.892634],[-111.440675,41.892541],[-111.439775,41.892542],[-111.439588,41.892634],[-111.439281,41.892635],[-111.438848,41.892634],[-111.438659,41.892542],[-111.438405,41.892542],[-111.438423,41.892477],[-111.438424,41.892472],[-111.438424,41.892467],[-111.438424,41.892463],[-111.438411,41.892373],[-111.438411,41.892369],[-111.438409,41.892365],[-111.438407,41.892361],[-111.438357,41.892266],[-111.438378,41.892264],[-111.438522,41.89235],[-111.438755,41.892357],[-111.438942,41.892265],[-111.439212,41.892265],[-111.439556,41.892391],[-111.440008,41.89235],[-111.440146,41.892265],[-111.441277,41.892261],[-111.441809,41.892077],[-111.443179,41.891879],[-111.443443,41.891743],[-111.443847,41.891337],[-111.444587,41.890967],[-111.445161,41.890964],[-111.445697,41.890784],[-111.446718,41.890784],[-111.446881,41.89087],[-111.447552,41.890873],[-111.447838,41.891041],[-111.448105,41.891061],[-111.448573,41.891247],[-111.448964,41.891244],[-111.44921,41.891154],[-111.44936,41.891241],[-111.449716,41.89128],[-111.450513,41.891248],[-111.450672,41.891333],[-111.45107,41.891337],[-111.451088,41.891524],[-111.450877,41.891618],[-111.45033,41.891618],[-111.450141,41.891525],[-111.448386,41.891524]]]}},{"type":"Feature","properties":{"id":"excl-b-321","kind":"exclusion","name":"Creek exclusion zone","acres":10.8,"editable":true,"source":"Mesic Analysis Platform + NWI (filtered rule, 2 Sep 2026)","strm_type":"Intermittent","veg_pct":95.2},"geometry":{"type":"Polygon","coordinates":[[[-111.436536,41.892618],[-111.436507,41.892783],[-111.436767,41.893053],[-111.437623,41.893371],[-111.439035,41.893375],[-111.439474,41.893558],[-111.440609,41.893562],[-111.441312,41.893808],[-111.442084,41.893745],[-111.442279,41.893838],[-111.4432,41.893839],[-111.443365,41.893992],[-111.443733,41.894112],[-111.444217,41.894115],[-111.44439,41.89418],[-111.444587,41.894115],[-111.445238,41.894115],[-111.445634,41.894254],[-111.445092,41.894216],[-111.445086,41.894216],[-111.44508,41.894216],[-111.445074,41.894217],[-111.445,41.894228],[-111.444993,41.894229],[-111.444987,41.894231],[-111.444982,41.894233],[-111.444939,41.894251],[-111.444765,41.894243],[-111.444759,41.894243],[-111.444506,41.894252],[-111.44424,41.894229],[-111.444233,41.894229],[-111.443915,41.894227],[-111.44391,41.894227],[-111.443586,41.894244],[-111.443581,41.894245],[-111.443315,41.894276],[-111.443307,41.894278],[-111.443199,41.894301],[-111.443194,41.894303],[-111.443189,41.894304],[-111.443184,41.894306],[-111.44318,41.894308],[-111.443122,41.89434],[-111.443158,41.894376],[-111.442178,41.893933],[-111.441626,41.894115],[-111.441075,41.894115],[-111.440604,41.893933],[-111.439312,41.893932],[-111.438707,41.893569],[-111.438384,41.893651],[-111.437921,41.893651],[-111.43778,41.893569],[-111.437274,41.893562],[-111.436998,41.893468],[-111.43644,41.893192],[-111.43496,41.891801],[-111.434773,41.891337],[-111.434773,41.891061],[-111.435403,41.890527],[-111.435424,41.889999],[-111.434866,41.889206],[-111.435053,41.889117],[-111.435423,41.889487],[-111.435606,41.889857],[-111.4357,41.890597],[-111.435154,41.89105],[-111.435257,41.891454],[-111.436048,41.892137],[-111.43644,41.892171],[-111.436972,41.892354],[-111.438295,41.89227],[-111.438239,41.892286],[-111.438292,41.892388],[-111.438303,41.892465],[-111.438284,41.892532],[-111.438343,41.892542],[-111.436734,41.892541],[-111.436536,41.892618]]]}},{"type":"Feature","properties":{"id":"excl-b-322","kind":"exclusion","name":"Creek exclusion zone","acres":1.1,"editable":true,"source":"Mesic Analysis Platform + NWI (filtered rule, 2 Sep 2026)","strm_type":"Intermittent","veg_pct":94.3},"geometry":{"type":"Polygon","coordinates":[[[-111.447329,41.894672],[-111.446812,41.894672],[-111.446625,41.89458],[-111.445791,41.894579],[-111.445236,41.894397],[-111.443225,41.894396],[-111.443243,41.894386],[-111.443337,41.894365],[-111.443597,41.894334],[-111.443916,41.894317],[-111.444229,41.894319],[-111.444497,41.894342],[-111.444502,41.894342],[-111.444507,41.894342],[-111.444762,41.894333],[-111.44495,41.894341],[-111.444956,41.894341],[-111.444962,41.894341],[-111.444967,41.89434],[-111.444973,41.894339],[-111.444978,41.894338],[-111.444983,41.894336],[-111.445033,41.894315],[-111.445089,41.894306],[-111.445678,41.894348],[-111.446236,41.894443],[-111.446239,41.894443],[-111.446401,41.894463],[-111.446408,41.894464],[-111.44671,41.894473],[-111.446715,41.894473],[-111.44672,41.894473],[-111.446988,41.894448],[-111.446992,41.894447],[-111.44705,41.894439],[-111.44704,41.894395],[-111.447271,41.894396],[-111.447329,41.894672]]]}},{"type":"Feature","properties":{"id":"excl-b-323","kind":"exclusion","name":"Creek exclusion zone","acres":2.1,"editable":true,"source":"Mesic Analysis Platform + NWI (filtered rule, 2 Sep 2026)","strm_type":"Ephemeral","veg_pct":93.4},"geometry":{"type":"Polygon","coordinates":[[[-111.435424,41.877633],[-111.435282,41.877451],[-111.434955,41.877447],[-111.434884,41.877264],[-111.435977,41.876801],[-111.436904,41.8768],[-111.436908,41.87717],[-111.436815,41.877357],[-111.436384,41.877205],[-111.43561,41.87747],[-111.435424,41.877633]]]}},{"type":"Feature","properties":{"id":"excl-b-324","kind":"exclusion","name":"Creek exclusion zone","acres":1.5,"editable":true,"source":"Mesic Analysis Platform + NWI (filtered rule, 2 Sep 2026)","strm_type":"Ephemeral","veg_pct":96.5},"geometry":{"type":"Polygon","coordinates":[[[-111.437368,42.063761],[-111.437223,42.063675],[-111.436534,42.063574],[-111.436293,42.06348],[-111.436184,42.063325],[-111.43718,42.063298],[-111.437502,42.063472],[-111.437831,42.063481],[-111.438021,42.063573],[-111.438478,42.063574],[-111.438621,42.063782],[-111.4385,42.063855],[-111.437927,42.063855],[-111.437758,42.063765],[-111.437368,42.063761]]]}},{"type":"Feature","properties":{"id":"excl-b-325","kind":"exclusion","name":"Creek exclusion zone","acres":0.6,"editable":true,"source":"Mesic Analysis Platform + NWI (filtered rule, 2 Sep 2026)","strm_type":"Ephemeral","veg_pct":95.2},"geometry":{"type":"Polygon","coordinates":[[[-111.436164,42.025052],[-111.436717,42.024776],[-111.43711,42.024753],[-111.43681,42.025052],[-111.436346,42.025239],[-111.435947,42.025286],[-111.436164,42.025052]]]}},{"type":"Feature","properties":{"id":"excl-b-326","kind":"exclusion","name":"Creek exclusion zone","acres":1.4,"editable":true,"source":"Mesic Analysis Platform + NWI (filtered rule, 2 Sep 2026)","strm_type":"Ephemeral","veg_pct":96.4},"geometry":{"type":"Polygon","coordinates":[[[-111.436891,41.99432],[-111.43607,41.994217],[-111.435834,41.994053],[-111.437368,41.994124],[-111.437506,41.994209],[-111.43792,41.994218],[-111.43811,41.99431],[-111.438405,41.994308],[-111.438661,41.994218],[-111.438805,41.994304],[-111.439124,41.994311],[-111.439423,41.994408],[-111.439409,41.994502],[-111.437644,41.994404],[-111.437477,41.994314],[-111.436891,41.99432]]]}},{"type":"Feature","properties":{"id":"excl-b-327","kind":"exclusion","name":"Creek exclusion zone","acres":1.7,"editable":true,"source":"Mesic Analysis Platform + NWI (filtered rule, 2 Sep 2026)","strm_type":"Ephemeral","veg_pct":97.0},"geometry":{"type":"Polygon","coordinates":[[[-111.439958,42.002087],[-111.43938,42.002092],[-111.439218,42.002181],[-111.438113,42.002183],[-111.43792,42.002275],[-111.437385,42.002276],[-111.43718,42.002364],[-111.436812,42.00239],[-111.436795,42.002342],[-111.436891,42.002182],[-111.437506,42.002173],[-111.437832,42.001994],[-111.438289,42.002087],[-111.438478,42.001994],[-111.439523,42.00199],[-111.439959,42.001811],[-111.441527,42.001803],[-111.441549,42.001858],[-111.440857,42.001909],[-111.440698,42.001994],[-111.440125,42.001997],[-111.439958,42.002087]]]}},{"type":"Feature","properties":{"id":"excl-b-328","kind":"exclusion","name":"Creek exclusion zone","acres":0.6,"editable":true,"source":"Mesic Analysis Platform + NWI (filtered rule, 2 Sep 2026)","strm_type":"Intermittent","veg_pct":97.6},"geometry":{"type":"Polygon","coordinates":[[[-111.437383,41.982728],[-111.437966,41.982909],[-111.438291,41.982918],[-111.438591,41.9831],[-111.43852,41.983248],[-111.438384,41.983261],[-111.437462,41.982918],[-111.437383,41.982728]]]}},{"type":"Feature","properties":{"id":"excl-b-329","kind":"exclusion","name":"Creek exclusion zone","acres":6.3,"editable":true,"source":"Mesic Analysis Platform + NWI (filtered rule, 2 Sep 2026)","strm_type":"Ephemeral","veg_pct":95.3},"geometry":{"type":"Polygon","coordinates":[[[-111.448475,42.088483],[-111.448061,42.088491],[-111.447646,42.08867],[-111.447459,42.08867],[-111.447157,42.088538],[-111.446567,42.088573],[-111.446375,42.088523],[-111.446123,42.088658],[-111.445619,42.088756],[-111.44468,42.088857],[-111.443569,42.088857],[-111.442689,42.089108],[-111.442366,42.08941],[-111.442041,42.089419],[-111.441439,42.089597],[-111.440911,42.089628],[-111.439588,42.09015],[-111.438574,42.090151],[-111.438304,42.090244],[-111.438233,42.090055],[-111.438407,42.089874],[-111.438772,42.090005],[-111.439337,42.090003],[-111.439495,42.089874],[-111.439673,42.089855],[-111.440422,42.089504],[-111.441903,42.089204],[-111.44283,42.08867],[-111.444864,42.088669],[-111.445051,42.088577],[-111.445765,42.08847],[-111.446161,42.0883],[-111.446442,42.0883],[-111.446629,42.088393],[-111.447918,42.088393],[-111.448105,42.0883],[-111.448704,42.088299],[-111.448939,42.088206],[-111.449258,42.088199],[-111.449773,42.088024],[-111.45008,42.088024],[-111.450217,42.088128],[-111.449354,42.088308],[-111.449215,42.088393],[-111.448659,42.088395],[-111.448475,42.088483]]]}},{"type":"Feature","properties":{"id":"excl-b-330","kind":"exclusion","name":"Creek exclusion zone","acres":2.7,"editable":true,"source":"Mesic Analysis Platform + NWI (filtered rule, 2 Sep 2026)","strm_type":"Ephemeral","veg_pct":93.6},"geometry":{"type":"Polygon","coordinates":[[[-111.441177,42.092395],[-111.439501,42.092466],[-111.438993,42.09268],[-111.438571,42.09328],[-111.438356,42.093216],[-111.438478,42.092835],[-111.438848,42.092465],[-111.439125,42.092376],[-111.439537,42.092368],[-111.439682,42.092282],[-111.440255,42.092279],[-111.440422,42.092189],[-111.441069,42.092188],[-111.441231,42.092278],[-111.441809,42.092282],[-111.442338,42.092461],[-111.442924,42.092465],[-111.443013,42.092559],[-111.442923,42.092928],[-111.442737,42.092928],[-111.441694,42.09248],[-111.441177,42.092395]]]}},{"type":"Feature","properties":{"id":"excl-b-331","kind":"exclusion","name":"Creek exclusion zone","acres":2.4,"editable":true,"source":"Mesic Analysis Platform + NWI (filtered rule, 2 Sep 2026)","strm_type":"Ephemeral","veg_pct":96.6},"geometry":{"type":"Polygon","coordinates":[[[-111.446464,41.960052],[-111.445608,41.960047],[-111.445208,41.959954],[-111.444009,41.960051],[-111.443847,41.960141],[-111.443432,41.960149],[-111.443288,41.960235],[-111.44209,41.960234],[-111.441878,41.960141],[-111.441063,41.960235],[-111.440502,41.96017],[-111.440307,41.960217],[-111.440349,41.960132],[-111.440351,41.960126],[-111.440352,41.960121],[-111.440378,41.959955],[-111.440318,41.95995],[-111.440422,41.959954],[-111.440584,41.960043],[-111.442273,41.960047],[-111.442815,41.960131],[-111.443519,41.96004],[-111.443664,41.959954],[-111.444152,41.95995],[-111.444311,41.959865],[-111.445879,41.959864],[-111.446048,41.95995],[-111.446812,41.959954],[-111.446979,41.960044],[-111.447365,41.960047],[-111.447689,41.960232],[-111.447182,41.960234],[-111.447044,41.960149],[-111.446625,41.960141],[-111.446464,41.960052]]]}},{"type":"Feature","properties":{"id":"excl-b-332","kind":"exclusion","name":"Creek exclusion zone","acres":0.4,"editable":true,"source":"Mesic Analysis Platform + NWI (filtered rule, 2 Sep 2026)","strm_type":"Ephemeral","veg_pct":97.3},"geometry":{"type":"Polygon","coordinates":[[[-111.439509,41.959983],[-111.439356,41.960024],[-111.439376,41.959986],[-111.439378,41.959981],[-111.43938,41.959976],[-111.43938,41.959971],[-111.439391,41.959737],[-111.43933,41.959735],[-111.439391,41.959733],[-111.439386,41.959648],[-111.439475,41.959737],[-111.439994,41.959939],[-111.440257,41.959948],[-111.440233,41.960105],[-111.440189,41.960196],[-111.440187,41.960197],[-111.440008,41.960056],[-111.439509,41.959983]]]}},{"type":"Feature","properties":{"id":"excl-b-333","kind":"exclusion","name":"Creek exclusion zone","acres":1.6,"editable":true,"source":"Mesic Analysis Platform + NWI (filtered rule, 2 Sep 2026)","strm_type":"Ephemeral","veg_pct":92.7},"geometry":{"type":"Polygon","coordinates":[[[-111.438676,41.960885],[-111.438622,41.960865],[-111.438525,41.961005],[-111.438523,41.961009],[-111.438521,41.961013],[-111.43852,41.961017],[-111.438431,41.961347],[-111.438342,41.961469],[-111.43834,41.961473],[-111.438337,41.961477],[-111.438304,41.961558],[-111.438303,41.961563],[-111.43828,41.961653],[-111.43828,41.961657],[-111.438279,41.961662],[-111.43828,41.961666],[-111.438281,41.961671],[-111.438335,41.961846],[-111.438296,41.961921],[-111.438215,41.96201],[-111.438213,41.962012],[-111.438211,41.962015],[-111.438203,41.962027],[-111.438108,41.961898],[-111.438108,41.961528],[-111.438291,41.961068],[-111.438466,41.960888],[-111.438478,41.960605],[-111.43912,41.959847],[-111.439115,41.959584],[-111.438875,41.959213],[-111.438917,41.95904],[-111.439139,41.959074],[-111.439267,41.959528],[-111.439323,41.959584],[-111.439262,41.959585],[-111.43927,41.959735],[-111.43926,41.95996],[-111.439165,41.96014],[-111.439221,41.960157],[-111.438687,41.960755],[-111.438676,41.960885]]]}},{"type":"Feature","properties":{"id":"excl-b-334","kind":"exclusion","name":"Creek exclusion zone","acres":2.1,"editable":true,"source":"Mesic Analysis Platform + NWI (filtered rule, 2 Sep 2026)","strm_type":"Ephemeral","veg_pct":95.7},"geometry":{"type":"Polygon","coordinates":[[[-111.438695,41.962121],[-111.439353,41.962353],[-111.439775,41.962362],[-111.439899,41.962443],[-111.440698,41.962549],[-111.440843,41.962635],[-111.441349,41.962643],[-111.442089,41.962824],[-111.442553,41.962826],[-111.443071,41.963013],[-111.443126,41.963203],[-111.442111,41.962923],[-111.44172,41.962919],[-111.440902,41.962736],[-111.439865,41.962642],[-111.439267,41.962464],[-111.438942,41.962455],[-111.438385,41.962272],[-111.438239,41.962075],[-111.438293,41.962095],[-111.438317,41.962058],[-111.4384,41.961967],[-111.438403,41.961963],[-111.438406,41.961958],[-111.438454,41.961866],[-111.438456,41.961862],[-111.438457,41.961857],[-111.438458,41.961853],[-111.438458,41.961849],[-111.438458,41.961844],[-111.438456,41.96184],[-111.438401,41.96166],[-111.438421,41.961582],[-111.43844,41.961534],[-111.43849,41.961904],[-111.438695,41.962121]]]}},{"type":"Feature","properties":{"id":"excl-b-335","kind":"exclusion","name":"Creek exclusion zone","acres":0.6,"editable":true,"source":"Mesic Analysis Platform + NWI (filtered rule, 2 Sep 2026)","strm_type":"Ephemeral","veg_pct":95.2},"geometry":{"type":"Polygon","coordinates":[[[-111.438681,42.0239],[-111.438755,42.023665],[-111.439218,42.023295],[-111.439588,42.023202],[-111.439764,42.023322],[-111.439265,42.023526],[-111.439035,42.023848],[-111.438848,42.023924],[-111.438681,42.0239]]]}},{"type":"Feature","properties":{"id":"excl-b-336","kind":"exclusion","name":"Creek exclusion zone","acres":0.9,"editable":true,"source":"Mesic Analysis Platform + NWI (filtered rule, 2 Sep 2026)","strm_type":"Ephemeral","veg_pct":95.2},"geometry":{"type":"Polygon","coordinates":[[[-111.438966,41.87717],[-111.438572,41.877264],[-111.438515,41.877215],[-111.438572,41.87723],[-111.438612,41.877145],[-111.438743,41.877063],[-111.438747,41.87706],[-111.438751,41.877057],[-111.438754,41.877054],[-111.438838,41.876964],[-111.438841,41.87696],[-111.438843,41.876957],[-111.438845,41.876953],[-111.438847,41.876949],[-111.438848,41.876945],[-111.438859,41.876891],[-111.43886,41.876887],[-111.43886,41.876883],[-111.43886,41.876878],[-111.438859,41.876874],[-111.438857,41.87687],[-111.438855,41.876866],[-111.438765,41.876707],[-111.438942,41.876707],[-111.439222,41.876893],[-111.439698,41.876891],[-111.439945,41.8768],[-111.439958,41.877077],[-111.439711,41.877089],[-111.439312,41.877264],[-111.438966,41.87717]]]}},{"type":"Feature","properties":{"id":"excl-b-337","kind":"exclusion","name":"Creek exclusion zone","acres":0.7,"editable":true,"source":"Mesic Analysis Platform + NWI (filtered rule, 2 Sep 2026)","strm_type":"Ephemeral","veg_pct":95.2},"geometry":{"type":"Polygon","coordinates":[[[-111.437778,41.876983],[-111.437778,41.876707],[-111.438699,41.876707],[-111.438644,41.876725],[-111.438738,41.87689],[-111.438731,41.876921],[-111.43866,41.876998],[-111.438522,41.877084],[-111.438517,41.877088],[-111.438513,41.877091],[-111.438509,41.877095],[-111.438506,41.8771],[-111.438504,41.877104],[-111.43847,41.877176],[-111.438376,41.877096],[-111.437778,41.876983]]]}},{"type":"Feature","properties":{"id":"excl-b-338","kind":"exclusion","name":"Creek exclusion zone","acres":1.1,"editable":true,"source":"Mesic Analysis Platform + NWI (filtered rule, 2 Sep 2026)","strm_type":"Intermittent","veg_pct":95.2},"geometry":{"type":"Polygon","coordinates":[[[-111.440812,42.150004],[-111.440543,42.150002],[-111.440557,42.149956],[-111.440512,42.149949],[-111.440184,42.149861],[-111.440175,42.149859],[-111.440135,42.149853],[-111.440122,42.149897],[-111.439909,42.149822],[-111.439669,42.149813],[-111.439682,42.149626],[-111.440047,42.149626],[-111.44021,42.149716],[-111.440694,42.14972],[-111.440833,42.149805],[-111.441247,42.149813],[-111.441414,42.149904],[-111.441804,42.149907],[-111.441809,42.150183],[-111.441642,42.150094],[-111.440971,42.150089],[-111.440812,42.150004]]]}},{"type":"Feature","properties":{"id":"excl-b-339","kind":"exclusion","name":"Creek exclusion zone","acres":0.6,"editable":true,"source":"Mesic Analysis Platform + NWI (filtered rule, 2 Sep 2026)","strm_type":"Ephemeral","veg_pct":97.6},"geometry":{"type":"Polygon","coordinates":[[[-111.438478,41.946345],[-111.438873,41.946216],[-111.439218,41.945975],[-111.439452,41.946023],[-111.439507,41.946132],[-111.438661,41.946527],[-111.438328,41.946564],[-111.438302,41.946499],[-111.438478,41.946345]]]}},{"type":"Feature","properties":{"id":"excl-b-340","kind":"exclusion","name":"Creek exclusion zone","acres":8.3,"editable":true,"source":"Mesic Analysis Platform + NWI (filtered rule, 2 Sep 2026)","strm_type":"Ephemeral","veg_pct":91.2},"geometry":{"type":"Polygon","coordinates":[[[-111.449654,42.126976],[-111.449711,42.12693],[-111.449833,42.126841],[-111.449836,42.126838],[-111.44995,42.12674],[-111.449952,42.126738],[-111.450026,42.126666],[-111.45003,42.126662],[-111.450052,42.126633],[-111.449948,42.126588],[-111.449928,42.126614],[-111.449857,42.126683],[-111.449746,42.126778],[-111.449625,42.126867],[-111.449624,42.126868],[-111.449459,42.126998],[-111.449316,42.127102],[-111.449159,42.127204],[-111.448956,42.127291],[-111.448954,42.127292],[-111.44874,42.127391],[-111.448559,42.127467],[-111.448556,42.127468],[-111.44822,42.127623],[-111.448215,42.127625],[-111.448211,42.127628],[-111.4482,42.127635],[-111.448242,42.127668],[-111.448229,42.127668],[-111.447604,42.128147],[-111.447582,42.128105],[-111.447509,42.128126],[-111.447397,42.128148],[-111.447248,42.128171],[-111.447241,42.128172],[-111.447107,42.128205],[-111.447103,42.128206],[-111.446823,42.128292],[-111.446597,42.128356],[-111.44659,42.128358],[-111.446468,42.128405],[-111.446191,42.128484],[-111.445947,42.128459],[-111.44566,42.128413],[-111.445653,42.128412],[-111.445646,42.128412],[-111.445476,42.128415],[-111.445469,42.128415],[-111.44525,42.128438],[-111.445243,42.128439],[-111.444552,42.12857],[-111.444547,42.128572],[-111.444542,42.128573],[-111.444537,42.128575],[-111.444532,42.128577],[-111.444251,42.128723],[-111.444245,42.128727],[-111.44406,42.128856],[-111.443876,42.128953],[-111.443728,42.12901],[-111.443579,42.129049],[-111.443599,42.129092],[-111.443575,42.129093],[-111.443558,42.129102],[-111.443538,42.12906],[-111.443032,42.129195],[-111.44303,42.129195],[-111.442721,42.129284],[-111.442713,42.129287],[-111.442576,42.129344],[-111.442108,42.129508],[-111.441998,42.12954],[-111.441993,42.129542],[-111.441988,42.129544],[-111.441983,42.129546],[-111.441979,42.129549],[-111.441882,42.129615],[-111.441762,42.129687],[-111.44165,42.129749],[-111.44124,42.129914],[-111.441187,42.129927],[-111.441153,42.129926],[-111.441032,42.129922],[-111.441027,42.129922],[-111.441022,42.129922],[-111.440902,42.129932],[-111.440896,42.129933],[-111.440889,42.129934],[-111.440744,42.129971],[-111.440739,42.129973],[-111.440734,42.129975],[-111.440562,42.130047],[-111.44056,42.130048],[-111.440298,42.130172],[-111.440293,42.130174],[-111.440146,42.130258],[-111.440142,42.130261],[-111.440138,42.130264],[-111.439988,42.130389],[-111.439985,42.130391],[-111.439894,42.130477],[-111.439824,42.130521],[-111.439788,42.130537],[-111.439861,42.130461],[-111.440601,42.129908],[-111.441396,42.129699],[-111.441785,42.129426],[-111.443749,42.12868],[-111.444213,42.128334],[-111.444859,42.128147],[-111.445717,42.128143],[-111.446157,42.127964],[-111.446571,42.127955],[-111.44671,42.12787],[-111.447351,42.127757],[-111.447824,42.1275],[-111.448029,42.127467],[-111.449271,42.126795],[-111.449821,42.126252],[-111.449858,42.126109],[-111.450103,42.125978],[-111.450322,42.12565],[-111.450568,42.125637],[-111.450934,42.125478],[-111.451061,42.125926],[-111.450807,42.125941],[-111.450646,42.126049],[-111.449857,42.126942],[-111.449654,42.126976]]]}},{"type":"Feature","properties":{"id":"excl-b-341","kind":"exclusion","name":"Creek exclusion zone","acres":0.3,"editable":true,"source":"Mesic Analysis Platform + NWI (filtered rule, 2 Sep 2026)","strm_type":"Ephemeral","veg_pct":94.5},"geometry":{"type":"MultiPolygon","coordinates":[[[[-111.448951,42.127576],[-111.448934,42.127776],[-111.448674,42.127686],[-111.448343,42.127672],[-111.448619,42.127545],[-111.4488,42.127469],[-111.448803,42.127468],[-111.449017,42.127369],[-111.449224,42.12728],[-111.449229,42.127278],[-111.449234,42.127275],[-111.449397,42.127169],[-111.449153,42.127354],[-111.448951,42.127576]]],[[[-111.449399,42.127167],[-111.449418,42.127154],[-111.449397,42.127169],[-111.449399,42.127167]]]]}},{"type":"Feature","properties":{"id":"excl-b-342","kind":"exclusion","name":"Creek exclusion zone","acres":0.5,"editable":true,"source":"Mesic Analysis Platform + NWI (filtered rule, 2 Sep 2026)","strm_type":"Ephemeral","veg_pct":90.7},"geometry":{"type":"MultiPolygon","coordinates":[[[[-111.446897,42.128516],[-111.446507,42.12852],[-111.446333,42.12861],[-111.445263,42.128529],[-111.44527,42.128527],[-111.445482,42.128505],[-111.445641,42.128502],[-111.445924,42.128547],[-111.445929,42.128548],[-111.44619,42.128575],[-111.446196,42.128575],[-111.446202,42.128575],[-111.446208,42.128574],[-111.446214,42.128573],[-111.44622,42.128572],[-111.446515,42.128488],[-111.446521,42.128486],[-111.446643,42.128439],[-111.446866,42.128376],[-111.446868,42.128376],[-111.447147,42.12829],[-111.447276,42.128259],[-111.447423,42.128236],[-111.447426,42.128236],[-111.447509,42.128219],[-111.44736,42.128334],[-111.446897,42.128516]]],[[[-111.444931,42.128644],[-111.444765,42.128797],[-111.444426,42.12881],[-111.443943,42.129028],[-111.444133,42.128928],[-111.444139,42.128924],[-111.444324,42.128795],[-111.444593,42.128656],[-111.445263,42.128529],[-111.444931,42.128644]]]]}},{"type":"Feature","properties":{"id":"excl-b-343","kind":"exclusion","name":"Creek exclusion zone","acres":0.1,"editable":true,"source":"Mesic Analysis Platform + NWI (filtered rule, 2 Sep 2026)","strm_type":"Ephemeral","veg_pct":89.9},"geometry":{"type":"Polygon","coordinates":[[[-111.442362,42.129518],[-111.44263,42.129425],[-111.442634,42.129423],[-111.442769,42.129367],[-111.443073,42.129279],[-111.443386,42.129196],[-111.443102,42.12935],[-111.442362,42.129518]]]}},{"type":"Feature","properties":{"id":"excl-b-344","kind":"exclusion","name":"Creek exclusion zone","acres":0.6,"editable":true,"source":"Mesic Analysis Platform + NWI (filtered rule, 2 Sep 2026)","strm_type":"Ephemeral","veg_pct":84.2},"geometry":{"type":"Polygon","coordinates":[[[-111.441158,42.13009],[-111.440891,42.13011],[-111.440487,42.130312],[-111.439954,42.130813],[-111.43978,42.13076],[-111.439773,42.130596],[-111.439804,42.130635],[-111.43989,42.130597],[-111.439894,42.130595],[-111.439898,42.130593],[-111.439977,42.130544],[-111.439981,42.13054],[-111.439986,42.130537],[-111.440079,42.130448],[-111.440224,42.130327],[-111.440365,42.130247],[-111.440623,42.130125],[-111.440789,42.130055],[-111.440922,42.130021],[-111.441031,42.130012],[-111.441148,42.130016],[-111.441149,42.130016],[-111.441194,42.130017],[-111.4412,42.130017],[-111.441205,42.130017],[-111.44121,42.130016],[-111.441215,42.130015],[-111.441283,42.129998],[-111.441288,42.129996],[-111.441293,42.129995],[-111.441711,42.129827],[-111.441718,42.129823],[-111.441835,42.129759],[-111.441837,42.129758],[-111.44196,42.129684],[-111.441963,42.129682],[-111.442053,42.129621],[-111.442102,42.129606],[-111.441621,42.129908],[-111.441158,42.13009]]]}},{"type":"Feature","properties":{"id":"excl-b-345","kind":"exclusion","name":"Creek exclusion zone","acres":2.1,"editable":true,"source":"Mesic Analysis Platform + NWI (filtered rule, 2 Sep 2026)","strm_type":"Ephemeral","veg_pct":95.6},"geometry":{"type":"Polygon","coordinates":[[[-111.440843,41.906438],[-111.439865,41.906801],[-111.439609,41.906816],[-111.438661,41.907358],[-111.438457,41.907239],[-111.439495,41.906619],[-111.439723,41.906606],[-111.440422,41.906338],[-111.441276,41.906237],[-111.441757,41.906024],[-111.442599,41.905881],[-111.442706,41.906011],[-111.44246,41.906154],[-111.442163,41.906158],[-111.441626,41.906337],[-111.440843,41.906438]]]}},{"type":"Feature","properties":{"id":"excl-b-346","kind":"exclusion","name":"Creek exclusion zone","acres":1.1,"editable":true,"source":"Mesic Analysis Platform + NWI (filtered rule, 2 Sep 2026)","strm_type":"Ephemeral","veg_pct":97.1},"geometry":{"type":"Polygon","coordinates":[[[-111.439865,42.050518],[-111.43981,42.050284],[-111.440052,42.050335],[-111.440885,42.050865],[-111.441494,42.051068],[-111.441719,42.051076],[-111.441719,42.051352],[-111.441626,42.051352],[-111.440422,42.050888],[-111.439865,42.050518]]]}},{"type":"Feature","properties":{"id":"excl-b-347","kind":"exclusion","name":"Creek exclusion zone","acres":3.0,"editable":true,"source":"Mesic Analysis Platform + NWI (filtered rule, 2 Sep 2026)","strm_type":"Ephemeral","veg_pct":95.3},"geometry":{"type":"Polygon","coordinates":[[[-111.441044,41.93073],[-111.440792,41.930969],[-111.44021,41.931194],[-111.439559,41.931708],[-111.439281,41.931621],[-111.439011,41.93165],[-111.439036,41.93134],[-111.439509,41.931312],[-111.439776,41.931063],[-111.43999,41.931042],[-111.440723,41.930659],[-111.441163,41.930323],[-111.441651,41.930106],[-111.441809,41.929953],[-111.442026,41.929915],[-111.442179,41.929766],[-111.442372,41.929676],[-111.442814,41.929671],[-111.44283,41.929756],[-111.442643,41.929953],[-111.442449,41.929981],[-111.441256,41.930693],[-111.441044,41.93073]]]}},{"type":"Feature","properties":{"id":"excl-b-348","kind":"exclusion","name":"Creek exclusion zone","acres":1.9,"editable":true,"source":"Mesic Analysis Platform + NWI (filtered rule, 2 Sep 2026)","strm_type":"Ephemeral","veg_pct":94.5},"geometry":{"type":"Polygon","coordinates":[[[-111.4433,42.032552],[-111.443159,42.032472],[-111.442579,42.032395],[-111.44172,42.032369],[-111.441533,42.032277],[-111.440699,42.032276],[-111.440532,42.032206],[-111.439843,42.032182],[-111.439722,42.032093],[-111.44209,42.032182],[-111.442252,42.032272],[-111.4432,42.032276],[-111.443363,42.032366],[-111.443847,42.03237],[-111.44402,42.032434],[-111.445115,42.032263],[-111.445327,42.032093],[-111.445572,42.032279],[-111.445421,42.032369],[-111.445095,42.032378],[-111.444498,42.032552],[-111.4433,42.032552]]]}},{"type":"Feature","properties":{"id":"excl-b-349","kind":"exclusion","name":"Creek exclusion zone","acres":0.5,"editable":true,"source":"Mesic Analysis Platform + NWI (filtered rule, 2 Sep 2026)","strm_type":"Ephemeral","veg_pct":97.6},"geometry":{"type":"Polygon","coordinates":[[[-111.440329,42.010145],[-111.440792,42.010074],[-111.440936,42.010168],[-111.440145,42.010422],[-111.439648,42.010436],[-111.439749,42.010328],[-111.440329,42.010145]]]}},{"type":"Feature","properties":{"id":"excl-b-350","kind":"exclusion","name":"Creek exclusion zone","acres":3.5,"editable":true,"source":"Mesic Analysis Platform + NWI (filtered rule, 2 Sep 2026)","strm_type":"Intermittent","veg_pct":97.6},"geometry":{"type":"Polygon","coordinates":[[[-111.442798,41.98726],[-111.442606,41.986944],[-111.44204,41.986393],[-111.441558,41.986104],[-111.44135,41.98607],[-111.440422,41.985607],[-111.439589,41.984773],[-111.439617,41.984564],[-111.439775,41.984586],[-111.439902,41.98482],[-111.440469,41.985371],[-111.440886,41.985513],[-111.441079,41.985677],[-111.441349,41.985696],[-111.442272,41.986254],[-111.442923,41.986994],[-111.44321,41.988105],[-111.443502,41.988694],[-111.4438,41.988983],[-111.444034,41.989032],[-111.44438,41.989305],[-111.444128,41.989401],[-111.44357,41.989125],[-111.4432,41.988568],[-111.442798,41.98726]]]}},{"type":"Feature","properties":{"id":"excl-b-351","kind":"exclusion","name":"Creek exclusion zone","acres":1.4,"editable":true,"source":"Mesic Analysis Platform + NWI (filtered rule, 2 Sep 2026)","strm_type":"Ephemeral","veg_pct":97.6},"geometry":{"type":"Polygon","coordinates":[[[-111.440355,41.994775],[-111.440247,41.994716],[-111.440266,41.994634],[-111.440516,41.994588],[-111.440654,41.994673],[-111.440886,41.994681],[-111.441695,41.995089],[-111.44221,41.99545],[-111.441876,41.995888],[-111.441328,41.995185],[-111.440962,41.994955],[-111.440355,41.994775]]]}},{"type":"Feature","properties":{"id":"excl-b-352","kind":"exclusion","name":"Creek exclusion zone","acres":1.5,"editable":true,"source":"Mesic Analysis Platform + NWI (filtered rule, 2 Sep 2026)","strm_type":"Ephemeral","veg_pct":97.6},"geometry":{"type":"Polygon","coordinates":[[[-111.440976,41.968775],[-111.44049,41.968581],[-111.440199,41.968568],[-111.440088,41.968467],[-111.440886,41.968475],[-111.441872,41.969005],[-111.442366,41.969122],[-111.442819,41.969375],[-111.443282,41.969511],[-111.443253,41.969622],[-111.443107,41.969679],[-111.442273,41.969402],[-111.440976,41.968775]]]}},{"type":"Feature","properties":{"id":"excl-b-353","kind":"exclusion","name":"Creek exclusion zone","acres":0.6,"editable":true,"source":"Mesic Analysis Platform + NWI (filtered rule, 2 Sep 2026)","strm_type":"Ephemeral","veg_pct":96.2},"geometry":{"type":"Polygon","coordinates":[[[-111.440235,41.945417],[-111.440793,41.94486],[-111.441024,41.94486],[-111.441186,41.945008],[-111.440664,41.945263],[-111.440328,41.945689],[-111.440203,41.945709],[-111.440235,41.945417]]]}},{"type":"Feature","properties":{"id":"excl-b-354","kind":"exclusion","name":"Creek exclusion zone","acres":0.7,"editable":true,"source":"Mesic Analysis Platform + NWI (filtered rule, 2 Sep 2026)","strm_type":"Ephemeral","veg_pct":95.2},"geometry":{"type":"Polygon","coordinates":[[[-111.440777,41.94859],[-111.440798,41.94851],[-111.441162,41.948472],[-111.441439,41.948565],[-111.441942,41.948842],[-111.441972,41.949019],[-111.44172,41.949029],[-111.44108,41.948687],[-111.440882,41.948658],[-111.440777,41.94859]]]}},{"type":"Feature","properties":{"id":"excl-b-355","kind":"exclusion","name":"Creek exclusion zone","acres":0.4,"editable":true,"source":"Mesic Analysis Platform + NWI (filtered rule, 2 Sep 2026)","strm_type":"Ephemeral","veg_pct":97.6},"geometry":{"type":"Polygon","coordinates":[[[-111.441261,41.982459],[-111.442267,41.982459],[-111.442509,41.982547],[-111.442497,41.982618],[-111.442365,41.982642],[-111.441144,41.982547],[-111.441261,41.982459]]]}},{"type":"Feature","properties":{"id":"excl-b-356","kind":"exclusion","name":"Creek exclusion zone","acres":2.2,"editable":true,"source":"Mesic Analysis Platform + NWI (filtered rule, 2 Sep 2026)","strm_type":"Perennial","veg_pct":95.2},"geometry":{"type":"Polygon","coordinates":[[[-111.445291,42.044593],[-111.445326,42.044556],[-111.444961,42.044357],[-111.444925,42.044394],[-111.444812,42.044322],[-111.444765,42.044317],[-111.444783,42.044274],[-111.444729,42.044261],[-111.444725,42.04426],[-111.44472,42.04426],[-111.444565,42.044242],[-111.444558,42.044241],[-111.444494,42.04424],[-111.444493,42.044285],[-111.444125,42.044241],[-111.444162,42.044206],[-111.444145,42.044196],[-111.444114,42.044177],[-111.44411,42.044175],[-111.444106,42.044173],[-111.443901,42.044087],[-111.443898,42.044086],[-111.443797,42.044049],[-111.443791,42.044047],[-111.443786,42.044045],[-111.443678,42.044024],[-111.443414,42.043946],[-111.443406,42.043944],[-111.443215,42.043909],[-111.443209,42.043908],[-111.44305,42.043892],[-111.443043,42.043892],[-111.442841,42.043889],[-111.442836,42.043889],[-111.442831,42.043889],[-111.442826,42.04389],[-111.442707,42.043911],[-111.4427,42.043913],[-111.442641,42.043929],[-111.442602,42.043939],[-111.442533,42.043954],[-111.442549,42.043997],[-111.442341,42.043981],[-111.442118,42.044015],[-111.44214,42.043973],[-111.441898,42.043905],[-111.441801,42.043867],[-111.441773,42.043907],[-111.441675,42.043851],[-111.441587,42.043626],[-111.44172,42.043575],[-111.442277,42.043757],[-111.443476,42.043758],[-111.444549,42.044121],[-111.444957,42.044128],[-111.445383,42.044308],[-111.445697,42.044316],[-111.445884,42.044409],[-111.446032,42.044625],[-111.445997,42.044699],[-111.445697,42.044685],[-111.445552,42.044599],[-111.445291,42.044593]]]}},{"type":"Feature","properties":{"id":"excl-b-357","kind":"exclusion","name":"Creek exclusion zone","acres":0.2,"editable":true,"source":"Mesic Analysis Platform + NWI (filtered rule, 2 Sep 2026)","strm_type":"Perennial","veg_pct":95.2},"geometry":{"type":"Polygon","coordinates":[[[-111.443477,42.044221],[-111.442957,42.044028],[-111.4427,42.044009],[-111.442738,42.043998],[-111.442846,42.043979],[-111.443037,42.043982],[-111.44319,42.043997],[-111.443374,42.044031],[-111.443637,42.044109],[-111.443643,42.044111],[-111.443749,42.044131],[-111.443843,42.044166],[-111.443983,42.044225],[-111.443736,42.044195],[-111.443477,42.044221]]]}},{"type":"Feature","properties":{"id":"excl-b-358","kind":"exclusion","name":"Creek exclusion zone","acres":6.8,"editable":true,"source":"Mesic Analysis Platform + NWI (filtered rule, 2 Sep 2026)","strm_type":"Ephemeral","veg_pct":95.0},"geometry":{"type":"Polygon","coordinates":[[[-111.449381,42.064147],[-111.449033,42.064131],[-111.448866,42.064041],[-111.448205,42.064039],[-111.447829,42.064131],[-111.447808,42.063925],[-111.447608,42.063746],[-111.446995,42.063761],[-111.445514,42.063147],[-111.444981,42.063124],[-111.443938,42.063481],[-111.442814,42.063578],[-111.44246,42.063855],[-111.441925,42.063912],[-111.441898,42.063862],[-111.44209,42.063574],[-111.442924,42.063298],[-111.443408,42.063294],[-111.443847,42.063111],[-111.444241,42.063107],[-111.444774,42.062928],[-111.445138,42.062928],[-111.445331,42.06302],[-111.446072,42.063022],[-111.446417,42.0632],[-111.446901,42.063204],[-111.447321,42.063383],[-111.448105,42.063481],[-111.448455,42.063664],[-111.448845,42.063668],[-111.449476,42.063852],[-111.450049,42.063855],[-111.450208,42.063941],[-111.450535,42.063945],[-111.450462,42.064161],[-111.450515,42.064349],[-111.45033,42.064502],[-111.449381,42.064147]]]}},{"type":"Feature","properties":{"id":"excl-b-359","kind":"exclusion","name":"Creek exclusion zone","acres":1.2,"editable":true,"source":"Mesic Analysis Platform + NWI (filtered rule, 2 Sep 2026)","strm_type":"Ephemeral","veg_pct":97.6},"geometry":{"type":"Polygon","coordinates":[[[-111.441996,42.015701],[-111.441673,42.015681],[-111.441809,42.015514],[-111.443146,42.015503],[-111.443571,42.015401],[-111.443847,42.015238],[-111.444289,42.015222],[-111.444868,42.014961],[-111.44505,42.014961],[-111.44505,42.015144],[-111.443476,42.015607],[-111.442265,42.015608],[-111.441996,42.015701]]]}},{"type":"Feature","properties":{"id":"excl-b-360","kind":"exclusion","name":"Creek exclusion zone","acres":7.0,"editable":true,"source":"Mesic Analysis Platform + NWI (filtered rule, 2 Sep 2026)","strm_type":"Ephemeral","veg_pct":95.8},"geometry":{"type":"Polygon","coordinates":[[[-111.448987,41.873775],[-111.448475,41.874299],[-111.447922,41.874486],[-111.446718,41.874487],[-111.446348,41.874669],[-111.445424,41.87467],[-111.445238,41.874762],[-111.444549,41.87477],[-111.443753,41.875039],[-111.443376,41.874991],[-111.443046,41.875191],[-111.44209,41.87606],[-111.44184,41.87612],[-111.441349,41.876613],[-111.441024,41.876706],[-111.440886,41.87643],[-111.44098,41.876337],[-111.441499,41.876002],[-111.441996,41.875503],[-111.44252,41.875262],[-111.4432,41.87458],[-111.443383,41.87458],[-111.443845,41.874762],[-111.444315,41.874645],[-111.444498,41.874486],[-111.445327,41.874486],[-111.445524,41.874551],[-111.445885,41.874393],[-111.446902,41.874391],[-111.447089,41.874299],[-111.447854,41.874295],[-111.448242,41.874088],[-111.448846,41.873465],[-111.449216,41.873282],[-111.449926,41.873176],[-111.450513,41.872912],[-111.450593,41.872912],[-111.450673,41.873188],[-111.450236,41.873375],[-111.449914,41.873383],[-111.449298,41.873586],[-111.448987,41.873775]]]}},{"type":"Feature","properties":{"id":"excl-b-361","kind":"exclusion","name":"Creek exclusion zone","acres":0.5,"editable":true,"source":"Mesic Analysis Platform + NWI (filtered rule, 2 Sep 2026)","strm_type":"Ephemeral","veg_pct":97.6},"geometry":{"type":"Polygon","coordinates":[[[-111.442045,41.979029],[-111.441925,41.978954],[-111.442554,41.978847],[-111.4432,41.978941],[-111.443318,41.979025],[-111.443301,41.979117],[-111.442924,41.979123],[-111.442762,41.979033],[-111.442045,41.979029]]]}},{"type":"Feature","properties":{"id":"excl-b-362","kind":"exclusion","name":"Creek exclusion zone","acres":4.2,"editable":true,"source":"Mesic Analysis Platform + NWI (filtered rule, 2 Sep 2026)","strm_type":"Ephemeral","veg_pct":97.3},"geometry":{"type":"Polygon","coordinates":[[[-111.445301,41.920103],[-111.444034,41.918841],[-111.443631,41.918237],[-111.442762,41.917578],[-111.442179,41.91736],[-111.441997,41.917196],[-111.441809,41.917173],[-111.44171,41.91697],[-111.44177,41.916867],[-111.443476,41.917731],[-111.444535,41.91899],[-111.444902,41.919341],[-111.445421,41.919675],[-111.445999,41.921179],[-111.446625,41.921712],[-111.446656,41.921846],[-111.446161,41.921712],[-111.445885,41.921431],[-111.445608,41.920972],[-111.445301,41.920103]]]}},{"type":"Feature","properties":{"id":"excl-b-363","kind":"exclusion","name":"Creek exclusion zone","acres":1.2,"editable":true,"source":"Mesic Analysis Platform + NWI (filtered rule, 2 Sep 2026)","strm_type":"Ephemeral","veg_pct":97.4},"geometry":{"type":"Polygon","coordinates":[[[-111.442367,41.996719],[-111.442362,41.99649],[-111.44283,41.996719],[-111.442867,41.996855],[-111.443247,41.997226],[-111.443846,41.997529],[-111.444034,41.997553],[-111.44419,41.997719],[-111.444034,41.997816],[-111.443753,41.997735],[-111.443013,41.997365],[-111.442367,41.996719]]]}},{"type":"Feature","properties":{"id":"excl-b-364","kind":"exclusion","name":"Creek exclusion zone","acres":5.6,"editable":true,"source":"Mesic Analysis Platform + NWI (filtered rule, 2 Sep 2026)","strm_type":"Ephemeral","veg_pct":96.4},"geometry":{"type":"Polygon","coordinates":[[[-111.447829,41.914582],[-111.447099,41.914146],[-111.446901,41.914118],[-111.446161,41.913748],[-111.445913,41.913507],[-111.444957,41.913097],[-111.444293,41.912653],[-111.44335,41.912418],[-111.442874,41.912459],[-111.442366,41.912638],[-111.442082,41.91262],[-111.442059,41.912531],[-111.442737,41.912268],[-111.443664,41.912268],[-111.443904,41.912357],[-111.445548,41.912295],[-111.445438,41.912451],[-111.445174,41.912463],[-111.44504,41.912559],[-111.445031,41.912697],[-111.445195,41.912869],[-111.445847,41.913272],[-111.446161,41.913285],[-111.4466,41.913714],[-111.446949,41.91385],[-111.447271,41.913842],[-111.447586,41.914155],[-111.447936,41.91436],[-111.448407,41.914567],[-111.448662,41.914583],[-111.448825,41.914731],[-111.450263,41.915419],[-111.450204,41.915534],[-111.449403,41.915322],[-111.4482,41.914695],[-111.447829,41.914582]]]}},{"type":"Feature","properties":{"id":"excl-b-365","kind":"exclusion","name":"Creek exclusion zone","acres":0.4,"editable":true,"source":"Mesic Analysis Platform + NWI (filtered rule, 2 Sep 2026)","strm_type":"Ephemeral","veg_pct":97.6},"geometry":{"type":"Polygon","coordinates":[[[-111.442863,42.009844],[-111.443013,42.009682],[-111.443502,42.009678],[-111.443664,42.009588],[-111.444087,42.009588],[-111.44422,42.009667],[-111.443847,42.009775],[-111.443341,42.009793],[-111.4432,42.009869],[-111.442863,42.009844]]]}},{"type":"Feature","properties":{"id":"excl-b-366","kind":"exclusion","name":"Creek exclusion zone","acres":7.2,"editable":true,"source":"Mesic Analysis Platform + NWI (filtered rule, 2 Sep 2026)","strm_type":"Ephemeral","veg_pct":96.9},"geometry":{"type":"Polygon","coordinates":[[[-111.449241,41.868283],[-111.448597,41.868279],[-111.448105,41.868466],[-111.447735,41.868466],[-111.446861,41.868198],[-111.446255,41.86819],[-111.44574,41.86801],[-111.444587,41.867819],[-111.444404,41.867726],[-111.444311,41.867539],[-111.444305,41.86681],[-111.444025,41.865781],[-111.443847,41.865595],[-111.44381,41.865365],[-111.443459,41.865057],[-111.443132,41.864952],[-111.442554,41.864948],[-111.442409,41.864861],[-111.442037,41.864854],[-111.441956,41.864693],[-111.442366,41.864667],[-111.442533,41.864758],[-111.4432,41.864761],[-111.443847,41.864948],[-111.444217,41.865412],[-111.444223,41.865765],[-111.444587,41.866799],[-111.444594,41.867177],[-111.44505,41.867609],[-111.445449,41.867726],[-111.44591,41.867722],[-111.446161,41.867633],[-111.446369,41.867805],[-111.447271,41.867909],[-111.447551,41.868095],[-111.447788,41.868092],[-111.447923,41.868003],[-111.448569,41.868003],[-111.448901,41.868183],[-111.449379,41.86819],[-111.449867,41.868003],[-111.450143,41.868003],[-111.450281,41.868088],[-111.450584,41.868096],[-111.450547,41.868277],[-111.450627,41.868393],[-111.45042,41.86856],[-111.450281,41.868475],[-111.449867,41.868466],[-111.449241,41.868283]]]}},{"type":"Feature","properties":{"id":"excl-b-367","kind":"exclusion","name":"Creek exclusion zone","acres":3.2,"editable":true,"source":"Mesic Analysis Platform + NWI (filtered rule, 2 Sep 2026)","strm_type":"Ephemeral","veg_pct":95.6},"geometry":{"type":"Polygon","coordinates":[[[-111.445238,41.95153],[-111.444681,41.951249],[-111.443753,41.950603],[-111.44326,41.950104],[-111.442643,41.949675],[-111.44264,41.949443],[-111.442924,41.949493],[-111.4432,41.949676],[-111.444162,41.950545],[-111.444731,41.950927],[-111.445879,41.951506],[-111.446328,41.95171],[-111.446833,41.951709],[-111.447001,41.95162],[-111.447191,41.951706],[-111.446995,41.9519],[-111.446072,41.9519],[-111.445435,41.951558],[-111.445238,41.95153]]]}},{"type":"Feature","properties":{"id":"excl-b-368","kind":"exclusion","name":"Creek exclusion zone","acres":1.0,"editable":true,"source":"Mesic Analysis Platform + NWI (filtered rule, 2 Sep 2026)","strm_type":"Ephemeral","veg_pct":97.6},"geometry":{"type":"Polygon","coordinates":[[[-111.444182,41.983332],[-111.443317,41.982768],[-111.44349,41.982642],[-111.444034,41.982918],[-111.44468,41.983569],[-111.44485,41.984213],[-111.44476,41.984254],[-111.444681,41.984184],[-111.444477,41.983639],[-111.444182,41.983332]]]}},{"type":"Feature","properties":{"id":"excl-b-369","kind":"exclusion","name":"Creek exclusion zone","acres":5.1,"editable":true,"source":"Mesic Analysis Platform + NWI (filtered rule, 2 Sep 2026)","strm_type":"Ephemeral","veg_pct":94.8},"geometry":{"type":"Polygon","coordinates":[[[-111.44854,42.098337],[-111.448377,42.098426],[-111.447987,42.09843],[-111.447824,42.09852],[-111.446958,42.098651],[-111.446478,42.09911],[-111.446436,42.099184],[-111.446407,42.099144],[-111.446214,42.099223],[-111.446108,42.099258],[-111.446105,42.099259],[-111.445966,42.099314],[-111.445693,42.09941],[-111.445688,42.099413],[-111.445547,42.099477],[-111.445543,42.099478],[-111.445283,42.099617],[-111.445281,42.099619],[-111.445173,42.099682],[-111.445169,42.099684],[-111.445041,42.099773],[-111.445036,42.099777],[-111.445032,42.099781],[-111.444938,42.099887],[-111.444936,42.099889],[-111.444853,42.099995],[-111.444851,42.099998],[-111.444677,42.100253],[-111.444675,42.100257],[-111.444614,42.100373],[-111.444611,42.100379],[-111.444578,42.100485],[-111.444577,42.100489],[-111.444557,42.100604],[-111.444557,42.100607],[-111.444535,42.100829],[-111.444535,42.100832],[-111.444536,42.101023],[-111.444511,42.101207],[-111.444503,42.101268],[-111.444467,42.101388],[-111.444456,42.101424],[-111.444377,42.101628],[-111.444326,42.101739],[-111.444383,42.101754],[-111.4443,42.101752],[-111.444213,42.101392],[-111.444391,42.101098],[-111.444583,42.100001],[-111.444859,42.099631],[-111.446106,42.098938],[-111.446527,42.098427],[-111.446803,42.098244],[-111.447198,42.09824],[-111.447361,42.09815],[-111.448419,42.098143],[-111.448841,42.097963],[-111.449304,42.097962],[-111.449742,42.097859],[-111.449951,42.097687],[-111.450228,42.097593],[-111.450446,42.097593],[-111.450663,42.097775],[-111.450415,42.097963],[-111.450183,42.097971],[-111.448934,42.098333],[-111.44854,42.098337]]]}},{"type":"Feature","properties":{"id":"excl-b-370","kind":"exclusion","name":"Creek exclusion zone","acres":0.9,"editable":true,"source":"Mesic Analysis Platform + NWI (filtered rule, 2 Sep 2026)","strm_type":"Ephemeral","veg_pct":93.4},"geometry":{"type":"Polygon","coordinates":[[[-111.445762,42.099571],[-111.445599,42.099724],[-111.445301,42.099757],[-111.445083,42.099953],[-111.444765,42.100606],[-111.44477,42.101316],[-111.44487,42.10143],[-111.445039,42.10146],[-111.444802,42.101621],[-111.444765,42.101762],[-111.444446,42.101755],[-111.444492,42.101657],[-111.444493,42.101654],[-111.444573,42.101447],[-111.444574,42.101445],[-111.444585,42.101408],[-111.444622,42.101285],[-111.444623,42.101279],[-111.444631,42.101215],[-111.444656,42.101029],[-111.444656,42.101025],[-111.444655,42.100834],[-111.444677,42.100615],[-111.444697,42.100503],[-111.444728,42.100402],[-111.444786,42.100291],[-111.444958,42.10004],[-111.445039,42.099936],[-111.445129,42.099835],[-111.445249,42.099751],[-111.445354,42.09969],[-111.445611,42.099553],[-111.445748,42.099491],[-111.446019,42.099395],[-111.446021,42.099394],[-111.446159,42.09934],[-111.446266,42.099304],[-111.44627,42.099303],[-111.446398,42.099251],[-111.446339,42.099354],[-111.445762,42.099571]]]}},{"type":"Feature","properties":{"id":"excl-b-371","kind":"exclusion","name":"Creek exclusion zone","acres":0.6,"editable":true,"source":"Mesic Analysis Platform + NWI (filtered rule, 2 Sep 2026)","strm_type":"Ephemeral","veg_pct":94.1},"geometry":{"type":"Polygon","coordinates":[[[-111.446433,42.101204],[-111.446114,42.101212],[-111.445599,42.101392],[-111.44518,42.101407],[-111.445417,42.101111],[-111.445792,42.101022],[-111.446533,42.10108],[-111.446433,42.101204]]]}},{"type":"Feature","properties":{"id":"excl-b-372","kind":"exclusion","name":"Creek exclusion zone","acres":3.6,"editable":true,"source":"Mesic Analysis Platform + NWI (filtered rule, 2 Sep 2026)","strm_type":"Ephemeral","veg_pct":97.2},"geometry":{"type":"Polygon","coordinates":[[[-111.446162,41.94544],[-111.445697,41.945323],[-111.444464,41.944596],[-111.444243,41.944598],[-111.443664,41.944859],[-111.443207,41.944879],[-111.443188,41.944806],[-111.443276,41.944677],[-111.443826,41.944568],[-111.444034,41.944401],[-111.444258,41.944355],[-111.444644,41.944046],[-111.444774,41.943749],[-111.44494,41.943714],[-111.44501,41.943757],[-111.444872,41.944132],[-111.444869,41.944471],[-111.445104,41.944703],[-111.445971,41.945204],[-111.446254,41.94523],[-111.446718,41.945417],[-111.447275,41.945764],[-111.448199,41.946064],[-111.448494,41.946287],[-111.448199,41.946344],[-111.447633,41.946083],[-111.447182,41.945974],[-111.446162,41.94544]]]}},{"type":"Feature","properties":{"id":"excl-b-373","kind":"exclusion","name":"Creek exclusion zone","acres":0.4,"editable":true,"source":"Mesic Analysis Platform + NWI (filtered rule, 2 Sep 2026)","strm_type":"Ephemeral","veg_pct":80.2},"geometry":{"type":"Polygon","coordinates":[[[-111.44444,41.929416],[-111.444355,41.929349],[-111.444351,41.929347],[-111.444347,41.929344],[-111.444134,41.929225],[-111.444127,41.929222],[-111.444058,41.929193],[-111.444311,41.929119],[-111.444868,41.929119],[-111.44505,41.929213],[-111.44505,41.929306],[-111.444707,41.929319],[-111.444397,41.929447],[-111.44444,41.929416]]]}},{"type":"Feature","properties":{"id":"excl-b-374","kind":"exclusion","name":"Creek exclusion zone","acres":0.4,"editable":true,"source":"Mesic Analysis Platform + NWI (filtered rule, 2 Sep 2026)","strm_type":"Ephemeral","veg_pct":80.2},"geometry":{"type":"Polygon","coordinates":[[[-111.443622,41.929537],[-111.443581,41.929414],[-111.443669,41.929306],[-111.443985,41.929214],[-111.443956,41.929253],[-111.444065,41.929299],[-111.444271,41.929414],[-111.444342,41.92947],[-111.443847,41.929676],[-111.443622,41.929537]]]}},{"type":"Feature","properties":{"id":"excl-b-375","kind":"exclusion","name":"Creek exclusion zone","acres":3.4,"editable":true,"source":"Mesic Analysis Platform + NWI (filtered rule, 2 Sep 2026)","strm_type":"Ephemeral","veg_pct":97.6},"geometry":{"type":"Polygon","coordinates":[[[-111.448939,41.966531],[-111.448752,41.966438],[-111.447182,41.966438],[-111.446907,41.966531],[-111.446531,41.966437],[-111.446161,41.966067],[-111.445853,41.965474],[-111.445421,41.96505],[-111.445108,41.96454],[-111.444449,41.963875],[-111.444034,41.963659],[-111.443883,41.963439],[-111.444127,41.963383],[-111.44468,41.963753],[-111.445144,41.964217],[-111.445583,41.964838],[-111.445791,41.964957],[-111.446072,41.965327],[-111.446369,41.965997],[-111.4467,41.966307],[-111.449126,41.966344],[-111.450186,41.966608],[-111.450175,41.966697],[-111.44996,41.966713],[-111.449352,41.966538],[-111.448939,41.966531]]]}},{"type":"Feature","properties":{"id":"excl-b-376","kind":"exclusion","name":"Creek exclusion zone","acres":1.3,"editable":true,"source":"Mesic Analysis Platform + NWI (filtered rule, 2 Sep 2026)","strm_type":"Ephemeral","veg_pct":97.6},"geometry":{"type":"Polygon","coordinates":[[[-111.445076,41.970266],[-111.444484,41.969975],[-111.444217,41.969955],[-111.444048,41.969819],[-111.444076,41.969724],[-111.444217,41.969679],[-111.44505,41.969956],[-111.445216,41.970109],[-111.445421,41.970143],[-111.446117,41.970719],[-111.446047,41.970844],[-111.445791,41.970789],[-111.445421,41.970606],[-111.445076,41.970266]]]}},{"type":"Feature","properties":{"id":"excl-b-377","kind":"exclusion","name":"Creek exclusion zone","acres":0.5,"editable":true,"source":"Mesic Analysis Platform + NWI (filtered rule, 2 Sep 2026)","strm_type":"Ephemeral","veg_pct":97.6},"geometry":{"type":"Polygon","coordinates":[[[-111.444949,41.997975],[-111.445884,41.9982],[-111.446142,41.998419],[-111.445885,41.998476],[-111.445327,41.998293],[-111.44492,41.998049],[-111.444949,41.997975]]]}},{"type":"Feature","properties":{"id":"excl-b-378","kind":"exclusion","name":"Creek exclusion zone","acres":0.9,"editable":true,"source":"Mesic Analysis Platform + NWI (filtered rule, 2 Sep 2026)","strm_type":"Intermittent","veg_pct":97.6},"geometry":{"type":"Polygon","coordinates":[[[-111.445906,41.989126],[-111.445697,41.989219],[-111.445202,41.989252],[-111.445296,41.989125],[-111.445697,41.988938],[-111.445967,41.98897],[-111.446348,41.988849],[-111.446622,41.988936],[-111.447271,41.988938],[-111.447633,41.989081],[-111.447612,41.989164],[-111.44655,41.989033],[-111.446348,41.989125],[-111.445906,41.989126]]]}},{"type":"Feature","properties":{"id":"excl-b-379","kind":"exclusion","name":"Creek exclusion zone","acres":0.6,"editable":true,"source":"Mesic Analysis Platform + NWI (filtered rule, 2 Sep 2026)","strm_type":"Ephemeral","veg_pct":77.1},"geometry":{"type":"Polygon","coordinates":[[[-111.446848,42.135553],[-111.446718,42.135461],[-111.446897,42.135277],[-111.447635,42.135276],[-111.44783,42.135183],[-111.448047,42.135206],[-111.447967,42.13537],[-111.447761,42.135383],[-111.44736,42.135553],[-111.446848,42.135553]]]}},{"type":"Feature","properties":{"id":"excl-b-380","kind":"exclusion","name":"Creek exclusion zone","acres":0.5,"editable":true,"source":"Mesic Analysis Platform + NWI (filtered rule, 2 Sep 2026)","strm_type":"Ephemeral","veg_pct":95.2},"geometry":{"type":"Polygon","coordinates":[[[-111.446255,41.980051],[-111.446106,41.979936],[-111.446134,41.979841],[-111.446442,41.979864],[-111.446569,41.97994],[-111.446995,41.979957],[-111.447437,41.980089],[-111.447426,41.980178],[-111.447272,41.980233],[-111.447109,41.980144],[-111.446255,41.980051]]]}},{"type":"Feature","properties":{"id":"excl-b-381","kind":"exclusion","name":"Creek exclusion zone","acres":3.3,"editable":true,"source":"Mesic Analysis Platform + NWI (filtered rule, 2 Sep 2026)","strm_type":"Perennial","veg_pct":97.1},"geometry":{"type":"Polygon","coordinates":[[[-111.449497,42.046259],[-111.448618,42.045804],[-111.448286,42.045791],[-111.448174,42.045852],[-111.448183,42.045807],[-111.448081,42.045796],[-111.447911,42.045765],[-111.447772,42.045725],[-111.44775,42.045768],[-111.44758,42.045647],[-111.446819,42.045335],[-111.446855,42.045299],[-111.446848,42.045295],[-111.446812,42.045331],[-111.446703,42.045045],[-111.447271,42.045239],[-111.447859,42.045576],[-111.448386,42.045426],[-111.448756,42.045426],[-111.44925,42.045783],[-111.44996,42.045796],[-111.450722,42.046442],[-111.450726,42.046666],[-111.450143,42.046536],[-111.449876,42.04629],[-111.449497,42.046259]]]}},{"type":"Feature","properties":{"id":"excl-b-382","kind":"exclusion","name":"Creek exclusion zone","acres":2.2,"editable":true,"source":"Mesic Analysis Platform + NWI (filtered rule, 2 Sep 2026)","strm_type":"Ephemeral","veg_pct":95.9},"geometry":{"type":"Polygon","coordinates":[[[-111.446348,41.94263],[-111.446216,41.942612],[-111.446277,41.942452],[-111.446635,41.942335],[-111.446995,41.942082],[-111.447203,41.942048],[-111.448386,41.941248],[-111.44959,41.940878],[-111.450167,41.940922],[-111.44996,41.941065],[-111.448928,41.941275],[-111.447088,41.942362],[-111.446348,41.94263]]]}},{"type":"Feature","properties":{"id":"excl-b-383","kind":"exclusion","name":"Creek exclusion zone","acres":1.8,"editable":true,"source":"Mesic Analysis Platform + NWI (filtered rule, 2 Sep 2026)","strm_type":"Ephemeral","veg_pct":95.2},"geometry":{"type":"Polygon","coordinates":[[[-111.447234,41.971568],[-111.446812,41.971346],[-111.446789,41.971118],[-111.447088,41.97116],[-111.447365,41.971347],[-111.44825,41.972429],[-111.449359,41.973077],[-111.449316,41.973183],[-111.449126,41.973197],[-111.448016,41.97255],[-111.447234,41.971568]]]}},{"type":"Feature","properties":{"id":"excl-b-384","kind":"exclusion","name":"Creek exclusion zone","acres":2.1,"editable":true,"source":"Mesic Analysis Platform + NWI (filtered rule, 2 Sep 2026)","strm_type":"Ephemeral","veg_pct":97.2},"geometry":{"type":"Polygon","coordinates":[[[-111.44996,41.912081],[-111.449471,41.912085],[-111.449309,41.912174],[-111.448879,41.912187],[-111.448756,41.912268],[-111.448264,41.912272],[-111.447365,41.912544],[-111.446995,41.912544],[-111.446805,41.912383],[-111.446457,41.912324],[-111.447083,41.912268],[-111.447309,41.912331],[-111.448199,41.912081],[-111.449441,41.91198],[-111.44959,41.911894],[-111.449891,41.91189],[-111.450215,41.911789],[-111.45042,41.911617],[-111.450862,41.911458],[-111.450883,41.911711],[-111.4507,41.911893],[-111.450468,41.911902],[-111.44996,41.912081]]]}},{"type":"Feature","properties":{"id":"excl-b-385","kind":"exclusion","name":"Creek exclusion zone","acres":1.5,"editable":true,"source":"Mesic Analysis Platform + NWI (filtered rule, 2 Sep 2026)","strm_type":"Ephemeral","veg_pct":97.6},"geometry":{"type":"Polygon","coordinates":[[[-111.448293,41.999497],[-111.447782,41.999169],[-111.448199,41.999127],[-111.448375,41.999282],[-111.449035,41.999496],[-111.450141,41.999496],[-111.450701,41.99931],[-111.451097,41.999239],[-111.450883,41.999497],[-111.450419,41.99968],[-111.448945,41.99968],[-111.448293,41.999497]]]}},{"type":"Feature","properties":{"id":"excl-b-386","kind":"exclusion","name":"Creek exclusion zone","acres":1.5,"editable":true,"source":"Mesic Analysis Platform + NWI (filtered rule, 2 Sep 2026)","strm_type":"Ephemeral","veg_pct":87.9},"geometry":{"type":"Polygon","coordinates":[[[-111.448785,42.134853],[-111.448863,42.134724],[-111.449127,42.13469],[-111.449305,42.134537],[-111.449581,42.134443],[-111.450012,42.134502],[-111.450416,42.134419],[-111.450598,42.13426],[-111.450941,42.13426],[-111.451104,42.134342],[-111.450785,42.134723],[-111.449838,42.134727],[-111.449487,42.134906],[-111.448785,42.134853]]]}},{"type":"Feature","properties":{"id":"excl-b-387","kind":"exclusion","name":"Creek exclusion zone","acres":2.7,"editable":true,"source":"Mesic Analysis Platform + NWI (filtered rule, 2 Sep 2026)","strm_type":"Ephemeral","veg_pct":97.6},"geometry":{"type":"Polygon","coordinates":[[[-111.447923,41.922822],[-111.447365,41.922452],[-111.447326,41.922229],[-111.448756,41.922917],[-111.449679,41.92347],[-111.45033,41.92421],[-111.450634,41.924821],[-111.450539,41.924893],[-111.45042,41.924856],[-111.449275,41.923527],[-111.447923,41.922822]]]}},{"type":"Feature","properties":{"id":"excl-b-388","kind":"exclusion","name":"Creek exclusion zone","acres":0.6,"editable":true,"source":"Mesic Analysis Platform + NWI (filtered rule, 2 Sep 2026)","strm_type":"Ephemeral","veg_pct":97.6},"geometry":{"type":"Polygon","coordinates":[[[-111.449126,41.960511],[-111.448564,41.96038],[-111.448685,41.960324],[-111.449835,41.960324],[-111.449969,41.960437],[-111.449866,41.960604],[-111.449679,41.960604],[-111.449541,41.96052],[-111.449126,41.960511]]]}},{"type":"Feature","properties":{"id":"excl-b-389","kind":"exclusion","name":"Creek exclusion zone","acres":0.5,"editable":true,"source":"Mesic Analysis Platform + NWI (filtered rule, 2 Sep 2026)","strm_type":"Ephemeral","veg_pct":97.6},"geometry":{"type":"Polygon","coordinates":[[[-111.450143,42.000514],[-111.45038,42.000598],[-111.449496,42.001071],[-111.449249,42.001115],[-111.449403,42.000884],[-111.450143,42.000514]]]}},{"type":"Feature","properties":{"id":"excl-b-390","kind":"exclusion","name":"Creek exclusion zone","acres":0.9,"editable":true,"source":"Mesic Analysis Platform + NWI (filtered rule, 2 Sep 2026)","strm_type":"Intermittent","veg_pct":74.5},"geometry":{"type":"Polygon","coordinates":[[[-111.449432,41.89477],[-111.448569,41.894766],[-111.448489,41.894579],[-111.449215,41.894579],[-111.449378,41.894669],[-111.44996,41.894673],[-111.450606,41.894855],[-111.450607,41.895109],[-111.450296,41.894961],[-111.44959,41.894855],[-111.449432,41.89477]]]}},{"type":"Feature","properties":{"id":"excl-b-391","kind":"exclusion","name":"Creek exclusion zone","acres":1.0,"editable":true,"source":"Mesic Analysis Platform + NWI (filtered rule, 2 Sep 2026)","strm_type":"Perennial","veg_pct":95.1},"geometry":{"type":"Polygon","coordinates":[[[-111.447255,42.11252],[-111.447488,42.112543],[-111.447838,42.112584],[-111.447645,42.112681],[-111.447643,42.112682],[-111.447425,42.112801],[-111.447421,42.112803],[-111.447417,42.112806],[-111.447238,42.112946],[-111.447234,42.112949],[-111.447081,42.113096],[-111.447081,42.113097],[-111.446972,42.113203],[-111.446969,42.113205],[-111.446615,42.113613],[-111.44651,42.113571],[-111.446472,42.113542],[-111.446447,42.113514],[-111.44642,42.113474],[-111.446414,42.113448],[-111.44642,42.11342],[-111.446431,42.113406],[-111.446468,42.113383],[-111.446529,42.113354],[-111.446534,42.113351],[-111.446539,42.113348],[-111.446571,42.113324],[-111.446575,42.113321],[-111.446578,42.113317],[-111.446581,42.113314],[-111.446628,42.11325],[-111.446632,42.113244],[-111.446771,42.112971],[-111.446908,42.112763],[-111.446951,42.112727],[-111.446954,42.112724],[-111.446957,42.11272],[-111.447016,42.112647],[-111.447018,42.112644],[-111.44702,42.112641],[-111.447034,42.112615],[-111.447071,42.112548],[-111.447092,42.112533],[-111.447104,42.112526],[-111.447255,42.11252]]]}},{"type":"Feature","properties":{"id":"excl-b-392","kind":"exclusion","name":"Creek exclusion zone","acres":0.1,"editable":true,"source":"Mesic Analysis Platform + NWI (filtered rule, 2 Sep 2026)","strm_type":"Perennial","veg_pct":94.0},"geometry":{"type":"Polygon","coordinates":[[[-111.410207,41.985664],[-111.410231,41.985674],[-111.410311,41.985742],[-111.410366,41.985848],[-111.410474,41.986207],[-111.410471,41.986226],[-111.410463,41.986232],[-111.410441,41.986232],[-111.410374,41.986167],[-111.41032,41.986081],[-111.410242,41.98588],[-111.410209,41.985693],[-111.410207,41.985664]]]}},{"type":"Feature","properties":{"id":"excl-b-393","kind":"exclusion","name":"Creek exclusion zone","acres":4.7,"editable":true,"source":"Mesic Analysis Platform + NWI (filtered rule, 2 Sep 2026)","strm_type":"Perennial","veg_pct":79.6},"geometry":{"type":"Polygon","coordinates":[[[-111.386615,42.138206],[-111.386645,42.136896],[-111.387653,42.136916],[-111.387655,42.136916],[-111.388077,42.136914],[-111.388071,42.138087],[-111.388053,42.138241],[-111.388036,42.138292],[-111.388004,42.138321],[-111.387911,42.138343],[-111.386896,42.138338],[-111.386746,42.138326],[-111.386664,42.138298],[-111.386633,42.138268],[-111.386615,42.138206]]]}},{"type":"Feature","properties":{"id":"excl-b-394","kind":"exclusion","name":"Creek exclusion zone","acres":5.6,"editable":true,"source":"Mesic Analysis Platform + NWI (filtered rule, 2 Sep 2026)","strm_type":"Perennial","veg_pct":79.6},"geometry":{"type":"Polygon","coordinates":[[[-111.389002,42.136165],[-111.389007,42.136164],[-111.3892,42.136097],[-111.389206,42.136094],[-111.389369,42.13602],[-111.389516,42.135988],[-111.389636,42.135977],[-111.389738,42.135982],[-111.389793,42.136009],[-111.389792,42.136818],[-111.389649,42.136817],[-111.389648,42.136817],[-111.388138,42.136824],[-111.387656,42.136826],[-111.386646,42.136806],[-111.38664,42.136102],[-111.386649,42.136015],[-111.386673,42.135992],[-111.38675,42.135964],[-111.386913,42.135953],[-111.387217,42.135947],[-111.387833,42.135961],[-111.387973,42.135988],[-111.388137,42.136052],[-111.388281,42.136112],[-111.388284,42.136113],[-111.388385,42.136151],[-111.388392,42.136154],[-111.388508,42.136184],[-111.388515,42.136185],[-111.388615,42.136201],[-111.388622,42.136202],[-111.388628,42.136202],[-111.388814,42.136202],[-111.388819,42.136202],[-111.388825,42.136201],[-111.38883,42.1362],[-111.388997,42.136166],[-111.389002,42.136165]]]}}]}