{"type":"FeatureCollection","features":[{"type":"Feature","properties":{"id":"road-b1","kind":"road","name":"SIXMILE RD","acres":null,"editable":false,"source":"TIGER/UGRC road centerlines"},"geometry":{"type":"LineString","coordinates":[[-111.182651,41.852221],[-111.188752,41.852299],[-111.18981,41.852509],[-111.190604,41.852563],[-111.192812,41.852888],[-111.19315,41.852785],[-111.193804,41.852378],[-111.194778,41.851929],[-111.1962,41.851492],[-111.198326,41.850984],[-111.199792,41.850529],[-111.201901,41.85]]}},{"type":"Feature","properties":{"id":"road-b2","kind":"road","name":"LAKETOWN MOUNTAIN","acres":null,"editable":false,"source":"TIGER/UGRC road centerlines"},"geometry":{"type":"LineString","coordinates":[[-111.255511,41.85],[-111.256177,41.851097],[-111.256319,41.8517],[-111.256267,41.852426],[-111.25656,41.853139],[-111.256497,41.853668],[-111.25614,41.854493],[-111.256058,41.855589],[-111.255894,41.855899],[-111.255367,41.856492],[-111.254467,41.857294],[-111.252842,41.85854],[-111.252043,41.859294],[-111.25002,41.860305]]}},{"type":"Feature","properties":{"id":"road-b3","kind":"road","name":"Unnamed road","acres":null,"editable":false,"source":"TIGER/UGRC road centerlines"},"geometry":{"type":"LineString","coordinates":[[-111.23897,41.85],[-111.238909,41.850117],[-111.239173,41.850742],[-111.239212,41.851132],[-111.239354,41.851275],[-111.23874,41.852149],[-111.23852,41.852304],[-111.238097,41.852267],[-111.23727,41.852709],[-111.236776,41.852811],[-111.236627,41.852972]]}},{"type":"Feature","properties":{"id":"road-b4","kind":"road","name":"Unnamed road","acres":null,"editable":false,"source":"TIGER/UGRC road centerlines"},"geometry":{"type":"MultiLineString","coordinates":[[[-111.221916,41.854198],[-111.221226,41.853997],[-111.220667,41.853426],[-111.2198,41.853009],[-111.219043,41.852487],[-111.218052,41.851985],[-111.216752,41.851515],[-111.215885,41.851305],[-111.215569,41.851125],[-111.215136,41.850703],[-111.21477,41.85]],[[-111.213695,41.85],[-111.211338,41.850588],[-111.209459,41.851172],[-111.207045,41.851578],[-111.205222,41.85173],[-111.204686,41.851843],[-111.203268,41.852346],[-111.20067,41.852678],[-111.199134,41.852808],[-111.196425,41.852812],[-111.194118,41.852505],[-111.193804,41.852378]]]}},{"type":"Feature","properties":{"id":"road-b5","kind":"road","name":"Unnamed road","acres":null,"editable":false,"source":"TIGER/UGRC road centerlines"},"geometry":{"type":"LineString","coordinates":[[-111.255367,41.856492],[-111.254862,41.856146],[-111.254195,41.855841],[-111.252791,41.855336],[-111.252144,41.855206],[-111.251183,41.854718],[-111.249545,41.854122]]}},{"type":"Feature","properties":{"id":"road-b6","kind":"road","name":"Unnamed road","acres":null,"editable":false,"source":"TIGER/UGRC road centerlines"},"geometry":{"type":"LineString","coordinates":[[-111.19417,41.853046],[-111.194831,41.853099],[-111.195624,41.853755],[-111.197922,41.854471],[-111.199297,41.854681],[-111.201206,41.855317],[-111.203263,41.855849],[-111.203593,41.856015],[-111.203894,41.856294],[-111.205062,41.856829],[-111.206472,41.857627],[-111.207876,41.858192],[-111.208557,41.858627],[-111.209593,41.858919],[-111.210152,41.858994],[-111.211871,41.858915],[-111.212216,41.858742],[-111.215697,41.858839],[-111.215763,41.858754],[-111.215617,41.858592],[-111.214589,41.858089],[-111.214676,41.857666],[-111.214925,41.857494],[-111.215726,41.85734],[-111.216865,41.856725],[-111.217569,41.856688],[-111.219803,41.856855],[-111.221497,41.856644],[-111.222071,41.856472],[-111.22271,41.855993],[-111.222916,41.855687],[-111.222989,41.855168],[-111.22268,41.854804],[-111.222071,41.854648],[-111.221916,41.854198]]}},{"type":"Feature","properties":{"id":"road-b7","kind":"road","name":"Unnamed road","acres":null,"editable":false,"source":"TIGER/UGRC road centerlines"},"geometry":{"type":"LineString","coordinates":[[-111.15059,41.851004],[-111.151574,41.85]]}},{"type":"Feature","properties":{"id":"road-b8","kind":"road","name":"Unnamed road","acres":null,"editable":false,"source":"TIGER/UGRC road centerlines"},"geometry":{"type":"LineString","coordinates":[[-111.15059,41.851004],[-111.150944,41.85235]]}},{"type":"Feature","properties":{"id":"road-b9","kind":"road","name":"SIXMILE RD","acres":null,"editable":false,"source":"TIGER/UGRC road centerlines"},"geometry":{"type":"LineString","coordinates":[[-111.182651,41.852221],[-111.178887,41.852222],[-111.17729,41.852157],[-111.176077,41.852279],[-111.17397,41.852364],[-111.172211,41.852529],[-111.171064,41.852712],[-111.168037,41.852467],[-111.167055,41.85255],[-111.165193,41.852072],[-111.164358,41.85202],[-111.163126,41.852068],[-111.162328,41.851877],[-111.160553,41.851691],[-111.157665,41.851538],[-111.156625,41.851777],[-111.154278,41.851345],[-111.151133,41.851026],[-111.15,41.851026]]}},{"type":"Feature","properties":{"id":"road-b10","kind":"road","name":"Unnamed road","acres":null,"editable":false,"source":"TIGER/UGRC road centerlines"},"geometry":{"type":"LineString","coordinates":[[-111.150944,41.85235],[-111.152463,41.851897],[-111.153455,41.851779],[-111.161882,41.852084],[-111.163126,41.852068]]}},{"type":"Feature","properties":{"id":"road-b11","kind":"road","name":"Unnamed road","acres":null,"editable":false,"source":"TIGER/UGRC road centerlines"},"geometry":{"type":"LineString","coordinates":[[-111.193804,41.852378],[-111.193905,41.852627],[-111.19417,41.852857],[-111.19417,41.853046]]}},{"type":"Feature","properties":{"id":"road-b12","kind":"road","name":"Unnamed road","acres":null,"editable":false,"source":"TIGER/UGRC road centerlines"},"geometry":{"type":"LineString","coordinates":[[-111.19417,41.853046],[-111.192812,41.852888]]}},{"type":"Feature","properties":{"id":"road-b13","kind":"road","name":"Unnamed road","acres":null,"editable":false,"source":"TIGER/UGRC road centerlines"},"geometry":{"type":"LineString","coordinates":[[-111.170725,41.85269],[-111.170463,41.853043],[-111.170471,41.853745],[-111.170933,41.854509],[-111.171256,41.854875],[-111.171645,41.855112],[-111.173636,41.856019],[-111.174069,41.856316],[-111.174692,41.856891],[-111.175742,41.858097],[-111.176169,41.858992],[-111.176183,41.859204]]}},{"type":"Feature","properties":{"id":"road-b14","kind":"road","name":"Unnamed road","acres":null,"editable":false,"source":"TIGER/UGRC road centerlines"},"geometry":{"type":"LineString","coordinates":[[-111.153902,41.868554],[-111.1538,41.866951],[-111.154799,41.865477],[-111.154873,41.86504],[-111.154793,41.864829],[-111.154462,41.864495],[-111.151848,41.862274],[-111.151313,41.86087],[-111.150814,41.859245],[-111.150611,41.857367],[-111.150944,41.85235]]}},{"type":"Feature","properties":{"id":"road-b15","kind":"road","name":"Unnamed road","acres":null,"editable":false,"source":"TIGER/UGRC road centerlines"},"geometry":{"type":"LineString","coordinates":[[-111.364518,41.857336],[-111.363992,41.857328],[-111.363639,41.856852],[-111.363617,41.856314],[-111.36377,41.856188],[-111.364111,41.856144]]}},{"type":"Feature","properties":{"id":"road-b16","kind":"road","name":"Unnamed road","acres":null,"editable":false,"source":"TIGER/UGRC road centerlines"},"geometry":{"type":"LineString","coordinates":[[-111.265676,41.860504],[-111.265258,41.860113],[-111.264964,41.859641],[-111.263797,41.85908],[-111.263064,41.858389],[-111.262497,41.858313],[-111.261565,41.857896],[-111.26039,41.857683],[-111.257997,41.856954],[-111.256704,41.85692],[-111.256036,41.856752]]}},{"type":"Feature","properties":{"id":"road-b17","kind":"road","name":"BEAR LAKE BLVD","acres":null,"editable":false,"source":"TIGER/UGRC road centerlines"},"geometry":{"type":"LineString","coordinates":[[-111.356504,41.85],[-111.361343,41.852325],[-111.361853,41.852676],[-111.362734,41.853477],[-111.363095,41.853916],[-111.363635,41.854845],[-111.365109,41.85906],[-111.365421,41.860277],[-111.365431,41.861338],[-111.364749,41.863924],[-111.364636,41.864994],[-111.364701,41.866037],[-111.36528,41.8696],[-111.365423,41.871153],[-111.365402,41.872174],[-111.365063,41.87544]]}},{"type":"Feature","properties":{"id":"road-b18","kind":"road","name":"Unnamed road","acres":null,"editable":false,"source":"TIGER/UGRC road centerlines"},"geometry":{"type":"LineString","coordinates":[[-111.271973,41.855078],[-111.272143,41.855517],[-111.272143,41.855769],[-111.271891,41.86075],[-111.272153,41.862474],[-111.271469,41.864151],[-111.270579,41.865441],[-111.270285,41.865726],[-111.269933,41.865884],[-111.268133,41.865848],[-111.266966,41.866107],[-111.265695,41.866705],[-111.264481,41.867766],[-111.263989,41.867974],[-111.262336,41.868334],[-111.261513,41.868386],[-111.26022,41.868667],[-111.259309,41.868723],[-111.258897,41.868936],[-111.258699,41.869152]]}},{"type":"Feature","properties":{"id":"road-b19","kind":"road","name":"Unnamed road","acres":null,"editable":false,"source":"TIGER/UGRC road centerlines"},"geometry":{"type":"LineString","coordinates":[[-111.25002,41.860305],[-111.248758,41.860542],[-111.247602,41.860489],[-111.246976,41.860274],[-111.245326,41.859415],[-111.245327,41.855226],[-111.245534,41.854258],[-111.245529,41.853838],[-111.245336,41.853657],[-111.245342,41.853344],[-111.245195,41.853012],[-111.24463,41.853024],[-111.244454,41.852774],[-111.244114,41.852731]]}},{"type":"Feature","properties":{"id":"road-b20","kind":"road","name":"Unnamed road","acres":null,"editable":false,"source":"TIGER/UGRC road centerlines"},"geometry":{"type":"LineString","coordinates":[[-111.256036,41.856752],[-111.255793,41.856922],[-111.255433,41.857487],[-111.254815,41.85911],[-111.2541,41.862917]]}},{"type":"Feature","properties":{"id":"road-b21","kind":"road","name":"Unnamed road","acres":null,"editable":false,"source":"TIGER/UGRC road centerlines"},"geometry":{"type":"LineString","coordinates":[[-111.239575,41.858413],[-111.239347,41.858738],[-111.239487,41.859016],[-111.239891,41.859188],[-111.242396,41.859767],[-111.243799,41.860373],[-111.243888,41.860592],[-111.243895,41.861223],[-111.24372,41.861732],[-111.24375,41.861984],[-111.244794,41.863716],[-111.245257,41.864152],[-111.245301,41.864372],[-111.245273,41.865165],[-111.245163,41.865431],[-111.244642,41.865855]]}},{"type":"Feature","properties":{"id":"road-b22","kind":"road","name":"Unnamed road","acres":null,"editable":false,"source":"TIGER/UGRC road centerlines"},"geometry":{"type":"LineString","coordinates":[[-111.2541,41.862917],[-111.254193,41.863718],[-111.254582,41.864483],[-111.254611,41.865086],[-111.254375,41.865442],[-111.254456,41.866181],[-111.254683,41.866509],[-111.255212,41.866927],[-111.256584,41.867428],[-111.258199,41.868947]]}},{"type":"Feature","properties":{"id":"road-b23","kind":"road","name":"Unnamed road","acres":null,"editable":false,"source":"TIGER/UGRC road centerlines"},"geometry":{"type":"LineString","coordinates":[[-111.182029,41.865455],[-111.182434,41.863072],[-111.18258,41.862891],[-111.183653,41.862336],[-111.185885,41.861783],[-111.186929,41.861658],[-111.187252,41.861461],[-111.187545,41.8611],[-111.187971,41.860897],[-111.189934,41.860659],[-111.191857,41.859886],[-111.19315,41.859749],[-111.194537,41.859305],[-111.195603,41.859078],[-111.196881,41.85904]]}},{"type":"Feature","properties":{"id":"road-b24","kind":"road","name":"Unnamed road","acres":null,"editable":false,"source":"TIGER/UGRC road centerlines"},"geometry":{"type":"LineString","coordinates":[[-111.207959,41.865915],[-111.205109,41.86588],[-111.203991,41.86571],[-111.203315,41.865694],[-111.201825,41.865872],[-111.199004,41.865764],[-111.197439,41.865789],[-111.195111,41.865618],[-111.194039,41.865696],[-111.192959,41.865626],[-111.189309,41.8656],[-111.188706,41.865556],[-111.187818,41.865333],[-111.187289,41.865302],[-111.186642,41.865456],[-111.185475,41.865499],[-111.182029,41.865455]]}},{"type":"Feature","properties":{"id":"road-b25","kind":"road","name":"Unnamed road","acres":null,"editable":false,"source":"TIGER/UGRC road centerlines"},"geometry":{"type":"LineString","coordinates":[[-111.17309,41.867941],[-111.174543,41.867659],[-111.176373,41.867895],[-111.17699,41.867858],[-111.177937,41.868014],[-111.178988,41.868022],[-111.180434,41.867659],[-111.181287,41.867608],[-111.181802,41.867495],[-111.181948,41.867409],[-111.182036,41.866963],[-111.182029,41.865455]]}},{"type":"Feature","properties":{"id":"road-b26","kind":"road","name":"Unnamed road","acres":null,"editable":false,"source":"TIGER/UGRC road centerlines"},"geometry":{"type":"LineString","coordinates":[[-111.15,41.869433],[-111.150536,41.870152],[-111.151072,41.870548],[-111.151447,41.870945],[-111.151807,41.871781]]}},{"type":"Feature","properties":{"id":"road-b27","kind":"road","name":"Unnamed road","acres":null,"editable":false,"source":"TIGER/UGRC road centerlines"},"geometry":{"type":"LineString","coordinates":[[-111.250152,41.867478],[-111.249801,41.867227],[-111.248705,41.867081],[-111.247838,41.866664]]}},{"type":"Feature","properties":{"id":"road-b28","kind":"road","name":"Unnamed road","acres":null,"editable":false,"source":"TIGER/UGRC road centerlines"},"geometry":{"type":"LineString","coordinates":[[-111.244642,41.865855],[-111.243099,41.86566],[-111.242527,41.865675],[-111.241718,41.866276],[-111.240683,41.866895],[-111.237673,41.868294],[-111.23555,41.868739],[-111.234596,41.868746],[-111.232274,41.869078],[-111.23079,41.869698]]}},{"type":"Feature","properties":{"id":"road-b29","kind":"road","name":"Unnamed road","acres":null,"editable":false,"source":"TIGER/UGRC road centerlines"},"geometry":{"type":"LineString","coordinates":[[-111.258199,41.868947],[-111.257384,41.868809],[-111.255673,41.86829],[-111.254263,41.868262],[-111.253653,41.868083],[-111.253257,41.867836],[-111.252919,41.867742],[-111.250769,41.867598],[-111.250152,41.867478]]}},{"type":"Feature","properties":{"id":"road-b30","kind":"road","name":"Unnamed road","acres":null,"editable":false,"source":"TIGER/UGRC road centerlines"},"geometry":{"type":"LineString","coordinates":[[-111.258199,41.868947],[-111.258324,41.869216],[-111.258185,41.8695],[-111.257847,41.869789],[-111.257574,41.869849],[-111.254034,41.869699],[-111.252322,41.869703],[-111.251898,41.869501],[-111.251089,41.868814],[-111.250768,41.868477],[-111.250152,41.867478]]}},{"type":"Feature","properties":{"id":"road-b31","kind":"road","name":"Unnamed road","acres":null,"editable":false,"source":"TIGER/UGRC road centerlines"},"geometry":{"type":"LineString","coordinates":[[-111.258699,41.869152],[-111.258199,41.868947]]}},{"type":"Feature","properties":{"id":"road-b32","kind":"road","name":"Unnamed road","acres":null,"editable":false,"source":"TIGER/UGRC road centerlines"},"geometry":{"type":"LineString","coordinates":[[-111.247838,41.866664],[-111.247582,41.867335],[-111.247493,41.867871],[-111.248201,41.869419],[-111.248296,41.870423],[-111.24796,41.871338],[-111.247703,41.871676],[-111.247395,41.871956],[-111.246829,41.872178],[-111.246579,41.872413],[-111.246742,41.873745]]}},{"type":"Feature","properties":{"id":"road-b33","kind":"road","name":"Unnamed road","acres":null,"editable":false,"source":"TIGER/UGRC road centerlines"},"geometry":{"type":"LineString","coordinates":[[-111.23079,41.869698],[-111.229858,41.870092],[-111.228293,41.870991],[-111.225018,41.872029],[-111.222125,41.872674],[-111.218862,41.873279]]}},{"type":"Feature","properties":{"id":"road-b34","kind":"road","name":"Unnamed road","acres":null,"editable":false,"source":"TIGER/UGRC road centerlines"},"geometry":{"type":"LineString","coordinates":[[-111.17309,41.867941],[-111.173023,41.869071],[-111.173155,41.869419],[-111.17328,41.869588],[-111.174675,41.869911],[-111.174822,41.87005],[-111.174873,41.870365]]}},{"type":"Feature","properties":{"id":"road-b35","kind":"road","name":"Unnamed road","acres":null,"editable":false,"source":"TIGER/UGRC road centerlines"},"geometry":{"type":"LineString","coordinates":[[-111.174873,41.870365],[-111.171972,41.869838],[-111.16863,41.869739],[-111.16343,41.869189],[-111.161438,41.869079]]}},{"type":"Feature","properties":{"id":"road-b36","kind":"road","name":"Unnamed road","acres":null,"editable":false,"source":"TIGER/UGRC road centerlines"},"geometry":{"type":"LineString","coordinates":[[-111.1541,41.868828],[-111.153966,41.871647],[-111.153841,41.871823],[-111.153304,41.872136]]}},{"type":"Feature","properties":{"id":"road-b37","kind":"road","name":"Unnamed road","acres":null,"editable":false,"source":"TIGER/UGRC road centerlines"},"geometry":{"type":"LineString","coordinates":[[-111.174873,41.870365],[-111.177643,41.870924],[-111.1792,41.871364],[-111.179538,41.87134],[-111.179671,41.871263],[-111.179891,41.870314],[-111.180009,41.870245],[-111.180619,41.87028],[-111.182573,41.870034],[-111.184769,41.869958],[-111.185511,41.870106],[-111.186414,41.870469],[-111.187209,41.870594],[-111.187582,41.870557],[-111.187928,41.87043],[-111.190521,41.870444],[-111.192666,41.871116]]}},{"type":"Feature","properties":{"id":"road-b38","kind":"road","name":"Unnamed road","acres":null,"editable":false,"source":"TIGER/UGRC road centerlines"},"geometry":{"type":"LineString","coordinates":[[-111.174873,41.870365],[-111.175042,41.871338],[-111.175218,41.871775],[-111.175799,41.872557]]}},{"type":"Feature","properties":{"id":"road-b39","kind":"road","name":"Unnamed road","acres":null,"editable":false,"source":"TIGER/UGRC road centerlines"},"geometry":{"type":"LineString","coordinates":[[-111.153304,41.872136],[-111.152806,41.87182],[-111.152483,41.871748],[-111.151807,41.871781]]}},{"type":"Feature","properties":{"id":"road-b40","kind":"road","name":"Unnamed road","acres":null,"editable":false,"source":"TIGER/UGRC road centerlines"},"geometry":{"type":"LineString","coordinates":[[-111.153304,41.872136],[-111.15393,41.873282],[-111.155412,41.876577],[-111.155806,41.877693],[-111.156078,41.878882]]}},{"type":"Feature","properties":{"id":"road-b41","kind":"road","name":"Unnamed road","acres":null,"editable":false,"source":"TIGER/UGRC road centerlines"},"geometry":{"type":"LineString","coordinates":[[-111.151807,41.871781],[-111.152297,41.874617],[-111.152297,41.875189],[-111.153236,41.876345],[-111.15386,41.877379],[-111.15422,41.878123],[-111.154549,41.87928]]}},{"type":"Feature","properties":{"id":"road-b42","kind":"road","name":"Unnamed road","acres":null,"editable":false,"source":"TIGER/UGRC road centerlines"},"geometry":{"type":"LineString","coordinates":[[-111.178384,41.875084],[-111.178942,41.875574],[-111.179191,41.876524],[-111.179501,41.877154],[-111.179787,41.879027],[-111.179596,41.879257],[-111.179001,41.879465],[-111.17889,41.879609],[-111.178905,41.879794],[-111.179837,41.881207]]}},{"type":"Feature","properties":{"id":"road-b43","kind":"road","name":"Unnamed road","acres":null,"editable":false,"source":"TIGER/UGRC road centerlines"},"geometry":{"type":"LineString","coordinates":[[-111.156078,41.878882],[-111.156673,41.878885]]}},{"type":"Feature","properties":{"id":"road-b44","kind":"road","name":"Unnamed road","acres":null,"editable":false,"source":"TIGER/UGRC road centerlines"},"geometry":{"type":"LineString","coordinates":[[-111.375775,41.85334],[-111.374931,41.853424],[-111.373315,41.853798],[-111.370364,41.854898],[-111.369358,41.855184],[-111.367845,41.855131],[-111.366941,41.854652],[-111.366566,41.854572],[-111.36639,41.854604],[-111.365744,41.855016],[-111.365356,41.855117],[-111.365191,41.855279],[-111.36529,41.855833],[-111.365144,41.856369],[-111.365019,41.856469],[-111.364288,41.856655]]}},{"type":"Feature","properties":{"id":"road-b45","kind":"road","name":"Unnamed road","acres":null,"editable":false,"source":"TIGER/UGRC road centerlines"},"geometry":{"type":"LineString","coordinates":[[-111.37678,41.861395],[-111.376602,41.861475],[-111.375719,41.861514],[-111.375479,41.861645],[-111.375424,41.861767],[-111.375272,41.863177],[-111.374841,41.864998],[-111.374936,41.867213],[-111.374707,41.868092],[-111.374319,41.868747],[-111.374128,41.869657],[-111.373492,41.870762],[-111.373382,41.870709],[-111.373476,41.870186],[-111.373426,41.869677],[-111.372875,41.868706],[-111.372828,41.867846],[-111.373135,41.867422],[-111.373171,41.867129],[-111.373074,41.866643],[-111.37265,41.86577],[-111.372718,41.86441]]}},{"type":"Feature","properties":{"id":"road-b46","kind":"road","name":"COUNTRY CLUB WAY","acres":null,"editable":false,"source":"TIGER/UGRC road centerlines"},"geometry":{"type":"LineString","coordinates":[[-111.391121,41.888797],[-111.390641,41.888739],[-111.390517,41.888521],[-111.390678,41.888237],[-111.391488,41.88772],[-111.391591,41.887543],[-111.391579,41.887302]]}},{"type":"Feature","properties":{"id":"road-b47","kind":"road","name":"SWEETWATER PKWY","acres":null,"editable":false,"source":"TIGER/UGRC road centerlines"},"geometry":{"type":"LineString","coordinates":[[-111.385165,41.890805],[-111.386413,41.890439],[-111.387241,41.890062],[-111.387936,41.889542],[-111.389836,41.887725],[-111.39022,41.887522],[-111.390692,41.887388],[-111.391579,41.887302]]}},{"type":"Feature","properties":{"id":"road-b48","kind":"road","name":"Unnamed road","acres":null,"editable":false,"source":"TIGER/UGRC road centerlines"},"geometry":{"type":"LineString","coordinates":[[-111.258699,41.869152],[-111.258912,41.869661],[-111.260153,41.870167],[-111.261033,41.870728],[-111.263133,41.871439],[-111.26392,41.871856]]}},{"type":"Feature","properties":{"id":"road-b49","kind":"road","name":"Unnamed road","acres":null,"editable":false,"source":"TIGER/UGRC road centerlines"},"geometry":{"type":"LineString","coordinates":[[-111.293621,41.870127],[-111.292937,41.870732],[-111.292327,41.871049],[-111.291313,41.871736],[-111.291041,41.872038],[-111.290174,41.873446],[-111.28905,41.874403]]}},{"type":"Feature","properties":{"id":"road-b50","kind":"road","name":"Unnamed road","acres":null,"editable":false,"source":"TIGER/UGRC road centerlines"},"geometry":{"type":"LineString","coordinates":[[-111.380662,41.870743],[-111.379478,41.870486],[-111.375778,41.870057]]}},{"type":"Feature","properties":{"id":"road-b51","kind":"road","name":"CISCO RD","acres":null,"editable":false,"source":"TIGER/UGRC road centerlines"},"geometry":{"type":"LineString","coordinates":[[-111.296009,41.870103],[-111.295924,41.871304],[-111.295466,41.87416],[-111.295363,41.876415],[-111.295173,41.876702],[-111.29384,41.877752],[-111.293148,41.878495],[-111.291669,41.881069],[-111.291093,41.882448],[-111.290561,41.885843],[-111.290731,41.88897],[-111.290406,41.889406],[-111.289365,41.890313],[-111.28564,41.894414],[-111.2848,41.895621],[-111.283977,41.897279],[-111.283367,41.898784],[-111.282307,41.900749],[-111.28198,41.902896],[-111.282045,41.904827]]}},{"type":"Feature","properties":{"id":"road-b52","kind":"road","name":"SLICE CIR","acres":null,"editable":false,"source":"TIGER/UGRC road centerlines"},"geometry":{"type":"LineString","coordinates":[[-111.394454,41.890776],[-111.394437,41.890282]]}},{"type":"Feature","properties":{"id":"road-b53","kind":"road","name":"SHANK CIR","acres":null,"editable":false,"source":"TIGER/UGRC road centerlines"},"geometry":{"type":"LineString","coordinates":[[-111.395738,41.890924],[-111.39569,41.890696]]}},{"type":"Feature","properties":{"id":"road-b54","kind":"road","name":"COUNTRY CLUB WAY","acres":null,"editable":false,"source":"TIGER/UGRC road centerlines"},"geometry":{"type":"LineString","coordinates":[[-111.39916,41.894405],[-111.398909,41.894267],[-111.398758,41.894074],[-111.398704,41.893005],[-111.39895,41.892519],[-111.399544,41.892014],[-111.399656,41.891619],[-111.399279,41.891063],[-111.399208,41.890445],[-111.398417,41.889948],[-111.397869,41.889126],[-111.397341,41.888864],[-111.396384,41.888722],[-111.391704,41.888687],[-111.391121,41.888797]]}},{"type":"Feature","properties":{"id":"road-b55","kind":"road","name":"GOLF COURSE DR","acres":null,"editable":false,"source":"TIGER/UGRC road centerlines"},"geometry":{"type":"LineString","coordinates":[[-111.39916,41.894405],[-111.398773,41.894851],[-111.398424,41.895032],[-111.39786,41.895007],[-111.397521,41.894755],[-111.39737,41.893904],[-111.396801,41.892964],[-111.396891,41.892687],[-111.397298,41.89222],[-111.397379,41.891847],[-111.397069,41.891104],[-111.396835,41.89081],[-111.396249,41.890678],[-111.394573,41.890778],[-111.393848,41.890702],[-111.392793,41.890077],[-111.391121,41.888797]]}},{"type":"Feature","properties":{"id":"road-b56","kind":"road","name":"Unnamed road","acres":null,"editable":false,"source":"TIGER/UGRC road centerlines"},"geometry":{"type":"LineString","coordinates":[[-111.39253,41.892185],[-111.391698,41.892043],[-111.391252,41.892134],[-111.391024,41.892325]]}},{"type":"Feature","properties":{"id":"road-b57","kind":"road","name":"Unnamed road","acres":null,"editable":false,"source":"TIGER/UGRC road centerlines"},"geometry":{"type":"LineString","coordinates":[[-111.392546,41.892797],[-111.39159,41.892197],[-111.391024,41.892325]]}},{"type":"Feature","properties":{"id":"road-b58","kind":"road","name":"Unnamed road","acres":null,"editable":false,"source":"TIGER/UGRC road centerlines"},"geometry":{"type":"LineString","coordinates":[[-111.391024,41.892325],[-111.389978,41.892671]]}},{"type":"Feature","properties":{"id":"road-b59","kind":"road","name":"PRO CIR","acres":null,"editable":false,"source":"TIGER/UGRC road centerlines"},"geometry":{"type":"LineString","coordinates":[[-111.389119,41.893814],[-111.388945,41.893391],[-111.389041,41.893196],[-111.389328,41.892943],[-111.389978,41.892671]]}},{"type":"Feature","properties":{"id":"road-b60","kind":"road","name":"Unnamed road","acres":null,"editable":false,"source":"TIGER/UGRC road centerlines"},"geometry":{"type":"LineString","coordinates":[[-111.284368,41.89646],[-111.28441,41.896971],[-111.284866,41.898456],[-111.28491,41.898987],[-111.284763,41.899464]]}},{"type":"Feature","properties":{"id":"road-b61","kind":"road","name":"Unnamed road","acres":null,"editable":false,"source":"TIGER/UGRC road centerlines"},"geometry":{"type":"LineString","coordinates":[[-111.284763,41.899464],[-111.283829,41.899071],[-111.283367,41.898784]]}},{"type":"Feature","properties":{"id":"road-b62","kind":"road","name":"Unnamed road","acres":null,"editable":false,"source":"TIGER/UGRC road centerlines"},"geometry":{"type":"LineString","coordinates":[[-111.232275,41.881302],[-111.232606,41.880814],[-111.232648,41.880615],[-111.232553,41.879868],[-111.232875,41.877944],[-111.23366,41.876993],[-111.234402,41.876518],[-111.236605,41.876027],[-111.238369,41.875839],[-111.239037,41.87604],[-111.240521,41.876262],[-111.241147,41.876513],[-111.242397,41.876587],[-111.243005,41.876798],[-111.243836,41.877588],[-111.244836,41.878145],[-111.245696,41.878409],[-111.246702,41.878488],[-111.247041,41.878626],[-111.247906,41.878111],[-111.248245,41.877832],[-111.248406,41.877538],[-111.248347,41.87724],[-111.247317,41.876495],[-111.24742,41.875662],[-111.2472,41.875127]]}},{"type":"Feature","properties":{"id":"road-b63","kind":"road","name":"Unnamed road","acres":null,"editable":false,"source":"TIGER/UGRC road centerlines"},"geometry":{"type":"LineString","coordinates":[[-111.21079,41.876551],[-111.212391,41.876633],[-111.214412,41.876458],[-111.21502,41.876511],[-111.215984,41.876816],[-111.216565,41.876684],[-111.217204,41.876705],[-111.219547,41.877192],[-111.220202,41.877474],[-111.221355,41.877738],[-111.221406,41.877814],[-111.221274,41.877954],[-111.220143,41.878933],[-111.218578,41.880494],[-111.218572,41.880796],[-111.218859,41.881079]]}},{"type":"Feature","properties":{"id":"road-b64","kind":"road","name":"Unnamed road","acres":null,"editable":false,"source":"TIGER/UGRC road centerlines"},"geometry":{"type":"LineString","coordinates":[[-111.167009,41.881672],[-111.163748,41.881298],[-111.162696,41.881111],[-111.161778,41.880752],[-111.160228,41.879713],[-111.159178,41.879129],[-111.158399,41.878946],[-111.156673,41.878885]]}},{"type":"Feature","properties":{"id":"road-b65","kind":"road","name":"Unnamed road","acres":null,"editable":false,"source":"TIGER/UGRC road centerlines"},"geometry":{"type":"LineString","coordinates":[[-111.156673,41.878885],[-111.15823,41.879743],[-111.158664,41.880247],[-111.158868,41.880643],[-111.159433,41.882493],[-111.159779,41.8841]]}},{"type":"Feature","properties":{"id":"road-b66","kind":"road","name":"Unnamed road","acres":null,"editable":false,"source":"TIGER/UGRC road centerlines"},"geometry":{"type":"LineString","coordinates":[[-111.175928,41.883127],[-111.17329,41.883005],[-111.171821,41.882818],[-111.170477,41.882748],[-111.169441,41.882429],[-111.168023,41.88182],[-111.167009,41.881672]]}},{"type":"Feature","properties":{"id":"road-b67","kind":"road","name":"Unnamed road","acres":null,"editable":false,"source":"TIGER/UGRC road centerlines"},"geometry":{"type":"LineString","coordinates":[[-111.17201,41.892333],[-111.171289,41.892316],[-111.17071,41.892403],[-111.167417,41.893038],[-111.165903,41.893004],[-111.164933,41.89283],[-111.163016,41.892125],[-111.16209,41.891938],[-111.161259,41.891484],[-111.160054,41.890729],[-111.158211,41.889187],[-111.155265,41.887164],[-111.15475,41.886575],[-111.154443,41.886026],[-111.154334,41.8853],[-111.154518,41.88413],[-111.154658,41.883797],[-111.155025,41.883035],[-111.155812,41.881976],[-111.156003,41.881453],[-111.15615,41.880408],[-111.156078,41.878882]]}},{"type":"Feature","properties":{"id":"road-b68","kind":"road","name":"Unnamed road","acres":null,"editable":false,"source":"TIGER/UGRC road centerlines"},"geometry":{"type":"LineString","coordinates":[[-111.183083,41.895288],[-111.182864,41.895117],[-111.182709,41.8951],[-111.179372,41.895091],[-111.177668,41.894846],[-111.17719,41.895],[-111.177058,41.895126],[-111.176955,41.895707],[-111.176881,41.896739],[-111.17694,41.897113],[-111.177088,41.897211],[-111.178219,41.897309],[-111.179248,41.897636],[-111.179571,41.897874]]}},{"type":"Feature","properties":{"id":"road-b69","kind":"road","name":"Unnamed road","acres":null,"editable":false,"source":"TIGER/UGRC road centerlines"},"geometry":{"type":"LineString","coordinates":[[-111.284763,41.899464],[-111.284475,41.900276]]}},{"type":"Feature","properties":{"id":"road-b70","kind":"road","name":"ROUNDYS","acres":null,"editable":false,"source":"TIGER/UGRC road centerlines"},"geometry":{"type":"LineString","coordinates":[[-111.194233,41.921858],[-111.191737,41.921319],[-111.189637,41.920435],[-111.189,41.920318],[-111.18662,41.920112],[-111.185356,41.919802],[-111.184857,41.919649],[-111.184324,41.919251],[-111.183396,41.917895],[-111.183248,41.9175],[-111.183154,41.916738],[-111.184421,41.913573],[-111.18438,41.912829],[-111.18385,41.91217],[-111.182501,41.911604],[-111.181092,41.910091],[-111.180273,41.909866],[-111.178059,41.910028],[-111.177217,41.909824],[-111.176371,41.909771],[-111.174924,41.909224],[-111.174191,41.908791],[-111.173791,41.908825],[-111.172798,41.909172],[-111.172371,41.909075],[-111.172156,41.908887]]}},{"type":"Feature","properties":{"id":"road-b71","kind":"road","name":"ROUNDYS","acres":null,"editable":false,"source":"TIGER/UGRC road centerlines"},"geometry":{"type":"LineString","coordinates":[[-111.192313,41.922802],[-111.192368,41.922251],[-111.19226,41.921844],[-111.191562,41.921263]]}},{"type":"Feature","properties":{"id":"road-b72","kind":"road","name":"Unnamed road","acres":null,"editable":false,"source":"TIGER/UGRC road centerlines"},"geometry":{"type":"LineString","coordinates":[[-111.213487,41.918067],[-111.212942,41.917696],[-111.212773,41.917749],[-111.212466,41.917695],[-111.21273,41.91715],[-111.212723,41.916654],[-111.213252,41.916113],[-111.213611,41.915518],[-111.213471,41.914329],[-111.213228,41.913807],[-111.213391,41.913348],[-111.214022,41.91245],[-111.213882,41.91214],[-111.213536,41.91178],[-111.213227,41.91106],[-111.213212,41.910065],[-111.211904,41.908888],[-111.21111,41.908758],[-111.21047,41.908534],[-111.209956,41.908445],[-111.209287,41.908064],[-111.208147,41.90757],[-111.207037,41.906374],[-111.206889,41.905339],[-111.206449,41.90479],[-111.206397,41.904439],[-111.206617,41.903966],[-111.207153,41.903402],[-111.207404,41.902681],[-111.20727,41.901573],[-111.206999,41.900817],[-111.205969,41.899405],[-111.205079,41.897259],[-111.20408,41.895464]]}},{"type":"Feature","properties":{"id":"road-b73","kind":"road","name":"SOUTH EDEN RD","acres":null,"editable":false,"source":"TIGER/UGRC road centerlines"},"geometry":{"type":"LineString","coordinates":[[-111.244294,41.919293],[-111.243437,41.919287],[-111.241966,41.919499],[-111.241482,41.919481],[-111.240115,41.919244],[-111.23935,41.918865],[-111.238547,41.918654],[-111.237575,41.91858],[-111.234925,41.918643],[-111.231997,41.918449],[-111.228964,41.917853],[-111.227661,41.917816],[-111.226529,41.918026],[-111.224812,41.918062],[-111.223419,41.918001],[-111.222082,41.918089],[-111.22046,41.918088],[-111.220083,41.918132],[-111.218954,41.91848],[-111.217607,41.918608],[-111.216688,41.918576],[-111.214407,41.918128],[-111.212813,41.918089],[-111.21201,41.918195],[-111.210342,41.918665],[-111.204849,41.920355],[-111.202392,41.921256],[-111.201542,41.921499],[-111.20064,41.921634],[-111.19827,41.921584],[-111.19635,41.921784],[-111.194939,41.921751],[-111.194233,41.921858]]}},{"type":"Feature","properties":{"id":"road-b74","kind":"road","name":"Unnamed road","acres":null,"editable":false,"source":"TIGER/UGRC road centerlines"},"geometry":{"type":"LineString","coordinates":[[-111.248772,41.9383],[-111.248867,41.937939],[-111.249256,41.937596],[-111.250043,41.937328],[-111.250433,41.937053],[-111.250601,41.936684],[-111.250631,41.935855],[-111.251804,41.934303],[-111.252143,41.933704],[-111.253242,41.930855],[-111.253398,41.928004],[-111.253922,41.926842],[-111.254209,41.925733],[-111.254828,41.924913],[-111.255402,41.92441],[-111.255491,41.923505],[-111.255425,41.923073],[-111.255195,41.922563],[-111.255467,41.922383]]}},{"type":"Feature","properties":{"id":"road-b75","kind":"road","name":"Unnamed road","acres":null,"editable":false,"source":"TIGER/UGRC road centerlines"},"geometry":{"type":"LineString","coordinates":[[-111.194955,41.935122],[-111.195339,41.932573],[-111.195486,41.932271],[-111.19606,41.932054],[-111.196589,41.931157],[-111.196927,41.930868],[-111.197882,41.930398],[-111.19889,41.929419],[-111.198861,41.927424],[-111.199095,41.926901]]}},{"type":"Feature","properties":{"id":"road-b76","kind":"road","name":"CISCO RD","acres":null,"editable":false,"source":"TIGER/UGRC road centerlines"},"geometry":{"type":"LineString","coordinates":[[-111.282045,41.904827],[-111.282583,41.908584]]}},{"type":"Feature","properties":{"id":"road-b77","kind":"road","name":"EDEN LN","acres":null,"editable":false,"source":"TIGER/UGRC road centerlines"},"geometry":{"type":"LineString","coordinates":[[-111.282674,41.905405],[-111.28277,41.908404],[-111.282692,41.908558],[-111.282583,41.908584]]}},{"type":"Feature","properties":{"id":"road-b78","kind":"road","name":"CISCO RD","acres":null,"editable":false,"source":"TIGER/UGRC road centerlines"},"geometry":{"type":"LineString","coordinates":[[-111.282583,41.908584],[-111.282808,41.910878],[-111.282403,41.917907],[-111.282465,41.923618],[-111.282269,41.927191]]}},{"type":"Feature","properties":{"id":"road-b79","kind":"road","name":"SOUTH EDEN RD","acres":null,"editable":false,"source":"TIGER/UGRC road centerlines"},"geometry":{"type":"LineString","coordinates":[[-111.282269,41.927191],[-111.281707,41.926992],[-111.280672,41.926346],[-111.279149,41.925932],[-111.278729,41.925893],[-111.277416,41.926106],[-111.276801,41.926006],[-111.275028,41.926018],[-111.273985,41.926298],[-111.273052,41.926401],[-111.272713,41.926387],[-111.269434,41.925264],[-111.266156,41.925353],[-111.264407,41.925495],[-111.261875,41.925221],[-111.260034,41.925397],[-111.258704,41.925347],[-111.257778,41.925058],[-111.256963,41.924233],[-111.256196,41.923716],[-111.25498,41.9215],[-111.254654,41.920498],[-111.254329,41.920183],[-111.252552,41.92029],[-111.249748,41.920116],[-111.248727,41.920414],[-111.248369,41.920421],[-111.245975,41.919899],[-111.244294,41.919293]]}},{"type":"Feature","properties":{"id":"road-b80","kind":"road","name":"SOUTH EDEN RD","acres":null,"editable":false,"source":"TIGER/UGRC road centerlines"},"geometry":{"type":"LineString","coordinates":[[-111.194233,41.921858],[-111.193057,41.922254],[-111.192313,41.922802],[-111.191827,41.923991],[-111.190563,41.925786],[-111.190177,41.926862],[-111.190292,41.927683],[-111.190221,41.927874],[-111.18962,41.929084],[-111.188984,41.929835],[-111.188701,41.930551],[-111.188411,41.931],[-111.18834,41.931235],[-111.188474,41.932078],[-111.188451,41.932883],[-111.188126,41.933644]]}},{"type":"Feature","properties":{"id":"road-b81","kind":"road","name":"Unnamed road","acres":null,"editable":false,"source":"TIGER/UGRC road centerlines"},"geometry":{"type":"LineString","coordinates":[[-111.244969,41.937907],[-111.243314,41.937276],[-111.243152,41.936677],[-111.243335,41.935754],[-111.24307,41.935299],[-111.242709,41.935278],[-111.24257,41.935332],[-111.24204,41.935855],[-111.241696,41.935847],[-111.240327,41.935328],[-111.237379,41.933656],[-111.236194,41.933104],[-111.235237,41.932404],[-111.234427,41.932076]]}},{"type":"Feature","properties":{"id":"road-b82","kind":"road","name":"Unnamed road","acres":null,"editable":false,"source":"TIGER/UGRC road centerlines"},"geometry":{"type":"LineString","coordinates":[[-111.248772,41.9383],[-111.249654,41.938073],[-111.251396,41.938123],[-111.252294,41.937927],[-111.252986,41.937462],[-111.253905,41.937266],[-111.254625,41.937238],[-111.255736,41.937006],[-111.256853,41.936958],[-111.258111,41.937122],[-111.258832,41.9373],[-111.259251,41.937173],[-111.261038,41.937219],[-111.262083,41.936969],[-111.262752,41.9369]]}},{"type":"Feature","properties":{"id":"road-b83","kind":"road","name":"Unnamed road","acres":null,"editable":false,"source":"TIGER/UGRC road centerlines"},"geometry":{"type":"LineString","coordinates":[[-111.244969,41.937907],[-111.245815,41.938126],[-111.246566,41.938525],[-111.247537,41.938456],[-111.248611,41.938494]]}},{"type":"Feature","properties":{"id":"road-b84","kind":"road","name":"Unnamed road","acres":null,"editable":false,"source":"TIGER/UGRC road centerlines"},"geometry":{"type":"LineString","coordinates":[[-111.248611,41.938494],[-111.248772,41.9383]]}},{"type":"Feature","properties":{"id":"road-b85","kind":"road","name":"Unnamed road","acres":null,"editable":false,"source":"TIGER/UGRC road centerlines"},"geometry":{"type":"LineString","coordinates":[[-111.248611,41.938494],[-111.248654,41.938899]]}},{"type":"Feature","properties":{"id":"road-b86","kind":"road","name":"Unnamed road","acres":null,"editable":false,"source":"TIGER/UGRC road centerlines"},"geometry":{"type":"LineString","coordinates":[[-111.220838,41.94442],[-111.221632,41.943874],[-111.22283,41.943489],[-111.224161,41.942919],[-111.225927,41.942407],[-111.227771,41.941056],[-111.228609,41.940014],[-111.229271,41.939495],[-111.22991,41.939156],[-111.23138,41.938694],[-111.234469,41.938335],[-111.235601,41.93831],[-111.236395,41.938087],[-111.236946,41.938028],[-111.237955,41.937999],[-111.241653,41.937608],[-111.243821,41.937787],[-111.244529,41.937967],[-111.244969,41.937907]]}},{"type":"Feature","properties":{"id":"road-b87","kind":"road","name":"Unnamed road","acres":null,"editable":false,"source":"TIGER/UGRC road centerlines"},"geometry":{"type":"LineString","coordinates":[[-111.205407,41.940846],[-111.206187,41.94093],[-111.208268,41.941436],[-111.210283,41.94267],[-111.210572,41.942746],[-111.211526,41.94279],[-111.21252,41.943175],[-111.214203,41.944005],[-111.214462,41.944063],[-111.215351,41.944003],[-111.216359,41.944397],[-111.217278,41.944567],[-111.217698,41.944548],[-111.218698,41.944181],[-111.218962,41.944154],[-111.219595,41.94436],[-111.220573,41.94429],[-111.220838,41.94442]]}},{"type":"Feature","properties":{"id":"road-b88","kind":"road","name":"Unnamed road","acres":null,"editable":false,"source":"TIGER/UGRC road centerlines"},"geometry":{"type":"LineString","coordinates":[[-111.248654,41.938899],[-111.248772,41.939043],[-111.248884,41.939525],[-111.248613,41.940538],[-111.247951,41.941711],[-111.247732,41.942315],[-111.247732,41.942987],[-111.247946,41.943539],[-111.248196,41.943822],[-111.249514,41.94454],[-111.251535,41.946337],[-111.252145,41.947254],[-111.252351,41.947821],[-111.252944,41.94841],[-111.253739,41.949782],[-111.253856,41.949867],[-111.254151,41.949902]]}},{"type":"Feature","properties":{"id":"road-b89","kind":"road","name":"Unnamed road","acres":null,"editable":false,"source":"TIGER/UGRC road centerlines"},"geometry":{"type":"LineString","coordinates":[[-111.20079,41.946641],[-111.199283,41.94673],[-111.198002,41.946227],[-111.197017,41.946351]]}},{"type":"Feature","properties":{"id":"road-b90","kind":"road","name":"Unnamed road","acres":null,"editable":false,"source":"TIGER/UGRC road centerlines"},"geometry":{"type":"LineString","coordinates":[[-111.248654,41.938899],[-111.247655,41.940041],[-111.246707,41.940746],[-111.246003,41.942134],[-111.245877,41.942629],[-111.246232,41.943529],[-111.24621,41.943917],[-111.245903,41.944359],[-111.245917,41.944791],[-111.244285,41.946159],[-111.243948,41.946733],[-111.244303,41.949149],[-111.244281,41.950149],[-111.244128,41.950528],[-111.244128,41.950847],[-111.245189,41.953168],[-111.245153,41.953907],[-111.245028,41.95434],[-111.245338,41.954515],[-111.246646,41.954607],[-111.247588,41.954834]]}},{"type":"Feature","properties":{"id":"road-b91","kind":"road","name":"Unnamed road","acres":null,"editable":false,"source":"TIGER/UGRC road centerlines"},"geometry":{"type":"LineString","coordinates":[[-111.220838,41.94442],[-111.221567,41.944968],[-111.222118,41.945673],[-111.223567,41.94671],[-111.224001,41.947299],[-111.226114,41.948601],[-111.227761,41.94903],[-111.228601,41.94942],[-111.228858,41.949857],[-111.228888,41.950334],[-111.229115,41.951108],[-111.229072,41.95159],[-111.228807,41.951793],[-111.228771,41.95209],[-111.229463,41.953039],[-111.230103,41.953376],[-111.231154,41.953211],[-111.231633,41.95321],[-111.231699,41.953273]]}},{"type":"Feature","properties":{"id":"road-b92","kind":"road","name":"Unnamed road","acres":null,"editable":false,"source":"TIGER/UGRC road centerlines"},"geometry":{"type":"LineString","coordinates":[[-111.199491,41.959321],[-111.200587,41.957941],[-111.200733,41.954567],[-111.200512,41.953365],[-111.200834,41.950672],[-111.20079,41.946641]]}},{"type":"Feature","properties":{"id":"road-b93","kind":"road","name":"Unnamed road","acres":null,"editable":false,"source":"TIGER/UGRC road centerlines"},"geometry":{"type":"LineString","coordinates":[[-111.259526,41.960293],[-111.259416,41.959992],[-111.259246,41.959852],[-111.258433,41.958575],[-111.258248,41.957611],[-111.258411,41.956234],[-111.259516,41.954033],[-111.259893,41.952075],[-111.259306,41.951237],[-111.257666,41.950331],[-111.255915,41.949985],[-111.254151,41.949902]]}},{"type":"Feature","properties":{"id":"road-b94","kind":"road","name":"Unnamed road","acres":null,"editable":false,"source":"TIGER/UGRC road centerlines"},"geometry":{"type":"LineString","coordinates":[[-111.280311,41.923524],[-111.2799,41.923781],[-111.279274,41.924458],[-111.278752,41.924775],[-111.278646,41.925089],[-111.278736,41.925517],[-111.278887,41.925672]]}},{"type":"Feature","properties":{"id":"road-b95","kind":"road","name":"Unnamed road","acres":null,"editable":false,"source":"TIGER/UGRC road centerlines"},"geometry":{"type":"LineString","coordinates":[[-111.278887,41.925672],[-111.278729,41.925893]]}},{"type":"Feature","properties":{"id":"road-b96","kind":"road","name":"Unnamed road","acres":null,"editable":false,"source":"TIGER/UGRC road centerlines"},"geometry":{"type":"LineString","coordinates":[[-111.278887,41.925672],[-111.279038,41.925819],[-111.279457,41.925913],[-111.279621,41.926043]]}},{"type":"Feature","properties":{"id":"road-b97","kind":"road","name":"CISCO RD","acres":null,"editable":false,"source":"TIGER/UGRC road centerlines"},"geometry":{"type":"LineString","coordinates":[[-111.282269,41.927191],[-111.282154,41.928429],[-111.28223,41.929729],[-111.281651,41.933168],[-111.281154,41.934911],[-111.280152,41.937631],[-111.278437,41.943027],[-111.277785,41.947624],[-111.277451,41.94908],[-111.277372,41.951645],[-111.277161,41.953181],[-111.273799,41.960616],[-111.272214,41.96596],[-111.271669,41.966788],[-111.270529,41.967905],[-111.269883,41.968683],[-111.268003,41.972708],[-111.266293,41.982869],[-111.266013,41.983698],[-111.265435,41.984886],[-111.264781,41.985808]]}},{"type":"Feature","properties":{"id":"road-b98","kind":"road","name":"BLACK BEAR RD","acres":null,"editable":false,"source":"TIGER/UGRC road centerlines"},"geometry":{"type":"LineString","coordinates":[[-111.272697,41.985639],[-111.272835,41.987318],[-111.272786,41.987913],[-111.272591,41.988296],[-111.272194,41.988729],[-111.271976,41.988888],[-111.271657,41.988987],[-111.270942,41.988927],[-111.267717,41.987885],[-111.267143,41.987585],[-111.266534,41.987058],[-111.266009,41.986848],[-111.265473,41.986764],[-111.264328,41.986741]]}},{"type":"Feature","properties":{"id":"road-b99","kind":"road","name":"Unnamed road","acres":null,"editable":false,"source":"TIGER/UGRC road centerlines"},"geometry":{"type":"LineString","coordinates":[[-111.164611,41.948752],[-111.165038,41.948067],[-111.166215,41.947048],[-111.16648,41.946732],[-111.166606,41.946403],[-111.166643,41.94575],[-111.166502,41.945107],[-111.165392,41.943775],[-111.16515,41.94333],[-111.165151,41.9431],[-111.166688,41.941206],[-111.167092,41.941017],[-111.167593,41.940966],[-111.168652,41.941055],[-111.17049,41.941701],[-111.171211,41.941817],[-111.171394,41.941803],[-111.172345,41.941342],[-111.172579,41.941333]]}},{"type":"Feature","properties":{"id":"road-b100","kind":"road","name":"PETERSON DRY FARMS RD","acres":null,"editable":false,"source":"TIGER/UGRC road centerlines"},"geometry":{"type":"LineString","coordinates":[[-111.165438,41.933488],[-111.164931,41.934342],[-111.164802,41.935217],[-111.164683,41.935428],[-111.162528,41.938544],[-111.161873,41.939309],[-111.161685,41.94003],[-111.161547,41.940223],[-111.160895,41.940311],[-111.153189,41.940555],[-111.152283,41.940465],[-111.151734,41.940597],[-111.15,41.940658]]}},{"type":"Feature","properties":{"id":"road-b101","kind":"road","name":"Unnamed road","acres":null,"editable":false,"source":"TIGER/UGRC road centerlines"},"geometry":{"type":"LineString","coordinates":[[-111.186919,41.93569],[-111.186728,41.936532],[-111.185905,41.937362],[-111.185227,41.938426],[-111.185118,41.939332],[-111.184757,41.939873],[-111.184376,41.941184],[-111.183293,41.942464],[-111.181168,41.944067],[-111.180888,41.944391],[-111.180447,41.945243],[-111.180352,41.94577],[-111.18038,41.946496],[-111.180587,41.947086],[-111.180469,41.947684],[-111.180631,41.948062],[-111.180587,41.948706],[-111.180226,41.949481],[-111.180189,41.949891],[-111.180417,41.950255],[-111.181115,41.950524],[-111.181638,41.950632],[-111.181741,41.950798],[-111.181602,41.950952],[-111.180557,41.951142],[-111.180144,41.951436],[-111.179527,41.95172],[-111.179041,41.952207],[-111.178497,41.953154],[-111.178217,41.954361],[-111.178342,41.955946],[-111.178276,41.956798],[-111.179107,41.958395],[-111.179077,41.959237],[-111.179357,41.960142],[-111.17985,41.961231],[-111.179945,41.961938],[-111.179849,41.962564],[-111.179636,41.963037],[-111.178216,41.96435],[-111.177834,41.964846],[-111.177369,41.966103],[-111.17731,41.966576],[-111.177457,41.966999]]}},{"type":"Feature","properties":{"id":"road-b102","kind":"road","name":"Unnamed road","acres":null,"editable":false,"source":"TIGER/UGRC road centerlines"},"geometry":{"type":"LineString","coordinates":[[-111.172579,41.941333],[-111.172144,41.94427],[-111.171989,41.944779],[-111.17265,41.947772],[-111.173054,41.950501],[-111.173738,41.951737],[-111.173768,41.952022],[-111.17312,41.952802],[-111.171907,41.953885],[-111.171766,41.9542],[-111.171936,41.954466],[-111.172979,41.955311],[-111.173281,41.955864],[-111.173546,41.957656],[-111.173325,41.959034],[-111.173582,41.959336],[-111.17456,41.95978],[-111.174765,41.959964],[-111.174862,41.960198],[-111.174186,41.960452],[-111.172713,41.960751],[-111.172338,41.960905],[-111.172176,41.961333],[-111.172169,41.961702],[-111.172493,41.962814],[-111.173139,41.96402],[-111.173448,41.964393],[-111.173441,41.964997],[-111.173558,41.965384],[-111.173926,41.965793],[-111.174176,41.965955],[-111.174883,41.966165],[-111.176833,41.967275],[-111.177185,41.967378],[-111.177311,41.967346],[-111.177457,41.966999]]}},{"type":"Feature","properties":{"id":"road-b103","kind":"road","name":"Unnamed road","acres":null,"editable":false,"source":"TIGER/UGRC road centerlines"},"geometry":{"type":"LineString","coordinates":[[-111.15,41.982074],[-111.150906,41.982368],[-111.151314,41.982725],[-111.151362,41.982959],[-111.151281,41.983206],[-111.150816,41.983848],[-111.150563,41.984539],[-111.15,41.98512]]}},{"type":"Feature","properties":{"id":"road-b104","kind":"road","name":"Unnamed road","acres":null,"editable":false,"source":"TIGER/UGRC road centerlines"},"geometry":{"type":"LineString","coordinates":[[-111.199948,41.960855],[-111.202403,41.960728],[-111.203912,41.960865],[-111.20417,41.960987],[-111.204913,41.961615],[-111.205715,41.962658],[-111.205907,41.962694],[-111.206693,41.962477],[-111.207459,41.963155],[-111.20779,41.963303],[-111.20865,41.963252],[-111.210909,41.962649],[-111.211313,41.962627],[-111.212432,41.962786],[-111.213815,41.962743],[-111.214506,41.96289],[-111.215786,41.963577],[-111.217177,41.964122],[-111.217677,41.964244],[-111.218649,41.964341],[-111.21912,41.964516],[-111.219767,41.964906],[-111.220048,41.965527],[-111.220018,41.96596],[-111.219746,41.966789]]}},{"type":"Feature","properties":{"id":"road-b105","kind":"road","name":"NORTH EDEN RD","acres":null,"editable":false,"source":"TIGER/UGRC road centerlines"},"geometry":{"type":"LineString","coordinates":[[-111.264781,41.985808],[-111.263809,41.98614],[-111.263103,41.986134],[-111.260631,41.985955],[-111.257471,41.985879],[-111.256686,41.985802],[-111.255457,41.985562],[-111.254669,41.985568],[-111.253382,41.986025],[-111.252128,41.986578],[-111.251475,41.987097],[-111.250768,41.987274],[-111.24976,41.987366],[-111.248709,41.988202],[-111.248503,41.988306],[-111.248179,41.988343],[-111.247848,41.988289],[-111.246736,41.987841],[-111.246141,41.987906],[-111.245904,41.987857],[-111.245639,41.987709],[-111.244896,41.987507],[-111.244514,41.987288],[-111.243174,41.987025],[-111.242975,41.986926],[-111.242643,41.986526],[-111.24218,41.986356],[-111.240899,41.985643],[-111.240721,41.984589],[-111.240338,41.984162],[-111.23927,41.983655],[-111.238616,41.983544],[-111.237401,41.983578],[-111.236812,41.983206],[-111.235532,41.983307],[-111.235127,41.983137],[-111.234935,41.982944],[-111.234714,41.982472]]}},{"type":"Feature","properties":{"id":"road-b106","kind":"road","name":"Unnamed road","acres":null,"editable":false,"source":"TIGER/UGRC road centerlines"},"geometry":{"type":"LineString","coordinates":[[-111.177457,41.966999],[-111.177532,41.966891],[-111.177774,41.966796],[-111.178694,41.966547],[-111.17942,41.966082],[-111.181217,41.965534],[-111.181806,41.965132],[-111.182747,41.964649],[-111.184087,41.96457],[-111.185307,41.96437],[-111.186388,41.964332],[-111.186838,41.96421],[-111.187699,41.963826],[-111.188757,41.96314],[-111.191362,41.962059],[-111.192252,41.961545],[-111.192958,41.961417],[-111.194761,41.961531],[-111.196033,41.961533],[-111.196982,41.961306]]}},{"type":"Feature","properties":{"id":"road-b107","kind":"road","name":"Unnamed road","acres":null,"editable":false,"source":"TIGER/UGRC road centerlines"},"geometry":{"type":"LineString","coordinates":[[-111.15,41.97336],[-111.150557,41.972896],[-111.151676,41.971364],[-111.151603,41.970702],[-111.151876,41.969314],[-111.152679,41.966859],[-111.152915,41.96653],[-111.153217,41.965799],[-111.153614,41.965331],[-111.154159,41.964403],[-111.15438,41.963466],[-111.154542,41.963092],[-111.154733,41.962934],[-111.1548,41.962555],[-111.155749,41.961397],[-111.156162,41.960667],[-111.15622,41.960216],[-111.156154,41.958667],[-111.156074,41.95864],[-111.155825,41.958762],[-111.155118,41.959272],[-111.154757,41.95934],[-111.153904,41.958837],[-111.15289,41.958527],[-111.152316,41.957848],[-111.151926,41.957601],[-111.151153,41.957566],[-111.15,41.957667]]}},{"type":"Feature","properties":{"id":"road-b108","kind":"road","name":"Unnamed road","acres":null,"editable":false,"source":"TIGER/UGRC road centerlines"},"geometry":{"type":"LineString","coordinates":[[-111.15,41.976021],[-111.150364,41.975945],[-111.151298,41.975395],[-111.151688,41.975034],[-111.154161,41.974346]]}},{"type":"Feature","properties":{"id":"road-b109","kind":"road","name":"Unnamed road","acres":null,"editable":false,"source":"TIGER/UGRC road centerlines"},"geometry":{"type":"LineString","coordinates":[[-111.150847,41.980525],[-111.150729,41.980223],[-111.150789,41.978998],[-111.150656,41.978557],[-111.15,41.977268]]}},{"type":"Feature","properties":{"id":"road-b110","kind":"road","name":"Unnamed road","acres":null,"editable":false,"source":"TIGER/UGRC road centerlines"},"geometry":{"type":"LineString","coordinates":[[-111.16909,41.997864],[-111.171139,41.9974],[-111.172271,41.995885],[-111.172749,41.995538],[-111.17297,41.995258],[-111.173294,41.99451],[-111.174267,41.99436],[-111.174525,41.994056],[-111.174782,41.993412],[-111.175313,41.993165],[-111.176416,41.992199],[-111.177373,41.991541],[-111.177748,41.990855],[-111.177895,41.99076],[-111.178698,41.990408],[-111.180766,41.989986],[-111.181156,41.989823],[-111.181539,41.989521],[-111.181879,41.989421],[-111.184091,41.989125],[-111.184681,41.988941],[-111.185881,41.988487],[-111.18632,41.988221],[-111.186587,41.98782],[-111.186602,41.987428],[-111.186353,41.986559],[-111.186145,41.985308],[-111.185756,41.984272],[-111.184593,41.98286],[-111.183754,41.979925],[-111.183637,41.97911],[-111.18332,41.978521],[-111.183071,41.977333],[-111.18335,41.976666],[-111.183202,41.975941],[-111.182378,41.974478],[-111.181172,41.973329],[-111.180709,41.972772],[-111.180289,41.972038],[-111.179863,41.971021],[-111.179282,41.970468],[-111.178966,41.970014],[-111.178569,41.968916],[-111.178304,41.967678],[-111.178024,41.967322],[-111.177457,41.966999]]}},{"type":"Feature","properties":{"id":"road-b111","kind":"road","name":"Unnamed road","acres":null,"editable":false,"source":"TIGER/UGRC road centerlines"},"geometry":{"type":"LineString","coordinates":[[-111.16909,41.997864],[-111.166897,41.997564],[-111.164572,41.996729],[-111.16338,41.995975],[-111.162879,41.995534],[-111.162364,41.994809],[-111.162144,41.994706],[-111.161621,41.994654],[-111.161363,41.994527],[-111.158376,41.99251],[-111.156492,41.991409],[-111.155972,41.991319],[-111.15497,41.991478],[-111.152194,41.991323],[-111.15,41.99141]]}},{"type":"Feature","properties":{"id":"road-b112","kind":"road","name":"Unnamed road","acres":null,"editable":false,"source":"TIGER/UGRC road centerlines"},"geometry":{"type":"LineString","coordinates":[[-111.39704,41.883644],[-111.396728,41.882821],[-111.395202,41.881782],[-111.394607,41.880973],[-111.393917,41.880471],[-111.393262,41.879816],[-111.39185,41.879577],[-111.389886,41.879593],[-111.389077,41.879389]]}},{"type":"Feature","properties":{"id":"road-b113","kind":"road","name":"CHUKAR DR","acres":null,"editable":false,"source":"TIGER/UGRC road centerlines"},"geometry":{"type":"LineString","coordinates":[[-111.397205,41.885257],[-111.396935,41.884647],[-111.397066,41.883995],[-111.39704,41.883644]]}},{"type":"Feature","properties":{"id":"road-b114","kind":"road","name":"GREEN CIR","acres":null,"editable":false,"source":"TIGER/UGRC road centerlines"},"geometry":{"type":"LineString","coordinates":[[-111.39569,41.890696],[-111.395667,41.890344]]}},{"type":"Feature","properties":{"id":"road-b115","kind":"road","name":"GROUSE CIR","acres":null,"editable":false,"source":"TIGER/UGRC road centerlines"},"geometry":{"type":"LineString","coordinates":[[-111.402767,41.887918],[-111.403396,41.887541],[-111.403981,41.887494],[-111.40452,41.887671],[-111.405382,41.888306]]}},{"type":"Feature","properties":{"id":"road-b116","kind":"road","name":"CHUKAR DR","acres":null,"editable":false,"source":"TIGER/UGRC road centerlines"},"geometry":{"type":"LineString","coordinates":[[-111.402096,41.889745],[-111.402106,41.889399],[-111.402267,41.889121],[-111.402552,41.88895],[-111.403249,41.888755],[-111.403438,41.88862],[-111.403374,41.88845],[-111.402767,41.887918]]}},{"type":"Feature","properties":{"id":"road-b117","kind":"road","name":"CHUKAR DR","acres":null,"editable":false,"source":"TIGER/UGRC road centerlines"},"geometry":{"type":"LineString","coordinates":[[-111.402159,41.890929],[-111.402387,41.890267],[-111.402096,41.889745]]}},{"type":"Feature","properties":{"id":"road-b118","kind":"road","name":"BUNCH GRASS DR","acres":null,"editable":false,"source":"TIGER/UGRC road centerlines"},"geometry":{"type":"LineString","coordinates":[[-111.404164,41.891674],[-111.404377,41.891305],[-111.405089,41.890616],[-111.405147,41.890411],[-111.405003,41.89016],[-111.404504,41.889885],[-111.40389,41.889707],[-111.403286,41.889662],[-111.402096,41.889745]]}},{"type":"Feature","properties":{"id":"road-b119","kind":"road","name":"HAWK CIR","acres":null,"editable":false,"source":"TIGER/UGRC road centerlines"},"geometry":{"type":"LineString","coordinates":[[-111.402159,41.890929],[-111.402497,41.891051]]}},{"type":"Feature","properties":{"id":"road-b120","kind":"road","name":"CHUKAR DR","acres":null,"editable":false,"source":"TIGER/UGRC road centerlines"},"geometry":{"type":"LineString","coordinates":[[-111.401689,41.891833],[-111.402159,41.890929]]}},{"type":"Feature","properties":{"id":"road-b121","kind":"road","name":"COOKS RD","acres":null,"editable":false,"source":"TIGER/UGRC road centerlines"},"geometry":{"type":"LineString","coordinates":[[-111.393139,41.85308],[-111.393607,41.853364],[-111.395565,41.853934],[-111.396561,41.854298],[-111.398038,41.855231],[-111.400626,41.857436],[-111.40422,41.861141],[-111.406158,41.86249],[-111.407122,41.863525],[-111.408146,41.864122],[-111.408326,41.864155]]}},{"type":"Feature","properties":{"id":"road-b122","kind":"road","name":"BLACK HAWK CIR","acres":null,"editable":false,"source":"TIGER/UGRC road centerlines"},"geometry":{"type":"LineString","coordinates":[[-111.398845,41.884931],[-111.398776,41.884263],[-111.398921,41.883986]]}},{"type":"Feature","properties":{"id":"road-b123","kind":"road","name":"SWEETWATER PKWY","acres":null,"editable":false,"source":"TIGER/UGRC road centerlines"},"geometry":{"type":"LineString","coordinates":[[-111.391579,41.887302],[-111.392672,41.88715],[-111.394393,41.886381],[-111.395728,41.885935],[-111.396965,41.885347],[-111.398085,41.885017],[-111.400931,41.88485],[-111.401702,41.884853],[-111.402736,41.884967],[-111.403688,41.884888],[-111.404213,41.884741],[-111.404735,41.884494],[-111.406147,41.883464],[-111.406952,41.883128]]}},{"type":"Feature","properties":{"id":"road-b124","kind":"road","name":"CHUKAR DR","acres":null,"editable":false,"source":"TIGER/UGRC road centerlines"},"geometry":{"type":"LineString","coordinates":[[-111.402767,41.887918],[-111.402348,41.887718],[-111.401734,41.887573],[-111.399743,41.887641],[-111.399586,41.887518],[-111.399572,41.887164],[-111.399439,41.886943],[-111.398767,41.886718],[-111.398113,41.886277]]}},{"type":"Feature","properties":{"id":"road-b125","kind":"road","name":"BUNCH GRASS DR","acres":null,"editable":false,"source":"TIGER/UGRC road centerlines"},"geometry":{"type":"LineString","coordinates":[[-111.402096,41.889745],[-111.40159,41.889689],[-111.400571,41.889104],[-111.399721,41.888874],[-111.398878,41.888864],[-111.397989,41.889233]]}},{"type":"Feature","properties":{"id":"road-b126","kind":"road","name":"YARROW DR","acres":null,"editable":false,"source":"TIGER/UGRC road centerlines"},"geometry":{"type":"LineString","coordinates":[[-111.400108,41.901343],[-111.400489,41.901159],[-111.401185,41.900536],[-111.401368,41.900615],[-111.401367,41.900966]]}},{"type":"Feature","properties":{"id":"road-b127","kind":"road","name":"FOXRIDGE CIR","acres":null,"editable":false,"source":"TIGER/UGRC road centerlines"},"geometry":{"type":"LineString","coordinates":[[-111.397981,41.901493],[-111.39843,41.901212],[-111.399314,41.901076]]}},{"type":"Feature","properties":{"id":"road-b128","kind":"road","name":"Unnamed road","acres":null,"editable":false,"source":"TIGER/UGRC road centerlines"},"geometry":{"type":"LineString","coordinates":[[-111.401367,41.900966],[-111.400629,41.90147],[-111.400641,41.901713],[-111.401198,41.901962],[-111.401187,41.902161],[-111.400289,41.902575],[-111.399132,41.902694]]}},{"type":"Feature","properties":{"id":"road-b129","kind":"road","name":"YARROW DR","acres":null,"editable":false,"source":"TIGER/UGRC road centerlines"},"geometry":{"type":"LineString","coordinates":[[-111.401367,41.900966],[-111.401366,41.901435],[-111.401508,41.901509],[-111.401776,41.901482],[-111.403649,41.900601],[-111.404781,41.899779],[-111.405553,41.899565]]}},{"type":"Feature","properties":{"id":"road-b130","kind":"road","name":"PAINTBRUSH DR","acres":null,"editable":false,"source":"TIGER/UGRC road centerlines"},"geometry":{"type":"LineString","coordinates":[[-111.410991,41.908493],[-111.41038,41.907898],[-111.410033,41.907376],[-111.410007,41.907111],[-111.410212,41.906435],[-111.409636,41.90583],[-111.409526,41.905377],[-111.409656,41.903883],[-111.409844,41.903474],[-111.410245,41.902936],[-111.410304,41.902705],[-111.409704,41.901553],[-111.409798,41.901041],[-111.409711,41.900415],[-111.410116,41.899671],[-111.409526,41.898968],[-111.409436,41.898691],[-111.409516,41.898439],[-111.409698,41.898263],[-111.410397,41.897998]]}},{"type":"Feature","properties":{"id":"road-b131","kind":"road","name":"VALLEY VIEW DR","acres":null,"editable":false,"source":"TIGER/UGRC road centerlines"},"geometry":{"type":"LineString","coordinates":[[-111.408816,41.911016],[-111.408579,41.910828],[-111.407445,41.910306],[-111.407135,41.909923],[-111.407045,41.909421],[-111.407068,41.907702],[-111.40712,41.907482],[-111.407503,41.906955],[-111.407077,41.906127],[-111.406974,41.904747],[-111.406571,41.90411]]}},{"type":"Feature","properties":{"id":"road-b132","kind":"road","name":"SWEETWATER PKWY","acres":null,"editable":false,"source":"TIGER/UGRC road centerlines"},"geometry":{"type":"LineString","coordinates":[[-111.409397,41.913971],[-111.409355,41.913756],[-111.409184,41.913682],[-111.407469,41.91414],[-111.406203,41.914225],[-111.405981,41.914129],[-111.406036,41.914027],[-111.406769,41.913696],[-111.407313,41.913331],[-111.407352,41.913181],[-111.407057,41.912722],[-111.407102,41.912432],[-111.407462,41.912037],[-111.408816,41.911016]]}},{"type":"Feature","properties":{"id":"road-b133","kind":"road","name":"PARADISE PKWY","acres":null,"editable":false,"source":"TIGER/UGRC road centerlines"},"geometry":{"type":"LineString","coordinates":[[-111.404491,41.916168],[-111.40447,41.916454],[-111.404269,41.916786],[-111.40429,41.916995],[-111.40446,41.91723],[-111.404802,41.917378],[-111.405745,41.917492],[-111.40607,41.917671],[-111.406273,41.917904],[-111.406362,41.918357],[-111.405868,41.919108],[-111.405883,41.920315]]}},{"type":"Feature","properties":{"id":"road-b134","kind":"road","name":"COUNTRY CLUB WAY","acres":null,"editable":false,"source":"TIGER/UGRC road centerlines"},"geometry":{"type":"LineString","coordinates":[[-111.397467,41.903963],[-111.39774,41.903853],[-111.398257,41.90306],[-111.398953,41.902799],[-111.399279,41.902569],[-111.400107,41.901383],[-111.399982,41.901145],[-111.399141,41.901037],[-111.398832,41.90087],[-111.398635,41.900617]]}},{"type":"Feature","properties":{"id":"road-b135","kind":"road","name":"HODGES CANYON RD","acres":null,"editable":false,"source":"TIGER/UGRC road centerlines"},"geometry":{"type":"LineString","coordinates":[[-111.396053,41.918062],[-111.396596,41.917822],[-111.398603,41.917191],[-111.400452,41.91698],[-111.404885,41.916091],[-111.40659,41.915494],[-111.407402,41.91513],[-111.409397,41.913971]]}},{"type":"Feature","properties":{"id":"road-b136","kind":"road","name":"CHERYLS LN","acres":null,"editable":false,"source":"TIGER/UGRC road centerlines"},"geometry":{"type":"LineString","coordinates":[[-111.416334,41.860397],[-111.417208,41.860131],[-111.419429,41.859871],[-111.420445,41.859366]]}},{"type":"Feature","properties":{"id":"road-b137","kind":"road","name":"Unnamed road","acres":null,"editable":false,"source":"TIGER/UGRC road centerlines"},"geometry":{"type":"LineString","coordinates":[[-111.416775,41.862892],[-111.417244,41.862663],[-111.417385,41.86223],[-111.417044,41.86161],[-111.41656,41.861224],[-111.416496,41.860756]]}},{"type":"Feature","properties":{"id":"road-b138","kind":"road","name":"COOKS RD","acres":null,"editable":false,"source":"TIGER/UGRC road centerlines"},"geometry":{"type":"LineString","coordinates":[[-111.408326,41.864155],[-111.408564,41.864061],[-111.409253,41.86355],[-111.409689,41.86297],[-111.40987,41.862889],[-111.410292,41.862863],[-111.411092,41.863112],[-111.411921,41.863595],[-111.413166,41.864158],[-111.413963,41.864751],[-111.414311,41.864838],[-111.415054,41.864606],[-111.415598,41.864329],[-111.416324,41.863285],[-111.416775,41.862892]]}},{"type":"Feature","properties":{"id":"road-b139","kind":"road","name":"Unnamed road","acres":null,"editable":false,"source":"TIGER/UGRC road centerlines"},"geometry":{"type":"LineString","coordinates":[[-111.420563,41.874657],[-111.420016,41.874056],[-111.419497,41.873688],[-111.418784,41.873331],[-111.418502,41.872737],[-111.417967,41.87201],[-111.415441,41.870856],[-111.414644,41.870581],[-111.413193,41.869766],[-111.412901,41.869407],[-111.412453,41.869058],[-111.411797,41.868258],[-111.411612,41.867556],[-111.409597,41.865276],[-111.408326,41.864155]]}},{"type":"Feature","properties":{"id":"road-b140","kind":"road","name":"Unnamed road","acres":null,"editable":false,"source":"TIGER/UGRC road centerlines"},"geometry":{"type":"LineString","coordinates":[[-111.420828,41.870873],[-111.421102,41.870476],[-111.42141,41.869583],[-111.422876,41.868956],[-111.423213,41.868883],[-111.424009,41.869051],[-111.425104,41.868804],[-111.425719,41.868874],[-111.426675,41.869537],[-111.427207,41.869715]]}},{"type":"Feature","properties":{"id":"road-b141","kind":"road","name":"Unnamed road","acres":null,"editable":false,"source":"TIGER/UGRC road centerlines"},"geometry":{"type":"LineString","coordinates":[[-111.420828,41.870873],[-111.421167,41.871142],[-111.421849,41.872303],[-111.422659,41.872596],[-111.423129,41.87263],[-111.424036,41.873167],[-111.424507,41.873337],[-111.426294,41.873834],[-111.427837,41.87382],[-111.429282,41.873668],[-111.42968,41.87373]]}},{"type":"Feature","properties":{"id":"road-b142","kind":"road","name":"Unnamed road","acres":null,"editable":false,"source":"TIGER/UGRC road centerlines"},"geometry":{"type":"LineString","coordinates":[[-111.42968,41.87373],[-111.429984,41.8739],[-111.430839,41.87405],[-111.431385,41.874633],[-111.431857,41.874938],[-111.432714,41.875115],[-111.434655,41.875287],[-111.435936,41.875752],[-111.436346,41.87583],[-111.436852,41.875819],[-111.437891,41.876086],[-111.438216,41.876111],[-111.438673,41.875966]]}},{"type":"Feature","properties":{"id":"road-b143","kind":"road","name":"Unnamed road","acres":null,"editable":false,"source":"TIGER/UGRC road centerlines"},"geometry":{"type":"LineString","coordinates":[[-111.438778,41.878956],[-111.438473,41.878407],[-111.438446,41.878056],[-111.438501,41.877245],[-111.4388,41.876884],[-111.438641,41.876605],[-111.438673,41.875966]]}},{"type":"Feature","properties":{"id":"road-b144","kind":"road","name":"Unnamed road","acres":null,"editable":false,"source":"TIGER/UGRC road centerlines"},"geometry":{"type":"LineString","coordinates":[[-111.43356,41.880804],[-111.435089,41.880591],[-111.43615,41.880569],[-111.436546,41.88045],[-111.436774,41.880296],[-111.437497,41.880212],[-111.437653,41.880122],[-111.438046,41.879409],[-111.438429,41.878984],[-111.438778,41.878956]]}},{"type":"Feature","properties":{"id":"road-b145","kind":"road","name":"Unnamed road","acres":null,"editable":false,"source":"TIGER/UGRC road centerlines"},"geometry":{"type":"LineString","coordinates":[[-111.438158,41.885218],[-111.438502,41.884398],[-111.438396,41.882983],[-111.438454,41.882731],[-111.438873,41.882288],[-111.439941,41.881626],[-111.439976,41.881464],[-111.439986,41.881085],[-111.439826,41.880663],[-111.439992,41.880311],[-111.439979,41.880086],[-111.439688,41.879898],[-111.439346,41.879169],[-111.438778,41.878956]]}},{"type":"Feature","properties":{"id":"road-b146","kind":"road","name":"Unnamed road","acres":null,"editable":false,"source":"TIGER/UGRC road centerlines"},"geometry":{"type":"LineString","coordinates":[[-111.438032,41.893297],[-111.437958,41.893081],[-111.438364,41.892467],[-111.438204,41.892036],[-111.438152,41.89145],[-111.438232,41.89073],[-111.438981,41.889259],[-111.439027,41.888925],[-111.438916,41.888637],[-111.438994,41.887655],[-111.438143,41.886515],[-111.437885,41.885867],[-111.437908,41.885651],[-111.438158,41.885218]]}},{"type":"Feature","properties":{"id":"road-b147","kind":"road","name":"RICHARDSON","acres":null,"editable":false,"source":"TIGER/UGRC road centerlines"},"geometry":{"type":"LineString","coordinates":[[-111.439786,41.899559],[-111.440097,41.899349],[-111.440295,41.897532],[-111.440662,41.896059],[-111.440838,41.895881],[-111.441687,41.895425],[-111.442212,41.894875],[-111.443216,41.894345],[-111.445086,41.894261],[-111.446712,41.894428],[-111.448499,41.894178],[-111.449601,41.894114],[-111.449749,41.894136],[-111.45,41.894346]]}},{"type":"Feature","properties":{"id":"road-b148","kind":"road","name":"PANORAMA DR","acres":null,"editable":false,"source":"TIGER/UGRC road centerlines"},"geometry":{"type":"LineString","coordinates":[[-111.417217,41.884547],[-111.416802,41.884405],[-111.415766,41.884345],[-111.415299,41.88422],[-111.414943,41.88399],[-111.413931,41.882994]]}},{"type":"Feature","properties":{"id":"road-b149","kind":"road","name":"WILD RYE CIR","acres":null,"editable":false,"source":"TIGER/UGRC road centerlines"},"geometry":{"type":"LineString","coordinates":[[-111.416043,41.885231],[-111.417217,41.884547]]}},{"type":"Feature","properties":{"id":"road-b150","kind":"road","name":"PANORAMA DR","acres":null,"editable":false,"source":"TIGER/UGRC road centerlines"},"geometry":{"type":"LineString","coordinates":[[-111.417417,41.886457],[-111.417315,41.885593],[-111.417533,41.884827],[-111.417477,41.884691],[-111.417217,41.884547]]}},{"type":"Feature","properties":{"id":"road-b151","kind":"road","name":"LUPINE CIR","acres":null,"editable":false,"source":"TIGER/UGRC road centerlines"},"geometry":{"type":"LineString","coordinates":[[-111.417417,41.886457],[-111.417806,41.886274],[-111.419014,41.885367],[-111.419121,41.885203],[-111.419056,41.884988]]}},{"type":"Feature","properties":{"id":"road-b152","kind":"road","name":"SWEETWATER PKWY","acres":null,"editable":false,"source":"TIGER/UGRC road centerlines"},"geometry":{"type":"LineString","coordinates":[[-111.413251,41.887209],[-111.412856,41.886505],[-111.412884,41.885591],[-111.412783,41.885248],[-111.410908,41.883896],[-111.410041,41.883428],[-111.409153,41.883109],[-111.408,41.882979],[-111.406952,41.883128]]}},{"type":"Feature","properties":{"id":"road-b153","kind":"road","name":"SERVICE BERRY DR","acres":null,"editable":false,"source":"TIGER/UGRC road centerlines"},"geometry":{"type":"LineString","coordinates":[[-111.406956,41.891654],[-111.40695,41.891246],[-111.407425,41.890517],[-111.407604,41.889944],[-111.408309,41.889426],[-111.408462,41.889153],[-111.408394,41.888457],[-111.40785,41.887955],[-111.407693,41.887698],[-111.407678,41.887025],[-111.407901,41.886666],[-111.408791,41.886004],[-111.408923,41.885724],[-111.408779,41.885178],[-111.408332,41.8845],[-111.408016,41.88418],[-111.407395,41.883788],[-111.406952,41.883128]]}},{"type":"Feature","properties":{"id":"road-b154","kind":"road","name":"MEADOW LARK CIR","acres":null,"editable":false,"source":"TIGER/UGRC road centerlines"},"geometry":{"type":"LineString","coordinates":[[-111.404966,41.89013],[-111.405616,41.889678],[-111.405523,41.889652]]}},{"type":"Feature","properties":{"id":"road-b155","kind":"road","name":"MULES EAR CIR","acres":null,"editable":false,"source":"TIGER/UGRC road centerlines"},"geometry":{"type":"LineString","coordinates":[[-111.414879,41.889214],[-111.415199,41.888956],[-111.415708,41.887549],[-111.415494,41.886776]]}},{"type":"Feature","properties":{"id":"road-b156","kind":"road","name":"SWEETWATER PKWY","acres":null,"editable":false,"source":"TIGER/UGRC road centerlines"},"geometry":{"type":"LineString","coordinates":[[-111.414879,41.889214],[-111.413251,41.887209]]}},{"type":"Feature","properties":{"id":"road-b157","kind":"road","name":"SNOWBERRY DR","acres":null,"editable":false,"source":"TIGER/UGRC road centerlines"},"geometry":{"type":"LineString","coordinates":[[-111.411385,41.890902],[-111.411293,41.890649],[-111.411363,41.890321],[-111.41195,41.889821],[-111.412049,41.889622],[-111.41181,41.889062],[-111.411797,41.888642]]}},{"type":"Feature","properties":{"id":"road-b158","kind":"road","name":"SWEETWATER PKWY","acres":null,"editable":false,"source":"TIGER/UGRC road centerlines"},"geometry":{"type":"LineString","coordinates":[[-111.416856,41.891872],[-111.416485,41.891617],[-111.4162,41.891224],[-111.415837,41.890027],[-111.414879,41.889214]]}},{"type":"Feature","properties":{"id":"road-b159","kind":"road","name":"PANORAMA DR","acres":null,"editable":false,"source":"TIGER/UGRC road centerlines"},"geometry":{"type":"LineString","coordinates":[[-111.418843,41.898961],[-111.419196,41.898712],[-111.419291,41.898427],[-111.419168,41.89733],[-111.419168,41.895118],[-111.419262,41.894714],[-111.419635,41.8941],[-111.419507,41.893898],[-111.419063,41.893629],[-111.418931,41.893381],[-111.419378,41.892563],[-111.418791,41.890371],[-111.41867,41.889007],[-111.418507,41.888449]]}},{"type":"Feature","properties":{"id":"road-b160","kind":"road","name":"SNOWBERRY DR","acres":null,"editable":false,"source":"TIGER/UGRC road centerlines"},"geometry":{"type":"LineString","coordinates":[[-111.412699,41.897205],[-111.413114,41.896578],[-111.413644,41.896059],[-111.413752,41.895436],[-111.414404,41.894739],[-111.414438,41.8946],[-111.414305,41.894498],[-111.41412,41.894487],[-111.412592,41.894724],[-111.412272,41.894663],[-111.412062,41.894498],[-111.411811,41.893782],[-111.411855,41.891814],[-111.411719,41.891406],[-111.411385,41.890902]]}},{"type":"Feature","properties":{"id":"road-b161","kind":"road","name":"SWEETWATER PKWY","acres":null,"editable":false,"source":"TIGER/UGRC road centerlines"},"geometry":{"type":"LineString","coordinates":[[-111.417694,41.897909],[-111.417551,41.897459],[-111.416844,41.896475],[-111.416664,41.895904],[-111.416717,41.895142],[-111.417165,41.894095],[-111.416716,41.893033],[-111.416827,41.892711],[-111.417264,41.892132],[-111.417174,41.891973],[-111.416856,41.891872]]}},{"type":"Feature","properties":{"id":"road-b162","kind":"road","name":"SERVICE BERRY DR","acres":null,"editable":false,"source":"TIGER/UGRC road centerlines"},"geometry":{"type":"LineString","coordinates":[[-111.410397,41.897998],[-111.410278,41.897608],[-111.410303,41.897259],[-111.410448,41.896947],[-111.410885,41.896408],[-111.410905,41.896228],[-111.410739,41.89606],[-111.410002,41.895819],[-111.40967,41.895584],[-111.409506,41.895306],[-111.409361,41.89457],[-111.408689,41.893811]]}},{"type":"Feature","properties":{"id":"road-b163","kind":"road","name":"CHUKAR DR","acres":null,"editable":false,"source":"TIGER/UGRC road centerlines"},"geometry":{"type":"LineString","coordinates":[[-111.406052,41.896814],[-111.405316,41.897097],[-111.404973,41.89714],[-111.404103,41.896887]]}},{"type":"Feature","properties":{"id":"road-b164","kind":"road","name":"VALLEY VIEW DR","acres":null,"editable":false,"source":"TIGER/UGRC road centerlines"},"geometry":{"type":"LineString","coordinates":[[-111.405553,41.899565],[-111.405579,41.899159],[-111.405882,41.898518],[-111.406844,41.897584],[-111.406767,41.897344],[-111.406212,41.897097],[-111.406052,41.896814]]}},{"type":"Feature","properties":{"id":"road-b165","kind":"road","name":"SERVICE BERRY DR","acres":null,"editable":false,"source":"TIGER/UGRC road centerlines"},"geometry":{"type":"LineString","coordinates":[[-111.413006,41.90716],[-111.41275,41.906717],[-111.412835,41.905493],[-111.412208,41.904822],[-111.412066,41.904375],[-111.41221,41.902893],[-111.412067,41.902033],[-111.412343,41.901154],[-111.412274,41.900393],[-111.412442,41.899307],[-111.412263,41.899043],[-111.411675,41.898751]]}},{"type":"Feature","properties":{"id":"road-b166","kind":"road","name":"Unnamed road","acres":null,"editable":false,"source":"TIGER/UGRC road centerlines"},"geometry":{"type":"LineString","coordinates":[[-111.412268,41.904903],[-111.413792,41.904565],[-111.413958,41.904375],[-111.413764,41.904123]]}},{"type":"Feature","properties":{"id":"road-b167","kind":"road","name":"SWEETWATER PKWY","acres":null,"editable":false,"source":"TIGER/UGRC road centerlines"},"geometry":{"type":"LineString","coordinates":[[-111.413006,41.90716],[-111.414854,41.90587],[-111.415567,41.90515],[-111.416019,41.904425]]}},{"type":"Feature","properties":{"id":"road-b168","kind":"road","name":"Unnamed road","acres":null,"editable":false,"source":"TIGER/UGRC road centerlines"},"geometry":{"type":"LineString","coordinates":[[-111.423427,41.912039],[-111.423469,41.911676],[-111.423165,41.911138],[-111.42281,41.91075],[-111.422983,41.910531],[-111.423305,41.910382],[-111.424165,41.910035],[-111.424851,41.90988],[-111.425958,41.90935],[-111.426298,41.909329],[-111.427213,41.909466],[-111.427918,41.909773],[-111.428059,41.909765],[-111.428162,41.909437],[-111.428311,41.909342],[-111.429191,41.909501],[-111.429843,41.909403],[-111.430255,41.909196],[-111.430676,41.908858],[-111.430986,41.908419],[-111.431287,41.907381],[-111.431944,41.906375],[-111.432413,41.90505],[-111.433275,41.904822],[-111.433958,41.904743],[-111.434219,41.904743],[-111.434736,41.90491],[-111.435663,41.904878],[-111.436384,41.904721],[-111.436961,41.904485],[-111.437401,41.903498],[-111.438617,41.901531],[-111.438642,41.900989],[-111.43886,41.900295],[-111.439554,41.899652],[-111.439786,41.899559]]}},{"type":"Feature","properties":{"id":"road-b169","kind":"road","name":"Unnamed road","acres":null,"editable":false,"source":"TIGER/UGRC road centerlines"},"geometry":{"type":"LineString","coordinates":[[-111.427655,41.919029],[-111.427801,41.919002],[-111.428069,41.918743],[-111.428432,41.917857],[-111.429456,41.916462],[-111.430388,41.915613],[-111.430925,41.915301],[-111.431352,41.915222],[-111.432078,41.914932],[-111.434506,41.914437],[-111.435257,41.914434],[-111.435843,41.914543],[-111.43639,41.914511],[-111.437007,41.914375],[-111.437751,41.914432],[-111.439257,41.91382]]}},{"type":"Feature","properties":{"id":"road-b170","kind":"road","name":"CHOKECHERRY DR","acres":null,"editable":false,"source":"TIGER/UGRC road centerlines"},"geometry":{"type":"LineString","coordinates":[[-111.432636,41.926638],[-111.432873,41.926349],[-111.43255,41.925715],[-111.4323,41.92541],[-111.43143,41.924859],[-111.431202,41.924586],[-111.431098,41.923892],[-111.430775,41.923322],[-111.43069,41.922624],[-111.430545,41.922287],[-111.430002,41.921906],[-111.429137,41.921495],[-111.428782,41.921177]]}},{"type":"Feature","properties":{"id":"road-b171","kind":"road","name":"LAKEVIEW DR","acres":null,"editable":false,"source":"TIGER/UGRC road centerlines"},"geometry":{"type":"LineString","coordinates":[[-111.426316,41.924946],[-111.427266,41.92492],[-111.427308,41.924168],[-111.427625,41.92332],[-111.427887,41.923053],[-111.42833,41.922948],[-111.428706,41.923127],[-111.428867,41.923405],[-111.428623,41.924735],[-111.428687,41.925108]]}},{"type":"Feature","properties":{"id":"road-b172","kind":"road","name":"MOUNTAIN MEADOW DR","acres":null,"editable":false,"source":"TIGER/UGRC road centerlines"},"geometry":{"type":"LineString","coordinates":[[-111.425301,41.926616],[-111.425477,41.92508],[-111.425712,41.924939],[-111.426316,41.924946]]}},{"type":"Feature","properties":{"id":"road-b173","kind":"road","name":"MOUNTAIN MEADOW CIR","acres":null,"editable":false,"source":"TIGER/UGRC road centerlines"},"geometry":{"type":"LineString","coordinates":[[-111.424825,41.926564],[-111.425301,41.926616]]}},{"type":"Feature","properties":{"id":"road-b174","kind":"road","name":"HILLSIDE DR","acres":null,"editable":false,"source":"TIGER/UGRC road centerlines"},"geometry":{"type":"LineString","coordinates":[[-111.429494,41.928036],[-111.428858,41.92767],[-111.428405,41.927267],[-111.427722,41.926472],[-111.427403,41.925712]]}},{"type":"Feature","properties":{"id":"road-b175","kind":"road","name":"MOUNTAIN MEADOW DR","acres":null,"editable":false,"source":"TIGER/UGRC road centerlines"},"geometry":{"type":"LineString","coordinates":[[-111.424909,41.928173],[-111.425111,41.927698],[-111.425301,41.926616]]}},{"type":"Feature","properties":{"id":"road-b176","kind":"road","name":"ASPEN WAY","acres":null,"editable":false,"source":"TIGER/UGRC road centerlines"},"geometry":{"type":"LineString","coordinates":[[-111.429494,41.928036],[-111.430207,41.927571],[-111.43067,41.926838]]}},{"type":"Feature","properties":{"id":"road-b177","kind":"road","name":"MOUNTAIN VIEW CIR","acres":null,"editable":false,"source":"TIGER/UGRC road centerlines"},"geometry":{"type":"LineString","coordinates":[[-111.423337,41.928105],[-111.423443,41.927988]]}},{"type":"Feature","properties":{"id":"road-b178","kind":"road","name":"MOUNTAIN VIEW DR","acres":null,"editable":false,"source":"TIGER/UGRC road centerlines"},"geometry":{"type":"LineString","coordinates":[[-111.423255,41.927921],[-111.424595,41.928217],[-111.424909,41.928173]]}},{"type":"Feature","properties":{"id":"road-b179","kind":"road","name":"ELK RIDGE RD","acres":null,"editable":false,"source":"TIGER/UGRC road centerlines"},"geometry":{"type":"LineString","coordinates":[[-111.400244,41.949971],[-111.402226,41.950074],[-111.405787,41.950108]]}},{"type":"Feature","properties":{"id":"road-b180","kind":"road","name":"ASPEN CIR","acres":null,"editable":false,"source":"TIGER/UGRC road centerlines"},"geometry":{"type":"LineString","coordinates":[[-111.429073,41.928503],[-111.429494,41.928036]]}},{"type":"Feature","properties":{"id":"road-b181","kind":"road","name":"LAKEVIEW DR","acres":null,"editable":false,"source":"TIGER/UGRC road centerlines"},"geometry":{"type":"LineString","coordinates":[[-111.430912,41.931355],[-111.431712,41.930371],[-111.431924,41.929829],[-111.431958,41.929482],[-111.431686,41.927574],[-111.431303,41.927103],[-111.43067,41.926838]]}},{"type":"Feature","properties":{"id":"road-b182","kind":"road","name":"HILLSIDE DR","acres":null,"editable":false,"source":"TIGER/UGRC road centerlines"},"geometry":{"type":"LineString","coordinates":[[-111.430912,41.931355],[-111.430721,41.931189],[-111.430627,41.930933],[-111.430678,41.929371],[-111.430584,41.928893],[-111.43029,41.928525],[-111.429494,41.928036]]}},{"type":"Feature","properties":{"id":"road-b183","kind":"road","name":"CROSSED ARROWS CIR","acres":null,"editable":false,"source":"TIGER/UGRC road centerlines"},"geometry":{"type":"LineString","coordinates":[[-111.426881,41.930234],[-111.426801,41.929968],[-111.426854,41.929681]]}},{"type":"Feature","properties":{"id":"road-b184","kind":"road","name":"SHUNDAHAI RD","acres":null,"editable":false,"source":"TIGER/UGRC road centerlines"},"geometry":{"type":"LineString","coordinates":[[-111.424284,41.931501],[-111.424648,41.931001],[-111.424494,41.930513],[-111.423393,41.929983],[-111.422809,41.929211],[-111.422383,41.92883],[-111.422104,41.928831],[-111.421637,41.928982],[-111.419672,41.930038]]}},{"type":"Feature","properties":{"id":"road-b185","kind":"road","name":"LOGAN RD","acres":null,"editable":false,"source":"TIGER/UGRC road centerlines"},"geometry":{"type":"LineString","coordinates":[[-111.410418,41.939448],[-111.410982,41.937866],[-111.411419,41.937015],[-111.4121,41.936013],[-111.41276,41.935376],[-111.413491,41.934835],[-111.415723,41.933668],[-111.416132,41.933272],[-111.416658,41.932408],[-111.417237,41.931855],[-111.41867,41.931084],[-111.419552,41.930781],[-111.420502,41.93069],[-111.423463,41.930825],[-111.424014,41.930711],[-111.424494,41.930513],[-111.425086,41.930059],[-111.425459,41.929427],[-111.42625,41.926233],[-111.426326,41.92521],[-111.426165,41.923582],[-111.426205,41.923251],[-111.426558,41.9227],[-111.427036,41.922388],[-111.42741,41.922248],[-111.42781,41.922181],[-111.428449,41.922217],[-111.429015,41.922397],[-111.429451,41.922684],[-111.429769,41.923065],[-111.429886,41.923367],[-111.429738,41.924699],[-111.429819,41.925071],[-111.430026,41.925406],[-111.430332,41.925689],[-111.430733,41.925902],[-111.432078,41.926252],[-111.432759,41.926795],[-111.432978,41.927245],[-111.433029,41.928045],[-111.433471,41.929335],[-111.433395,41.930776],[-111.433814,41.931421],[-111.434202,41.931676],[-111.434651,41.931845],[-111.435346,41.931909],[-111.43597,41.931809],[-111.438301,41.930875],[-111.440337,41.92979],[-111.441051,41.929484],[-111.442179,41.929157],[-111.443171,41.929034],[-111.443867,41.929164],[-111.444496,41.929526],[-111.445794,41.931158],[-111.446316,41.931633],[-111.446947,41.931883],[-111.447875,41.931914],[-111.448689,41.931625],[-111.449215,41.931118],[-111.449571,41.929539],[-111.45,41.928836]]}},{"type":"Feature","properties":{"id":"road-b186","kind":"road","name":"BOOSWAY CIR","acres":null,"editable":false,"source":"TIGER/UGRC road centerlines"},"geometry":{"type":"LineString","coordinates":[[-111.428004,41.932459],[-111.428407,41.932277],[-111.428693,41.931947],[-111.428831,41.9297]]}},{"type":"Feature","properties":{"id":"road-b187","kind":"road","name":"HODGES CANYON RD","acres":null,"editable":false,"source":"TIGER/UGRC road centerlines"},"geometry":{"type":"LineString","coordinates":[[-111.409397,41.913971],[-111.414052,41.911527],[-111.416028,41.911164],[-111.417102,41.911156],[-111.418085,41.911299],[-111.418847,41.91154],[-111.419368,41.911313],[-111.419921,41.911292],[-111.420612,41.911454],[-111.421939,41.911516],[-111.423033,41.9118],[-111.42375,41.912251],[-111.42484,41.913218],[-111.425061,41.913991],[-111.425547,41.914966],[-111.4257,41.915921],[-111.42583,41.916191],[-111.426006,41.916448],[-111.426843,41.917016],[-111.427533,41.918142],[-111.427637,41.918466],[-111.427748,41.920448],[-111.427703,41.921136]]}},{"type":"Feature","properties":{"id":"road-b188","kind":"road","name":"CEDAR RIDGE DR","acres":null,"editable":false,"source":"TIGER/UGRC road centerlines"},"geometry":{"type":"LineString","coordinates":[[-111.410086,41.941299],[-111.410434,41.941241],[-111.410782,41.94085],[-111.411202,41.940632],[-111.412621,41.940204],[-111.413787,41.940341],[-111.41519,41.940293],[-111.417144,41.940069],[-111.417872,41.940176],[-111.419457,41.940081],[-111.420729,41.940125]]}},{"type":"Feature","properties":{"id":"road-b189","kind":"road","name":"Unnamed road","acres":null,"editable":false,"source":"TIGER/UGRC road centerlines"},"geometry":{"type":"LineString","coordinates":[[-111.412213,41.942889],[-111.412257,41.942686],[-111.412041,41.941913],[-111.412051,41.941634],[-111.412266,41.9413],[-111.412627,41.941118],[-111.41353,41.940971],[-111.414472,41.941003],[-111.415749,41.940782],[-111.416485,41.94096],[-111.41681,41.940716],[-111.417064,41.940679],[-111.419211,41.940806],[-111.419611,41.941066],[-111.419758,41.941453],[-111.419814,41.942587],[-111.419473,41.943912]]}},{"type":"Feature","properties":{"id":"road-b190","kind":"road","name":"Unnamed road","acres":null,"editable":false,"source":"TIGER/UGRC road centerlines"},"geometry":{"type":"LineString","coordinates":[[-111.410568,41.947734],[-111.411081,41.948446],[-111.411224,41.948929]]}},{"type":"Feature","properties":{"id":"road-b191","kind":"road","name":"Unnamed road","acres":null,"editable":false,"source":"TIGER/UGRC road centerlines"},"geometry":{"type":"LineString","coordinates":[[-111.410285,41.948026],[-111.410639,41.94846],[-111.411432,41.949151],[-111.411907,41.949273],[-111.41261,41.949248],[-111.414298,41.9488],[-111.415836,41.948689],[-111.418169,41.948974],[-111.418194,41.949184],[-111.417517,41.949798],[-111.417801,41.95111],[-111.417607,41.951443],[-111.417623,41.951678],[-111.417998,41.952608],[-111.418197,41.95348],[-111.418329,41.953643],[-111.418596,41.953749],[-111.419004,41.954135],[-111.419526,41.954454],[-111.419449,41.955029]]}},{"type":"Feature","properties":{"id":"road-b192","kind":"road","name":"MAHOGANY DR","acres":null,"editable":false,"source":"TIGER/UGRC road centerlines"},"geometry":{"type":"LineString","coordinates":[[-111.43609,41.932629],[-111.435807,41.93231],[-111.435279,41.9321],[-111.435122,41.931907]]}},{"type":"Feature","properties":{"id":"road-b193","kind":"road","name":"LAKEVIEW DR","acres":null,"editable":false,"source":"TIGER/UGRC road centerlines"},"geometry":{"type":"LineString","coordinates":[[-111.433749,41.934319],[-111.433878,41.933843],[-111.434124,41.933608],[-111.43609,41.932629]]}},{"type":"Feature","properties":{"id":"road-b194","kind":"road","name":"JUNIPER DR","acres":null,"editable":false,"source":"TIGER/UGRC road centerlines"},"geometry":{"type":"LineString","coordinates":[[-111.436395,41.934631],[-111.436704,41.933648],[-111.436695,41.933288],[-111.436597,41.933216],[-111.43604,41.933178],[-111.435546,41.932885]]}},{"type":"Feature","properties":{"id":"road-b195","kind":"road","name":"LAKEVIEW DR","acres":null,"editable":false,"source":"TIGER/UGRC road centerlines"},"geometry":{"type":"LineString","coordinates":[[-111.438589,41.935906],[-111.438494,41.935699],[-111.43849,41.934159],[-111.438246,41.932778],[-111.438314,41.932039],[-111.438013,41.93195],[-111.437337,41.932056],[-111.43609,41.932629]]}},{"type":"Feature","properties":{"id":"road-b196","kind":"road","name":"700 W","acres":null,"editable":false,"source":"TIGER/UGRC road centerlines"},"geometry":{"type":"LineString","coordinates":[[-111.404635,41.935405],[-111.404922,41.935246],[-111.405587,41.935068],[-111.406519,41.935078],[-111.407353,41.934976]]}},{"type":"Feature","properties":{"id":"road-b197","kind":"road","name":"700 W","acres":null,"editable":false,"source":"TIGER/UGRC road centerlines"},"geometry":{"type":"LineString","coordinates":[[-111.409985,41.936656],[-111.409756,41.936534],[-111.408618,41.936381],[-111.408146,41.936199],[-111.407523,41.935441],[-111.407353,41.934976]]}},{"type":"Feature","properties":{"id":"road-b198","kind":"road","name":"LOGAN RD","acres":null,"editable":false,"source":"TIGER/UGRC road centerlines"},"geometry":{"type":"LineString","coordinates":[[-111.406098,41.946469],[-111.406573,41.946225],[-111.407028,41.94587],[-111.409569,41.942662],[-111.410015,41.941661],[-111.410418,41.939448]]}},{"type":"Feature","properties":{"id":"road-b199","kind":"road","name":"JUNIPER CIR","acres":null,"editable":false,"source":"TIGER/UGRC road centerlines"},"geometry":{"type":"LineString","coordinates":[[-111.435261,41.935545],[-111.435308,41.935162],[-111.43543,41.935013],[-111.435847,41.93474],[-111.436395,41.934631]]}},{"type":"Feature","properties":{"id":"road-b200","kind":"road","name":"GARDEN CITY CANYON","acres":null,"editable":false,"source":"TIGER/UGRC road centerlines"},"geometry":{"type":"LineString","coordinates":[[-111.409452,41.947524],[-111.40996,41.947606],[-111.410419,41.94779],[-111.410568,41.947734],[-111.410395,41.9474],[-111.410396,41.946998],[-111.410793,41.946455],[-111.410874,41.946205],[-111.410837,41.944278],[-111.410729,41.943573],[-111.411122,41.943098],[-111.411514,41.942953],[-111.412088,41.942887],[-111.412527,41.94304],[-111.413402,41.943645],[-111.415095,41.944433],[-111.415348,41.944471],[-111.415513,41.944207],[-111.41577,41.944084],[-111.416465,41.944046],[-111.417825,41.944107],[-111.418178,41.944234],[-111.418949,41.944912],[-111.419254,41.945081],[-111.420869,41.9454],[-111.421239,41.945549],[-111.422084,41.945646],[-111.422415,41.946016],[-111.422906,41.946315],[-111.423014,41.947203],[-111.423132,41.947459],[-111.423474,41.947621],[-111.424078,41.947592],[-111.424427,41.947447],[-111.424585,41.947277],[-111.424684,41.94692],[-111.424681,41.946129],[-111.424907,41.945653],[-111.425196,41.945466],[-111.42656,41.945047],[-111.426821,41.945027],[-111.427929,41.945075],[-111.428969,41.945439],[-111.429274,41.94545],[-111.429491,41.945376],[-111.43021,41.944782],[-111.430477,41.944656],[-111.431879,41.94467],[-111.432396,41.944571],[-111.432775,41.944376],[-111.433282,41.943876],[-111.434097,41.943614],[-111.43425,41.943391],[-111.434565,41.942257],[-111.434884,41.941821],[-111.435333,41.941579],[-111.436548,41.941484],[-111.436864,41.941364],[-111.436976,41.941184],[-111.437019,41.94033],[-111.437128,41.940077],[-111.438934,41.939118],[-111.439363,41.938459],[-111.439734,41.93809],[-111.44027,41.937732],[-111.440986,41.93745],[-111.44116,41.937119],[-111.440959,41.935796],[-111.441082,41.935667],[-111.441803,41.935314],[-111.442192,41.93489],[-111.442136,41.93464],[-111.441661,41.934516],[-111.441522,41.934401],[-111.441939,41.933678],[-111.44268,41.934021],[-111.44302,41.934094],[-111.443516,41.934134],[-111.444034,41.934031],[-111.445464,41.934394],[-111.446348,41.934447],[-111.446564,41.934598],[-111.446677,41.935061],[-111.44687,41.935155],[-111.447473,41.935081],[-111.448142,41.935177],[-111.448639,41.934988],[-111.45,41.934758]]}},{"type":"Feature","properties":{"id":"road-b201","kind":"road","name":"CEDAR RIDGE DR","acres":null,"editable":false,"source":"TIGER/UGRC road centerlines"},"geometry":{"type":"LineString","coordinates":[[-111.436328,41.937554],[-111.437016,41.937957],[-111.437295,41.938002],[-111.438449,41.937586],[-111.438752,41.937626],[-111.438975,41.937945],[-111.439012,41.938647],[-111.439128,41.938887]]}},{"type":"Feature","properties":{"id":"road-b202","kind":"road","name":"CEDAR RIDGE DR","acres":null,"editable":false,"source":"TIGER/UGRC road centerlines"},"geometry":{"type":"LineString","coordinates":[[-111.430835,41.941045],[-111.431723,41.940731],[-111.431945,41.940533],[-111.431793,41.940408],[-111.431013,41.940287],[-111.430807,41.940103],[-111.430839,41.939704],[-111.431392,41.939202],[-111.432359,41.938652],[-111.432879,41.938115],[-111.433144,41.938],[-111.43335,41.938208],[-111.433454,41.939115],[-111.433706,41.939222],[-111.433914,41.939052],[-111.434452,41.938215],[-111.434619,41.938188]]}},{"type":"Feature","properties":{"id":"road-b203","kind":"road","name":"CEDAR RIDGE DR","acres":null,"editable":false,"source":"TIGER/UGRC road centerlines"},"geometry":{"type":"LineString","coordinates":[[-111.420729,41.940125],[-111.423706,41.940134],[-111.426671,41.939927],[-111.426787,41.940068],[-111.426628,41.940654],[-111.427208,41.941119]]}},{"type":"Feature","properties":{"id":"road-b204","kind":"road","name":"CANYON CIR","acres":null,"editable":false,"source":"TIGER/UGRC road centerlines"},"geometry":{"type":"LineString","coordinates":[[-111.427208,41.941119],[-111.427417,41.940498],[-111.428479,41.940041],[-111.428642,41.94002],[-111.42883,41.94012],[-111.428979,41.940727]]}},{"type":"Feature","properties":{"id":"road-b205","kind":"road","name":"COTTONWOOD CIR","acres":null,"editable":false,"source":"TIGER/UGRC road centerlines"},"geometry":{"type":"LineString","coordinates":[[-111.420729,41.940125],[-111.420805,41.941522],[-111.420912,41.941768],[-111.421116,41.941928],[-111.422613,41.942273],[-111.423208,41.942094],[-111.423607,41.9418],[-111.423738,41.941602]]}},{"type":"Feature","properties":{"id":"road-b206","kind":"road","name":"CEDAR RIDGE DR","acres":null,"editable":false,"source":"TIGER/UGRC road centerlines"},"geometry":{"type":"LineString","coordinates":[[-111.427208,41.941119],[-111.427766,41.941432],[-111.428456,41.941494],[-111.430108,41.941251],[-111.430835,41.941045]]}},{"type":"Feature","properties":{"id":"road-b207","kind":"road","name":"HUCKLEBERRY CIR","acres":null,"editable":false,"source":"TIGER/UGRC road centerlines"},"geometry":{"type":"LineString","coordinates":[[-111.430835,41.941045],[-111.430132,41.942486],[-111.430222,41.942678],[-111.430545,41.942771],[-111.43094,41.942734],[-111.431965,41.942148],[-111.432141,41.942123],[-111.432865,41.942633],[-111.4331,41.942664],[-111.433287,41.942593],[-111.433385,41.942456],[-111.433409,41.941864],[-111.433931,41.94091],[-111.43402,41.940444]]}},{"type":"Feature","properties":{"id":"road-b208","kind":"road","name":"DEE DR","acres":null,"editable":false,"source":"TIGER/UGRC road centerlines"},"geometry":{"type":"LineString","coordinates":[[-111.403781,41.949972],[-111.404265,41.949934],[-111.404866,41.948991],[-111.406472,41.948017],[-111.406988,41.947866],[-111.407587,41.947882]]}},{"type":"Feature","properties":{"id":"road-b209","kind":"road","name":"BELLE DR","acres":null,"editable":false,"source":"TIGER/UGRC road centerlines"},"geometry":{"type":"LineString","coordinates":[[-111.405755,41.949605],[-111.40636,41.94913],[-111.406831,41.948921],[-111.40875,41.948657]]}},{"type":"Feature","properties":{"id":"road-b210","kind":"road","name":"Unnamed road","acres":null,"editable":false,"source":"TIGER/UGRC road centerlines"},"geometry":{"type":"LineString","coordinates":[[-111.411224,41.948929],[-111.4107,41.949123],[-111.410247,41.949515]]}},{"type":"Feature","properties":{"id":"road-b211","kind":"road","name":"165 N","acres":null,"editable":false,"source":"TIGER/UGRC road centerlines"},"geometry":{"type":"LineString","coordinates":[[-111.407714,41.949669],[-111.408964,41.949584],[-111.409164,41.94939]]}},{"type":"Feature","properties":{"id":"road-b212","kind":"road","name":"200 N","acres":null,"editable":false,"source":"TIGER/UGRC road centerlines"},"geometry":{"type":"LineString","coordinates":[[-111.405787,41.950108],[-111.410218,41.950129]]}},{"type":"Feature","properties":{"id":"road-b213","kind":"road","name":"BLACKBERRY DR","acres":null,"editable":false,"source":"TIGER/UGRC road centerlines"},"geometry":{"type":"LineString","coordinates":[[-111.406061,41.96133],[-111.405515,41.961719],[-111.405351,41.961932],[-111.405423,41.963291],[-111.405269,41.964193]]}},{"type":"Feature","properties":{"id":"road-b214","kind":"road","name":"Unnamed road","acres":null,"editable":false,"source":"TIGER/UGRC road centerlines"},"geometry":{"type":"LineString","coordinates":[[-111.428122,41.956445],[-111.430235,41.958391],[-111.430719,41.958588],[-111.431214,41.958712],[-111.43183,41.958737],[-111.434215,41.958178],[-111.43577,41.957911],[-111.436675,41.957881],[-111.437484,41.957959],[-111.437738,41.958048],[-111.438248,41.958478],[-111.439108,41.958934],[-111.439303,41.959195],[-111.43933,41.959735]]}},{"type":"Feature","properties":{"id":"road-b215","kind":"road","name":"Unnamed road","acres":null,"editable":false,"source":"TIGER/UGRC road centerlines"},"geometry":{"type":"LineString","coordinates":[[-111.420209,41.955089],[-111.421094,41.955848],[-111.42164,41.956924],[-111.422663,41.957994],[-111.423923,41.960047],[-111.425647,41.961521],[-111.425931,41.962071],[-111.426136,41.962116],[-111.42751,41.96195],[-111.427793,41.962038],[-111.42848,41.962495]]}},{"type":"Feature","properties":{"id":"road-b216","kind":"road","name":"Unnamed road","acres":null,"editable":false,"source":"TIGER/UGRC road centerlines"},"geometry":{"type":"LineString","coordinates":[[-111.428122,41.956445],[-111.428099,41.956643],[-111.427836,41.956977],[-111.427852,41.957581],[-111.427637,41.957905],[-111.427556,41.958456],[-111.42763,41.958572],[-111.4282,41.958831],[-111.428708,41.959181],[-111.429075,41.959998],[-111.428691,41.962045],[-111.42848,41.962495]]}},{"type":"Feature","properties":{"id":"road-b217","kind":"road","name":"Unnamed road","acres":null,"editable":false,"source":"TIGER/UGRC road centerlines"},"geometry":{"type":"LineString","coordinates":[[-111.43933,41.959735],[-111.43932,41.959969],[-111.438579,41.961026],[-111.438488,41.961362]]}},{"type":"Feature","properties":{"id":"road-b218","kind":"road","name":"Unnamed road","acres":null,"editable":false,"source":"TIGER/UGRC road centerlines"},"geometry":{"type":"LineString","coordinates":[[-111.439686,41.95088],[-111.439981,41.950861],[-111.440464,41.951042],[-111.440841,41.951719],[-111.441346,41.952204],[-111.44149,41.952546],[-111.442332,41.953069],[-111.442274,41.953312],[-111.441998,41.953726],[-111.441961,41.954707],[-111.441815,41.955169],[-111.442062,41.956024],[-111.442553,41.956636],[-111.442596,41.956823],[-111.442235,41.957312],[-111.442275,41.957501],[-111.442181,41.95768],[-111.44184,41.957917],[-111.440986,41.958215],[-111.440645,41.958418],[-111.440241,41.96022],[-111.439268,41.96073],[-111.438488,41.961362],[-111.43834,41.961661],[-111.438398,41.96185],[-111.438007,41.962434],[-111.437391,41.963069],[-111.43713,41.963468],[-111.436673,41.963771],[-111.436618,41.964179],[-111.436744,41.96451],[-111.436683,41.964727],[-111.436788,41.965047],[-111.436611,41.965443],[-111.436268,41.965834],[-111.435568,41.966346],[-111.435115,41.96683],[-111.434248,41.968263],[-111.433907,41.968499],[-111.433669,41.968851],[-111.43312,41.96929],[-111.432849,41.969628],[-111.432772,41.97002],[-111.432002,41.970743],[-111.431791,41.970768],[-111.431261,41.970576],[-111.430293,41.969483],[-111.429357,41.96878],[-111.429744,41.967063],[-111.429267,41.965896],[-111.429107,41.965162]]}},{"type":"Feature","properties":{"id":"road-b219","kind":"road","name":"GEORGIA LN","acres":null,"editable":false,"source":"TIGER/UGRC road centerlines"},"geometry":{"type":"LineString","coordinates":[[-111.424388,41.983916],[-111.425601,41.983961]]}},{"type":"Feature","properties":{"id":"road-b220","kind":"road","name":"HARBOR VILLAGE EAST DR","acres":null,"editable":false,"source":"TIGER/UGRC road centerlines"},"geometry":{"type":"LineString","coordinates":[[-111.401496,41.96154],[-111.401419,41.961689],[-111.400954,41.96201],[-111.400865,41.9622],[-111.400892,41.962861],[-111.40114,41.963275]]}},{"type":"Feature","properties":{"id":"road-b221","kind":"road","name":"HARBOR VILLAGE WEST DR","acres":null,"editable":false,"source":"TIGER/UGRC road centerlines"},"geometry":{"type":"LineString","coordinates":[[-111.401496,41.96154],[-111.401885,41.961791],[-111.403342,41.961867],[-111.403652,41.96205],[-111.403658,41.964059],[-111.403577,41.964271],[-111.403302,41.964425]]}},{"type":"Feature","properties":{"id":"road-b222","kind":"road","name":"HARBOR VILLAGE EAST DR","acres":null,"editable":false,"source":"TIGER/UGRC road centerlines"},"geometry":{"type":"LineString","coordinates":[[-111.40114,41.963275],[-111.401686,41.963471],[-111.401553,41.964359]]}},{"type":"Feature","properties":{"id":"road-b223","kind":"road","name":"YACHT DR","acres":null,"editable":false,"source":"TIGER/UGRC road centerlines"},"geometry":{"type":"LineString","coordinates":[[-111.40114,41.963275],[-111.400869,41.964379]]}},{"type":"Feature","properties":{"id":"road-b224","kind":"road","name":"HARBOR VILLAGE NORTH DR","acres":null,"editable":false,"source":"TIGER/UGRC road centerlines"},"geometry":{"type":"LineString","coordinates":[[-111.401553,41.964359],[-111.403302,41.964425]]}},{"type":"Feature","properties":{"id":"road-b225","kind":"road","name":"MARINA OVERFLOW PARKING","acres":null,"editable":false,"source":"TIGER/UGRC road centerlines"},"geometry":{"type":"LineString","coordinates":[[-111.403162,41.964917],[-111.402898,41.964688],[-111.402212,41.964746],[-111.401805,41.964803],[-111.401338,41.965113]]}},{"type":"Feature","properties":{"id":"road-b226","kind":"road","name":"MARINA DR","acres":null,"editable":false,"source":"TIGER/UGRC road centerlines"},"geometry":{"type":"LineString","coordinates":[[-111.403162,41.964917],[-111.403454,41.965285]]}},{"type":"Feature","properties":{"id":"road-b227","kind":"road","name":"MARINA DR","acres":null,"editable":false,"source":"TIGER/UGRC road centerlines"},"geometry":{"type":"LineString","coordinates":[[-111.401338,41.965113],[-111.401716,41.965292],[-111.402491,41.964942],[-111.403162,41.964917]]}},{"type":"Feature","properties":{"id":"road-b228","kind":"road","name":"BEAR LAKE BLVD","acres":null,"editable":false,"source":"TIGER/UGRC road centerlines"},"geometry":{"type":"LineString","coordinates":[[-111.399146,41.95761],[-111.400416,41.959717],[-111.400571,41.960105],[-111.400675,41.960898],[-111.400601,41.961427],[-111.399461,41.9656],[-111.399409,41.966396],[-111.399754,41.967288],[-111.400227,41.967852],[-111.401489,41.969062],[-111.401824,41.969509],[-111.402312,41.970482],[-111.402533,41.971589],[-111.402793,41.976828],[-111.403027,41.97794],[-111.403488,41.978735],[-111.404082,41.979382],[-111.40946,41.983167],[-111.410158,41.983961],[-111.410482,41.984577],[-111.410658,41.985193],[-111.411298,41.988756],[-111.411267,41.993151],[-111.411048,41.994126],[-111.408855,42.0]]}},{"type":"Feature","properties":{"id":"road-b229","kind":"road","name":"FLORENCE WAY","acres":null,"editable":false,"source":"TIGER/UGRC road centerlines"},"geometry":{"type":"LineString","coordinates":[[-111.40789,41.983773],[-111.40795,41.983945],[-111.408427,41.984478]]}},{"type":"Feature","properties":{"id":"road-b230","kind":"road","name":"660 W","acres":null,"editable":false,"source":"TIGER/UGRC road centerlines"},"geometry":{"type":"LineString","coordinates":[[-111.408133,41.985069],[-111.408185,41.985443],[-111.408587,41.985914]]}},{"type":"Feature","properties":{"id":"road-b231","kind":"road","name":"2140 N","acres":null,"editable":false,"source":"TIGER/UGRC road centerlines"},"geometry":{"type":"LineString","coordinates":[[-111.408587,41.985914],[-111.410142,41.985607]]}},{"type":"Feature","properties":{"id":"road-b232","kind":"road","name":"LAKOTA SUB","acres":null,"editable":false,"source":"TIGER/UGRC road centerlines"},"geometry":{"type":"LineString","coordinates":[[-111.410142,41.985607],[-111.410269,41.985638],[-111.410424,41.985835],[-111.410535,41.986204],[-111.410412,41.986277]]}},{"type":"Feature","properties":{"id":"road-b233","kind":"road","name":"730 W","acres":null,"editable":false,"source":"TIGER/UGRC road centerlines"},"geometry":{"type":"LineString","coordinates":[[-111.410142,41.985607],[-111.410263,41.986097],[-111.410586,41.98642]]}},{"type":"Feature","properties":{"id":"road-b234","kind":"road","name":"CODU DR","acres":null,"editable":false,"source":"TIGER/UGRC road centerlines"},"geometry":{"type":"LineString","coordinates":[[-111.410482,41.984577],[-111.411151,41.984428],[-111.41226,41.984347]]}},{"type":"Feature","properties":{"id":"road-b235","kind":"road","name":"SWAN CREEK RD","acres":null,"editable":false,"source":"TIGER/UGRC road centerlines"},"geometry":{"type":"LineString","coordinates":[[-111.410731,41.985534],[-111.412842,41.98541]]}},{"type":"Feature","properties":{"id":"road-b236","kind":"road","name":"SWAN CREEK RD","acres":null,"editable":false,"source":"TIGER/UGRC road centerlines"},"geometry":{"type":"LineString","coordinates":[[-111.412842,41.98541],[-111.414348,41.985263],[-111.41528,41.985645],[-111.417409,41.986288],[-111.419242,41.986675],[-111.420409,41.986533],[-111.42259,41.986103],[-111.423592,41.985509],[-111.424112,41.984883],[-111.424429,41.984628]]}},{"type":"Feature","properties":{"id":"road-b237","kind":"road","name":"660 W","acres":null,"editable":false,"source":"TIGER/UGRC road centerlines"},"geometry":{"type":"LineString","coordinates":[[-111.408587,41.985914],[-111.408746,41.986121],[-111.40967,41.986802]]}},{"type":"Feature","properties":{"id":"road-b238","kind":"road","name":"2190 N","acres":null,"editable":false,"source":"TIGER/UGRC road centerlines"},"geometry":{"type":"LineString","coordinates":[[-111.410586,41.98642],[-111.41092,41.98648]]}},{"type":"Feature","properties":{"id":"road-b239","kind":"road","name":"PATRICIA DR","acres":null,"editable":false,"source":"TIGER/UGRC road centerlines"},"geometry":{"type":"LineString","coordinates":[[-111.425451,41.983731],[-111.424757,41.98413],[-111.424429,41.984628]]}},{"type":"Feature","properties":{"id":"road-b240","kind":"road","name":"SWAN CREEK SPRING RD","acres":null,"editable":false,"source":"TIGER/UGRC road centerlines"},"geometry":{"type":"LineString","coordinates":[[-111.424429,41.984628],[-111.425294,41.984642],[-111.426213,41.984875],[-111.426574,41.984851]]}},{"type":"Feature","properties":{"id":"road-b241","kind":"road","name":"SWAN CREEK SPRING RD","acres":null,"editable":false,"source":"TIGER/UGRC road centerlines"},"geometry":{"type":"LineString","coordinates":[[-111.426574,41.984851],[-111.426821,41.984833],[-111.427376,41.985047],[-111.427561,41.984925],[-111.42822,41.984769]]}},{"type":"Feature","properties":{"id":"road-b242","kind":"road","name":"SWAN CREEK CANAL RD","acres":null,"editable":false,"source":"TIGER/UGRC road centerlines"},"geometry":{"type":"LineString","coordinates":[[-111.426574,41.984851],[-111.426498,41.985285],[-111.424917,41.986873],[-111.424724,41.98722]]}},{"type":"Feature","properties":{"id":"road-b243","kind":"road","name":"Unnamed road","acres":null,"editable":false,"source":"TIGER/UGRC road centerlines"},"geometry":{"type":"LineString","coordinates":[[-111.420665,41.990172],[-111.421387,41.989194],[-111.422266,41.988629],[-111.422733,41.98776],[-111.422871,41.987431],[-111.422859,41.986891],[-111.422375,41.986159]]}},{"type":"Feature","properties":{"id":"road-b244","kind":"road","name":"Unnamed road","acres":null,"editable":false,"source":"TIGER/UGRC road centerlines"},"geometry":{"type":"LineString","coordinates":[[-111.424724,41.98722],[-111.424513,41.987669],[-111.424473,41.988532],[-111.424076,41.98918],[-111.423944,41.990015],[-111.423968,41.993662],[-111.424111,41.994107],[-111.424912,41.994446],[-111.425202,41.994854],[-111.425173,41.995059]]}},{"type":"Feature","properties":{"id":"road-b245","kind":"road","name":"Unnamed road","acres":null,"editable":false,"source":"TIGER/UGRC road centerlines"},"geometry":{"type":"LineString","coordinates":[[-111.425173,41.995059],[-111.425281,41.99559]]}},{"type":"Feature","properties":{"id":"road-b246","kind":"road","name":"ELK HOLLOW DR","acres":null,"editable":false,"source":"TIGER/UGRC road centerlines"},"geometry":{"type":"LineString","coordinates":[[-111.421295,41.995271],[-111.421973,41.995599],[-111.422094,41.995728],[-111.422051,41.9959],[-111.421515,41.996359],[-111.421442,41.996534],[-111.421552,41.996722],[-111.421815,41.996818],[-111.423077,41.996706],[-111.424119,41.996776],[-111.424631,41.997061],[-111.425119,41.997483]]}},{"type":"Feature","properties":{"id":"road-b247","kind":"road","name":"Hickock","acres":null,"editable":false,"source":"TIGER/UGRC road centerlines"},"geometry":{"type":"LineString","coordinates":[[-111.43242,42.011329],[-111.432225,42.011266],[-111.431439,42.01065],[-111.429831,42.009671],[-111.429935,42.009345],[-111.430545,42.008708],[-111.430699,42.008346],[-111.430173,42.007222],[-111.430549,42.006459],[-111.430542,42.005999],[-111.430344,42.005083],[-111.431194,42.004025],[-111.431134,42.003828],[-111.430492,42.003191],[-111.430398,42.002755],[-111.430667,42.0018],[-111.430964,42.001432],[-111.431179,42.001333],[-111.431378,42.001361],[-111.431553,42.001482],[-111.432395,42.002326],[-111.432736,42.002322],[-111.432854,42.002179],[-111.432916,42.001552],[-111.433345,42.000649]]}},{"type":"Feature","properties":{"id":"road-b248","kind":"road","name":"Calamity","acres":null,"editable":false,"source":"TIGER/UGRC road centerlines"},"geometry":{"type":"LineString","coordinates":[[-111.432011,42.007608],[-111.432118,42.008349],[-111.431829,42.008943],[-111.431782,42.009254],[-111.432011,42.009637],[-111.432355,42.009964],[-111.432665,42.0101],[-111.432937,42.010106],[-111.433411,42.009845],[-111.433499,42.00972],[-111.433886,42.008176],[-111.43389,42.007809],[-111.433723,42.00743],[-111.433419,42.007103],[-111.433366,42.006528],[-111.432771,42.005426],[-111.43273,42.005199],[-111.433885,42.003784]]}},{"type":"Feature","properties":{"id":"road-b249","kind":"road","name":"Clark Ave","acres":null,"editable":false,"source":"TIGER/UGRC road centerlines"},"geometry":{"type":"LineString","coordinates":[[-111.423618,42.002285],[-111.424012,42.003167]]}},{"type":"Feature","properties":{"id":"road-b250","kind":"road","name":"Wheel Wright Rd","acres":null,"editable":false,"source":"TIGER/UGRC road centerlines"},"geometry":{"type":"LineString","coordinates":[[-111.423618,42.002285],[-111.424012,42.003167]]}},{"type":"Feature","properties":{"id":"road-b251","kind":"road","name":"Holiday Dr","acres":null,"editable":false,"source":"TIGER/UGRC road centerlines"},"geometry":{"type":"LineString","coordinates":[[-111.42746,42.004948],[-111.427853,42.004322],[-111.427892,42.004071],[-111.427812,42.003721],[-111.427502,42.003124],[-111.427709,42.002563],[-111.427744,42.001818],[-111.428088,42.00142],[-111.428529,42.001268],[-111.428925,42.001271]]}},{"type":"Feature","properties":{"id":"road-b252","kind":"road","name":"Clark","acres":null,"editable":false,"source":"TIGER/UGRC road centerlines"},"geometry":{"type":"LineString","coordinates":[[-111.424134,42.00413],[-111.4245,42.00428],[-111.427738,42.005004],[-111.428414,42.005076],[-111.430339,42.005104]]}},{"type":"Feature","properties":{"id":"road-b253","kind":"road","name":"Lakewest Blvd","acres":null,"editable":false,"source":"TIGER/UGRC road centerlines"},"geometry":{"type":"LineString","coordinates":[[-111.408927,42.002843],[-111.410457,42.002748],[-111.410784,42.002672],[-111.411725,42.002131],[-111.412006,42.002047],[-111.413417,42.002054],[-111.414774,42.001777],[-111.415359,42.001733],[-111.415938,42.001827],[-111.41921,42.003047],[-111.421018,42.003147],[-111.42272,42.003452],[-111.423107,42.00342],[-111.425419,42.00279],[-111.425573,42.002314],[-111.42547,42.001504],[-111.426055,42.000581]]}},{"type":"Feature","properties":{"id":"road-b254","kind":"road","name":"Clark","acres":null,"editable":false,"source":"TIGER/UGRC road centerlines"},"geometry":{"type":"LineString","coordinates":[[-111.418928,42.00199],[-111.421168,42.002186],[-111.422785,42.002433],[-111.423618,42.002285],[-111.424012,42.003167]]}},{"type":"Feature","properties":{"id":"road-b255","kind":"road","name":"nan","acres":null,"editable":false,"source":"TIGER/UGRC road centerlines"},"geometry":{"type":"LineString","coordinates":[[-111.429831,42.009671],[-111.429232,42.00963],[-111.428714,42.010115],[-111.428212,42.010148],[-111.42771,42.00978],[-111.426924,42.008124],[-111.426523,42.00784],[-111.425235,42.007923],[-111.42495,42.008325],[-111.424883,42.011637],[-111.424516,42.011904],[-111.423729,42.012088],[-111.422943,42.012072],[-111.422257,42.011737],[-111.421956,42.011403],[-111.421823,42.010867],[-111.421572,42.010616],[-111.417825,42.010549],[-111.417005,42.010968],[-111.416654,42.011403],[-111.416587,42.011971],[-111.416336,42.012373],[-111.415818,42.012674],[-111.415517,42.012674],[-111.414011,42.012373],[-111.412523,42.01162],[-111.412021,42.011536],[-111.411502,42.011687],[-111.410198,42.012289],[-111.408079,42.012425]]}},{"type":"Feature","properties":{"id":"road-b256","kind":"road","name":"Ute Ave","acres":null,"editable":false,"source":"TIGER/UGRC road centerlines"},"geometry":{"type":"LineString","coordinates":[[-111.426099,42.004612],[-111.426022,42.005006],[-111.426156,42.005374]]}},{"type":"Feature","properties":{"id":"road-b257","kind":"road","name":"Lake West Blvd","acres":null,"editable":false,"source":"TIGER/UGRC road centerlines"},"geometry":{"type":"LineString","coordinates":[[-111.424012,42.003167],[-111.423938,42.003896],[-111.424134,42.00413],[-111.42392,42.004445],[-111.423926,42.004887],[-111.424034,42.005483],[-111.424028,42.006212],[-111.42423,42.006955]]}},{"type":"Feature","properties":{"id":"road-b258","kind":"road","name":"Hickory Dr","acres":null,"editable":false,"source":"TIGER/UGRC road centerlines"},"geometry":{"type":"LineString","coordinates":[[-111.424134,42.00413],[-111.42392,42.004445],[-111.423926,42.004887],[-111.424034,42.005483],[-111.424028,42.006212],[-111.42423,42.006955]]}},{"type":"Feature","properties":{"id":"road-b259","kind":"road","name":"nan","acres":null,"editable":false,"source":"TIGER/UGRC road centerlines"},"geometry":{"type":"LineString","coordinates":[[-111.432046,42.013352],[-111.432768,42.012351],[-111.433536,42.011692],[-111.433521,42.011549],[-111.433305,42.011435],[-111.43242,42.011329]]}},{"type":"Feature","properties":{"id":"road-b260","kind":"road","name":"Hawk Pl","acres":null,"editable":false,"source":"TIGER/UGRC road centerlines"},"geometry":{"type":"LineString","coordinates":[[-111.44045,42.012692],[-111.439812,42.01595]]}},{"type":"Feature","properties":{"id":"road-b261","kind":"road","name":"Kestral","acres":null,"editable":false,"source":"TIGER/UGRC road centerlines"},"geometry":{"type":"LineString","coordinates":[[-111.428903,42.015033],[-111.429377,42.015216],[-111.429669,42.01546],[-111.43001,42.015538],[-111.4304,42.01541],[-111.430607,42.015249],[-111.431238,42.015261],[-111.431435,42.015425],[-111.433099,42.016133],[-111.433238,42.016259],[-111.432775,42.016806],[-111.432791,42.017219],[-111.432642,42.017629],[-111.432322,42.017791],[-111.431702,42.017727],[-111.431118,42.01796],[-111.43071,42.01837],[-111.430562,42.018737],[-111.430699,42.01954],[-111.431171,42.020337],[-111.431628,42.02066],[-111.432482,42.021099],[-111.432528,42.021296],[-111.432343,42.021615]]}},{"type":"Feature","properties":{"id":"road-b262","kind":"road","name":"nan","acres":null,"editable":false,"source":"TIGER/UGRC road centerlines"},"geometry":{"type":"LineString","coordinates":[[-111.40374,42.03715],[-111.404258,42.036918],[-111.404173,42.036439],[-111.403914,42.036351]]}},{"type":"Feature","properties":{"id":"road-b263","kind":"road","name":"Fish Haven Rd","acres":null,"editable":false,"source":"TIGER/UGRC road centerlines"},"geometry":{"type":"LineString","coordinates":[[-111.395897,42.037163],[-111.399584,42.037453],[-111.400856,42.03746],[-111.401427,42.037425],[-111.402726,42.03703],[-111.403109,42.037017],[-111.403903,42.037147],[-111.405972,42.036694],[-111.407409,42.03662],[-111.4082,42.036677],[-111.409101,42.036945],[-111.409898,42.03704],[-111.41033,42.037018],[-111.412986,42.038165],[-111.41339,42.038274],[-111.41537,42.038304],[-111.41715,42.038077],[-111.417851,42.038094]]}},{"type":"Feature","properties":{"id":"road-b264","kind":"road","name":"Bush Dr","acres":null,"editable":false,"source":"TIGER/UGRC road centerlines"},"geometry":{"type":"LineString","coordinates":[[-111.421629,42.016882],[-111.421669,42.017354],[-111.421463,42.017936],[-111.420633,42.018694],[-111.420653,42.018797],[-111.421575,42.019024]]}},{"type":"Feature","properties":{"id":"road-b265","kind":"road","name":"Hollow Dr","acres":null,"editable":false,"source":"TIGER/UGRC road centerlines"},"geometry":{"type":"LineString","coordinates":[[-111.421463,42.017936],[-111.421809,42.018023],[-111.4231,42.018042],[-111.423579,42.018219],[-111.423803,42.018414]]}},{"type":"Feature","properties":{"id":"road-b266","kind":"road","name":"Mtn Way","acres":null,"editable":false,"source":"TIGER/UGRC road centerlines"},"geometry":{"type":"LineString","coordinates":[[-111.423586,42.031776],[-111.422374,42.031224],[-111.422116,42.030761],[-111.422426,42.029523],[-111.422495,42.028101],[-111.422575,42.027906],[-111.423304,42.027149],[-111.422555,42.026723],[-111.422315,42.026672],[-111.42137,42.026783],[-111.421307,42.026718],[-111.421444,42.026529],[-111.421535,42.025951],[-111.42133,42.025501],[-111.420715,42.025014],[-111.420619,42.024789]]}},{"type":"Feature","properties":{"id":"road-b267","kind":"road","name":"Loveland Ln","acres":null,"editable":false,"source":"TIGER/UGRC road centerlines"},"geometry":{"type":"LineString","coordinates":[[-111.402121,42.028836],[-111.407721,42.029985],[-111.419848,42.032265],[-111.421511,42.032383],[-111.424477,42.032193]]}},{"type":"Feature","properties":{"id":"road-b268","kind":"road","name":"nan","acres":null,"editable":false,"source":"TIGER/UGRC road centerlines"},"geometry":{"type":"LineString","coordinates":[[-111.422427,42.036798],[-111.421877,42.037053],[-111.422579,42.037433],[-111.422832,42.037722],[-111.423965,42.038196],[-111.42405,42.038529]]}},{"type":"Feature","properties":{"id":"road-b269","kind":"road","name":"Canyon Estates Dr","acres":null,"editable":false,"source":"TIGER/UGRC road centerlines"},"geometry":{"type":"LineString","coordinates":[[-111.419943,42.038018],[-111.419728,42.038145],[-111.419071,42.038303],[-111.417822,42.038767],[-111.415167,42.039451],[-111.414674,42.039955],[-111.414501,42.04059],[-111.414652,42.041346],[-111.414854,42.041832],[-111.415093,42.042095],[-111.415289,42.042155],[-111.415745,42.042017],[-111.417029,42.041207],[-111.417521,42.041048],[-111.417834,42.041086],[-111.418049,42.041219],[-111.418591,42.041857],[-111.419216,42.04173],[-111.419733,42.041734],[-111.420207,42.041873],[-111.42043,42.042057],[-111.42067,42.042445],[-111.420856,42.04307],[-111.42109,42.044494],[-111.421322,42.044853],[-111.42175,42.045209],[-111.421883,42.045526],[-111.421736,42.045779],[-111.420909,42.046286],[-111.420702,42.046493],[-111.420546,42.047106],[-111.420236,42.047485],[-111.420028,42.047602],[-111.419681,42.047613],[-111.418952,42.047227],[-111.41881,42.047066],[-111.418488,42.046081],[-111.418099,42.045557],[-111.416856,42.045206],[-111.416127,42.04476],[-111.4158,42.044703],[-111.415273,42.044796],[-111.414952,42.045016],[-111.414523,42.045963],[-111.414069,42.046394],[-111.413726,42.046586],[-111.413231,42.046715],[-111.412035,42.046688],[-111.409951,42.04681],[-111.409291,42.047248],[-111.408974,42.047631],[-111.408345,42.047938]]}},{"type":"Feature","properties":{"id":"road-b270","kind":"road","name":"nan","acres":null,"editable":false,"source":"TIGER/UGRC road centerlines"},"geometry":{"type":"LineString","coordinates":[[-111.399351,42.061172],[-111.399749,42.061524],[-111.400737,42.061916],[-111.401431,42.062033],[-111.402968,42.061968],[-111.403208,42.062055],[-111.403402,42.062281],[-111.40323,42.063151],[-111.403609,42.064221]]}},{"type":"Feature","properties":{"id":"road-b271","kind":"road","name":"nan","acres":null,"editable":false,"source":"TIGER/UGRC road centerlines"},"geometry":{"type":"LineString","coordinates":[[-111.417484,42.06584],[-111.417399,42.064482],[-111.416991,42.063882],[-111.415751,42.063336],[-111.415092,42.062939],[-111.41348,42.062705],[-111.413042,42.062218],[-111.411275,42.061251],[-111.41068,42.061019],[-111.410017,42.060932],[-111.409702,42.061055],[-111.408743,42.060986],[-111.408188,42.061124],[-111.406814,42.061217],[-111.406304,42.061324],[-111.40579,42.061608],[-111.405383,42.062005],[-111.405254,42.062424],[-111.405257,42.065797],[-111.398218,42.065879],[-111.390648,42.065845],[-111.390317,42.06612],[-111.388863,42.066138],[-111.388707,42.06636],[-111.388614,42.067223],[-111.388393,42.067386]]}},{"type":"Feature","properties":{"id":"road-b272","kind":"road","name":"Jericho Loop","acres":null,"editable":false,"source":"TIGER/UGRC road centerlines"},"geometry":{"type":"LineString","coordinates":[[-111.395596,42.118204],[-111.395896,42.118357],[-111.396609,42.118434],[-111.397232,42.118804],[-111.398463,42.119156],[-111.39877,42.119163],[-111.400878,42.118774],[-111.402012,42.118898],[-111.403123,42.119452],[-111.403958,42.120327],[-111.40531,42.120752],[-111.406107,42.121102],[-111.407211,42.120922],[-111.40829,42.121862]]}},{"type":"Feature","properties":{"id":"road-b273","kind":"road","name":"nan","acres":null,"editable":false,"source":"TIGER/UGRC road centerlines"},"geometry":{"type":"LineString","coordinates":[[-111.40829,42.121862],[-111.407542,42.122291],[-111.405353,42.123939],[-111.40423,42.125007],[-111.405051,42.125226],[-111.405646,42.125122],[-111.40627,42.125179]]}},{"type":"Feature","properties":{"id":"road-b274","kind":"road","name":"Jacobs Canyon Rd","acres":null,"editable":false,"source":"TIGER/UGRC road centerlines"},"geometry":{"type":"LineString","coordinates":[[-111.424697,42.089838],[-111.424669,42.090201],[-111.423367,42.091084],[-111.422105,42.092238],[-111.420907,42.092806],[-111.419628,42.093067],[-111.418749,42.093035],[-111.417889,42.09326],[-111.416521,42.093902],[-111.414031,42.095309],[-111.413454,42.095761],[-111.412569,42.096252],[-111.41143,42.096625],[-111.40752,42.097535],[-111.404567,42.097824],[-111.403902,42.098011],[-111.40239,42.098729],[-111.401937,42.099038],[-111.401877,42.099511],[-111.400537,42.10138],[-111.400501,42.102016],[-111.400943,42.102709],[-111.400944,42.102924],[-111.400834,42.103034],[-111.395583,42.10303],[-111.394535,42.10311]]}},{"type":"Feature","properties":{"id":"road-b275","kind":"road","name":"nan","acres":null,"editable":false,"source":"TIGER/UGRC road centerlines"},"geometry":{"type":"MultiLineString","coordinates":[[[-111.415892,42.147015],[-111.415172,42.147478],[-111.414169,42.147768],[-111.413336,42.147907],[-111.412485,42.148192],[-111.411868,42.148754],[-111.411118,42.15]],[[-111.404127,42.15],[-111.403794,42.149131],[-111.403647,42.147848],[-111.404306,42.146187],[-111.404551,42.145913],[-111.404685,42.145174],[-111.404544,42.144902],[-111.404606,42.1447],[-111.404945,42.144276],[-111.40563,42.143724],[-111.405989,42.143534],[-111.406804,42.143555],[-111.407233,42.143384],[-111.408792,42.142998],[-111.409953,42.142778],[-111.410393,42.142348],[-111.412317,42.141923],[-111.413314,42.141562],[-111.416653,42.141094],[-111.416869,42.141145],[-111.417898,42.14187],[-111.418189,42.141977],[-111.418317,42.142169],[-111.417803,42.142777],[-111.417454,42.143597],[-111.417332,42.144194],[-111.416396,42.145217],[-111.416308,42.146233],[-111.416084,42.146802],[-111.415892,42.147015]]]}},{"type":"Feature","properties":{"id":"road-b276","kind":"road","name":"Mountain Way","acres":null,"editable":false,"source":"TIGER/UGRC road centerlines"},"geometry":{"type":"LineString","coordinates":[[-111.423344,42.027075],[-111.423273,42.026304],[-111.423883,42.025582],[-111.423748,42.02534],[-111.423261,42.024944],[-111.423246,42.024556],[-111.423531,42.023968],[-111.424117,42.023404],[-111.424666,42.023075],[-111.426388,42.022541],[-111.427636,42.02228],[-111.429589,42.022123]]}},{"type":"Feature","properties":{"id":"road-b277","kind":"road","name":"Shoshone Ln","acres":null,"editable":false,"source":"TIGER/UGRC road centerlines"},"geometry":{"type":"LineString","coordinates":[[-111.424631,42.024591],[-111.424431,42.024816],[-111.424414,42.025048],[-111.424577,42.025264],[-111.424832,42.025296]]}},{"type":"Feature","properties":{"id":"road-b278","kind":"road","name":"Goshawk Cir","acres":null,"editable":false,"source":"TIGER/UGRC road centerlines"},"geometry":{"type":"LineString","coordinates":[[-111.424631,42.024591],[-111.424431,42.024816],[-111.424414,42.025048],[-111.424577,42.025264],[-111.424832,42.025296]]}},{"type":"Feature","properties":{"id":"road-b279","kind":"road","name":"Marmot Ct","acres":null,"editable":false,"source":"TIGER/UGRC road centerlines"},"geometry":{"type":"LineString","coordinates":[[-111.426111,42.026488],[-111.425146,42.026342]]}},{"type":"Feature","properties":{"id":"road-b280","kind":"road","name":"Elk Holow Cir","acres":null,"editable":false,"source":"TIGER/UGRC road centerlines"},"geometry":{"type":"LineString","coordinates":[[-111.424556,42.026973],[-111.424232,42.026267]]}},{"type":"Feature","properties":{"id":"road-b281","kind":"road","name":"Nez Perce","acres":null,"editable":false,"source":"TIGER/UGRC road centerlines"},"geometry":{"type":"LineString","coordinates":[[-111.437721,42.02463],[-111.438168,42.024883],[-111.438452,42.025225],[-111.438458,42.026194],[-111.438344,42.026623],[-111.438159,42.026567],[-111.437434,42.026571],[-111.437377,42.026809],[-111.438271,42.027326]]}},{"type":"Feature","properties":{"id":"road-b282","kind":"road","name":"nan","acres":null,"editable":false,"source":"TIGER/UGRC road centerlines"},"geometry":{"type":"LineString","coordinates":[[-111.422419,42.032325],[-111.422429,42.032465]]}},{"type":"Feature","properties":{"id":"road-b283","kind":"road","name":"Aspen Creek Dr","acres":null,"editable":false,"source":"TIGER/UGRC road centerlines"},"geometry":{"type":"LineString","coordinates":[[-111.422429,42.032465],[-111.422237,42.032663],[-111.420731,42.033203],[-111.419976,42.033609]]}},{"type":"Feature","properties":{"id":"road-b284","kind":"road","name":"Loveland Rd","acres":null,"editable":false,"source":"TIGER/UGRC road centerlines"},"geometry":{"type":"LineString","coordinates":[[-111.428893,42.027044],[-111.428903,42.027487],[-111.428403,42.027905],[-111.427609,42.028239],[-111.426799,42.028452],[-111.426157,42.028804],[-111.425443,42.028934],[-111.423587,42.030012],[-111.42286,42.030632],[-111.422131,42.030831],[-111.422374,42.031224],[-111.423417,42.031666],[-111.423761,42.031889],[-111.424036,42.032226]]}},{"type":"Feature","properties":{"id":"road-b285","kind":"road","name":"Parker Pl","acres":null,"editable":false,"source":"TIGER/UGRC road centerlines"},"geometry":{"type":"LineString","coordinates":[[-111.421365,42.046006],[-111.421778,42.046415]]}},{"type":"Feature","properties":{"id":"road-b286","kind":"road","name":"nan","acres":null,"editable":false,"source":"TIGER/UGRC road centerlines"},"geometry":{"type":"LineString","coordinates":[[-111.420578,42.046941],[-111.420364,42.046789],[-111.420294,42.046566],[-111.420518,42.046383],[-111.420764,42.046427]]}},{"type":"Feature","properties":{"id":"road-b287","kind":"road","name":"Larkspur Ln","acres":null,"editable":false,"source":"TIGER/UGRC road centerlines"},"geometry":{"type":"LineString","coordinates":[[-111.419713,42.056486],[-111.419922,42.054984],[-111.42057,42.05402],[-111.421369,42.053689],[-111.422445,42.053578],[-111.422953,42.053602],[-111.423794,42.05392],[-111.424099,42.053923],[-111.424337,42.053789],[-111.424388,42.053552],[-111.424009,42.053197],[-111.422646,42.052435],[-111.42154,42.05169],[-111.420683,42.050891],[-111.420133,42.049999],[-111.419996,42.049596],[-111.419979,42.049224],[-111.420091,42.048926],[-111.420577,42.048324],[-111.420663,42.048019],[-111.420517,42.047773],[-111.420206,42.047506]]}},{"type":"Feature","properties":{"id":"road-b288","kind":"road","name":"nan","acres":null,"editable":false,"source":"TIGER/UGRC road centerlines"},"geometry":{"type":"LineString","coordinates":[[-111.426283,42.082804],[-111.425916,42.082614],[-111.425599,42.081727],[-111.424918,42.08093],[-111.42281,42.079724],[-111.422156,42.079524],[-111.421866,42.07952],[-111.420795,42.079768],[-111.420428,42.079966],[-111.419816,42.080832],[-111.419363,42.081124],[-111.419036,42.081132],[-111.418349,42.080904],[-111.417669,42.080788],[-111.41596,42.07898],[-111.415577,42.07889],[-111.415335,42.078553],[-111.415231,42.078536],[-111.414628,42.078971],[-111.414336,42.079337],[-111.412354,42.079758],[-111.411632,42.080296],[-111.41158,42.080473],[-111.411708,42.080904],[-111.412439,42.082135],[-111.412603,42.082667],[-111.411966,42.084113],[-111.410947,42.085602],[-111.410185,42.085985]]}},{"type":"Feature","properties":{"id":"road-b289","kind":"road","name":"Fish Haven Canyon Rd","acres":null,"editable":false,"source":"TIGER/UGRC road centerlines"},"geometry":{"type":"LineString","coordinates":[[-111.417851,42.038094],[-111.420396,42.038005],[-111.421423,42.038432],[-111.422866,42.03874],[-111.424566,42.039318],[-111.42776,42.039884],[-111.428452,42.040213],[-111.429202,42.040413],[-111.430458,42.040508],[-111.432118,42.040826],[-111.432453,42.040946],[-111.43311,42.041365],[-111.433709,42.04198],[-111.433958,42.042083],[-111.435217,42.042193],[-111.436474,42.04249],[-111.437923,42.04322],[-111.439022,42.043469],[-111.441197,42.043708],[-111.442134,42.04402],[-111.443201,42.043953],[-111.444278,42.044291],[-111.444774,42.044319],[-111.445394,42.044649],[-111.446083,42.044889],[-111.447433,42.045649],[-111.448994,42.046031],[-111.45,42.046475]]}},{"type":"Feature","properties":{"id":"road-b290","kind":"road","name":"nan","acres":null,"editable":false,"source":"TIGER/UGRC road centerlines"},"geometry":{"type":"LineString","coordinates":[[-111.44271,42.071673],[-111.44261,42.071942],[-111.441941,42.07193]]}},{"type":"Feature","properties":{"id":"road-b291","kind":"road","name":"nan","acres":null,"editable":false,"source":"TIGER/UGRC road centerlines"},"geometry":{"type":"LineString","coordinates":[[-111.441834,42.072312],[-111.441776,42.072043]]}},{"type":"Feature","properties":{"id":"road-b292","kind":"road","name":"nan","acres":null,"editable":false,"source":"TIGER/UGRC road centerlines"},"geometry":{"type":"LineString","coordinates":[[-111.441376,42.072306],[-111.441834,42.072312]]}},{"type":"Feature","properties":{"id":"road-b293","kind":"road","name":"nan","acres":null,"editable":false,"source":"TIGER/UGRC road centerlines"},"geometry":{"type":"LineString","coordinates":[[-111.441834,42.072312],[-111.442476,42.072688],[-111.442842,42.073488],[-111.443351,42.074304],[-111.443571,42.074425],[-111.443689,42.074819],[-111.443905,42.074985],[-111.444652,42.076357]]}},{"type":"Feature","properties":{"id":"road-b294","kind":"road","name":"Jacobs Canyon Rd","acres":null,"editable":false,"source":"TIGER/UGRC road centerlines"},"geometry":{"type":"LineString","coordinates":[[-111.430728,42.082678],[-111.43136,42.082401],[-111.431693,42.082155],[-111.431867,42.081527],[-111.432244,42.080855],[-111.432282,42.079904],[-111.432627,42.078489],[-111.432629,42.07805],[-111.433065,42.077219],[-111.433171,42.076153],[-111.433341,42.075749],[-111.433485,42.074634],[-111.434192,42.073912],[-111.435576,42.073484],[-111.437576,42.072589],[-111.438384,42.072061],[-111.439319,42.071829],[-111.440449,42.072038],[-111.441258,42.07235],[-111.442224,42.071726],[-111.44271,42.071673],[-111.442846,42.071509],[-111.44303,42.071485],[-111.443207,42.071504],[-111.443876,42.071822],[-111.444153,42.071861],[-111.445148,42.071853],[-111.445343,42.071753],[-111.445703,42.071775],[-111.447579,42.071599],[-111.449082,42.071739],[-111.45,42.07206]]}},{"type":"Feature","properties":{"id":"road-b295","kind":"road","name":"Green Canyon Rd","acres":null,"editable":false,"source":"TIGER/UGRC road centerlines"},"geometry":{"type":"LineString","coordinates":[[-111.45,42.098054],[-111.44886,42.098432],[-111.447161,42.098855],[-111.445578,42.099515],[-111.445082,42.099806],[-111.44467,42.100389],[-111.444563,42.101275],[-111.443952,42.103156],[-111.443302,42.103805],[-111.442597,42.104296],[-111.440695,42.105092],[-111.439801,42.105573],[-111.439037,42.105801],[-111.4375,42.105869],[-111.435372,42.106148],[-111.434613,42.106073],[-111.43294,42.106364],[-111.432289,42.106765],[-111.431507,42.107678],[-111.431041,42.108065],[-111.428387,42.109617],[-111.42747,42.109832],[-111.426435,42.109898],[-111.425972,42.109857],[-111.425317,42.109629],[-111.42386,42.109623],[-111.421971,42.109966],[-111.420698,42.110466],[-111.419647,42.110772],[-111.418262,42.111405],[-111.416573,42.111644],[-111.413149,42.113011],[-111.411163,42.113634],[-111.410572,42.113926],[-111.409337,42.114756],[-111.40874,42.115068],[-111.40593,42.11565],[-111.404882,42.116119],[-111.402134,42.116587],[-111.395514,42.116437]]}},{"type":"Feature","properties":{"id":"road-b296","kind":"road","name":"nan","acres":null,"editable":false,"source":"TIGER/UGRC road centerlines"},"geometry":{"type":"LineString","coordinates":[[-111.447399,42.098796],[-111.447497,42.099376],[-111.44786,42.100028],[-111.448127,42.100876],[-111.448134,42.101535],[-111.447941,42.102091],[-111.448123,42.102576],[-111.448078,42.103069],[-111.449699,42.105735],[-111.449389,42.105788],[-111.449325,42.105567],[-111.448991,42.105241],[-111.448413,42.105243],[-111.447921,42.105446],[-111.447624,42.105799],[-111.447721,42.10634],[-111.447332,42.106392],[-111.446659,42.106291]]}},{"type":"Feature","properties":{"id":"road-b297","kind":"road","name":"Minnetonka Cave Rd","acres":null,"editable":false,"source":"TIGER/UGRC road centerlines"},"geometry":{"type":"LineString","coordinates":[[-111.45,42.112109],[-111.449383,42.112146],[-111.448594,42.112323],[-111.447461,42.112837],[-111.44702,42.11323],[-111.445134,42.115396],[-111.44481,42.115632],[-111.444522,42.11571],[-111.443634,42.115662],[-111.441228,42.11573],[-111.43878,42.115707],[-111.438011,42.115808],[-111.437284,42.116236],[-111.435783,42.116713],[-111.434747,42.117274],[-111.433925,42.117591],[-111.433402,42.117906],[-111.432474,42.118814],[-111.432113,42.119023],[-111.428707,42.1203],[-111.426404,42.121059],[-111.425721,42.121182],[-111.424629,42.121249],[-111.420717,42.121103],[-111.419977,42.12114],[-111.417709,42.12187],[-111.416315,42.121985],[-111.413608,42.121893],[-111.411829,42.122025],[-111.409291,42.121837],[-111.40829,42.121862]]}},{"type":"Feature","properties":{"id":"road-b298","kind":"road","name":"St Charles Creek Rd","acres":null,"editable":false,"source":"TIGER/UGRC road centerlines"},"geometry":{"type":"LineString","coordinates":[[-111.45,42.112109],[-111.449383,42.112146],[-111.448594,42.112323],[-111.447461,42.112837],[-111.44702,42.11323],[-111.445134,42.115396],[-111.44481,42.115632],[-111.444522,42.11571],[-111.443634,42.115662],[-111.441228,42.11573],[-111.43878,42.115707],[-111.438011,42.115808],[-111.437284,42.116236],[-111.435783,42.116713],[-111.434747,42.117274],[-111.433925,42.117591],[-111.433402,42.117906],[-111.432474,42.118814],[-111.432113,42.119023],[-111.428707,42.1203],[-111.426404,42.121059],[-111.425721,42.121182],[-111.424629,42.121249],[-111.420717,42.121103],[-111.419977,42.12114],[-111.417709,42.12187],[-111.416315,42.121985],[-111.413608,42.121893],[-111.411829,42.122025],[-111.409291,42.121837],[-111.40829,42.121862]]}},{"type":"Feature","properties":{"id":"road-b299","kind":"road","name":"nan","acres":null,"editable":false,"source":"TIGER/UGRC road centerlines"},"geometry":{"type":"LineString","coordinates":[[-111.444111,42.102639],[-111.444815,42.102937],[-111.445817,42.103863],[-111.446127,42.104347],[-111.44612,42.104849],[-111.446311,42.105653]]}},{"type":"Feature","properties":{"id":"road-b300","kind":"road","name":"nan","acres":null,"editable":false,"source":"TIGER/UGRC road centerlines"},"geometry":{"type":"LineString","coordinates":[[-111.446311,42.105653],[-111.445889,42.10541],[-111.445213,42.105322],[-111.444617,42.105002],[-111.442597,42.104296]]}},{"type":"Feature","properties":{"id":"road-b301","kind":"road","name":"nan","acres":null,"editable":false,"source":"TIGER/UGRC road centerlines"},"geometry":{"type":"LineString","coordinates":[[-111.440123,42.105945],[-111.440129,42.105426]]}},{"type":"Feature","properties":{"id":"road-b302","kind":"road","name":"nan","acres":null,"editable":false,"source":"TIGER/UGRC road centerlines"},"geometry":{"type":"LineString","coordinates":[[-111.440123,42.105945],[-111.439452,42.105703]]}},{"type":"Feature","properties":{"id":"road-b303","kind":"road","name":"nan","acres":null,"editable":false,"source":"TIGER/UGRC road centerlines"},"geometry":{"type":"LineString","coordinates":[[-111.440123,42.105945],[-111.440462,42.106542],[-111.440646,42.107658],[-111.440393,42.109493]]}},{"type":"Feature","properties":{"id":"road-b304","kind":"road","name":"nan","acres":null,"editable":false,"source":"TIGER/UGRC road centerlines"},"geometry":{"type":"MultiLineString","coordinates":[[[-111.44462,42.109481],[-111.445091,42.109774],[-111.445492,42.109824],[-111.446072,42.109129],[-111.44665,42.109049],[-111.4472,42.109191],[-111.447677,42.109468],[-111.448303,42.110164],[-111.449086,42.110725],[-111.449475,42.110765],[-111.45,42.110369]],[[-111.45,42.111287],[-111.449803,42.111316],[-111.44986,42.11166],[-111.449631,42.11211]]]}},{"type":"Feature","properties":{"id":"road-b305","kind":"road","name":"nan","acres":null,"editable":false,"source":"TIGER/UGRC road centerlines"},"geometry":{"type":"LineString","coordinates":[[-111.423179,42.11288],[-111.42443,42.112381],[-111.424648,42.112212],[-111.424703,42.112062],[-111.424592,42.111284],[-111.424157,42.111047],[-111.423191,42.110911],[-111.422939,42.110711],[-111.423507,42.110312],[-111.424357,42.109903],[-111.424511,42.109606]]}},{"type":"Feature","properties":{"id":"road-b306","kind":"road","name":"nan","acres":null,"editable":false,"source":"TIGER/UGRC road centerlines"},"geometry":{"type":"LineString","coordinates":[[-111.42817,42.14688],[-111.428378,42.147833],[-111.428551,42.148063],[-111.42852,42.149102],[-111.428982,42.15]]}},{"type":"Feature","properties":{"id":"road-b307","kind":"road","name":"nan","acres":null,"editable":false,"source":"TIGER/UGRC road centerlines"},"geometry":{"type":"LineString","coordinates":[[-111.396892,42.059884],[-111.396593,42.060208],[-111.396655,42.06085],[-111.396168,42.061357],[-111.396087,42.06166],[-111.396292,42.061986],[-111.397613,42.062655],[-111.397841,42.062843],[-111.39803,42.063217]]}},{"type":"Feature","properties":{"id":"road-b308","kind":"road","name":"nan","acres":null,"editable":false,"source":"TIGER/UGRC road centerlines"},"geometry":{"type":"LineString","coordinates":[[-111.39803,42.063217],[-111.39732,42.063435],[-111.395572,42.063681],[-111.395149,42.063866]]}},{"type":"Feature","properties":{"id":"road-b309","kind":"road","name":"nan","acres":null,"editable":false,"source":"TIGER/UGRC road centerlines"},"geometry":{"type":"LineString","coordinates":[[-111.403172,42.064124],[-111.402366,42.064006],[-111.40144,42.063641],[-111.399918,42.063786],[-111.399068,42.063524],[-111.398376,42.063478],[-111.39803,42.063217]]}},{"type":"Feature","properties":{"id":"road-b310","kind":"road","name":"Minnetonka Cave Rd","acres":null,"editable":false,"source":"TIGER/UGRC road centerlines"},"geometry":{"type":"LineString","coordinates":[[-111.391657,42.126052],[-111.401635,42.126065],[-111.402308,42.125949],[-111.403016,42.125722],[-111.403504,42.125499],[-111.40423,42.125007]]}},{"type":"Feature","properties":{"id":"road-b311","kind":"road","name":"nan","acres":null,"editable":false,"source":"TIGER/UGRC road centerlines"},"geometry":{"type":"LineString","coordinates":[[-111.446635,42.113672],[-111.446425,42.113571],[-111.446362,42.113405],[-111.446528,42.113292],[-111.44702,42.112523],[-111.447257,42.112475],[-111.448,42.112558]]}},{"type":"Feature","properties":{"id":"road-b312","kind":"road","name":"Dry Canyon Rd","acres":null,"editable":false,"source":"TIGER/UGRC road centerlines"},"geometry":{"type":"LineString","coordinates":[[-111.40627,42.125179],[-111.407075,42.12558],[-111.408484,42.126096],[-111.408894,42.126334],[-111.409734,42.12655],[-111.41071,42.127154],[-111.411386,42.127415],[-111.412092,42.127928],[-111.412725,42.128551],[-111.413242,42.129354],[-111.413691,42.129645],[-111.414182,42.129833],[-111.414644,42.130271],[-111.415291,42.130587],[-111.416538,42.130973],[-111.41695,42.130998],[-111.417917,42.13126],[-111.418676,42.1313],[-111.419964,42.131079],[-111.420865,42.131155],[-111.422056,42.130955],[-111.422882,42.130933],[-111.424496,42.131508],[-111.425566,42.132025],[-111.426217,42.132078],[-111.427999,42.132016],[-111.42988,42.131758],[-111.430855,42.131723],[-111.431444,42.131629],[-111.432313,42.131655],[-111.432719,42.131563],[-111.433721,42.13156],[-111.434139,42.131446],[-111.435632,42.131353],[-111.438141,42.131047],[-111.439731,42.130615],[-111.440183,42.130294],[-111.440764,42.130014],[-111.441264,42.129955],[-111.44202,42.129582],[-111.443752,42.129051],[-111.444567,42.128614],[-111.445477,42.12846],[-111.446198,42.12853],[-111.447725,42.128105],[-111.448252,42.127661],[-111.449357,42.127135],[-111.45,42.126611]]}},{"type":"Feature","properties":{"id":"road-b313","kind":"road","name":"nan","acres":null,"editable":false,"source":"TIGER/UGRC road centerlines"},"geometry":{"type":"LineString","coordinates":[[-111.448013,42.127862],[-111.448453,42.127879],[-111.44884,42.128126],[-111.449323,42.128543],[-111.45,42.129478]]}},{"type":"Feature","properties":{"id":"road-b314","kind":"road","name":"nan","acres":null,"editable":false,"source":"TIGER/UGRC road centerlines"},"geometry":{"type":"LineString","coordinates":[[-111.439227,42.130733],[-111.439599,42.131415],[-111.440794,42.132355],[-111.441373,42.132945],[-111.442294,42.133591]]}},{"type":"Feature","properties":{"id":"road-b315","kind":"road","name":"nan","acres":null,"editable":false,"source":"TIGER/UGRC road centerlines"},"geometry":{"type":"LineString","coordinates":[[-111.446673,42.137061],[-111.446151,42.136748],[-111.445281,42.136041],[-111.443986,42.135262],[-111.442859,42.134015],[-111.442294,42.133591]]}},{"type":"Feature","properties":{"id":"road-b316","kind":"road","name":"nan","acres":null,"editable":false,"source":"TIGER/UGRC road centerlines"},"geometry":{"type":"LineString","coordinates":[[-111.446673,42.137061],[-111.447726,42.137762],[-111.448928,42.138791],[-111.449655,42.139785],[-111.45,42.140496]]}},{"type":"Feature","properties":{"id":"road-b317","kind":"road","name":"Worm Creek Rd","acres":null,"editable":false,"source":"TIGER/UGRC road centerlines"},"geometry":{"type":"LineString","coordinates":[[-111.440544,42.15],[-111.440029,42.149882],[-111.43872,42.149748],[-111.438137,42.149815],[-111.437654,42.15]]}},{"type":"Feature","properties":{"id":"road-b318","kind":"road","name":"Shore Line Rd","acres":null,"editable":false,"source":"TIGER/UGRC road centerlines"},"geometry":{"type":"LineString","coordinates":[[-111.259971,42.001322],[-111.259701,42.003498],[-111.259567,42.006143],[-111.259751,42.009638],[-111.259727,42.011664],[-111.259249,42.015133],[-111.259153,42.018331],[-111.258858,42.019905],[-111.257702,42.023257],[-111.257594,42.024381],[-111.257671,42.026955],[-111.257161,42.029344],[-111.257414,42.034486],[-111.257377,42.036678],[-111.256772,42.039958],[-111.255378,42.046136]]}},{"type":"Feature","properties":{"id":"road-b319","kind":"road","name":"nan","acres":null,"editable":false,"source":"TIGER/UGRC road centerlines"},"geometry":{"type":"LineString","coordinates":[[-111.221868,42.0],[-111.221717,42.001366]]}},{"type":"Feature","properties":{"id":"road-b320","kind":"road","name":"nan","acres":null,"editable":false,"source":"TIGER/UGRC road centerlines"},"geometry":{"type":"LineString","coordinates":[[-111.20596,42.0014],[-111.206039,42.001546],[-111.205919,42.003111],[-111.206065,42.003753],[-111.205366,42.004148],[-111.204857,42.004584],[-111.204671,42.005307],[-111.204224,42.006003],[-111.204028,42.00617],[-111.203831,42.006224],[-111.202432,42.006233],[-111.201274,42.006571],[-111.200075,42.007208],[-111.199878,42.007523],[-111.199879,42.00779],[-111.20009,42.009328],[-111.200406,42.009876],[-111.200811,42.01023],[-111.20204,42.010589],[-111.202788,42.011043],[-111.203954,42.011161],[-111.204528,42.011301],[-111.205758,42.011686],[-111.206125,42.011905]]}},{"type":"Feature","properties":{"id":"road-b321","kind":"road","name":"nan","acres":null,"editable":false,"source":"TIGER/UGRC road centerlines"},"geometry":{"type":"LineString","coordinates":[[-111.240629,42.018428],[-111.23905,42.017969],[-111.237731,42.017439],[-111.236687,42.017338],[-111.236355,42.017377],[-111.236189,42.017541],[-111.236159,42.017836],[-111.236429,42.017983],[-111.237551,42.018168],[-111.237839,42.018435],[-111.237794,42.018535],[-111.237302,42.018851],[-111.236963,42.019393],[-111.236417,42.019715],[-111.235727,42.020318],[-111.23485,42.020782],[-111.234685,42.021029]]}},{"type":"Feature","properties":{"id":"road-b322","kind":"road","name":"Choke Cherry Rd","acres":null,"editable":false,"source":"TIGER/UGRC road centerlines"},"geometry":{"type":"LineString","coordinates":[[-111.259101,42.018647],[-111.257863,42.018655],[-111.256938,42.01843],[-111.255713,42.018448],[-111.254944,42.018189],[-111.254076,42.018145],[-111.253103,42.017897],[-111.251143,42.017651],[-111.249867,42.017716],[-111.249022,42.018002],[-111.247635,42.01862],[-111.247233,42.018691],[-111.246924,42.018634],[-111.246282,42.018344],[-111.245812,42.018004],[-111.245417,42.017862],[-111.243016,42.018038],[-111.241111,42.018406],[-111.240629,42.018428],[-111.240252,42.01857],[-111.239292,42.018646],[-111.23854,42.019029],[-111.237628,42.019646],[-111.236759,42.020076],[-111.236044,42.020619],[-111.235415,42.020794],[-111.235102,42.021055],[-111.234743,42.021116],[-111.234685,42.021029],[-111.233476,42.021469],[-111.232433,42.02163],[-111.232126,42.021813],[-111.231667,42.022751],[-111.230992,42.023049],[-111.230655,42.023026],[-111.230654,42.022797],[-111.230777,42.022591]]}},{"type":"Feature","properties":{"id":"road-b323","kind":"road","name":"nan","acres":null,"editable":false,"source":"TIGER/UGRC road centerlines"},"geometry":{"type":"LineString","coordinates":[[-111.235551,42.020756],[-111.235624,42.020927]]}},{"type":"Feature","properties":{"id":"road-b324","kind":"road","name":"nan","acres":null,"editable":false,"source":"TIGER/UGRC road centerlines"},"geometry":{"type":"LineString","coordinates":[[-111.213541,42.030039],[-111.213532,42.02931],[-111.213207,42.02844],[-111.211218,42.025518],[-111.211192,42.024926],[-111.21134,42.02468],[-111.212236,42.023996],[-111.212694,42.023235],[-111.212853,42.022147],[-111.212642,42.021279],[-111.212658,42.020641],[-111.21364,42.016914],[-111.213534,42.016178],[-111.213296,42.015654],[-111.212899,42.015143],[-111.212427,42.014851],[-111.210674,42.014084],[-111.208301,42.012137],[-111.207752,42.011957],[-111.206827,42.011869],[-111.206125,42.011905]]}},{"type":"Feature","properties":{"id":"road-b325","kind":"road","name":"nan","acres":null,"editable":false,"source":"TIGER/UGRC road centerlines"},"geometry":{"type":"LineString","coordinates":[[-111.206125,42.011905],[-111.204389,42.012483],[-111.203462,42.012999],[-111.201593,42.013868],[-111.199907,42.014509],[-111.19971,42.014701],[-111.199497,42.015118],[-111.199351,42.015195],[-111.198922,42.015248],[-111.197608,42.015201],[-111.196379,42.015653],[-111.195773,42.015687],[-111.195613,42.015799],[-111.195083,42.016862],[-111.194409,42.017659],[-111.194144,42.01813],[-111.193993,42.018712],[-111.193497,42.019679],[-111.193409,42.020163],[-111.193415,42.021316],[-111.192843,42.022428],[-111.19269,42.023149],[-111.191505,42.024524],[-111.191377,42.024769],[-111.191414,42.025382],[-111.191278,42.026258],[-111.191109,42.026747],[-111.190646,42.027159],[-111.190658,42.027753],[-111.190412,42.028767],[-111.189722,42.030024]]}},{"type":"Feature","properties":{"id":"road-b326","kind":"road","name":"nan","acres":null,"editable":false,"source":"TIGER/UGRC road centerlines"},"geometry":{"type":"LineString","coordinates":[[-111.221393,42.023456],[-111.223307,42.024528],[-111.224638,42.024733],[-111.225214,42.025133]]}},{"type":"Feature","properties":{"id":"road-b327","kind":"road","name":"nan","acres":null,"editable":false,"source":"TIGER/UGRC road centerlines"},"geometry":{"type":"LineString","coordinates":[[-111.396302,42.034716],[-111.395911,42.03454],[-111.395622,42.034696],[-111.39506,42.034651],[-111.39494,42.034581],[-111.3949,42.034318],[-111.395661,42.033883],[-111.397677,42.032456]]}},{"type":"Feature","properties":{"id":"road-b328","kind":"road","name":"nan","acres":null,"editable":false,"source":"TIGER/UGRC road centerlines"},"geometry":{"type":"LineString","coordinates":[[-111.396126,42.035353],[-111.395014,42.035224],[-111.394426,42.035058]]}},{"type":"Feature","properties":{"id":"road-b329","kind":"road","name":"Aster Pl","acres":null,"editable":false,"source":"TIGER/UGRC road centerlines"},"geometry":{"type":"LineString","coordinates":[[-111.400562,42.063732],[-111.401207,42.060094],[-111.401118,42.059962],[-111.401316,42.059284],[-111.400973,42.058354],[-111.400981,42.057679],[-111.401149,42.05714],[-111.40107,42.057159],[-111.401051,42.057384]]}},{"type":"Feature","properties":{"id":"road-b330","kind":"road","name":"N Beach Rd","acres":null,"editable":false,"source":"TIGER/UGRC road centerlines"},"geometry":{"type":"LineString","coordinates":[[-111.390708,42.123332],[-111.377874,42.123387],[-111.364215,42.123331],[-111.359489,42.123525],[-111.357245,42.123537],[-111.347679,42.122859],[-111.33144,42.122798],[-111.316547,42.122481],[-111.315871,42.122559],[-111.314508,42.123029],[-111.313682,42.12306],[-111.312515,42.122704],[-111.310665,42.121917],[-111.310078,42.121736],[-111.30897,42.121553],[-111.303689,42.121012],[-111.293786,42.119488],[-111.289525,42.11857],[-111.284541,42.117304],[-111.281555,42.116473],[-111.279381,42.115778],[-111.275753,42.114476],[-111.274427,42.11391],[-111.272538,42.112974],[-111.270581,42.111884],[-111.266955,42.109302],[-111.263741,42.109272]]}},{"type":"Feature","properties":{"id":"road-b331","kind":"road","name":"nan","acres":null,"editable":false,"source":"TIGER/UGRC road centerlines"},"geometry":{"type":"LineString","coordinates":[[-111.359823,42.123511],[-111.359807,42.123237],[-111.36034,42.122436],[-111.36033,42.121396],[-111.360214,42.120977],[-111.359937,42.120729],[-111.35953,42.120518],[-111.358385,42.120223],[-111.358132,42.119932],[-111.357737,42.1189]]}},{"type":"Feature","properties":{"id":"road-b332","kind":"road","name":"nan","acres":null,"editable":false,"source":"TIGER/UGRC road centerlines"},"geometry":{"type":"LineString","coordinates":[[-111.366285,42.129546],[-111.365564,42.129671],[-111.363063,42.131786],[-111.361119,42.132829]]}},{"type":"Feature","properties":{"id":"road-b333","kind":"road","name":"nan","acres":null,"editable":false,"source":"TIGER/UGRC road centerlines"},"geometry":{"type":"LineString","coordinates":[[-111.395149,42.063866],[-111.394186,42.063342],[-111.393608,42.063155],[-111.392985,42.063123],[-111.391857,42.063278],[-111.391431,42.062592],[-111.391133,42.062274],[-111.390873,42.062282],[-111.390188,42.06259],[-111.389927,42.062605],[-111.388998,42.062411]]}},{"type":"Feature","properties":{"id":"road-b334","kind":"road","name":"nan","acres":null,"editable":false,"source":"TIGER/UGRC road centerlines"},"geometry":{"type":"LineString","coordinates":[[-111.389854,42.135984],[-111.389968,42.135698],[-111.390245,42.135434],[-111.390627,42.135342],[-111.391806,42.135329],[-111.391925,42.135448],[-111.392134,42.136671],[-111.392116,42.136807],[-111.391861,42.136917]]}},{"type":"Feature","properties":{"id":"road-b335","kind":"road","name":"nan","acres":null,"editable":false,"source":"TIGER/UGRC road centerlines"},"geometry":{"type":"LineString","coordinates":[[-111.216417,42.035577],[-111.21615,42.035024],[-111.216204,42.033969],[-111.215917,42.033548]]}},{"type":"Feature","properties":{"id":"road-b336","kind":"road","name":"Mud Springs Rd","acres":null,"editable":false,"source":"TIGER/UGRC road centerlines"},"geometry":{"type":"LineString","coordinates":[[-111.221717,42.001366],[-111.221758,42.002573],[-111.222103,42.003288],[-111.222755,42.004072],[-111.223663,42.00485],[-111.223886,42.005271],[-111.223901,42.005635],[-111.223013,42.007649],[-111.222948,42.008238],[-111.223321,42.009169],[-111.224208,42.01066],[-111.22462,42.011941],[-111.224639,42.012769],[-111.224471,42.014608],[-111.223261,42.022606],[-111.223305,42.025559],[-111.222412,42.027339],[-111.222281,42.028303],[-111.221297,42.030698],[-111.21968,42.034083],[-111.21913,42.034531],[-111.218713,42.034622],[-111.217848,42.034668],[-111.217384,42.034837],[-111.216991,42.035099],[-111.216534,42.035556],[-111.216417,42.035577],[-111.216692,42.038281],[-111.216429,42.039082],[-111.21637,42.039626],[-111.21619,42.039993],[-111.214776,42.041767],[-111.213879,42.042418],[-111.213433,42.042843],[-111.212998,42.043624],[-111.212592,42.044066],[-111.211169,42.045125],[-111.210498,42.045758],[-111.209638,42.046317],[-111.208662,42.047403],[-111.206883,42.048811],[-111.205907,42.049994],[-111.20567,42.05075],[-111.205837,42.051133],[-111.206201,42.051361],[-111.206605,42.051493],[-111.210268,42.051687],[-111.211029,42.051801],[-111.212747,42.053093],[-111.213109,42.053754],[-111.213193,42.054725],[-111.212669,42.055905],[-111.212816,42.057533],[-111.212985,42.057854],[-111.213647,42.05849],[-111.214087,42.059094],[-111.214064,42.05942],[-111.213499,42.060397],[-111.213691,42.061636],[-111.213263,42.062314],[-111.213147,42.063274],[-111.213869,42.065002],[-111.213961,42.06549],[-111.213592,42.066208],[-111.211407,42.067888],[-111.211219,42.068141],[-111.211297,42.068915],[-111.211913,42.071562],[-111.211743,42.072081],[-111.211104,42.072703]]}},{"type":"Feature","properties":{"id":"road-b337","kind":"road","name":"nan","acres":null,"editable":false,"source":"TIGER/UGRC road centerlines"},"geometry":{"type":"LineString","coordinates":[[-111.253326,42.056926],[-111.252162,42.057064],[-111.251569,42.056996],[-111.251199,42.056877],[-111.250358,42.056398],[-111.249726,42.056591],[-111.248959,42.056568],[-111.248508,42.056636],[-111.247686,42.057301],[-111.246381,42.057607],[-111.245444,42.057519],[-111.244521,42.057312],[-111.242142,42.056517],[-111.24105,42.056324],[-111.2407,42.056199],[-111.238845,42.056208],[-111.238055,42.056455],[-111.237151,42.057019],[-111.236329,42.057661],[-111.23564,42.058048],[-111.234489,42.058189],[-111.233544,42.058504],[-111.232629,42.058504],[-111.232151,42.058612],[-111.231464,42.059617],[-111.231008,42.059964],[-111.230482,42.060568],[-111.229686,42.061196],[-111.22906,42.061308],[-111.22697,42.061367],[-111.226273,42.061512],[-111.226078,42.061475],[-111.225892,42.061257],[-111.225368,42.060565],[-111.225083,42.060006],[-111.225082,42.058636]]}},{"type":"Feature","properties":{"id":"road-b338","kind":"road","name":"Chokecherry Dr","acres":null,"editable":false,"source":"TIGER/UGRC road centerlines"},"geometry":{"type":"LineString","coordinates":[[-111.253354,42.057444],[-111.254063,42.057925],[-111.254027,42.059452],[-111.253747,42.060955]]}},{"type":"Feature","properties":{"id":"road-b339","kind":"road","name":"Reed's Rd","acres":null,"editable":false,"source":"TIGER/UGRC road centerlines"},"geometry":{"type":"LineString","coordinates":[[-111.256475,42.04851],[-111.256196,42.048582],[-111.255246,42.051911]]}},{"type":"Feature","properties":{"id":"road-b340","kind":"road","name":"B St","acres":null,"editable":false,"source":"TIGER/UGRC road centerlines"},"geometry":{"type":"LineString","coordinates":[[-111.256475,42.04851],[-111.256196,42.048582],[-111.255246,42.051911]]}},{"type":"Feature","properties":{"id":"road-b341","kind":"road","name":"C St","acres":null,"editable":false,"source":"TIGER/UGRC road centerlines"},"geometry":{"type":"LineString","coordinates":[[-111.253668,42.051032],[-111.254524,42.051026],[-111.256349,42.051435]]}},{"type":"Feature","properties":{"id":"road-b342","kind":"road","name":"Bear Lake Villa","acres":null,"editable":false,"source":"TIGER/UGRC road centerlines"},"geometry":{"type":"LineString","coordinates":[[-111.253118,42.053286],[-111.255512,42.053676]]}},{"type":"Feature","properties":{"id":"road-b343","kind":"road","name":"Eastshore Rd","acres":null,"editable":false,"source":"TIGER/UGRC road centerlines"},"geometry":{"type":"LineString","coordinates":[[-111.259971,42.001322],[-111.259701,42.003498],[-111.259567,42.006143],[-111.259751,42.009638],[-111.259727,42.011664],[-111.259249,42.015133],[-111.259153,42.018331],[-111.258858,42.019905],[-111.257702,42.023257],[-111.257594,42.024381],[-111.257671,42.026955],[-111.257161,42.029344],[-111.257414,42.034486],[-111.257377,42.036678],[-111.256772,42.039958],[-111.255509,42.045709],[-111.254518,42.048989],[-111.254236,42.049836],[-111.253703,42.050921],[-111.253159,42.052813],[-111.253141,42.054371],[-111.253409,42.059275],[-111.253162,42.060575],[-111.252054,42.064649],[-111.252027,42.065652],[-111.252178,42.067483],[-111.252562,42.069346],[-111.252505,42.069856],[-111.252301,42.070276],[-111.252185,42.07083],[-111.252063,42.074124],[-111.252434,42.076719],[-111.253299,42.079751],[-111.253527,42.07987],[-111.253767,42.080609],[-111.25487,42.082647],[-111.254996,42.082965],[-111.25488,42.083139],[-111.25576,42.085055],[-111.256257,42.086858],[-111.256453,42.088591],[-111.256499,42.090828],[-111.256349,42.092834],[-111.256405,42.093497],[-111.256748,42.093962],[-111.257988,42.094744],[-111.258861,42.095413],[-111.259914,42.097243],[-111.260237,42.09844],[-111.260245,42.099796],[-111.261805,42.102893],[-111.262431,42.104407],[-111.263565,42.107715],[-111.263741,42.109272]]}},{"type":"Feature","properties":{"id":"road-b344","kind":"road","name":"Sands Ct","acres":null,"editable":false,"source":"TIGER/UGRC road centerlines"},"geometry":{"type":"LineString","coordinates":[[-111.25375,42.055768],[-111.254096,42.056324],[-111.254358,42.056366],[-111.255077,42.056322],[-111.255045,42.055766]]}},{"type":"Feature","properties":{"id":"road-b345","kind":"road","name":"nan","acres":null,"editable":false,"source":"TIGER/UGRC road centerlines"},"geometry":{"type":"LineString","coordinates":[[-111.254536,42.058619],[-111.255385,42.058631]]}},{"type":"Feature","properties":{"id":"road-b346","kind":"road","name":"Chokecherry Pl","acres":null,"editable":false,"source":"TIGER/UGRC road centerlines"},"geometry":{"type":"LineString","coordinates":[[-111.254072,42.058627],[-111.254536,42.058619],[-111.254547,42.059044],[-111.254487,42.059161],[-111.254049,42.059139]]}},{"type":"Feature","properties":{"id":"road-b347","kind":"road","name":"Chokecherry Ct","acres":null,"editable":false,"source":"TIGER/UGRC road centerlines"},"geometry":{"type":"LineString","coordinates":[[-111.254287,42.059651],[-111.254633,42.059752],[-111.254809,42.059755],[-111.254891,42.059668],[-111.254793,42.059566],[-111.25452,42.059556],[-111.254287,42.059651]]}},{"type":"Feature","properties":{"id":"road-b348","kind":"road","name":"Chokecherry Rd","acres":null,"editable":false,"source":"TIGER/UGRC road centerlines"},"geometry":{"type":"LineString","coordinates":[[-111.253878,42.060389],[-111.254553,42.060402],[-111.254724,42.060507]]}},{"type":"Feature","properties":{"id":"road-b349","kind":"road","name":"Chokecherry Ln","acres":null,"editable":false,"source":"TIGER/UGRC road centerlines"},"geometry":{"type":"LineString","coordinates":[[-111.253747,42.060955],[-111.254726,42.060965]]}},{"type":"Feature","properties":{"id":"road-b350","kind":"road","name":"Shore Line Rd","acres":null,"editable":false,"source":"TIGER/UGRC road centerlines"},"geometry":{"type":"LineString","coordinates":[[-111.253431,42.058609],[-111.253409,42.059275],[-111.253162,42.060575],[-111.252054,42.064649],[-111.252027,42.065652],[-111.252178,42.067483],[-111.252562,42.069346],[-111.252505,42.069856],[-111.252301,42.070276],[-111.252185,42.07083],[-111.252078,42.074389],[-111.252434,42.076719],[-111.253299,42.079751],[-111.253527,42.07987],[-111.253767,42.080609],[-111.25487,42.082647],[-111.254996,42.082965],[-111.25488,42.083139],[-111.255538,42.084473],[-111.256097,42.08617],[-111.256396,42.087653],[-111.256481,42.089969]]}},{"type":"Feature","properties":{"id":"road-b351","kind":"road","name":"nan","acres":null,"editable":false,"source":"TIGER/UGRC road centerlines"},"geometry":{"type":"LineString","coordinates":[[-111.15,42.019595],[-111.154209,42.0196],[-111.155018,42.019504],[-111.155553,42.019525],[-111.15618,42.019676],[-111.15699,42.020008],[-111.158472,42.020226],[-111.159622,42.020125],[-111.160072,42.01997],[-111.160515,42.019812],[-111.161273,42.019233],[-111.161481,42.018531],[-111.161323,42.018316],[-111.160821,42.018048],[-111.159967,42.01694],[-111.160241,42.016288],[-111.16031,42.015693],[-111.160214,42.013719],[-111.160005,42.011928],[-111.159606,42.011259],[-111.15957,42.010508],[-111.15939,42.009799],[-111.158432,42.008433],[-111.158178,42.007846],[-111.158032,42.006143],[-111.15834,42.005395]]}},{"type":"Feature","properties":{"id":"road-b352","kind":"road","name":"nan","acres":null,"editable":false,"source":"TIGER/UGRC road centerlines"},"geometry":{"type":"LineString","coordinates":[[-111.151372,42.059771],[-111.152275,42.058921],[-111.152379,42.058221]]}},{"type":"Feature","properties":{"id":"road-b353","kind":"road","name":"Poverty Flats Rd","acres":null,"editable":false,"source":"TIGER/UGRC road centerlines"},"geometry":{"type":"MultiLineString","coordinates":[[[-111.15,42.042081],[-111.15055,42.04305],[-111.150718,42.047321],[-111.151495,42.048516],[-111.151398,42.050704],[-111.151472,42.051246],[-111.152128,42.052248],[-111.152338,42.052782],[-111.152354,42.053966],[-111.152611,42.05449],[-111.152727,42.055022],[-111.153055,42.055561],[-111.153326,42.056527],[-111.152379,42.058221],[-111.151423,42.058769],[-111.151273,42.059312],[-111.151372,42.059771],[-111.150935,42.060115],[-111.15,42.060525]],[[-111.15,42.082919],[-111.1501,42.083193],[-111.150393,42.090881],[-111.150315,42.096705],[-111.150624,42.097657],[-111.15,42.099412]]]}},{"type":"Feature","properties":{"id":"road-b354","kind":"road","name":"Flat Rd","acres":null,"editable":false,"source":"TIGER/UGRC road centerlines"},"geometry":{"type":"LineString","coordinates":[[-111.152128,42.052248],[-111.152603,42.052401],[-111.153165,42.052267],[-111.154891,42.052079],[-111.156122,42.05156],[-111.157004,42.051481],[-111.165987,42.051366],[-111.170283,42.051453],[-111.170933,42.051627],[-111.177164,42.051608],[-111.178236,42.052281],[-111.178949,42.053105],[-111.179495,42.053471],[-111.180765,42.053825],[-111.18231,42.054861],[-111.183543,42.055308],[-111.184154,42.055744],[-111.185194,42.055983],[-111.185579,42.056298],[-111.18691,42.057756],[-111.187287,42.05895],[-111.187027,42.061108],[-111.186584,42.063376],[-111.186362,42.064072],[-111.18583,42.065036],[-111.185891,42.065226],[-111.186197,42.065286],[-111.189681,42.065324],[-111.191448,42.06559],[-111.192445,42.065596],[-111.194245,42.066187],[-111.194483,42.066432],[-111.195106,42.067747],[-111.195306,42.067959],[-111.197532,42.06935],[-111.198161,42.069594],[-111.198597,42.069601],[-111.199265,42.069458],[-111.200892,42.06871],[-111.20268,42.068033],[-111.203159,42.067936],[-111.204636,42.06828],[-111.205427,42.068738],[-111.206041,42.06886],[-111.206987,42.068864],[-111.207857,42.069065],[-111.208065,42.069193],[-111.21005,42.071688],[-111.211277,42.072926],[-111.212243,42.073614],[-111.21322,42.074046],[-111.213393,42.074399],[-111.213042,42.075583],[-111.212549,42.076493],[-111.211622,42.078772],[-111.211437,42.079022],[-111.211176,42.079181],[-111.209415,42.079962],[-111.209192,42.080254],[-111.209093,42.082925],[-111.209226,42.08625],[-111.209252,42.090639],[-111.209352,42.09098],[-111.209249,42.091385],[-111.209416,42.092289],[-111.209248,42.093067],[-111.209225,42.094048]]}},{"type":"Feature","properties":{"id":"road-b355","kind":"road","name":"nan","acres":null,"editable":false,"source":"TIGER/UGRC road centerlines"},"geometry":{"type":"LineString","coordinates":[[-111.255538,42.084473],[-111.255262,42.084324],[-111.255033,42.084013],[-111.254836,42.083369],[-111.25488,42.083139],[-111.254324,42.08208]]}},{"type":"Feature","properties":{"id":"road-b356","kind":"road","name":"nan","acres":null,"editable":false,"source":"TIGER/UGRC road centerlines"},"geometry":{"type":"LineString","coordinates":[[-111.257605,42.092542],[-111.261045,42.092196],[-111.261904,42.093004],[-111.262053,42.093057],[-111.262236,42.092671],[-111.262398,42.092554]]}},{"type":"Feature","properties":{"id":"road-b357","kind":"road","name":"Shore Line Rd","acres":null,"editable":false,"source":"TIGER/UGRC road centerlines"},"geometry":{"type":"LineString","coordinates":[[-111.259999,42.097434],[-111.260237,42.09844],[-111.260245,42.099796],[-111.261805,42.102893],[-111.262431,42.104407],[-111.263565,42.107715],[-111.263741,42.109272]]}},{"type":"Feature","properties":{"id":"road-b358","kind":"road","name":"nan","acres":null,"editable":false,"source":"TIGER/UGRC road centerlines"},"geometry":{"type":"LineString","coordinates":[[-111.254324,42.08208],[-111.253508,42.080429],[-111.253299,42.079751]]}},{"type":"Feature","properties":{"id":"road-b359","kind":"road","name":"nan","acres":null,"editable":false,"source":"TIGER/UGRC road centerlines"},"geometry":{"type":"LineString","coordinates":[[-111.213592,42.093657],[-111.21358,42.092307],[-111.213449,42.09209],[-111.213079,42.092009],[-111.211466,42.09202],[-111.210648,42.091851],[-111.210225,42.091684],[-111.20991,42.091362],[-111.209352,42.09098]]}},{"type":"Feature","properties":{"id":"road-b360","kind":"road","name":"Indian Creek Rd","acres":null,"editable":false,"source":"TIGER/UGRC road centerlines"},"geometry":{"type":"LineString","coordinates":[[-111.152997,42.124878],[-111.15406,42.123781],[-111.155436,42.122822],[-111.155841,42.122442],[-111.15908,42.118235],[-111.159821,42.116226],[-111.160255,42.114587],[-111.161077,42.109163],[-111.161291,42.109051],[-111.165052,42.108417],[-111.167967,42.10782],[-111.17024,42.106806],[-111.172251,42.106439],[-111.173212,42.106141],[-111.175639,42.104896],[-111.176367,42.104423],[-111.176564,42.104173],[-111.176609,42.103798],[-111.176921,42.103249],[-111.177295,42.102171],[-111.177318,42.10174],[-111.17792,42.099171],[-111.178183,42.097266],[-111.178721,42.096749],[-111.180908,42.096733],[-111.181437,42.096611],[-111.182288,42.096745],[-111.1825,42.096719],[-111.183295,42.096458],[-111.183572,42.096106],[-111.184496,42.09526],[-111.184908,42.095107],[-111.185916,42.095252],[-111.187136,42.09578],[-111.18855,42.096039],[-111.189284,42.096287],[-111.19027,42.096395],[-111.192697,42.096027],[-111.193776,42.09574],[-111.194378,42.095504],[-111.196101,42.094492],[-111.19629,42.09445],[-111.19747,42.094545],[-111.199333,42.094815],[-111.200699,42.094852],[-111.204436,42.094283],[-111.205757,42.094299],[-111.20788,42.094074],[-111.209353,42.094043],[-111.210441,42.093807],[-111.210973,42.093761],[-111.212927,42.093722],[-111.215619,42.093506],[-111.216918,42.093518],[-111.217429,42.093639],[-111.217788,42.093853],[-111.218,42.094324],[-111.218063,42.094806],[-111.218208,42.094942],[-111.218397,42.094939],[-111.218732,42.094736],[-111.220059,42.094732],[-111.221401,42.094456],[-111.221698,42.094561],[-111.22208,42.094835],[-111.222713,42.094902],[-111.22318,42.095071],[-111.223903,42.095557],[-111.22514,42.095954],[-111.225618,42.096182],[-111.226008,42.096581],[-111.22652,42.097744],[-111.226789,42.099339],[-111.226767,42.099957],[-111.226909,42.100099],[-111.227186,42.099954],[-111.227684,42.098657],[-111.22796,42.097635],[-111.228502,42.09695],[-111.229824,42.09641],[-111.230291,42.095966],[-111.230771,42.095658],[-111.231331,42.095559],[-111.23202,42.095705],[-111.232955,42.095581],[-111.234382,42.094883],[-111.235,42.094712],[-111.235613,42.094649],[-111.237134,42.094694],[-111.23784,42.094853],[-111.239577,42.095534],[-111.240363,42.095661],[-111.240902,42.095666],[-111.242508,42.095457],[-111.244226,42.094739],[-111.245585,42.094409],[-111.248587,42.094737],[-111.249571,42.094531],[-111.251383,42.094441],[-111.252724,42.094576],[-111.254826,42.094531],[-111.256718,42.094143],[-111.257028,42.094144]]}},{"type":"Feature","properties":{"id":"road-b361","kind":"road","name":"nan","acres":null,"editable":false,"source":"TIGER/UGRC road centerlines"},"geometry":{"type":"LineString","coordinates":[[-111.210216,42.120768],[-111.21006,42.120869],[-111.209889,42.121287],[-111.209086,42.124209],[-111.209984,42.123986],[-111.210547,42.123619]]}},{"type":"Feature","properties":{"id":"road-b362","kind":"road","name":"nan","acres":null,"editable":false,"source":"TIGER/UGRC road centerlines"},"geometry":{"type":"LineString","coordinates":[[-111.223868,42.15],[-111.2237,42.149686],[-111.222864,42.149261],[-111.222485,42.148947],[-111.222107,42.148523],[-111.221834,42.147922],[-111.221158,42.147275],[-111.220627,42.14658],[-111.220264,42.146272],[-111.218649,42.145277],[-111.218092,42.144713],[-111.218123,42.144292],[-111.218821,42.143353],[-111.218874,42.143015],[-111.218783,42.141649],[-111.218557,42.14055],[-111.218529,42.136354],[-111.218324,42.136245],[-111.216639,42.136235],[-111.215907,42.136508],[-111.215224,42.136605],[-111.214341,42.13687],[-111.213551,42.136848],[-111.211638,42.136233],[-111.211466,42.136098],[-111.211178,42.135537],[-111.210914,42.134784],[-111.210969,42.130672],[-111.210381,42.129438],[-111.209994,42.129018],[-111.21044,42.126535],[-111.210556,42.123881],[-111.210413,42.12281],[-111.210466,42.122139],[-111.210299,42.121604],[-111.210149,42.119785],[-111.210577,42.119159],[-111.210941,42.118409],[-111.211485,42.117679],[-111.211398,42.116873],[-111.211672,42.114813],[-111.213005,42.112412],[-111.213233,42.111586],[-111.213858,42.110295],[-111.214486,42.109285],[-111.215552,42.106421],[-111.2156,42.105883],[-111.215414,42.104894],[-111.215174,42.104294],[-111.214863,42.103033],[-111.214841,42.101339],[-111.214355,42.100306],[-111.212667,42.097516],[-111.211901,42.096707],[-111.211413,42.09594],[-111.210772,42.094424],[-111.211178,42.093756]]}},{"type":"Feature","properties":{"id":"road-b363","kind":"road","name":"nan","acres":null,"editable":false,"source":"TIGER/UGRC road centerlines"},"geometry":{"type":"LineString","coordinates":[[-111.20391,42.094133],[-111.204025,42.094345],[-111.204073,42.095216],[-111.203873,42.097035],[-111.204134,42.097276],[-111.204853,42.097469],[-111.205007,42.097736],[-111.204668,42.098446],[-111.20451,42.09963],[-111.204206,42.100105],[-111.204217,42.10076],[-111.203699,42.101665],[-111.203441,42.102508],[-111.2041,42.10361],[-111.204283,42.104452],[-111.203715,42.109617],[-111.20327,42.110883],[-111.202809,42.112796],[-111.202274,42.114095],[-111.201809,42.114724],[-111.201472,42.116016],[-111.201903,42.118751],[-111.202102,42.119218],[-111.202114,42.119995],[-111.201964,42.121012],[-111.202002,42.121727],[-111.202474,42.123177],[-111.20208,42.12376],[-111.201619,42.125654],[-111.201711,42.126142],[-111.201667,42.126417],[-111.201372,42.126939],[-111.201096,42.127882],[-111.20155,42.129293],[-111.201402,42.130885],[-111.201458,42.13156],[-111.201178,42.133782],[-111.201017,42.134137],[-111.200796,42.135214],[-111.200872,42.136438],[-111.200316,42.13702],[-111.200272,42.137274],[-111.200482,42.137723],[-111.200214,42.138239],[-111.200126,42.138687],[-111.200216,42.138847],[-111.201115,42.138979],[-111.201763,42.139185],[-111.201844,42.139319],[-111.200722,42.139682],[-111.20013,42.139997],[-111.200005,42.140198],[-111.200123,42.140633],[-111.200384,42.140893],[-111.200259,42.141107],[-111.200323,42.141308],[-111.200548,42.141495],[-111.201447,42.141667],[-111.201574,42.141834],[-111.201143,42.142224],[-111.201252,42.142538],[-111.20119,42.142678],[-111.200939,42.142846],[-111.20033,42.143582],[-111.200718,42.143963],[-111.200764,42.144291],[-111.200208,42.14478],[-111.200102,42.145375],[-111.200464,42.146311],[-111.200531,42.147448],[-111.200255,42.148238],[-111.200229,42.148739],[-111.199752,42.15]]}},{"type":"Feature","properties":{"id":"road-b364","kind":"road","name":"nan","acres":null,"editable":false,"source":"TIGER/UGRC road centerlines"},"geometry":{"type":"LineString","coordinates":[[-111.153469,42.124376],[-111.152713,42.124256],[-111.15067,42.124359],[-111.15,42.124511]]}},{"type":"Feature","properties":{"id":"road-b365","kind":"road","name":"Sorenson Roh Rd","acres":null,"editable":false,"source":"TIGER/UGRC road centerlines"},"geometry":{"type":"LineString","coordinates":[[-111.15,42.124877],[-111.159954,42.124889],[-111.160259,42.125008],[-111.160213,42.128288],[-111.15999,42.130488],[-111.160041,42.130757],[-111.160396,42.131228],[-111.160273,42.131971],[-111.160412,42.133222],[-111.16072,42.133621],[-111.1612,42.133863],[-111.162324,42.134109],[-111.163294,42.13422]]}},{"type":"Feature","properties":{"id":"road-b366","kind":"road","name":"Pegram Rd","acres":null,"editable":false,"source":"TIGER/UGRC road centerlines"},"geometry":{"type":"LineString","coordinates":[[-111.15,42.147686],[-111.152295,42.146848],[-111.152712,42.146439],[-111.152849,42.145967],[-111.152804,42.145709],[-111.15253,42.145297],[-111.151696,42.144551],[-111.151226,42.143995],[-111.151074,42.143679],[-111.150862,42.14266],[-111.15,42.141468]]}},{"type":"Feature","properties":{"id":"road-b367","kind":"road","name":"Sugarloaf Rd","acres":null,"editable":false,"source":"TIGER/UGRC road centerlines"},"geometry":{"type":"LineString","coordinates":[[-111.161249,42.15],[-111.161369,42.149584],[-111.162237,42.148144],[-111.162946,42.147421],[-111.163287,42.146852],[-111.163376,42.146598],[-111.163356,42.145795],[-111.163615,42.14524],[-111.163937,42.144784],[-111.164431,42.144482],[-111.164896,42.143599],[-111.165251,42.141792],[-111.165502,42.141551],[-111.166112,42.14127],[-111.166255,42.141082],[-111.166345,42.140821],[-111.166209,42.140305],[-111.166976,42.138258],[-111.166938,42.137482],[-111.166784,42.137021],[-111.166513,42.1366],[-111.166144,42.136233],[-111.165372,42.135936],[-111.164978,42.135266],[-111.164616,42.135003],[-111.163953,42.134317],[-111.163294,42.13422]]}},{"type":"Feature","properties":{"id":"road-b368","kind":"road","name":"nan","acres":null,"editable":false,"source":"TIGER/UGRC road centerlines"},"geometry":{"type":"LineString","coordinates":[[-111.389854,42.135984],[-111.389504,42.135944],[-111.388981,42.136123],[-111.388628,42.136157],[-111.387842,42.135916],[-111.386734,42.13592],[-111.38659,42.135998],[-111.386586,42.13685]]}},{"type":"Feature","properties":{"id":"road-b369","kind":"road","name":"Michaelson Rd","acres":null,"editable":false,"source":"TIGER/UGRC road centerlines"},"geometry":{"type":"LineString","coordinates":[[-111.375733,42.147704],[-111.396338,42.147738]]}},{"type":"Feature","properties":{"id":"road-b370","kind":"road","name":"Powerline Rd","acres":null,"editable":false,"source":"TIGER/UGRC road centerlines"},"geometry":{"type":"LineString","coordinates":[[-111.366244,42.113647],[-111.366259,42.15]]}}]}