{"type":"FeatureCollection","features":[{"type":"Feature","properties":{"id":"wat-b1","kind":"water","name":"Creek","acres":null,"editable":false,"source":"USGS 3DHP flowlines (Channel Line)"},"geometry":{"type":"LineString","coordinates":[[-111.442492,42.092606],[-111.441814,42.092409],[-111.44076,42.092343],[-111.439581,42.092403],[-111.439072,42.092502],[-111.438644,42.092788],[-111.43818,42.09349],[-111.437185,42.093985],[-111.436529,42.094803],[-111.435674,42.095234],[-111.434891,42.095825],[-111.434368,42.095907],[-111.433971,42.095814],[-111.433133,42.095962],[-111.4326,42.095833],[-111.432079,42.095831],[-111.431218,42.095229],[-111.430373,42.095012],[-111.428933,42.095184],[-111.428198,42.095091],[-111.427456,42.095098],[-111.426467,42.094873],[-111.425628,42.094163],[-111.425382,42.093824],[-111.424585,42.093374],[-111.423841,42.093098],[-111.423146,42.092997],[-111.422756,42.093109],[-111.422484,42.093034]]}},{"type":"Feature","properties":{"id":"wat-b2","kind":"water","name":"Creek","acres":null,"editable":false,"source":"USGS 3DHP flowlines (Channel Line)"},"geometry":{"type":"LineString","coordinates":[[-111.268714,41.949552],[-111.269427,41.950288],[-111.270015,41.95059],[-111.273178,41.95091],[-111.273957,41.951119],[-111.275324,41.952206],[-111.276089,41.952706],[-111.276435,41.953074],[-111.277126,41.953601],[-111.277545,41.953678],[-111.27806,41.95358]]}},{"type":"Feature","properties":{"id":"wat-b3","kind":"water","name":"Creek","acres":null,"editable":false,"source":"USGS 3DHP flowlines (Channel Line)"},"geometry":{"type":"LineString","coordinates":[[-111.200152,41.875681],[-111.197639,41.877027],[-111.195303,41.877971],[-111.193474,41.878032],[-111.19088,41.878268],[-111.189778,41.878493],[-111.18731,41.878784],[-111.183916,41.878916],[-111.181653,41.879317],[-111.1808,41.879328],[-111.17939,41.879218],[-111.1782,41.879245],[-111.174783,41.878948],[-111.174041,41.878811],[-111.1723,41.878317],[-111.170743,41.878058],[-111.170471,41.877987],[-111.169773,41.877443],[-111.168914,41.877053],[-111.167995,41.87696],[-111.167158,41.876504],[-111.166386,41.876438],[-111.165909,41.876246],[-111.16538,41.876141],[-111.164851,41.876136],[-111.16444,41.875938],[-111.163632,41.875817],[-111.163147,41.875575],[-111.162758,41.875521],[-111.162251,41.875317],[-111.161663,41.875312],[-111.160216,41.874993],[-111.15907,41.874987],[-111.156132,41.874575],[-111.155728,41.874635],[-111.155192,41.874503],[-111.154692,41.874542],[-111.154215,41.87447],[-111.15409,41.874289],[-111.153664,41.874075],[-111.15351,41.873531],[-111.153201,41.873037],[-111.152504,41.872685]]}},{"type":"Feature","properties":{"id":"wat-b4","kind":"water","name":"Creek","acres":null,"editable":false,"source":"USGS 3DHP flowlines (Channel Line)"},"geometry":{"type":"LineString","coordinates":[[-111.461775,41.858447],[-111.461126,41.858279],[-111.459547,41.858078],[-111.457273,41.857371],[-111.455389,41.856964],[-111.454237,41.856816],[-111.453954,41.856858],[-111.452909,41.857258],[-111.451795,41.857402],[-111.450109,41.85785],[-111.446683,41.858174],[-111.443509,41.858227],[-111.443113,41.858287],[-111.442556,41.858532],[-111.441678,41.859072],[-111.441205,41.859209],[-111.437139,41.859882],[-111.435574,41.860216],[-111.435132,41.860538],[-111.434338,41.861469],[-111.434155,41.861591],[-111.433285,41.861833],[-111.432713,41.86224],[-111.432584,41.862259]]}},{"type":"Feature","properties":{"id":"wat-b5","kind":"water","name":"Creek","acres":null,"editable":false,"source":"USGS 3DHP flowlines (Channel Line)"},"geometry":{"type":"LineString","coordinates":[[-111.225761,42.061738],[-111.226122,42.061721],[-111.226277,42.061831]]}},{"type":"Feature","properties":{"id":"wat-b6","kind":"water","name":"Creek","acres":null,"editable":false,"source":"USGS 3DHP flowlines (Channel Line)"},"geometry":{"type":"LineString","coordinates":[[-111.217491,42.024466],[-111.217609,42.02406],[-111.217623,42.023428],[-111.217211,42.022901],[-111.216739,42.022523],[-111.216622,42.022243],[-111.216791,42.021683],[-111.217446,42.021062],[-111.21771,42.020387],[-111.217644,42.019569],[-111.217319,42.018899],[-111.217297,42.018679],[-111.217503,42.018009],[-111.218063,42.017515],[-111.217952,42.017153],[-111.218253,42.016549],[-111.217856,42.015714],[-111.217899,42.015226],[-111.218495,42.01427],[-111.218201,42.01348]]}},{"type":"Feature","properties":{"id":"wat-b7","kind":"water","name":"Creek","acres":null,"editable":false,"source":"USGS 3DHP flowlines (Channel Line)"},"geometry":{"type":"LineString","coordinates":[[-111.216302,42.099294],[-111.215985,42.098718],[-111.21628,42.097521],[-111.217797,42.09533],[-111.218593,42.094566],[-111.21908,42.094429],[-111.219507,42.094187],[-111.220767,42.09428],[-111.221372,42.094132],[-111.221608,42.094143],[-111.222662,42.094384],[-111.223466,42.094708],[-111.224166,42.095185],[-111.225095,42.095289],[-111.226821,42.095739],[-111.227993,42.096315],[-111.228141,42.09649],[-111.228657,42.096682]]}},{"type":"Feature","properties":{"id":"wat-b8","kind":"water","name":"Creek","acres":null,"editable":false,"source":"USGS 3DHP flowlines (Channel Line)"},"geometry":{"type":"LineString","coordinates":[[-111.237635,42.133601],[-111.23781,42.131383],[-111.237729,42.130932],[-111.237854,42.130565],[-111.238007,42.128934],[-111.237919,42.128687],[-111.237955,42.128083],[-111.238308,42.126793],[-111.238418,42.12564],[-111.238691,42.124695],[-111.238668,42.12441],[-111.239103,42.123624],[-111.239176,42.123086],[-111.23908,42.122696],[-111.239735,42.121357],[-111.239609,42.120764],[-111.240529,42.118221],[-111.240765,42.117848],[-111.240808,42.117046],[-111.241287,42.115948],[-111.241699,42.115322],[-111.241765,42.114981],[-111.242067,42.114537],[-111.242545,42.112834],[-111.24309,42.111555],[-111.243406,42.110341]]}},{"type":"Feature","properties":{"id":"wat-b9","kind":"water","name":"Creek","acres":null,"editable":false,"source":"USGS 3DHP flowlines (Channel Line)"},"geometry":{"type":"LineString","coordinates":[[-111.457556,41.934067],[-111.456968,41.934502],[-111.456678,41.934922],[-111.456329,41.935753],[-111.454573,41.936979],[-111.454447,41.937623],[-111.45385,41.938758],[-111.452928,41.939826],[-111.45238,41.940198],[-111.451079,41.940693],[-111.449267,41.941067],[-111.448783,41.941228],[-111.44819,41.941514],[-111.447187,41.942191],[-111.445558,41.942909],[-111.445312,41.943105],[-111.444542,41.944528]]}},{"type":"Feature","properties":{"id":"wat-b10","kind":"water","name":"Creek","acres":null,"editable":false,"source":"USGS 3DHP flowlines (Channel Line)"},"geometry":{"type":"LineString","coordinates":[[-111.422484,42.093034],[-111.422038,42.093228],[-111.421512,42.093347],[-111.420777,42.093313],[-111.420423,42.093193],[-111.420137,42.093294],[-111.41953,42.093188],[-111.419433,42.093233]]}},{"type":"Feature","properties":{"id":"wat-b11","kind":"water","name":"Creek","acres":null,"editable":false,"source":"USGS 3DHP flowlines (Channel Line)"},"geometry":{"type":"LineString","coordinates":[[-111.171158,41.91798],[-111.172364,41.918123],[-111.173253,41.918425],[-111.174025,41.918365],[-111.175973,41.91803],[-111.177252,41.917915],[-111.178046,41.917657],[-111.178612,41.917558],[-111.179105,41.91736],[-111.180899,41.917014],[-111.183009,41.916839]]}},{"type":"Feature","properties":{"id":"wat-b12","kind":"water","name":"Creek","acres":null,"editable":false,"source":"USGS 3DHP flowlines (Channel Line)"},"geometry":{"type":"LineString","coordinates":[[-111.162153,41.972427],[-111.160048,41.973415],[-111.158708,41.973695],[-111.157553,41.974106],[-111.156148,41.97438],[-111.155176,41.97477],[-111.153565,41.975038],[-111.152623,41.975428],[-111.151769,41.975554],[-111.151401,41.975686],[-111.150371,41.976306],[-111.14987,41.976426],[-111.149171,41.976717]]}},{"type":"Feature","properties":{"id":"wat-b13","kind":"water","name":"Creek","acres":null,"editable":false,"source":"USGS 3DHP flowlines (Channel Line)"},"geometry":{"type":"LineString","coordinates":[[-111.246295,41.987897],[-111.246089,41.987848],[-111.246037,41.987667]]}},{"type":"Feature","properties":{"id":"wat-b14","kind":"water","name":"Creek","acres":null,"editable":false,"source":"USGS 3DHP flowlines (Channel Line)"},"geometry":{"type":"LineString","coordinates":[[-111.251298,41.956369],[-111.251518,41.956814],[-111.251708,41.958324],[-111.251899,41.958686],[-111.252325,41.958972],[-111.253472,41.959357],[-111.254422,41.959242],[-111.255113,41.959286],[-111.255363,41.95938],[-111.255679,41.95972],[-111.256047,41.959962],[-111.256517,41.960177],[-111.257304,41.959957],[-111.25815,41.960046],[-111.259658,41.960491],[-111.259952,41.960678]]}},{"type":"Feature","properties":{"id":"wat-b15","kind":"water","name":"Creek","acres":null,"editable":false,"source":"USGS 3DHP flowlines (Channel Line)"},"geometry":{"type":"LineString","coordinates":[[-111.259989,41.889719],[-111.259658,41.890048],[-111.259569,41.890422],[-111.259356,41.890735],[-111.257922,41.892107],[-111.257451,41.892266],[-111.255724,41.892622],[-111.254563,41.892775],[-111.253901,41.893055],[-111.25299,41.89374],[-111.252321,41.893822],[-111.252093,41.893921]]}},{"type":"Feature","properties":{"id":"wat-b16","kind":"water","name":"Creek","acres":null,"editable":false,"source":"USGS 3DHP flowlines (Channel Line)"},"geometry":{"type":"LineString","coordinates":[[-111.144472,41.950131],[-111.144553,41.95096],[-111.144773,41.951262],[-111.145464,41.951531],[-111.146612,41.951718],[-111.147604,41.951971],[-111.147972,41.951982],[-111.148848,41.951747],[-111.149399,41.951703],[-111.150216,41.951818],[-111.151495,41.952269],[-111.152356,41.952154],[-111.153121,41.952434],[-111.154496,41.952297],[-111.156762,41.95238],[-111.157277,41.952309],[-111.157872,41.952479],[-111.158203,41.952836],[-111.158225,41.953084],[-111.157776,41.954928],[-111.158121,41.955307],[-111.158379,41.955357],[-111.158489,41.955461]]}},{"type":"Feature","properties":{"id":"wat-b17","kind":"water","name":"Creek","acres":null,"editable":false,"source":"USGS 3DHP flowlines (Channel Line)"},"geometry":{"type":"LineString","coordinates":[[-111.207949,41.930629],[-111.20847,41.929805],[-111.208603,41.929317],[-111.208382,41.928279],[-111.208411,41.927516],[-111.208271,41.926742],[-111.207955,41.925913],[-111.208543,41.925407],[-111.208682,41.925193],[-111.208675,41.924897],[-111.208859,41.924617],[-111.209093,41.923337],[-111.208777,41.922475],[-111.208027,41.922141],[-111.20788,41.921971],[-111.206953,41.921515],[-111.206424,41.921328],[-111.206123,41.921059],[-111.206085,41.920038],[-111.206556,41.91933]]}},{"type":"Feature","properties":{"id":"wat-b18","kind":"water","name":"Creek","acres":null,"editable":false,"source":"USGS 3DHP flowlines (Channel Line)"},"geometry":{"type":"LineString","coordinates":[[-111.238355,41.998371],[-111.238377,41.998031],[-111.238509,41.997816],[-111.24004,41.997201],[-111.240297,41.996987],[-111.240406,41.995773],[-111.240943,41.995136],[-111.24156,41.993911],[-111.242641,41.992368],[-111.243472,41.991363],[-111.243619,41.991204],[-111.244575,41.990654],[-111.244869,41.990138],[-111.245215,41.989923],[-111.245295,41.989336],[-111.245935,41.988353],[-111.246148,41.988215],[-111.246295,41.987897]]}},{"type":"Feature","properties":{"id":"wat-b19","kind":"water","name":"Creek","acres":null,"editable":false,"source":"USGS 3DHP flowlines (Channel Line)"},"geometry":{"type":"LineString","coordinates":[[-111.189566,41.920023],[-111.190764,41.920413],[-111.191279,41.920797],[-111.191551,41.920891]]}},{"type":"Feature","properties":{"id":"wat-b20","kind":"water","name":"Sheeppen Creek","acres":null,"editable":false,"source":"USGS 3DHP flowlines (Channel Line)"},"geometry":{"type":"LineString","coordinates":[[-111.158489,41.955461],[-111.158364,41.955823],[-111.157561,41.956987],[-111.157348,41.957519],[-111.156406,41.958639],[-111.156156,41.958777]]}},{"type":"Feature","properties":{"id":"wat-b21","kind":"water","name":"Creek","acres":null,"editable":false,"source":"USGS 3DHP flowlines (Channel Line)"},"geometry":{"type":"LineString","coordinates":[[-111.238843,41.983064],[-111.239307,41.98347],[-111.240117,41.983722],[-111.240566,41.983672],[-111.241007,41.983979],[-111.241574,41.984237],[-111.241832,41.984479],[-111.242112,41.985039],[-111.242502,41.985478],[-111.242569,41.985697],[-111.242871,41.985906],[-111.243592,41.986207]]}},{"type":"Feature","properties":{"id":"wat-b22","kind":"water","name":"Creek","acres":null,"editable":false,"source":"USGS 3DHP flowlines (Channel Line)"},"geometry":{"type":"LineString","coordinates":[[-111.229445,42.016325],[-111.230439,42.016825],[-111.231875,42.017077],[-111.233149,42.01717],[-111.233981,42.017026],[-111.234297,42.017043],[-111.234879,42.017273],[-111.235895,42.017245],[-111.236403,42.017377],[-111.237221,42.01775],[-111.237957,42.017777],[-111.238245,42.01798],[-111.240609,42.018638]]}},{"type":"Feature","properties":{"id":"wat-b23","kind":"water","name":"Creek","acres":null,"editable":false,"source":"USGS 3DHP flowlines (Channel Line)"},"geometry":{"type":"LineString","coordinates":[[-111.213733,42.091043],[-111.21282,42.091537],[-111.212289,42.091587],[-111.211589,42.091532],[-111.210866,42.09134],[-111.208595,42.090391],[-111.207608,42.090199],[-111.2069,42.090215],[-111.206332,42.090138],[-111.20561,42.089793],[-111.205226,42.089754],[-111.204895,42.089573],[-111.201917,42.0888],[-111.201452,42.08875],[-111.200966,42.088564],[-111.200251,42.088514],[-111.199572,42.088031]]}},{"type":"Feature","properties":{"id":"wat-b24","kind":"water","name":"Creek","acres":null,"editable":false,"source":"USGS 3DHP flowlines (Channel Line)"},"geometry":{"type":"LineString","coordinates":[[-111.196187,41.899263],[-111.196798,41.899357],[-111.197503,41.899763],[-111.200127,41.899323],[-111.202537,41.899587],[-111.204911,41.899197],[-111.205286,41.899235],[-111.205727,41.899482],[-111.206183,41.899625]]}},{"type":"Feature","properties":{"id":"wat-b25","kind":"water","name":"Creek","acres":null,"editable":false,"source":"USGS 3DHP flowlines (Channel Line)"},"geometry":{"type":"LineString","coordinates":[[-111.244861,41.864522],[-111.242106,41.863952],[-111.239351,41.863542],[-111.236927,41.863581],[-111.235274,41.863351],[-111.234716,41.86334]]}},{"type":"Feature","properties":{"id":"wat-b26","kind":"water","name":"Creek","acres":null,"editable":false,"source":"USGS 3DHP flowlines (Channel Line)"},"geometry":{"type":"LineString","coordinates":[[-111.249046,41.986715],[-111.249745,41.986951],[-111.250342,41.987417]]}},{"type":"Feature","properties":{"id":"wat-b27","kind":"water","name":"Creek","acres":null,"editable":false,"source":"USGS 3DHP flowlines (Channel Line)"},"geometry":{"type":"LineString","coordinates":[[-111.218968,42.046965],[-111.219152,42.046888],[-111.219262,42.046658],[-111.219623,42.046542],[-111.221281,42.046602],[-111.221759,42.046706],[-111.222754,42.046536],[-111.223233,42.046695],[-111.224109,42.046717],[-111.224934,42.046617],[-111.225413,42.046755],[-111.226422,42.046765],[-111.226739,42.046875],[-111.227196,42.047358],[-111.227292,42.048022],[-111.227204,42.048269],[-111.227271,42.048527],[-111.227543,42.04884],[-111.227521,42.049065],[-111.227728,42.049576],[-111.228362,42.050174],[-111.229718,42.051013],[-111.229725,42.051348],[-111.23019,42.052326],[-111.230272,42.053001],[-111.230176,42.053479],[-111.230228,42.054132],[-111.230509,42.054516]]}},{"type":"Feature","properties":{"id":"wat-b28","kind":"water","name":"Indian Creek","acres":null,"editable":false,"source":"USGS 3DHP flowlines (Channel Line)"},"geometry":{"type":"LineString","coordinates":[[-111.230248,42.095359],[-111.23058,42.095391],[-111.231162,42.095287],[-111.231612,42.095375],[-111.232261,42.095632],[-111.233138,42.095445],[-111.233941,42.094616],[-111.234346,42.09444],[-111.234995,42.09461],[-111.236477,42.094527],[-111.237642,42.094658],[-111.239456,42.095366],[-111.240326,42.095546],[-111.241269,42.095524],[-111.242272,42.095436],[-111.243473,42.094881],[-111.244498,42.0946],[-111.245124,42.09432],[-111.245433,42.094287]]}},{"type":"Feature","properties":{"id":"wat-b29","kind":"water","name":"Creek","acres":null,"editable":false,"source":"USGS 3DHP flowlines (Channel Line)"},"geometry":{"type":"LineString","coordinates":[[-111.230595,41.930288],[-111.231059,41.930123],[-111.231647,41.930046],[-111.232293,41.929655],[-111.232757,41.929534],[-111.233484,41.928837],[-111.233947,41.928035],[-111.23413,41.927085],[-111.234151,41.925993],[-111.233577,41.92473],[-111.233621,41.924412],[-111.234105,41.923824],[-111.234649,41.923588],[-111.23534,41.922873],[-111.235773,41.922593],[-111.236273,41.922439],[-111.237008,41.921259],[-111.238094,41.919128],[-111.238659,41.918359],[-111.239262,41.917936],[-111.239534,41.917859]]}},{"type":"Feature","properties":{"id":"wat-b30","kind":"water","name":"Creek","acres":null,"editable":false,"source":"USGS 3DHP flowlines (Channel Line)"},"geometry":{"type":"LineString","coordinates":[[-111.17731,41.884225],[-111.175752,41.883412],[-111.173408,41.883253],[-111.172821,41.883077],[-111.171469,41.882956],[-111.170874,41.882594],[-111.169845,41.882418],[-111.168545,41.881819],[-111.167979,41.881638],[-111.167171,41.881489],[-111.165062,41.881341],[-111.162388,41.880863],[-111.161543,41.880396],[-111.160566,41.87972],[-111.159075,41.878913],[-111.158231,41.878764],[-111.156908,41.878709],[-111.156651,41.878577],[-111.155954,41.877435],[-111.15613,41.877029],[-111.15605,41.876584],[-111.155029,41.875475],[-111.154059,41.875507],[-111.153809,41.875699],[-111.153538,41.875727]]}},{"type":"Feature","properties":{"id":"wat-b31","kind":"water","name":"Creek","acres":null,"editable":false,"source":"USGS 3DHP flowlines (Channel Line)"},"geometry":{"type":"LineString","coordinates":[[-111.234942,42.011761],[-111.235589,42.011667],[-111.236561,42.011376],[-111.237142,42.011046],[-111.237297,42.010848],[-111.237546,42.00969],[-111.237531,42.009262],[-111.23792,42.007894],[-111.237713,42.007027],[-111.237846,42.006884],[-111.238397,42.005445],[-111.238595,42.005127],[-111.238897,42.004869],[-111.238948,42.004605],[-111.239206,42.004424],[-111.239603,42.003726],[-111.239625,42.003529],[-111.239507,42.003243],[-111.239735,42.003051],[-111.239822,42.002123],[-111.239594,42.001651],[-111.24002,42.00058],[-111.239953,42.000245],[-111.240034,41.999759],[-111.239349,41.998942],[-111.238929,41.998634],[-111.238355,41.998371]]}},{"type":"Feature","properties":{"id":"wat-b32","kind":"water","name":"Creek","acres":null,"editable":false,"source":"USGS 3DHP flowlines (Channel Line)"},"geometry":{"type":"LineString","coordinates":[[-111.445041,42.015045],[-111.443385,42.015528],[-111.441581,42.015671],[-111.440219,42.015589],[-111.439203,42.015677],[-111.43868,42.015605],[-111.437833,42.015611],[-111.436567,42.015786],[-111.435956,42.015699],[-111.435374,42.015775],[-111.43307,42.016352],[-111.432253,42.016302],[-111.430876,42.016418],[-111.430537,42.016335],[-111.430081,42.016357],[-111.42944,42.016599],[-111.42888,42.017076],[-111.427665,42.017477],[-111.425756,42.017482],[-111.423549,42.017839],[-111.421265,42.017922],[-111.420233,42.018172],[-111.419817,42.018179]]}},{"type":"Feature","properties":{"id":"wat-b33","kind":"water","name":"Creek","acres":null,"editable":false,"source":"USGS 3DHP flowlines (Channel Line)"},"geometry":{"type":"LineString","coordinates":[[-111.20856,42.049932],[-111.209525,42.049806],[-111.210976,42.049399],[-111.211867,42.04902],[-111.212773,42.048526],[-111.213694,42.048372],[-111.215042,42.047883],[-111.215896,42.047685],[-111.216139,42.047691],[-111.216906,42.047932],[-111.217384,42.047904],[-111.218194,42.046998],[-111.218378,42.046894],[-111.218496,42.046921]]}},{"type":"Feature","properties":{"id":"wat-b34","kind":"water","name":"Creek","acres":null,"editable":false,"source":"USGS 3DHP flowlines (Channel Line)"},"geometry":{"type":"LineString","coordinates":[[-111.221451,42.03415],[-111.222121,42.033617],[-111.222179,42.032568],[-111.222878,42.031756],[-111.223578,42.031366],[-111.224218,42.031256],[-111.225478,42.031381],[-111.226067,42.031244],[-111.226855,42.031332],[-111.22768,42.031205],[-111.228394,42.031452],[-111.228711,42.031743],[-111.229263,42.031929],[-111.229544,42.032182],[-111.23053,42.032318],[-111.23081,42.03262],[-111.231311,42.032917],[-111.231732,42.033394],[-111.232129,42.033614],[-111.232652,42.033646],[-111.232969,42.03391],[-111.234015,42.034255],[-111.234892,42.034304],[-111.235238,42.034222],[-111.235658,42.034271],[-111.236814,42.034051],[-111.237756,42.034056],[-111.237955,42.034155],[-111.238795,42.034182],[-111.239362,42.034324]]}},{"type":"Feature","properties":{"id":"wat-b35","kind":"water","name":"Creek","acres":null,"editable":false,"source":"USGS 3DHP flowlines (Channel Line)"},"geometry":{"type":"LineString","coordinates":[[-111.261151,42.106368],[-111.261615,42.106538],[-111.262293,42.106505],[-111.262692,42.106204],[-111.263039,42.10571],[-111.263562,42.105194],[-111.263902,42.104974],[-111.264086,42.104722]]}},{"type":"Feature","properties":{"id":"wat-b36","kind":"water","name":"Creek","acres":null,"editable":false,"source":"USGS 3DHP flowlines (Channel Line)"},"geometry":{"type":"LineString","coordinates":[[-111.459326,41.983677],[-111.458807,41.983855],[-111.457899,41.983931],[-111.457449,41.983906],[-111.456198,41.983654],[-111.455679,41.983638],[-111.454687,41.983899],[-111.45294,41.984176],[-111.452008,41.984138],[-111.450598,41.983786],[-111.449929,41.983869],[-111.449003,41.983678],[-111.448385,41.983865],[-111.447165,41.98406],[-111.445867,41.984712],[-111.44557,41.984776],[-111.445203,41.984728],[-111.444967,41.984563],[-111.444673,41.983812],[-111.444387,41.983372],[-111.443479,41.982758],[-111.442457,41.982586],[-111.441226,41.982542],[-111.440275,41.982703],[-111.439229,41.983049],[-111.438466,41.983151]]}},{"type":"Feature","properties":{"id":"wat-b37","kind":"water","name":"Creek","acres":null,"editable":false,"source":"USGS 3DHP flowlines (Channel Line)"},"geometry":{"type":"LineString","coordinates":[[-111.154374,41.864576],[-111.154021,41.864604],[-111.153404,41.864916],[-111.15303,41.864955],[-111.152023,41.864696],[-111.149526,41.864503]]}},{"type":"Feature","properties":{"id":"wat-b38","kind":"water","name":"Creek","acres":null,"editable":false,"source":"USGS 3DHP flowlines (Channel Line)"},"geometry":{"type":"LineString","coordinates":[[-111.192285,42.020709],[-111.191866,42.019518],[-111.192013,42.019073],[-111.191895,42.018612],[-111.191674,42.018425],[-111.189443,42.018123],[-111.188405,42.01786],[-111.18814,42.017602],[-111.187322,42.017294],[-111.186557,42.017294],[-111.18596,42.017503],[-111.185423,42.017289],[-111.184974,42.017223],[-111.184392,42.017289],[-111.18261,42.018173],[-111.182087,42.018585],[-111.181358,42.018963],[-111.181086,42.018584],[-111.181204,42.018431],[-111.18102,42.018359],[-111.181108,42.018244]]}},{"type":"Feature","properties":{"id":"wat-b39","kind":"water","name":"Creek","acres":null,"editable":false,"source":"USGS 3DHP flowlines (Channel Line)"},"geometry":{"type":"LineString","coordinates":[[-111.233161,41.98227],[-111.232352,41.982462]]}},{"type":"Feature","properties":{"id":"wat-b40","kind":"water","name":"Creek","acres":null,"editable":false,"source":"USGS 3DHP flowlines (Channel Line)"},"geometry":{"type":"LineString","coordinates":[[-111.219223,41.889343],[-111.218467,41.890837],[-111.217967,41.891496],[-111.217108,41.892413],[-111.216109,41.893237],[-111.215631,41.893808]]}},{"type":"Feature","properties":{"id":"wat-b41","kind":"water","name":"Creek","acres":null,"editable":false,"source":"USGS 3DHP flowlines (Channel Line)"},"geometry":{"type":"LineString","coordinates":[[-111.198643,41.904089],[-111.199657,41.904561],[-111.199973,41.904896],[-111.200142,41.905259],[-111.200503,41.905621],[-111.200635,41.906318],[-111.200885,41.906922],[-111.201282,41.907334],[-111.201936,41.907746],[-111.203149,41.90819],[-111.204105,41.908322],[-111.204561,41.90813],[-111.204847,41.908102],[-111.205178,41.907855],[-111.205884,41.907783],[-111.206832,41.907399],[-111.207853,41.907135],[-111.208059,41.907146]]}},{"type":"Feature","properties":{"id":"wat-b42","kind":"water","name":"Creek","acres":null,"editable":false,"source":"USGS 3DHP flowlines (Channel Line)"},"geometry":{"type":"LineString","coordinates":[[-111.19368,41.965616],[-111.193224,41.966692],[-111.192966,41.967043],[-111.190958,41.968811],[-111.1907,41.968916],[-111.18931,41.970338],[-111.187883,41.970947],[-111.187029,41.971189],[-111.186705,41.971387],[-111.186411,41.971754],[-111.186293,41.972172],[-111.185145,41.973402],[-111.183961,41.974],[-111.18285,41.97501],[-111.182246,41.975252]]}},{"type":"Feature","properties":{"id":"wat-b43","kind":"water","name":"Creek","acres":null,"editable":false,"source":"USGS 3DHP flowlines (Channel Line)"},"geometry":{"type":"LineString","coordinates":[[-111.16899,42.061084],[-111.168408,42.061282],[-111.167325,42.06188],[-111.16678,42.062023],[-111.166109,42.062324],[-111.165792,42.062555],[-111.163316,42.063488],[-111.163066,42.063631],[-111.162365,42.064465],[-111.161555,42.064668],[-111.160611,42.064717],[-111.160081,42.064975],[-111.15913,42.065249],[-111.158636,42.065798],[-111.158341,42.065924],[-111.157339,42.066654],[-111.157243,42.066847],[-111.156712,42.067291],[-111.156285,42.067966],[-111.155496,42.068927],[-111.15551,42.069558],[-111.155355,42.06975],[-111.155385,42.070267],[-111.155215,42.070733],[-111.15458,42.071974],[-111.154543,42.072204],[-111.154248,42.072649],[-111.154241,42.073006],[-111.154056,42.073138],[-111.153916,42.073407],[-111.153688,42.073544],[-111.153665,42.074043],[-111.153245,42.074812],[-111.152839,42.07513],[-111.152522,42.075943],[-111.152588,42.07647]]}},{"type":"Feature","properties":{"id":"wat-b44","kind":"water","name":"Creek","acres":null,"editable":false,"source":"USGS 3DHP flowlines (Channel Line)"},"geometry":{"type":"LineString","coordinates":[[-111.208059,41.907146],[-111.208677,41.907624],[-111.209868,41.908134],[-111.210551,41.908222],[-111.211088,41.90859],[-111.212073,41.908787]]}},{"type":"Feature","properties":{"id":"wat-b45","kind":"water","name":"Creek","acres":null,"editable":false,"source":"USGS 3DHP flowlines (Channel Line)"},"geometry":{"type":"LineString","coordinates":[[-111.225116,42.005055],[-111.226095,42.004901],[-111.22622,42.004797],[-111.226706,42.004665],[-111.226964,42.004434]]}},{"type":"Feature","properties":{"id":"wat-b46","kind":"water","name":"Creek","acres":null,"editable":false,"source":"USGS 3DHP flowlines (Channel Line)"},"geometry":{"type":"LineString","coordinates":[[-111.232414,42.029325],[-111.233289,42.027585],[-111.233318,42.027074],[-111.233494,42.026487],[-111.234664,42.025635],[-111.235437,42.024323],[-111.235326,42.023724],[-111.235392,42.0229],[-111.235627,42.022104],[-111.235611,42.021132],[-111.235692,42.020918]]}},{"type":"Feature","properties":{"id":"wat-b47","kind":"water","name":"Creek","acres":null,"editable":false,"source":"USGS 3DHP flowlines (Channel Line)"},"geometry":{"type":"LineString","coordinates":[[-111.437505,41.914349],[-111.436543,41.914289],[-111.434499,41.914306],[-111.433926,41.914371],[-111.433248,41.914572],[-111.432355,41.914724],[-111.429555,41.915554],[-111.428982,41.915835],[-111.428288,41.91632],[-111.427311,41.916756],[-111.426953,41.916816],[-111.426144,41.916792],[-111.425793,41.916653],[-111.425572,41.916438],[-111.425335,41.915736],[-111.425236,41.914971],[-111.424428,41.913299],[-111.423931,41.91276],[-111.423405,41.912357],[-111.422955,41.911593],[-111.422718,41.911432],[-111.422291,41.911357],[-111.421643,41.911391],[-111.420574,41.911255]]}},{"type":"Feature","properties":{"id":"wat-b48","kind":"water","name":"Creek","acres":null,"editable":false,"source":"USGS 3DHP flowlines (Channel Line)"},"geometry":{"type":"LineString","coordinates":[[-111.405507,41.964759],[-111.404888,41.964793],[-111.404041,41.964499],[-111.403286,41.963993],[-111.402393,41.962992],[-111.400707,41.96234],[-111.399913,41.962199]]}},{"type":"Feature","properties":{"id":"wat-b49","kind":"water","name":"Creek","acres":null,"editable":false,"source":"USGS 3DHP flowlines (Channel Line)"},"geometry":{"type":"LineString","coordinates":[[-111.39155,42.149464],[-111.391485,42.14971]]}},{"type":"Feature","properties":{"id":"wat-b50","kind":"water","name":"Little Creek","acres":null,"editable":false,"source":"USGS 3DHP flowlines (Channel Line)"},"geometry":{"type":"LineString","coordinates":[[-111.220588,41.944357],[-111.220889,41.943951],[-111.221301,41.943676],[-111.222117,41.943522],[-111.222352,41.943363],[-111.223036,41.943165],[-111.223705,41.942863],[-111.224536,41.942687],[-111.225147,41.94239],[-111.22586,41.942193],[-111.22758,41.940913],[-111.228109,41.940221],[-111.228925,41.939391]]}},{"type":"Feature","properties":{"id":"wat-b51","kind":"water","name":"Creek","acres":null,"editable":false,"source":"USGS 3DHP flowlines (Channel Line)"},"geometry":{"type":"LineString","coordinates":[[-111.212073,41.908787],[-111.213043,41.909654],[-111.213426,41.91017],[-111.213529,41.910461],[-111.213397,41.911027],[-111.213581,41.911493]]}},{"type":"Feature","properties":{"id":"wat-b52","kind":"water","name":"Creek","acres":null,"editable":false,"source":"USGS 3DHP flowlines (Channel Line)"},"geometry":{"type":"LineString","coordinates":[[-111.217063,42.135876],[-111.215611,42.136474],[-111.215006,42.136491]]}},{"type":"Feature","properties":{"id":"wat-b53","kind":"water","name":"Creek","acres":null,"editable":false,"source":"USGS 3DHP flowlines (Channel Line)"},"geometry":{"type":"LineString","coordinates":[[-111.181809,42.082668],[-111.181757,42.083332],[-111.18161,42.083486],[-111.181248,42.083541],[-111.181071,42.0837],[-111.180872,42.083694],[-111.180703,42.083799],[-111.180614,42.084035],[-111.180452,42.084156],[-111.179988,42.084227],[-111.179789,42.084134],[-111.179501,42.084238]]}},{"type":"Feature","properties":{"id":"wat-b54","kind":"water","name":"Sixmile Creek","acres":null,"editable":false,"source":"USGS 3DHP flowlines (Channel Line)"},"geometry":{"type":"LineString","coordinates":[[-111.189874,41.852101],[-111.189646,41.85204],[-111.189506,41.852205],[-111.189345,41.851969],[-111.18911,41.851919],[-111.188706,41.852139],[-111.188559,41.851985],[-111.188243,41.851886],[-111.188221,41.85181],[-111.187729,41.851744],[-111.187509,41.851941],[-111.187399,41.851848],[-111.186907,41.85176],[-111.186679,41.851952],[-111.186473,41.851832],[-111.185974,41.851963],[-111.18568,41.851799],[-111.185218,41.851821],[-111.1851,41.851958],[-111.18477,41.851821],[-111.184219,41.851843],[-111.183954,41.851777],[-111.183661,41.851848],[-111.183595,41.851952],[-111.183081,41.851996],[-111.182654,41.851892],[-111.182214,41.851985],[-111.181986,41.851963],[-111.181575,41.851782],[-111.181369,41.851837],[-111.181156,41.851727],[-111.180679,41.85165],[-111.180349,41.851853],[-111.180018,41.851897],[-111.179945,41.851974],[-111.179504,41.85187],[-111.17924,41.851963],[-111.179012,41.851782],[-111.178623,41.851892],[-111.178483,41.85182],[-111.17827,41.851903],[-111.178057,41.851864],[-111.177932,41.851952],[-111.177698,41.85176],[-111.177213,41.85193],[-111.176625,41.85182],[-111.176486,41.851952],[-111.176243,41.851941],[-111.176118,41.852012],[-111.175972,41.851963],[-111.175648,41.852128],[-111.175215,41.851979],[-111.174965,41.85204],[-111.174378,41.852018],[-111.174136,41.852111],[-111.173981,41.852056],[-111.173908,41.851831],[-111.17371,41.85193],[-111.173526,41.85188],[-111.173174,41.851957],[-111.172902,41.851858],[-111.172256,41.852089],[-111.172197,41.852369],[-111.172028,41.852435],[-111.171617,41.852308],[-111.171514,41.852413],[-111.171147,41.852396],[-111.171147,41.8525],[-111.17097,41.852555]]}},{"type":"Feature","properties":{"id":"wat-b55","kind":"water","name":"Creek","acres":null,"editable":false,"source":"USGS 3DHP flowlines (Channel Line)"},"geometry":{"type":"LineString","coordinates":[[-111.215142,42.057436],[-111.216055,42.05709],[-111.216637,42.056975],[-111.217683,42.0572],[-111.21845,42.057227],[-111.21971,42.057506],[-111.221257,42.058181],[-111.222583,42.058357],[-111.223062,42.058581],[-111.224182,42.058746],[-111.224949,42.05863],[-111.225206,42.058652],[-111.22612,42.05824],[-111.226679,42.057658],[-111.227026,42.057499],[-111.227718,42.057367],[-111.228337,42.057575],[-111.228624,42.057547],[-111.229376,42.057761],[-111.230231,42.057662],[-111.231756,42.057716]]}},{"type":"Feature","properties":{"id":"wat-b56","kind":"water","name":"Creek","acres":null,"editable":false,"source":"USGS 3DHP flowlines (Channel Line)"},"geometry":{"type":"LineString","coordinates":[[-111.152691,41.852206],[-111.15206,41.851591],[-111.151598,41.851371],[-111.14938,41.85159],[-111.148807,41.851738],[-111.148271,41.851694]]}},{"type":"Feature","properties":{"id":"wat-b57","kind":"water","name":"Creek","acres":null,"editable":false,"source":"USGS 3DHP flowlines (Channel Line)"},"geometry":{"type":"LineString","coordinates":[[-111.436368,41.876984],[-111.435895,41.876941],[-111.434521,41.877522],[-111.433926,41.877462],[-111.433514,41.877283],[-111.432484,41.876571],[-111.431073,41.875099],[-111.430615,41.874434],[-111.430325,41.874219],[-111.429661,41.874114],[-111.429356,41.874191],[-111.428158,41.874128],[-111.426457,41.874301],[-111.425602,41.874115],[-111.423802,41.873564],[-111.423718,41.873469]]}},{"type":"Feature","properties":{"id":"wat-b58","kind":"water","name":"Creek","acres":null,"editable":false,"source":"USGS 3DHP flowlines (Channel Line)"},"geometry":{"type":"LineString","coordinates":[[-111.444155,42.085509],[-111.443015,42.086067],[-111.441733,42.087023],[-111.441272,42.087505],[-111.440774,42.088209],[-111.440454,42.088404],[-111.439035,42.089082],[-111.437458,42.089653],[-111.436979,42.089719]]}},{"type":"Feature","properties":{"id":"wat-b59","kind":"water","name":"Creek","acres":null,"editable":false,"source":"USGS 3DHP flowlines (Channel Line)"},"geometry":{"type":"LineString","coordinates":[[-111.419238,42.045317],[-111.418977,42.044791],[-111.418796,42.044134],[-111.417011,42.043483],[-111.416523,42.043382],[-111.413998,42.043587],[-111.413836,42.043702],[-111.413571,42.043669],[-111.412952,42.043916],[-111.410712,42.044212],[-111.410425,42.044355],[-111.409983,42.04441],[-111.408606,42.04434],[-111.407906,42.044113],[-111.407586,42.044082],[-111.407286,42.044107],[-111.406984,42.044267],[-111.406779,42.044284],[-111.406693,42.044379],[-111.405519,42.044544],[-111.404841,42.044401],[-111.40458,42.043911],[-111.404165,42.043459]]}},{"type":"Feature","properties":{"id":"wat-b60","kind":"water","name":"Creek","acres":null,"editable":false,"source":"USGS 3DHP flowlines (Channel Line)"},"geometry":{"type":"LineString","coordinates":[[-111.423121,42.130671],[-111.422755,42.130644],[-111.420898,42.131],[-111.419761,42.130965],[-111.418386,42.131074],[-111.417381,42.130868]]}},{"type":"Feature","properties":{"id":"wat-b61","kind":"water","name":"Creek","acres":null,"editable":false,"source":"USGS 3DHP flowlines (Channel Line)"},"geometry":{"type":"LineString","coordinates":[[-111.238949,41.894464],[-111.239427,41.894991],[-111.239626,41.895364],[-111.239678,41.895809],[-111.239458,41.896539],[-111.239495,41.896699],[-111.239966,41.898093],[-111.240496,41.898938],[-111.24099,41.90064],[-111.241115,41.900882],[-111.242057,41.901952],[-111.242454,41.902254]]}},{"type":"Feature","properties":{"id":"wat-b62","kind":"water","name":"Currant Creek","acres":null,"editable":false,"source":"USGS 3DHP flowlines (Channel Line)"},"geometry":{"type":"LineString","coordinates":[[-111.216314,41.9577],[-111.215652,41.958244],[-111.21499,41.958393],[-111.213879,41.959189],[-111.213107,41.959573],[-111.211732,41.960469],[-111.211033,41.961018],[-111.210489,41.961128],[-111.209797,41.961776],[-111.207863,41.962485],[-111.207547,41.962496]]}},{"type":"Feature","properties":{"id":"wat-b63","kind":"water","name":"Creek","acres":null,"editable":false,"source":"USGS 3DHP flowlines (Channel Line)"},"geometry":{"type":"LineString","coordinates":[[-111.212314,42.023583],[-111.212498,42.023298],[-111.21255,42.022897],[-111.21241,42.022579],[-111.211835,42.022183],[-111.211276,42.022046],[-111.210488,42.021706],[-111.210053,42.021031],[-111.209906,42.02057],[-111.209169,42.019708],[-111.208859,42.019071],[-111.208859,42.018703],[-111.207961,42.017144],[-111.207968,42.016622],[-111.208159,42.016156],[-111.20866,42.015513],[-111.209528,42.01486],[-111.210021,42.014645],[-111.210478,42.014717],[-111.211008,42.014656],[-111.211869,42.014727],[-111.215006,42.014359],[-111.216213,42.014062],[-111.216875,42.014013],[-111.217383,42.013831],[-111.217766,42.013595],[-111.218201,42.01348]]}},{"type":"Feature","properties":{"id":"wat-b64","kind":"water","name":"Creek","acres":null,"editable":false,"source":"USGS 3DHP flowlines (Channel Line)"},"geometry":{"type":"LineString","coordinates":[[-111.419817,42.018179],[-111.418703,42.018243]]}},{"type":"Feature","properties":{"id":"wat-b65","kind":"water","name":"Creek","acres":null,"editable":false,"source":"USGS 3DHP flowlines (Channel Line)"},"geometry":{"type":"LineString","coordinates":[[-111.195207,41.938724],[-111.192935,41.939377],[-111.189942,41.940514],[-111.188125,41.940953],[-111.186257,41.941799],[-111.184323,41.942869],[-111.181565,41.943973],[-111.180616,41.944472]]}},{"type":"Feature","properties":{"id":"wat-b66","kind":"water","name":"Cheney Creek","acres":null,"editable":false,"source":"USGS 3DHP flowlines (Channel Line)"},"geometry":{"type":"LineString","coordinates":[[-111.444593,41.88037],[-111.442853,41.879891],[-111.441419,41.879806],[-111.440625,41.879886],[-111.439939,41.880118],[-111.439229,41.880531],[-111.438207,41.881579],[-111.437337,41.881889],[-111.436788,41.881959],[-111.434567,41.881918],[-111.433362,41.882093],[-111.432545,41.882349],[-111.431065,41.882638],[-111.429562,41.882508]]}},{"type":"Feature","properties":{"id":"wat-b67","kind":"water","name":"Creek","acres":null,"editable":false,"source":"USGS 3DHP flowlines (Channel Line)"},"geometry":{"type":"LineString","coordinates":[[-111.234501,41.982187],[-111.234044,41.982242],[-111.233875,41.982336],[-111.233721,41.982605]]}},{"type":"Feature","properties":{"id":"wat-b68","kind":"water","name":"Creek","acres":null,"editable":false,"source":"USGS 3DHP flowlines (Channel Line)"},"geometry":{"type":"LineString","coordinates":[[-111.272719,41.874263],[-111.273138,41.874301],[-111.273828,41.874219],[-111.275019,41.873616],[-111.275599,41.873457],[-111.277678,41.874061],[-111.278104,41.874253],[-111.278691,41.874297],[-111.279808,41.874139],[-111.280837,41.874194],[-111.282387,41.874655],[-111.283114,41.874749],[-111.284032,41.874777],[-111.285494,41.874513],[-111.287007,41.874799]]}},{"type":"Feature","properties":{"id":"wat-b69","kind":"water","name":"Creek","acres":null,"editable":false,"source":"USGS 3DHP flowlines (Channel Line)"},"geometry":{"type":"LineString","coordinates":[[-111.184496,42.128034],[-111.184739,42.127556],[-111.184673,42.126925],[-111.184754,42.126502],[-111.185101,42.126129],[-111.185263,42.125799],[-111.185153,42.12508],[-111.184711,42.124778],[-111.184689,42.124647],[-111.184806,42.124487],[-111.185315,42.124356],[-111.185596,42.124048],[-111.185714,42.12334],[-111.185544,42.123126],[-111.183745,42.121764],[-111.18356,42.121495],[-111.183103,42.119974]]}},{"type":"Feature","properties":{"id":"wat-b70","kind":"water","name":"Creek","acres":null,"editable":false,"source":"USGS 3DHP flowlines (Channel Line)"},"geometry":{"type":"LineString","coordinates":[[-111.175974,42.143642],[-111.175605,42.143379],[-111.175532,42.143148],[-111.175657,42.142758],[-111.175709,42.141896],[-111.176152,42.140573],[-111.174957,42.139217]]}},{"type":"Feature","properties":{"id":"wat-b71","kind":"water","name":"Creek","acres":null,"editable":false,"source":"USGS 3DHP flowlines (Channel Line)"},"geometry":{"type":"LineString","coordinates":[[-111.187786,42.072917],[-111.187808,42.073137],[-111.18758,42.073197],[-111.187543,42.073417],[-111.187351,42.073505],[-111.187359,42.073812],[-111.187167,42.073911],[-111.187056,42.074081],[-111.186806,42.074158],[-111.186747,42.074394],[-111.186533,42.074559],[-111.186548,42.074762],[-111.186356,42.074872],[-111.186364,42.075124],[-111.186032,42.075261],[-111.185781,42.075629],[-111.185583,42.075635],[-111.184588,42.076601],[-111.184654,42.076859],[-111.184425,42.077397],[-111.184418,42.078067],[-111.183983,42.078363],[-111.184049,42.078726],[-111.18399,42.079165],[-111.183637,42.079599],[-111.183224,42.07978],[-111.18304,42.080329],[-111.182782,42.080675],[-111.182819,42.081175],[-111.182737,42.081361],[-111.182502,42.081449],[-111.181809,42.082668]]}},{"type":"Feature","properties":{"id":"wat-b72","kind":"water","name":"Creek","acres":null,"editable":false,"source":"USGS 3DHP flowlines (Channel Line)"},"geometry":{"type":"LineString","coordinates":[[-111.44543,42.114435],[-111.445034,42.114851],[-111.444793,42.114857],[-111.444262,42.115156],[-111.443591,42.115365],[-111.443359,42.115294],[-111.442797,42.115383],[-111.442556,42.115205],[-111.442235,42.115187],[-111.442024,42.115086],[-111.441463,42.115133]]}},{"type":"Feature","properties":{"id":"wat-b73","kind":"water","name":"Creek","acres":null,"editable":false,"source":"USGS 3DHP flowlines (Channel Line)"},"geometry":{"type":"LineString","coordinates":[[-111.452301,42.088001],[-111.450495,42.088022],[-111.447702,42.088508],[-111.447125,42.088445],[-111.446145,42.088466],[-111.444825,42.088737],[-111.443386,42.088737],[-111.442935,42.088814],[-111.441998,42.089318],[-111.440581,42.089619],[-111.439225,42.090137],[-111.438052,42.090031],[-111.437631,42.089784],[-111.436979,42.089719]]}},{"type":"Feature","properties":{"id":"wat-b74","kind":"water","name":"Creek","acres":null,"editable":false,"source":"USGS 3DHP flowlines (Channel Line)"},"geometry":{"type":"LineString","coordinates":[[-111.454733,41.958662],[-111.454153,41.959083],[-111.453245,41.959253],[-111.452595,41.959581],[-111.451578,41.959732],[-111.451146,41.959868],[-111.450346,41.960287],[-111.449792,41.960424],[-111.44808,41.960314],[-111.446712,41.960044],[-111.445276,41.95992],[-111.444158,41.959982],[-111.442823,41.960186],[-111.441686,41.960068],[-111.440824,41.960144],[-111.439755,41.959959],[-111.439237,41.959731]]}},{"type":"Feature","properties":{"id":"wat-b75","kind":"water","name":"Cheney Creek","acres":null,"editable":false,"source":"USGS 3DHP flowlines (Channel Line)"},"geometry":{"type":"LineString","coordinates":[[-111.451375,41.883487],[-111.449766,41.883381],[-111.448873,41.883078],[-111.448133,41.882599],[-111.447919,41.882375],[-111.446988,41.88187],[-111.446569,41.881317],[-111.446332,41.881143],[-111.444593,41.88037]]}},{"type":"Feature","properties":{"id":"wat-b76","kind":"water","name":"Sheeppen Creek","acres":null,"editable":false,"source":"USGS 3DHP flowlines (Channel Line)"},"geometry":{"type":"LineString","coordinates":[[-111.156156,41.958777],[-111.156008,41.959144],[-111.156052,41.959979],[-111.155897,41.960665],[-111.154793,41.962197],[-111.154579,41.962773],[-111.154204,41.963415],[-111.154012,41.964118],[-111.153526,41.964541],[-111.152856,41.965463],[-111.152731,41.966341],[-111.152385,41.966841],[-111.152164,41.967599],[-111.15181,41.96801],[-111.151537,41.968812],[-111.151655,41.969597],[-111.151389,41.970624],[-111.151433,41.971282],[-111.151367,41.971425],[-111.151028,41.971738],[-111.150733,41.972281],[-111.15027,41.972688],[-111.15013,41.972968],[-111.14946,41.973401],[-111.149312,41.973912],[-111.1489,41.974373],[-111.148833,41.975136],[-111.14898,41.97568],[-111.149201,41.975993],[-111.149024,41.976492],[-111.149171,41.976717]]}},{"type":"Feature","properties":{"id":"wat-b77","kind":"water","name":"Creek","acres":null,"editable":false,"source":"USGS 3DHP flowlines (Channel Line)"},"geometry":{"type":"LineString","coordinates":[[-111.44569,42.099286],[-111.445,42.099776],[-111.444715,42.10017],[-111.444595,42.100465],[-111.444513,42.101402]]}},{"type":"Feature","properties":{"id":"wat-b78","kind":"water","name":"Creek","acres":null,"editable":false,"source":"USGS 3DHP flowlines (Channel Line)"},"geometry":{"type":"LineString","coordinates":[[-111.164019,42.018044],[-111.165535,42.017638],[-111.166522,42.017457],[-111.166765,42.017479],[-111.16756,42.017776],[-111.168179,42.017847],[-111.168591,42.017793],[-111.168856,42.017644],[-111.169357,42.017606],[-111.17027,42.01799],[-111.17119,42.017804],[-111.171897,42.017464]]}},{"type":"Feature","properties":{"id":"wat-b79","kind":"water","name":"Creek","acres":null,"editable":false,"source":"USGS 3DHP flowlines (Channel Line)"},"geometry":{"type":"LineString","coordinates":[[-111.138635,41.984812],[-111.139422,41.9849],[-111.140136,41.985224],[-111.14263,41.985653],[-111.143881,41.985989],[-111.14444,41.986242],[-111.14642,41.986649],[-111.146891,41.98661],[-111.148444,41.986084],[-111.149283,41.985969],[-111.149931,41.985755],[-111.150225,41.985524],[-111.15038,41.985491]]}},{"type":"Feature","properties":{"id":"wat-b80","kind":"water","name":"Cheney Creek","acres":null,"editable":false,"source":"USGS 3DHP flowlines (Channel Line)"},"geometry":{"type":"LineString","coordinates":[[-111.398982,41.853487],[-111.398601,41.853407],[-111.398235,41.853165],[-111.397586,41.853082],[-111.397571,41.852875],[-111.397365,41.852808],[-111.397327,41.852637],[-111.397075,41.852611],[-111.396961,41.852485],[-111.395892,41.852435],[-111.395495,41.852103],[-111.395305,41.85204],[-111.393336,41.852858],[-111.392963,41.852873],[-111.392017,41.852696],[-111.391002,41.85278],[-111.389376,41.853295],[-111.388026,41.853605],[-111.387446,41.853837],[-111.386622,41.854497],[-111.38634,41.854597],[-111.386035,41.854612],[-111.385096,41.854453],[-111.384105,41.854434],[-111.380145,41.855168],[-111.379572,41.855106],[-111.37633,41.854424],[-111.375262,41.854391],[-111.374293,41.854474],[-111.373103,41.854865],[-111.370174,41.856052],[-111.368492,41.856503],[-111.368126,41.856734],[-111.367692,41.856866],[-111.367186,41.856905],[-111.366686,41.856581],[-111.365584,41.856472],[-111.364321,41.85695],[-111.363337,41.857187]]}},{"type":"Feature","properties":{"id":"wat-b81","kind":"water","name":"Cheney Creek","acres":null,"editable":false,"source":"USGS 3DHP flowlines (Channel Line)"},"geometry":{"type":"LineString","coordinates":[[-111.406833,41.858296],[-111.406383,41.858284],[-111.405857,41.857709],[-111.405544,41.857638]]}},{"type":"Feature","properties":{"id":"wat-b82","kind":"water","name":"Currant Creek","acres":null,"editable":false,"source":"USGS 3DHP flowlines (Channel Line)"},"geometry":{"type":"LineString","coordinates":[[-111.206754,41.968502],[-111.20657,41.968887],[-111.205658,41.969815],[-111.204231,41.97066],[-111.203959,41.971056],[-111.203885,41.971621],[-111.204813,41.973131],[-111.205056,41.973301],[-111.205306,41.973663],[-111.205233,41.975135],[-111.205564,41.976046],[-111.205844,41.976518],[-111.206271,41.976787],[-111.207102,41.977007],[-111.208162,41.978231],[-111.208876,41.978835],[-111.209914,41.979279],[-111.210392,41.979636],[-111.210628,41.979976],[-111.210834,41.980624],[-111.211688,41.981025],[-111.212019,41.981426],[-111.212292,41.981552],[-111.21249,41.981755],[-111.212498,41.982178],[-111.212182,41.983424],[-111.212351,41.984363]]}},{"type":"Feature","properties":{"id":"wat-b83","kind":"water","name":"Creek","acres":null,"editable":false,"source":"USGS 3DHP flowlines (Channel Line)"},"geometry":{"type":"LineString","coordinates":[[-111.373317,42.145425],[-111.372207,42.145322]]}},{"type":"Feature","properties":{"id":"wat-b84","kind":"water","name":"Creek","acres":null,"editable":false,"source":"USGS 3DHP flowlines (Channel Line)"},"geometry":{"type":"LineString","coordinates":[[-111.187765,41.948382],[-111.185139,41.949727],[-111.18102,41.950874],[-111.180307,41.950967],[-111.179726,41.950935]]}},{"type":"Feature","properties":{"id":"wat-b85","kind":"water","name":"Creek","acres":null,"editable":false,"source":"USGS 3DHP flowlines (Channel Line)"},"geometry":{"type":"LineString","coordinates":[[-111.18803,41.984404],[-111.188103,41.984887],[-111.18803,41.985173],[-111.188272,41.98536],[-111.188788,41.986057],[-111.188758,41.986496],[-111.188905,41.986699],[-111.189008,41.987204],[-111.189369,41.987462],[-111.189612,41.987924]]}},{"type":"Feature","properties":{"id":"wat-b86","kind":"water","name":"Creek","acres":null,"editable":false,"source":"USGS 3DHP flowlines (Channel Line)"},"geometry":{"type":"LineString","coordinates":[[-111.165044,41.851517],[-111.164538,41.851215],[-111.163862,41.851209],[-111.163318,41.851368],[-111.163083,41.851368],[-111.162863,41.851275],[-111.162555,41.851308]]}},{"type":"Feature","properties":{"id":"wat-b87","kind":"water","name":"Creek","acres":null,"editable":false,"source":"USGS 3DHP flowlines (Channel Line)"},"geometry":{"type":"LineString","coordinates":[[-111.168148,42.069726],[-111.167882,42.069841],[-111.16551,42.070137],[-111.163439,42.070021],[-111.162422,42.070082],[-111.161552,42.070532],[-111.160741,42.071163],[-111.159496,42.071827],[-111.157395,42.072205],[-111.157167,42.072414],[-111.156297,42.072858],[-111.15573,42.072984],[-111.155663,42.073198],[-111.154778,42.074263],[-111.154306,42.075367],[-111.154011,42.075773],[-111.153045,42.076025],[-111.152588,42.07647]]}},{"type":"Feature","properties":{"id":"wat-b88","kind":"water","name":"Creek","acres":null,"editable":false,"source":"USGS 3DHP flowlines (Channel Line)"},"geometry":{"type":"LineString","coordinates":[[-111.420574,41.911255],[-111.419445,41.911151],[-111.418728,41.911262],[-111.417363,41.911055],[-111.416637,41.911022],[-111.414326,41.911355],[-111.413227,41.911755],[-111.41196,41.912336],[-111.406116,41.915437],[-111.403812,41.916094]]}},{"type":"Feature","properties":{"id":"wat-b89","kind":"water","name":"Creek","acres":null,"editable":false,"source":"USGS 3DHP flowlines (Channel Line)"},"geometry":{"type":"LineString","coordinates":[[-111.459875,41.953877],[-111.458364,41.952113],[-111.458059,41.951898],[-111.45735,41.95164],[-111.456183,41.951383],[-111.453657,41.950659],[-111.452985,41.95063],[-111.451933,41.950774],[-111.450979,41.951075],[-111.448972,41.950952],[-111.448534,41.950996],[-111.447775,41.951331],[-111.44689,41.951848],[-111.446464,41.951883],[-111.444799,41.95118],[-111.442053,41.949078],[-111.441417,41.948732],[-111.440996,41.948596],[-111.439885,41.948502],[-111.439069,41.94859],[-111.438144,41.948965],[-111.437764,41.949375],[-111.437264,41.949665],[-111.435624,41.949963],[-111.435232,41.949938],[-111.434636,41.94977],[-111.433872,41.949282],[-111.433125,41.949027]]}},{"type":"Feature","properties":{"id":"wat-b90","kind":"water","name":"Creek","acres":null,"editable":false,"source":"USGS 3DHP flowlines (Channel Line)"},"geometry":{"type":"LineString","coordinates":[[-111.160327,41.991753],[-111.161063,41.991858],[-111.161041,41.992066],[-111.161166,41.992297],[-111.161408,41.992462],[-111.161364,41.992566],[-111.161482,41.992786],[-111.161408,41.992901],[-111.161438,41.993252],[-111.162593,41.993467],[-111.162689,41.993565],[-111.162534,41.993675],[-111.162549,41.993774]]}},{"type":"Feature","properties":{"id":"wat-b91","kind":"water","name":"Creek","acres":null,"editable":false,"source":"USGS 3DHP flowlines (Channel Line)"},"geometry":{"type":"LineString","coordinates":[[-111.434155,41.896393],[-111.433957,41.896984],[-111.434194,41.897874],[-111.433995,41.898605],[-111.432988,41.899914],[-111.431218,41.901326],[-111.430043,41.901984],[-111.428792,41.90247],[-111.427785,41.903352],[-111.427441,41.904011],[-111.427205,41.904737],[-111.427228,41.905174],[-111.427067,41.905678],[-111.425968,41.907633],[-111.425366,41.909513]]}},{"type":"Feature","properties":{"id":"wat-b92","kind":"water","name":"Creek","acres":null,"editable":false,"source":"USGS 3DHP flowlines (Channel Line)"},"geometry":{"type":"LineString","coordinates":[[-111.207005,41.87187],[-111.205881,41.871997],[-111.203736,41.87175],[-111.20273,41.87175],[-111.202311,41.871673],[-111.202091,41.871536],[-111.199358,41.871339],[-111.198219,41.871443],[-111.196258,41.871355],[-111.194554,41.870883],[-111.194032,41.870516],[-111.193356,41.869747],[-111.193047,41.869643],[-111.192107,41.869533],[-111.191343,41.869527],[-111.190241,41.869335],[-111.189522,41.86933],[-111.18828,41.869484],[-111.187854,41.869676],[-111.18687,41.869868],[-111.186627,41.870033],[-111.186208,41.870077],[-111.184879,41.869797],[-111.184343,41.869769],[-111.183748,41.869852],[-111.18197,41.869835],[-111.180794,41.870098],[-111.178885,41.870087],[-111.178664,41.870153],[-111.178113,41.870554]]}},{"type":"Feature","properties":{"id":"wat-b93","kind":"water","name":"Creek","acres":null,"editable":false,"source":"USGS 3DHP flowlines (Channel Line)"},"geometry":{"type":"LineString","coordinates":[[-111.235495,41.874008],[-111.235099,41.873838],[-111.233174,41.873669],[-111.231859,41.873839],[-111.231021,41.874103],[-111.230089,41.87417],[-111.229126,41.874401],[-111.228105,41.874533],[-111.227892,41.874599],[-111.226416,41.875697],[-111.224411,41.876747],[-111.224183,41.877252],[-111.223956,41.877444],[-111.2217,41.877675],[-111.220518,41.877956],[-111.219438,41.878346],[-111.218872,41.878401],[-111.216529,41.878967],[-111.215912,41.87905]]}},{"type":"Feature","properties":{"id":"wat-b94","kind":"water","name":"Creek","acres":null,"editable":false,"source":"USGS 3DHP flowlines (Channel Line)"},"geometry":{"type":"LineString","coordinates":[[-111.232795,42.141899],[-111.232441,42.142876],[-111.232199,42.144298],[-111.231992,42.144661],[-111.231698,42.145621]]}},{"type":"Feature","properties":{"id":"wat-b95","kind":"water","name":"Creek","acres":null,"editable":false,"source":"USGS 3DHP flowlines (Channel Line)"},"geometry":{"type":"LineString","coordinates":[[-111.374569,41.874377],[-111.374237,41.873274],[-111.374265,41.871594],[-111.374903,41.870072],[-111.375773,41.869234]]}},{"type":"Feature","properties":{"id":"wat-b96","kind":"water","name":"Cottonwood Creek","acres":null,"editable":false,"source":"USGS 3DHP flowlines (Channel Line)"},"geometry":{"type":"LineString","coordinates":[[-111.252093,41.893921],[-111.252467,41.894932],[-111.252635,41.895843],[-111.252568,41.896321],[-111.252362,41.896787],[-111.251781,41.897385],[-111.251759,41.897534],[-111.251971,41.898066],[-111.251868,41.898544],[-111.252418,41.899357],[-111.253182,41.900011],[-111.253887,41.900972],[-111.254173,41.901708],[-111.254246,41.902196],[-111.254179,41.902553],[-111.254341,41.902894],[-111.254589,41.904557],[-111.25453,41.905172],[-111.254205,41.906215],[-111.253734,41.906764],[-111.253234,41.907598],[-111.252954,41.908296],[-111.252299,41.909108],[-111.251806,41.909525],[-111.251019,41.909903]]}},{"type":"Feature","properties":{"id":"wat-b97","kind":"water","name":"Creek","acres":null,"editable":false,"source":"USGS 3DHP flowlines (Channel Line)"},"geometry":{"type":"LineString","coordinates":[[-111.436368,41.876984],[-111.434766,41.877585],[-111.434178,41.877704],[-111.433522,41.877643],[-111.431874,41.878037],[-111.431119,41.878805],[-111.429799,41.879706],[-111.429402,41.879888],[-111.427891,41.879943],[-111.426762,41.879844]]}},{"type":"Feature","properties":{"id":"wat-b98","kind":"water","name":"Creek","acres":null,"editable":false,"source":"USGS 3DHP flowlines (Channel Line)"},"geometry":{"type":"LineString","coordinates":[[-111.179072,42.149385],[-111.178024,42.150901],[-111.177913,42.151845],[-111.177507,42.152317],[-111.176592,42.153761],[-111.175382,42.154524],[-111.174924,42.155254],[-111.173596,42.155671],[-111.173138,42.155924],[-111.171987,42.156187],[-111.170902,42.157483],[-111.16995,42.157982],[-111.169588,42.15807],[-111.167862,42.158135],[-111.166644,42.158003],[-111.165943,42.158163],[-111.165146,42.158574],[-111.16336,42.160067],[-111.162961,42.160364],[-111.162391,42.160645]]}},{"type":"Feature","properties":{"id":"wat-b99","kind":"water","name":"Creek","acres":null,"editable":false,"source":"USGS 3DHP flowlines (Channel Line)"},"geometry":{"type":"LineString","coordinates":[[-111.214345,42.126526],[-111.214315,42.126581],[-111.213947,42.126515],[-111.213452,42.126549],[-111.212752,42.126076]]}},{"type":"Feature","properties":{"id":"wat-b100","kind":"water","name":"Creek","acres":null,"editable":false,"source":"USGS 3DHP flowlines (Channel Line)"},"geometry":{"type":"LineString","coordinates":[[-111.220392,42.080445],[-111.220207,42.079967],[-111.220347,42.078803],[-111.220656,42.078172],[-111.220884,42.077974],[-111.222557,42.07737],[-111.22381,42.077281],[-111.224753,42.076935],[-111.225925,42.076743],[-111.226831,42.076056],[-111.227567,42.07588],[-111.228061,42.075506],[-111.228754,42.075451],[-111.229483,42.075204],[-111.230235,42.075385],[-111.23095,42.075396],[-111.231621,42.075642],[-111.2321,42.075598]]}},{"type":"Feature","properties":{"id":"wat-b101","kind":"water","name":"Creek","acres":null,"editable":false,"source":"USGS 3DHP flowlines (Channel Line)"},"geometry":{"type":"LineString","coordinates":[[-111.22099,41.996923],[-111.221064,41.99768],[-111.221462,41.998866],[-111.221536,41.999624],[-111.221485,42.000307],[-111.221632,42.000724],[-111.221397,42.001823],[-111.221051,42.002262],[-111.220809,42.00291],[-111.220794,42.003388],[-111.221148,42.003909],[-111.221921,42.004277],[-111.222908,42.004617],[-111.223739,42.004589],[-111.224417,42.004462],[-111.224873,42.004506],[-111.225278,42.004676],[-111.225595,42.004566],[-111.225911,42.004566],[-111.226309,42.004363],[-111.226713,42.004308],[-111.226964,42.004434]]}},{"type":"Feature","properties":{"id":"wat-b102","kind":"water","name":"Creek","acres":null,"editable":false,"source":"USGS 3DHP flowlines (Channel Line)"},"geometry":{"type":"LineString","coordinates":[[-111.255508,41.969515],[-111.255856,41.967803],[-111.256601,41.965535],[-111.256992,41.963773],[-111.257265,41.963048],[-111.257413,41.962335],[-111.257347,41.961808],[-111.25801,41.961242],[-111.258245,41.960875],[-111.258841,41.960578]]}},{"type":"Feature","properties":{"id":"wat-b103","kind":"water","name":"Creek","acres":null,"editable":false,"source":"USGS 3DHP flowlines (Channel Line)"},"geometry":{"type":"LineString","coordinates":[[-111.202408,41.913555],[-111.202239,41.913824],[-111.201482,41.914411],[-111.200894,41.915141],[-111.200372,41.91552],[-111.200049,41.915877],[-111.200012,41.916141],[-111.200262,41.916937],[-111.200211,41.917376],[-111.200351,41.917854],[-111.200263,41.918595],[-111.200454,41.919215],[-111.200116,41.920462],[-111.20041,41.921406]]}},{"type":"Feature","properties":{"id":"wat-b104","kind":"water","name":"North Fork Sixmile Creek","acres":null,"editable":false,"source":"USGS 3DHP flowlines (Channel Line)"},"geometry":{"type":"LineString","coordinates":[[-111.162978,41.894128],[-111.162603,41.893656],[-111.161994,41.89315],[-111.161604,41.892629],[-111.160547,41.892129],[-111.16015,41.891624],[-111.159555,41.891146],[-111.159357,41.890591]]}},{"type":"Feature","properties":{"id":"wat-b105","kind":"water","name":"Cheney Creek","acres":null,"editable":false,"source":"USGS 3DHP flowlines (Channel Line)"},"geometry":{"type":"LineString","coordinates":[[-111.429562,41.882508],[-111.427868,41.881294],[-111.427144,41.880491],[-111.426762,41.879844]]}},{"type":"Feature","properties":{"id":"wat-b106","kind":"water","name":"Creek","acres":null,"editable":false,"source":"USGS 3DHP flowlines (Channel Line)"},"geometry":{"type":"LineString","coordinates":[[-111.454939,41.96842],[-111.454108,41.968388],[-111.453764,41.968296],[-111.453174,41.968074],[-111.451734,41.967221],[-111.45043,41.966726],[-111.448606,41.966382],[-111.44682,41.966429],[-111.446602,41.966368],[-111.446293,41.966074],[-111.445878,41.965351],[-111.444841,41.964065],[-111.444233,41.96362],[-111.443489,41.963255],[-111.442693,41.962996],[-111.439785,41.962519],[-111.438518,41.962119],[-111.438339,41.961864],[-111.438413,41.961189],[-111.438675,41.960597],[-111.43922,41.959959],[-111.439237,41.959731]]}},{"type":"Feature","properties":{"id":"wat-b107","kind":"water","name":"Creek","acres":null,"editable":false,"source":"USGS 3DHP flowlines (Channel Line)"},"geometry":{"type":"LineString","coordinates":[[-111.150723,41.989209],[-111.151497,41.988731],[-111.151791,41.988704]]}},{"type":"Feature","properties":{"id":"wat-b108","kind":"water","name":"Creek","acres":null,"editable":false,"source":"USGS 3DHP flowlines (Channel Line)"},"geometry":{"type":"LineString","coordinates":[[-111.162549,41.993774],[-111.162814,41.993917],[-111.162821,41.994038],[-111.162607,41.994334],[-111.162644,41.994411],[-111.162961,41.994455],[-111.162843,41.994576]]}},{"type":"Feature","properties":{"id":"wat-b109","kind":"water","name":"Little Creek","acres":null,"editable":false,"source":"USGS 3DHP flowlines (Channel Line)"},"geometry":{"type":"LineString","coordinates":[[-111.23402,41.938203],[-111.235094,41.938099],[-111.235645,41.93812],[-111.235969,41.937966],[-111.239226,41.937636],[-111.240939,41.937272],[-111.241704,41.937223],[-111.242535,41.937403]]}},{"type":"Feature","properties":{"id":"wat-b110","kind":"water","name":"Creek","acres":null,"editable":false,"source":"USGS 3DHP flowlines (Channel Line)"},"geometry":{"type":"LineString","coordinates":[[-111.2438,41.954176],[-111.243946,41.953374],[-111.24374,41.952782],[-111.241737,41.950921],[-111.241096,41.949538],[-111.24114,41.948808],[-111.241529,41.94827],[-111.242168,41.94705],[-111.242241,41.946606],[-111.242182,41.94621],[-111.241991,41.945919]]}},{"type":"Feature","properties":{"id":"wat-b111","kind":"water","name":"Saint Charles Creek","acres":null,"editable":false,"source":"USGS 3DHP flowlines (Channel Line)"},"geometry":{"type":"LineString","coordinates":[[-111.428878,42.119366],[-111.428363,42.119691],[-111.42776,42.119859],[-111.427428,42.119794],[-111.427078,42.120026],[-111.426657,42.119975],[-111.425618,42.12048],[-111.42535,42.120455],[-111.425079,42.120758],[-111.424733,42.120894],[-111.424294,42.120879],[-111.424112,42.121126],[-111.423887,42.121101],[-111.423787,42.120933],[-111.423303,42.120675]]}},{"type":"Feature","properties":{"id":"wat-b112","kind":"water","name":"Creek","acres":null,"editable":false,"source":"USGS 3DHP flowlines (Channel Line)"},"geometry":{"type":"LineString","coordinates":[[-111.403812,41.916094],[-111.403263,41.916145],[-111.400852,41.916671],[-111.40005,41.916719]]}},{"type":"Feature","properties":{"id":"wat-b113","kind":"water","name":"Creek","acres":null,"editable":false,"source":"USGS 3DHP flowlines (Channel Line)"},"geometry":{"type":"LineString","coordinates":[[-111.207081,41.905192],[-111.207081,41.905455],[-111.207486,41.906422],[-111.208059,41.907146]]}},{"type":"Feature","properties":{"id":"wat-b114","kind":"water","name":"Creek","acres":null,"editable":false,"source":"USGS 3DHP flowlines (Channel Line)"},"geometry":{"type":"LineString","coordinates":[[-111.229796,42.068615],[-111.230179,42.068385],[-111.230583,42.067484],[-111.230317,42.066397],[-111.230324,42.065645],[-111.22997,42.064141],[-111.230072,42.063174],[-111.230256,42.062752],[-111.230624,42.062449],[-111.230801,42.061626],[-111.231139,42.060824]]}},{"type":"Feature","properties":{"id":"wat-b115","kind":"water","name":"Creek","acres":null,"editable":false,"source":"USGS 3DHP flowlines (Channel Line)"},"geometry":{"type":"LineString","coordinates":[[-111.235556,42.12462],[-111.235658,42.122429],[-111.235583,42.121847],[-111.235782,42.12059],[-111.236017,42.120074],[-111.236061,42.119585],[-111.237268,42.116729],[-111.238034,42.114621],[-111.238718,42.11316],[-111.239057,42.112666],[-111.240073,42.110299],[-111.240286,42.110101],[-111.240773,42.110063],[-111.241245,42.110238],[-111.242057,42.110776],[-111.242595,42.110885],[-111.242846,42.110847],[-111.243096,42.110539],[-111.243406,42.110341]]}},{"type":"Feature","properties":{"id":"wat-b116","kind":"water","name":"Creek","acres":null,"editable":false,"source":"USGS 3DHP flowlines (Channel Line)"},"geometry":{"type":"LineString","coordinates":[[-111.191842,41.852024],[-111.190887,41.851842],[-111.19063,41.852013],[-111.190182,41.852112],[-111.190043,41.852018],[-111.189874,41.852101]]}},{"type":"Feature","properties":{"id":"wat-b117","kind":"water","name":"Creek","acres":null,"editable":false,"source":"USGS 3DHP flowlines (Channel Line)"},"geometry":{"type":"LineString","coordinates":[[-111.220973,41.91692],[-111.22203,41.917086],[-111.222272,41.917207],[-111.222581,41.917207]]}},{"type":"Feature","properties":{"id":"wat-b118","kind":"water","name":"Little Creek","acres":null,"editable":false,"source":"USGS 3DHP flowlines (Channel Line)"},"geometry":{"type":"LineString","coordinates":[[-111.265769,41.933376],[-111.265769,41.933091],[-111.266027,41.932498],[-111.266454,41.932092],[-111.267329,41.931702],[-111.267962,41.931269],[-111.268675,41.930929],[-111.269263,41.930792],[-111.269756,41.930792],[-111.270072,41.93066],[-111.270072,41.930358],[-111.26961,41.929628],[-111.269713,41.929205],[-111.27011,41.928799],[-111.270287,41.928673],[-111.270552,41.928618],[-111.271353,41.929107],[-111.271698,41.9292],[-111.271838,41.929167],[-111.272199,41.9288],[-111.272206,41.928624],[-111.272022,41.928322],[-111.272103,41.928031],[-111.27256,41.92774],[-111.273537,41.927724],[-111.273927,41.927461],[-111.274141,41.927126],[-111.274104,41.926632],[-111.2742,41.926093],[-111.274502,41.925523]]}},{"type":"Feature","properties":{"id":"wat-b119","kind":"water","name":"Creek","acres":null,"editable":false,"source":"USGS 3DHP flowlines (Channel Line)"},"geometry":{"type":"LineString","coordinates":[[-111.237984,41.910414],[-111.238029,41.910689],[-111.23786,41.911018],[-111.237853,41.911255],[-111.238353,41.911858],[-111.238567,41.912588],[-111.238442,41.913176],[-111.238377,41.914785],[-111.237665,41.91613],[-111.236637,41.916817],[-111.236196,41.917405]]}},{"type":"Feature","properties":{"id":"wat-b120","kind":"water","name":"Creek","acres":null,"editable":false,"source":"USGS 3DHP flowlines (Channel Line)"},"geometry":{"type":"LineString","coordinates":[[-111.224502,41.868198],[-111.223628,41.868314],[-111.223018,41.868248],[-111.222364,41.868045],[-111.221497,41.867557],[-111.220953,41.867139],[-111.220527,41.866969],[-111.220116,41.866876],[-111.21894,41.867036],[-111.218287,41.866794],[-111.217493,41.866613],[-111.216817,41.866333],[-111.216692,41.866191],[-111.216685,41.865795],[-111.217081,41.864835],[-111.217712,41.863753],[-111.217367,41.863121]]}},{"type":"Feature","properties":{"id":"wat-b121","kind":"water","name":"Creek","acres":null,"editable":false,"source":"USGS 3DHP flowlines (Channel Line)"},"geometry":{"type":"LineString","coordinates":[[-111.214283,42.136727],[-111.21325,42.136568],[-111.212033,42.136179],[-111.211531,42.136118],[-111.210889,42.136256],[-111.210417,42.136212],[-111.20889,42.135713],[-111.208366,42.135751],[-111.207747,42.136059],[-111.20743,42.136569],[-111.207356,42.136937],[-111.20698,42.137388],[-111.207054,42.13753],[-111.20746,42.137563],[-111.207519,42.137827],[-111.207364,42.138551],[-111.206958,42.138914],[-111.206272,42.139194],[-111.206007,42.139216],[-111.204841,42.138909],[-111.203203,42.139184],[-111.201308,42.139326],[-111.200363,42.139563],[-111.199936,42.139832],[-111.19939,42.139931],[-111.199161,42.140139],[-111.199146,42.140266],[-111.199582,42.140875],[-111.199641,42.141863],[-111.199833,42.142269],[-111.19939,42.142813],[-111.19925,42.143455],[-111.19911,42.143681],[-111.198594,42.144048],[-111.19804,42.144252],[-111.197627,42.144543],[-111.196683,42.144702],[-111.196122,42.144966],[-111.195798,42.145015],[-111.19523,42.145498],[-111.194684,42.14563],[-111.193931,42.146437],[-111.193267,42.146909]]}},{"type":"Feature","properties":{"id":"wat-b122","kind":"water","name":"Creek","acres":null,"editable":false,"source":"USGS 3DHP flowlines (Channel Line)"},"geometry":{"type":"LineString","coordinates":[[-111.189687,42.071907],[-111.189481,42.072258],[-111.18856,42.0725],[-111.188361,42.072687],[-111.187786,42.072917]]}},{"type":"Feature","properties":{"id":"wat-b123","kind":"water","name":"Creek","acres":null,"editable":false,"source":"USGS 3DHP flowlines (Channel Line)"},"geometry":{"type":"LineString","coordinates":[[-111.261458,41.907899],[-111.260738,41.908184],[-111.26048,41.908387],[-111.259789,41.909331],[-111.25912,41.909622],[-111.256626,41.91168],[-111.255876,41.91197],[-111.254435,41.912244],[-111.253817,41.912579],[-111.253031,41.912759],[-111.251795,41.913549],[-111.251317,41.913631],[-111.250891,41.913187],[-111.250578,41.913038],[-111.250505,41.912879],[-111.250519,41.912209],[-111.250335,41.912033],[-111.247798,41.911359]]}},{"type":"Feature","properties":{"id":"wat-b124","kind":"water","name":"Creek","acres":null,"editable":false,"source":"USGS 3DHP flowlines (Channel Line)"},"geometry":{"type":"LineString","coordinates":[[-111.205093,41.919786],[-111.206556,41.91933]]}},{"type":"Feature","properties":{"id":"wat-b125","kind":"water","name":"Creek","acres":null,"editable":false,"source":"USGS 3DHP flowlines (Channel Line)"},"geometry":{"type":"LineString","coordinates":[[-111.217543,42.118823],[-111.217004,42.118812],[-111.216621,42.118916],[-111.216333,42.118856],[-111.215758,42.118483],[-111.214991,42.118269],[-111.21387,42.118291],[-111.213619,42.118352],[-111.212417,42.118154],[-111.212115,42.118028],[-111.211244,42.117435],[-111.210492,42.117276],[-111.210234,42.117139],[-111.209939,42.116601],[-111.209636,42.116436],[-111.209385,42.115997],[-111.2094,42.115739],[-111.20923,42.115426],[-111.207829,42.114411],[-111.207423,42.114186],[-111.206465,42.114021],[-111.205823,42.114082],[-111.205314,42.114049],[-111.204909,42.114269],[-111.204496,42.114658],[-111.20384,42.115608],[-111.203456,42.115883],[-111.203073,42.115779],[-111.20266,42.115795],[-111.201642,42.116141],[-111.20137,42.116141],[-111.201141,42.116026],[-111.200912,42.115647],[-111.200853,42.114906],[-111.200927,42.114072],[-111.201185,42.113199],[-111.201118,42.112968],[-111.200278,42.112628],[-111.199769,42.112512],[-111.1978,42.112507],[-111.197055,42.111898],[-111.196214,42.111541],[-111.195234,42.111645]]}},{"type":"Feature","properties":{"id":"wat-b126","kind":"water","name":"Creek","acres":null,"editable":false,"source":"USGS 3DHP flowlines (Channel Line)"},"geometry":{"type":"LineString","coordinates":[[-111.223302,42.01171],[-111.222764,42.01098],[-111.222756,42.010453],[-111.222594,42.009904],[-111.22216,42.009608]]}},{"type":"Feature","properties":{"id":"wat-b127","kind":"water","name":"Creek","acres":null,"editable":false,"source":"USGS 3DHP flowlines (Channel Line)"},"geometry":{"type":"LineString","coordinates":[[-111.250342,41.987417],[-111.252019,41.987292],[-111.252402,41.987078],[-111.252785,41.987006],[-111.253447,41.986732],[-111.254625,41.986112],[-111.25514,41.98614],[-111.255545,41.985998],[-111.256539,41.986102],[-111.259732,41.986812],[-111.26113,41.987043],[-111.262374,41.987049],[-111.263654,41.98722],[-111.266406,41.987358],[-111.267319,41.987512],[-111.274016,41.987992],[-111.274773,41.988234]]}},{"type":"Feature","properties":{"id":"wat-b128","kind":"water","name":"Creek","acres":null,"editable":false,"source":"USGS 3DHP flowlines (Channel Line)"},"geometry":{"type":"LineString","coordinates":[[-111.472144,41.908118],[-111.47135,41.908445],[-111.470564,41.909205],[-111.46955,41.909696],[-111.469008,41.910243],[-111.466223,41.911862],[-111.463957,41.912794],[-111.46266,41.913516],[-111.462004,41.913752],[-111.460287,41.914187],[-111.459806,41.914225],[-111.459036,41.914125],[-111.458166,41.913795],[-111.457907,41.913539],[-111.45751,41.912861],[-111.456907,41.911179],[-111.456358,41.910398],[-111.456136,41.910326],[-111.45558,41.910351],[-111.45471,41.910269],[-111.45397,41.909966],[-111.453138,41.910014],[-111.452383,41.910206],[-111.451597,41.910655],[-111.450796,41.911582],[-111.450353,41.911876],[-111.448209,41.912191],[-111.447416,41.912392],[-111.445958,41.912276],[-111.444379,41.912494]]}},{"type":"Feature","properties":{"id":"wat-b129","kind":"water","name":"Creek","acres":null,"editable":false,"source":"USGS 3DHP flowlines (Channel Line)"},"geometry":{"type":"LineString","coordinates":[[-111.23735,41.945982],[-111.237549,41.945872],[-111.237828,41.945444],[-111.238224,41.945076],[-111.238864,41.944142],[-111.2389,41.943933],[-111.239922,41.942912],[-111.240354,41.941297],[-111.240626,41.940655],[-111.240971,41.940166],[-111.241073,41.939545],[-111.24097,41.938996],[-111.241389,41.938304],[-111.242535,41.937403]]}},{"type":"Feature","properties":{"id":"wat-b130","kind":"water","name":"Creek","acres":null,"editable":false,"source":"USGS 3DHP flowlines (Channel Line)"},"geometry":{"type":"LineString","coordinates":[[-111.244946,42.010949],[-111.245594,42.010954],[-111.24622,42.0108],[-111.24758,42.009657],[-111.247882,42.009575],[-111.248913,42.009525],[-111.249884,42.009299],[-111.251445,42.009645],[-111.252033,42.01009],[-111.253277,42.01047],[-111.254411,42.01069],[-111.255235,42.010647],[-111.2567,42.011141],[-111.257296,42.011218],[-111.258481,42.011219],[-111.259445,42.011461],[-111.26083,42.011226]]}},{"type":"Feature","properties":{"id":"wat-b131","kind":"water","name":"Creek","acres":null,"editable":false,"source":"USGS 3DHP flowlines (Channel Line)"},"geometry":{"type":"LineString","coordinates":[[-111.215796,42.054372],[-111.216444,42.054274],[-111.218131,42.053773],[-111.218743,42.053696],[-111.22068,42.054031],[-111.22138,42.054311],[-111.221837,42.054865],[-111.222125,42.055035],[-111.224129,42.055413],[-111.224836,42.05544],[-111.225205,42.055281],[-111.225278,42.055072],[-111.225911,42.054441],[-111.226405,42.054144],[-111.226965,42.054128],[-111.227709,42.053941],[-111.228534,42.053924],[-111.229344,42.05411],[-111.230509,42.054516]]}},{"type":"Feature","properties":{"id":"wat-b132","kind":"water","name":"Creek","acres":null,"editable":false,"source":"USGS 3DHP flowlines (Channel Line)"},"geometry":{"type":"LineString","coordinates":[[-111.237813,41.983855],[-111.238019,41.98352],[-111.238843,41.983064]]}},{"type":"Feature","properties":{"id":"wat-b133","kind":"water","name":"Creek","acres":null,"editable":false,"source":"USGS 3DHP flowlines (Channel Line)"},"geometry":{"type":"LineString","coordinates":[[-111.423459,41.868499],[-111.423253,41.868324],[-111.422635,41.867394],[-111.421444,41.866804],[-111.420262,41.865997],[-111.419743,41.865441],[-111.419102,41.864943],[-111.418438,41.864608],[-111.417378,41.864243],[-111.415012,41.863873],[-111.414394,41.8637],[-111.413631,41.86372],[-111.412678,41.863553],[-111.411266,41.862689],[-111.410847,41.862231],[-111.410778,41.861979]]}},{"type":"Feature","properties":{"id":"wat-b134","kind":"water","name":"Creek","acres":null,"editable":false,"source":"USGS 3DHP flowlines (Channel Line)"},"geometry":{"type":"LineString","coordinates":[[-111.172389,42.052432],[-111.17068,42.052937],[-111.170002,42.052854],[-111.169612,42.052893],[-111.169103,42.053897],[-111.168771,42.054232],[-111.168012,42.054666],[-111.16673,42.055],[-111.164793,42.055642],[-111.164262,42.055939],[-111.163673,42.056663],[-111.162914,42.056696],[-111.161801,42.05652],[-111.160807,42.056679],[-111.159937,42.056536],[-111.158648,42.056146],[-111.158154,42.056097],[-111.156821,42.05636],[-111.155414,42.056541],[-111.154942,42.056497]]}},{"type":"Feature","properties":{"id":"wat-b135","kind":"water","name":"Creek","acres":null,"editable":false,"source":"USGS 3DHP flowlines (Channel Line)"},"geometry":{"type":"LineString","coordinates":[[-111.176181,41.909822],[-111.17693,41.909723],[-111.178062,41.909987],[-111.179584,41.909751],[-111.180694,41.909838],[-111.181223,41.91008],[-111.181576,41.910338],[-111.18201,41.91081],[-111.182149,41.9112],[-111.182296,41.911343],[-111.183472,41.911854],[-111.184156,41.912375],[-111.184369,41.912825],[-111.184376,41.91332],[-111.183009,41.916839]]}},{"type":"Feature","properties":{"id":"wat-b136","kind":"water","name":"Creek","acres":null,"editable":false,"source":"USGS 3DHP flowlines (Channel Line)"},"geometry":{"type":"LineString","coordinates":[[-111.436556,42.131334],[-111.433443,42.131602],[-111.432735,42.131557],[-111.432426,42.131407],[-111.431304,42.131406],[-111.430693,42.131308],[-111.430531,42.131418],[-111.430022,42.131396],[-111.429468,42.131512],[-111.42862,42.13138],[-111.428296,42.131402],[-111.427263,42.131056],[-111.426872,42.131094],[-111.426105,42.130863],[-111.425854,42.130682],[-111.424741,42.130699],[-111.424342,42.130896],[-111.42405,42.130943],[-111.42347,42.130963],[-111.423261,42.130825]]}},{"type":"Feature","properties":{"id":"wat-b137","kind":"water","name":"Creek","acres":null,"editable":false,"source":"USGS 3DHP flowlines (Channel Line)"},"geometry":{"type":"LineString","coordinates":[[-111.258841,41.960578],[-111.259952,41.960678]]}},{"type":"Feature","properties":{"id":"wat-b138","kind":"water","name":"Saint Charles Creek","acres":null,"editable":false,"source":"USGS 3DHP flowlines (Channel Line)"},"geometry":{"type":"LineString","coordinates":[[-111.440747,42.115084],[-111.440284,42.115309],[-111.439654,42.11528],[-111.43941,42.11557],[-111.439184,42.115625],[-111.438578,42.115545],[-111.437889,42.115583],[-111.437143,42.116139],[-111.436747,42.116274],[-111.435582,42.116164],[-111.43521,42.116207],[-111.434719,42.116589],[-111.434181,42.117187],[-111.433887,42.117206],[-111.433122,42.117505]]}},{"type":"Feature","properties":{"id":"wat-b139","kind":"water","name":"Creek","acres":null,"editable":false,"source":"USGS 3DHP flowlines (Channel Line)"},"geometry":{"type":"LineString","coordinates":[[-111.419433,42.093233],[-111.419126,42.093219],[-111.418953,42.093101],[-111.418849,42.093201],[-111.418567,42.09316],[-111.417715,42.093427],[-111.416765,42.09386],[-111.416499,42.094122],[-111.415997,42.094317],[-111.415614,42.09459],[-111.41524,42.094719],[-111.414303,42.095233],[-111.412881,42.096234],[-111.411305,42.096794],[-111.410536,42.096915],[-111.40953,42.097204],[-111.409298,42.09719],[-111.407354,42.097709],[-111.407147,42.097687],[-111.407071,42.097761],[-111.406814,42.097711],[-111.406604,42.097861],[-111.406447,42.097809],[-111.406031,42.097994],[-111.405755,42.098023],[-111.405819,42.098127],[-111.405717,42.098196],[-111.40542,42.098251],[-111.405341,42.098071],[-111.404234,42.098184],[-111.403384,42.098387],[-111.402941,42.09877],[-111.402483,42.098925],[-111.401992,42.099228],[-111.401418,42.09985]]}},{"type":"Feature","properties":{"id":"wat-b140","kind":"water","name":"Creek","acres":null,"editable":false,"source":"USGS 3DHP flowlines (Channel Line)"},"geometry":{"type":"LineString","coordinates":[[-111.179536,41.990394],[-111.179743,41.990471],[-111.180037,41.990328],[-111.180228,41.990427],[-111.18053,41.990378],[-111.180559,41.990147],[-111.18064,41.990114],[-111.180795,41.990158],[-111.180935,41.990334],[-111.181119,41.990208],[-111.181126,41.990076],[-111.181362,41.989955],[-111.181583,41.989955],[-111.181678,41.98962],[-111.181914,41.989675],[-111.182098,41.989499],[-111.182576,41.989527],[-111.182701,41.989373],[-111.183283,41.989642],[-111.183584,41.989417],[-111.184004,41.989477],[-111.183952,41.989862],[-111.184181,41.990059],[-111.184593,41.989747],[-111.184946,41.989746],[-111.185189,41.990136]]}},{"type":"Feature","properties":{"id":"wat-b141","kind":"water","name":"Creek","acres":null,"editable":false,"source":"USGS 3DHP flowlines (Channel Line)"},"geometry":{"type":"LineString","coordinates":[[-111.195699,42.059438],[-111.194889,42.05929],[-111.194535,42.05901],[-111.194137,42.058895],[-111.193702,42.058554],[-111.192914,42.058439],[-111.192524,42.058521],[-111.192229,42.058461],[-111.191661,42.058099],[-111.190652,42.057901],[-111.189724,42.057846],[-111.188928,42.057945],[-111.188516,42.058104]]}},{"type":"Feature","properties":{"id":"wat-b142","kind":"water","name":"Creek","acres":null,"editable":false,"source":"USGS 3DHP flowlines (Channel Line)"},"geometry":{"type":"LineString","coordinates":[[-111.209221,42.043673],[-111.208787,42.043866],[-111.207748,42.043959],[-111.20693,42.043767],[-111.205803,42.043943],[-111.204234,42.044042],[-111.203505,42.043872],[-111.202857,42.043565],[-111.201752,42.043427],[-111.200949,42.043191],[-111.200433,42.042983],[-111.199505,42.042429],[-111.198835,42.041638],[-111.197509,42.041331],[-111.196765,42.040891],[-111.19664,42.040666],[-111.196676,42.039865],[-111.196345,42.039321],[-111.195814,42.038964],[-111.194923,42.038717],[-111.19426,42.0383]]}},{"type":"Feature","properties":{"id":"wat-b143","kind":"water","name":"Creek","acres":null,"editable":false,"source":"USGS 3DHP flowlines (Channel Line)"},"geometry":{"type":"LineString","coordinates":[[-111.193632,42.096608],[-111.193175,42.096701],[-111.192578,42.09703],[-111.192401,42.097827],[-111.192231,42.098139],[-111.191878,42.10005],[-111.190728,42.100797],[-111.190477,42.101187],[-111.190477,42.101406],[-111.190285,42.101747],[-111.189865,42.102016],[-111.189452,42.102016],[-111.188398,42.102268],[-111.187499,42.102905],[-111.187086,42.103449],[-111.185994,42.103937],[-111.185928,42.10419],[-111.184549,42.104964]]}},{"type":"Feature","properties":{"id":"wat-b144","kind":"water","name":"Creek","acres":null,"editable":false,"source":"USGS 3DHP flowlines (Channel Line)"},"geometry":{"type":"LineString","coordinates":[[-111.153992,42.056568],[-111.153601,42.05654]]}},{"type":"Feature","properties":{"id":"wat-b145","kind":"water","name":"Creek","acres":null,"editable":false,"source":"USGS 3DHP flowlines (Channel Line)"},"geometry":{"type":"LineString","coordinates":[[-111.232707,42.058622],[-111.233208,42.058759],[-111.233967,42.058572],[-111.234261,42.058572],[-111.234828,42.058347],[-111.235469,42.058368],[-111.236257,42.057984],[-111.238025,42.056676],[-111.238297,42.056583],[-111.239277,42.056593]]}},{"type":"Feature","properties":{"id":"wat-b146","kind":"water","name":"Creek","acres":null,"editable":false,"source":"USGS 3DHP flowlines (Channel Line)"},"geometry":{"type":"LineString","coordinates":[[-111.174957,42.139217],[-111.172825,42.138585],[-111.17208,42.138064],[-111.170834,42.137828],[-111.170479,42.137866],[-111.170022,42.138036],[-111.169786,42.138036],[-111.169292,42.138338],[-111.168716,42.138557]]}},{"type":"Feature","properties":{"id":"wat-b147","kind":"water","name":"Creek","acres":null,"editable":false,"source":"USGS 3DHP flowlines (Channel Line)"},"geometry":{"type":"LineString","coordinates":[[-111.459143,41.995288],[-111.457319,41.996268],[-111.456495,41.996586],[-111.453688,41.998155],[-111.450613,41.999505],[-111.450315,41.999596],[-111.449796,41.999616],[-111.449048,41.999597],[-111.448583,41.999473],[-111.447683,41.999098],[-111.446844,41.998633],[-111.445699,41.998313],[-111.443168,41.997337],[-111.44254,41.99668],[-111.442169,41.996166],[-111.441891,41.995574],[-111.441519,41.99511],[-111.441027,41.994867],[-111.440334,41.994653],[-111.439171,41.99444],[-111.435239,41.994003],[-111.433774,41.993946],[-111.432386,41.993996],[-111.431623,41.994102],[-111.428647,41.994865],[-111.427838,41.994833],[-111.426572,41.99461],[-111.423181,41.995395],[-111.421467,41.995874]]}},{"type":"Feature","properties":{"id":"wat-b148","kind":"water","name":"Creek","acres":null,"editable":false,"source":"USGS 3DHP flowlines (Channel Line)"},"geometry":{"type":"LineString","coordinates":[[-111.419781,41.939895],[-111.418423,41.940071],[-111.416271,41.940052],[-111.415356,41.940177],[-111.414257,41.940455],[-111.412647,41.940304],[-111.411747,41.940428],[-111.411037,41.940656],[-111.408886,41.940975],[-111.408238,41.940919]]}},{"type":"Feature","properties":{"id":"wat-b149","kind":"water","name":"Creek","acres":null,"editable":false,"source":"USGS 3DHP flowlines (Channel Line)"},"geometry":{"type":"LineString","coordinates":[[-111.172687,41.98162],[-111.17354,41.981889],[-111.175159,41.982026],[-111.175726,41.981999],[-111.176991,41.98229],[-111.178176,41.982142],[-111.178691,41.982345],[-111.179802,41.982603],[-111.180038,41.982554],[-111.180214,41.982301],[-111.180413,41.982241],[-111.18123,41.982093],[-111.182201,41.981752],[-111.183629,41.981478],[-111.184107,41.98156],[-111.184792,41.982104]]}},{"type":"Feature","properties":{"id":"wat-b150","kind":"water","name":"Creek","acres":null,"editable":false,"source":"USGS 3DHP flowlines (Channel Line)"},"geometry":{"type":"LineString","coordinates":[[-111.219722,41.903267],[-111.218877,41.90408],[-111.218892,41.904497],[-111.218708,41.904794],[-111.218547,41.905672],[-111.218489,41.906562],[-111.218085,41.907495],[-111.217394,41.908088],[-111.217284,41.908363],[-111.216983,41.908714],[-111.215866,41.909593],[-111.21508,41.910038],[-111.214521,41.910549],[-111.214021,41.910802],[-111.213581,41.911493]]}},{"type":"Feature","properties":{"id":"wat-b151","kind":"water","name":"Creek","acres":null,"editable":false,"source":"USGS 3DHP flowlines (Channel Line)"},"geometry":{"type":"LineString","coordinates":[[-111.181108,42.018244],[-111.181351,42.018293],[-111.181498,42.018217],[-111.181447,42.017926],[-111.181631,42.017415],[-111.181425,42.016948],[-111.18144,42.016619],[-111.18102,42.016064],[-111.181204,42.015889],[-111.181359,42.01484],[-111.180991,42.01434],[-111.18063,42.014033],[-111.180276,42.014071],[-111.180063,42.013863],[-111.179305,42.013786],[-111.179099,42.013632],[-111.178208,42.013753],[-111.177928,42.013681],[-111.177044,42.013824],[-111.176581,42.013676],[-111.176323,42.013829],[-111.175984,42.013824],[-111.175837,42.013676],[-111.175933,42.013538],[-111.175727,42.013176],[-111.175572,42.013077],[-111.17555,42.012616],[-111.17566,42.012391],[-111.175381,42.012243]]}},{"type":"Feature","properties":{"id":"wat-b152","kind":"water","name":"Creek","acres":null,"editable":false,"source":"USGS 3DHP flowlines (Channel Line)"},"geometry":{"type":"LineString","coordinates":[[-111.255287,41.945423],[-111.255104,41.944808],[-111.254325,41.944034],[-111.253752,41.943314],[-111.253525,41.942375],[-111.253158,41.941689],[-111.25307,41.940816],[-111.253306,41.940267],[-111.253306,41.940058],[-111.252836,41.939333],[-111.252807,41.938987],[-111.25297,41.93773],[-111.253228,41.937434],[-111.25325,41.937236]]}},{"type":"Feature","properties":{"id":"wat-b153","kind":"water","name":"Creek","acres":null,"editable":false,"source":"USGS 3DHP flowlines (Channel Line)"},"geometry":{"type":"LineString","coordinates":[[-111.418575,41.894213],[-111.417256,41.894033],[-111.416294,41.89373],[-111.415371,41.893603],[-111.414517,41.894448],[-111.413891,41.894779],[-111.413067,41.895084],[-111.411831,41.895796],[-111.410946,41.896078],[-111.408321,41.897132],[-111.407093,41.897389],[-111.40549,41.897615],[-111.404743,41.897915],[-111.404148,41.898228],[-111.40121,41.900521],[-111.399311,41.901627],[-111.398486,41.901972],[-111.398097,41.90227],[-111.398014,41.9025],[-111.397693,41.902614],[-111.397121,41.902616]]}},{"type":"Feature","properties":{"id":"wat-b154","kind":"water","name":"Creek","acres":null,"editable":false,"source":"USGS 3DHP flowlines (Channel Line)"},"geometry":{"type":"LineString","coordinates":[[-111.206307,42.078098],[-111.205953,42.077928],[-111.205069,42.078214]]}},{"type":"Feature","properties":{"id":"wat-b155","kind":"water","name":"Creek","acres":null,"editable":false,"source":"USGS 3DHP flowlines (Channel Line)"},"geometry":{"type":"LineString","coordinates":[[-111.389992,42.123129],[-111.390051,42.122871],[-111.389897,42.122777],[-111.38955,42.122761],[-111.388945,42.122975],[-111.388407,42.122969],[-111.387721,42.122892],[-111.387463,42.122705],[-111.387153,42.122738],[-111.38646,42.122512],[-111.386387,42.122287],[-111.386121,42.122117],[-111.386114,42.121848],[-111.385967,42.121771],[-111.385731,42.121787],[-111.385605,42.122188],[-111.385457,42.122232],[-111.385089,42.122089],[-111.384809,42.122078],[-111.384698,42.121792],[-111.384411,42.121776],[-111.384152,42.121907],[-111.383909,42.12216],[-111.383562,42.122313],[-111.383222,42.122714],[-111.383016,42.122741],[-111.38275,42.122692],[-111.382463,42.122307],[-111.382316,42.122252],[-111.38174,42.122269],[-111.381608,42.122071],[-111.381128,42.122318],[-111.380863,42.122279],[-111.380752,42.122202],[-111.380974,42.121835],[-111.380841,42.121615],[-111.380443,42.121692],[-111.380281,42.121587],[-111.380421,42.121417],[-111.380192,42.121324],[-111.380045,42.121346],[-111.379794,42.121225],[-111.379352,42.121224],[-111.378312,42.120883],[-111.377774,42.12079],[-111.377759,42.12062],[-111.377959,42.12051],[-111.377966,42.120389],[-111.377516,42.120351],[-111.376868,42.119927],[-111.376529,42.119905],[-111.376174,42.120114],[-111.375938,42.120075],[-111.375813,42.119976],[-111.375887,42.119729],[-111.375771,42.119597],[-111.37538,42.119553],[-111.375114,42.119383],[-111.374738,42.11934],[-111.374775,42.118703],[-111.375128,42.118494],[-111.375224,42.11828],[-111.375091,42.118164],[-111.374826,42.118159],[-111.374456,42.117704],[-111.373999,42.117479],[-111.373778,42.117243],[-111.373453,42.117161],[-111.373512,42.116957],[-111.373733,42.11682],[-111.373748,42.116606]]}},{"type":"Feature","properties":{"id":"wat-b156","kind":"water","name":"Creek","acres":null,"editable":false,"source":"USGS 3DHP flowlines (Channel Line)"},"geometry":{"type":"LineString","coordinates":[[-111.171043,42.046195],[-111.169702,42.046436],[-111.169208,42.046672],[-111.168987,42.046694],[-111.16775,42.046397],[-111.166991,42.046375],[-111.165732,42.046441],[-111.165105,42.046594],[-111.164022,42.04672],[-111.162682,42.046742],[-111.161849,42.047011],[-111.161282,42.046918],[-111.161054,42.046983],[-111.160663,42.04723],[-111.160228,42.047664],[-111.160103,42.049086],[-111.159727,42.049492],[-111.159579,42.05014],[-111.159365,42.050442],[-111.159107,42.050623],[-111.158636,42.050777],[-111.158083,42.050777],[-111.156573,42.051078],[-111.156013,42.051325],[-111.155283,42.05183],[-111.154731,42.05194],[-111.152823,42.052054],[-111.152447,42.052142]]}},{"type":"Feature","properties":{"id":"wat-b157","kind":"water","name":"Creek","acres":null,"editable":false,"source":"USGS 3DHP flowlines (Channel Line)"},"geometry":{"type":"LineString","coordinates":[[-111.188516,42.058104],[-111.188265,42.058263],[-111.188051,42.058604],[-111.188022,42.059114],[-111.187536,42.060169],[-111.187263,42.0613],[-111.187079,42.061662],[-111.186983,42.062837],[-111.186872,42.063002],[-111.186784,42.063787],[-111.186305,42.064489],[-111.185701,42.065873],[-111.185568,42.066834],[-111.185627,42.067042],[-111.185959,42.067295]]}},{"type":"Feature","properties":{"id":"wat-b158","kind":"water","name":"Creek","acres":null,"editable":false,"source":"USGS 3DHP flowlines (Channel Line)"},"geometry":{"type":"LineString","coordinates":[[-111.246037,41.987667],[-111.24642,41.987622]]}},{"type":"Feature","properties":{"id":"wat-b159","kind":"water","name":"Saint Charles Creek","acres":null,"editable":false,"source":"USGS 3DHP flowlines (Channel Line)"},"geometry":{"type":"LineString","coordinates":[[-111.44543,42.114435],[-111.445028,42.114268],[-111.444493,42.114695]]}},{"type":"Feature","properties":{"id":"wat-b160","kind":"water","name":"Creek","acres":null,"editable":false,"source":"USGS 3DHP flowlines (Channel Line)"},"geometry":{"type":"LineString","coordinates":[[-111.278362,41.925771],[-111.278656,41.925793],[-111.278928,41.925908],[-111.280442,41.926095],[-111.281868,41.926881],[-111.282419,41.92698],[-111.282735,41.927381],[-111.282956,41.928116],[-111.283294,41.928281],[-111.284132,41.928078],[-111.285198,41.928111],[-111.286706,41.927964],[-111.287242,41.928057]]}},{"type":"Feature","properties":{"id":"wat-b161","kind":"water","name":"Creek","acres":null,"editable":false,"source":"USGS 3DHP flowlines (Channel Line)"},"geometry":{"type":"LineString","coordinates":[[-111.218624,41.928573],[-111.21744,41.927014],[-111.217255,41.92624],[-111.216924,41.925707],[-111.21674,41.92518],[-111.216696,41.923962],[-111.216784,41.923714],[-111.217144,41.923456],[-111.217416,41.922913],[-111.21804,41.922259],[-111.218157,41.921254],[-111.218672,41.92053],[-111.219076,41.919706],[-111.219663,41.91892],[-111.220369,41.918448],[-111.220655,41.917905]]}},{"type":"Feature","properties":{"id":"wat-b162","kind":"water","name":"Spring Creek","acres":null,"editable":false,"source":"USGS 3DHP flowlines (Channel Line)"},"geometry":{"type":"LineString","coordinates":[[-111.417959,42.142161],[-111.417848,42.142046],[-111.417826,42.141837],[-111.416956,42.141173],[-111.415908,42.141173],[-111.41295,42.141688],[-111.41219,42.141968],[-111.410943,42.142176],[-111.410508,42.142292],[-111.409902,42.142692],[-111.409091,42.142945],[-111.408545,42.143257],[-111.408109,42.143285],[-111.4078,42.143383],[-111.40735,42.143372],[-111.406575,42.143581]]}},{"type":"Feature","properties":{"id":"wat-b163","kind":"water","name":"Creek","acres":null,"editable":false,"source":"USGS 3DHP flowlines (Channel Line)"},"geometry":{"type":"LineString","coordinates":[[-111.244703,41.919092],[-111.24574,41.919574],[-111.247652,41.919952],[-111.247857,41.919941]]}},{"type":"Feature","properties":{"id":"wat-b164","kind":"water","name":"Cottonwood Creek","acres":null,"editable":false,"source":"USGS 3DHP flowlines (Channel Line)"},"geometry":{"type":"LineString","coordinates":[[-111.244536,41.888384],[-111.245184,41.889613],[-111.245919,41.890255],[-111.246332,41.891057],[-111.246302,41.891293],[-111.246538,41.891616],[-111.246905,41.891803],[-111.247177,41.891786],[-111.248353,41.89228],[-111.249066,41.892389],[-111.249309,41.892532],[-111.250023,41.893234],[-111.251681,41.893877],[-111.252093,41.893921]]}},{"type":"Feature","properties":{"id":"wat-b165","kind":"water","name":"Creek","acres":null,"editable":false,"source":"USGS 3DHP flowlines (Channel Line)"},"geometry":{"type":"LineString","coordinates":[[-111.164254,41.979807],[-111.162804,41.980625],[-111.161619,41.981689],[-111.161391,41.982068],[-111.161236,41.982722],[-111.161272,41.983567],[-111.161073,41.984555],[-111.161051,41.985203],[-111.161219,41.986609],[-111.161102,41.98679],[-111.160984,41.987405],[-111.161064,41.987894],[-111.160968,41.988679],[-111.160593,41.989568],[-111.160585,41.990232],[-111.160187,41.991511],[-111.160327,41.991753]]}},{"type":"Feature","properties":{"id":"wat-b166","kind":"water","name":"Creek","acres":null,"editable":false,"source":"USGS 3DHP flowlines (Channel Line)"},"geometry":{"type":"LineString","coordinates":[[-111.239362,42.034324],[-111.239804,42.034313],[-111.240997,42.033785],[-111.241726,42.033714],[-111.242771,42.033494],[-111.244355,42.033778],[-111.245268,42.033772],[-111.245821,42.033871],[-111.247014,42.033744],[-111.248141,42.033979],[-111.249416,42.035044],[-111.249468,42.035456],[-111.250132,42.036433],[-111.250176,42.036806],[-111.250059,42.037454],[-111.250118,42.037904],[-111.250472,42.038046]]}},{"type":"Feature","properties":{"id":"wat-b167","kind":"water","name":"Creek","acres":null,"editable":false,"source":"USGS 3DHP flowlines (Channel Line)"},"geometry":{"type":"LineString","coordinates":[[-111.457579,41.918674],[-111.455099,41.918112],[-111.453069,41.917319],[-111.451734,41.91664],[-111.449987,41.915363],[-111.448049,41.914533],[-111.447279,41.914081],[-111.446462,41.913769],[-111.444692,41.912772],[-111.444379,41.912494]]}},{"type":"Feature","properties":{"id":"wat-b168","kind":"water","name":"Saint Charles Creek","acres":null,"editable":false,"source":"USGS 3DHP flowlines (Channel Line)"},"geometry":{"type":"LineString","coordinates":[[-111.418605,42.120939],[-111.418331,42.121022],[-111.417963,42.121427],[-111.417162,42.121108],[-111.416159,42.121288],[-111.415631,42.121184],[-111.41521,42.121442],[-111.414939,42.121327],[-111.414757,42.121357]]}},{"type":"Feature","properties":{"id":"wat-b169","kind":"water","name":"Creek","acres":null,"editable":false,"source":"USGS 3DHP flowlines (Channel Line)"},"geometry":{"type":"LineString","coordinates":[[-111.451298,42.007786],[-111.450301,42.008028],[-111.448559,42.008736],[-111.446762,42.00935],[-111.44493,42.0095],[-111.442516,42.009846],[-111.439382,42.010435],[-111.436667,42.010416],[-111.435772,42.010516],[-111.434977,42.010719],[-111.433725,42.011251],[-111.43306,42.011402],[-111.43237,42.011771],[-111.431975,42.011891],[-111.427556,42.012271],[-111.42463,42.0124],[-111.419739,42.013058],[-111.418191,42.013144]]}},{"type":"Feature","properties":{"id":"wat-b170","kind":"water","name":"Saint Charles Creek","acres":null,"editable":false,"source":"USGS 3DHP flowlines (Channel Line)"},"geometry":{"type":"LineString","coordinates":[[-111.443712,42.115003],[-111.443511,42.115078],[-111.443445,42.11494],[-111.443266,42.114874],[-111.443216,42.114995],[-111.44289,42.115021],[-111.442769,42.114895],[-111.442104,42.114684],[-111.441463,42.115133]]}},{"type":"Feature","properties":{"id":"wat-b171","kind":"water","name":"Richardson Fork","acres":null,"editable":false,"source":"USGS 3DHP flowlines (Channel Line)"},"geometry":{"type":"LineString","coordinates":[[-111.435666,41.892222],[-111.434972,41.891459],[-111.435056,41.891026],[-111.435529,41.890619],[-111.435452,41.889836],[-111.435002,41.889247],[-111.434857,41.888861],[-111.434895,41.888658],[-111.435147,41.888292],[-111.435155,41.887954],[-111.434712,41.887402],[-111.433759,41.886604],[-111.432698,41.886261],[-111.431706,41.886193],[-111.431134,41.885907],[-111.430897,41.885543],[-111.430829,41.884219],[-111.430691,41.883905],[-111.430478,41.883541],[-111.430111,41.88324],[-111.429562,41.882508]]}},{"type":"Feature","properties":{"id":"wat-b172","kind":"water","name":"Creek","acres":null,"editable":false,"source":"USGS 3DHP flowlines (Channel Line)"},"geometry":{"type":"LineString","coordinates":[[-111.186773,41.907066],[-111.187228,41.907598],[-111.187912,41.907983],[-111.188059,41.908252],[-111.188162,41.909235],[-111.188493,41.909817],[-111.189603,41.910799],[-111.18972,41.911002],[-111.189809,41.911249],[-111.18975,41.911639],[-111.189448,41.912265],[-111.188713,41.913309],[-111.188684,41.914077],[-111.188875,41.914923],[-111.18997,41.915905],[-111.19047,41.916833]]}},{"type":"Feature","properties":{"id":"wat-b173","kind":"water","name":"Creek","acres":null,"editable":false,"source":"USGS 3DHP flowlines (Channel Line)"},"geometry":{"type":"LineString","coordinates":[[-111.194903,42.122626],[-111.194586,42.122434],[-111.194298,42.122406],[-111.19418,42.122302],[-111.19362,42.122132]]}},{"type":"Feature","properties":{"id":"wat-b174","kind":"water","name":"Creek","acres":null,"editable":false,"source":"USGS 3DHP flowlines (Channel Line)"},"geometry":{"type":"LineString","coordinates":[[-111.231661,42.146],[-111.231248,42.146335],[-111.231013,42.146912],[-111.230703,42.147856],[-111.230778,42.14823],[-111.231472,42.149108],[-111.233088,42.149354]]}},{"type":"Feature","properties":{"id":"wat-b175","kind":"water","name":"Creek","acres":null,"editable":false,"source":"USGS 3DHP flowlines (Channel Line)"},"geometry":{"type":"LineString","coordinates":[[-111.26066,41.851505],[-111.260242,41.850912],[-111.260272,41.850308],[-111.260022,41.849605],[-111.260148,41.84887],[-111.260076,41.847201],[-111.260605,41.846569],[-111.260907,41.845966],[-111.262075,41.845077],[-111.262281,41.844808],[-111.262384,41.844605],[-111.262362,41.843957],[-111.262649,41.84304],[-111.263399,41.841728],[-111.263216,41.841173]]}},{"type":"Feature","properties":{"id":"wat-b176","kind":"water","name":"Creek","acres":null,"editable":false,"source":"USGS 3DHP flowlines (Channel Line)"},"geometry":{"type":"LineString","coordinates":[[-111.174053,41.923284],[-111.175053,41.922785],[-111.175311,41.922735],[-111.176156,41.922779],[-111.177472,41.922647],[-111.178457,41.922752],[-111.178678,41.922845],[-111.179031,41.923186],[-111.179325,41.923191],[-111.181722,41.922483],[-111.18331,41.921649],[-111.184089,41.921072],[-111.184413,41.920644],[-111.184743,41.919853],[-111.185266,41.919551]]}},{"type":"Feature","properties":{"id":"wat-b177","kind":"water","name":"Creek","acres":null,"editable":false,"source":"USGS 3DHP flowlines (Channel Line)"},"geometry":{"type":"LineString","coordinates":[[-111.227912,41.965861],[-111.227419,41.966323],[-111.227213,41.966745],[-111.22661,41.96713],[-111.226382,41.967459],[-111.225433,41.967641],[-111.224279,41.968344],[-111.224051,41.968981],[-111.223786,41.969376],[-111.223721,41.969969],[-111.223875,41.970496],[-111.224538,41.971161],[-111.225017,41.972253],[-111.22526,41.9725],[-111.225723,41.972697],[-111.226496,41.97273],[-111.22718,41.973114],[-111.228439,41.974113],[-111.228675,41.974179],[-111.229087,41.974157],[-111.230147,41.974497],[-111.23114,41.97499],[-111.231575,41.975429],[-111.232657,41.975923],[-111.233032,41.976049],[-111.233849,41.976093],[-111.234438,41.976773],[-111.235042,41.977223]]}},{"type":"Feature","properties":{"id":"wat-b178","kind":"water","name":"Creek","acres":null,"editable":false,"source":"USGS 3DHP flowlines (Channel Line)"},"geometry":{"type":"LineString","coordinates":[[-111.422948,42.103597],[-111.422588,42.10311],[-111.422694,42.102403],[-111.422624,42.102054],[-111.422355,42.101546],[-111.421602,42.100518],[-111.421412,42.100039],[-111.421346,42.09868],[-111.421428,42.098564],[-111.421047,42.097834],[-111.421108,42.097318],[-111.420597,42.096811],[-111.420758,42.096079],[-111.421287,42.095352],[-111.42127,42.09491],[-111.421037,42.094745],[-111.420905,42.094466],[-111.420607,42.094256],[-111.420541,42.094057],[-111.420265,42.093785],[-111.419797,42.093517],[-111.419638,42.093282],[-111.419433,42.093233]]}},{"type":"Feature","properties":{"id":"wat-b179","kind":"water","name":"Swan Creek","acres":null,"editable":false,"source":"USGS 3DHP flowlines (Channel Line)"},"geometry":{"type":"LineString","coordinates":[[-111.41588,41.984869],[-111.414888,41.984857],[-111.414245,41.984511],[-111.413738,41.984493],[-111.412201,41.984892],[-111.40894,41.98547],[-111.408727,41.985399],[-111.408722,41.985318],[-111.409061,41.984721],[-111.408985,41.984554],[-111.408808,41.984524],[-111.408268,41.984857]]}},{"type":"Feature","properties":{"id":"wat-b180","kind":"water","name":"Creek","acres":null,"editable":false,"source":"USGS 3DHP flowlines (Channel Line)"},"geometry":{"type":"LineString","coordinates":[[-111.212351,41.984363],[-111.212933,41.984363],[-111.213978,41.984061],[-111.214272,41.983155],[-111.214595,41.982798]]}},{"type":"Feature","properties":{"id":"wat-b181","kind":"water","name":"Creek","acres":null,"editable":false,"source":"USGS 3DHP flowlines (Channel Line)"},"geometry":{"type":"LineString","coordinates":[[-111.182496,41.97562],[-111.182938,41.976086],[-111.183254,41.977102],[-111.183254,41.977459],[-111.183328,41.977624],[-111.183762,41.97803],[-111.183894,41.978722],[-111.184284,41.979287],[-111.184343,41.980237],[-111.184534,41.981127],[-111.184792,41.981687],[-111.184792,41.982104]]}},{"type":"Feature","properties":{"id":"wat-b182","kind":"water","name":"Creek","acres":null,"editable":false,"source":"USGS 3DHP flowlines (Channel Line)"},"geometry":{"type":"LineString","coordinates":[[-111.239498,42.084391],[-111.240007,42.084659],[-111.240723,42.085872],[-111.241733,42.086273],[-111.241866,42.086437],[-111.242736,42.0867],[-111.243341,42.087008],[-111.243798,42.087029],[-111.244351,42.086787],[-111.244771,42.086727],[-111.245154,42.086397],[-111.245913,42.086095],[-111.246546,42.085595],[-111.247216,42.085331],[-111.247636,42.085078],[-111.248292,42.084485],[-111.249537,42.083699],[-111.250509,42.083556],[-111.250976,42.083254],[-111.251455,42.083337],[-111.251632,42.083287],[-111.252413,42.082876],[-111.25329,42.082915],[-111.254403,42.083218],[-111.254809,42.083234],[-111.255435,42.083031],[-111.256003,42.082669],[-111.256519,42.082477]]}},{"type":"Feature","properties":{"id":"wat-b183","kind":"water","name":"Creek","acres":null,"editable":false,"source":"USGS 3DHP flowlines (Channel Line)"},"geometry":{"type":"LineString","coordinates":[[-111.203675,41.893498],[-111.203933,41.894826],[-111.204352,41.895633],[-111.205021,41.896534],[-111.205756,41.898263],[-111.205859,41.898691],[-111.206057,41.899004],[-111.206183,41.899625]]}},{"type":"Feature","properties":{"id":"wat-b184","kind":"water","name":"Creek","acres":null,"editable":false,"source":"USGS 3DHP flowlines (Channel Line)"},"geometry":{"type":"LineString","coordinates":[[-111.149546,41.990076],[-111.149788,41.990092],[-111.150289,41.989911],[-111.150539,41.989373]]}},{"type":"Feature","properties":{"id":"wat-b185","kind":"water","name":"Indian Creek","acres":null,"editable":false,"source":"USGS 3DHP flowlines (Channel Line)"},"geometry":{"type":"LineString","coordinates":[[-111.225038,42.110168],[-111.224927,42.110047],[-111.224558,42.109926],[-111.224315,42.10941],[-111.224278,42.109191],[-111.224388,42.108828],[-111.224329,42.108581],[-111.224653,42.107368],[-111.224675,42.106951],[-111.224505,42.1065],[-111.224232,42.106144]]}},{"type":"Feature","properties":{"id":"wat-b186","kind":"water","name":"Creek","acres":null,"editable":false,"source":"USGS 3DHP flowlines (Channel Line)"},"geometry":{"type":"LineString","coordinates":[[-111.174279,42.068881],[-111.174257,42.069079],[-111.174463,42.069348],[-111.174441,42.069946],[-111.174264,42.070254],[-111.174117,42.070243],[-111.173969,42.070341],[-111.173873,42.070803],[-111.173954,42.071033],[-111.173519,42.071456],[-111.17349,42.071643],[-111.173608,42.071813],[-111.173416,42.072115],[-111.173423,42.07257],[-111.173151,42.072686],[-111.17304,42.072922],[-111.173136,42.073026],[-111.173084,42.07313],[-111.172885,42.073207],[-111.172775,42.073548],[-111.172568,42.073756],[-111.172664,42.07402],[-111.172185,42.074152],[-111.172104,42.074289],[-111.171868,42.074382],[-111.172023,42.074898],[-111.171986,42.074975],[-111.17172,42.074959],[-111.171728,42.075343],[-111.171632,42.075519],[-111.171072,42.075958],[-111.17099,42.076337],[-111.17116,42.076452],[-111.17116,42.076644],[-111.171049,42.076831],[-111.170791,42.07716],[-111.170364,42.077369],[-111.170202,42.077539],[-111.170187,42.077868],[-111.170739,42.078165],[-111.170474,42.078692],[-111.170702,42.078868],[-111.17071,42.079252],[-111.170569,42.07979],[-111.170643,42.080169],[-111.170363,42.080487],[-111.170356,42.080756],[-111.169987,42.08114],[-111.169935,42.081399],[-111.17037,42.081689],[-111.170842,42.081624],[-111.171019,42.08169],[-111.171144,42.082425],[-111.171262,42.082623],[-111.171143,42.083013],[-111.171232,42.083705],[-111.170951,42.084621],[-111.170649,42.085],[-111.170855,42.085148],[-111.170841,42.085242],[-111.170192,42.087246],[-111.169771,42.087619],[-111.169742,42.087921],[-111.169439,42.088009],[-111.168894,42.088596],[-111.168459,42.088832],[-111.167987,42.089244],[-111.167493,42.089397],[-111.166557,42.089282],[-111.165724,42.088991],[-111.165289,42.088475],[-111.164405,42.087909],[-111.163506,42.088112],[-111.163432,42.088277],[-111.16355,42.08848],[-111.163328,42.088963],[-111.162938,42.089051],[-111.162621,42.089221],[-111.162326,42.089215],[-111.16206,42.089473],[-111.161883,42.089397],[-111.161257,42.089523],[-111.161087,42.089369],[-111.160623,42.089314],[-111.160564,42.089127],[-111.160262,42.089006],[-111.160055,42.089187],[-111.159746,42.089204],[-111.159657,42.089407],[-111.159414,42.089445],[-111.157792,42.090208]]}},{"type":"Feature","properties":{"id":"wat-b187","kind":"water","name":"Creek","acres":null,"editable":false,"source":"USGS 3DHP flowlines (Channel Line)"},"geometry":{"type":"LineString","coordinates":[[-111.212982,42.074517],[-111.212496,42.074775],[-111.211516,42.074995],[-111.210927,42.075209],[-111.210595,42.075231],[-111.209401,42.076456],[-111.209048,42.076637],[-111.208657,42.076983],[-111.207817,42.077456],[-111.206764,42.077758]]}},{"type":"Feature","properties":{"id":"wat-b188","kind":"water","name":"Creek","acres":null,"editable":false,"source":"USGS 3DHP flowlines (Channel Line)"},"geometry":{"type":"LineString","coordinates":[[-111.213201,42.104083],[-111.213392,42.103506],[-111.213318,42.103045],[-111.212905,42.102853],[-111.212632,42.102825],[-111.211866,42.102946],[-111.210295,42.102952],[-111.208828,42.102848],[-111.207545,42.102964],[-111.206631,42.10287],[-111.2061,42.102486],[-111.205886,42.101987],[-111.205384,42.101399],[-111.205038,42.100735]]}},{"type":"Feature","properties":{"id":"wat-b189","kind":"water","name":"Creek","acres":null,"editable":false,"source":"USGS 3DHP flowlines (Channel Line)"},"geometry":{"type":"LineString","coordinates":[[-111.193399,42.139525],[-111.193326,42.140293],[-111.193754,42.140628],[-111.193754,42.141188],[-111.193901,42.141403],[-111.194314,42.141704],[-111.194373,42.142166],[-111.194278,42.142742],[-111.193658,42.144691],[-111.193326,42.145262],[-111.193164,42.14636],[-111.193267,42.146909]]}},{"type":"Feature","properties":{"id":"wat-b190","kind":"water","name":"Creek","acres":null,"editable":false,"source":"USGS 3DHP flowlines (Channel Line)"},"geometry":{"type":"LineString","coordinates":[[-111.211519,42.00401],[-111.211033,42.004016],[-111.210607,42.004159],[-111.209988,42.004098],[-111.208803,42.003681],[-111.207353,42.00355],[-111.206624,42.003385],[-111.20619,42.00344],[-111.20574,42.003385],[-111.203657,42.002595],[-111.203436,42.002425],[-111.201942,42.001799],[-111.201537,42.001399],[-111.201036,42.00113],[-111.198666,42.000982],[-111.197554,42.001097],[-111.195788,42.001053],[-111.19525,42.000543],[-111.195022,42.000455],[-111.194551,42.000455],[-111.194235,42.000373],[-111.193064,41.999689],[-111.192454,41.999464],[-111.191975,41.999475],[-111.190245,41.999838],[-111.189929,41.999646]]}},{"type":"Feature","properties":{"id":"wat-b191","kind":"water","name":"Creek","acres":null,"editable":false,"source":"USGS 3DHP flowlines (Channel Line)"},"geometry":{"type":"LineString","coordinates":[[-111.24007,42.025979],[-111.240548,42.026033],[-111.242655,42.025994],[-111.243259,42.026175],[-111.243612,42.026169],[-111.244068,42.026075],[-111.244878,42.025493],[-111.245887,42.025438],[-111.246682,42.025218],[-111.247124,42.02519],[-111.247389,42.025261],[-111.247743,42.025524],[-111.248237,42.026276],[-111.248487,42.02643],[-111.249025,42.02705],[-111.249733,42.027637],[-111.250477,42.028411],[-111.250992,42.028559],[-111.251228,42.028345],[-111.251795,42.028285],[-111.253075,42.029445],[-111.253575,42.030576],[-111.25451,42.03062],[-111.255239,42.0309],[-111.255974,42.031878],[-111.25607,42.032257],[-111.256261,42.032532],[-111.256725,42.032444],[-111.25755,42.031978],[-111.258331,42.031665],[-111.25906,42.03166]]}},{"type":"Feature","properties":{"id":"wat-b192","kind":"water","name":"Creek","acres":null,"editable":false,"source":"USGS 3DHP flowlines (Channel Line)"},"geometry":{"type":"LineString","coordinates":[[-111.191551,41.920891],[-111.192154,41.920907],[-111.193169,41.921286]]}},{"type":"Feature","properties":{"id":"wat-b193","kind":"water","name":"Creek","acres":null,"editable":false,"source":"USGS 3DHP flowlines (Channel Line)"},"geometry":{"type":"LineString","coordinates":[[-111.214868,41.895252],[-111.214545,41.895719],[-111.214625,41.895988],[-111.214435,41.896444],[-111.214281,41.89769],[-111.21434,41.898173],[-111.214105,41.900155],[-111.214158,41.901858],[-111.214092,41.902692],[-111.213783,41.903362],[-111.21371,41.904284],[-111.213277,41.905141],[-111.213035,41.90591],[-111.212697,41.906223],[-111.212168,41.907052],[-111.211676,41.908095],[-111.211712,41.908353],[-111.212073,41.908787]]}},{"type":"Feature","properties":{"id":"wat-b194","kind":"water","name":"Creek","acres":null,"editable":false,"source":"USGS 3DHP flowlines (Channel Line)"},"geometry":{"type":"LineString","coordinates":[[-111.419102,41.889],[-111.416462,41.889231],[-111.414875,41.889885],[-111.413906,41.890064],[-111.412334,41.88966],[-111.410732,41.889778],[-111.409748,41.889701],[-111.408436,41.889233],[-111.407337,41.888966],[-111.405361,41.888847],[-111.403103,41.888513],[-111.401584,41.888392],[-111.399852,41.888065],[-111.397937,41.887581]]}},{"type":"Feature","properties":{"id":"wat-b195","kind":"water","name":"North Fork Sixmile Creek","acres":null,"editable":false,"source":"USGS 3DHP flowlines (Channel Line)"},"geometry":{"type":"LineString","coordinates":[[-111.153745,41.886098],[-111.153649,41.885895],[-111.153672,41.885407],[-111.154054,41.885044],[-111.153996,41.884644],[-111.154201,41.884479],[-111.154312,41.88421],[-111.154312,41.883826],[-111.154687,41.883436],[-111.154908,41.88264],[-111.155216,41.882437],[-111.155378,41.882009],[-111.155709,41.881739],[-111.155511,41.881328],[-111.155562,41.880949],[-111.155327,41.880702],[-111.155423,41.880356],[-111.155556,41.880219],[-111.155291,41.879955],[-111.155321,41.879483],[-111.155012,41.879049],[-111.155027,41.878758],[-111.155262,41.878648],[-111.155321,41.878511],[-111.155116,41.878242],[-111.154506,41.877781],[-111.154367,41.87727],[-111.154117,41.877056],[-111.153772,41.876512],[-111.153824,41.876177],[-111.153538,41.875727]]}},{"type":"Feature","properties":{"id":"wat-b196","kind":"water","name":"Little Creek","acres":null,"editable":false,"source":"USGS 3DHP flowlines (Channel Line)"},"geometry":{"type":"LineString","coordinates":[[-111.258524,41.9363],[-111.259105,41.936234],[-111.259634,41.93607],[-111.26179,41.934939],[-111.263364,41.93444],[-111.264504,41.9337],[-111.264997,41.93359],[-111.26546,41.933596],[-111.265769,41.933376]]}},{"type":"Feature","properties":{"id":"wat-b197","kind":"water","name":"Creek","acres":null,"editable":false,"source":"USGS 3DHP flowlines (Channel Line)"},"geometry":{"type":"LineString","coordinates":[[-111.444542,41.944528],[-111.444244,41.944487],[-111.443824,41.944714],[-111.442754,41.944915],[-111.441549,41.94487],[-111.440827,41.945029],[-111.439916,41.945867],[-111.437589,41.946876],[-111.436259,41.947919],[-111.435602,41.948317],[-111.435065,41.948548],[-111.433125,41.949027]]}},{"type":"Feature","properties":{"id":"wat-b198","kind":"water","name":"Creek","acres":null,"editable":false,"source":"USGS 3DHP flowlines (Channel Line)"},"geometry":{"type":"LineString","coordinates":[[-111.258188,41.950816],[-111.259063,41.950361],[-111.25952,41.949955],[-111.259799,41.949538],[-111.260301,41.948193],[-111.26014,41.947353],[-111.260155,41.946968],[-111.260427,41.946128],[-111.260274,41.945436],[-111.260348,41.944712],[-111.259959,41.943674],[-111.259746,41.942686],[-111.259886,41.942181],[-111.260255,41.941577],[-111.260167,41.940841],[-111.260006,41.940468],[-111.260455,41.939403],[-111.26047,41.938513],[-111.260368,41.93786],[-111.260148,41.937602],[-111.258788,41.93714],[-111.258619,41.936991],[-111.258524,41.9363]]}},{"type":"Feature","properties":{"id":"wat-b199","kind":"water","name":"Creek","acres":null,"editable":false,"source":"USGS 3DHP flowlines (Channel Line)"},"geometry":{"type":"LineString","coordinates":[[-111.231756,42.057716],[-111.232287,42.058359],[-111.232707,42.058622]]}},{"type":"Feature","properties":{"id":"wat-b200","kind":"water","name":"Creek","acres":null,"editable":false,"source":"USGS 3DHP flowlines (Channel Line)"},"geometry":{"type":"LineString","coordinates":[[-111.446958,41.936716],[-111.445364,41.937425],[-111.444646,41.937518],[-111.444165,41.937515],[-111.443029,41.937312],[-111.442304,41.937351],[-111.441228,41.937292],[-111.440336,41.937089],[-111.439939,41.937104],[-111.439435,41.937254],[-111.438665,41.937712],[-111.437604,41.938806],[-111.437047,41.939119],[-111.433965,41.93968],[-111.432263,41.940411],[-111.430669,41.940737],[-111.429265,41.941224],[-111.428418,41.941399],[-111.427891,41.941405],[-111.426999,41.941278],[-111.424641,41.940611],[-111.422291,41.940345],[-111.421414,41.940101],[-111.419781,41.939895]]}},{"type":"Feature","properties":{"id":"wat-b201","kind":"water","name":"Creek","acres":null,"editable":false,"source":"USGS 3DHP flowlines (Channel Line)"},"geometry":{"type":"LineString","coordinates":[[-111.413685,41.87764],[-111.411617,41.878229],[-111.407596,41.880161],[-111.404781,41.881005],[-111.403781,41.881458],[-111.402057,41.881928],[-111.40047,41.882776],[-111.399944,41.88298],[-111.399364,41.8831],[-111.398555,41.883382],[-111.397121,41.883612],[-111.396083,41.883579],[-111.395114,41.883439],[-111.393916,41.883542],[-111.393611,41.883655]]}},{"type":"Feature","properties":{"id":"wat-b202","kind":"water","name":"Creek","acres":null,"editable":false,"source":"USGS 3DHP flowlines (Channel Line)"},"geometry":{"type":"LineString","coordinates":[[-111.221386,41.980342],[-111.220989,41.980523]]}},{"type":"Feature","properties":{"id":"wat-b203","kind":"water","name":"Creek","acres":null,"editable":false,"source":"USGS 3DHP flowlines (Channel Line)"},"geometry":{"type":"LineString","coordinates":[[-111.162843,41.994576],[-111.163056,41.99479],[-111.163078,41.994927],[-111.163387,41.994922],[-111.163461,41.995229],[-111.163233,41.995454],[-111.163247,41.995537],[-111.163446,41.995624],[-111.16363,41.995938],[-111.16374,41.995916],[-111.163851,41.995668],[-111.163969,41.995668],[-111.164182,41.995899],[-111.164491,41.996053],[-111.164425,41.996481],[-111.165102,41.996448],[-111.165661,41.996613],[-111.165882,41.996816],[-111.166456,41.99691],[-111.166603,41.997129],[-111.166912,41.997184],[-111.167059,41.997338],[-111.16731,41.997333],[-111.167449,41.99747],[-111.167979,41.997492],[-111.168156,41.997563],[-111.168384,41.997487],[-111.169113,41.99764],[-111.169628,41.997531],[-111.169856,41.9973],[-111.170143,41.99735],[-111.170261,41.997267],[-111.170585,41.997278],[-111.171181,41.997158],[-111.172087,41.996642],[-111.172175,41.996235],[-111.172727,41.99573],[-111.173139,41.995599],[-111.173213,41.995297],[-111.173338,41.995187],[-111.173714,41.995077]]}},{"type":"Feature","properties":{"id":"wat-b204","kind":"water","name":"Creek","acres":null,"editable":false,"source":"USGS 3DHP flowlines (Channel Line)"},"geometry":{"type":"LineString","coordinates":[[-111.242616,41.902539],[-111.243337,41.903165],[-111.244249,41.904273],[-111.245139,41.90497],[-111.24586,41.905711],[-111.246559,41.907072],[-111.246964,41.907429],[-111.248309,41.907966],[-111.248714,41.908268],[-111.248957,41.908246],[-111.249853,41.907718],[-111.25,41.907696],[-111.250404,41.907811],[-111.250903,41.908355],[-111.25116,41.909085],[-111.251203,41.909448],[-111.251019,41.909903]]}},{"type":"Feature","properties":{"id":"wat-b205","kind":"water","name":"Creek","acres":null,"editable":false,"source":"USGS 3DHP flowlines (Channel Line)"},"geometry":{"type":"LineString","coordinates":[[-111.274502,41.925523],[-111.275164,41.925457],[-111.277119,41.925864],[-111.27781,41.925699]]}},{"type":"Feature","properties":{"id":"wat-b206","kind":"water","name":"Creek","acres":null,"editable":false,"source":"USGS 3DHP flowlines (Channel Line)"},"geometry":{"type":"LineString","coordinates":[[-111.425366,41.909513],[-111.421543,41.910842],[-111.420574,41.911255]]}},{"type":"Feature","properties":{"id":"wat-b207","kind":"water","name":"Creek","acres":null,"editable":false,"source":"USGS 3DHP flowlines (Channel Line)"},"geometry":{"type":"LineString","coordinates":[[-111.200056,41.951768],[-111.1991,41.953191],[-111.198585,41.953729],[-111.195172,41.954964],[-111.194363,41.955343],[-111.193502,41.956084],[-111.192311,41.956936],[-111.191627,41.957314],[-111.190295,41.958259],[-111.188537,41.959302],[-111.187081,41.960631],[-111.186213,41.961251],[-111.185801,41.961449],[-111.184653,41.961685],[-111.183697,41.962036],[-111.181306,41.962613],[-111.180504,41.962882],[-111.179533,41.963381],[-111.17901,41.963497],[-111.17876,41.963628],[-111.177914,41.964408]]}},{"type":"Feature","properties":{"id":"wat-b208","kind":"water","name":"Creek","acres":null,"editable":false,"source":"USGS 3DHP flowlines (Channel Line)"},"geometry":{"type":"LineString","coordinates":[[-111.213964,41.915068],[-111.213869,41.915128],[-111.213955,41.915268]]}},{"type":"Feature","properties":{"id":"wat-b209","kind":"water","name":"Creek","acres":null,"editable":false,"source":"USGS 3DHP flowlines (Channel Line)"},"geometry":{"type":"LineString","coordinates":[[-111.437708,42.054625],[-111.435635,42.054463],[-111.434726,42.054211],[-111.433542,42.054049],[-111.431647,42.053497],[-111.43044,42.053525],[-111.429978,42.053661],[-111.429681,42.053545],[-111.42943,42.053627],[-111.429157,42.053618],[-111.429035,42.053699],[-111.428764,42.053642],[-111.42775,42.053662],[-111.427399,42.053575],[-111.426774,42.053655],[-111.426472,42.053837],[-111.426241,42.053881],[-111.42582,42.05353],[-111.425303,42.053658],[-111.42485,42.053549],[-111.424299,42.053315],[-111.423859,42.052861],[-111.423327,42.052577],[-111.42205,42.051404],[-111.421276,42.050925],[-111.421074,42.050704],[-111.420848,42.050109],[-111.420827,42.049532],[-111.420364,42.049236],[-111.420178,42.04897],[-111.420198,42.048142],[-111.419683,42.047125]]}},{"type":"Feature","properties":{"id":"wat-b210","kind":"water","name":"Fish Haven Creek","acres":null,"editable":false,"source":"USGS 3DHP flowlines (Channel Line)"},"geometry":{"type":"LineString","coordinates":[[-111.433648,42.041505],[-111.433442,42.040877],[-111.433029,42.040767],[-111.432539,42.040755],[-111.431744,42.040474],[-111.43133,42.040451],[-111.43104,42.040296],[-111.430676,42.040265],[-111.429862,42.040375],[-111.429308,42.040099]]}},{"type":"Feature","properties":{"id":"wat-b211","kind":"water","name":"Creek","acres":null,"editable":false,"source":"USGS 3DHP flowlines (Channel Line)"},"geometry":{"type":"LineString","coordinates":[[-111.239528,42.039474],[-111.240471,42.039062],[-111.241259,42.03882],[-111.241892,42.038765],[-111.242444,42.0386],[-111.242776,42.038385],[-111.243136,42.038303],[-111.244455,42.03867],[-111.24587,42.038938],[-111.246245,42.038735],[-111.246827,42.038658],[-111.247114,42.038746],[-111.247564,42.039404],[-111.247734,42.039508],[-111.248485,42.039761],[-111.249192,42.039733],[-111.24945,42.039551],[-111.249802,42.038585],[-111.250119,42.038189],[-111.250472,42.038046]]}},{"type":"Feature","properties":{"id":"wat-b212","kind":"water","name":"Creek","acres":null,"editable":false,"source":"USGS 3DHP flowlines (Channel Line)"},"geometry":{"type":"LineString","coordinates":[[-111.160654,42.121405],[-111.160616,42.1218],[-111.160874,42.122442],[-111.160911,42.122969],[-111.160675,42.123233],[-111.160726,42.123793]]}},{"type":"Feature","properties":{"id":"wat-b213","kind":"water","name":"Creek","acres":null,"editable":false,"source":"USGS 3DHP flowlines (Channel Line)"},"geometry":{"type":"LineString","coordinates":[[-111.204729,42.078225],[-111.203838,42.078038],[-111.202821,42.07828],[-111.202224,42.078615],[-111.20089,42.078698],[-111.200573,42.078796],[-111.200013,42.079258],[-111.19963,42.079356],[-111.199387,42.079543],[-111.19862,42.079752],[-111.198156,42.079757],[-111.197905,42.079917],[-111.197625,42.080301],[-111.196955,42.080548],[-111.196645,42.080592],[-111.195864,42.080263]]}},{"type":"Feature","properties":{"id":"wat-b214","kind":"water","name":"Creek","acres":null,"editable":false,"source":"USGS 3DHP flowlines (Channel Line)"},"geometry":{"type":"LineString","coordinates":[[-111.197909,42.104085],[-111.197813,42.104189],[-111.197673,42.105183],[-111.197445,42.105342],[-111.197098,42.105348],[-111.19639,42.105194],[-111.195292,42.105172],[-111.193832,42.104947],[-111.193176,42.105008],[-111.192556,42.105151],[-111.192306,42.105365],[-111.192011,42.105425],[-111.191156,42.106073],[-111.190588,42.10615],[-111.190322,42.106035],[-111.189659,42.10615],[-111.189386,42.106046],[-111.188317,42.105936],[-111.187624,42.106035],[-111.186245,42.106018],[-111.185972,42.105919],[-111.184549,42.104964]]}},{"type":"Feature","properties":{"id":"wat-b215","kind":"water","name":"Creek","acres":null,"editable":false,"source":"USGS 3DHP flowlines (Channel Line)"},"geometry":{"type":"LineString","coordinates":[[-111.2321,42.075598],[-111.232667,42.074923],[-111.233269,42.072666],[-111.233829,42.071842],[-111.235059,42.071013],[-111.235427,42.070628],[-111.235906,42.070364],[-111.237542,42.070342]]}},{"type":"Feature","properties":{"id":"wat-b216","kind":"water","name":"Sixmile Creek","acres":null,"editable":false,"source":"USGS 3DHP flowlines (Channel Line)"},"geometry":{"type":"LineString","coordinates":[[-111.17097,41.852555],[-111.170875,41.852413],[-111.170919,41.852193],[-111.170787,41.852182],[-111.170603,41.852292],[-111.170434,41.852204],[-111.170163,41.852264],[-111.169928,41.851808],[-111.169751,41.851891],[-111.169494,41.851765],[-111.169156,41.85183],[-111.169039,41.851759],[-111.168753,41.851819],[-111.168547,41.851748],[-111.168415,41.851951],[-111.167769,41.851753],[-111.167783,41.852033],[-111.167555,41.851819],[-111.167453,41.851825],[-111.167497,41.852033],[-111.167188,41.852198],[-111.167173,41.852368],[-111.166909,41.852264],[-111.166858,41.851995],[-111.166608,41.852148],[-111.166461,41.852093],[-111.16627,41.852143],[-111.166167,41.85211],[-111.166146,41.851967],[-111.165764,41.852033],[-111.165734,41.851923],[-111.165396,41.851939],[-111.165073,41.851764],[-111.164449,41.851841],[-111.164383,41.851654],[-111.164141,41.851692],[-111.163986,41.851917],[-111.163832,41.851835],[-111.163259,41.851945],[-111.163252,41.851736],[-111.162775,41.851599],[-111.162555,41.851308]]}},{"type":"Feature","properties":{"id":"wat-b217","kind":"water","name":"Creek","acres":null,"editable":false,"source":"USGS 3DHP flowlines (Channel Line)"},"geometry":{"type":"LineString","coordinates":[[-111.248001,41.852902],[-111.247553,41.852952],[-111.246899,41.852507],[-111.244674,41.85197],[-111.243653,41.852108],[-111.241538,41.852049],[-111.241104,41.851956],[-111.240789,41.852027],[-111.239415,41.851951],[-111.238791,41.852001],[-111.238468,41.851787],[-111.237689,41.851562],[-111.237248,41.851326],[-111.236543,41.851151],[-111.234531,41.850926],[-111.233282,41.850911],[-111.231946,41.85062],[-111.231476,41.85039],[-111.231137,41.84983],[-111.231203,41.84871],[-111.231136,41.848512],[-111.230894,41.848265],[-111.230321,41.847897],[-111.229028,41.847343],[-111.227383,41.847146],[-111.227038,41.84691]]}},{"type":"Feature","properties":{"id":"wat-b218","kind":"water","name":"Sheeppen Creek","acres":null,"editable":false,"source":"USGS 3DHP flowlines (Channel Line)"},"geometry":{"type":"LineString","coordinates":[[-111.151405,41.981511],[-111.151442,41.981747],[-111.151773,41.982236],[-111.151772,41.982346],[-111.151507,41.982642],[-111.151632,41.982878],[-111.151632,41.983268],[-111.151419,41.98368],[-111.150992,41.984009],[-111.151035,41.984432],[-111.150763,41.98486],[-111.150704,41.985124],[-111.15038,41.985491]]}},{"type":"Feature","properties":{"id":"wat-b219","kind":"water","name":"Creek","acres":null,"editable":false,"source":"USGS 3DHP flowlines (Channel Line)"},"geometry":{"type":"LineString","coordinates":[[-111.240586,41.927533],[-111.241261,41.926681],[-111.241738,41.925517],[-111.242091,41.924946],[-111.242311,41.924303],[-111.242318,41.923875],[-111.242619,41.92343],[-111.243221,41.922162],[-111.243742,41.921371],[-111.243807,41.920212],[-111.244321,41.919432],[-111.244703,41.919092]]}},{"type":"Feature","properties":{"id":"wat-b220","kind":"water","name":"Creek","acres":null,"editable":false,"source":"USGS 3DHP flowlines (Channel Line)"},"geometry":{"type":"LineString","coordinates":[[-111.20059,41.862718],[-111.200231,41.862713],[-111.19849,41.862367],[-111.198056,41.86234],[-111.197182,41.861983],[-111.196492,41.861527],[-111.195471,41.861105],[-111.194721,41.860918],[-111.194171,41.860957],[-111.193899,41.861077],[-111.193355,41.861012],[-111.191291,41.861462],[-111.190491,41.861456],[-111.189426,41.861297],[-111.18814,41.861396],[-111.187692,41.861347],[-111.185445,41.861709],[-111.183756,41.862126],[-111.181963,41.861742],[-111.180156,41.861643],[-111.179488,41.861506],[-111.179371,41.861418],[-111.178952,41.861418],[-111.178232,41.861292],[-111.177711,41.861248],[-111.177321,41.861451],[-111.176719,41.861335],[-111.176264,41.861379],[-111.175544,41.86128],[-111.175125,41.861368],[-111.174831,41.861286],[-111.174552,41.861297],[-111.17431,41.861401],[-111.173531,41.86145],[-111.17207,41.862038],[-111.171489,41.862098],[-111.171137,41.862021],[-111.169939,41.862361],[-111.167604,41.862301],[-111.167376,41.862394],[-111.16706,41.862377],[-111.166788,41.862454],[-111.166135,41.86241],[-111.166024,41.862514],[-111.164717,41.862668],[-111.164012,41.862569],[-111.162836,41.862942],[-111.161933,41.862991],[-111.1615,41.862936],[-111.160111,41.863419],[-111.159435,41.863468],[-111.158069,41.863869],[-111.156644,41.864088],[-111.156159,41.864088],[-111.155939,41.864181],[-111.155358,41.864121],[-111.154837,41.864472],[-111.154374,41.864576]]}},{"type":"Feature","properties":{"id":"wat-b221","kind":"water","name":"Saint Charles Creek","acres":null,"editable":false,"source":"USGS 3DHP flowlines (Channel Line)"},"geometry":{"type":"LineString","coordinates":[[-111.433122,42.117505],[-111.432575,42.117592],[-111.432253,42.117802],[-111.431764,42.117723]]}},{"type":"Feature","properties":{"id":"wat-b222","kind":"water","name":"Saint Charles Creek","acres":null,"editable":false,"source":"USGS 3DHP flowlines (Channel Line)"},"geometry":{"type":"LineString","coordinates":[[-111.414297,42.121104],[-111.414275,42.120983],[-111.414056,42.120838],[-111.413151,42.120586],[-111.412348,42.12063],[-111.411359,42.120499],[-111.411053,42.120628],[-111.410008,42.120758],[-111.409643,42.120603],[-111.409084,42.12082],[-111.408816,42.120827],[-111.407878,42.121387],[-111.407411,42.121473],[-111.407286,42.121565],[-111.406748,42.121477],[-111.406564,42.121588],[-111.406236,42.121606],[-111.405861,42.121834],[-111.405611,42.121813],[-111.40559,42.121545],[-111.405383,42.121438],[-111.404095,42.121417],[-111.403841,42.121631],[-111.403638,42.121565],[-111.403331,42.121626],[-111.403039,42.121555],[-111.402443,42.121604],[-111.402154,42.121484],[-111.402154,42.121833],[-111.402013,42.121876],[-111.40184,42.121799],[-111.401806,42.122016],[-111.401415,42.122433],[-111.400961,42.122376],[-111.400565,42.122696],[-111.40037,42.122399],[-111.400026,42.122456],[-111.399879,42.122186],[-111.399622,42.122213],[-111.399268,42.122492],[-111.399122,42.122444],[-111.399055,42.122201],[-111.398823,42.12219]]}},{"type":"Feature","properties":{"id":"wat-b223","kind":"water","name":"Spring Creek","acres":null,"editable":false,"source":"USGS 3DHP flowlines (Channel Line)"},"geometry":{"type":"LineString","coordinates":[[-111.403556,42.145694],[-111.403431,42.14577],[-111.403313,42.146127],[-111.403069,42.146374],[-111.402693,42.146479],[-111.402103,42.146451],[-111.402073,42.146654],[-111.40166,42.146731],[-111.401387,42.146928],[-111.40118,42.146868],[-111.400988,42.147033],[-111.40014,42.146994],[-111.399483,42.147318],[-111.398944,42.1474],[-111.39873,42.147597],[-111.39859,42.147619],[-111.398258,42.147515],[-111.398096,42.14757],[-111.397461,42.147405],[-111.397196,42.14741],[-111.396989,42.147328],[-111.397093,42.14718],[-111.396901,42.146938],[-111.396879,42.146718],[-111.396385,42.146389],[-111.396378,42.146213],[-111.395765,42.146235],[-111.395552,42.145933],[-111.395589,42.145834],[-111.39533,42.145702],[-111.395257,42.145548],[-111.395058,42.145477],[-111.394836,42.145521],[-111.394696,42.145372],[-111.394512,42.145361],[-111.39432,42.145142],[-111.394054,42.14512],[-111.393936,42.144977],[-111.393641,42.144938],[-111.393531,42.144779],[-111.393162,42.144614],[-111.392255,42.144614],[-111.391952,42.144427],[-111.39176,42.144449],[-111.391635,42.144603],[-111.390587,42.144459],[-111.390477,42.144558],[-111.389946,42.144585],[-111.38954,42.144338],[-111.389378,42.144377],[-111.389016,42.144223],[-111.388972,42.143959],[-111.388456,42.143663],[-111.388345,42.14352],[-111.388213,42.143009],[-111.387977,42.142575],[-111.387786,42.142416],[-111.387823,42.142174],[-111.387402,42.141724],[-111.387484,42.141433],[-111.387248,42.14134],[-111.387174,42.141115],[-111.386879,42.140933],[-111.386658,42.140587],[-111.386149,42.1404],[-111.386083,42.140175],[-111.385899,42.139988],[-111.385479,42.139928],[-111.385368,42.139774],[-111.385405,42.139609],[-111.385184,42.139582],[-111.38466,42.139252],[-111.384026,42.139027],[-111.383938,42.138879],[-111.384034,42.138763],[-111.383709,42.138703],[-111.38337,42.138862],[-111.383119,42.138653],[-111.382463,42.138609],[-111.382249,42.138521],[-111.382227,42.138307],[-111.381836,42.13851],[-111.381526,42.138306],[-111.380906,42.138443],[-111.380419,42.138427]]}},{"type":"Feature","properties":{"id":"wat-b224","kind":"water","name":"Creek","acres":null,"editable":false,"source":"USGS 3DHP flowlines (Channel Line)"},"geometry":{"type":"LineString","coordinates":[[-111.45765,42.100038],[-111.457459,42.100236],[-111.457017,42.100429],[-111.455504,42.100547],[-111.454732,42.100721],[-111.450558,42.100687],[-111.449113,42.100556],[-111.447798,42.100881],[-111.447293,42.100898],[-111.446717,42.101114],[-111.445682,42.101231],[-111.445052,42.101436],[-111.444513,42.101402]]}},{"type":"Feature","properties":{"id":"wat-b225","kind":"water","name":"Creek","acres":null,"editable":false,"source":"USGS 3DHP flowlines (Channel Line)"},"geometry":{"type":"LineString","coordinates":[[-111.414757,42.121357],[-111.414297,42.121104]]}},{"type":"Feature","properties":{"id":"wat-b226","kind":"water","name":"Creek","acres":null,"editable":false,"source":"USGS 3DHP flowlines (Channel Line)"},"geometry":{"type":"LineString","coordinates":[[-111.417431,41.917135],[-111.415447,41.917344],[-111.414448,41.917614],[-111.410908,41.918235],[-111.409847,41.918504],[-111.409046,41.918552],[-111.408481,41.91845],[-111.407016,41.918374],[-111.406124,41.918198],[-111.405567,41.917974],[-111.405284,41.917791],[-111.404743,41.917027],[-111.404125,41.916556],[-111.403812,41.916094]]}},{"type":"Feature","properties":{"id":"wat-b227","kind":"water","name":"Creek","acres":null,"editable":false,"source":"USGS 3DHP flowlines (Channel Line)"},"geometry":{"type":"LineString","coordinates":[[-111.149546,41.990076],[-111.150539,41.989373]]}},{"type":"Feature","properties":{"id":"wat-b228","kind":"water","name":"Creek","acres":null,"editable":false,"source":"USGS 3DHP flowlines (Channel Line)"},"geometry":{"type":"LineString","coordinates":[[-111.202049,41.98554],[-111.202513,41.985402],[-111.202859,41.985633],[-111.203035,41.985441],[-111.204058,41.985073],[-111.20458,41.985018],[-111.204992,41.984771],[-111.20589,41.984606],[-111.206398,41.98409],[-111.206839,41.983985],[-111.207119,41.983804],[-111.207362,41.983749],[-111.20798,41.983875],[-111.208606,41.984259],[-111.209342,41.984116],[-111.20968,41.98432],[-111.210254,41.984495],[-111.211792,41.98433],[-111.212351,41.984363]]}},{"type":"Feature","properties":{"id":"wat-b229","kind":"water","name":"Creek","acres":null,"editable":false,"source":"USGS 3DHP flowlines (Channel Line)"},"geometry":{"type":"LineString","coordinates":[[-111.235152,41.967176],[-111.235263,41.967747],[-111.235227,41.968796],[-111.234926,41.969833],[-111.234948,41.970245],[-111.235485,41.970585],[-111.235751,41.970882],[-111.236134,41.972007],[-111.236576,41.972682],[-111.237069,41.972962],[-111.237069,41.973182],[-111.237276,41.973665],[-111.23721,41.973906],[-111.236592,41.974192],[-111.236688,41.974801],[-111.235659,41.976592],[-111.235042,41.977223]]}},{"type":"Feature","properties":{"id":"wat-b230","kind":"water","name":"Creek","acres":null,"editable":false,"source":"USGS 3DHP flowlines (Channel Line)"},"geometry":{"type":"LineString","coordinates":[[-111.233751,41.982764],[-111.234221,41.98261],[-111.234575,41.982632],[-111.235613,41.983367],[-111.23601,41.983466],[-111.236753,41.983372],[-111.237356,41.982795],[-111.237761,41.982669],[-111.238512,41.982839],[-111.238843,41.983064]]}},{"type":"Feature","properties":{"id":"wat-b231","kind":"water","name":"Big Creek","acres":null,"editable":false,"source":"USGS 3DHP flowlines (Channel Line)"},"geometry":{"type":"LineString","coordinates":[[-111.387932,42.125078],[-111.388102,42.125254],[-111.388101,42.125385],[-111.387268,42.125621],[-111.387481,42.125989],[-111.387489,42.126203],[-111.387164,42.126615],[-111.387038,42.126933],[-111.386802,42.12712],[-111.386625,42.127455],[-111.38644,42.127581],[-111.386138,42.127641],[-111.386359,42.128091],[-111.386189,42.128514],[-111.386616,42.128706],[-111.386705,42.128871],[-111.386136,42.129661],[-111.38576,42.129848],[-111.385162,42.129881],[-111.385302,42.130161],[-111.385236,42.130325],[-111.385449,42.130507],[-111.386017,42.130732],[-111.386201,42.131012],[-111.386629,42.130985],[-111.386814,42.13104],[-111.387182,42.131622],[-111.387462,42.131562],[-111.38758,42.131452],[-111.38747,42.130831],[-111.387795,42.130727],[-111.387898,42.130442],[-111.388179,42.130431],[-111.388798,42.130815],[-111.389026,42.131183],[-111.389468,42.132446],[-111.389674,42.132732],[-111.3896,42.133072],[-111.389902,42.133303],[-111.389577,42.13366],[-111.38929,42.133457],[-111.389128,42.133473],[-111.388987,42.133621],[-111.388958,42.133841],[-111.389054,42.133923],[-111.389813,42.133978],[-111.390152,42.13416],[-111.390108,42.134478],[-111.389702,42.134637],[-111.389621,42.134747],[-111.389931,42.135021],[-111.389967,42.13517],[-111.388838,42.135872],[-111.388639,42.13591],[-111.388086,42.135663],[-111.388013,42.135229],[-111.38788,42.135152],[-111.387356,42.135103],[-111.386788,42.135174],[-111.386744,42.135333],[-111.386906,42.135525],[-111.386729,42.13558],[-111.38636,42.135487],[-111.386183,42.135086],[-111.385977,42.135047],[-111.385704,42.135179],[-111.38546,42.135459],[-111.385571,42.135574],[-111.385932,42.135629],[-111.386168,42.135761],[-111.385961,42.136019],[-111.385695,42.136145],[-111.385356,42.136184],[-111.385076,42.135964],[-111.384899,42.135936],[-111.384781,42.136024],[-111.384677,42.136562],[-111.383947,42.136523]]}},{"type":"Feature","properties":{"id":"wat-b232","kind":"water","name":"Creek","acres":null,"editable":false,"source":"USGS 3DHP flowlines (Channel Line)"},"geometry":{"type":"LineString","coordinates":[[-111.415798,41.904716],[-111.413998,41.905114],[-111.412044,41.905797],[-111.410557,41.906099],[-111.408405,41.906778],[-111.407566,41.90697],[-111.405872,41.907152],[-111.404148,41.907554],[-111.401355,41.907699],[-111.398838,41.908149],[-111.398067,41.908183],[-111.397205,41.90811]]}},{"type":"Feature","properties":{"id":"wat-b233","kind":"water","name":"Creek","acres":null,"editable":false,"source":"USGS 3DHP flowlines (Channel Line)"},"geometry":{"type":"LineString","coordinates":[[-111.177587,41.894641],[-111.176727,41.894756],[-111.175478,41.894728],[-111.174067,41.894909],[-111.172472,41.894947],[-111.171341,41.894848],[-111.170525,41.894964],[-111.169555,41.894958]]}},{"type":"Feature","properties":{"id":"wat-b234","kind":"water","name":"Creek","acres":null,"editable":false,"source":"USGS 3DHP flowlines (Channel Line)"},"geometry":{"type":"LineString","coordinates":[[-111.444692,41.929209],[-111.442495,41.929816],[-111.439412,41.931468],[-111.438909,41.931668],[-111.438344,41.932057],[-111.437192,41.932561],[-111.436818,41.932901],[-111.436368,41.933515],[-111.435109,41.934281],[-111.434796,41.934624],[-111.434453,41.935386],[-111.434369,41.936359],[-111.434163,41.936919],[-111.432805,41.937725],[-111.431798,41.937995],[-111.431142,41.938285],[-111.430005,41.9391],[-111.428952,41.939356],[-111.425702,41.939688],[-111.424511,41.939562],[-111.423504,41.939624],[-111.422192,41.939589],[-111.419781,41.939895]]}},{"type":"Feature","properties":{"id":"wat-b235","kind":"water","name":"Saint Charles Creek","acres":null,"editable":false,"source":"USGS 3DHP flowlines (Channel Line)"},"geometry":{"type":"LineString","coordinates":[[-111.423303,42.120675],[-111.422899,42.120834],[-111.422635,42.120729],[-111.422547,42.120565],[-111.422245,42.120456],[-111.421641,42.120301],[-111.420998,42.120233],[-111.419871,42.120586],[-111.419147,42.120672],[-111.418605,42.120939]]}},{"type":"Feature","properties":{"id":"wat-b236","kind":"water","name":"North Fork Sixmile Creek","acres":null,"editable":false,"source":"USGS 3DHP flowlines (Channel Line)"},"geometry":{"type":"LineString","coordinates":[[-111.183517,41.900532],[-111.182723,41.900197],[-111.18179,41.899374],[-111.180247,41.898841],[-111.179248,41.897809],[-111.178799,41.897644],[-111.176448,41.897287],[-111.175823,41.897133],[-111.174199,41.897012],[-111.172171,41.896628],[-111.171664,41.896452],[-111.171377,41.896441],[-111.17001,41.895425],[-111.169555,41.894958]]}},{"type":"Feature","properties":{"id":"wat-b237","kind":"water","name":"Creek","acres":null,"editable":false,"source":"USGS 3DHP flowlines (Channel Line)"},"geometry":{"type":"LineString","coordinates":[[-111.222581,41.917207],[-111.223493,41.917349],[-111.224706,41.917695],[-111.224934,41.917568],[-111.22522,41.917557],[-111.225926,41.917315],[-111.226191,41.917354],[-111.22697,41.917046],[-111.228388,41.916974],[-111.228668,41.917012],[-111.22883,41.917122],[-111.229087,41.917089],[-111.229469,41.917177],[-111.230087,41.917188],[-111.230844,41.917967],[-111.231175,41.918088],[-111.233234,41.918262],[-111.23369,41.918191]]}},{"type":"Feature","properties":{"id":"wat-b238","kind":"water","name":"Creek","acres":null,"editable":false,"source":"USGS 3DHP flowlines (Channel Line)"},"geometry":{"type":"LineString","coordinates":[[-111.235692,42.020918],[-111.23932,42.01877],[-111.240609,42.018638]]}},{"type":"Feature","properties":{"id":"wat-b239","kind":"water","name":"North Fork Sixmile Creek","acres":null,"editable":false,"source":"USGS 3DHP flowlines (Channel Line)"},"geometry":{"type":"LineString","coordinates":[[-111.153538,41.875727],[-111.152957,41.875529],[-111.152487,41.87509],[-111.152554,41.87481],[-111.152444,41.874343],[-111.152716,41.873855],[-111.152753,41.873487],[-111.152628,41.873355],[-111.15265,41.87324],[-111.152291,41.873091],[-111.152283,41.872817],[-111.152504,41.872685]]}},{"type":"Feature","properties":{"id":"wat-b240","kind":"water","name":"Creek","acres":null,"editable":false,"source":"USGS 3DHP flowlines (Channel Line)"},"geometry":{"type":"LineString","coordinates":[[-111.177914,41.964408],[-111.177274,41.964803],[-111.17695,41.965105],[-111.17684,41.965385],[-111.176501,41.965808],[-111.176494,41.966247],[-111.17667,41.966675],[-111.177215,41.967175],[-111.178016,41.967631],[-111.177788,41.968317]]}},{"type":"Feature","properties":{"id":"wat-b241","kind":"water","name":"Creek","acres":null,"editable":false,"source":"USGS 3DHP flowlines (Channel Line)"},"geometry":{"type":"LineString","coordinates":[[-111.432584,41.862259],[-111.432393,41.862192],[-111.431668,41.862186],[-111.430668,41.861897],[-111.428357,41.861626],[-111.427792,41.861466],[-111.427083,41.860901],[-111.426518,41.859967],[-111.425877,41.85937],[-111.424702,41.858933],[-111.423825,41.858464],[-111.422886,41.858224],[-111.422321,41.858312],[-111.421978,41.858484],[-111.421352,41.859639],[-111.421101,41.859928],[-111.419582,41.860659],[-111.418728,41.86086],[-111.417935,41.861241],[-111.417614,41.861508],[-111.417034,41.862253],[-111.416775,41.862385],[-111.415936,41.862221],[-111.414272,41.862187],[-111.413166,41.862029],[-111.412655,41.862089],[-111.412174,41.861978],[-111.410778,41.861979]]}},{"type":"Feature","properties":{"id":"wat-b242","kind":"water","name":"Creek","acres":null,"editable":false,"source":"USGS 3DHP flowlines (Channel Line)"},"geometry":{"type":"LineString","coordinates":[[-111.144491,41.890082],[-111.14458,41.889774],[-111.14508,41.889269],[-111.145315,41.888868],[-111.146102,41.888353],[-111.147057,41.887952],[-111.14824,41.887618],[-111.150056,41.886751],[-111.151901,41.886257],[-111.152569,41.886005],[-111.153745,41.886098]]}},{"type":"Feature","properties":{"id":"wat-b243","kind":"water","name":"Creek","acres":null,"editable":false,"source":"USGS 3DHP flowlines (Channel Line)"},"geometry":{"type":"LineString","coordinates":[[-111.433122,42.117505],[-111.432513,42.117394],[-111.432275,42.117461],[-111.431983,42.1174],[-111.431875,42.117445],[-111.431764,42.117723]]}},{"type":"Feature","properties":{"id":"wat-b244","kind":"water","name":"Black Mountain Creek","acres":null,"editable":false,"source":"USGS 3DHP flowlines (Channel Line)"},"geometry":{"type":"LineString","coordinates":[[-111.234216,41.954894],[-111.234775,41.954532],[-111.235885,41.954345],[-111.236077,41.954251],[-111.236356,41.954004],[-111.236958,41.953103],[-111.237796,41.952351],[-111.237899,41.951955],[-111.238442,41.950906],[-111.239185,41.950615],[-111.239523,41.950269],[-111.239493,41.949402],[-111.239647,41.948743],[-111.240359,41.947458],[-111.24044,41.946881],[-111.24102,41.946348],[-111.241814,41.946084],[-111.241991,41.945919]]}},{"type":"Feature","properties":{"id":"wat-b245","kind":"water","name":"Creek","acres":null,"editable":false,"source":"USGS 3DHP flowlines (Channel Line)"},"geometry":{"type":"LineString","coordinates":[[-111.216067,41.965717],[-111.215707,41.965744],[-111.215361,41.96587],[-111.214787,41.966343],[-111.213404,41.966963],[-111.2125,41.96754],[-111.211477,41.967755],[-111.210653,41.96781],[-111.208667,41.968343],[-111.208005,41.968436],[-111.207357,41.968398],[-111.206754,41.968502]]}},{"type":"Feature","properties":{"id":"wat-b246","kind":"water","name":"Creek","acres":null,"editable":false,"source":"USGS 3DHP flowlines (Channel Line)"},"geometry":{"type":"LineString","coordinates":[[-111.198505,42.006307],[-111.198225,42.00578],[-111.197577,42.005286],[-111.197224,42.005143],[-111.19715,42.005012],[-111.197275,42.004732],[-111.197231,42.004622],[-111.196274,42.004331],[-111.195722,42.0037],[-111.195125,42.003519],[-111.194868,42.003557],[-111.194294,42.003079],[-111.193778,42.003003],[-111.192579,42.003403],[-111.191636,42.003552],[-111.191371,42.003574],[-111.190694,42.003453],[-111.189686,42.003546],[-111.189229,42.003398],[-111.188736,42.002893],[-111.188949,42.002657],[-111.188846,42.002393]]}},{"type":"Feature","properties":{"id":"wat-b247","kind":"water","name":"Creek","acres":null,"editable":false,"source":"USGS 3DHP flowlines (Channel Line)"},"geometry":{"type":"LineString","coordinates":[[-111.150723,41.989209],[-111.150988,41.989198],[-111.151386,41.98905],[-111.151791,41.988704]]}},{"type":"Feature","properties":{"id":"wat-b248","kind":"water","name":"Creek","acres":null,"editable":false,"source":"USGS 3DHP flowlines (Channel Line)"},"geometry":{"type":"LineString","coordinates":[[-111.265454,41.941672],[-111.265697,41.941002],[-111.266213,41.940031],[-111.266625,41.939559],[-111.267228,41.939131],[-111.267515,41.938763],[-111.267818,41.937253],[-111.267576,41.936419],[-111.266995,41.935935],[-111.266267,41.935479],[-111.26643,41.93493],[-111.266386,41.933893],[-111.26621,41.933431],[-111.265769,41.933376]]}},{"type":"Feature","properties":{"id":"wat-b249","kind":"water","name":"Creek","acres":null,"editable":false,"source":"USGS 3DHP flowlines (Channel Line)"},"geometry":{"type":"LineString","coordinates":[[-111.269151,41.890876],[-111.269761,41.89153],[-111.270106,41.891562],[-111.27087,41.891376],[-111.271877,41.891591],[-111.273192,41.892151],[-111.275998,41.892899],[-111.27702,41.893421],[-111.277666,41.89392],[-111.278195,41.894563],[-111.27829,41.895485],[-111.278782,41.896386],[-111.279472,41.896842],[-111.280199,41.897539],[-111.28042,41.897869],[-111.281441,41.898352],[-111.282176,41.898303],[-111.283499,41.898836],[-111.283726,41.899176],[-111.284446,41.899896],[-111.285262,41.9005]]}},{"type":"Feature","properties":{"id":"wat-b250","kind":"water","name":"Creek","acres":null,"editable":false,"source":"USGS 3DHP flowlines (Channel Line)"},"geometry":{"type":"LineString","coordinates":[[-111.395593,42.063116],[-111.395063,42.063048],[-111.394499,42.063077],[-111.392493,42.062863],[-111.39155,42.062549],[-111.390508,42.062706],[-111.389359,42.062637],[-111.388573,42.062388],[-111.388193,42.062165],[-111.387636,42.062084],[-111.387236,42.062174],[-111.386689,42.06294],[-111.386165,42.062951]]}},{"type":"Feature","properties":{"id":"wat-b251","kind":"water","name":"Creek","acres":null,"editable":false,"source":"USGS 3DHP flowlines (Channel Line)"},"geometry":{"type":"LineString","coordinates":[[-111.210099,42.027899],[-111.20887,42.027867],[-111.207846,42.027636],[-111.205865,42.026934],[-111.205577,42.026709],[-111.203921,42.026401],[-111.203641,42.026429],[-111.203008,42.026885],[-111.202205,42.027253],[-111.201726,42.027335],[-111.201233,42.027308],[-111.200909,42.027171],[-111.200445,42.02677],[-111.199907,42.026622],[-111.199679,42.026446]]}},{"type":"Feature","properties":{"id":"wat-b252","kind":"water","name":"Creek","acres":null,"editable":false,"source":"USGS 3DHP flowlines (Channel Line)"},"geometry":{"type":"LineString","coordinates":[[-111.247083,42.148563],[-111.246953,42.150934],[-111.246462,42.154531],[-111.246359,42.155102],[-111.246138,42.155481],[-111.246087,42.155832],[-111.245652,42.156908],[-111.245557,42.157556],[-111.245794,42.158275],[-111.246252,42.15894],[-111.246436,42.159055],[-111.247041,42.159159],[-111.247567,42.160328],[-111.247767,42.161179],[-111.247619,42.161684],[-111.247598,42.162332],[-111.246735,42.163205],[-111.246448,42.163672],[-111.246014,42.165385],[-111.245815,42.165638]]}},{"type":"Feature","properties":{"id":"wat-b253","kind":"water","name":"Creek","acres":null,"editable":false,"source":"USGS 3DHP flowlines (Channel Line)"},"geometry":{"type":"LineString","coordinates":[[-111.177788,41.968317],[-111.178509,41.969552],[-111.178752,41.970305],[-111.179443,41.970826],[-111.179627,41.971101],[-111.179767,41.971848],[-111.180201,41.972611],[-111.18026,41.973044],[-111.180745,41.973616],[-111.181775,41.974071],[-111.18207,41.974604],[-111.182246,41.975252]]}},{"type":"Feature","properties":{"id":"wat-b254","kind":"water","name":"Creek","acres":null,"editable":false,"source":"USGS 3DHP flowlines (Channel Line)"},"geometry":{"type":"LineString","coordinates":[[-111.21395,41.915375],[-111.213921,41.915517]]}},{"type":"Feature","properties":{"id":"wat-b255","kind":"water","name":"Creek","acres":null,"editable":false,"source":"USGS 3DHP flowlines (Channel Line)"},"geometry":{"type":"LineString","coordinates":[[-111.23794,42.070281],[-111.238927,42.070297],[-111.239399,42.070374],[-111.24057,42.070044],[-111.241034,42.070192],[-111.24225,42.070076],[-111.24284,42.070328],[-111.243245,42.07035],[-111.243784,42.07074],[-111.243806,42.070893],[-111.243592,42.071228],[-111.243762,42.071442],[-111.245162,42.071326],[-111.247388,42.071935],[-111.248044,42.071973],[-111.24839,42.071819],[-111.249016,42.071242],[-111.250166,42.071241],[-111.250767,42.07095],[-111.251268,42.070588],[-111.251659,42.070039],[-111.252145,42.069985],[-111.252868,42.07015],[-111.253103,42.070095],[-111.253472,42.069859],[-111.254415,42.069838]]}},{"type":"Feature","properties":{"id":"wat-b256","kind":"water","name":"Little Creek","acres":null,"editable":false,"source":"USGS 3DHP flowlines (Channel Line)"},"geometry":{"type":"LineString","coordinates":[[-111.25325,41.937236],[-111.254596,41.936957],[-111.254883,41.937017],[-111.256244,41.936815],[-111.257464,41.93676],[-111.258524,41.9363]]}},{"type":"Feature","properties":{"id":"wat-b257","kind":"water","name":"Creek","acres":null,"editable":false,"source":"USGS 3DHP flowlines (Channel Line)"},"geometry":{"type":"LineString","coordinates":[[-111.189612,41.987924],[-111.189884,41.987973],[-111.189921,41.988247],[-111.190628,41.98828],[-111.190885,41.988099],[-111.191452,41.988028],[-111.191702,41.987907],[-111.191886,41.988011],[-111.19249,41.98794],[-111.192615,41.987715],[-111.192777,41.987764],[-111.193086,41.987676],[-111.193674,41.987671],[-111.194241,41.98738],[-111.194366,41.987402],[-111.1943,41.987561],[-111.194359,41.987621],[-111.194624,41.987413],[-111.194844,41.987358],[-111.195257,41.987457],[-111.195551,41.987242],[-111.195816,41.987336],[-111.196125,41.987253],[-111.196287,41.987457],[-111.196552,41.987489],[-111.196743,41.987616],[-111.196927,41.987605],[-111.197214,41.987369],[-111.197597,41.98733],[-111.197494,41.987017],[-111.197729,41.98688],[-111.197737,41.986704],[-111.198186,41.986375],[-111.198598,41.986375],[-111.198708,41.98621],[-111.198958,41.98621],[-111.199282,41.985842],[-111.199223,41.985727],[-111.199341,41.985622],[-111.199444,41.985589],[-111.200084,41.98576],[-111.200246,41.98588],[-111.200688,41.985727],[-111.200879,41.985787],[-111.20107,41.985644],[-111.201335,41.985672],[-111.201497,41.985436],[-111.20171,41.985474],[-111.201858,41.985419],[-111.202049,41.98554]]}},{"type":"Feature","properties":{"id":"wat-b258","kind":"water","name":"Creek","acres":null,"editable":false,"source":"USGS 3DHP flowlines (Channel Line)"},"geometry":{"type":"LineString","coordinates":[[-111.196852,41.978513],[-111.196124,41.978892],[-111.194917,41.979084],[-111.194461,41.979276],[-111.19385,41.979408],[-111.193357,41.97943],[-111.192364,41.979924],[-111.192018,41.980017],[-111.190708,41.980336],[-111.189987,41.98044],[-111.189443,41.980435],[-111.18906,41.980555],[-111.188427,41.981115],[-111.188206,41.981417],[-111.188309,41.982054],[-111.187956,41.983537],[-111.18803,41.984404]]}},{"type":"Feature","properties":{"id":"wat-b259","kind":"water","name":"Creek","acres":null,"editable":false,"source":"USGS 3DHP flowlines (Channel Line)"},"geometry":{"type":"LineString","coordinates":[[-111.272063,41.865357],[-111.2726,41.864934],[-111.27376,41.864737],[-111.274686,41.86438],[-111.275884,41.863727],[-111.276413,41.86325],[-111.276634,41.86263],[-111.276759,41.861828],[-111.276921,41.861652],[-111.277163,41.861548],[-111.278015,41.861461],[-111.278412,41.86173],[-111.279484,41.861944],[-111.280946,41.861813],[-111.281607,41.861895],[-111.281842,41.861835],[-111.282047,41.861659],[-111.281952,41.861193],[-111.282055,41.861011],[-111.282297,41.860869],[-111.282709,41.860764],[-111.28384,41.860853],[-111.284259,41.860759],[-111.28442,41.8606],[-111.284369,41.8601],[-111.284472,41.859848],[-111.285038,41.859535],[-111.285332,41.859524],[-111.286235,41.859738],[-111.286558,41.859662],[-111.287094,41.85936],[-111.289165,41.85969],[-111.289701,41.860266],[-111.290465,41.860607]]}},{"type":"Feature","properties":{"id":"wat-b260","kind":"water","name":"Creek","acres":null,"editable":false,"source":"USGS 3DHP flowlines (Channel Line)"},"geometry":{"type":"LineString","coordinates":[[-111.226964,42.004434],[-111.227391,42.00445],[-111.22912,42.003917],[-111.229363,42.003725],[-111.23015,42.003555],[-111.230864,42.002758],[-111.230945,42.002286],[-111.231401,42.001863],[-111.23157,42.001583],[-111.232887,42.001253],[-111.23302,42.001127],[-111.233815,42.000896],[-111.234352,42.000511],[-111.234705,41.999945],[-111.235816,41.998866],[-111.236029,41.998817],[-111.237038,41.999019],[-111.237472,41.998975],[-111.238142,41.998717],[-111.238355,41.998371]]}},{"type":"Feature","properties":{"id":"wat-b261","kind":"water","name":"Creek","acres":null,"editable":false,"source":"USGS 3DHP flowlines (Channel Line)"},"geometry":{"type":"LineString","coordinates":[[-111.240609,42.018638],[-111.242081,42.018439],[-111.242265,42.018346],[-111.242677,42.018417],[-111.244503,42.018175],[-111.245497,42.018322],[-111.246264,42.018772],[-111.247235,42.01881],[-111.24767,42.018744],[-111.248811,42.018211],[-111.249304,42.018062],[-111.250202,42.017919],[-111.25112,42.017919],[-111.251422,42.017848],[-111.253734,42.018244],[-111.254882,42.018327],[-111.2555,42.018564],[-111.256134,42.018613],[-111.256774,42.018526],[-111.257385,42.01868],[-111.25899,42.018796],[-111.259241,42.018895],[-111.259778,42.019334],[-111.259976,42.019395]]}},{"type":"Feature","properties":{"id":"wat-b262","kind":"water","name":"Creek","acres":null,"editable":false,"source":"USGS 3DHP flowlines (Channel Line)"},"geometry":{"type":"LineString","coordinates":[[-111.369578,42.138688],[-111.369497,42.138674]]}},{"type":"Feature","properties":{"id":"wat-b263","kind":"water","name":"Creek","acres":null,"editable":false,"source":"USGS 3DHP flowlines (Channel Line)"},"geometry":{"type":"LineString","coordinates":[[-111.425694,41.924323],[-111.424092,41.926234]]}},{"type":"Feature","properties":{"id":"wat-b264","kind":"water","name":"Creek","acres":null,"editable":false,"source":"USGS 3DHP flowlines (Channel Line)"},"geometry":{"type":"LineString","coordinates":[[-111.218661,42.036177],[-111.218948,42.036325],[-111.220399,42.037477],[-111.221187,42.037576],[-111.221652,42.037839],[-111.222153,42.037916],[-111.222764,42.037806],[-111.223176,42.037976],[-111.224443,42.038042],[-111.225423,42.038689],[-111.225755,42.03915],[-111.225998,42.039282],[-111.227456,42.03932],[-111.228303,42.038897],[-111.228929,42.038737],[-111.22996,42.038913],[-111.23066,42.03894],[-111.230955,42.03889],[-111.231632,42.038583],[-111.233031,42.038269],[-111.2351,42.036918],[-111.237515,42.036049],[-111.23789,42.03573],[-111.238302,42.034994],[-111.238692,42.034522],[-111.239362,42.034324]]}},{"type":"Feature","properties":{"id":"wat-b265","kind":"water","name":"Creek","acres":null,"editable":false,"source":"USGS 3DHP flowlines (Channel Line)"},"geometry":{"type":"LineString","coordinates":[[-111.171272,42.041325],[-111.170565,42.041358],[-111.170138,42.041281],[-111.168783,42.04172],[-111.168068,42.041681],[-111.166499,42.041818],[-111.165903,42.04167],[-111.165512,42.041428],[-111.164651,42.040495],[-111.164231,42.040368],[-111.163355,42.040341],[-111.162927,42.040417],[-111.162022,42.040329],[-111.161587,42.040192],[-111.160556,42.039516],[-111.160011,42.039439],[-111.159348,42.039198],[-111.158199,42.039236],[-111.157765,42.039356],[-111.15635,42.039483],[-111.155916,42.03946],[-111.155363,42.039592],[-111.155209,42.039861],[-111.155223,42.040602],[-111.154699,42.041832],[-111.155016,42.042804]]}},{"type":"Feature","properties":{"id":"wat-b266","kind":"water","name":"Creek","acres":null,"editable":false,"source":"USGS 3DHP flowlines (Channel Line)"},"geometry":{"type":"LineString","coordinates":[[-111.195234,42.111645],[-111.194282,42.112282],[-111.193988,42.113133],[-111.192999,42.11371],[-111.192631,42.114056],[-111.192159,42.114264],[-111.191311,42.114133],[-111.190898,42.11438],[-111.190323,42.114495],[-111.189239,42.114852],[-111.188789,42.114803],[-111.188317,42.11455],[-111.187395,42.11444],[-111.185847,42.115132],[-111.185559,42.115187],[-111.184173,42.115159],[-111.183826,42.115313],[-111.183207,42.115264],[-111.183,42.115105],[-111.18289,42.113985],[-111.182248,42.112738],[-111.18213,42.112623],[-111.180958,42.112277],[-111.180294,42.112195],[-111.178856,42.112184],[-111.178045,42.112381],[-111.177603,42.112354],[-111.177234,42.112419],[-111.175486,42.112793],[-111.174476,42.112815],[-111.174122,42.112886],[-111.173776,42.113116],[-111.173473,42.113155],[-111.172809,42.1136],[-111.172242,42.113621],[-111.171939,42.113704],[-111.171696,42.113649],[-111.171084,42.113764],[-111.170501,42.114165],[-111.168834,42.114895],[-111.16778,42.115037],[-111.166681,42.115355],[-111.16511,42.115449],[-111.16441,42.115641],[-111.164011,42.115888],[-111.163377,42.1167],[-111.16331,42.117381],[-111.163384,42.118023],[-111.163221,42.118534],[-111.163022,42.118836],[-111.162166,42.11939],[-111.161731,42.119577],[-111.161384,42.119933],[-111.161274,42.12034],[-111.160986,42.120499],[-111.160823,42.120729],[-111.160646,42.121158],[-111.160654,42.121405]]}},{"type":"Feature","properties":{"id":"wat-b267","kind":"water","name":"Swan Creek","acres":null,"editable":false,"source":"USGS 3DHP flowlines (Channel Line)"},"geometry":{"type":"LineString","coordinates":[[-111.438466,41.983151],[-111.43703,41.982621],[-111.435641,41.981764],[-111.435064,41.981598],[-111.434671,41.98161],[-111.432292,41.981984],[-111.43178,41.982115],[-111.430918,41.982496],[-111.429871,41.983332],[-111.429401,41.984412],[-111.428816,41.984969],[-111.42807,41.985146],[-111.427045,41.984757]]}},{"type":"Feature","properties":{"id":"wat-b268","kind":"water","name":"Creek","acres":null,"editable":false,"source":"USGS 3DHP flowlines (Channel Line)"},"geometry":{"type":"LineString","coordinates":[[-111.16697,41.869087],[-111.166602,41.869076],[-111.16575,41.868878],[-111.165258,41.868916],[-111.164693,41.868823],[-111.163848,41.868861],[-111.163429,41.868724],[-111.162797,41.868702],[-111.162224,41.868822],[-111.161784,41.868647],[-111.161336,41.868685],[-111.160212,41.868602],[-111.159668,41.868443],[-111.158919,41.868492],[-111.158552,41.868399],[-111.15662,41.868409],[-111.155797,41.868272],[-111.154489,41.868398],[-111.154049,41.868381],[-111.15374,41.868288],[-111.15327,41.868447],[-111.152646,41.868408],[-111.152572,41.868282],[-111.152278,41.868293],[-111.152029,41.868046],[-111.151764,41.86798],[-111.151596,41.867787],[-111.151375,41.867738],[-111.150847,41.867342],[-111.150567,41.86737],[-111.150083,41.867128],[-111.150186,41.867013],[-111.149789,41.866568],[-111.149672,41.8662],[-111.149885,41.865805],[-111.149416,41.86503],[-111.149526,41.864503]]}},{"type":"Feature","properties":{"id":"wat-b269","kind":"water","name":"Creek","acres":null,"editable":false,"source":"USGS 3DHP flowlines (Channel Line)"},"geometry":{"type":"LineString","coordinates":[[-111.287007,41.874799],[-111.288205,41.874876],[-111.288513,41.875041],[-111.28971,41.87502],[-111.290027,41.874844],[-111.290321,41.874789],[-111.291878,41.874877],[-111.292245,41.875036],[-111.292832,41.875492],[-111.294859,41.876415],[-111.295587,41.876574],[-111.295998,41.876437]]}},{"type":"Feature","properties":{"id":"wat-b270","kind":"water","name":"Creek","acres":null,"editable":false,"source":"USGS 3DHP flowlines (Channel Line)"},"geometry":{"type":"LineString","coordinates":[[-111.464086,42.13825],[-111.462235,42.137993],[-111.461054,42.137548],[-111.459181,42.1374],[-111.458746,42.13745],[-111.458125,42.137646],[-111.457429,42.137616],[-111.456872,42.137752],[-111.456491,42.13789],[-111.455817,42.138292],[-111.455431,42.13839],[-111.453425,42.138723],[-111.452129,42.138736],[-111.451436,42.138906],[-111.45091,42.1389],[-111.447544,42.137595],[-111.44592,42.13665],[-111.444634,42.135662]]}},{"type":"Feature","properties":{"id":"wat-b271","kind":"water","name":"Creek","acres":null,"editable":false,"source":"USGS 3DHP flowlines (Channel Line)"},"geometry":{"type":"LineString","coordinates":[[-111.396732,41.864911],[-111.389705,41.86684],[-111.38547,41.86753],[-111.383715,41.868274],[-111.382929,41.868272],[-111.381602,41.867952],[-111.380145,41.86807]]}},{"type":"Feature","properties":{"id":"wat-b272","kind":"water","name":"Creek","acres":null,"editable":false,"source":"USGS 3DHP flowlines (Channel Line)"},"geometry":{"type":"LineString","coordinates":[[-111.410778,41.861979],[-111.410396,41.861476],[-111.410351,41.861161],[-111.410137,41.86081],[-111.410167,41.860468],[-111.409931,41.860311],[-111.409664,41.859853],[-111.409221,41.859445],[-111.408764,41.859334],[-111.408046,41.858845],[-111.407368,41.858726],[-111.406902,41.858539]]}},{"type":"Feature","properties":{"id":"wat-b273","kind":"water","name":"Cheney Creek","acres":null,"editable":false,"source":"USGS 3DHP flowlines (Channel Line)"},"geometry":{"type":"LineString","coordinates":[[-111.405544,41.857638],[-111.404865,41.85778],[-111.402958,41.857602],[-111.402233,41.857389],[-111.402042,41.857178],[-111.402057,41.856894],[-111.401561,41.856297],[-111.40092,41.855988],[-111.400737,41.85575],[-111.400417,41.85563],[-111.400287,41.85477],[-111.399837,41.854222],[-111.398982,41.853487]]}},{"type":"Feature","properties":{"id":"wat-b274","kind":"water","name":"Tufts Creek","acres":null,"editable":false,"source":"USGS 3DHP flowlines (Channel Line)"},"geometry":{"type":"LineString","coordinates":[[-111.433041,41.845649],[-111.432728,41.845636],[-111.430287,41.846141],[-111.428898,41.846614],[-111.427327,41.847296],[-111.426983,41.847531],[-111.426518,41.848055],[-111.426106,41.848269],[-111.423763,41.849101],[-111.422817,41.849555],[-111.421131,41.850827],[-111.420918,41.851201],[-111.420613,41.851468],[-111.419926,41.85175],[-111.419445,41.852134],[-111.418331,41.852418],[-111.416843,41.852491],[-111.415325,41.85278],[-111.414791,41.852958],[-111.413578,41.853619],[-111.412014,41.85431],[-111.411251,41.854776],[-111.409237,41.856436],[-111.40784,41.857234],[-111.407741,41.857432],[-111.407451,41.857623],[-111.406833,41.858296]]}},{"type":"Feature","properties":{"id":"wat-b275","kind":"water","name":"Creek","acres":null,"editable":false,"source":"USGS 3DHP flowlines (Channel Line)"},"geometry":{"type":"LineString","coordinates":[[-111.452696,41.872507],[-111.451223,41.872783],[-111.450277,41.87321],[-111.449025,41.873553],[-111.448682,41.873748],[-111.448469,41.874127],[-111.447858,41.874364],[-111.447278,41.87447],[-111.446546,41.874468],[-111.444913,41.874668],[-111.443967,41.874856],[-111.443349,41.874845],[-111.442868,41.875072],[-111.442464,41.875511],[-111.441098,41.876511],[-111.440434,41.876829],[-111.439374,41.877085],[-111.437848,41.876812],[-111.437383,41.876809],[-111.436368,41.876984]]}},{"type":"Feature","properties":{"id":"wat-b276","kind":"water","name":"Creek","acres":null,"editable":false,"source":"USGS 3DHP flowlines (Channel Line)"},"geometry":{"type":"LineString","coordinates":[[-111.423382,41.958989],[-111.42301,41.958692],[-111.421944,41.95826],[-111.420789,41.958311],[-111.420303,41.958528],[-111.419757,41.958928],[-111.418404,41.959592],[-111.416711,41.960292],[-111.415724,41.960536],[-111.414555,41.961332],[-111.412502,41.962289],[-111.409322,41.963522],[-111.408153,41.964088],[-111.406218,41.96464],[-111.405507,41.964759]]}},{"type":"Feature","properties":{"id":"wat-b277","kind":"water","name":"Creek","acres":null,"editable":false,"source":"USGS 3DHP flowlines (Channel Line)"},"geometry":{"type":"LineString","coordinates":[[-111.194461,41.907983],[-111.194314,41.908323],[-111.193969,41.908416],[-111.193565,41.908658],[-111.193337,41.908905],[-111.192991,41.909597],[-111.192227,41.910129],[-111.191815,41.910733],[-111.191668,41.911749],[-111.191904,41.912348],[-111.19222,41.912809],[-111.192301,41.913907],[-111.191654,41.915455],[-111.191227,41.915988],[-111.19108,41.916306],[-111.19047,41.916833]]}},{"type":"Feature","properties":{"id":"wat-b278","kind":"water","name":"Creek","acres":null,"editable":false,"source":"USGS 3DHP flowlines (Channel Line)"},"geometry":{"type":"LineString","coordinates":[[-111.173714,41.995077],[-111.17417,41.994956],[-111.174398,41.994638],[-111.175503,41.994166],[-111.176643,41.993287],[-111.176739,41.993117],[-111.176658,41.992963],[-111.176717,41.992436],[-111.177218,41.991898],[-111.17763,41.991882],[-111.178212,41.99164],[-111.178322,41.991432],[-111.1783,41.991036],[-111.178543,41.990614],[-111.178719,41.990471],[-111.179058,41.990658],[-111.178874,41.990795],[-111.178874,41.990872],[-111.179006,41.990877],[-111.179536,41.990394]]}},{"type":"Feature","properties":{"id":"wat-b279","kind":"water","name":"Sixmile Creek","acres":null,"editable":false,"source":"USGS 3DHP flowlines (Channel Line)"},"geometry":{"type":"LineString","coordinates":[[-111.193002,41.852545],[-111.192356,41.852644],[-111.191585,41.852474],[-111.190153,41.85237],[-111.189874,41.852101]]}},{"type":"Feature","properties":{"id":"wat-b280","kind":"water","name":"Little Creek","acres":null,"editable":false,"source":"USGS 3DHP flowlines (Channel Line)"},"geometry":{"type":"LineString","coordinates":[[-111.373748,42.116606],[-111.373349,42.116381],[-111.372715,42.116436],[-111.372471,42.116277],[-111.372397,42.115909],[-111.372714,42.115305],[-111.372345,42.115091],[-111.372183,42.115113],[-111.371741,42.115591],[-111.37118,42.115723],[-111.370893,42.116168],[-111.370716,42.116146],[-111.370554,42.115899],[-111.370391,42.115817],[-111.369986,42.116004],[-111.369455,42.11596],[-111.369167,42.115719],[-111.369197,42.11556],[-111.369594,42.115038],[-111.369483,42.114593],[-111.369314,42.114451],[-111.369144,42.114511],[-111.368982,42.114769],[-111.368244,42.114693],[-111.368149,42.114869],[-111.368134,42.115352],[-111.367913,42.115451],[-111.367729,42.115429]]}},{"type":"Feature","properties":{"id":"wat-b281","kind":"water","name":"Creek","acres":null,"editable":false,"source":"USGS 3DHP flowlines (Channel Line)"},"geometry":{"type":"LineString","coordinates":[[-111.141128,41.977719],[-111.142709,41.978099],[-111.143599,41.979005],[-111.144224,41.979334],[-111.145254,41.980049],[-111.146291,41.980549],[-111.146946,41.980961],[-111.148925,41.981472],[-111.149499,41.9815],[-111.150794,41.981374],[-111.151405,41.981511]]}},{"type":"Feature","properties":{"id":"wat-b282","kind":"water","name":"Creek","acres":null,"editable":false,"source":"USGS 3DHP flowlines (Channel Line)"},"geometry":{"type":"LineString","coordinates":[[-111.451055,41.925581],[-111.450163,41.924301],[-111.449598,41.923642],[-111.447133,41.922188],[-111.446073,41.921467],[-111.445844,41.921148],[-111.445333,41.919907],[-111.444493,41.919131],[-111.443273,41.917794],[-111.439977,41.915956],[-111.437963,41.914509],[-111.437505,41.914349]]}},{"type":"Feature","properties":{"id":"wat-b283","kind":"water","name":"Creek","acres":null,"editable":false,"source":"USGS 3DHP flowlines (Channel Line)"},"geometry":{"type":"LineString","coordinates":[[-111.232386,42.084827],[-111.231842,42.086123],[-111.23123,42.086914],[-111.231371,42.087529],[-111.231371,42.088089],[-111.230613,42.08916],[-111.230392,42.089643],[-111.23023,42.09022],[-111.230341,42.090511],[-111.230216,42.090807],[-111.229192,42.09235],[-111.229539,42.093102],[-111.22934,42.093833],[-111.229769,42.09476],[-111.230079,42.095024],[-111.230248,42.095359]]}},{"type":"Feature","properties":{"id":"wat-b284","kind":"water","name":"Creek","acres":null,"editable":false,"source":"USGS 3DHP flowlines (Channel Line)"},"geometry":{"type":"LineString","coordinates":[[-111.239399,42.07974],[-111.240291,42.079784],[-111.241891,42.080403],[-111.242959,42.080529],[-111.243697,42.080968],[-111.244198,42.081105],[-111.245768,42.081143],[-111.246785,42.080977],[-111.247595,42.080505],[-111.247838,42.080477],[-111.249481,42.079543],[-111.250056,42.079356],[-111.250766,42.079389],[-111.251643,42.079186],[-111.25266,42.079269],[-111.253434,42.078874],[-111.25367,42.078957],[-111.253898,42.079275],[-111.254156,42.079385],[-111.254812,42.079413]]}},{"type":"Feature","properties":{"id":"wat-b285","kind":"water","name":"Sixmile Creek","acres":null,"editable":false,"source":"USGS 3DHP flowlines (Channel Line)"},"geometry":{"type":"LineString","coordinates":[[-111.214436,41.84603],[-111.213989,41.846063],[-111.213746,41.846376],[-111.212909,41.846552],[-111.212836,41.846645],[-111.212579,41.846678],[-111.212542,41.846827],[-111.212285,41.846854],[-111.211624,41.847107],[-111.211389,41.847349],[-111.210956,41.847491],[-111.210971,41.84759],[-111.21031,41.847755],[-111.210097,41.847898],[-111.209436,41.848002],[-111.208981,41.848228],[-111.208761,41.848178],[-111.208085,41.848381],[-111.207395,41.848865],[-111.206073,41.848953],[-111.205141,41.849195],[-111.204619,41.849211],[-111.204098,41.849464],[-111.203298,41.849469],[-111.202189,41.849673],[-111.202005,41.849783],[-111.20105,41.849991],[-111.200492,41.850227],[-111.199839,41.850293],[-111.198282,41.850837],[-111.197974,41.850804],[-111.197291,41.851057],[-111.195873,41.85137],[-111.195455,41.851573],[-111.195161,41.851579],[-111.194566,41.851694],[-111.194324,41.851815],[-111.194023,41.851826],[-111.193773,41.851914],[-111.193325,41.852347],[-111.193002,41.852545]]}},{"type":"Feature","properties":{"id":"wat-b286","kind":"water","name":"Creek","acres":null,"editable":false,"source":"USGS 3DHP flowlines (Channel Line)"},"geometry":{"type":"LineString","coordinates":[[-111.224837,41.928033],[-111.225314,41.927632],[-111.226028,41.927462],[-111.227784,41.926154],[-111.228438,41.925759],[-111.228864,41.92561],[-111.230555,41.924215],[-111.231017,41.923617],[-111.231531,41.922529],[-111.231759,41.921694],[-111.232287,41.920761],[-111.232449,41.920124],[-111.23283,41.919311],[-111.233065,41.918872],[-111.23369,41.918191]]}},{"type":"Feature","properties":{"id":"wat-b287","kind":"water","name":"Creek","acres":null,"editable":false,"source":"USGS 3DHP flowlines (Channel Line)"},"geometry":{"type":"LineString","coordinates":[[-111.266012,41.873739],[-111.265337,41.873283],[-111.26375,41.873057],[-111.263427,41.872909],[-111.262787,41.873188],[-111.261781,41.873078],[-111.261171,41.873116],[-111.260885,41.873034],[-111.260665,41.872743],[-111.260467,41.872155],[-111.260291,41.872073],[-111.260107,41.871771],[-111.259388,41.871188],[-111.25894,41.870623],[-111.2585,41.869387],[-111.258141,41.869058]]}},{"type":"Feature","properties":{"id":"wat-b288","kind":"water","name":"Creek","acres":null,"editable":false,"source":"USGS 3DHP flowlines (Channel Line)"},"geometry":{"type":"LineString","coordinates":[[-111.375956,41.869065],[-111.376414,41.867798],[-111.376375,41.867362],[-111.376132,41.86675],[-111.376376,41.866056],[-111.37633,41.864908]]}},{"type":"Feature","properties":{"id":"wat-b289","kind":"water","name":"Creek","acres":null,"editable":false,"source":"USGS 3DHP flowlines (Channel Line)"},"geometry":{"type":"LineString","coordinates":[[-111.416865,42.14702],[-111.416681,42.146938],[-111.416282,42.146932],[-111.415131,42.147267],[-111.411737,42.147963],[-111.410911,42.148001],[-111.410387,42.147919],[-111.40875,42.147128],[-111.408101,42.146661],[-111.407909,42.146266],[-111.407643,42.145969],[-111.407179,42.145695],[-111.406965,42.145332],[-111.40684,42.144871],[-111.407047,42.14413],[-111.406973,42.143943],[-111.406575,42.143581]]}},{"type":"Feature","properties":{"id":"wat-b290","kind":"water","name":"Little Creek","acres":null,"editable":false,"source":"USGS 3DHP flowlines (Channel Line)"},"geometry":{"type":"LineString","coordinates":[[-111.380572,42.117063],[-111.380093,42.116739],[-111.379953,42.116756],[-111.379532,42.117189],[-111.379097,42.117387],[-111.378832,42.11743],[-111.378596,42.117375],[-111.378493,42.117222],[-111.378825,42.116574],[-111.378877,42.11625],[-111.378759,42.11608],[-111.378568,42.115909],[-111.378258,42.115816],[-111.377779,42.115969],[-111.377225,42.116002],[-111.37668,42.115497],[-111.37615,42.114777],[-111.375773,42.114744],[-111.374837,42.114997],[-111.37469,42.115222],[-111.374536,42.116067],[-111.373954,42.116567],[-111.373748,42.116606]]}},{"type":"Feature","properties":{"id":"wat-b291","kind":"water","name":"Creek","acres":null,"editable":false,"source":"USGS 3DHP flowlines (Channel Line)"},"geometry":{"type":"LineString","coordinates":[[-111.246934,41.986497],[-111.247456,41.986474],[-111.248332,41.986633],[-111.248656,41.986605],[-111.249046,41.986715]]}},{"type":"Feature","properties":{"id":"wat-b292","kind":"water","name":"Creek","acres":null,"editable":false,"source":"USGS 3DHP flowlines (Channel Line)"},"geometry":{"type":"LineString","coordinates":[[-111.231139,42.060824],[-111.231308,42.060561],[-111.231543,42.059753],[-111.231816,42.059352],[-111.232346,42.058726],[-111.232707,42.058622]]}},{"type":"Feature","properties":{"id":"wat-b293","kind":"water","name":"Creek","acres":null,"editable":false,"source":"USGS 3DHP flowlines (Channel Line)"},"geometry":{"type":"LineString","coordinates":[[-111.184792,41.982104],[-111.185881,41.982516],[-111.18683,41.983509],[-111.18803,41.984404]]}},{"type":"Feature","properties":{"id":"wat-b294","kind":"water","name":"Creek","acres":null,"editable":false,"source":"USGS 3DHP flowlines (Channel Line)"},"geometry":{"type":"LineString","coordinates":[[-111.173654,41.90292],[-111.173176,41.902058],[-111.172662,41.901822],[-111.172236,41.90152],[-111.171604,41.900581],[-111.171214,41.900224],[-111.170582,41.899856],[-111.169252,41.899224],[-111.167702,41.898862],[-111.164659,41.898515],[-111.164255,41.898405],[-111.162991,41.89768],[-111.162778,41.897455],[-111.162742,41.896879],[-111.162911,41.896599],[-111.163352,41.896297],[-111.163646,41.895967],[-111.163565,41.895687],[-111.162934,41.89494],[-111.162824,41.894617],[-111.162978,41.894128]]}},{"type":"Feature","properties":{"id":"wat-b295","kind":"water","name":"Creek","acres":null,"editable":false,"source":"USGS 3DHP flowlines (Channel Line)"},"geometry":{"type":"LineString","coordinates":[[-111.163378,41.905696],[-111.162092,41.905509],[-111.16071,41.904867],[-111.159667,41.904125],[-111.1578,41.903565],[-111.15683,41.903515],[-111.154897,41.903806],[-111.154618,41.903767],[-111.153883,41.90347],[-111.15303,41.903317],[-111.151759,41.903289],[-111.150818,41.903124],[-111.149899,41.903145],[-111.148753,41.903024],[-111.146981,41.903111],[-111.145879,41.902848],[-111.145269,41.90249],[-111.142484,41.901984],[-111.141176,41.901929],[-111.140573,41.902],[-111.139861,41.901676],[-111.139162,41.901549],[-111.138252,41.900994],[-111.137532,41.900703],[-111.137127,41.900747],[-111.136532,41.90107],[-111.136238,41.901043],[-111.135782,41.900845],[-111.135562,41.900845],[-111.135113,41.901015]]}},{"type":"Feature","properties":{"id":"wat-b296","kind":"water","name":"Creek","acres":null,"editable":false,"source":"USGS 3DHP flowlines (Channel Line)"},"geometry":{"type":"LineString","coordinates":[[-111.226358,42.025424],[-111.227985,42.025209],[-111.228309,42.024984],[-111.228647,42.024462],[-111.229494,42.024149],[-111.229678,42.02382],[-111.230208,42.023402],[-111.231003,42.022979],[-111.231636,42.022748],[-111.23182,42.022562],[-111.231945,42.022205],[-111.232291,42.021886],[-111.233101,42.021798],[-111.234146,42.021254],[-111.235051,42.020973],[-111.235692,42.020918]]}},{"type":"Feature","properties":{"id":"wat-b297","kind":"water","name":"Creek","acres":null,"editable":false,"source":"USGS 3DHP flowlines (Channel Line)"},"geometry":{"type":"LineString","coordinates":[[-111.444593,41.88037],[-111.444059,41.87999]]}},{"type":"Feature","properties":{"id":"wat-b298","kind":"water","name":"Creek","acres":null,"editable":false,"source":"USGS 3DHP flowlines (Channel Line)"},"geometry":{"type":"LineString","coordinates":[[-111.429854,42.063777],[-111.429264,42.062987],[-111.428419,42.062094],[-111.428152,42.061471]]}},{"type":"Feature","properties":{"id":"wat-b299","kind":"water","name":"Creek","acres":null,"editable":false,"source":"USGS 3DHP flowlines (Channel Line)"},"geometry":{"type":"LineString","coordinates":[[-111.468537,42.079486],[-111.467973,42.079142],[-111.467686,42.078541],[-111.467289,42.078053],[-111.466391,42.0774],[-111.465304,42.077181],[-111.463561,42.077066],[-111.462905,42.07683],[-111.461534,42.076808],[-111.460916,42.07667],[-111.460022,42.076212],[-111.459264,42.075952],[-111.455704,42.075047],[-111.455345,42.074812],[-111.454329,42.07385],[-111.453427,42.072883],[-111.452483,42.072473],[-111.45199,42.072423],[-111.451223,42.072176],[-111.450464,42.072083],[-111.449364,42.07162],[-111.448836,42.071488],[-111.44762,42.071435],[-111.445709,42.071599],[-111.443176,42.071495],[-111.442324,42.07167],[-111.442017,42.071499],[-111.441739,42.071525],[-111.441489,42.071444],[-111.439798,42.070529],[-111.439621,42.070249],[-111.438919,42.069609],[-111.438509,42.068977],[-111.438097,42.068702],[-111.437697,42.068013],[-111.436985,42.067259],[-111.436537,42.067104],[-111.434705,42.067051],[-111.433765,42.066663],[-111.433313,42.066364],[-111.432992,42.066316],[-111.432507,42.066021],[-111.432155,42.065971],[-111.430855,42.065053],[-111.430225,42.064379],[-111.429854,42.063777]]}},{"type":"Feature","properties":{"id":"wat-b300","kind":"water","name":"Creek","acres":null,"editable":false,"source":"USGS 3DHP flowlines (Channel Line)"},"geometry":{"type":"LineString","coordinates":[[-111.236519,42.140931],[-111.23655,42.142111],[-111.235593,42.145164],[-111.23549,42.145433],[-111.235217,42.14562],[-111.234989,42.145928],[-111.234739,42.146828],[-111.234496,42.148283],[-111.234179,42.149035],[-111.233766,42.149348]]}},{"type":"Feature","properties":{"id":"wat-b301","kind":"water","name":"Creek","acres":null,"editable":false,"source":"USGS 3DHP flowlines (Channel Line)"},"geometry":{"type":"LineString","coordinates":[[-111.178122,42.040507],[-111.177909,42.040035],[-111.177673,42.039914],[-111.177452,42.039574],[-111.176664,42.039135],[-111.176436,42.038904],[-111.176134,42.038437],[-111.175685,42.0374],[-111.175906,42.036779],[-111.175796,42.036406],[-111.175928,42.036164],[-111.175877,42.035736],[-111.176061,42.035363],[-111.176223,42.035264],[-111.176474,42.034265],[-111.176864,42.033771],[-111.176923,42.033562],[-111.176938,42.033232],[-111.176702,42.032843]]}},{"type":"Feature","properties":{"id":"wat-b302","kind":"water","name":"Creek","acres":null,"editable":false,"source":"USGS 3DHP flowlines (Channel Line)"},"geometry":{"type":"LineString","coordinates":[[-111.419683,42.047125],[-111.419296,42.046693],[-111.419176,42.046246],[-111.419238,42.045317]]}},{"type":"Feature","properties":{"id":"wat-b303","kind":"water","name":"Creek","acres":null,"editable":false,"source":"USGS 3DHP flowlines (Channel Line)"},"geometry":{"type":"LineString","coordinates":[[-111.236196,41.917405],[-111.236828,41.917679],[-111.237446,41.917701],[-111.238137,41.917387],[-111.238681,41.917327],[-111.239181,41.917519],[-111.239453,41.917705],[-111.239534,41.917859]]}},{"type":"Feature","properties":{"id":"wat-b304","kind":"water","name":"Creek","acres":null,"editable":false,"source":"USGS 3DHP flowlines (Channel Line)"},"geometry":{"type":"LineString","coordinates":[[-111.431172,41.978518],[-111.430615,41.978682],[-111.429517,41.979159],[-111.42868,41.97973],[-111.428146,41.980455],[-111.427792,41.981395],[-111.427578,41.981706],[-111.424641,41.984298]]}},{"type":"Feature","properties":{"id":"wat-b305","kind":"water","name":"Creek","acres":null,"editable":false,"source":"USGS 3DHP flowlines (Channel Line)"},"geometry":{"type":"LineString","coordinates":[[-111.179726,41.950935],[-111.179836,41.95111],[-111.179784,41.951269],[-111.17896,41.951917],[-111.178394,41.952894],[-111.178217,41.953685]]}},{"type":"Feature","properties":{"id":"wat-b306","kind":"water","name":"Creek","acres":null,"editable":false,"source":"USGS 3DHP flowlines (Channel Line)"},"geometry":{"type":"LineString","coordinates":[[-111.178113,41.870554],[-111.177628,41.870527],[-111.177055,41.870367],[-111.176549,41.870395],[-111.175461,41.869983],[-111.174705,41.869823],[-111.173875,41.869812],[-111.17278,41.869543],[-111.172031,41.869274],[-111.170944,41.869126],[-111.170635,41.868978],[-111.17015,41.869181],[-111.169041,41.869345],[-111.16791,41.869224],[-111.16733,41.869279],[-111.16697,41.869087]]}},{"type":"Feature","properties":{"id":"wat-b307","kind":"water","name":"Creek","acres":null,"editable":false,"source":"USGS 3DHP flowlines (Channel Line)"},"geometry":{"type":"LineString","coordinates":[[-111.419682,41.885738],[-111.419041,41.885326],[-111.418095,41.88487],[-111.417721,41.884745],[-111.416843,41.884618],[-111.416317,41.884705],[-111.415425,41.885019],[-111.414288,41.88524],[-111.411701,41.885308],[-111.409458,41.885671],[-111.407787,41.886024],[-111.404796,41.886359],[-111.402935,41.886393],[-111.401554,41.886663],[-111.400356,41.88673],[-111.399173,41.887063],[-111.397937,41.887581]]}},{"type":"Feature","properties":{"id":"wat-b308","kind":"water","name":"Creek","acres":null,"editable":false,"source":"USGS 3DHP flowlines (Channel Line)"},"geometry":{"type":"LineString","coordinates":[[-111.420938,42.032592],[-111.418292,42.032685],[-111.41749,42.032585],[-111.41574,42.032151],[-111.415401,42.031916],[-111.414253,42.031461],[-111.411261,42.030027]]}},{"type":"Feature","properties":{"id":"wat-b309","kind":"water","name":"Creek","acres":null,"editable":false,"source":"USGS 3DHP flowlines (Channel Line)"},"geometry":{"type":"LineString","coordinates":[[-111.213157,42.06856],[-111.214889,42.069812],[-111.215191,42.069822],[-111.216274,42.069745],[-111.216812,42.069597],[-111.217387,42.06924],[-111.217925,42.069081],[-111.218801,42.068685],[-111.219302,42.068333],[-111.219965,42.068114],[-111.220216,42.068064],[-111.22068,42.068212],[-111.221542,42.067992],[-111.222757,42.066658],[-111.223347,42.066262],[-111.223781,42.065856],[-111.223973,42.06562],[-111.224171,42.065032],[-111.224849,42.064549],[-111.225658,42.062715],[-111.226277,42.061831]]}},{"type":"Feature","properties":{"id":"wat-b310","kind":"water","name":"Fish Haven Creek","acres":null,"editable":false,"source":"USGS 3DHP flowlines (Channel Line)"},"geometry":{"type":"LineString","coordinates":[[-111.429308,42.040099],[-111.428981,42.040037],[-111.428383,42.039757],[-111.427922,42.039739],[-111.426932,42.039483],[-111.42637,42.039219],[-111.425567,42.039231],[-111.425361,42.039332],[-111.425204,42.03932],[-111.423306,42.038624],[-111.423071,42.038338],[-111.422728,42.038218],[-111.422255,42.038209],[-111.421474,42.03799],[-111.420914,42.03798],[-111.420158,42.037674],[-111.419777,42.037681],[-111.419113,42.037972],[-111.41851,42.037769],[-111.418182,42.037908],[-111.417693,42.03794],[-111.417321,42.037819],[-111.415643,42.03806],[-111.414129,42.037834],[-111.412728,42.037228],[-111.412122,42.036801],[-111.411736,42.036642],[-111.410949,42.03648],[-111.410461,42.036262]]}},{"type":"Feature","properties":{"id":"wat-b311","kind":"water","name":"Creek","acres":null,"editable":false,"source":"USGS 3DHP flowlines (Channel Line)"},"geometry":{"type":"LineString","coordinates":[[-111.205892,42.046101],[-111.205539,42.046117],[-111.204633,42.045947],[-111.203336,42.045931],[-111.202275,42.045711],[-111.201207,42.045805],[-111.200441,42.045986],[-111.198983,42.04564],[-111.198533,42.045706],[-111.198025,42.045684],[-111.196154,42.04541],[-111.195653,42.045416],[-111.194416,42.045871],[-111.19429,42.046014],[-111.193392,42.046486],[-111.192221,42.046607],[-111.191145,42.046525],[-111.190563,42.046646],[-111.190033,42.046574],[-111.189149,42.046135],[-111.188088,42.045811],[-111.185547,42.045883],[-111.184368,42.046179],[-111.183963,42.046377],[-111.183307,42.046454],[-111.182343,42.046443],[-111.181871,42.046316],[-111.181024,42.046234],[-111.180346,42.046371],[-111.179757,42.046618],[-111.179153,42.047134],[-111.179027,42.04809],[-111.17916,42.048232],[-111.179035,42.048479],[-111.178578,42.048836],[-111.178232,42.049391],[-111.178327,42.049852],[-111.178232,42.050017],[-111.177436,42.050686],[-111.177252,42.051082],[-111.177163,42.052075],[-111.177001,42.052317],[-111.17731,42.053355],[-111.176993,42.054074],[-111.176912,42.054623],[-111.176964,42.054864],[-111.177376,42.055216],[-111.177442,42.055567],[-111.177317,42.056061],[-111.176573,42.057181],[-111.175858,42.057708],[-111.175261,42.057983],[-111.174731,42.058115],[-111.174591,42.058257],[-111.174591,42.058444],[-111.175158,42.058658],[-111.175519,42.058977],[-111.175828,42.059438],[-111.175828,42.059696],[-111.175555,42.06025],[-111.175526,42.060503],[-111.175128,42.060832],[-111.174774,42.061288],[-111.17445,42.062112],[-111.174472,42.06237],[-111.174708,42.062463],[-111.174826,42.062606],[-111.175209,42.063341],[-111.175319,42.064203],[-111.175304,42.064412],[-111.174928,42.064846],[-111.174796,42.065323],[-111.174891,42.066778],[-111.174331,42.068359]]}},{"type":"Feature","properties":{"id":"wat-b312","kind":"water","name":"Creek","acres":null,"editable":false,"source":"USGS 3DHP flowlines (Channel Line)"},"geometry":{"type":"LineString","coordinates":[[-111.457763,42.133805],[-111.455605,42.1337],[-111.454521,42.133959],[-111.453662,42.133937],[-111.453153,42.134052],[-111.451774,42.134157],[-111.450948,42.134355],[-111.45035,42.134596],[-111.449575,42.134668],[-111.448741,42.134862],[-111.447793,42.135315],[-111.444634,42.135662]]}},{"type":"Feature","properties":{"id":"wat-b313","kind":"water","name":"Creek","acres":null,"editable":false,"source":"USGS 3DHP flowlines (Channel Line)"},"geometry":{"type":"LineString","coordinates":[[-111.199406,42.026161],[-111.199296,42.025936],[-111.198869,42.025837],[-111.198309,42.025914],[-111.197153,42.025787],[-111.196925,42.025689],[-111.196777,42.025469],[-111.195599,42.024865],[-111.194959,42.024097],[-111.194826,42.023751],[-111.194921,42.02285],[-111.194656,42.022417],[-111.194332,42.021522],[-111.193957,42.021297]]}},{"type":"Feature","properties":{"id":"wat-b314","kind":"water","name":"Creek","acres":null,"editable":false,"source":"USGS 3DHP flowlines (Channel Line)"},"geometry":{"type":"LineString","coordinates":[[-111.210991,42.0302],[-111.209614,42.030738],[-111.208362,42.030848],[-111.208016,42.031007],[-111.207619,42.031386],[-111.207582,42.031562],[-111.206529,42.033061],[-111.205992,42.033539],[-111.204482,42.033704],[-111.204004,42.033907],[-111.202575,42.034209],[-111.20052,42.034539],[-111.199924,42.035055],[-111.197272,42.036285],[-111.196359,42.036389],[-111.195512,42.036724],[-111.19479,42.036675],[-111.194216,42.036763],[-111.192603,42.037219],[-111.192146,42.03746],[-111.190813,42.037779],[-111.190379,42.038004],[-111.188906,42.038125],[-111.187985,42.037944],[-111.187101,42.037647],[-111.186541,42.037581],[-111.186151,42.037395],[-111.185636,42.036598]]}},{"type":"Feature","properties":{"id":"wat-b315","kind":"water","name":"Creek","acres":null,"editable":false,"source":"USGS 3DHP flowlines (Channel Line)"},"geometry":{"type":"LineString","coordinates":[[-111.445859,41.905472],[-111.443532,41.905792],[-111.440549,41.906424],[-111.439572,41.906721],[-111.437024,41.90796],[-111.435887,41.908298],[-111.434254,41.90916],[-111.432149,41.909852],[-111.430722,41.91006],[-111.430287,41.910062],[-111.429082,41.909895],[-111.426999,41.909385],[-111.425885,41.909317],[-111.425366,41.909513]]}},{"type":"Feature","properties":{"id":"wat-b316","kind":"water","name":"Spring Creek","acres":null,"editable":false,"source":"USGS 3DHP flowlines (Channel Line)"},"geometry":{"type":"LineString","coordinates":[[-111.406575,42.143581],[-111.406073,42.143526],[-111.405026,42.143965],[-111.404501,42.14447],[-111.404361,42.145139],[-111.404184,42.145342],[-111.403556,42.145694]]}},{"type":"Feature","properties":{"id":"wat-b317","kind":"water","name":"Indian Creek","acres":null,"editable":false,"source":"USGS 3DHP flowlines (Channel Line)"},"geometry":{"type":"LineString","coordinates":[[-111.249149,42.094312],[-111.249687,42.094213],[-111.250623,42.094306],[-111.251002,42.094218],[-111.251584,42.094208],[-111.252218,42.094395],[-111.253353,42.094434],[-111.253693,42.094368],[-111.25513,42.094341],[-111.256236,42.094029],[-111.258345,42.0937],[-111.25979,42.093372],[-111.260453,42.09357],[-111.262104,42.093691]]}},{"type":"Feature","properties":{"id":"wat-b318","kind":"water","name":"Swan Creek","acres":null,"editable":false,"source":"USGS 3DHP flowlines (Channel Line)"},"geometry":{"type":"LineString","coordinates":[[-111.426205,41.9844],[-111.424531,41.984465],[-111.423893,41.98485],[-111.423428,41.98541],[-111.422261,41.986],[-111.421766,41.986042],[-111.421277,41.986245],[-111.420941,41.986231],[-111.419435,41.986574],[-111.419114,41.98652],[-111.418625,41.986121],[-111.418075,41.986091],[-111.416883,41.985488],[-111.416141,41.984953],[-111.41588,41.984869]]}},{"type":"Feature","properties":{"id":"wat-b319","kind":"water","name":"Creek","acres":null,"editable":false,"source":"USGS 3DHP flowlines (Channel Line)"},"geometry":{"type":"LineString","coordinates":[[-111.417668,41.920241],[-111.415111,41.921957],[-111.414356,41.922649],[-111.412731,41.923398],[-111.411106,41.923904],[-111.410152,41.924056],[-111.407207,41.923963],[-111.405407,41.924027],[-111.402507,41.924474],[-111.401058,41.925056]]}},{"type":"Feature","properties":{"id":"wat-b320","kind":"water","name":"Creek","acres":null,"editable":false,"source":"USGS 3DHP flowlines (Channel Line)"},"geometry":{"type":"LineString","coordinates":[[-111.15038,41.985491],[-111.150549,41.985711],[-111.15088,41.985634],[-111.15091,41.985876],[-111.151358,41.986052],[-111.151432,41.986145],[-111.151498,41.986524],[-111.151439,41.986732],[-111.151593,41.986969],[-111.151564,41.98715],[-111.152336,41.987979],[-111.152564,41.988056],[-111.153079,41.987804],[-111.153293,41.987935],[-111.15355,41.98798],[-111.153801,41.988177],[-111.153977,41.988078],[-111.154419,41.988139],[-111.15486,41.988002],[-111.154971,41.98804],[-111.155044,41.988282],[-111.155213,41.988364],[-111.155272,41.988534],[-111.155831,41.988771],[-111.155809,41.989188],[-111.156015,41.98921],[-111.156331,41.989441],[-111.156199,41.98971],[-111.156751,41.989787],[-111.157134,41.989721],[-111.15731,41.989765],[-111.157391,41.989951],[-111.157413,41.990737],[-111.157685,41.991006],[-111.159017,41.991484],[-111.159466,41.991539],[-111.159849,41.991769],[-111.160327,41.991753]]}},{"type":"Feature","properties":{"id":"wat-b321","kind":"water","name":"Creek","acres":null,"editable":false,"source":"USGS 3DHP flowlines (Channel Line)"},"geometry":{"type":"LineString","coordinates":[[-111.222746,42.018321],[-111.222775,42.017135],[-111.222863,42.016772]]}},{"type":"Feature","properties":{"id":"wat-b322","kind":"water","name":"Creek","acres":null,"editable":false,"source":"USGS 3DHP flowlines (Channel Line)"},"geometry":{"type":"LineString","coordinates":[[-111.201566,42.069232],[-111.201433,42.069205],[-111.201212,42.069325],[-111.201124,42.069644],[-111.200785,42.069814],[-111.200476,42.070116],[-111.200085,42.071385],[-111.199864,42.072702],[-111.199024,42.073828],[-111.198184,42.074492],[-111.197934,42.075036],[-111.197912,42.075338],[-111.197264,42.07598],[-111.197182,42.076425],[-111.196748,42.076979],[-111.196549,42.077435],[-111.196903,42.07799],[-111.196895,42.078165],[-111.196579,42.078561],[-111.196608,42.079368],[-111.196439,42.079675],[-111.196446,42.079856],[-111.196181,42.080142],[-111.195864,42.080263]]}},{"type":"Feature","properties":{"id":"wat-b323","kind":"water","name":"Cheney Creek","acres":null,"editable":false,"source":"USGS 3DHP flowlines (Channel Line)"},"geometry":{"type":"LineString","coordinates":[[-111.426762,41.879844],[-111.425274,41.878602],[-111.424412,41.877155],[-111.424084,41.876814],[-111.422696,41.876274],[-111.421147,41.875942],[-111.420727,41.875759],[-111.420552,41.875224],[-111.420658,41.874638],[-111.420338,41.874265],[-111.419628,41.873701],[-111.419094,41.873396],[-111.418652,41.872713],[-111.418514,41.872255],[-111.418042,41.87182]]}},{"type":"Feature","properties":{"id":"wat-b324","kind":"water","name":"Creek","acres":null,"editable":false,"source":"USGS 3DHP flowlines (Channel Line)"},"geometry":{"type":"LineString","coordinates":[[-111.422848,41.873328],[-111.421757,41.872747],[-111.421047,41.8722],[-111.420445,41.871865],[-111.419918,41.871786],[-111.418042,41.87182]]}},{"type":"Feature","properties":{"id":"wat-b325","kind":"water","name":"Creek","acres":null,"editable":false,"source":"USGS 3DHP flowlines (Channel Line)"},"geometry":{"type":"LineString","coordinates":[[-111.222722,42.015773],[-111.222678,42.015059],[-111.222869,42.013857],[-111.223199,42.013132],[-111.223309,42.012111]]}},{"type":"Feature","properties":{"id":"wat-b326","kind":"water","name":"Little Creek","acres":null,"editable":false,"source":"USGS 3DHP flowlines (Channel Line)"},"geometry":{"type":"LineString","coordinates":[[-111.248492,41.938136],[-111.249161,41.937861],[-111.251102,41.938015],[-111.251735,41.937927],[-111.252161,41.937828],[-111.252367,41.93773],[-111.25261,41.937466],[-111.25325,41.937236]]}},{"type":"Feature","properties":{"id":"wat-b327","kind":"water","name":"Saint Charles Creek","acres":null,"editable":false,"source":"USGS 3DHP flowlines (Channel Line)"},"geometry":{"type":"LineString","coordinates":[[-111.444493,42.114695],[-111.443712,42.115003]]}},{"type":"Feature","properties":{"id":"wat-b328","kind":"water","name":"Creek","acres":null,"editable":false,"source":"USGS 3DHP flowlines (Channel Line)"},"geometry":{"type":"LineString","coordinates":[[-111.215537,41.879203],[-111.21409,41.880362],[-111.212085,41.881033],[-111.210887,41.881939],[-111.210322,41.882647],[-111.209595,41.88391],[-111.208831,41.884569],[-111.207215,41.886271],[-111.206745,41.886491],[-111.206216,41.88743],[-111.205738,41.888056],[-111.204681,41.890016],[-111.204079,41.890829],[-111.203755,41.891428],[-111.203601,41.891949],[-111.203263,41.892581],[-111.203263,41.892751],[-111.203484,41.893135]]}},{"type":"Feature","properties":{"id":"wat-b329","kind":"water","name":"Creek","acres":null,"editable":false,"source":"USGS 3DHP flowlines (Channel Line)"},"geometry":{"type":"LineString","coordinates":[[-111.226663,41.871261],[-111.221198,41.87146],[-111.219134,41.871401],[-111.215755,41.871841],[-111.214454,41.871901],[-111.212904,41.871869],[-111.212375,41.871798],[-111.211633,41.871529],[-111.21156,41.871397],[-111.211641,41.870859],[-111.211523,41.870574],[-111.211449,41.869799],[-111.211713,41.869036],[-111.211691,41.8688],[-111.211434,41.868328],[-111.211514,41.867971],[-111.211434,41.867812],[-111.211441,41.866955],[-111.211551,41.866351],[-111.211198,41.865045],[-111.211278,41.864139],[-111.211197,41.863815],[-111.211623,41.86292],[-111.212093,41.862612],[-111.212254,41.862403],[-111.212878,41.862112],[-111.213628,41.861876],[-111.214076,41.861536]]}},{"type":"Feature","properties":{"id":"wat-b330","kind":"water","name":"Creek","acres":null,"editable":false,"source":"USGS 3DHP flowlines (Channel Line)"},"geometry":{"type":"LineString","coordinates":[[-111.196143,42.130718],[-111.196401,42.128994],[-111.196268,42.128709],[-111.196253,42.128231],[-111.195656,42.127386],[-111.195508,42.126743],[-111.195648,42.125909],[-111.195825,42.125579],[-111.19609,42.125393],[-111.19609,42.124937],[-111.195928,42.124284],[-111.195604,42.123784],[-111.19494,42.123093],[-111.194903,42.122626]]}},{"type":"Feature","properties":{"id":"wat-b331","kind":"water","name":"Creek","acres":null,"editable":false,"source":"USGS 3DHP flowlines (Channel Line)"},"geometry":{"type":"LineString","coordinates":[[-111.179501,42.084238],[-111.179288,42.08465],[-111.178698,42.084803],[-111.178528,42.085155],[-111.178337,42.08521],[-111.178551,42.08538],[-111.178447,42.085616],[-111.178211,42.085704],[-111.178108,42.08583],[-111.178093,42.085995],[-111.177835,42.086346],[-111.177887,42.086665],[-111.17726,42.087378],[-111.177172,42.087592],[-111.177319,42.088119],[-111.177208,42.088301],[-111.177238,42.088471],[-111.177186,42.088559],[-111.176973,42.088443],[-111.176906,42.088542],[-111.176914,42.088718],[-111.176552,42.089283],[-111.176552,42.089624],[-111.176338,42.089596],[-111.176324,42.089816],[-111.175815,42.09003],[-111.175727,42.090206],[-111.175189,42.090206],[-111.174798,42.090425]]}},{"type":"Feature","properties":{"id":"wat-b332","kind":"water","name":"Creek","acres":null,"editable":false,"source":"USGS 3DHP flowlines (Channel Line)"},"geometry":{"type":"LineString","coordinates":[[-111.185266,41.919551],[-111.186008,41.919826],[-111.186618,41.919936],[-111.187934,41.919974],[-111.188706,41.920078],[-111.189566,41.920023]]}},{"type":"Feature","properties":{"id":"wat-b333","kind":"water","name":"Creek","acres":null,"editable":false,"source":"USGS 3DHP flowlines (Channel Line)"},"geometry":{"type":"LineString","coordinates":[[-111.215552,42.034184],[-111.21522,42.034393],[-111.213549,42.034915],[-111.21251,42.034943],[-111.211634,42.035415],[-111.208836,42.036157],[-111.207981,42.036465],[-111.206707,42.03714],[-111.204896,42.037646],[-111.204321,42.038123],[-111.203128,42.038524],[-111.202922,42.038563],[-111.200992,42.038245],[-111.199976,42.038151],[-111.198672,42.038322],[-111.19675,42.03819],[-111.195998,42.038262],[-111.195137,42.038245],[-111.194592,42.038333],[-111.19426,42.0383]]}},{"type":"Feature","properties":{"id":"wat-b334","kind":"water","name":"Creek","acres":null,"editable":false,"source":"USGS 3DHP flowlines (Channel Line)"},"geometry":{"type":"LineString","coordinates":[[-111.193074,42.122033],[-111.192742,42.122011],[-111.192064,42.121605],[-111.1914,42.121462],[-111.190485,42.120941],[-111.18977,42.120238],[-111.188701,42.11987],[-111.188332,42.119574],[-111.188007,42.11948],[-111.18668,42.119409],[-111.186164,42.11953],[-111.185898,42.119519],[-111.185684,42.119618],[-111.185234,42.119634],[-111.183649,42.120079],[-111.183103,42.119974]]}},{"type":"Feature","properties":{"id":"wat-b335","kind":"water","name":"Creek","acres":null,"editable":false,"source":"USGS 3DHP flowlines (Channel Line)"},"geometry":{"type":"LineString","coordinates":[[-111.183103,42.119974],[-111.182513,42.119782],[-111.182277,42.119618],[-111.18196,42.119574],[-111.181673,42.119316],[-111.181289,42.119217],[-111.180787,42.118931],[-111.179888,42.118915],[-111.17918,42.11914],[-111.178826,42.119019],[-111.177506,42.118947],[-111.177108,42.11915],[-111.176872,42.119167],[-111.176591,42.119013],[-111.176259,42.119057],[-111.176053,42.118991],[-111.17502,42.119107],[-111.174467,42.119046],[-111.174099,42.11915],[-111.17387,42.119046],[-111.173582,42.119046],[-111.171134,42.119968],[-111.170912,42.119913],[-111.169755,42.120165],[-111.169482,42.120143],[-111.169106,42.120319],[-111.16884,42.120319],[-111.168501,42.120528],[-111.168154,42.120593],[-111.167136,42.121175],[-111.165396,42.12168],[-111.164481,42.121746],[-111.164068,42.121696],[-111.163051,42.121356],[-111.16266,42.121301],[-111.162446,42.121163],[-111.161627,42.121284],[-111.161067,42.121289],[-111.160654,42.121405]]}},{"type":"Feature","properties":{"id":"wat-b336","kind":"water","name":"Creek","acres":null,"editable":false,"source":"USGS 3DHP flowlines (Channel Line)"},"geometry":{"type":"LineString","coordinates":[[-111.215702,42.124264],[-111.215266,42.124423],[-111.214617,42.12494],[-111.214485,42.125747]]}},{"type":"Feature","properties":{"id":"wat-b337","kind":"water","name":"Creek","acres":null,"editable":false,"source":"USGS 3DHP flowlines (Channel Line)"},"geometry":{"type":"LineString","coordinates":[[-111.452649,42.117295],[-111.45211,42.116894],[-111.45155,42.116175],[-111.451107,42.115214],[-111.450392,42.114204],[-111.449986,42.113381],[-111.449768,42.11252],[-111.449487,42.112387]]}},{"type":"Feature","properties":{"id":"wat-b338","kind":"water","name":"Creek","acres":null,"editable":false,"source":"USGS 3DHP flowlines (Channel Line)"},"geometry":{"type":"LineString","coordinates":[[-111.417381,42.130868],[-111.416449,42.130761],[-111.415579,42.130458],[-111.414883,42.130151],[-111.414489,42.129819],[-111.414056,42.129666],[-111.413211,42.129036],[-111.412756,42.128355],[-111.411795,42.127406],[-111.40979,42.126338],[-111.409053,42.126166],[-111.407845,42.125499],[-111.406518,42.124936],[-111.406283,42.124748],[-111.405612,42.124693],[-111.405353,42.124814],[-111.405095,42.124836],[-111.404318,42.124747]]}},{"type":"Feature","properties":{"id":"wat-b339","kind":"water","name":"Creek","acres":null,"editable":false,"source":"USGS 3DHP flowlines (Channel Line)"},"geometry":{"type":"LineString","coordinates":[[-111.182246,41.975252],[-111.182496,41.97562]]}},{"type":"Feature","properties":{"id":"wat-b340","kind":"water","name":"Creek","acres":null,"editable":false,"source":"USGS 3DHP flowlines (Channel Line)"},"geometry":{"type":"LineString","coordinates":[[-111.456426,42.022357],[-111.454939,42.0234],[-111.454674,42.023751],[-111.454328,42.024015],[-111.453459,42.024542],[-111.453201,42.024646],[-111.452936,42.024652],[-111.451861,42.025267],[-111.451059,42.025465],[-111.450381,42.025525],[-111.449777,42.025438],[-111.449045,42.025208],[-111.44485,42.023364],[-111.443261,42.023024],[-111.442458,42.022929],[-111.440935,42.023056],[-111.440104,42.023295],[-111.439554,42.023324],[-111.439025,42.023596],[-111.438193,42.024384],[-111.437723,42.024642],[-111.437097,42.02478],[-111.436236,42.02518],[-111.435278,42.025416],[-111.433717,42.025504],[-111.432907,42.025427],[-111.432523,42.025466],[-111.432206,42.025378],[-111.43142,42.025427],[-111.430153,42.025356],[-111.42899,42.025526],[-111.42488,42.025739],[-111.42237,42.025497],[-111.421151,42.025467]]}},{"type":"Feature","properties":{"id":"wat-b341","kind":"water","name":"Creek","acres":null,"editable":false,"source":"USGS 3DHP flowlines (Channel Line)"},"geometry":{"type":"LineString","coordinates":[[-111.433125,41.949027],[-111.432065,41.948626],[-111.431409,41.948588],[-111.430613,41.948402],[-111.428888,41.94838],[-111.428512,41.948281],[-111.427708,41.947904],[-111.426999,41.947763],[-111.426655,41.947831],[-111.425923,41.948289],[-111.423636,41.949213],[-111.423205,41.949161],[-111.422589,41.948833],[-111.422192,41.948744],[-111.421414,41.948832],[-111.420698,41.948794],[-111.419254,41.949092],[-111.417159,41.948994],[-111.415943,41.948815],[-111.414827,41.948851],[-111.414234,41.948913],[-111.412495,41.949279],[-111.411915,41.949173],[-111.411228,41.948874]]}},{"type":"Feature","properties":{"id":"wat-b342","kind":"water","name":"Swan Creek","acres":null,"editable":false,"source":"USGS 3DHP flowlines (Channel Line)"},"geometry":{"type":"LineString","coordinates":[[-111.427045,41.984757],[-111.426205,41.9844]]}},{"type":"Feature","properties":{"id":"wat-b343","kind":"water","name":"Creek","acres":null,"editable":false,"source":"USGS 3DHP flowlines (Channel Line)"},"geometry":{"type":"LineString","coordinates":[[-111.19426,42.0383],[-111.193848,42.038399],[-111.193575,42.038679],[-111.192927,42.03914],[-111.192655,42.03925],[-111.190232,42.039563],[-111.189576,42.03975],[-111.189333,42.039937],[-111.188611,42.040217],[-111.187904,42.04115],[-111.187167,42.041507],[-111.185923,42.041699],[-111.185444,42.041639],[-111.184766,42.041864],[-111.183521,42.041875],[-111.182895,42.041479],[-111.182601,42.04098],[-111.182991,42.04059],[-111.18372,42.040277],[-111.183853,42.040107],[-111.184177,42.038591],[-111.185002,42.037104],[-111.185157,42.036895],[-111.185636,42.036598]]}},{"type":"Feature","properties":{"id":"wat-b344","kind":"water","name":"Creek","acres":null,"editable":false,"source":"USGS 3DHP flowlines (Channel Line)"},"geometry":{"type":"LineString","coordinates":[[-111.215631,41.893808],[-111.214868,41.895252]]}},{"type":"Feature","properties":{"id":"wat-b345","kind":"water","name":"Creek","acres":null,"editable":false,"source":"USGS 3DHP flowlines (Channel Line)"},"geometry":{"type":"LineString","coordinates":[[-111.241767,41.87104],[-111.241473,41.871057],[-111.240275,41.870794],[-111.23921,41.870202],[-111.238438,41.869466],[-111.23807,41.868791],[-111.237379,41.868171],[-111.23646,41.867606],[-111.236298,41.867128],[-111.236085,41.866837],[-111.235901,41.86592],[-111.235621,41.865234],[-111.235599,41.864685],[-111.235407,41.864186],[-111.234716,41.86334]]}},{"type":"Feature","properties":{"id":"wat-b346","kind":"water","name":"Creek","acres":null,"editable":false,"source":"USGS 3DHP flowlines (Channel Line)"},"geometry":{"type":"LineString","coordinates":[[-111.247857,41.919941],[-111.248696,41.9201],[-111.24932,41.919765],[-111.250438,41.919671],[-111.251745,41.919885],[-111.253377,41.919969],[-111.25445,41.920123],[-111.254619,41.920249],[-111.255191,41.921249],[-111.255374,41.921935],[-111.255764,41.922539],[-111.256145,41.922913],[-111.257049,41.923385],[-111.257277,41.923759],[-111.257674,41.92416],[-111.258416,41.924704]]}},{"type":"Feature","properties":{"id":"wat-b347","kind":"water","name":"Little Creek","acres":null,"editable":false,"source":"USGS 3DHP flowlines (Channel Line)"},"geometry":{"type":"LineString","coordinates":[[-111.228925,41.939391],[-111.230027,41.938765],[-111.230469,41.938743],[-111.232027,41.938363],[-111.23402,41.938203]]}},{"type":"Feature","properties":{"id":"wat-b348","kind":"water","name":"Creek","acres":null,"editable":false,"source":"USGS 3DHP flowlines (Channel Line)"},"geometry":{"type":"LineString","coordinates":[[-111.22357,42.005094],[-111.224152,42.005083],[-111.224468,42.004808],[-111.224748,42.004797],[-111.225116,42.005055]]}},{"type":"Feature","properties":{"id":"wat-b349","kind":"water","name":"Creek","acres":null,"editable":false,"source":"USGS 3DHP flowlines (Channel Line)"},"geometry":{"type":"LineString","coordinates":[[-111.461002,42.071285],[-111.460147,42.071082],[-111.459697,42.070879],[-111.458835,42.070341],[-111.457626,42.069809],[-111.456948,42.069326],[-111.456538,42.069227],[-111.455076,42.068552],[-111.453668,42.06713],[-111.453587,42.066762],[-111.453359,42.066345],[-111.452983,42.06601],[-111.45215,42.065527],[-111.451642,42.064978],[-111.450949,42.064435],[-111.449416,42.063996],[-111.446808,42.063431],[-111.446403,42.063249],[-111.445436,42.063035],[-111.444989,42.06304],[-111.443764,42.063338],[-111.442925,42.063415],[-111.442265,42.063647],[-111.441569,42.063778],[-111.441111,42.063772],[-111.440659,42.063665],[-111.439136,42.063736],[-111.436927,42.063557],[-111.435692,42.063341],[-111.434445,42.063432],[-111.433955,42.063361],[-111.433361,42.063382],[-111.430704,42.063865],[-111.429854,42.063777]]}},{"type":"Feature","properties":{"id":"wat-b350","kind":"water","name":"Creek","acres":null,"editable":false,"source":"USGS 3DHP flowlines (Channel Line)"},"geometry":{"type":"LineString","coordinates":[[-111.444634,42.135662],[-111.444265,42.135492],[-111.443771,42.135124],[-111.442024,42.133349],[-111.441006,42.132645],[-111.440099,42.131889],[-111.438722,42.131312],[-111.436556,42.131334]]}},{"type":"Feature","properties":{"id":"wat-b351","kind":"water","name":"Cheney Creek","acres":null,"editable":false,"source":"USGS 3DHP flowlines (Channel Line)"},"geometry":{"type":"LineString","coordinates":[[-111.418042,41.87182],[-111.414173,41.870334],[-111.413441,41.869904],[-111.413013,41.86932],[-111.412617,41.869182],[-111.412472,41.868809],[-111.412098,41.868504],[-111.412106,41.86813],[-111.411884,41.867573],[-111.411427,41.867196],[-111.410801,41.866361],[-111.410251,41.865885],[-111.409733,41.865239],[-111.409664,41.864635],[-111.409771,41.864234],[-111.409557,41.863812],[-111.40916,41.863498],[-111.408626,41.862784],[-111.407978,41.862574],[-111.407535,41.862139],[-111.406757,41.861759],[-111.406421,41.861445],[-111.406612,41.861107],[-111.406551,41.860589],[-111.406711,41.860377],[-111.406673,41.860111],[-111.406757,41.859913],[-111.406551,41.859085],[-111.406902,41.858539]]}},{"type":"Feature","properties":{"id":"wat-b352","kind":"water","name":"Creek","acres":null,"editable":false,"source":"USGS 3DHP flowlines (Channel Line)"},"geometry":{"type":"LineString","coordinates":[[-111.21049,41.858846],[-111.210233,41.858731],[-111.209212,41.85866],[-111.208522,41.858456],[-111.208463,41.858308],[-111.208176,41.858149],[-111.207956,41.857908],[-111.207662,41.857809],[-111.207361,41.857875],[-111.207097,41.857628],[-111.205613,41.856975],[-111.205635,41.856876],[-111.205444,41.856848],[-111.205069,41.856508],[-111.204636,41.856288],[-111.20407,41.856201],[-111.203879,41.8558],[-111.203703,41.855783],[-111.203115,41.8553],[-111.202711,41.855328],[-111.202153,41.855163],[-111.201456,41.855158],[-111.200802,41.854856],[-111.200207,41.854796],[-111.199355,41.854472],[-111.197651,41.85423],[-111.197137,41.853857],[-111.196784,41.853725],[-111.196035,41.853671],[-111.195411,41.853352],[-111.194508,41.852743],[-111.194067,41.852573],[-111.193362,41.852622],[-111.193002,41.852545]]}},{"type":"Feature","properties":{"id":"wat-b353","kind":"water","name":"Creek","acres":null,"editable":false,"source":"USGS 3DHP flowlines (Channel Line)"},"geometry":{"type":"LineString","coordinates":[[-111.218876,41.932433],[-111.219008,41.932603],[-111.219318,41.933641],[-111.219906,41.934343],[-111.220245,41.934585],[-111.221877,41.935084],[-111.222922,41.935204],[-111.225496,41.935802],[-111.22757,41.937025],[-111.227857,41.938047],[-111.22813,41.938557],[-111.228373,41.938919],[-111.228925,41.939391]]}},{"type":"Feature","properties":{"id":"wat-b354","kind":"water","name":"Sheeppen Creek","acres":null,"editable":false,"source":"USGS 3DHP flowlines (Channel Line)"},"geometry":{"type":"LineString","coordinates":[[-111.149171,41.976717],[-111.150134,41.977925],[-111.150494,41.978727],[-111.150449,41.979704],[-111.150516,41.979897],[-111.150427,41.980451],[-111.151236,41.981154],[-111.151405,41.981511]]}},{"type":"Feature","properties":{"id":"wat-b355","kind":"water","name":"Creek","acres":null,"editable":false,"source":"USGS 3DHP flowlines (Channel Line)"},"geometry":{"type":"LineString","coordinates":[[-111.153601,42.05654],[-111.153343,42.057018],[-111.152982,42.057364],[-111.152805,42.058017],[-111.15251,42.058451],[-111.152001,42.058697],[-111.151537,42.059175],[-111.151154,42.059307],[-111.150873,42.059691],[-111.150571,42.059927]]}},{"type":"Feature","properties":{"id":"wat-b356","kind":"water","name":"Creek","acres":null,"editable":false,"source":"USGS 3DHP flowlines (Channel Line)"},"geometry":{"type":"LineString","coordinates":[[-111.444379,41.912494],[-111.443258,41.912318],[-111.442899,41.912342],[-111.441983,41.91262],[-111.439405,41.913733],[-111.438878,41.913821],[-111.437505,41.914349]]}},{"type":"Feature","properties":{"id":"wat-b357","kind":"water","name":"Fish Haven Creek","acres":null,"editable":false,"source":"USGS 3DHP flowlines (Channel Line)"},"geometry":{"type":"LineString","coordinates":[[-111.410461,42.036262],[-111.410092,42.036226],[-111.409871,42.036119],[-111.409429,42.035587],[-111.408979,42.035362],[-111.408717,42.035341],[-111.408323,42.035459],[-111.407649,42.035222],[-111.406971,42.035186],[-111.405654,42.03465],[-111.404987,42.034718],[-111.404154,42.034619],[-111.403602,42.034877],[-111.403454,42.035272],[-111.403086,42.035706],[-111.402544,42.036127],[-111.401717,42.036463],[-111.400787,42.036582],[-111.400385,42.036527],[-111.399569,42.036629],[-111.3986,42.036479],[-111.397915,42.036572],[-111.396977,42.036284],[-111.396925,42.035809],[-111.396289,42.035665],[-111.396282,42.035318],[-111.395917,42.034866],[-111.394801,42.03462]]}},{"type":"Feature","properties":{"id":"wat-b358","kind":"water","name":"Creek","acres":null,"editable":false,"source":"USGS 3DHP flowlines (Channel Line)"},"geometry":{"type":"LineString","coordinates":[[-111.259952,41.960678],[-111.261004,41.960816],[-111.261673,41.96103],[-111.262136,41.961277],[-111.26296,41.961525],[-111.264497,41.961723],[-111.265483,41.961756],[-111.267403,41.962158],[-111.268271,41.962647],[-111.269182,41.963449],[-111.269704,41.964239],[-111.270476,41.965706],[-111.271005,41.966343],[-111.27152,41.966799],[-111.27177,41.966931],[-111.272042,41.96687],[-111.272359,41.966524],[-111.272572,41.966492],[-111.272807,41.966052],[-111.273506,41.966201]]}},{"type":"Feature","properties":{"id":"wat-b359","kind":"water","name":"Creek","acres":null,"editable":false,"source":"USGS 3DHP flowlines (Channel Line)"},"geometry":{"type":"LineString","coordinates":[[-111.186715,41.857432],[-111.186209,41.857514],[-111.185063,41.857553],[-111.181699,41.858371],[-111.180656,41.858464],[-111.180414,41.858442],[-111.179342,41.857975],[-111.178306,41.857805],[-111.177689,41.857536],[-111.176918,41.857382],[-111.176243,41.85646],[-111.175736,41.856251],[-111.17564,41.856059],[-111.175207,41.855922],[-111.174803,41.855598],[-111.174179,41.85546],[-111.173254,41.855372],[-111.171968,41.855092],[-111.171388,41.854592],[-111.170713,41.853769],[-111.170632,41.853324],[-111.17097,41.852555]]}},{"type":"Feature","properties":{"id":"wat-b360","kind":"water","name":"Creek","acres":null,"editable":false,"source":"USGS 3DHP flowlines (Channel Line)"},"geometry":{"type":"LineString","coordinates":[[-111.217234,42.042216],[-111.218111,42.042765],[-111.218708,42.042897],[-111.219843,42.043292],[-111.220668,42.043336],[-111.221787,42.043247],[-111.222472,42.043082],[-111.223349,42.043115],[-111.224755,42.042719],[-111.225219,42.042664],[-111.225934,42.042774],[-111.226361,42.042741],[-111.226833,42.042878],[-111.227245,42.043196],[-111.227651,42.04369],[-111.227997,42.043937],[-111.228166,42.04397],[-111.228925,42.043898],[-111.229617,42.043684],[-111.230125,42.043415],[-111.230678,42.04331],[-111.23154,42.043398],[-111.232424,42.043644],[-111.23305,42.043924],[-111.233595,42.043858],[-111.233779,42.043968],[-111.233927,42.044193],[-111.234361,42.044445],[-111.235194,42.044758],[-111.236461,42.044834],[-111.237102,42.045262],[-111.237412,42.045212],[-111.237728,42.045256],[-111.240181,42.044887],[-111.240733,42.044925],[-111.24122,42.044749],[-111.241521,42.044749],[-111.242192,42.044491],[-111.243974,42.044551],[-111.244836,42.044468],[-111.245993,42.044692],[-111.246251,42.044824],[-111.246428,42.045137],[-111.246722,42.045356],[-111.247305,42.045559],[-111.247849,42.045301],[-111.248542,42.045212],[-111.249271,42.044855],[-111.249749,42.044745],[-111.250162,42.044783],[-111.250924,42.045009],[-111.251653,42.045371],[-111.252014,42.045465],[-111.252427,42.045339],[-111.252722,42.045048],[-111.253105,42.044977],[-111.253952,42.045103],[-111.254232,42.045213],[-111.2551,42.045966],[-111.255571,42.046213],[-111.256234,42.046373],[-111.257332,42.046269],[-111.257928,42.046324]]}},{"type":"Feature","properties":{"id":"wat-b361","kind":"water","name":"Creek","acres":null,"editable":false,"source":"USGS 3DHP flowlines (Channel Line)"},"geometry":{"type":"LineString","coordinates":[[-111.451985,42.125045],[-111.451683,42.125219],[-111.451565,42.125389],[-111.451212,42.125516],[-111.451067,42.125677],[-111.450496,42.125809],[-111.450365,42.125902],[-111.449948,42.126606],[-111.449575,42.126818],[-111.449249,42.127141],[-111.448792,42.127206],[-111.448471,42.127467],[-111.447526,42.127822],[-111.447164,42.127869],[-111.447048,42.128186],[-111.445991,42.128367],[-111.445523,42.128314],[-111.444397,42.128598],[-111.443858,42.128901],[-111.442725,42.129265],[-111.440532,42.130173],[-111.439598,42.13085],[-111.439349,42.130811],[-111.439212,42.130929],[-111.438963,42.130903],[-111.438673,42.131036],[-111.438332,42.131035],[-111.438076,42.131176],[-111.437555,42.131131],[-111.436556,42.131334]]}},{"type":"Feature","properties":{"id":"wat-b362","kind":"water","name":"Creek","acres":null,"editable":false,"source":"USGS 3DHP flowlines (Channel Line)"},"geometry":{"type":"LineString","coordinates":[[-111.443955,42.122149],[-111.444006,42.121429],[-111.44391,42.120736],[-111.443715,42.120202],[-111.443636,42.119126],[-111.443722,42.118336],[-111.44365,42.117632],[-111.443397,42.117132],[-111.442679,42.116487],[-111.442529,42.116197]]}},{"type":"Feature","properties":{"id":"wat-b363","kind":"water","name":"Creek","acres":null,"editable":false,"source":"USGS 3DHP flowlines (Channel Line)"},"geometry":{"type":"LineString","coordinates":[[-111.19047,41.916833],[-111.190595,41.918953],[-111.191029,41.91959],[-111.191551,41.920891]]}},{"type":"Feature","properties":{"id":"wat-b364","kind":"water","name":"Indian Creek","acres":null,"editable":false,"source":"USGS 3DHP flowlines (Channel Line)"},"geometry":{"type":"LineString","coordinates":[[-111.245433,42.094287],[-111.246864,42.094434],[-111.247586,42.094412],[-111.248169,42.094571],[-111.248648,42.094527],[-111.249149,42.094312]]}},{"type":"Feature","properties":{"id":"wat-b365","kind":"water","name":"Creek","acres":null,"editable":false,"source":"USGS 3DHP flowlines (Channel Line)"},"geometry":{"type":"LineString","coordinates":[[-111.203867,41.866309],[-111.203588,41.866248],[-111.203147,41.866276],[-111.202662,41.866161],[-111.201877,41.86615],[-111.200775,41.866188],[-111.200165,41.86626],[-111.199724,41.866392],[-111.199173,41.866326],[-111.198909,41.866408],[-111.197455,41.866403],[-111.197153,41.86648],[-111.196573,41.866326],[-111.195912,41.866293],[-111.194538,41.866074],[-111.190601,41.866464],[-111.188765,41.866738],[-111.188508,41.866716],[-111.188074,41.866409],[-111.187678,41.866272],[-111.187274,41.866349],[-111.185658,41.866382],[-111.184299,41.8667],[-111.183571,41.867128],[-111.182617,41.86726],[-111.181794,41.867227],[-111.181346,41.867381],[-111.180075,41.867518],[-111.178628,41.867957],[-111.178459,41.8681],[-111.177687,41.868111],[-111.176946,41.867957],[-111.176167,41.86799],[-111.175124,41.867792],[-111.174529,41.867786],[-111.17397,41.867863],[-111.173162,41.868099],[-111.172568,41.868033],[-111.171172,41.868291],[-111.169232,41.868835],[-111.167227,41.868906],[-111.16697,41.869087]]}},{"type":"Feature","properties":{"id":"wat-b366","kind":"water","name":"Creek","acres":null,"editable":false,"source":"USGS 3DHP flowlines (Channel Line)"},"geometry":{"type":"LineString","coordinates":[[-111.206556,41.91933],[-111.208702,41.918528],[-111.21065,41.917698],[-111.211657,41.917188],[-111.213825,41.916874]]}},{"type":"Feature","properties":{"id":"wat-b367","kind":"water","name":"Creek","acres":null,"editable":false,"source":"USGS 3DHP flowlines (Channel Line)"},"geometry":{"type":"LineString","coordinates":[[-111.204735,42.100691],[-111.203807,42.100581],[-111.20287,42.100252],[-111.202266,42.100126],[-111.20175,42.10017],[-111.20102,42.100346],[-111.200688,42.100324],[-111.199693,42.100483],[-111.199007,42.100719],[-111.198675,42.101109],[-111.198462,42.101669],[-111.197909,42.104085]]}},{"type":"Feature","properties":{"id":"wat-b368","kind":"water","name":"Creek","acres":null,"editable":false,"source":"USGS 3DHP flowlines (Channel Line)"},"geometry":{"type":"LineString","coordinates":[[-111.208985,42.06564],[-111.208528,42.065854],[-111.20816,42.066151],[-111.206967,42.066733]]}},{"type":"Feature","properties":{"id":"wat-b369","kind":"water","name":"Creek","acres":null,"editable":false,"source":"USGS 3DHP flowlines (Channel Line)"},"geometry":{"type":"LineString","coordinates":[[-111.214076,41.861536],[-111.213201,41.860333],[-111.212804,41.860158],[-111.212452,41.859664],[-111.212033,41.85962],[-111.211445,41.859236],[-111.21049,41.858846]]}},{"type":"Feature","properties":{"id":"wat-b370","kind":"water","name":"Creek","acres":null,"editable":false,"source":"USGS 3DHP flowlines (Channel Line)"},"geometry":{"type":"LineString","coordinates":[[-111.270407,41.871379],[-111.271252,41.869881],[-111.271562,41.867476],[-111.271387,41.866438],[-111.271505,41.865939],[-111.271622,41.865801],[-111.271946,41.865692],[-111.272063,41.865357]]}},{"type":"Feature","properties":{"id":"wat-b371","kind":"water","name":"Indian Creek","acres":null,"editable":false,"source":"USGS 3DHP flowlines (Channel Line)"},"geometry":{"type":"LineString","coordinates":[[-111.224232,42.106144],[-111.224261,42.105534],[-111.224504,42.105227],[-111.224828,42.104151],[-111.225218,42.103744],[-111.225439,42.103179],[-111.225697,42.102959],[-111.226242,42.101647],[-111.226478,42.101328],[-111.226705,42.100471],[-111.227147,42.099384],[-111.227611,42.098555],[-111.227891,42.097385],[-111.228229,42.096897],[-111.228657,42.096682]]}},{"type":"Feature","properties":{"id":"wat-b372","kind":"water","name":"Creek","acres":null,"editable":false,"source":"USGS 3DHP flowlines (Channel Line)"},"geometry":{"type":"LineString","coordinates":[[-111.248877,41.964018],[-111.249988,41.963814],[-111.251283,41.963842],[-111.251909,41.963716],[-111.252564,41.963365],[-111.253528,41.962322],[-111.25411,41.96191],[-111.255103,41.961554],[-111.25631,41.961247],[-111.257068,41.960946],[-111.257635,41.960589],[-111.258113,41.960507],[-111.258841,41.960578]]}},{"type":"Feature","properties":{"id":"wat-b373","kind":"water","name":"Creek","acres":null,"editable":false,"source":"USGS 3DHP flowlines (Channel Line)"},"geometry":{"type":"LineString","coordinates":[[-111.22216,42.009608],[-111.222358,42.008866],[-111.22238,42.008295],[-111.222652,42.008076],[-111.222836,42.007362],[-111.222747,42.007038],[-111.223071,42.006472],[-111.2231,42.006137],[-111.223365,42.005868],[-111.223998,42.005555],[-111.224329,42.0055],[-111.224792,42.005176],[-111.225116,42.005055]]}},{"type":"Feature","properties":{"id":"wat-b374","kind":"water","name":"Creek","acres":null,"editable":false,"source":"USGS 3DHP flowlines (Channel Line)"},"geometry":{"type":"LineString","coordinates":[[-111.253719,41.860221],[-111.253676,41.859595],[-111.253243,41.858568],[-111.253266,41.858277],[-111.253597,41.857366],[-111.253054,41.856454],[-111.251425,41.855037],[-111.250904,41.85474],[-111.249941,41.854438],[-111.248582,41.853616],[-111.2482,41.853226]]}},{"type":"Feature","properties":{"id":"wat-b375","kind":"water","name":"Creek","acres":null,"editable":false,"source":"USGS 3DHP flowlines (Channel Line)"},"geometry":{"type":"LineString","coordinates":[[-111.180652,42.135094],[-111.1799,42.135243],[-111.179642,42.135457],[-111.179059,42.136038],[-111.178882,42.136346],[-111.178365,42.136697],[-111.177709,42.137411],[-111.177089,42.138328],[-111.176226,42.139052],[-111.17523,42.139261],[-111.174957,42.139217]]}},{"type":"Feature","properties":{"id":"wat-b376","kind":"water","name":"Creek","acres":null,"editable":false,"source":"USGS 3DHP flowlines (Channel Line)"},"geometry":{"type":"LineString","coordinates":[[-111.162993,42.060567],[-111.162345,42.060792],[-111.161674,42.06122],[-111.160819,42.061417],[-111.160495,42.061615],[-111.159898,42.062274],[-111.159419,42.062493],[-111.159109,42.062746],[-111.15824,42.063026],[-111.157717,42.062949],[-111.157326,42.063014],[-111.156125,42.063799],[-111.155793,42.064222],[-111.155152,42.064447],[-111.154562,42.064803],[-111.154282,42.065226],[-111.153839,42.065539],[-111.153014,42.065599],[-111.152314,42.066088],[-111.151754,42.066208],[-111.150626,42.066663],[-111.150184,42.066971],[-111.14913,42.067454],[-111.148518,42.067854],[-111.148319,42.06814],[-111.147302,42.068606],[-111.146801,42.068589]]}},{"type":"Feature","properties":{"id":"wat-b377","kind":"water","name":"Creek","acres":null,"editable":false,"source":"USGS 3DHP flowlines (Channel Line)"},"geometry":{"type":"LineString","coordinates":[[-111.23009,41.888132],[-111.228599,41.888956],[-111.227328,41.889467],[-111.226431,41.889643],[-111.225322,41.889594],[-111.22447,41.889765],[-111.222324,41.891045],[-111.221517,41.891835],[-111.220966,41.892154],[-111.219349,41.892874],[-111.216403,41.893566],[-111.215631,41.893808]]}},{"type":"Feature","properties":{"id":"wat-b378","kind":"water","name":"Sheeppen Creek","acres":null,"editable":false,"source":"USGS 3DHP flowlines (Channel Line)"},"geometry":{"type":"LineString","coordinates":[[-111.144618,41.941258],[-111.14503,41.941292],[-111.145192,41.941731],[-111.145456,41.942099],[-111.145978,41.942434],[-111.145948,41.942769],[-111.145595,41.943202],[-111.145588,41.943416],[-111.145837,41.943543],[-111.14736,41.943406],[-111.14761,41.943505],[-111.148014,41.94384],[-111.149331,41.943709],[-111.149647,41.943764],[-111.150919,41.944505],[-111.151412,41.944632],[-111.152044,41.945197],[-111.15375,41.945396],[-111.154338,41.946307],[-111.154477,41.946445],[-111.154772,41.946554],[-111.155272,41.946566],[-111.156014,41.946703],[-111.156625,41.94695],[-111.157206,41.947082],[-111.158588,41.947127],[-111.159486,41.947077],[-111.160486,41.94722],[-111.161633,41.947226],[-111.162155,41.947385],[-111.163008,41.947924],[-111.163317,41.948967],[-111.163831,41.949648],[-111.163802,41.950114],[-111.163323,41.950916],[-111.163235,41.951328],[-111.161587,41.95304],[-111.161057,41.953287],[-111.160549,41.953644],[-111.160012,41.954275],[-111.159674,41.954517],[-111.159019,41.954912],[-111.158791,41.954961],[-111.158489,41.955461]]}},{"type":"Feature","properties":{"id":"wat-b379","kind":"water","name":"Creek","acres":null,"editable":false,"source":"USGS 3DHP flowlines (Channel Line)"},"geometry":{"type":"LineString","coordinates":[[-111.428878,42.119366],[-111.428444,42.119368],[-111.427983,42.119518],[-111.427702,42.119451],[-111.427305,42.119548],[-111.426301,42.119581],[-111.42604,42.119679],[-111.425849,42.119914],[-111.425695,42.119973],[-111.425448,42.119834],[-111.423943,42.120015],[-111.423673,42.120198],[-111.423303,42.120675]]}},{"type":"Feature","properties":{"id":"wat-b380","kind":"water","name":"Creek","acres":null,"editable":false,"source":"USGS 3DHP flowlines (Channel Line)"},"geometry":{"type":"LineString","coordinates":[[-111.456427,41.980771],[-111.45558,41.981098],[-111.454397,41.981306],[-111.453787,41.981286],[-111.453176,41.981063],[-111.452009,41.979982],[-111.450529,41.97983],[-111.448927,41.980229],[-111.447843,41.980219],[-111.445981,41.979884],[-111.443788,41.979204],[-111.442912,41.979007],[-111.442449,41.978948],[-111.440453,41.978991],[-111.438827,41.978932],[-111.436398,41.978269],[-111.434468,41.97797],[-111.433837,41.977943],[-111.431844,41.978502],[-111.431172,41.978518]]}},{"type":"Feature","properties":{"id":"wat-b381","kind":"water","name":"Creek","acres":null,"editable":false,"source":"USGS 3DHP flowlines (Channel Line)"},"geometry":{"type":"LineString","coordinates":[[-111.425408,42.081033],[-111.425024,42.080753],[-111.424007,42.080327],[-111.42334,42.079762],[-111.422437,42.07937],[-111.422184,42.079138],[-111.421679,42.077741],[-111.421189,42.076726],[-111.421144,42.076367],[-111.421253,42.075768],[-111.421121,42.075385],[-111.421205,42.075287],[-111.421095,42.075094],[-111.421149,42.074955],[-111.42105,42.074857],[-111.42125,42.074648],[-111.421236,42.074332],[-111.420808,42.073861],[-111.419887,42.073376],[-111.418304,42.072845],[-111.417965,42.072578],[-111.417876,42.072196],[-111.417944,42.071892],[-111.41765,42.071497],[-111.417597,42.070814],[-111.417348,42.070273],[-111.41653,42.069669],[-111.416339,42.069321],[-111.415937,42.069075],[-111.415406,42.068579],[-111.415313,42.068372],[-111.415431,42.068097],[-111.415352,42.067959],[-111.414956,42.06784],[-111.414642,42.067587],[-111.413353,42.067153],[-111.412372,42.067192],[-111.411123,42.067427],[-111.410858,42.067331],[-111.410501,42.067352],[-111.408618,42.067707],[-111.407832,42.067994],[-111.407545,42.06793],[-111.407383,42.068054],[-111.406752,42.068132],[-111.40616,42.06837],[-111.404014,42.068922],[-111.402834,42.069427],[-111.401781,42.069538],[-111.401651,42.069619],[-111.401047,42.069631],[-111.400176,42.069861],[-111.399848,42.070047],[-111.398767,42.07008],[-111.397265,42.070409]]}},{"type":"Feature","properties":{"id":"wat-b382","kind":"water","name":"Creek","acres":null,"editable":false,"source":"USGS 3DHP flowlines (Channel Line)"},"geometry":{"type":"LineString","coordinates":[[-111.184549,42.104964],[-111.184313,42.104893],[-111.184136,42.104673],[-111.183171,42.104228],[-111.182419,42.104064],[-111.18219,42.104075],[-111.181799,42.103932],[-111.181327,42.103877],[-111.180716,42.103987],[-111.180067,42.103767],[-111.179691,42.103772],[-111.178186,42.104212],[-111.177656,42.104222],[-111.177029,42.104426],[-111.176432,42.104903],[-111.175584,42.105128],[-111.174219,42.105798],[-111.173217,42.10649],[-111.171867,42.106874],[-111.171491,42.10711],[-111.171204,42.107044],[-111.171071,42.107082],[-111.170909,42.107258],[-111.170562,42.107324],[-111.170083,42.107543],[-111.169589,42.10762],[-111.169036,42.10756],[-111.168888,42.107604],[-111.168792,42.107774],[-111.165304,42.108481],[-111.164825,42.108531],[-111.164287,42.108454]]}},{"type":"Feature","properties":{"id":"wat-b383","kind":"water","name":"Creek","acres":null,"editable":false,"source":"USGS 3DHP flowlines (Channel Line)"},"geometry":{"type":"LineString","coordinates":[[-111.175877,42.075574],[-111.175744,42.07687],[-111.175825,42.077166],[-111.175707,42.07788],[-111.175766,42.078264],[-111.175574,42.079686],[-111.17567,42.080296],[-111.175905,42.080488],[-111.176605,42.080603],[-111.177232,42.081273],[-111.178802,42.082519],[-111.179133,42.083239],[-111.17931,42.083974],[-111.179501,42.084238]]}},{"type":"Feature","properties":{"id":"wat-b384","kind":"water","name":"Creek","acres":null,"editable":false,"source":"USGS 3DHP flowlines (Channel Line)"},"geometry":{"type":"LineString","coordinates":[[-111.239534,41.917859],[-111.240159,41.918523],[-111.240873,41.918951],[-111.241851,41.91911],[-111.243997,41.918988],[-111.244703,41.919092]]}},{"type":"Feature","properties":{"id":"wat-b385","kind":"water","name":"North Fork Sixmile Creek","acres":null,"editable":false,"source":"USGS 3DHP flowlines (Channel Line)"},"geometry":{"type":"LineString","coordinates":[[-111.159357,41.890591],[-111.158688,41.890113],[-111.156918,41.889125],[-111.156587,41.88879],[-111.155015,41.887741],[-111.154487,41.887224],[-111.153745,41.886098]]}},{"type":"Feature","properties":{"id":"wat-b386","kind":"water","name":"Little Creek","acres":null,"editable":false,"source":"USGS 3DHP flowlines (Channel Line)"},"geometry":{"type":"LineString","coordinates":[[-111.242535,41.937403],[-111.243984,41.937611],[-111.246573,41.938582],[-111.247485,41.93851],[-111.248492,41.938136]]}},{"type":"Feature","properties":{"id":"wat-b387","kind":"water","name":"Creek","acres":null,"editable":false,"source":"USGS 3DHP flowlines (Channel Line)"},"geometry":{"type":"LineString","coordinates":[[-111.252339,42.10744],[-111.253253,42.107308],[-111.25444,42.107485],[-111.254669,42.107441],[-111.255236,42.107578],[-111.255723,42.10748],[-111.255907,42.107409],[-111.256793,42.106388],[-111.257265,42.106015],[-111.25745,42.105691],[-111.257516,42.105334],[-111.258254,42.104423],[-111.259073,42.103918],[-111.259295,42.103852],[-111.259516,42.103935],[-111.260393,42.103924],[-111.261027,42.103584],[-111.261551,42.103557],[-111.261897,42.10342],[-111.263239,42.103299]]}},{"type":"Feature","properties":{"id":"wat-b388","kind":"water","name":"Creek","acres":null,"editable":false,"source":"USGS 3DHP flowlines (Channel Line)"},"geometry":{"type":"LineString","coordinates":[[-111.230784,41.991758],[-111.231026,41.991528],[-111.231475,41.991286],[-111.232056,41.990599],[-111.232247,41.989787],[-111.232482,41.989463],[-111.233379,41.988891],[-111.23527,41.987908],[-111.235851,41.987496],[-111.2363,41.986968],[-111.236785,41.986617],[-111.237499,41.986303],[-111.237852,41.986034],[-111.23794,41.985644],[-111.237564,41.984777],[-111.237534,41.98442],[-111.237571,41.984201],[-111.237813,41.983855]]}},{"type":"Feature","properties":{"id":"wat-b389","kind":"water","name":"Creek","acres":null,"editable":false,"source":"USGS 3DHP flowlines (Channel Line)"},"geometry":{"type":"LineString","coordinates":[[-111.231157,41.857374],[-111.230709,41.8575],[-111.230467,41.857506],[-111.229997,41.857369],[-111.22772,41.857529],[-111.22454,41.85759],[-111.222139,41.85814],[-111.22053,41.858629],[-111.217783,41.858981],[-111.217071,41.859009],[-111.216733,41.858877],[-111.2163,41.858828],[-111.215822,41.858927],[-111.214956,41.858966],[-111.212664,41.858939],[-111.211607,41.85878],[-111.21049,41.858846]]}},{"type":"Feature","properties":{"id":"wat-b390","kind":"water","name":"Creek","acres":null,"editable":false,"source":"USGS 3DHP flowlines (Channel Line)"},"geometry":{"type":"LineString","coordinates":[[-111.210383,42.060501],[-111.209993,42.060627],[-111.209337,42.061012],[-111.207798,42.061545],[-111.206737,42.061446],[-111.205469,42.061743],[-111.205153,42.061929],[-111.2046,42.062698],[-111.203989,42.06305],[-111.202427,42.063571],[-111.200644,42.063797],[-111.200091,42.063747],[-111.199804,42.063638]]}},{"type":"Feature","properties":{"id":"wat-b391","kind":"water","name":"Creek","acres":null,"editable":false,"source":"USGS 3DHP flowlines (Channel Line)"},"geometry":{"type":"LineString","coordinates":[[-111.151791,41.988704],[-111.152557,41.988567],[-111.153211,41.988792],[-111.153704,41.989231],[-111.154138,41.989363],[-111.15458,41.989742],[-111.154727,41.989803],[-111.155213,41.989797],[-111.155698,41.990209],[-111.155786,41.990528],[-111.156338,41.990813],[-111.157177,41.991588],[-111.157905,41.991818],[-111.158244,41.992148],[-111.159112,41.992494],[-111.159458,41.99284],[-111.160231,41.993087],[-111.160466,41.993318],[-111.161894,41.993702],[-111.162549,41.993774]]}},{"type":"Feature","properties":{"id":"wat-b392","kind":"water","name":"Creek","acres":null,"editable":false,"source":"USGS 3DHP flowlines (Channel Line)"},"geometry":{"type":"LineString","coordinates":[[-111.222461,42.02279],[-111.222674,42.021423],[-111.222762,42.020286],[-111.22268,42.019671],[-111.222849,42.019078],[-111.222856,42.018661]]}},{"type":"Feature","properties":{"id":"wat-b393","kind":"water","name":"Creek","acres":null,"editable":false,"source":"USGS 3DHP flowlines (Channel Line)"},"geometry":{"type":"LineString","coordinates":[[-111.165705,41.933506],[-111.165587,41.933956],[-111.165175,41.93461],[-111.1653,41.935307],[-111.165212,41.935746],[-111.164984,41.936125],[-111.164248,41.936833],[-111.163174,41.938562],[-111.163269,41.939419],[-111.162886,41.940198],[-111.162731,41.941346],[-111.162798,41.941527],[-111.163702,41.942636],[-111.16376,41.94335],[-111.163532,41.943921],[-111.163584,41.943998],[-111.164326,41.944443],[-111.165539,41.944904],[-111.166128,41.945377],[-111.166767,41.946101],[-111.166738,41.946667],[-111.165788,41.948017],[-111.1657,41.948874],[-111.16581,41.949099],[-111.166126,41.949385],[-111.166913,41.949868],[-111.167251,41.950175],[-111.168251,41.951416],[-111.168582,41.9523],[-111.168949,41.953788],[-111.168971,41.955156]]}},{"type":"Feature","properties":{"id":"wat-b394","kind":"water","name":"Creek","acres":null,"editable":false,"source":"USGS 3DHP flowlines (Channel Line)"},"geometry":{"type":"LineString","coordinates":[[-111.154156,42.149743],[-111.153897,42.150484],[-111.153934,42.150655],[-111.153424,42.150967]]}},{"type":"Feature","properties":{"id":"wat-b395","kind":"water","name":"Creek","acres":null,"editable":false,"source":"USGS 3DHP flowlines (Channel Line)"},"geometry":{"type":"LineString","coordinates":[[-111.233752,42.149387],[-111.233509,42.149843],[-111.23356,42.1502],[-111.23427,42.151308],[-111.234669,42.152752],[-111.23495,42.153092],[-111.235488,42.153246]]}},{"type":"Feature","properties":{"id":"wat-b396","kind":"water","name":"Creek","acres":null,"editable":false,"source":"USGS 3DHP flowlines (Channel Line)"},"geometry":{"type":"LineString","coordinates":[[-111.218201,42.01348],[-111.218819,42.01315],[-111.220033,42.012167],[-111.221601,42.010684],[-111.22216,42.009608]]}},{"type":"Feature","properties":{"id":"wat-b397","kind":"water","name":"Creek","acres":null,"editable":false,"source":"USGS 3DHP flowlines (Channel Line)"},"geometry":{"type":"LineString","coordinates":[[-111.193169,41.921286],[-111.193632,41.921368],[-111.193963,41.921237],[-111.194242,41.921242],[-111.195308,41.921434],[-111.196565,41.921549],[-111.197043,41.921538],[-111.198344,41.921297],[-111.19966,41.921412],[-111.20041,41.921406]]}},{"type":"Feature","properties":{"id":"wat-b398","kind":"water","name":"Creek","acres":null,"editable":false,"source":"USGS 3DHP flowlines (Channel Line)"},"geometry":{"type":"LineString","coordinates":[[-111.219571,41.970514],[-111.219631,41.971695],[-111.220043,41.972315],[-111.220485,41.972628],[-111.221971,41.973336],[-111.222546,41.973945],[-111.222752,41.974702],[-111.222797,41.975927],[-111.222893,41.976201],[-111.22315,41.976487],[-111.223107,41.977837],[-111.22324,41.978941],[-111.222416,41.979776],[-111.221386,41.980342]]}},{"type":"Feature","properties":{"id":"wat-b399","kind":"water","name":"Richardson Fork","acres":null,"editable":false,"source":"USGS 3DHP flowlines (Channel Line)"},"geometry":{"type":"LineString","coordinates":[[-111.453046,41.895941],[-111.452512,41.89584],[-111.450857,41.895085],[-111.449949,41.894801],[-111.449003,41.894683],[-111.446347,41.894536],[-111.445722,41.894462],[-111.445379,41.894296],[-111.443639,41.894294],[-111.442296,41.893871],[-111.441335,41.893988],[-111.440572,41.893811],[-111.439382,41.893766],[-111.438779,41.893466],[-111.437573,41.893444],[-111.436597,41.893159],[-111.435666,41.892222]]}},{"type":"Feature","properties":{"id":"wat-b400","kind":"water","name":"Creek","acres":null,"editable":false,"source":"USGS 3DHP flowlines (Channel Line)"},"geometry":{"type":"LineString","coordinates":[[-111.201236,41.932881],[-111.20064,41.931728],[-111.199728,41.930531],[-111.19914,41.928785],[-111.198507,41.92777],[-111.198441,41.927292],[-111.19958,41.926238],[-111.200154,41.92531],[-111.201124,41.924519],[-111.2038,41.92364],[-111.20466,41.923053],[-111.204792,41.922674],[-111.204726,41.920544],[-111.205093,41.919786]]}},{"type":"Feature","properties":{"id":"wat-b401","kind":"water","name":"Creek","acres":null,"editable":false,"source":"USGS 3DHP flowlines (Channel Line)"},"geometry":{"type":"LineString","coordinates":[[-111.161389,42.019147],[-111.162708,42.018527],[-111.163231,42.018401]]}},{"type":"Feature","properties":{"id":"wat-b402","kind":"water","name":"Creek","acres":null,"editable":false,"source":"USGS 3DHP flowlines (Channel Line)"},"geometry":{"type":"LineString","coordinates":[[-111.20665,42.066821],[-111.205891,42.06703],[-111.204351,42.067628],[-111.203717,42.068057],[-111.203135,42.068216],[-111.202914,42.068392],[-111.202546,42.069023],[-111.202229,42.06921]]}},{"type":"Feature","properties":{"id":"wat-b403","kind":"water","name":"Creek","acres":null,"editable":false,"source":"USGS 3DHP flowlines (Channel Line)"},"geometry":{"type":"LineString","coordinates":[[-111.152447,42.052142],[-111.152233,42.052532],[-111.152085,42.05357],[-111.152387,42.054174],[-111.152446,42.054541],[-111.152151,42.055046],[-111.152732,42.056068],[-111.153491,42.056326],[-111.153601,42.05654]]}},{"type":"Feature","properties":{"id":"wat-b404","kind":"water","name":"Creek","acres":null,"editable":false,"source":"USGS 3DHP flowlines (Channel Line)"},"geometry":{"type":"LineString","coordinates":[[-111.189929,41.999646],[-111.189921,41.999168],[-111.189561,41.998745],[-111.189494,41.998136],[-111.188663,41.997296],[-111.188538,41.99678],[-111.187927,41.996077],[-111.187382,41.995632],[-111.186977,41.99561],[-111.186396,41.995303],[-111.185196,41.995127],[-111.184475,41.994891],[-111.183996,41.994265],[-111.183739,41.994183],[-111.182936,41.99359],[-111.182679,41.993485],[-111.182406,41.993068],[-111.181847,41.992794],[-111.181266,41.99236],[-111.181538,41.991712],[-111.181774,41.991542],[-111.182745,41.99124],[-111.183275,41.99124],[-111.184077,41.990927],[-111.18471,41.990883],[-111.185123,41.990372],[-111.185189,41.990136]]}},{"type":"Feature","properties":{"id":"wat-b405","kind":"water","name":"Creek","acres":null,"editable":false,"source":"USGS 3DHP flowlines (Channel Line)"},"geometry":{"type":"LineString","coordinates":[[-111.211489,42.119955],[-111.21067,42.119763],[-111.210345,42.119544],[-111.209858,42.118808],[-111.20915,42.117974],[-111.208752,42.117782],[-111.208066,42.117667],[-111.207727,42.117535],[-111.207063,42.117101],[-111.20589,42.117079],[-111.205205,42.117189],[-111.204349,42.117162],[-111.203162,42.117256],[-111.201834,42.117602],[-111.201186,42.11786],[-111.201104,42.118035],[-111.201009,42.119221],[-111.20109,42.120627],[-111.200943,42.121802],[-111.200943,42.123378],[-111.200678,42.123954],[-111.200317,42.124218],[-111.200037,42.124306]]}},{"type":"Feature","properties":{"id":"wat-b406","kind":"water","name":"Creek","acres":null,"editable":false,"source":"USGS 3DHP flowlines (Channel Line)"},"geometry":{"type":"LineString","coordinates":[[-111.183009,41.916839],[-111.184391,41.919134],[-111.184729,41.919376],[-111.185266,41.919551]]}},{"type":"Feature","properties":{"id":"wat-b407","kind":"water","name":"Creek","acres":null,"editable":false,"source":"USGS 3DHP flowlines (Channel Line)"},"geometry":{"type":"LineString","coordinates":[[-111.444513,42.101402],[-111.444178,42.102011],[-111.443912,42.103131],[-111.443298,42.103798],[-111.442657,42.104233],[-111.440939,42.104859],[-111.439618,42.105624],[-111.4388,42.105772],[-111.43792,42.105733],[-111.435523,42.106091],[-111.435143,42.106221],[-111.434714,42.106164],[-111.434145,42.106298],[-111.433366,42.106337],[-111.432333,42.106645],[-111.431581,42.107348],[-111.431183,42.107858],[-111.430859,42.108094],[-111.428138,42.109615],[-111.427803,42.10987],[-111.426615,42.109994],[-111.425552,42.109852],[-111.425117,42.109847],[-111.424906,42.109933],[-111.424438,42.109696],[-111.424158,42.109814],[-111.422121,42.110027],[-111.42081,42.110551],[-111.419611,42.110888],[-111.418249,42.111559],[-111.416733,42.111716],[-111.416339,42.111837],[-111.415915,42.112038],[-111.415363,42.112162],[-111.413421,42.113028],[-111.411261,42.113718],[-111.410019,42.114408],[-111.409279,42.114996],[-111.408332,42.115553],[-111.407968,42.11586]]}},{"type":"Feature","properties":{"id":"wat-b408","kind":"water","name":"Creek","acres":null,"editable":false,"source":"USGS 3DHP flowlines (Channel Line)"},"geometry":{"type":"LineString","coordinates":[[-111.221118,41.901943],[-111.220875,41.902317],[-111.220493,41.902548],[-111.220119,41.903015],[-111.219722,41.903267]]}},{"type":"Feature","properties":{"id":"wat-b409","kind":"water","name":"Creek","acres":null,"editable":false,"source":"USGS 3DHP flowlines (Channel Line)"},"geometry":{"type":"LineString","coordinates":[[-111.251104,41.93567],[-111.252364,41.933974],[-111.253152,41.932004],[-111.253697,41.931191],[-111.253749,41.930307],[-111.254236,41.929001],[-111.254097,41.928232],[-111.254356,41.926585],[-111.254864,41.925685],[-111.255769,41.924818],[-111.256615,41.924549],[-111.256798,41.924549],[-111.257453,41.924786],[-111.258416,41.924704]]}},{"type":"Feature","properties":{"id":"wat-b410","kind":"water","name":"Creek","acres":null,"editable":false,"source":"USGS 3DHP flowlines (Channel Line)"},"geometry":{"type":"LineString","coordinates":[[-111.250472,42.038046],[-111.251609,42.037937],[-111.252036,42.037795],[-111.2527,42.037383],[-111.253561,42.037263],[-111.254681,42.037554],[-111.255388,42.037571],[-111.256618,42.037429],[-111.257487,42.037171],[-111.258165,42.036782],[-111.258643,42.036859],[-111.259211,42.036673]]}},{"type":"Feature","properties":{"id":"wat-b411","kind":"water","name":"Creek","acres":null,"editable":false,"source":"USGS 3DHP flowlines (Channel Line)"},"geometry":{"type":"LineString","coordinates":[[-111.24642,41.987622],[-111.246478,41.987502],[-111.246876,41.987232],[-111.247222,41.987309],[-111.247567,41.98715],[-111.248767,41.986951],[-111.249046,41.986715]]}},{"type":"Feature","properties":{"id":"wat-b412","kind":"water","name":"Creek","acres":null,"editable":false,"source":"USGS 3DHP flowlines (Channel Line)"},"geometry":{"type":"LineString","coordinates":[[-111.213756,42.109408],[-111.212827,42.109216],[-111.210872,42.108382],[-111.210577,42.108047],[-111.20911,42.107054],[-111.208276,42.10673],[-111.206824,42.106543],[-111.206256,42.106346],[-111.20588,42.106181],[-111.205216,42.105709],[-111.204287,42.10527],[-111.203513,42.105138],[-111.20268,42.104529],[-111.20209,42.104337]]}},{"type":"Feature","properties":{"id":"wat-b413","kind":"water","name":"Creek","acres":null,"editable":false,"source":"USGS 3DHP flowlines (Channel Line)"},"geometry":{"type":"LineString","coordinates":[[-111.185959,42.067295],[-111.185811,42.067817],[-111.185509,42.068212],[-111.185325,42.068854],[-111.185553,42.069936],[-111.186349,42.070666],[-111.187093,42.071599],[-111.187351,42.07166],[-111.187513,42.072017],[-111.187786,42.072302],[-111.187823,42.072445],[-111.187705,42.072692],[-111.187786,42.072917]]}},{"type":"Feature","properties":{"id":"wat-b414","kind":"water","name":"Creek","acres":null,"editable":false,"source":"USGS 3DHP flowlines (Channel Line)"},"geometry":{"type":"LineString","coordinates":[[-111.428152,42.061471],[-111.42732,42.061317],[-111.426425,42.061266],[-111.425664,42.061006],[-111.424324,42.060971],[-111.421499,42.062113],[-111.420305,42.062447],[-111.419179,42.062667],[-111.418234,42.062756],[-111.417785,42.062943],[-111.416815,42.063193],[-111.416411,42.063217],[-111.414448,42.06286],[-111.414055,42.062825],[-111.413686,42.062927],[-111.413074,42.062372],[-111.410941,42.061204],[-111.410334,42.061019],[-111.408921,42.060879],[-111.407825,42.061093],[-111.406623,42.061176],[-111.405695,42.061443],[-111.405054,42.061506],[-111.404712,42.061644],[-111.403378,42.061893],[-111.401586,42.062431],[-111.40049,42.062507],[-111.399835,42.06273],[-111.399023,42.062788],[-111.398676,42.062918],[-111.398056,42.062999],[-111.397609,42.06296],[-111.396299,42.063153],[-111.395593,42.063116]]}},{"type":"Feature","properties":{"id":"wat-b415","kind":"water","name":"Creek","acres":null,"editable":false,"source":"USGS 3DHP flowlines (Channel Line)"},"geometry":{"type":"LineString","coordinates":[[-111.196848,41.947299],[-111.196208,41.94652],[-111.19598,41.946432],[-111.19573,41.946438],[-111.19095,41.947223],[-111.189854,41.947585]]}},{"type":"Feature","properties":{"id":"wat-b416","kind":"water","name":"Creek","acres":null,"editable":false,"source":"USGS 3DHP flowlines (Channel Line)"},"geometry":{"type":"LineString","coordinates":[[-111.178217,41.953685],[-111.178048,41.954058],[-111.17796,41.954684],[-111.178114,41.955404],[-111.178026,41.95676],[-111.178173,41.957336],[-111.178842,41.958368],[-111.178871,41.958577],[-111.178665,41.959115],[-111.178672,41.959324],[-111.179628,41.961663],[-111.179305,41.962657],[-111.177914,41.964408]]}},{"type":"Feature","properties":{"id":"wat-b417","kind":"water","name":"North Fork Sixmile Creek","acres":null,"editable":false,"source":"USGS 3DHP flowlines (Channel Line)"},"geometry":{"type":"LineString","coordinates":[[-111.152504,41.872685],[-111.15257,41.87223],[-111.152049,41.871581],[-111.152056,41.871279],[-111.151719,41.871071],[-111.151704,41.870851],[-111.151557,41.870725],[-111.151638,41.870522],[-111.151278,41.87045],[-111.150955,41.870225],[-111.151029,41.870038],[-111.150742,41.869731],[-111.150588,41.869775],[-111.150368,41.869654],[-111.150317,41.869401],[-111.1505,41.869418],[-111.1505,41.869346],[-111.150265,41.86928],[-111.150368,41.869072],[-111.150177,41.86883],[-111.150244,41.868556],[-111.150075,41.868435],[-111.15017,41.868352],[-111.150001,41.868045],[-111.150016,41.867864],[-111.149737,41.867595],[-111.149488,41.867128],[-111.149297,41.867078],[-111.149224,41.866826],[-111.149003,41.866683],[-111.148886,41.866414],[-111.148901,41.866172],[-111.148739,41.866029],[-111.148608,41.864992],[-111.148718,41.864833],[-111.148322,41.864305],[-111.148498,41.86413],[-111.148777,41.864157]]}},{"type":"Feature","properties":{"id":"wat-b418","kind":"water","name":"Creek","acres":null,"editable":false,"source":"USGS 3DHP flowlines (Channel Line)"},"geometry":{"type":"LineString","coordinates":[[-111.239277,42.056593],[-111.240065,42.056434],[-111.242342,42.056778],[-111.243853,42.057316],[-111.246314,42.057935],[-111.247169,42.057748],[-111.247434,42.05761],[-111.24792,42.057681],[-111.248333,42.05744],[-111.248952,42.057747],[-111.250042,42.057905],[-111.250204,42.057812],[-111.251192,42.057719],[-111.252445,42.057242],[-111.253307,42.057094],[-111.25397,42.05721],[-111.255665,42.056881]]}},{"type":"Feature","properties":{"id":"wat-b419","kind":"water","name":"Creek","acres":null,"editable":false,"source":"USGS 3DHP flowlines (Channel Line)"},"geometry":{"type":"LineString","coordinates":[[-111.451988,42.031268],[-111.450463,42.031625],[-111.447142,42.031669],[-111.445618,42.032246],[-111.444134,42.032489],[-111.439913,42.032109],[-111.438062,42.032119],[-111.435525,42.032308],[-111.432931,42.032855],[-111.43108,42.033081],[-111.429357,42.033059],[-111.425134,42.032268],[-111.423001,42.032383],[-111.421733,42.032567],[-111.420938,42.032592]]}},{"type":"Feature","properties":{"id":"wat-b420","kind":"water","name":"Creek","acres":null,"editable":false,"source":"USGS 3DHP flowlines (Channel Line)"},"geometry":{"type":"LineString","coordinates":[[-111.185189,41.990136],[-111.185513,41.989708],[-111.18566,41.989763],[-111.185807,41.990021],[-111.185947,41.990087],[-111.186109,41.989928],[-111.186514,41.989774],[-111.18658,41.989565],[-111.18722,41.989703],[-111.187382,41.98934],[-111.187419,41.988528],[-111.187316,41.988352],[-111.187816,41.987946],[-111.187993,41.987924],[-111.18828,41.988127],[-111.18839,41.988127],[-111.188861,41.988105],[-111.189148,41.987984],[-111.189406,41.988033],[-111.189612,41.987924]]}},{"type":"Feature","properties":{"id":"wat-b421","kind":"water","name":"Creek","acres":null,"editable":false,"source":"USGS 3DHP flowlines (Channel Line)"},"geometry":{"type":"LineString","coordinates":[[-111.268778,41.899392],[-111.270313,41.899853],[-111.271857,41.899837],[-111.272577,41.899914],[-111.273819,41.899832],[-111.274208,41.900003],[-111.274716,41.90008],[-111.275767,41.89991],[-111.276296,41.899718],[-111.276722,41.899877],[-111.278045,41.900042],[-111.278963,41.900257],[-111.279999,41.900663],[-111.280867,41.900812],[-111.281359,41.900971],[-111.281565,41.901103],[-111.281697,41.901345],[-111.282255,41.90168],[-111.283394,41.901938],[-111.284151,41.901817],[-111.28482,41.901911]]}},{"type":"Feature","properties":{"id":"wat-b422","kind":"water","name":"Creek","acres":null,"editable":false,"source":"USGS 3DHP flowlines (Channel Line)"},"geometry":{"type":"LineString","coordinates":[[-111.226773,41.88323],[-111.225987,41.883565],[-111.2244,41.883774],[-111.221756,41.884851],[-111.22047,41.885538],[-111.219853,41.885994],[-111.219596,41.886593],[-111.219633,41.887438],[-111.219832,41.888256],[-111.219773,41.888811],[-111.219649,41.888981]]}},{"type":"Feature","properties":{"id":"wat-b423","kind":"water","name":"Creek","acres":null,"editable":false,"source":"USGS 3DHP flowlines (Channel Line)"},"geometry":{"type":"LineString","coordinates":[[-111.155487,41.999367],[-111.155952,41.998385],[-111.156004,41.997687],[-111.156276,41.997001],[-111.156829,41.996501],[-111.157727,41.995931],[-111.158095,41.995777],[-111.158684,41.995739],[-111.159015,41.995788],[-111.159545,41.995706],[-111.160163,41.995404],[-111.160855,41.995251],[-111.161349,41.99502],[-111.16204,41.994883],[-111.162578,41.994581],[-111.162843,41.994576]]}},{"type":"Feature","properties":{"id":"wat-b424","kind":"water","name":"Creek","acres":null,"editable":false,"source":"USGS 3DHP flowlines (Channel Line)"},"geometry":{"type":"LineString","coordinates":[[-111.26853,41.865674],[-111.269353,41.865696],[-111.271277,41.865346],[-111.272063,41.865357]]}},{"type":"Feature","properties":{"id":"wat-b425","kind":"water","name":"Creek","acres":null,"editable":false,"source":"USGS 3DHP flowlines (Channel Line)"},"geometry":{"type":"LineString","coordinates":[[-111.466963,41.866028],[-111.466284,41.866238],[-111.464399,41.866579],[-111.46282,41.866797],[-111.461813,41.866783],[-111.460783,41.866868],[-111.459409,41.867203],[-111.45719,41.8675],[-111.453504,41.868379],[-111.452428,41.868753],[-111.452062,41.868767],[-111.450429,41.868373],[-111.449537,41.868246],[-111.448918,41.868217],[-111.447812,41.868311],[-111.446958,41.86808],[-111.444959,41.867719],[-111.444623,41.867572],[-111.444486,41.867347],[-111.444509,41.866951],[-111.444188,41.865772],[-111.443898,41.865237],[-111.443563,41.864977],[-111.441998,41.864736],[-111.440152,41.864117],[-111.438626,41.863816],[-111.437375,41.86374],[-111.436429,41.863892],[-111.435338,41.863955],[-111.434376,41.863684],[-111.433438,41.863179],[-111.433026,41.862649],[-111.432584,41.862259]]}},{"type":"Feature","properties":{"id":"wat-b426","kind":"water","name":"Creek","acres":null,"editable":false,"source":"USGS 3DHP flowlines (Channel Line)"},"geometry":{"type":"LineString","coordinates":[[-111.220989,41.980523],[-111.221902,41.980978],[-111.222851,41.981115],[-111.223896,41.980824],[-111.224587,41.9805],[-111.225618,41.980346],[-111.226177,41.980532],[-111.227148,41.980707],[-111.228584,41.981437],[-111.229636,41.981854],[-111.231712,41.982397],[-111.232352,41.982462]]}},{"type":"Feature","properties":{"id":"wat-b427","kind":"water","name":"Creek","acres":null,"editable":false,"source":"USGS 3DHP flowlines (Channel Line)"},"geometry":{"type":"LineString","coordinates":[[-111.387998,42.147835],[-111.38863,42.151492],[-111.389639,42.15206],[-111.389906,42.151729],[-111.390277,42.151689]]}},{"type":"Feature","properties":{"id":"wat-b428","kind":"water","name":"Worm Creek","acres":null,"editable":false,"source":"USGS 3DHP flowlines (Channel Line)"},"geometry":{"type":"LineString","coordinates":[[-111.456177,42.149914],[-111.455963,42.150115],[-111.455662,42.150022],[-111.45538,42.150115],[-111.454882,42.150056],[-111.454564,42.150207],[-111.454265,42.15027],[-111.454066,42.150235],[-111.453971,42.150329],[-111.453676,42.150387],[-111.45324,42.150322],[-111.452933,42.150437],[-111.452755,42.150311],[-111.452198,42.150366],[-111.451935,42.150308],[-111.451822,42.150468],[-111.450997,42.150368],[-111.450342,42.150578],[-111.450206,42.150497],[-111.449992,42.150546],[-111.449755,42.150414],[-111.449584,42.150412],[-111.449148,42.150472],[-111.448894,42.15068],[-111.448419,42.150593],[-111.448352,42.15072],[-111.448261,42.150696],[-111.448211,42.150769],[-111.448294,42.150554],[-111.447885,42.150373],[-111.447509,42.150497],[-111.44659,42.150447],[-111.4457,42.150563],[-111.443795,42.150568],[-111.442695,42.150292],[-111.442354,42.150322],[-111.441665,42.149997],[-111.438726,42.149561],[-111.4383,42.14957],[-111.436608,42.150137],[-111.434899,42.151447],[-111.433874,42.151838],[-111.433576,42.152173],[-111.432941,42.152528],[-111.432581,42.152908],[-111.432337,42.152983],[-111.431753,42.152959],[-111.430938,42.153234],[-111.430881,42.153327],[-111.430379,42.153409]]}},{"type":"Feature","properties":{"id":"wat-b429","kind":"water","name":"Creek","acres":null,"editable":false,"source":"USGS 3DHP flowlines (Channel Line)"},"geometry":{"type":"LineString","coordinates":[[-111.153477,42.145523],[-111.153221,42.145889],[-111.153235,42.146235],[-111.153456,42.146767],[-111.153404,42.147097],[-111.152865,42.147838],[-111.152563,42.147953],[-111.152408,42.148123],[-111.152908,42.150484],[-111.153055,42.150753],[-111.153424,42.150967]]}},{"type":"Feature","properties":{"id":"wat-b430","kind":"water","name":"Creek","acres":null,"editable":false,"source":"USGS 3DHP flowlines (Channel Line)"},"geometry":{"type":"LineString","coordinates":[[-111.390254,41.887432],[-111.39001,41.887491],[-111.389003,41.88808],[-111.387911,41.888566]]}},{"type":"Feature","properties":{"id":"wat-b431","kind":"water","name":"Cottonwood Creek","acres":null,"editable":false,"source":"USGS 3DHP flowlines (Channel Line)"},"geometry":{"type":"LineString","coordinates":[[-111.247798,41.911359],[-111.247247,41.911931],[-111.247145,41.91254],[-111.24727,41.912963],[-111.247256,41.913309],[-111.246984,41.913743],[-111.246772,41.914534],[-111.246265,41.915033],[-111.24592,41.915846],[-111.245885,41.916829],[-111.245687,41.918136],[-111.245835,41.918789],[-111.246232,41.919014],[-111.246908,41.919244],[-111.247791,41.919749],[-111.247857,41.919941]]}},{"type":"Feature","properties":{"id":"wat-b432","kind":"water","name":"Creek","acres":null,"editable":false,"source":"USGS 3DHP flowlines (Channel Line)"},"geometry":{"type":"LineString","coordinates":[[-111.418191,42.013144],[-111.416929,42.013092],[-111.414872,42.012884],[-111.412777,42.012435]]}},{"type":"Feature","properties":{"id":"wat-b433","kind":"water","name":"Creek","acres":null,"editable":false,"source":"USGS 3DHP flowlines (Channel Line)"},"geometry":{"type":"LineString","coordinates":[[-111.443674,42.143592],[-111.442665,42.142744],[-111.442084,42.142582],[-111.441522,42.142546],[-111.440609,42.142584],[-111.439805,42.142759],[-111.438644,42.142818],[-111.437734,42.143088],[-111.43651,42.143178],[-111.435397,42.14337],[-111.433288,42.143265],[-111.43229,42.143294],[-111.431725,42.143465],[-111.431521,42.143607],[-111.431371,42.144032],[-111.430709,42.144548],[-111.430542,42.144888],[-111.429968,42.145065],[-111.429096,42.145843],[-111.42858,42.147502],[-111.428367,42.147892],[-111.427955,42.148332],[-111.42782,42.149081],[-111.427866,42.149714],[-111.428075,42.150171],[-111.428065,42.150467],[-111.427212,42.151123],[-111.426744,42.151755],[-111.426279,42.15217],[-111.426266,42.152368],[-111.426442,42.152809],[-111.426716,42.153132],[-111.426667,42.15342],[-111.426815,42.153763],[-111.427308,42.154216],[-111.427343,42.154385],[-111.42668,42.155755],[-111.426538,42.156515],[-111.426484,42.156589],[-111.426052,42.156661],[-111.425751,42.156831],[-111.424783,42.157524],[-111.424531,42.157868]]}},{"type":"Feature","properties":{"id":"wat-b434","kind":"water","name":"Creek","acres":null,"editable":false,"source":"USGS 3DHP flowlines (Channel Line)"},"geometry":{"type":"LineString","coordinates":[[-111.463207,42.002134],[-111.461131,42.002179],[-111.459896,42.002045],[-111.458667,42.002117],[-111.457661,42.002045],[-111.455691,42.001224],[-111.453748,42.000533],[-111.452643,42.00028],[-111.452069,42.000275],[-111.45126,42.000368],[-111.450231,42.00061],[-111.448831,42.001264],[-111.447983,42.00155],[-111.446299,42.001824],[-111.444901,42.001883],[-111.441086,42.001847],[-111.437124,42.002273],[-111.436133,42.002478],[-111.434595,42.003049],[-111.432011,42.003614],[-111.430642,42.004125],[-111.429346,42.004289],[-111.428053,42.00428],[-111.42395,42.003747],[-111.420188,42.003026],[-111.419428,42.003012],[-111.418271,42.002624]]}},{"type":"Feature","properties":{"id":"wat-b435","kind":"water","name":"Creek","acres":null,"editable":false,"source":"USGS 3DHP flowlines (Channel Line)"},"geometry":{"type":"LineString","coordinates":[[-111.15939,42.028129],[-111.158691,42.027465],[-111.158566,42.026877],[-111.157999,42.025795],[-111.157322,42.025312],[-111.156932,42.024834],[-111.156476,42.024532],[-111.156373,42.024307],[-111.156321,42.023681],[-111.156093,42.023077],[-111.156344,42.022556],[-111.156955,42.022182],[-111.157169,42.02171],[-111.157898,42.021584],[-111.158384,42.021211],[-111.158598,42.020843],[-111.160285,42.020113],[-111.160778,42.019817],[-111.160977,42.019449],[-111.161389,42.019147]]}},{"type":"Feature","properties":{"id":"wat-b436","kind":"water","name":"Creek","acres":null,"editable":false,"source":"USGS 3DHP flowlines (Channel Line)"},"geometry":{"type":"LineString","coordinates":[[-111.168443,42.138656],[-111.168237,42.138695],[-111.16803,42.138925],[-111.167801,42.138969],[-111.166783,42.140204],[-111.166237,42.140495],[-111.165993,42.140846],[-111.165551,42.141159]]}},{"type":"Feature","properties":{"id":"wat-b437","kind":"water","name":"Creek","acres":null,"editable":false,"source":"USGS 3DHP flowlines (Channel Line)"},"geometry":{"type":"LineString","coordinates":[[-111.195864,42.080263],[-111.195296,42.080071],[-111.194235,42.080016],[-111.193763,42.080109],[-111.19327,42.079999],[-111.192304,42.080159],[-111.191663,42.08017],[-111.191427,42.080334],[-111.191162,42.080323],[-111.190159,42.080752],[-111.189842,42.080713],[-111.188855,42.080922],[-111.188766,42.081136],[-111.188376,42.081323],[-111.188228,42.081246],[-111.187926,42.081251],[-111.186371,42.081833],[-111.185523,42.081713],[-111.184609,42.082097],[-111.183931,42.08213],[-111.183769,42.082311],[-111.183283,42.082492],[-111.183017,42.082531],[-111.18259,42.082377],[-111.181809,42.082668]]}},{"type":"Feature","properties":{"id":"wat-b438","kind":"water","name":"Creek","acres":null,"editable":false,"source":"USGS 3DHP flowlines (Channel Line)"},"geometry":{"type":"LineString","coordinates":[[-111.212353,42.126148],[-111.211033,42.126642],[-111.209905,42.127203],[-111.208135,42.127741],[-111.207508,42.127774],[-111.206173,42.127544],[-111.205236,42.127588],[-111.20455,42.127522],[-111.202751,42.126825],[-111.200914,42.125771],[-111.200671,42.125513],[-111.200582,42.124937],[-111.200309,42.124503],[-111.200037,42.124306]]}},{"type":"Feature","properties":{"id":"wat-b439","kind":"water","name":"Fish Haven Creek","acres":null,"editable":false,"source":"USGS 3DHP flowlines (Channel Line)"},"geometry":{"type":"LineString","coordinates":[[-111.455358,42.049858],[-111.454598,42.049242],[-111.454172,42.048755],[-111.45367,42.047929],[-111.452172,42.047507],[-111.451536,42.047147],[-111.451414,42.046943],[-111.450809,42.046557],[-111.450359,42.046383],[-111.449922,42.045917],[-111.449191,42.045855],[-111.448531,42.045564],[-111.448399,42.045557],[-111.447988,42.045786],[-111.44731,42.045397],[-111.44685,42.045225],[-111.445829,42.044533],[-111.44364,42.043906],[-111.442997,42.043823],[-111.442386,42.043871],[-111.441346,42.043614],[-111.439656,42.043357],[-111.438981,42.043343],[-111.438179,42.043222],[-111.437731,42.043008],[-111.436799,42.042299],[-111.436125,42.042158],[-111.435538,42.042211],[-111.434353,42.042023],[-111.433648,42.041505]]}},{"type":"Feature","properties":{"id":"wat-b440","kind":"water","name":"Creek","acres":null,"editable":false,"source":"USGS 3DHP flowlines (Channel Line)"},"geometry":{"type":"LineString","coordinates":[[-111.277474,41.908305],[-111.278357,41.907971],[-111.280584,41.907911],[-111.280988,41.90807],[-111.281333,41.908361],[-111.281598,41.908389],[-111.282157,41.908274],[-111.282796,41.90795],[-111.28384,41.908104],[-111.285222,41.907939]]}},{"type":"Feature","properties":{"id":"wat-b441","kind":"water","name":"Creek","acres":null,"editable":false,"source":"USGS 3DHP flowlines (Channel Line)"},"geometry":{"type":"LineString","coordinates":[[-111.399097,41.876147],[-111.398441,41.87615],[-111.397822,41.876278],[-111.396053,41.877248],[-111.395114,41.877994],[-111.39429,41.878434],[-111.393824,41.878818],[-111.393512,41.87913],[-111.393184,41.879892],[-111.392474,41.880485],[-111.392337,41.880845],[-111.392596,41.881574],[-111.39265,41.88238],[-111.393283,41.8834],[-111.393611,41.883655]]}},{"type":"Feature","properties":{"id":"wat-b442","kind":"water","name":"Creek","acres":null,"editable":false,"source":"USGS 3DHP flowlines (Channel Line)"},"geometry":{"type":"LineString","coordinates":[[-111.168941,41.955518],[-111.168772,41.957302],[-111.168948,41.958087],[-111.169558,41.959773],[-111.169705,41.961272],[-111.169712,41.962573],[-111.170153,41.963161],[-111.170337,41.964116],[-111.17119,41.96472],[-111.171366,41.965374],[-111.171675,41.965676],[-111.171756,41.966043],[-111.172131,41.966356],[-111.172911,41.966593],[-111.174507,41.966785],[-111.175486,41.967032],[-111.17653,41.967422],[-111.177156,41.967482],[-111.177788,41.968317]]}},{"type":"Feature","properties":{"id":"wat-b443","kind":"water","name":"Creek","acres":null,"editable":false,"source":"USGS 3DHP flowlines (Channel Line)"},"geometry":{"type":"LineString","coordinates":[[-111.172769,41.975322],[-111.174233,41.975141],[-111.175933,41.97529],[-111.176816,41.975553],[-111.177338,41.975839],[-111.17839,41.976152],[-111.178729,41.976152],[-111.179185,41.975976],[-111.179928,41.97602],[-111.180988,41.975916],[-111.181827,41.975587],[-111.182496,41.97562]]}},{"type":"Feature","properties":{"id":"wat-b444","kind":"water","name":"Creek","acres":null,"editable":false,"source":"USGS 3DHP flowlines (Channel Line)"},"geometry":{"type":"LineString","coordinates":[[-111.199572,42.088031],[-111.198798,42.087965],[-111.198511,42.088037],[-111.198179,42.088278],[-111.198135,42.088504],[-111.198253,42.088943],[-111.198165,42.08914],[-111.197863,42.089437],[-111.19686,42.089854],[-111.195806,42.090041],[-111.194568,42.090041],[-111.194383,42.089981],[-111.194081,42.090047],[-111.193514,42.089942],[-111.19274,42.090233],[-111.192659,42.090991],[-111.192209,42.091381],[-111.191958,42.091447],[-111.191413,42.091353],[-111.191066,42.091386],[-111.190654,42.091255],[-111.190086,42.091194],[-111.188545,42.091249],[-111.187882,42.091161],[-111.187499,42.090931],[-111.187336,42.090607],[-111.187344,42.090409],[-111.187764,42.089915],[-111.187653,42.089454],[-111.186518,42.089212],[-111.185449,42.089295],[-111.185155,42.089218],[-111.184867,42.089251],[-111.184535,42.08947],[-111.183297,42.089564],[-111.181697,42.089953],[-111.180761,42.090475],[-111.180488,42.090546],[-111.18009,42.090931],[-111.179626,42.091095],[-111.179279,42.091342],[-111.178859,42.091375],[-111.178675,42.091551],[-111.178137,42.091491],[-111.177857,42.091381],[-111.176758,42.091479],[-111.176154,42.091304],[-111.175756,42.091293],[-111.175255,42.090864],[-111.175159,42.090612],[-111.174798,42.090425]]}},{"type":"Feature","properties":{"id":"wat-b445","kind":"water","name":"Creek","acres":null,"editable":false,"source":"USGS 3DHP flowlines (Channel Line)"},"geometry":{"type":"LineString","coordinates":[[-111.214595,41.982798],[-111.214934,41.982572],[-111.216442,41.982352],[-111.217362,41.982078],[-111.2177,41.981825],[-111.218105,41.981764],[-111.21834,41.981517],[-111.218877,41.981199],[-111.219488,41.980595],[-111.220216,41.980232],[-111.220739,41.980276],[-111.220989,41.980523]]}},{"type":"Feature","properties":{"id":"wat-b446","kind":"water","name":"Creek","acres":null,"editable":false,"source":"USGS 3DHP flowlines (Channel Line)"},"geometry":{"type":"LineString","coordinates":[[-111.444493,42.114695],[-111.444454,42.114485],[-111.444299,42.114327],[-111.443598,42.114659],[-111.443555,42.114854],[-111.443712,42.115003]]}},{"type":"Feature","properties":{"id":"wat-b447","kind":"water","name":"Creek","acres":null,"editable":false,"source":"USGS 3DHP flowlines (Channel Line)"},"geometry":{"type":"LineString","coordinates":[[-111.456076,41.975557],[-111.455565,41.975406],[-111.455011,41.975048],[-111.454164,41.974644],[-111.452964,41.974449],[-111.452365,41.974265],[-111.451251,41.973532],[-111.449714,41.973285],[-111.448981,41.973011],[-111.447958,41.972343],[-111.447366,41.971539],[-111.445837,41.970698],[-111.445333,41.970281],[-111.444684,41.969969],[-111.442868,41.969498],[-111.440519,41.96853],[-111.439588,41.968529],[-111.437955,41.968842],[-111.433721,41.970164],[-111.433088,41.970432],[-111.432461,41.971056],[-111.432042,41.971679],[-111.431836,41.972607],[-111.432118,41.973556],[-111.431774,41.974948],[-111.432053,41.976073],[-111.431905,41.977407],[-111.431622,41.978075],[-111.431172,41.978518]]}},{"type":"Feature","properties":{"id":"wat-b448","kind":"water","name":"Creek","acres":null,"editable":false,"source":"USGS 3DHP flowlines (Channel Line)"},"geometry":{"type":"LineString","coordinates":[[-111.230509,42.054516],[-111.230737,42.054862],[-111.230693,42.055724],[-111.230797,42.056026],[-111.231106,42.056366],[-111.231203,42.056772],[-111.231756,42.057716]]}},{"type":"Feature","properties":{"id":"wat-b449","kind":"water","name":"Creek","acres":null,"editable":false,"source":"USGS 3DHP flowlines (Channel Line)"},"geometry":{"type":"LineString","coordinates":[[-111.278075,41.925666],[-111.278362,41.925771]]}},{"type":"Feature","properties":{"id":"wat-b450","kind":"water","name":"Creek","acres":null,"editable":false,"source":"USGS 3DHP flowlines (Channel Line)"},"geometry":{"type":"LineString","coordinates":[[-111.193574,42.021264],[-111.192285,42.020709]]}},{"type":"Feature","properties":{"id":"wat-b451","kind":"water","name":"Creek","acres":null,"editable":false,"source":"USGS 3DHP flowlines (Channel Line)"},"geometry":{"type":"LineString","coordinates":[[-111.200055,42.031206],[-111.199864,42.030948],[-111.19951,42.030696],[-111.199172,42.030569],[-111.198339,42.030438],[-111.197566,42.030454],[-111.196498,42.030202],[-111.196012,42.029669],[-111.195614,42.028972],[-111.193287,42.026727],[-111.191947,42.026282],[-111.19135,42.025843],[-111.191188,42.025376],[-111.191188,42.024964],[-111.191483,42.024338],[-111.19205,42.023636],[-111.192241,42.022861],[-111.192197,42.021824],[-111.192285,42.020709]]}},{"type":"Feature","properties":{"id":"wat-b452","kind":"water","name":"Currant Creek","acres":null,"editable":false,"source":"USGS 3DHP flowlines (Channel Line)"},"geometry":{"type":"LineString","coordinates":[[-111.207076,41.962518],[-111.206524,41.962913],[-111.206495,41.96305],[-111.206635,41.963429],[-111.206539,41.963676],[-111.206532,41.964428],[-111.206731,41.964818],[-111.206606,41.965378],[-111.206393,41.965702],[-111.206363,41.966141],[-111.206481,41.966762],[-111.2064,41.967728],[-111.206754,41.968502]]}},{"type":"Feature","properties":{"id":"wat-b453","kind":"water","name":"Creek","acres":null,"editable":false,"source":"USGS 3DHP flowlines (Channel Line)"},"geometry":{"type":"LineString","coordinates":[[-111.183746,41.890413],[-111.18293,41.890446],[-111.18088,41.890303],[-111.179271,41.890528],[-111.177852,41.890589],[-111.176272,41.890786],[-111.173208,41.890945],[-111.17251,41.891049],[-111.169277,41.891076],[-111.16838,41.891411],[-111.165514,41.891811],[-111.164228,41.891608],[-111.162803,41.891564],[-111.161083,41.89124],[-111.16015,41.89102],[-111.159357,41.890591]]}},{"type":"Feature","properties":{"id":"wat-b454","kind":"water","name":"Creek","acres":null,"editable":false,"source":"USGS 3DHP flowlines (Channel Line)"},"geometry":{"type":"LineString","coordinates":[[-111.452296,42.058758],[-111.451846,42.058851],[-111.450758,42.058884],[-111.449443,42.059109],[-111.447852,42.058948],[-111.44651,42.059241],[-111.446182,42.059248],[-111.445077,42.058955],[-111.444375,42.058919],[-111.443105,42.05902],[-111.439836,42.059603],[-111.437757,42.059593],[-111.436048,42.06015],[-111.435455,42.060439],[-111.434276,42.06056],[-111.433706,42.060791],[-111.432952,42.060923],[-111.431777,42.061317],[-111.430141,42.061543],[-111.428746,42.061551],[-111.428152,42.061471]]}},{"type":"Feature","properties":{"id":"wat-b455","kind":"water","name":"Creek","acres":null,"editable":false,"source":"USGS 3DHP flowlines (Channel Line)"},"geometry":{"type":"LineString","coordinates":[[-111.185636,42.036598],[-111.185798,42.035896],[-111.186254,42.034896],[-111.1866,42.034666],[-111.186593,42.034595]]}},{"type":"Feature","properties":{"id":"wat-b456","kind":"water","name":"Swan Creek","acres":null,"editable":false,"source":"USGS 3DHP flowlines (Channel Line)"},"geometry":{"type":"LineString","coordinates":[[-111.465866,41.985819],[-111.464934,41.985852],[-111.463858,41.986149],[-111.462843,41.986284],[-111.461309,41.986898],[-111.460273,41.987603],[-111.459057,41.987731],[-111.458155,41.988169],[-111.456617,41.988592],[-111.454322,41.989515],[-111.453724,41.989691],[-111.452281,41.99001],[-111.451036,41.990056],[-111.449841,41.989779],[-111.448247,41.989265],[-111.446784,41.988978],[-111.445949,41.989064],[-111.444574,41.989338],[-111.444173,41.989299],[-111.443952,41.989196],[-111.443491,41.988865],[-111.442872,41.987221],[-111.442289,41.986455],[-111.440687,41.985615],[-111.440213,41.985261],[-111.439626,41.984624],[-111.439229,41.983869],[-111.438466,41.983151]]}},{"type":"Feature","properties":{"id":"wat-b457","kind":"water","name":"Creek","acres":null,"editable":false,"source":"USGS 3DHP flowlines (Channel Line)"},"geometry":{"type":"LineString","coordinates":[[-111.20861,42.11183],[-111.208108,42.11155],[-111.207791,42.111468],[-111.206582,42.111655],[-111.206331,42.111644],[-111.205955,42.111507],[-111.205557,42.111057],[-111.205122,42.110288],[-111.20462,42.109981],[-111.203927,42.109015],[-111.203049,42.108592],[-111.202806,42.108586],[-111.201191,42.109213],[-111.199296,42.109498],[-111.198869,42.10974],[-111.198537,42.10974],[-111.198146,42.10985],[-111.19718,42.109685],[-111.196457,42.109888],[-111.195234,42.111645]]}},{"type":"Feature","properties":{"id":"wat-b458","kind":"water","name":"Creek","acres":null,"editable":false,"source":"USGS 3DHP flowlines (Channel Line)"},"geometry":{"type":"LineString","coordinates":[[-111.276224,41.884306],[-111.277363,41.884586],[-111.278149,41.884922],[-111.278824,41.885383],[-111.279808,41.886564],[-111.279926,41.886849],[-111.279866,41.887805],[-111.280123,41.888414],[-111.280865,41.88915],[-111.281673,41.889496],[-111.282915,41.889606],[-111.283672,41.889217],[-111.284187,41.889107],[-111.284951,41.888575],[-111.285554,41.888366],[-111.286075,41.888328],[-111.286869,41.888388],[-111.289808,41.888954],[-111.291138,41.88896]]}},{"type":"Feature","properties":{"id":"wat-b459","kind":"water","name":"Cottonwood Creek","acres":null,"editable":false,"source":"USGS 3DHP flowlines (Channel Line)"},"geometry":{"type":"LineString","coordinates":[[-111.241051,41.876712],[-111.238575,41.876725],[-111.237135,41.87689],[-111.236114,41.877236],[-111.235652,41.877588],[-111.23508,41.878708],[-111.234904,41.879274],[-111.234663,41.881228],[-111.234759,41.88248],[-111.23484,41.882705],[-111.235208,41.883117],[-111.235436,41.883737],[-111.236333,41.884237],[-111.23803,41.884801],[-111.238986,41.885262],[-111.240485,41.885541],[-111.241308,41.885931],[-111.241625,41.886139],[-111.242154,41.886919],[-111.24314,41.887802],[-111.243595,41.888055],[-111.244404,41.888241],[-111.244536,41.888384]]}},{"type":"Feature","properties":{"id":"wat-b460","kind":"water","name":"Creek","acres":null,"editable":false,"source":"USGS 3DHP flowlines (Channel Line)"},"geometry":{"type":"LineString","coordinates":[[-111.457338,42.091929],[-111.455915,42.091828],[-111.455135,42.092009],[-111.454529,42.092332],[-111.45387,42.09305],[-111.453531,42.093997],[-111.452647,42.095901],[-111.452216,42.096618],[-111.451692,42.097205],[-111.450632,42.097564],[-111.449327,42.098134],[-111.448327,42.098331],[-111.447597,42.098368],[-111.446666,42.09859],[-111.446241,42.099172],[-111.445928,42.099295]]}},{"type":"Feature","properties":{"id":"wat-b461","kind":"water","name":"Creek","acres":null,"editable":false,"source":"USGS 3DHP flowlines (Channel Line)"},"geometry":{"type":"LineString","coordinates":[[-111.234716,41.86334],[-111.233475,41.862858],[-111.23332,41.862704],[-111.231903,41.8626],[-111.231095,41.862689],[-111.230654,41.862848],[-111.229743,41.862733],[-111.228854,41.86275],[-111.228487,41.862854],[-111.226791,41.862888],[-111.226291,41.86297],[-111.224749,41.863037],[-111.223059,41.863328],[-111.221891,41.863356],[-111.221164,41.863516],[-111.220511,41.863565],[-111.220033,41.863505],[-111.21924,41.86361],[-111.21794,41.863379],[-111.217367,41.863121]]}},{"type":"Feature","properties":{"id":"wat-b462","kind":"water","name":"Creek","acres":null,"editable":false,"source":"USGS 3DHP flowlines (Channel Line)"},"geometry":{"type":"LineString","coordinates":[[-111.236757,42.065456],[-111.236844,42.064456],[-111.237448,42.063144],[-111.237528,42.062073],[-111.23766,42.061579],[-111.237725,42.060124],[-111.237563,42.059636],[-111.237592,42.059174],[-111.237842,42.058389],[-111.238438,42.057862],[-111.238593,42.057499],[-111.238909,42.057236],[-111.23913,42.056708],[-111.239277,42.056593]]}},{"type":"Feature","properties":{"id":"wat-b463","kind":"water","name":"Creek","acres":null,"editable":false,"source":"USGS 3DHP flowlines (Channel Line)"},"geometry":{"type":"LineString","coordinates":[[-111.150571,42.059927],[-111.149421,42.060646],[-111.149016,42.061085],[-111.148802,42.061453],[-111.148448,42.061738],[-111.14819,42.062183],[-111.147998,42.062814],[-111.147718,42.06316],[-111.147681,42.063577],[-111.147784,42.063884],[-111.14771,42.064203],[-111.147857,42.064873],[-111.147731,42.065092],[-111.147923,42.065285],[-111.147974,42.065559],[-111.14793,42.066152],[-111.147819,42.066355],[-111.147391,42.066712],[-111.146727,42.067931],[-111.146853,42.068271],[-111.146801,42.068589]]}},{"type":"Feature","properties":{"id":"wat-b464","kind":"water","name":"Creek","acres":null,"editable":false,"source":"USGS 3DHP flowlines (Channel Line)"},"geometry":{"type":"LineString","coordinates":[[-111.206183,41.899625],[-111.20708,41.900563],[-111.207205,41.901008],[-111.207609,41.901617],[-111.207565,41.903281],[-111.207081,41.905192]]}},{"type":"Feature","properties":{"id":"wat-b465","kind":"water","name":"Creek","acres":null,"editable":false,"source":"USGS 3DHP flowlines (Channel Line)"},"geometry":{"type":"LineString","coordinates":[[-111.428052,41.984397],[-111.426205,41.9844]]}},{"type":"Feature","properties":{"id":"wat-b466","kind":"water","name":"Saint Charles Creek","acres":null,"editable":false,"source":"USGS 3DHP flowlines (Channel Line)"},"geometry":{"type":"LineString","coordinates":[[-111.441463,42.115133],[-111.441245,42.115182],[-111.440747,42.115084]]}},{"type":"Feature","properties":{"id":"wat-b467","kind":"water","name":"Creek","acres":null,"editable":false,"source":"USGS 3DHP flowlines (Channel Line)"},"geometry":{"type":"LineString","coordinates":[[-111.397937,41.887581],[-111.396762,41.887535],[-111.393092,41.887746],[-111.392627,41.887838],[-111.39181,41.887832],[-111.391253,41.887739],[-111.390254,41.887432]]}},{"type":"Feature","properties":{"id":"wat-b468","kind":"water","name":"Creek","acres":null,"editable":false,"source":"USGS 3DHP flowlines (Channel Line)"},"geometry":{"type":"LineString","coordinates":[[-111.204678,42.104348],[-111.203291,42.104156],[-111.202384,42.104178],[-111.20209,42.104337]]}},{"type":"Feature","properties":{"id":"wat-b469","kind":"water","name":"Creek","acres":null,"editable":false,"source":"USGS 3DHP flowlines (Channel Line)"},"geometry":{"type":"LineString","coordinates":[[-111.212029,42.08619],[-111.211815,42.086267],[-111.210393,42.086382],[-111.207886,42.086092],[-111.207142,42.086202],[-111.206987,42.086312],[-111.206302,42.086471],[-111.205904,42.086641],[-111.205115,42.086718],[-111.204172,42.087119],[-111.203442,42.087207],[-111.202005,42.087526],[-111.201047,42.087499],[-111.19983,42.087762],[-111.199572,42.088031]]}},{"type":"Feature","properties":{"id":"wat-b470","kind":"water","name":"Creek","acres":null,"editable":false,"source":"USGS 3DHP flowlines (Channel Line)"},"geometry":{"type":"LineString","coordinates":[[-111.212529,42.065217],[-111.20984,42.06525],[-111.209361,42.06553]]}},{"type":"Feature","properties":{"id":"wat-b471","kind":"water","name":"Creek","acres":null,"editable":false,"source":"USGS 3DHP flowlines (Channel Line)"},"geometry":{"type":"LineString","coordinates":[[-111.245801,41.986634],[-111.246934,41.986497]]}},{"type":"Feature","properties":{"id":"wat-b472","kind":"water","name":"Creek","acres":null,"editable":false,"source":"USGS 3DHP flowlines (Channel Line)"},"geometry":{"type":"LineString","coordinates":[[-111.272379,41.933456],[-111.272019,41.932813],[-111.272159,41.932385],[-111.272483,41.932012],[-111.273667,41.931381],[-111.274065,41.930991],[-111.27483,41.930546],[-111.275661,41.929723],[-111.276066,41.929015],[-111.276757,41.928669],[-111.277199,41.928307],[-111.277706,41.927335],[-111.278369,41.926507],[-111.278435,41.92632],[-111.278362,41.925771]]}},{"type":"Feature","properties":{"id":"wat-b473","kind":"water","name":"Creek","acres":null,"editable":false,"source":"USGS 3DHP flowlines (Channel Line)"},"geometry":{"type":"LineString","coordinates":[[-111.211758,42.0124],[-111.210874,42.01223],[-111.209704,42.011889],[-111.20924,42.011631],[-111.207988,42.011637],[-111.205956,42.011786],[-111.205522,42.01172],[-111.204778,42.01138],[-111.20427,42.011286],[-111.203777,42.011094],[-111.202091,42.010946],[-111.201296,42.011029],[-111.200383,42.010903],[-111.199323,42.010387],[-111.199043,42.010096],[-111.1988,42.009278],[-111.198961,42.007861]]}},{"type":"Feature","properties":{"id":"wat-b474","kind":"water","name":"Creek","acres":null,"editable":false,"source":"USGS 3DHP flowlines (Channel Line)"},"geometry":{"type":"LineString","coordinates":[[-111.200037,42.124306],[-111.198428,42.123894],[-111.197934,42.123515],[-111.197757,42.123131],[-111.197403,42.122741],[-111.197005,42.122483],[-111.196732,42.122505],[-111.19643,42.122686],[-111.195965,42.122758],[-111.194903,42.122626]]}},{"type":"Feature","properties":{"id":"wat-b475","kind":"water","name":"South Fork Cheney Creek","acres":null,"editable":false,"source":"USGS 3DHP flowlines (Channel Line)"},"geometry":{"type":"LineString","coordinates":[[-111.467283,41.881343],[-111.466574,41.88113],[-111.465384,41.88059],[-111.464926,41.880164],[-111.463919,41.879447],[-111.462973,41.878983],[-111.461638,41.87806],[-111.461363,41.877953],[-111.459509,41.877695],[-111.458364,41.877267],[-111.457724,41.877238],[-111.457349,41.877114],[-111.456373,41.877113],[-111.455419,41.876878],[-111.453916,41.876691],[-111.453153,41.876698],[-111.452688,41.876804],[-111.451177,41.877372],[-111.450445,41.877749],[-111.450079,41.877836],[-111.448545,41.877838],[-111.447523,41.878116],[-111.446065,41.878784],[-111.444745,41.879253],[-111.444509,41.879461],[-111.444257,41.879867],[-111.444059,41.87999]]}},{"type":"Feature","properties":{"id":"wat-b476","kind":"water","name":"Creek","acres":null,"editable":false,"source":"USGS 3DHP flowlines (Channel Line)"},"geometry":{"type":"LineString","coordinates":[[-111.247983,41.87213],[-111.248173,41.871674],[-111.249157,41.87079],[-111.249707,41.870087],[-111.249831,41.869631],[-111.249647,41.868725],[-111.249691,41.86839],[-111.249749,41.868192],[-111.250013,41.867912],[-111.250292,41.867758],[-111.250767,41.867725],[-111.251083,41.867813],[-111.251802,41.867858],[-111.252515,41.867638],[-111.252971,41.867655],[-111.254006,41.868106],[-111.254527,41.868161],[-111.255269,41.868123],[-111.256033,41.86826],[-111.256687,41.868497],[-111.257032,41.868892],[-111.257436,41.869019],[-111.258141,41.869058]]}},{"type":"Feature","properties":{"id":"wat-b477","kind":"water","name":"Creek","acres":null,"editable":false,"source":"USGS 3DHP flowlines (Channel Line)"},"geometry":{"type":"LineString","coordinates":[[-111.186173,42.033568],[-111.186173,42.033447],[-111.186424,42.033167],[-111.186284,42.032903],[-111.186431,42.032547],[-111.186328,42.032343],[-111.186387,42.031981],[-111.186291,42.031783],[-111.185879,42.03158],[-111.185628,42.031251],[-111.185186,42.030982],[-111.184531,42.030158],[-111.183441,42.029587],[-111.183279,42.029307],[-111.183309,42.02906],[-111.183044,42.028566],[-111.183139,42.028451],[-111.183456,42.028423],[-111.183795,42.028511],[-111.184075,42.02844],[-111.184023,42.028138],[-111.184156,42.027797],[-111.184288,42.027682],[-111.184693,42.027644],[-111.184826,42.027523],[-111.184215,42.026469],[-111.183552,42.025859],[-111.183309,42.025804],[-111.183066,42.025881],[-111.182234,42.02576],[-111.181424,42.025914],[-111.180157,42.025623],[-111.17906,42.025689],[-111.178611,42.025475],[-111.178456,42.025475],[-111.178176,42.025283],[-111.178014,42.02514],[-111.177992,42.024865],[-111.17758,42.024558],[-111.177558,42.024135],[-111.178029,42.023361],[-111.178052,42.023163],[-111.177919,42.022966],[-111.178044,42.022598],[-111.178471,42.02234],[-111.178435,42.022005],[-111.178869,42.021154],[-111.178891,42.020907],[-111.179031,42.020682],[-111.179392,42.020522],[-111.179392,42.020396],[-111.179569,42.020204],[-111.179569,42.01999],[-111.179709,42.019836],[-111.180512,42.019628],[-111.180357,42.019353],[-111.180548,42.019172],[-111.180806,42.018266],[-111.180894,42.018195],[-111.181108,42.018244]]}},{"type":"Feature","properties":{"id":"wat-b478","kind":"water","name":"Creek","acres":null,"editable":false,"source":"USGS 3DHP flowlines (Channel Line)"},"geometry":{"type":"LineString","coordinates":[[-111.175959,42.031827],[-111.175907,42.031388],[-111.175569,42.030421],[-111.175105,42.029664],[-111.174656,42.029147],[-111.174759,42.028725],[-111.174729,42.028384],[-111.174936,42.028121],[-111.175135,42.027138],[-111.175024,42.026902],[-111.174693,42.026677],[-111.174369,42.026194],[-111.174104,42.02571],[-111.174112,42.025441],[-111.173802,42.024909],[-111.174038,42.024557],[-111.174009,42.024409],[-111.17423,42.023964],[-111.174171,42.023695],[-111.174355,42.02279],[-111.174451,42.022559],[-111.174937,42.022059],[-111.175335,42.021862],[-111.17532,42.021444],[-111.175563,42.020599],[-111.174974,42.019468],[-111.175063,42.019161],[-111.175011,42.018727],[-111.174717,42.018469],[-111.174592,42.017898],[-111.174349,42.017491],[-111.174113,42.017404],[-111.173355,42.016756]]}},{"type":"Feature","properties":{"id":"wat-b479","kind":"water","name":"Creek","acres":null,"editable":false,"source":"USGS 3DHP flowlines (Channel Line)"},"geometry":{"type":"LineString","coordinates":[[-111.213581,41.911493],[-111.213632,41.911669],[-111.214118,41.912235],[-111.21414,41.912405],[-111.214103,41.912767],[-111.213883,41.913234],[-111.213876,41.913816],[-111.213633,41.914348],[-111.213692,41.914689],[-111.214009,41.914963]]}},{"type":"Feature","properties":{"id":"wat-b480","kind":"water","name":"Creek","acres":null,"editable":false,"source":"USGS 3DHP flowlines (Channel Line)"},"geometry":{"type":"LineString","coordinates":[[-111.471457,41.943585],[-111.469455,41.943056],[-111.46752,41.943074],[-111.463216,41.942874],[-111.462423,41.943058],[-111.461409,41.943554],[-111.458906,41.944293],[-111.45735,41.944925],[-111.454934,41.945641],[-111.454548,41.945687],[-111.4544,41.945942],[-111.454199,41.946001],[-111.453686,41.946353],[-111.45337,41.946349],[-111.452635,41.946178],[-111.451414,41.946327],[-111.449758,41.946671],[-111.449209,41.946613],[-111.447113,41.945813],[-111.445595,41.94514],[-111.444542,41.944528]]}},{"type":"Feature","properties":{"id":"wat-b481","kind":"water","name":"Black Mountain Creek","acres":null,"editable":false,"source":"USGS 3DHP flowlines (Channel Line)"},"geometry":{"type":"LineString","coordinates":[[-111.241991,41.945919],[-111.242387,41.945403],[-111.243652,41.944475],[-111.244144,41.9442],[-111.245327,41.942909],[-111.245701,41.942074],[-111.246186,41.941344],[-111.246568,41.940553],[-111.247376,41.940058],[-111.247648,41.939778],[-111.248265,41.938899],[-111.248492,41.938136]]}},{"type":"Feature","properties":{"id":"wat-b482","kind":"water","name":"Creek","acres":null,"editable":false,"source":"USGS 3DHP flowlines (Channel Line)"},"geometry":{"type":"LineString","coordinates":[[-111.428817,42.045412],[-111.427443,42.045164],[-111.426386,42.045182],[-111.42563,42.045032],[-111.423278,42.045225],[-111.422321,42.045571],[-111.421881,42.045658],[-111.421295,42.045595],[-111.420497,42.045701],[-111.419594,42.045625],[-111.41935,42.045494],[-111.419238,42.045317]]}},{"type":"Feature","properties":{"id":"wat-b483","kind":"water","name":"Creek","acres":null,"editable":false,"source":"USGS 3DHP flowlines (Channel Line)"},"geometry":{"type":"LineString","coordinates":[[-111.441693,42.05127],[-111.440699,42.050952],[-111.437929,42.04911],[-111.43619,42.0486],[-111.435377,42.048489],[-111.434213,42.048503],[-111.433333,42.048712],[-111.430867,42.048702],[-111.429783,42.048967],[-111.429451,42.048961],[-111.428787,42.048794],[-111.427797,42.048703],[-111.425886,42.048232],[-111.424366,42.048182],[-111.423307,42.048044],[-111.422879,42.047844],[-111.422238,42.047787],[-111.421034,42.047513],[-111.420011,42.047133],[-111.419683,42.047125]]}},{"type":"Feature","properties":{"id":"wat-b484","kind":"water","name":"Creek","acres":null,"editable":false,"source":"USGS 3DHP flowlines (Channel Line)"},"geometry":{"type":"LineString","coordinates":[[-111.199421,42.06361],[-111.198588,42.063819],[-111.198043,42.064269],[-111.197092,42.064494],[-111.196053,42.064643],[-111.193828,42.065412],[-111.192892,42.065516],[-111.192325,42.065719],[-111.190483,42.065823],[-111.189952,42.06562],[-111.189488,42.065659],[-111.188213,42.065577],[-111.187344,42.065933],[-111.185959,42.067295]]}},{"type":"Feature","properties":{"id":"wat-b485","kind":"water","name":"Indian Creek","acres":null,"editable":false,"source":"USGS 3DHP flowlines (Channel Line)"},"geometry":{"type":"LineString","coordinates":[[-111.228657,42.096682],[-111.22921,42.096506],[-111.229438,42.096331],[-111.229438,42.095557],[-111.230034,42.095331],[-111.230248,42.095359]]}},{"type":"Feature","properties":{"id":"wat-b486","kind":"water","name":"Creek","acres":null,"editable":false,"source":"USGS 3DHP flowlines (Channel Line)"},"geometry":{"type":"LineString","coordinates":[[-111.246142,42.006611],[-111.247169,42.00252],[-111.247094,42.000977],[-111.247254,41.998669],[-111.247003,41.997823],[-111.246929,41.996983],[-111.247068,41.995863],[-111.247332,41.995039],[-111.247721,41.994254],[-111.247743,41.99404],[-111.247536,41.993672],[-111.24783,41.993233],[-111.247815,41.992349],[-111.248101,41.990987],[-111.247916,41.989949],[-111.24796,41.989735],[-111.248658,41.988889],[-111.249136,41.987983],[-111.249489,41.987676],[-111.250342,41.987417]]}},{"type":"Feature","properties":{"id":"wat-b487","kind":"water","name":"North Fork Sixmile Creek","acres":null,"editable":false,"source":"USGS 3DHP flowlines (Channel Line)"},"geometry":{"type":"LineString","coordinates":[[-111.169555,41.894958],[-111.168776,41.894793],[-111.167894,41.894876],[-111.166108,41.894903],[-111.164227,41.8946],[-111.163551,41.894419],[-111.162978,41.894128]]}},{"type":"Feature","properties":{"id":"wat-b488","kind":"water","name":"Creek","acres":null,"editable":false,"source":"USGS 3DHP flowlines (Channel Line)"},"geometry":{"type":"LineString","coordinates":[[-111.436979,42.089719],[-111.435175,42.089729],[-111.434207,42.08934],[-111.433006,42.089104],[-111.432092,42.089098],[-111.431517,42.089301],[-111.430469,42.089921],[-111.428494,42.09024],[-111.426689,42.090736],[-111.426083,42.090746],[-111.424855,42.091139],[-111.424634,42.091291],[-111.424358,42.09132],[-111.423339,42.092141],[-111.422859,42.092797],[-111.422484,42.093034]]}},{"type":"Feature","properties":{"id":"wat-b489","kind":"water","name":"Creek","acres":null,"editable":false,"source":"USGS 3DHP flowlines (Channel Line)"},"geometry":{"type":"LineString","coordinates":[[-111.369723,42.136489],[-111.369392,42.136972],[-111.369407,42.137181],[-111.369784,42.137927]]}},{"type":"Feature","properties":{"id":"wat-b490","kind":"water","name":"Cottonwood Creek","acres":null,"editable":false,"source":"USGS 3DHP flowlines (Channel Line)"},"geometry":{"type":"LineString","coordinates":[[-111.251019,41.909903],[-111.249738,41.910096],[-111.248628,41.910513],[-111.248385,41.910678],[-111.247798,41.911359]]}},{"type":"Feature","properties":{"id":"wat-b491","kind":"water","name":"Creek","acres":null,"editable":false,"source":"USGS 3DHP flowlines (Channel Line)"},"geometry":{"type":"LineString","coordinates":[[-111.456365,41.891659],[-111.455763,41.891702],[-111.455312,41.891915],[-111.454633,41.891828],[-111.453748,41.891381],[-111.453069,41.891204],[-111.452558,41.891206],[-111.450773,41.891515],[-111.450193,41.8914],[-111.449705,41.891451],[-111.448606,41.891384],[-111.447118,41.890975],[-111.446248,41.890893],[-111.445295,41.890987],[-111.444432,41.891215],[-111.443357,41.891971],[-111.440854,41.892476],[-111.439954,41.892525],[-111.438092,41.892442],[-111.437093,41.892513],[-111.435666,41.892222]]}},{"type":"Feature","properties":{"id":"wat-b492","kind":"water","name":"Saint Charles Creek","acres":null,"editable":false,"source":"USGS 3DHP flowlines (Channel Line)"},"geometry":{"type":"LineString","coordinates":[[-111.457871,42.110818],[-111.457879,42.110693],[-111.457744,42.110626],[-111.45754,42.110791],[-111.45723,42.110857],[-111.456491,42.110746],[-111.455939,42.11091],[-111.455488,42.110805],[-111.455444,42.110901],[-111.455539,42.111019],[-111.455427,42.111081],[-111.454813,42.110771],[-111.454352,42.11114],[-111.453751,42.111134],[-111.453049,42.111265],[-111.453135,42.111562],[-111.452981,42.11177],[-111.452347,42.111711],[-111.451809,42.111982],[-111.451305,42.112056],[-111.450884,42.111916],[-111.450494,42.111895],[-111.450225,42.111696],[-111.450118,42.111692],[-111.449968,42.111813],[-111.449558,42.111654],[-111.449325,42.111416],[-111.449218,42.111425],[-111.447537,42.112318],[-111.446924,42.112336],[-111.446783,42.112413],[-111.446503,42.112917],[-111.446049,42.113265],[-111.44604,42.113764],[-111.445745,42.11423],[-111.44543,42.114435]]}},{"type":"Feature","properties":{"id":"wat-b493","kind":"water","name":"Creek","acres":null,"editable":false,"source":"USGS 3DHP flowlines (Channel Line)"},"geometry":{"type":"LineString","coordinates":[[-111.235042,41.977223],[-111.235049,41.977668],[-111.234903,41.978316],[-111.234962,41.978909],[-111.235124,41.979293],[-111.235794,41.980067],[-111.235905,41.981077],[-111.235802,41.981297],[-111.235089,41.982017],[-111.234501,41.982187]]}},{"type":"Feature","properties":{"id":"wat-b494","kind":"water","name":"Creek","acres":null,"editable":false,"source":"USGS 3DHP flowlines (Channel Line)"},"geometry":{"type":"LineString","coordinates":[[-111.192218,41.874743],[-111.18986,41.874584],[-111.188618,41.874381],[-111.18795,41.874123],[-111.187523,41.873711],[-111.186679,41.873184],[-111.185885,41.872866],[-111.185268,41.872514],[-111.182594,41.872059],[-111.181918,41.872037],[-111.180699,41.871844],[-111.180243,41.871674],[-111.179516,41.871202],[-111.17887,41.87096],[-111.178113,41.870554]]}},{"type":"Feature","properties":{"id":"wat-b495","kind":"water","name":"Cheney Creek","acres":null,"editable":false,"source":"USGS 3DHP flowlines (Channel Line)"},"geometry":{"type":"LineString","coordinates":[[-111.406902,41.858539],[-111.406833,41.858296]]}},{"type":"Feature","properties":{"id":"wat-b496","kind":"water","name":"Creek","acres":null,"editable":false,"source":"USGS 3DHP flowlines (Channel Line)"},"geometry":{"type":"LineString","coordinates":[[-111.20041,41.921406],[-111.200903,41.92139],[-111.202998,41.920643],[-111.20438,41.919995],[-111.205093,41.919786]]}},{"type":"Feature","properties":{"id":"wat-b497","kind":"water","name":"Creek","acres":null,"editable":false,"source":"USGS 3DHP flowlines (Channel Line)"},"geometry":{"type":"LineString","coordinates":[[-111.427357,41.969882],[-111.427217,41.969498],[-111.426957,41.969136],[-111.425813,41.968116],[-111.425671,41.967141],[-111.425364,41.966191],[-111.425354,41.964991],[-111.425105,41.964366],[-111.424234,41.963526],[-111.422981,41.96212],[-111.423051,41.961509],[-111.423385,41.960967],[-111.423522,41.960193],[-111.423684,41.960001],[-111.423382,41.958989]]}},{"type":"Feature","properties":{"id":"wat-b498","kind":"water","name":"Creek","acres":null,"editable":false,"source":"USGS 3DHP flowlines (Channel Line)"},"geometry":{"type":"LineString","coordinates":[[-111.150539,41.989373],[-111.150723,41.989209]]}},{"type":"Feature","properties":{"id":"wat-b499","kind":"water","name":"Creek","acres":null,"editable":false,"source":"USGS 3DHP flowlines (Channel Line)"},"geometry":{"type":"LineString","coordinates":[[-111.238311,42.102416],[-111.239447,42.102657],[-111.240088,42.102563],[-111.242321,42.10136],[-111.243323,42.100569],[-111.243809,42.099778],[-111.243956,42.099273],[-111.24425,42.097647],[-111.244101,42.096742],[-111.244204,42.096588],[-111.244551,42.096412],[-111.244772,42.096071],[-111.245154,42.09527],[-111.245433,42.094287]]}},{"type":"Feature","properties":{"id":"wat-b500","kind":"water","name":"Creek","acres":null,"editable":false,"source":"USGS 3DHP flowlines (Channel Line)"},"geometry":{"type":"LineString","coordinates":[[-111.173022,42.149198],[-111.172616,42.149566],[-111.172151,42.150796],[-111.171678,42.151158],[-111.171132,42.151894],[-111.170313,42.152267],[-111.170166,42.152443],[-111.169833,42.152596],[-111.168409,42.153672],[-111.167833,42.153914],[-111.166712,42.154089],[-111.164845,42.154863],[-111.164542,42.154912],[-111.163627,42.154852]]}},{"type":"Feature","properties":{"id":"wat-b501","kind":"water","name":"Saint Charles Creek","acres":null,"editable":false,"source":"USGS 3DHP flowlines (Channel Line)"},"geometry":{"type":"LineString","coordinates":[[-111.431764,42.117723],[-111.431471,42.117853],[-111.431395,42.118172],[-111.431167,42.118443],[-111.431357,42.118752],[-111.431047,42.119152],[-111.430701,42.11922],[-111.429812,42.119587],[-111.429194,42.119548],[-111.428878,42.119366]]}},{"type":"Feature","properties":{"id":"wat-b502","kind":"water","name":"Creek","acres":null,"editable":false,"source":"USGS 3DHP flowlines (Channel Line)"},"geometry":{"type":"LineString","coordinates":[[-111.182728,41.936418],[-111.182934,41.936841],[-111.182911,41.937467],[-111.183073,41.937922],[-111.182963,41.938548],[-111.183117,41.939322],[-111.1835,41.940091],[-111.183529,41.940909],[-111.18333,41.941425],[-111.182816,41.942172],[-111.18183,41.943341],[-111.180859,41.944055],[-111.180616,41.944472]]}},{"type":"Feature","properties":{"id":"wat-b503","kind":"water","name":"Creek","acres":null,"editable":false,"source":"USGS 3DHP flowlines (Channel Line)"},"geometry":{"type":"LineString","coordinates":[[-111.273084,41.854722],[-111.274354,41.854525],[-111.275162,41.854229],[-111.276403,41.854097],[-111.277042,41.853938],[-111.277571,41.853949],[-111.278959,41.853708],[-111.279598,41.854175],[-111.280384,41.854505],[-111.280751,41.854807],[-111.281162,41.855565],[-111.281631,41.85602],[-111.282292,41.856015],[-111.282425,41.856191],[-111.283673,41.856641],[-111.285744,41.857114],[-111.286581,41.857707],[-111.287073,41.857932],[-111.287785,41.858114],[-111.288989,41.858789],[-111.290194,41.858691],[-111.290826,41.858735]]}},{"type":"Feature","properties":{"id":"wat-b504","kind":"water","name":"Creek","acres":null,"editable":false,"source":"USGS 3DHP flowlines (Channel Line)"},"geometry":{"type":"LineString","coordinates":[[-111.405552,41.890549],[-111.404804,41.890561],[-111.402584,41.890366],[-111.400081,41.890276],[-111.397502,41.890762],[-111.396442,41.891018],[-111.395221,41.891445],[-111.394694,41.891492],[-111.39413,41.891386],[-111.393733,41.891392],[-111.391666,41.891984],[-111.391131,41.892067]]}},{"type":"Feature","properties":{"id":"wat-b505","kind":"water","name":"Creek","acres":null,"editable":false,"source":"USGS 3DHP flowlines (Channel Line)"},"geometry":{"type":"LineString","coordinates":[[-111.400577,41.873782],[-111.395587,41.874561],[-111.392551,41.874715],[-111.391436,41.874589],[-111.390407,41.874317],[-111.39001,41.873932],[-111.389865,41.87291],[-111.389521,41.872762],[-111.388507,41.872775],[-111.385279,41.873317],[-111.384226,41.873384],[-111.383555,41.873314],[-111.382586,41.873002],[-111.382113,41.872715],[-111.381915,41.872491],[-111.381526,41.871636],[-111.380854,41.871134],[-111.380557,41.870973],[-111.379451,41.870644],[-111.379214,41.870244],[-111.379305,41.869991]]}},{"type":"Feature","properties":{"id":"wat-b506","kind":"water","name":"Pegram Creek","acres":null,"editable":false,"source":"USGS 3DHP flowlines (Channel Line)"},"geometry":{"type":"LineString","coordinates":[[-111.164287,42.108454],[-111.164043,42.108855],[-111.163911,42.109338],[-111.164168,42.109711],[-111.16394,42.110117],[-111.163962,42.110518],[-111.164087,42.110738],[-111.16363,42.111479],[-111.163445,42.11155],[-111.16343,42.111753],[-111.163069,42.111907],[-111.163017,42.112236],[-111.162921,42.112357],[-111.162634,42.112467],[-111.162597,42.112703],[-111.162987,42.112851],[-111.163061,42.113153],[-111.162987,42.11345],[-111.1625,42.114191],[-111.16166,42.114262],[-111.161512,42.114652],[-111.161224,42.11475],[-111.16115,42.115206],[-111.1609,42.115557],[-111.160988,42.115722],[-111.160848,42.115843],[-111.16084,42.116052],[-111.160678,42.116172],[-111.160641,42.116436],[-111.160464,42.116633],[-111.160464,42.11699],[-111.160191,42.117391],[-111.159991,42.117907],[-111.159763,42.118039],[-111.159689,42.118204],[-111.15977,42.118577],[-111.159689,42.118698],[-111.159386,42.118626],[-111.159216,42.119312],[-111.158973,42.119329],[-111.158877,42.119741],[-111.158597,42.119949],[-111.158398,42.1199],[-111.158272,42.11996],[-111.158361,42.120125],[-111.158169,42.120333],[-111.157962,42.120322],[-111.157859,42.120416],[-111.157992,42.120608],[-111.157586,42.120904],[-111.157254,42.121547],[-111.156634,42.122052],[-111.156383,42.122606],[-111.155977,42.122727],[-111.155763,42.12304],[-111.155431,42.123089],[-111.155092,42.123391],[-111.154694,42.123528],[-111.154642,42.123736],[-111.154398,42.123797],[-111.15431,42.123962],[-111.153956,42.124154],[-111.153956,42.124368],[-111.153579,42.124659],[-111.15318,42.125416],[-111.153025,42.125427],[-111.152406,42.125185],[-111.151742,42.125174],[-111.151506,42.125234],[-111.150606,42.125173],[-111.14992,42.12525],[-111.149515,42.125157],[-111.149168,42.125162],[-111.149043,42.12531],[-111.149138,42.125832],[-111.149057,42.126013],[-111.148356,42.126644],[-111.148311,42.127144]]}},{"type":"Feature","properties":{"id":"wat-b507","kind":"water","name":"Creek","acres":null,"editable":false,"source":"USGS 3DHP flowlines (Channel Line)"},"geometry":{"type":"LineString","coordinates":[[-111.258416,41.924704],[-111.258702,41.924819],[-111.25957,41.924935],[-111.26093,41.925007],[-111.262327,41.924963],[-111.263194,41.925227],[-111.264062,41.925305],[-111.266121,41.925025],[-111.266929,41.925196],[-111.269209,41.925109],[-111.269782,41.925213],[-111.272127,41.926049],[-111.272406,41.92606],[-111.273046,41.925901],[-111.27359,41.92566],[-111.274502,41.925523]]}},{"type":"Feature","properties":{"id":"wat-b508","kind":"water","name":"Creek","acres":null,"editable":false,"source":"USGS 3DHP flowlines (Channel Line)"},"geometry":{"type":"LineString","coordinates":[[-111.258141,41.869058],[-111.259361,41.86852],[-111.26036,41.868499],[-111.261594,41.868318],[-111.262218,41.86834],[-111.262652,41.868154],[-111.263519,41.868011],[-111.264474,41.867715],[-111.264672,41.867561],[-111.265055,41.866991],[-111.265959,41.866436],[-111.266473,41.866316],[-111.266583,41.866102],[-111.266951,41.865844],[-111.268141,41.865663],[-111.26853,41.865674]]}},{"type":"Feature","properties":{"id":"wat-b509","kind":"water","name":"Creek","acres":null,"editable":false,"source":"USGS 3DHP flowlines (Channel Line)"},"geometry":{"type":"LineString","coordinates":[[-111.238965,42.090699],[-111.241141,42.09117],[-111.24134,42.091291],[-111.242379,42.091598],[-111.243293,42.091757],[-111.244451,42.091564],[-111.245579,42.091662],[-111.246072,42.091602],[-111.246293,42.09147],[-111.247346,42.090228],[-111.247744,42.089954],[-111.248032,42.089932],[-111.248835,42.090233],[-111.249602,42.090183],[-111.250015,42.090024],[-111.251029,42.089299],[-111.251589,42.089151],[-111.252349,42.089135],[-111.253056,42.088828],[-111.253816,42.088801],[-111.25431,42.088466],[-111.255173,42.088154],[-111.255482,42.087934],[-111.256036,42.087265],[-111.256965,42.086738],[-111.257459,42.086156],[-111.257769,42.086069],[-111.258248,42.08569]]}},{"type":"Feature","properties":{"id":"wat-b510","kind":"water","name":"Creek","acres":null,"editable":false,"source":"USGS 3DHP flowlines (Channel Line)"},"geometry":{"type":"LineString","coordinates":[[-111.164532,41.845592],[-111.16426,41.845686],[-111.163409,41.845724],[-111.162226,41.846048],[-111.159847,41.846838],[-111.159017,41.847183],[-111.157276,41.847694],[-111.156711,41.847913],[-111.156211,41.848275],[-111.15486,41.848544],[-111.154206,41.848851],[-111.15328,41.849147],[-111.153156,41.84929],[-111.152414,41.849471],[-111.152127,41.849669],[-111.151444,41.849899],[-111.151297,41.85013]]}},{"type":"Feature","properties":{"id":"wat-b511","kind":"water","name":"Little Creek","acres":null,"editable":false,"source":"USGS 3DHP flowlines (Channel Line)"},"geometry":{"type":"LineString","coordinates":[[-111.209139,41.950383],[-111.20947,41.950213],[-111.209852,41.949686],[-111.212573,41.948659],[-111.214132,41.948181],[-111.215294,41.947966],[-111.217206,41.947142],[-111.217794,41.946703],[-111.218677,41.946362],[-111.218963,41.946175],[-111.219758,41.945944],[-111.220191,41.945543],[-111.220478,41.944665]]}},{"type":"Feature","properties":{"id":"wat-b512","kind":"water","name":"Creek","acres":null,"editable":false,"source":"USGS 3DHP flowlines (Channel Line)"},"geometry":{"type":"LineString","coordinates":[[-111.226277,42.061831],[-111.226881,42.061567],[-111.227205,42.061523],[-111.228885,42.061533],[-111.229938,42.061396],[-111.230623,42.061209],[-111.231139,42.060824]]}},{"type":"Feature","properties":{"id":"wat-b513","kind":"water","name":"Creek","acres":null,"editable":false,"source":"USGS 3DHP flowlines (Channel Line)"},"geometry":{"type":"LineString","coordinates":[[-111.212541,41.999939],[-111.21182,41.999725],[-111.210532,41.999703],[-111.209729,41.99938],[-111.209199,41.999045],[-111.209133,41.998606],[-111.208978,41.998381],[-111.208544,41.998139],[-111.207432,41.997903],[-111.207138,41.997398],[-111.207358,41.996723],[-111.207336,41.996492],[-111.208138,41.995861],[-111.208852,41.994878],[-111.210029,41.993604],[-111.210044,41.993488],[-111.210404,41.993214],[-111.210868,41.992692],[-111.211044,41.992324],[-111.211022,41.992061],[-111.211177,41.991803],[-111.211809,41.991314],[-111.213259,41.990594],[-111.214348,41.989754],[-111.215047,41.988996],[-111.215341,41.98848],[-111.215569,41.988348],[-111.215966,41.987651],[-111.216047,41.986575],[-111.215958,41.986113],[-111.216112,41.985405],[-111.216075,41.984582],[-111.216259,41.984318],[-111.216259,41.984175],[-111.215619,41.98383],[-111.215229,41.9835],[-111.215192,41.983308],[-111.214595,41.982798]]}},{"type":"Feature","properties":{"id":"wat-b514","kind":"water","name":"Creek","acres":null,"editable":false,"source":"USGS 3DHP flowlines (Channel Line)"},"geometry":{"type":"LineString","coordinates":[[-111.20209,42.104337],[-111.201463,42.104469],[-111.198469,42.10397],[-111.197909,42.104085]]}},{"type":"Feature","properties":{"id":"wat-b515","kind":"water","name":"Creek","acres":null,"editable":false,"source":"USGS 3DHP flowlines (Channel Line)"},"geometry":{"type":"LineString","coordinates":[[-111.232352,41.982462],[-111.233066,41.982682]]}},{"type":"Feature","properties":{"id":"wat-b516","kind":"water","name":"Creek","acres":null,"editable":false,"source":"USGS 3DHP flowlines (Channel Line)"},"geometry":{"type":"LineString","coordinates":[[-111.433148,41.926781],[-111.432729,41.926922],[-111.430997,41.928041],[-111.430165,41.928472],[-111.429211,41.928795],[-111.428158,41.929313],[-111.427617,41.929427],[-111.426732,41.92948],[-111.426175,41.929379],[-111.425229,41.92904],[-111.423802,41.928824],[-111.422978,41.92849],[-111.422345,41.928465]]}},{"type":"Feature","properties":{"id":"wat-b517","kind":"water","name":"Creek","acres":null,"editable":false,"source":"USGS 3DHP flowlines (Channel Line)"},"geometry":{"type":"LineString","coordinates":[[-111.423955,41.92641],[-111.423527,41.927438],[-111.422345,41.928465]]}},{"type":"Feature","properties":{"id":"wat-b518","kind":"water","name":"Creek","acres":null,"editable":false,"source":"USGS 3DHP flowlines (Channel Line)"},"geometry":{"type":"LineString","coordinates":[[-111.259201,41.857577],[-111.259759,41.857704],[-111.260574,41.857605],[-111.261007,41.857655],[-111.26324,41.858381],[-111.263716,41.859237],[-111.264796,41.859732],[-111.265603,41.860644],[-111.265962,41.861347],[-111.266916,41.862615],[-111.26743,41.863044],[-111.267569,41.86356],[-111.267833,41.864043],[-111.267745,41.864417],[-111.26853,41.865674]]}},{"type":"Feature","properties":{"id":"wat-b519","kind":"water","name":"Creek","acres":null,"editable":false,"source":"USGS 3DHP flowlines (Channel Line)"},"geometry":{"type":"LineString","coordinates":[[-111.422345,41.928465],[-111.421581,41.928567],[-111.420506,41.928868],[-111.418858,41.929721],[-111.416943,41.930448],[-111.414288,41.931949],[-111.412907,41.932949],[-111.412197,41.933303],[-111.410206,41.933688],[-111.408954,41.93408],[-111.408222,41.934393],[-111.407497,41.934517],[-111.406757,41.934497],[-111.406566,41.934566]]}},{"type":"Feature","properties":{"id":"wat-b520","kind":"water","name":"Creek","acres":null,"editable":false,"source":"USGS 3DHP flowlines (Channel Line)"},"geometry":{"type":"LineString","coordinates":[[-111.193267,42.146909],[-111.192795,42.147403],[-111.19222,42.148243],[-111.192175,42.148782],[-111.192249,42.149116],[-111.192153,42.149506],[-111.191939,42.149731],[-111.191851,42.150116],[-111.191489,42.15028],[-111.190862,42.151225],[-111.189933,42.151658],[-111.189733,42.152103],[-111.189674,42.152553],[-111.189733,42.15291],[-111.190043,42.153492],[-111.190036,42.153684],[-111.189483,42.154936],[-111.189431,42.155304],[-111.189261,42.155447],[-111.188914,42.156347],[-111.188974,42.156655],[-111.18876,42.15705],[-111.188442,42.158159],[-111.187999,42.158576],[-111.187542,42.159219],[-111.187143,42.159482],[-111.186007,42.15996],[-111.185284,42.160437],[-111.184893,42.16058],[-111.183188,42.161058],[-111.182339,42.161091],[-111.181483,42.161459],[-111.181218,42.161497],[-111.180568,42.16136],[-111.18003,42.161563],[-111.179513,42.16187],[-111.178369,42.162287],[-111.177225,42.162397],[-111.176996,42.162474],[-111.176192,42.162886],[-111.175254,42.163709],[-111.174125,42.16428],[-111.173668,42.164335],[-111.172206,42.164137],[-111.172029,42.164439],[-111.17211,42.164834],[-111.172383,42.165043],[-111.172782,42.165136],[-111.173586,42.16551],[-111.174117,42.165982],[-111.174213,42.166333],[-111.174206,42.166454],[-111.173807,42.166981],[-111.173778,42.167321],[-111.173342,42.168013],[-111.173216,42.168502],[-111.173164,42.17033],[-111.172891,42.17078],[-111.172514,42.171983],[-111.172322,42.172153],[-111.172256,42.172493],[-111.172396,42.17274],[-111.171975,42.172905],[-111.171643,42.173229],[-111.169909,42.173717],[-111.169281,42.174112],[-111.168499,42.174277],[-111.167694,42.174194],[-111.166934,42.174332],[-111.165664,42.174798],[-111.164778,42.175215]]}},{"type":"Feature","properties":{"id":"wat-b521","kind":"water","name":"Creek","acres":null,"editable":false,"source":"USGS 3DHP flowlines (Channel Line)"},"geometry":{"type":"LineString","coordinates":[[-111.228565,41.89309],[-111.227066,41.894398],[-111.225737,41.89582],[-111.225311,41.89694],[-111.224783,41.897852],[-111.22313,41.899544],[-111.222741,41.900334],[-111.222315,41.900894],[-111.221661,41.901526],[-111.221287,41.901762]]}},{"type":"Feature","properties":{"id":"wat-b522","kind":"water","name":"Creek","acres":null,"editable":false,"source":"USGS 3DHP flowlines (Channel Line)"},"geometry":{"type":"LineString","coordinates":[[-111.245286,41.987277],[-111.245573,41.98754],[-111.246037,41.987667]]}},{"type":"Feature","properties":{"id":"wat-b523","kind":"water","name":"Creek","acres":null,"editable":false,"source":"USGS 3DHP flowlines (Channel Line)"},"geometry":{"type":"LineString","coordinates":[[-111.179858,41.94948],[-111.179645,41.949908],[-111.179902,41.950506],[-111.179726,41.950935]]}},{"type":"Feature","properties":{"id":"wat-b524","kind":"water","name":"Creek","acres":null,"editable":false,"source":"USGS 3DHP flowlines (Channel Line)"},"geometry":{"type":"LineString","coordinates":[[-111.239573,42.14088],[-111.239692,42.142044],[-111.239635,42.143751],[-111.239753,42.144372],[-111.239717,42.144789],[-111.238871,42.148138],[-111.238569,42.1486],[-111.238414,42.149039],[-111.238283,42.150247],[-111.237252,42.152981],[-111.236964,42.153382],[-111.237001,42.153596]]}},{"type":"Feature","properties":{"id":"wat-b525","kind":"water","name":"Creek","acres":null,"editable":false,"source":"USGS 3DHP flowlines (Channel Line)"},"geometry":{"type":"LineString","coordinates":[[-111.374155,42.149866],[-111.373173,42.149175],[-111.372479,42.148939],[-111.371755,42.14852]]}},{"type":"Feature","properties":{"id":"wat-b526","kind":"water","name":"Saint Charles Creek","acres":null,"editable":false,"source":"USGS 3DHP flowlines (Channel Line)"},"geometry":{"type":"LineString","coordinates":[[-111.41398,42.121246],[-111.414201,42.121208],[-111.414297,42.121104]]}},{"type":"Feature","properties":{"id":"wat-b527","kind":"water","name":"Saint Charles Creek","acres":null,"editable":false,"source":"USGS 3DHP flowlines (Channel Line)"},"geometry":{"type":"LineString","coordinates":[[-111.414757,42.121357],[-111.414113,42.121449],[-111.413983,42.121369],[-111.41398,42.121246]]}},{"type":"Feature","properties":{"id":"wat-b528","kind":"water","name":"Creek","acres":null,"editable":false,"source":"USGS 3DHP flowlines (Channel Line)"},"geometry":{"type":"LineString","coordinates":[[-111.217367,41.863121],[-111.216449,41.862902],[-111.215611,41.862534],[-111.215163,41.86221],[-111.21456,41.861931],[-111.214076,41.861536]]}},{"type":"Feature","properties":{"id":"wat-b529","kind":"water","name":"Creek","acres":null,"editable":false,"source":"USGS 3DHP flowlines (Channel Line)"},"geometry":{"type":"LineString","coordinates":[[-111.196207,41.996472],[-111.197363,41.994572],[-111.198849,41.992897],[-111.19918,41.992376],[-111.199967,41.991684],[-111.200277,41.990981],[-111.20088,41.990069],[-111.201049,41.989169],[-111.201439,41.988406],[-111.202049,41.98554]]}},{"type":"Feature","properties":{"id":"wat-b530","kind":"water","name":"Creek","acres":null,"editable":false,"source":"USGS 3DHP flowlines (Channel Line)"},"geometry":{"type":"LineString","coordinates":[[-111.401418,42.09985],[-111.40106,42.10015],[-111.400588,42.10032],[-111.40022,42.100562],[-111.399195,42.100935],[-111.397904,42.101237],[-111.397042,42.101269]]}},{"type":"Feature","properties":{"id":"wat-b531","kind":"water","name":"Creek","acres":null,"editable":false,"source":"USGS 3DHP flowlines (Channel Line)"},"geometry":{"type":"LineString","coordinates":[[-111.377483,42.130629],[-111.377956,42.130333],[-111.37845,42.129888],[-111.379108,42.129038],[-111.379455,42.128181],[-111.379943,42.127402],[-111.381522,42.125942],[-111.382142,42.125163]]}},{"type":"Feature","properties":{"id":"wat-b532","kind":"water","name":"Sixmile Creek","acres":null,"editable":false,"source":"USGS 3DHP flowlines (Channel Line)"},"geometry":{"type":"LineString","coordinates":[[-111.151297,41.85013],[-111.151106,41.850163],[-111.150827,41.85008],[-111.150306,41.850283],[-111.149961,41.85025],[-111.149872,41.850541],[-111.149549,41.850497],[-111.149366,41.85064],[-111.148925,41.850722],[-111.14833,41.850733],[-111.14797,41.850617],[-111.147654,41.850667],[-111.147559,41.850798],[-111.147052,41.850864],[-111.146942,41.850979]]}},{"type":"Feature","properties":{"id":"wat-b533","kind":"water","name":"Creek","acres":null,"editable":false,"source":"USGS 3DHP flowlines (Channel Line)"},"geometry":{"type":"LineString","coordinates":[[-111.243406,42.110341],[-111.243811,42.109699],[-111.244245,42.109386],[-111.244945,42.108573],[-111.245394,42.107546],[-111.245401,42.10675],[-111.245533,42.106288],[-111.245415,42.105811],[-111.245451,42.105635],[-111.245775,42.105377],[-111.245842,42.105207],[-111.245782,42.104795],[-111.246032,42.104334],[-111.245936,42.103944],[-111.24612,42.103307],[-111.246532,42.10278],[-111.246628,42.102423],[-111.24704,42.101846],[-111.247217,42.101407],[-111.247209,42.100852],[-111.247459,42.099792],[-111.247296,42.099282],[-111.247509,42.098552],[-111.247486,42.098123],[-111.247648,42.097514],[-111.247589,42.096954],[-111.247728,42.096416],[-111.24814,42.095482],[-111.248619,42.095037],[-111.248817,42.094658],[-111.249149,42.094312]]}},{"type":"Feature","properties":{"id":"wat-b534","kind":"water","name":"Creek","acres":null,"editable":false,"source":"USGS 3DHP flowlines (Channel Line)"},"geometry":{"type":"LineString","coordinates":[[-111.439237,41.959731],[-111.439078,41.959305],[-111.438844,41.959064],[-111.437584,41.958154],[-111.437198,41.957983],[-111.436741,41.957913],[-111.434527,41.957983],[-111.432118,41.958551],[-111.429898,41.958843],[-111.428972,41.959139],[-111.428612,41.959178],[-111.426779,41.959155],[-111.42545,41.958976],[-111.424132,41.958926],[-111.423382,41.958989]]}},{"type":"Feature","properties":{"id":"wat-b535","kind":"water","name":"Creek","acres":null,"editable":false,"source":"USGS 3DHP flowlines (Channel Line)"},"geometry":{"type":"LineString","coordinates":[[-111.180616,41.944472],[-111.180116,41.945439],[-111.180145,41.946608],[-111.180315,41.947064],[-111.180211,41.947651],[-111.180403,41.948014],[-111.180388,41.948475],[-111.180314,41.948782],[-111.180035,41.949095],[-111.179858,41.94948]]}},{"type":"Feature","properties":{"id":"wat-b536","kind":"water","name":"Creek","acres":null,"editable":false,"source":"USGS 3DHP flowlines (Channel Line)"},"geometry":{"type":"LineString","coordinates":[[-111.168072,41.98476],[-111.169477,41.985358],[-111.170088,41.985369],[-111.170669,41.985534],[-111.171854,41.986155],[-111.175188,41.987248],[-111.176394,41.987814],[-111.177321,41.98861],[-111.178366,41.989131],[-111.178992,41.989603],[-111.179536,41.990394]]}},{"type":"Feature","properties":{"id":"wat-b537","kind":"water","name":"Creek","acres":null,"editable":false,"source":"USGS 3DHP flowlines (Channel Line)"},"geometry":{"type":"LineString","coordinates":[[-111.199264,42.051877],[-111.198512,42.052624],[-111.197739,42.052608],[-111.197452,42.052674],[-111.196973,42.053212],[-111.196715,42.053366],[-111.194284,42.054019],[-111.194085,42.054162],[-111.193533,42.054931],[-111.19287,42.055227],[-111.19242,42.055567],[-111.191109,42.056248],[-111.190468,42.056506],[-111.189856,42.056649],[-111.189407,42.056907],[-111.188516,42.058104]]}},{"type":"Feature","properties":{"id":"wat-b538","kind":"water","name":"Creek","acres":null,"editable":false,"source":"USGS 3DHP flowlines (Channel Line)"},"geometry":{"type":"LineString","coordinates":[[-111.267844,41.879878],[-111.269093,41.879269],[-111.269754,41.879061],[-111.270452,41.878946],[-111.272443,41.878913],[-111.273222,41.878765],[-111.274545,41.878354],[-111.275147,41.878299],[-111.275779,41.878354],[-111.277491,41.878207],[-111.278329,41.878207],[-111.27968,41.878053],[-111.280709,41.878213],[-111.281341,41.878021],[-111.281664,41.878026],[-111.281929,41.877829],[-111.282208,41.877747],[-111.283259,41.876149],[-111.284009,41.875545],[-111.285508,41.875529],[-111.287007,41.874799]]}},{"type":"Feature","properties":{"id":"wat-b539","kind":"water","name":"Creek","acres":null,"editable":false,"source":"USGS 3DHP flowlines (Channel Line)"},"geometry":{"type":"LineString","coordinates":[[-111.23369,41.918191],[-111.233961,41.917911],[-111.23427,41.917998],[-111.234954,41.91802],[-111.235777,41.917405],[-111.236196,41.917405]]}},{"type":"Feature","properties":{"id":"wat-b540","kind":"water","name":"Creek","acres":null,"editable":false,"source":"USGS 3DHP flowlines (Channel Line)"},"geometry":{"type":"LineString","coordinates":[[-111.393611,41.883655],[-111.393871,41.884186],[-111.393886,41.88465],[-111.393672,41.885105],[-111.393046,41.885833],[-111.391612,41.886815],[-111.390254,41.887432]]}},{"type":"Feature","properties":{"id":"wat-b541","kind":"water","name":"Sixmile Creek","acres":null,"editable":false,"source":"USGS 3DHP flowlines (Channel Line)"},"geometry":{"type":"LineString","coordinates":[[-111.162555,41.851308],[-111.162437,41.851154],[-111.162107,41.851176],[-111.162063,41.851088],[-111.161901,41.85106],[-111.161879,41.850951],[-111.161651,41.850956],[-111.161504,41.851038],[-111.161299,41.850945],[-111.161196,41.851005],[-111.161189,41.851159],[-111.161101,41.851159],[-111.16077,41.851055],[-111.160469,41.851082],[-111.160337,41.850934],[-111.160117,41.850912],[-111.159911,41.850747],[-111.15958,41.850763],[-111.159434,41.850857],[-111.159316,41.85084],[-111.159206,41.850708],[-111.158876,41.85078],[-111.158597,41.850664],[-111.158501,41.850774],[-111.158082,41.850878],[-111.157957,41.851015],[-111.157737,41.850988],[-111.157245,41.851251],[-111.157032,41.851273],[-111.156981,41.851515],[-111.156797,41.851564],[-111.156547,41.851301],[-111.156408,41.851262],[-111.156121,41.851323],[-111.155644,41.850922],[-111.155402,41.851004],[-111.155152,41.850905],[-111.154968,41.851031],[-111.154836,41.850894],[-111.154447,41.850795],[-111.154264,41.850641],[-111.153405,41.850295],[-111.152788,41.85018],[-111.152663,41.850048],[-111.152362,41.850141],[-111.151297,41.85013]]}},{"type":"Feature","properties":{"id":"wat-b542","kind":"water","name":"Creek","acres":null,"editable":false,"source":"USGS 3DHP flowlines (Channel Line)"},"geometry":{"type":"LineString","coordinates":[[-111.245794,41.881031],[-111.245934,41.881833],[-111.246302,41.882645],[-111.246413,41.883809],[-111.246877,41.884599],[-111.247421,41.885175],[-111.247554,41.885417],[-111.247532,41.885637],[-111.246974,41.886812],[-111.245741,41.887773],[-111.245447,41.887807],[-111.244793,41.888125],[-111.244536,41.888384]]}},{"type":"Feature","properties":{"id":"wat-b543","kind":"water","name":"Creek","acres":null,"editable":false,"source":"USGS 3DHP flowlines (Channel Line)"},"geometry":{"type":"LineString","coordinates":[[-111.229886,41.902286],[-111.229284,41.902814],[-111.228468,41.903242],[-111.227175,41.90355],[-111.226028,41.903655],[-111.225786,41.903748],[-111.225139,41.904265],[-111.224867,41.904655],[-111.224684,41.905324],[-111.223928,41.906395],[-111.223347,41.906912],[-111.223134,41.907565],[-111.223157,41.907801],[-111.223569,41.908515],[-111.224341,41.909398],[-111.224393,41.909602],[-111.22446,41.911781],[-111.224637,41.912545],[-111.224667,41.913604],[-111.224263,41.914417],[-111.223036,41.915795],[-111.222625,41.916399],[-111.222581,41.917207]]}},{"type":"Feature","properties":{"id":"wat-b544","kind":"water","name":"Spring Creek","acres":null,"editable":false,"source":"USGS 3DHP flowlines (Channel Line)"},"geometry":{"type":"LineString","coordinates":[[-111.336129,42.122881],[-111.336099,42.12257]]}},{"type":"Feature","properties":{"id":"wat-b545","kind":"water","name":"Creek","acres":null,"editable":false,"source":"USGS 3DHP flowlines (Channel Line)"},"geometry":{"type":"LineString","coordinates":[[-111.444059,41.87999],[-111.442029,41.879592],[-111.440686,41.879161],[-111.439939,41.878659],[-111.439107,41.878649],[-111.436368,41.876984]]}},{"type":"Feature","properties":{"id":"wat-b546","kind":"water","name":"Creek","acres":null,"editable":false,"source":"USGS 3DHP flowlines (Channel Line)"},"geometry":{"type":"LineString","coordinates":[[-111.190964,41.933722],[-111.190258,41.933162],[-111.18975,41.932602],[-111.188353,41.931746],[-111.188169,41.931383],[-111.188111,41.930933],[-111.188449,41.930428],[-111.188875,41.929472],[-111.189486,41.928803],[-111.189963,41.92793],[-111.190022,41.927743],[-111.18989,41.926853],[-111.190052,41.926068],[-111.191617,41.923889],[-111.192103,41.922576],[-111.192654,41.921615],[-111.193169,41.921286]]}}]}